2026-06-20 22:22:38
20260620 224153.327 INFO             PET0 !!!!!!!!!!!!!!!!!!!!!!!!!!!!!!!!!!!!!!!!!!!!!!!!!!!!!!
20260620 224153.327 INFO             PET0 !!! THE ESMF_LOG IS SET TO OUTPUT ALL LOG MESSAGES !!!
20260620 224153.327 INFO             PET0 !!!     THIS MAY CAUSE SLOWDOWN IN PERFORMANCE     !!!
20260620 224153.327 INFO             PET0 !!! FOR PRODUCTION RUNS, USE:                      !!!
20260620 224153.327 INFO             PET0 !!!                   ESMF_LOGKIND_Multi_On_Error  !!!
20260620 224153.327 INFO             PET0 !!!!!!!!!!!!!!!!!!!!!!!!!!!!!!!!!!!!!!!!!!!!!!!!!!!!!!
20260620 224153.327 INFO             PET0 Running with ESMF Version   : feature/refresh-bmauer-c_dynmask_interface+gd740766d08
20260620 224153.327 INFO             PET0 ESMF library build date/time: "Jun 20 2026" "22:21:40"
20260620 224153.327 INFO             PET0 ESMF library build location : /usr/local/esmf/esmf-testing/nag_7.2.44_openmpi_g_feature_refresh-bmauer-c_dynmask_interface/esmf
20260620 224153.327 INFO             PET0 ESMF_COMM                   : openmpi
20260620 224153.327 INFO             PET0 ESMF_MOAB                   : enabled
20260620 224153.327 INFO             PET0 ESMF_LAPACK                 : enabled
20260620 224153.327 INFO             PET0 ESMF_NETCDF                 : enabled
20260620 224153.327 INFO             PET0 ESMF_PNETCDF                : disabled
20260620 224153.327 INFO             PET0 ESMF_PIO                    : enabled
20260620 224153.327 INFO             PET0 ESMF_YAMLCPP                : enabled
20260620 224153.327 INFO             PET0 esmApp STARTING
20260620 224153.333 INFO             PET0 esm: InitializeGeneric intro.
20260620 224153.333 INFO             PET0   esm: InitializeGeneric intro {IS}:--- StateLog() start -----------------
20260620 224153.333 INFO             PET0   esm: InitializeGeneric intro {IS}:State object is invalid! Not created or deleted!
20260620 224153.333 INFO             PET0   esm: InitializeGeneric intro {IS}:--- StateLog() end -------------------
20260620 224153.333 INFO             PET0   esm: InitializeGeneric intro {ES}:--- StateLog() start -----------------
20260620 224153.333 INFO             PET0   esm: InitializeGeneric intro {ES}:State object is invalid! Not created or deleted!
20260620 224153.333 INFO             PET0   esm: InitializeGeneric intro {ES}:--- StateLog() end -------------------
20260620 224153.333 INFO             PET0   >>>esm: entered Initialize (phase=<none>) without valid internal Clock.
20260620 224153.333 INFO             PET0   esm: InitializeP0 intro.
20260620 224153.333 INFO             PET0     esm: InitializeP0 intro {IS}:--- StateLog() start -----------------
20260620 224153.334 INFO             PET0     esm: InitializeP0 intro {IS}:State object is invalid! Not created or deleted!
20260620 224153.334 INFO             PET0     esm: InitializeP0 intro {IS}:--- StateLog() end -------------------
20260620 224153.334 INFO             PET0     esm: InitializeP0 intro {ES}:--- StateLog() start -----------------
20260620 224153.334 INFO             PET0     esm: InitializeP0 intro {ES}:State object is invalid! Not created or deleted!
20260620 224153.334 INFO             PET0     esm: InitializeP0 intro {ES}:--- StateLog() end -------------------
20260620 224153.334 INFO             PET0     >>>esm: entered Initialize (phase=<none>) without valid internal Clock.
20260620 224153.334 INFO             PET0     <<<esm: leaving Initialize (phase=<none>) without valid internal Clock.
20260620 224153.334 INFO             PET0     esm: InitializeP0 extro {IS}:--- StateLog() start -----------------
20260620 224153.334 INFO             PET0     esm: InitializeP0 extro {IS}:State object is invalid! Not created or deleted!
20260620 224153.334 INFO             PET0     esm: InitializeP0 extro {IS}:--- StateLog() end -------------------
20260620 224153.334 INFO             PET0     esm: InitializeP0 extro {ES}:--- StateLog() start -----------------
20260620 224153.334 INFO             PET0     esm: InitializeP0 extro {ES}:State object is invalid! Not created or deleted!
20260620 224153.334 INFO             PET0     esm: InitializeP0 extro {ES}:--- StateLog() end -------------------
20260620 224153.334 INFO             PET0   esm: InitializeP0 extro.
20260620 224153.334 INFO             PET0   esm: InitializeIPDv02p1 intro.
20260620 224153.334 INFO             PET0     esm: InitializeIPDv02p1 intro {IS}:--- StateLog() start -----------------
20260620 224153.334 INFO             PET0     esm: InitializeIPDv02p1 intro {IS}:State object is invalid! Not created or deleted!
20260620 224153.334 INFO             PET0     esm: InitializeIPDv02p1 intro {IS}:--- StateLog() end -------------------
20260620 224153.334 INFO             PET0     esm: InitializeIPDv02p1 intro {ES}:--- StateLog() start -----------------
20260620 224153.334 INFO             PET0     esm: InitializeIPDv02p1 intro {ES}:State object is invalid! Not created or deleted!
20260620 224153.334 INFO             PET0     esm: InitializeIPDv02p1 intro {ES}:--- StateLog() end -------------------
20260620 224153.334 INFO             PET0     >>>esm: entered Initialize (phase=<none>) without valid internal Clock.
20260620 224153.334 INFO             PET0     esm - Creating model component ATM with petList of size 2 :
20260620 224153.334 INFO             PET0           0      1
20260620 224153.335 INFO             PET0     esm - Creating model component OCN with petList of size 2 :
20260620 224153.335 INFO             PET0           2      3
20260620 224153.335 INFO             PET0     esm - Creating connector component ATM-TO-OCN with petList of size 4 :
20260620 224153.335 INFO             PET0           0      1      2      3
20260620 224153.339 INFO             PET0     esm - Creating connector component OCN-TO-ATM with petList of size 4 :
20260620 224153.339 INFO             PET0           2      3      0      1
20260620 224153.341 INFO             PET0     esm - Creating state: modelComp 1 Import State
20260620 224153.341 INFO             PET0     esm - Creating state: modelComp 1 Export State
20260620 224153.342 INFO             PET0     esm - Creating state: modelComp 2 Import State
20260620 224153.342 INFO             PET0     esm - Creating state: modelComp 2 Export State
20260620 224153.343 INFO             PET0     ATM: InitializeP0 intro.
20260620 224153.343 INFO             PET0       ATM: InitializeP0 intro {IS}:--- StateLog() start -----------------
20260620 224153.343 INFO             PET0       ATM: InitializeP0 intro {IS}:<name: ATM-ImportState> <intent: ESMF_STATEINTENT_IMPORT> <itemCount:    0>
20260620 224153.343 INFO             PET0       ATM: InitializeP0 intro {IS}:--- StateLog() end -------------------
20260620 224153.343 INFO             PET0       ATM: InitializeP0 intro {ES}:--- StateLog() start -----------------
20260620 224153.343 INFO             PET0       ATM: InitializeP0 intro {ES}:<name: ATM-ExportState> <intent: ESMF_STATEINTENT_EXPORT> <itemCount:    0>
20260620 224153.343 INFO             PET0       ATM: InitializeP0 intro {ES}:--- StateLog() end -------------------
20260620 224153.343 INFO             PET0       >>>ATM: entered Initialize (phase=<none>) without valid internal Clock.
20260620 224153.343 INFO             PET0       <<<ATM: leaving Initialize (phase=<none>) without valid internal Clock.
20260620 224153.343 INFO             PET0       ATM: InitializeP0 extro {IS}:--- StateLog() start -----------------
20260620 224153.343 INFO             PET0       ATM: InitializeP0 extro {IS}:<name: ATM-ImportState> <intent: ESMF_STATEINTENT_IMPORT> <itemCount:    0>
20260620 224153.343 INFO             PET0       ATM: InitializeP0 extro {IS}:--- StateLog() end -------------------
20260620 224153.343 INFO             PET0       ATM: InitializeP0 extro {ES}:--- StateLog() start -----------------
20260620 224153.343 INFO             PET0       ATM: InitializeP0 extro {ES}:<name: ATM-ExportState> <intent: ESMF_STATEINTENT_EXPORT> <itemCount:    0>
20260620 224153.343 INFO             PET0       ATM: InitializeP0 extro {ES}:--- StateLog() end -------------------
20260620 224153.343 INFO             PET0     ATM: InitializeP0 extro.
20260620 224153.344 INFO             PET0     ATM-TO-OCN: InitializeP0 intro.
20260620 224153.344 INFO             PET0       ATM-TO-OCN: InitializeP0 intro {IS}:--- StateLog() start -----------------
20260620 224153.344 INFO             PET0       ATM-TO-OCN: InitializeP0 intro {IS}:<name: ATM-ExportState> <intent: ESMF_STATEINTENT_EXPORT> <itemCount:    0>
20260620 224153.344 INFO             PET0       ATM-TO-OCN: InitializeP0 intro {IS}:--- StateLog() end -------------------
20260620 224153.344 INFO             PET0       ATM-TO-OCN: InitializeP0 intro {ES}:--- StateLog() start -----------------
20260620 224153.344 INFO             PET0       ATM-TO-OCN: InitializeP0 intro {ES}:<name: OCN-ImportState> <intent: ESMF_STATEINTENT_IMPORT> <itemCount:    0>
20260620 224153.344 INFO             PET0       ATM-TO-OCN: InitializeP0 intro {ES}:--- StateLog() end -------------------
20260620 224153.345 INFO             PET0       ATM-TO-OCN: InitializeP0 extro {IS}:--- StateLog() start -----------------
20260620 224153.345 INFO             PET0       ATM-TO-OCN: InitializeP0 extro {IS}:<name: ATM-ExportState> <intent: ESMF_STATEINTENT_EXPORT> <itemCount:    0>
20260620 224153.345 INFO             PET0       ATM-TO-OCN: InitializeP0 extro {IS}:--- StateLog() end -------------------
20260620 224153.345 INFO             PET0       ATM-TO-OCN: InitializeP0 extro {ES}:--- StateLog() start -----------------
20260620 224153.345 INFO             PET0       ATM-TO-OCN: InitializeP0 extro {ES}:<name: OCN-ImportState> <intent: ESMF_STATEINTENT_IMPORT> <itemCount:    0>
20260620 224153.345 INFO             PET0       ATM-TO-OCN: InitializeP0 extro {ES}:--- StateLog() end -------------------
20260620 224153.345 INFO             PET0     ATM-TO-OCN: InitializeP0 extro.
20260620 224153.345 INFO             PET0     OCN-TO-ATM: InitializeP0 intro.
20260620 224153.345 INFO             PET0       OCN-TO-ATM: InitializeP0 intro {IS}:--- StateLog() start -----------------
20260620 224153.345 INFO             PET0       OCN-TO-ATM: InitializeP0 intro {IS}:<name: OCN-ExportState> <intent: ESMF_STATEINTENT_EXPORT> <itemCount:    0>
20260620 224153.345 INFO             PET0       OCN-TO-ATM: InitializeP0 intro {IS}:--- StateLog() end -------------------
20260620 224153.345 INFO             PET0       OCN-TO-ATM: InitializeP0 intro {ES}:--- StateLog() start -----------------
20260620 224153.345 INFO             PET0       OCN-TO-ATM: InitializeP0 intro {ES}:<name: ATM-ImportState> <intent: ESMF_STATEINTENT_IMPORT> <itemCount:    0>
20260620 224153.345 INFO             PET0       OCN-TO-ATM: InitializeP0 intro {ES}:--- StateLog() end -------------------
20260620 224153.345 INFO             PET0       OCN-TO-ATM: InitializeP0 extro {IS}:--- StateLog() start -----------------
20260620 224153.345 INFO             PET0       OCN-TO-ATM: InitializeP0 extro {IS}:<name: OCN-ExportState> <intent: ESMF_STATEINTENT_EXPORT> <itemCount:    0>
20260620 224153.345 INFO             PET0       OCN-TO-ATM: InitializeP0 extro {IS}:--- StateLog() end -------------------
20260620 224153.345 INFO             PET0       OCN-TO-ATM: InitializeP0 extro {ES}:--- StateLog() start -----------------
20260620 224153.345 INFO             PET0       OCN-TO-ATM: InitializeP0 extro {ES}:<name: ATM-ImportState> <intent: ESMF_STATEINTENT_IMPORT> <itemCount:    0>
20260620 224153.345 INFO             PET0       OCN-TO-ATM: InitializeP0 extro {ES}:--- StateLog() end -------------------
20260620 224153.345 INFO             PET0     OCN-TO-ATM: InitializeP0 extro.
20260620 224153.346 INFO             PET0     esm: IInitAdvertise intro.
20260620 224153.346 INFO             PET0       esm: IInitAdvertise intro {IS}:--- StateLog() start -----------------
20260620 224153.346 INFO             PET0       esm: IInitAdvertise intro {IS}:State object is invalid! Not created or deleted!
20260620 224153.346 INFO             PET0       esm: IInitAdvertise intro {IS}:--- StateLog() end -------------------
20260620 224153.346 INFO             PET0       esm: IInitAdvertise intro {ES}:--- StateLog() start -----------------
20260620 224153.346 INFO             PET0       esm: IInitAdvertise intro {ES}:State object is invalid! Not created or deleted!
20260620 224153.346 INFO             PET0       esm: IInitAdvertise intro {ES}:--- StateLog() end -------------------
20260620 224153.346 INFO             PET0       >>>esm: entered Initialize (phase=<none>) with current time: 2010  6  1  0  0  0   0
20260620 224153.346 INFO             PET0       <<<esm: leaving Initialize (phase=<none>) with current time: 2010  6  1  0  0  0   0
20260620 224153.346 INFO             PET0       esm: IInitAdvertise extro {IS}:--- StateLog() start -----------------
20260620 224153.346 INFO             PET0       esm: IInitAdvertise extro {IS}:State object is invalid! Not created or deleted!
20260620 224153.346 INFO             PET0       esm: IInitAdvertise extro {IS}:--- StateLog() end -------------------
20260620 224153.346 INFO             PET0       esm: IInitAdvertise extro {ES}:--- StateLog() start -----------------
20260620 224153.346 INFO             PET0       esm: IInitAdvertise extro {ES}:State object is invalid! Not created or deleted!
20260620 224153.346 INFO             PET0       esm: IInitAdvertise extro {ES}:--- StateLog() end -------------------
20260620 224153.346 INFO             PET0     esm: IInitAdvertise extro.
20260620 224153.347 INFO             PET0     ATM: InitializeIPDvXp01 intro.
20260620 224153.347 INFO             PET0       ATM: InitializeIPDvXp01 intro {IS}:--- StateLog() start -----------------
20260620 224153.347 INFO             PET0       ATM: InitializeIPDvXp01 intro {IS}:<name: ATM-ImportState> <intent: ESMF_STATEINTENT_IMPORT> <itemCount:    0>
20260620 224153.347 INFO             PET0       ATM: InitializeIPDvXp01 intro {IS}:--- StateLog() end -------------------
20260620 224153.347 INFO             PET0       ATM: InitializeIPDvXp01 intro {ES}:--- StateLog() start -----------------
20260620 224153.347 INFO             PET0       ATM: InitializeIPDvXp01 intro {ES}:<name: ATM-ExportState> <intent: ESMF_STATEINTENT_EXPORT> <itemCount:    0>
20260620 224153.347 INFO             PET0       ATM: InitializeIPDvXp01 intro {ES}:--- StateLog() end -------------------
20260620 224153.347 INFO             PET0       >>>ATM: entered Initialize (phase=IPDvXp01) without valid internal Clock.
20260620 224153.347 INFO             PET0       <<<ATM: leaving Initialize (phase=IPDvXp01) without valid internal Clock.
20260620 224153.347 INFO             PET0       ATM: InitializeIPDvXp01 extro {IS}:--- StateLog() start -----------------
20260620 224153.347 INFO             PET0       ATM: InitializeIPDvXp01 extro {IS}:<name: ATM-ImportState> <intent: ESMF_STATEINTENT_IMPORT> <itemCount:    0>
20260620 224153.347 INFO             PET0       ATM: InitializeIPDvXp01 extro {IS}:--- StateLog() end -------------------
20260620 224153.347 INFO             PET0       ATM: InitializeIPDvXp01 extro {ES}:--- StateLog() start -----------------
20260620 224153.347 INFO             PET0       ATM: InitializeIPDvXp01 extro {ES}:<name: ATM-ExportState> <intent: ESMF_STATEINTENT_EXPORT> <itemCount:    0>
20260620 224153.347 INFO             PET0       ATM: InitializeIPDvXp01 extro {ES}:--- StateLog() end -------------------
20260620 224153.347 INFO             PET0     ATM: InitializeIPDvXp01 extro.
20260620 224153.349 INFO             PET0     ATM-TO-OCN: InitializeIPDv05p1 intro.
20260620 224153.349 INFO             PET0       ATM-TO-OCN: InitializeIPDv05p1 intro {IS}:--- StateLog() start -----------------
20260620 224153.349 INFO             PET0       ATM-TO-OCN: InitializeIPDv05p1 intro {IS}:<name: ATM-ExportState> <intent: ESMF_STATEINTENT_EXPORT> <itemCount:    0>
20260620 224153.349 INFO             PET0       ATM-TO-OCN: InitializeIPDv05p1 intro {IS}:--- StateLog() end -------------------
20260620 224153.349 INFO             PET0       ATM-TO-OCN: InitializeIPDv05p1 intro {ES}:--- StateLog() start -----------------
20260620 224153.349 INFO             PET0       ATM-TO-OCN: InitializeIPDv05p1 intro {ES}:<name: OCN-ImportState> <intent: ESMF_STATEINTENT_IMPORT> <itemCount:    0>
20260620 224153.349 INFO             PET0       ATM-TO-OCN: InitializeIPDv05p1 intro {ES}:--- StateLog() end -------------------
20260620 224153.349 INFO             PET0       ATM-TO-OCN: importState FieldTransferPolicy = transferNone
20260620 224153.349 INFO             PET0       ATM-TO-OCN: exportState FieldTransferPolicy = transferNone
20260620 224153.349 INFO             PET0       ATM-TO-OCN: InitializeIPDv05p1 extro {IS}:--- StateLog() start -----------------
20260620 224153.349 INFO             PET0       ATM-TO-OCN: InitializeIPDv05p1 extro {IS}:<name: ATM-ExportState> <intent: ESMF_STATEINTENT_EXPORT> <itemCount:    0>
20260620 224153.349 INFO             PET0       ATM-TO-OCN: InitializeIPDv05p1 extro {IS}:--- StateLog() end -------------------
20260620 224153.349 INFO             PET0       ATM-TO-OCN: InitializeIPDv05p1 extro {ES}:--- StateLog() start -----------------
20260620 224153.349 INFO             PET0       ATM-TO-OCN: InitializeIPDv05p1 extro {ES}:<name: OCN-ImportState> <intent: ESMF_STATEINTENT_IMPORT> <itemCount:    0>
20260620 224153.349 INFO             PET0       ATM-TO-OCN: InitializeIPDv05p1 extro {ES}:--- StateLog() end -------------------
20260620 224153.349 INFO             PET0     ATM-TO-OCN: InitializeIPDv05p1 extro.
20260620 224153.349 INFO             PET0     OCN-TO-ATM: InitializeIPDv05p1 intro.
20260620 224153.349 INFO             PET0       OCN-TO-ATM: InitializeIPDv05p1 intro {IS}:--- StateLog() start -----------------
20260620 224153.349 INFO             PET0       OCN-TO-ATM: InitializeIPDv05p1 intro {IS}:<name: OCN-ExportState> <intent: ESMF_STATEINTENT_EXPORT> <itemCount:    0>
20260620 224153.349 INFO             PET0       OCN-TO-ATM: InitializeIPDv05p1 intro {IS}:--- StateLog() end -------------------
20260620 224153.349 INFO             PET0       OCN-TO-ATM: InitializeIPDv05p1 intro {ES}:--- StateLog() start -----------------
20260620 224153.349 INFO             PET0       OCN-TO-ATM: InitializeIPDv05p1 intro {ES}:<name: ATM-ImportState> <intent: ESMF_STATEINTENT_IMPORT> <itemCount:    0>
20260620 224153.349 INFO             PET0       OCN-TO-ATM: InitializeIPDv05p1 intro {ES}:--- StateLog() end -------------------
20260620 224153.350 INFO             PET0       OCN-TO-ATM: importState FieldTransferPolicy = transferNone
20260620 224153.350 INFO             PET0       OCN-TO-ATM: exportState FieldTransferPolicy = transferAllWithNamespace
20260620 224153.350 INFO             PET0       OCN-TO-ATM: mirroring: sea_surface_temperature into acceptorState: ATM-ImportState-namespace:OCN
20260620 224153.351 INFO             PET0       OCN-TO-ATM: InitializeIPDv05p1 extro {IS}:--- StateLog() start -----------------
20260620 224153.351 INFO             PET0       OCN-TO-ATM: InitializeIPDv05p1 extro {IS}:<name: OCN-ExportState> <intent: ESMF_STATEINTENT_EXPORT> <itemCount:    1>
20260620 224153.351 INFO             PET0       OCN-TO-ATM: InitializeIPDv05p1 extro {IS}:+-<item: 0001> <itemType: Field> <itemName: sst>
20260620 224153.351 INFO             PET0       OCN-TO-ATM: InitializeIPDv05p1 extro {IS}:!--- FieldLog() start -----------------
20260620 224153.351 INFO             PET0       OCN-TO-ATM: InitializeIPDv05p1 extro {IS}:! <name: sst> <fieldStatus: ESMF_FIELDSTATUS_EMPTY>
20260620 224153.351 INFO             PET0       OCN-TO-ATM: InitializeIPDv05p1 extro {IS}:! 0x16b684df8 => 0x106578ca0 => 0x14771bf60
20260620 224153.351 INFO             PET0       OCN-TO-ATM: InitializeIPDv05p1 extro {IS}:!--- FieldLog() end -------------------
20260620 224153.351 INFO             PET0       OCN-TO-ATM: InitializeIPDv05p1 extro {IS}:--- StateLog() end -------------------
20260620 224153.351 INFO             PET0       OCN-TO-ATM: InitializeIPDv05p1 extro {ES}:--- StateLog() start -----------------
20260620 224153.351 INFO             PET0       OCN-TO-ATM: InitializeIPDv05p1 extro {ES}:<name: ATM-ImportState> <intent: ESMF_STATEINTENT_IMPORT> <itemCount:    1>
20260620 224153.351 INFO             PET0       OCN-TO-ATM: InitializeIPDv05p1 extro {ES}:+-<item: 0001> <itemType: State> <itemName: ATM-ImportState-namespace:OCN>
20260620 224153.351 INFO             PET0       OCN-TO-ATM: InitializeIPDv05p1 extro {ES}:! <name: ATM-ImportState-namespace:OCN> <intent: ESMF_STATEINTENT_IMPORT> <itemCount:    1>
20260620 224153.351 INFO             PET0       OCN-TO-ATM: InitializeIPDv05p1 extro {ES}:! +-<item: 0001> <itemType: Field> <itemName: sea_surface_temperature>
20260620 224153.351 INFO             PET0       OCN-TO-ATM: InitializeIPDv05p1 extro {ES}:! !--- FieldLog() start -----------------
20260620 224153.351 INFO             PET0       OCN-TO-ATM: InitializeIPDv05p1 extro {ES}:! ! <name: sea_surface_temperature> <fieldStatus: ESMF_FIELDSTATUS_EMPTY>
20260620 224153.351 INFO             PET0       OCN-TO-ATM: InitializeIPDv05p1 extro {ES}:! ! 0x16b683358 => 0x106579f50 => 0x14771c620
20260620 224153.351 INFO             PET0       OCN-TO-ATM: InitializeIPDv05p1 extro {ES}:! !--- FieldLog() end -------------------
20260620 224153.351 INFO             PET0       OCN-TO-ATM: InitializeIPDv05p1 extro {ES}:--- StateLog() end -------------------
20260620 224153.351 INFO             PET0     OCN-TO-ATM: InitializeIPDv05p1 extro.
20260620 224153.351 INFO             PET0     esm: IInitAdvertiseFinish intro.
20260620 224153.351 INFO             PET0       esm: IInitAdvertiseFinish intro {IS}:--- StateLog() start -----------------
20260620 224153.351 INFO             PET0       esm: IInitAdvertiseFinish intro {IS}:State object is invalid! Not created or deleted!
20260620 224153.351 INFO             PET0       esm: IInitAdvertiseFinish intro {IS}:--- StateLog() end -------------------
20260620 224153.351 INFO             PET0       esm: IInitAdvertiseFinish intro {ES}:--- StateLog() start -----------------
20260620 224153.351 INFO             PET0       esm: IInitAdvertiseFinish intro {ES}:State object is invalid! Not created or deleted!
20260620 224153.351 INFO             PET0       esm: IInitAdvertiseFinish intro {ES}:--- StateLog() end -------------------
20260620 224153.351 INFO             PET0       >>>esm: entered Initialize (phase=<none>) with current time: 2010  6  1  0  0  0   0
20260620 224153.351 INFO             PET0       <<<esm: leaving Initialize (phase=<none>) with current time: 2010  6  1  0  0  0   0
20260620 224153.351 INFO             PET0       esm: IInitAdvertiseFinish extro {IS}:--- StateLog() start -----------------
20260620 224153.351 INFO             PET0       esm: IInitAdvertiseFinish extro {IS}:State object is invalid! Not created or deleted!
20260620 224153.351 INFO             PET0       esm: IInitAdvertiseFinish extro {IS}:--- StateLog() end -------------------
20260620 224153.351 INFO             PET0       esm: IInitAdvertiseFinish extro {ES}:--- StateLog() start -----------------
20260620 224153.351 INFO             PET0       esm: IInitAdvertiseFinish extro {ES}:State object is invalid! Not created or deleted!
20260620 224153.351 INFO             PET0       esm: IInitAdvertiseFinish extro {ES}:--- StateLog() end -------------------
20260620 224153.351 INFO             PET0     esm: IInitAdvertiseFinish extro.
20260620 224153.352 INFO             PET0     ATM-TO-OCN: InitializeIPDv05p2a intro.
20260620 224153.352 INFO             PET0       ATM-TO-OCN: InitializeIPDv05p2a intro {IS}:--- StateLog() start -----------------
20260620 224153.352 INFO             PET0       ATM-TO-OCN: InitializeIPDv05p2a intro {IS}:<name: ATM-ExportState> <intent: ESMF_STATEINTENT_EXPORT> <itemCount:    0>
20260620 224153.352 INFO             PET0       ATM-TO-OCN: InitializeIPDv05p2a intro {IS}:--- StateLog() end -------------------
20260620 224153.352 INFO             PET0       ATM-TO-OCN: InitializeIPDv05p2a intro {ES}:--- StateLog() start -----------------
20260620 224153.352 INFO             PET0       ATM-TO-OCN: InitializeIPDv05p2a intro {ES}:<name: OCN-ImportState> <intent: ESMF_STATEINTENT_IMPORT> <itemCount:    0>
20260620 224153.352 INFO             PET0       ATM-TO-OCN: InitializeIPDv05p2a intro {ES}:--- StateLog() end -------------------
20260620 224153.352 INFO             PET0       ATM-TO-OCN: InitializeIPDv05p2a extro {IS}:--- StateLog() start -----------------
20260620 224153.352 INFO             PET0       ATM-TO-OCN: InitializeIPDv05p2a extro {IS}:<name: ATM-ExportState> <intent: ESMF_STATEINTENT_EXPORT> <itemCount:    0>
20260620 224153.352 INFO             PET0       ATM-TO-OCN: InitializeIPDv05p2a extro {IS}:--- StateLog() end -------------------
20260620 224153.352 INFO             PET0       ATM-TO-OCN: InitializeIPDv05p2a extro {ES}:--- StateLog() start -----------------
20260620 224153.352 INFO             PET0       ATM-TO-OCN: InitializeIPDv05p2a extro {ES}:<name: OCN-ImportState> <intent: ESMF_STATEINTENT_IMPORT> <itemCount:    0>
20260620 224153.352 INFO             PET0       ATM-TO-OCN: InitializeIPDv05p2a extro {ES}:--- StateLog() end -------------------
20260620 224153.352 INFO             PET0     ATM-TO-OCN: InitializeIPDv05p2a extro.
20260620 224153.352 INFO             PET0     OCN-TO-ATM: InitializeIPDv05p2a intro.
20260620 224153.352 INFO             PET0       OCN-TO-ATM: InitializeIPDv05p2a intro {IS}:--- StateLog() start -----------------
20260620 224153.352 INFO             PET0       OCN-TO-ATM: InitializeIPDv05p2a intro {IS}:<name: OCN-ExportState> <intent: ESMF_STATEINTENT_EXPORT> <itemCount:    1>
20260620 224153.352 INFO             PET0       OCN-TO-ATM: InitializeIPDv05p2a intro {IS}:+-<item: 0001> <itemType: Field> <itemName: sst>
20260620 224153.352 INFO             PET0       OCN-TO-ATM: InitializeIPDv05p2a intro {IS}:!--- FieldLog() start -----------------
20260620 224153.352 INFO             PET0       OCN-TO-ATM: InitializeIPDv05p2a intro {IS}:! <name: sst> <fieldStatus: ESMF_FIELDSTATUS_EMPTY>
20260620 224153.352 INFO             PET0       OCN-TO-ATM: InitializeIPDv05p2a intro {IS}:! 0x16b681928 => 0x106578ca0 => 0x14771bf60
20260620 224153.352 INFO             PET0       OCN-TO-ATM: InitializeIPDv05p2a intro {IS}:!--- FieldLog() end -------------------
20260620 224153.352 INFO             PET0       OCN-TO-ATM: InitializeIPDv05p2a intro {IS}:--- StateLog() end -------------------
20260620 224153.352 INFO             PET0       OCN-TO-ATM: InitializeIPDv05p2a intro {ES}:--- StateLog() start -----------------
20260620 224153.352 INFO             PET0       OCN-TO-ATM: InitializeIPDv05p2a intro {ES}:<name: ATM-ImportState> <intent: ESMF_STATEINTENT_IMPORT> <itemCount:    1>
20260620 224153.352 INFO             PET0       OCN-TO-ATM: InitializeIPDv05p2a intro {ES}:+-<item: 0001> <itemType: State> <itemName: ATM-ImportState-namespace:OCN>
20260620 224153.352 INFO             PET0       OCN-TO-ATM: InitializeIPDv05p2a intro {ES}:! <name: ATM-ImportState-namespace:OCN> <intent: ESMF_STATEINTENT_IMPORT> <itemCount:    1>
20260620 224153.352 INFO             PET0       OCN-TO-ATM: InitializeIPDv05p2a intro {ES}:! +-<item: 0001> <itemType: Field> <itemName: sea_surface_temperature>
20260620 224153.352 INFO             PET0       OCN-TO-ATM: InitializeIPDv05p2a intro {ES}:! !--- FieldLog() start -----------------
20260620 224153.352 INFO             PET0       OCN-TO-ATM: InitializeIPDv05p2a intro {ES}:! ! <name: sea_surface_temperature> <fieldStatus: ESMF_FIELDSTATUS_EMPTY>
20260620 224153.352 INFO             PET0       OCN-TO-ATM: InitializeIPDv05p2a intro {ES}:! ! 0x16b67fe88 => 0x106579f50 => 0x14771c620
20260620 224153.352 INFO             PET0       OCN-TO-ATM: InitializeIPDv05p2a intro {ES}:! !--- FieldLog() end -------------------
20260620 224153.352 INFO             PET0       OCN-TO-ATM: InitializeIPDv05p2a intro {ES}:--- StateLog() end -------------------
20260620 224153.354 INFO             PET0       OCN-TO-ATM:      importStandardNameList(i=  1): sea_surface_temperature
20260620 224153.354 INFO             PET0       OCN-TO-ATM:         importNamespaceList(i=  1): OCN
20260620 224153.354 INFO             PET0       OCN-TO-ATM:            importCplSetList(i=  1): __UNSPECIFIED__
20260620 224153.354 INFO             PET0       OCN-TO-ATM:      exportStandardNameList(j=  1): sea_surface_temperature
20260620 224153.354 INFO             PET0       OCN-TO-ATM:         exportNamespaceList(j=  1): ATM:OCN
20260620 224153.354 INFO             PET0       OCN-TO-ATM:            exportCplSetList(j=  1): __UNSPECIFIED__
20260620 224153.354 INFO             PET0       OCN-TO-ATM: bondLevel= 2
20260620 224153.354 INFO             PET0       OCN-TO-ATM: ProducerConnection (bondLevelMax):         2
20260620 224153.354 INFO             PET0       OCN-TO-ATM: InitializeIPDv05p2a extro {IS}:--- StateLog() start -----------------
20260620 224153.354 INFO             PET0       OCN-TO-ATM: InitializeIPDv05p2a extro {IS}:<name: OCN-ExportState> <intent: ESMF_STATEINTENT_EXPORT> <itemCount:    1>
20260620 224153.354 INFO             PET0       OCN-TO-ATM: InitializeIPDv05p2a extro {IS}:+-<item: 0001> <itemType: Field> <itemName: sst>
20260620 224153.354 INFO             PET0       OCN-TO-ATM: InitializeIPDv05p2a extro {IS}:!--- FieldLog() start -----------------
20260620 224153.354 INFO             PET0       OCN-TO-ATM: InitializeIPDv05p2a extro {IS}:! <name: sst> <fieldStatus: ESMF_FIELDSTATUS_EMPTY>
20260620 224153.354 INFO             PET0       OCN-TO-ATM: InitializeIPDv05p2a extro {IS}:! 0x16b682b38 => 0x106578ca0 => 0x14771df50
20260620 224153.354 INFO             PET0       OCN-TO-ATM: InitializeIPDv05p2a extro {IS}:!--- FieldLog() end -------------------
20260620 224153.354 INFO             PET0       OCN-TO-ATM: InitializeIPDv05p2a extro {IS}:--- StateLog() end -------------------
20260620 224153.354 INFO             PET0       OCN-TO-ATM: InitializeIPDv05p2a extro {ES}:--- StateLog() start -----------------
20260620 224153.354 INFO             PET0       OCN-TO-ATM: InitializeIPDv05p2a extro {ES}:<name: ATM-ImportState> <intent: ESMF_STATEINTENT_IMPORT> <itemCount:    1>
20260620 224153.354 INFO             PET0       OCN-TO-ATM: InitializeIPDv05p2a extro {ES}:+-<item: 0001> <itemType: State> <itemName: ATM-ImportState-namespace:OCN>
20260620 224153.354 INFO             PET0       OCN-TO-ATM: InitializeIPDv05p2a extro {ES}:! <name: ATM-ImportState-namespace:OCN> <intent: ESMF_STATEINTENT_IMPORT> <itemCount:    1>
20260620 224153.354 INFO             PET0       OCN-TO-ATM: InitializeIPDv05p2a extro {ES}:! +-<item: 0001> <itemType: Field> <itemName: sea_surface_temperature>
20260620 224153.354 INFO             PET0       OCN-TO-ATM: InitializeIPDv05p2a extro {ES}:! !--- FieldLog() start -----------------
20260620 224153.354 INFO             PET0       OCN-TO-ATM: InitializeIPDv05p2a extro {ES}:! ! <name: sea_surface_temperature> <fieldStatus: ESMF_FIELDSTATUS_EMPTY>
20260620 224153.354 INFO             PET0       OCN-TO-ATM: InitializeIPDv05p2a extro {ES}:! ! 0x16b681098 => 0x106579f50 => 0x14771c620
20260620 224153.354 INFO             PET0       OCN-TO-ATM: InitializeIPDv05p2a extro {ES}:! !--- FieldLog() end -------------------
20260620 224153.354 INFO             PET0       OCN-TO-ATM: InitializeIPDv05p2a extro {ES}:--- StateLog() end -------------------
20260620 224153.354 INFO             PET0     OCN-TO-ATM: InitializeIPDv05p2a extro.
20260620 224153.354 INFO             PET0     ATM-TO-OCN: InitializeIPDv05p2b intro.
20260620 224153.354 INFO             PET0       ATM-TO-OCN: InitializeIPDv05p2b intro {IS}:--- StateLog() start -----------------
20260620 224153.354 INFO             PET0       ATM-TO-OCN: InitializeIPDv05p2b intro {IS}:<name: ATM-ExportState> <intent: ESMF_STATEINTENT_EXPORT> <itemCount:    0>
20260620 224153.354 INFO             PET0       ATM-TO-OCN: InitializeIPDv05p2b intro {IS}:--- StateLog() end -------------------
20260620 224153.354 INFO             PET0       ATM-TO-OCN: InitializeIPDv05p2b intro {ES}:--- StateLog() start -----------------
20260620 224153.354 INFO             PET0       ATM-TO-OCN: InitializeIPDv05p2b intro {ES}:<name: OCN-ImportState> <intent: ESMF_STATEINTENT_IMPORT> <itemCount:    0>
20260620 224153.354 INFO             PET0       ATM-TO-OCN: InitializeIPDv05p2b intro {ES}:--- StateLog() end -------------------
20260620 224153.354 INFO             PET0       ATM-TO-OCN: InitializeIPDv05p2b extro {IS}:--- StateLog() start -----------------
20260620 224153.354 INFO             PET0       ATM-TO-OCN: InitializeIPDv05p2b extro {IS}:<name: ATM-ExportState> <intent: ESMF_STATEINTENT_EXPORT> <itemCount:    0>
20260620 224153.354 INFO             PET0       ATM-TO-OCN: InitializeIPDv05p2b extro {IS}:--- StateLog() end -------------------
20260620 224153.354 INFO             PET0       ATM-TO-OCN: InitializeIPDv05p2b extro {ES}:--- StateLog() start -----------------
20260620 224153.354 INFO             PET0       ATM-TO-OCN: InitializeIPDv05p2b extro {ES}:<name: OCN-ImportState> <intent: ESMF_STATEINTENT_IMPORT> <itemCount:    0>
20260620 224153.354 INFO             PET0       ATM-TO-OCN: InitializeIPDv05p2b extro {ES}:--- StateLog() end -------------------
20260620 224153.354 INFO             PET0     ATM-TO-OCN: InitializeIPDv05p2b extro.
20260620 224153.354 INFO             PET0     OCN-TO-ATM: InitializeIPDv05p2b intro.
20260620 224153.354 INFO             PET0       OCN-TO-ATM: InitializeIPDv05p2b intro {IS}:--- StateLog() start -----------------
20260620 224153.354 INFO             PET0       OCN-TO-ATM: InitializeIPDv05p2b intro {IS}:<name: OCN-ExportState> <intent: ESMF_STATEINTENT_EXPORT> <itemCount:    1>
20260620 224153.354 INFO             PET0       OCN-TO-ATM: InitializeIPDv05p2b intro {IS}:+-<item: 0001> <itemType: Field> <itemName: sst>
20260620 224153.354 INFO             PET0       OCN-TO-ATM: InitializeIPDv05p2b intro {IS}:!--- FieldLog() start -----------------
20260620 224153.354 INFO             PET0       OCN-TO-ATM: InitializeIPDv05p2b intro {IS}:! <name: sst> <fieldStatus: ESMF_FIELDSTATUS_EMPTY>
20260620 224153.354 INFO             PET0       OCN-TO-ATM: InitializeIPDv05p2b intro {IS}:! 0x16b6815f8 => 0x106578ca0 => 0x14771df50
20260620 224153.354 INFO             PET0       OCN-TO-ATM: InitializeIPDv05p2b intro {IS}:!--- FieldLog() end -------------------
20260620 224153.354 INFO             PET0       OCN-TO-ATM: InitializeIPDv05p2b intro {IS}:--- StateLog() end -------------------
20260620 224153.354 INFO             PET0       OCN-TO-ATM: InitializeIPDv05p2b intro {ES}:--- StateLog() start -----------------
20260620 224153.354 INFO             PET0       OCN-TO-ATM: InitializeIPDv05p2b intro {ES}:<name: ATM-ImportState> <intent: ESMF_STATEINTENT_IMPORT> <itemCount:    1>
20260620 224153.354 INFO             PET0       OCN-TO-ATM: InitializeIPDv05p2b intro {ES}:+-<item: 0001> <itemType: State> <itemName: ATM-ImportState-namespace:OCN>
20260620 224153.354 INFO             PET0       OCN-TO-ATM: InitializeIPDv05p2b intro {ES}:! <name: ATM-ImportState-namespace:OCN> <intent: ESMF_STATEINTENT_IMPORT> <itemCount:    1>
20260620 224153.354 INFO             PET0       OCN-TO-ATM: InitializeIPDv05p2b intro {ES}:! +-<item: 0001> <itemType: Field> <itemName: sea_surface_temperature>
20260620 224153.354 INFO             PET0       OCN-TO-ATM: InitializeIPDv05p2b intro {ES}:! !--- FieldLog() start -----------------
20260620 224153.354 INFO             PET0       OCN-TO-ATM: InitializeIPDv05p2b intro {ES}:! ! <name: sea_surface_temperature> <fieldStatus: ESMF_FIELDSTATUS_EMPTY>
20260620 224153.354 INFO             PET0       OCN-TO-ATM: InitializeIPDv05p2b intro {ES}:! ! 0x16b67fb58 => 0x106579f50 => 0x14771c620
20260620 224153.354 INFO             PET0       OCN-TO-ATM: InitializeIPDv05p2b intro {ES}:! !--- FieldLog() end -------------------
20260620 224153.354 INFO             PET0       OCN-TO-ATM: InitializeIPDv05p2b intro {ES}:--- StateLog() end -------------------
20260620 224153.356 INFO             PET0       OCN-TO-ATM:      importStandardNameList(i=  1): sea_surface_temperature
20260620 224153.356 INFO             PET0       OCN-TO-ATM:         importNamespaceList(i=  1): OCN
20260620 224153.356 INFO             PET0       OCN-TO-ATM:            importCplSetList(i=  1): __UNSPECIFIED__
20260620 224153.356 INFO             PET0       OCN-TO-ATM:      exportStandardNameList(j=  1): sea_surface_temperature
20260620 224153.356 INFO             PET0       OCN-TO-ATM:         exportNamespaceList(j=  1): ATM:OCN
20260620 224153.356 INFO             PET0       OCN-TO-ATM:            exportCplSetList(j=  1): __UNSPECIFIED__
20260620 224153.356 INFO             PET0       OCN-TO-ATM: bondLevel= 2
20260620 224153.356 INFO             PET0       OCN-TO-ATM: => added cplList(  1)=sea_surface_temperature, cplSetList(  1)=__UNSPECIFIED__
20260620 224153.356 INFO             PET0       OCN-TO-ATM: InitializeIPDv05p2b extro {IS}:--- StateLog() start -----------------
20260620 224153.356 INFO             PET0       OCN-TO-ATM: InitializeIPDv05p2b extro {IS}:<name: OCN-ExportState> <intent: ESMF_STATEINTENT_EXPORT> <itemCount:    1>
20260620 224153.356 INFO             PET0       OCN-TO-ATM: InitializeIPDv05p2b extro {IS}:+-<item: 0001> <itemType: Field> <itemName: sst>
20260620 224153.356 INFO             PET0       OCN-TO-ATM: InitializeIPDv05p2b extro {IS}:!--- FieldLog() start -----------------
20260620 224153.356 INFO             PET0       OCN-TO-ATM: InitializeIPDv05p2b extro {IS}:! <name: sst> <fieldStatus: ESMF_FIELDSTATUS_EMPTY>
20260620 224153.356 INFO             PET0       OCN-TO-ATM: InitializeIPDv05p2b extro {IS}:! 0x16b682808 => 0x106578ca0 => 0x14771bf60
20260620 224153.356 INFO             PET0       OCN-TO-ATM: InitializeIPDv05p2b extro {IS}:!--- FieldLog() end -------------------
20260620 224153.356 INFO             PET0       OCN-TO-ATM: InitializeIPDv05p2b extro {IS}:--- StateLog() end -------------------
20260620 224153.356 INFO             PET0       OCN-TO-ATM: InitializeIPDv05p2b extro {ES}:--- StateLog() start -----------------
20260620 224153.356 INFO             PET0       OCN-TO-ATM: InitializeIPDv05p2b extro {ES}:<name: ATM-ImportState> <intent: ESMF_STATEINTENT_IMPORT> <itemCount:    1>
20260620 224153.356 INFO             PET0       OCN-TO-ATM: InitializeIPDv05p2b extro {ES}:+-<item: 0001> <itemType: State> <itemName: ATM-ImportState-namespace:OCN>
20260620 224153.356 INFO             PET0       OCN-TO-ATM: InitializeIPDv05p2b extro {ES}:! <name: ATM-ImportState-namespace:OCN> <intent: ESMF_STATEINTENT_IMPORT> <itemCount:    1>
20260620 224153.356 INFO             PET0       OCN-TO-ATM: InitializeIPDv05p2b extro {ES}:! +-<item: 0001> <itemType: Field> <itemName: sea_surface_temperature>
20260620 224153.356 INFO             PET0       OCN-TO-ATM: InitializeIPDv05p2b extro {ES}:! !--- FieldLog() start -----------------
20260620 224153.356 INFO             PET0       OCN-TO-ATM: InitializeIPDv05p2b extro {ES}:! ! <name: sea_surface_temperature> <fieldStatus: ESMF_FIELDSTATUS_EMPTY>
20260620 224153.356 INFO             PET0       OCN-TO-ATM: InitializeIPDv05p2b extro {ES}:! ! 0x16b680d68 => 0x106579f50 => 0x14771c620
20260620 224153.356 INFO             PET0       OCN-TO-ATM: InitializeIPDv05p2b extro {ES}:! !--- FieldLog() end -------------------
20260620 224153.356 INFO             PET0       OCN-TO-ATM: InitializeIPDv05p2b extro {ES}:--- StateLog() end -------------------
20260620 224153.356 INFO             PET0     OCN-TO-ATM: InitializeIPDv05p2b extro.
20260620 224153.356 INFO             PET0     esm: IInitModifyCplLists intro.
20260620 224153.356 INFO             PET0       esm: IInitModifyCplLists intro {IS}:--- StateLog() start -----------------
20260620 224153.356 INFO             PET0       esm: IInitModifyCplLists intro {IS}:State object is invalid! Not created or deleted!
20260620 224153.356 INFO             PET0       esm: IInitModifyCplLists intro {IS}:--- StateLog() end -------------------
20260620 224153.356 INFO             PET0       esm: IInitModifyCplLists intro {ES}:--- StateLog() start -----------------
20260620 224153.356 INFO             PET0       esm: IInitModifyCplLists intro {ES}:State object is invalid! Not created or deleted!
20260620 224153.356 INFO             PET0       esm: IInitModifyCplLists intro {ES}:--- StateLog() end -------------------
20260620 224153.356 INFO             PET0       >>>esm: entered Initialize (phase=<none>) with current time: 2010  6  1  0  0  0   0
20260620 224153.357 INFO             PET0       <<<esm: leaving Initialize (phase=<none>) with current time: 2010  6  1  0  0  0   0
20260620 224153.357 INFO             PET0       esm: IInitModifyCplLists extro {IS}:--- StateLog() start -----------------
20260620 224153.357 INFO             PET0       esm: IInitModifyCplLists extro {IS}:State object is invalid! Not created or deleted!
20260620 224153.357 INFO             PET0       esm: IInitModifyCplLists extro {IS}:--- StateLog() end -------------------
20260620 224153.357 INFO             PET0       esm: IInitModifyCplLists extro {ES}:--- StateLog() start -----------------
20260620 224153.357 INFO             PET0       esm: IInitModifyCplLists extro {ES}:State object is invalid! Not created or deleted!
20260620 224153.357 INFO             PET0       esm: IInitModifyCplLists extro {ES}:--- StateLog() end -------------------
20260620 224153.357 INFO             PET0     esm: IInitModifyCplLists extro.
20260620 224153.357 INFO             PET0     ATM-TO-OCN: InitializeIPDv05p3 intro.
20260620 224153.357 INFO             PET0       ATM-TO-OCN: InitializeIPDv05p3 intro {IS}:--- StateLog() start -----------------
20260620 224153.357 INFO             PET0       ATM-TO-OCN: InitializeIPDv05p3 intro {IS}:<name: ATM-ExportState> <intent: ESMF_STATEINTENT_EXPORT> <itemCount:    0>
20260620 224153.357 INFO             PET0       ATM-TO-OCN: InitializeIPDv05p3 intro {IS}:--- StateLog() end -------------------
20260620 224153.357 INFO             PET0       ATM-TO-OCN: InitializeIPDv05p3 intro {ES}:--- StateLog() start -----------------
20260620 224153.357 INFO             PET0       ATM-TO-OCN: InitializeIPDv05p3 intro {ES}:<name: OCN-ImportState> <intent: ESMF_STATEINTENT_IMPORT> <itemCount:    0>
20260620 224153.357 INFO             PET0       ATM-TO-OCN: InitializeIPDv05p3 intro {ES}:--- StateLog() end -------------------
20260620 224153.357 INFO             PET0       ATM-TO-OCN: InitializeIPDv05p3 extro {IS}:--- StateLog() start -----------------
20260620 224153.357 INFO             PET0       ATM-TO-OCN: InitializeIPDv05p3 extro {IS}:<name: ATM-ExportState> <intent: ESMF_STATEINTENT_EXPORT> <itemCount:    0>
20260620 224153.357 INFO             PET0       ATM-TO-OCN: InitializeIPDv05p3 extro {IS}:--- StateLog() end -------------------
20260620 224153.357 INFO             PET0       ATM-TO-OCN: InitializeIPDv05p3 extro {ES}:--- StateLog() start -----------------
20260620 224153.357 INFO             PET0       ATM-TO-OCN: InitializeIPDv05p3 extro {ES}:<name: OCN-ImportState> <intent: ESMF_STATEINTENT_IMPORT> <itemCount:    0>
20260620 224153.357 INFO             PET0       ATM-TO-OCN: InitializeIPDv05p3 extro {ES}:--- StateLog() end -------------------
20260620 224153.357 INFO             PET0     ATM-TO-OCN: InitializeIPDv05p3 extro.
20260620 224153.357 INFO             PET0     OCN-TO-ATM: InitializeIPDv05p3 intro.
20260620 224153.357 INFO             PET0       OCN-TO-ATM: InitializeIPDv05p3 intro {IS}:--- StateLog() start -----------------
20260620 224153.357 INFO             PET0       OCN-TO-ATM: InitializeIPDv05p3 intro {IS}:<name: OCN-ExportState> <intent: ESMF_STATEINTENT_EXPORT> <itemCount:    1>
20260620 224153.357 INFO             PET0       OCN-TO-ATM: InitializeIPDv05p3 intro {IS}:+-<item: 0001> <itemType: Field> <itemName: sst>
20260620 224153.357 INFO             PET0       OCN-TO-ATM: InitializeIPDv05p3 intro {IS}:!--- FieldLog() start -----------------
20260620 224153.357 INFO             PET0       OCN-TO-ATM: InitializeIPDv05p3 intro {IS}:! <name: sst> <fieldStatus: ESMF_FIELDSTATUS_EMPTY>
20260620 224153.357 INFO             PET0       OCN-TO-ATM: InitializeIPDv05p3 intro {IS}:! 0x16b67dc78 => 0x106578ca0 => 0x14771bf60
20260620 224153.357 INFO             PET0       OCN-TO-ATM: InitializeIPDv05p3 intro {IS}:!--- FieldLog() end -------------------
20260620 224153.357 INFO             PET0       OCN-TO-ATM: InitializeIPDv05p3 intro {IS}:--- StateLog() end -------------------
20260620 224153.357 INFO             PET0       OCN-TO-ATM: InitializeIPDv05p3 intro {ES}:--- StateLog() start -----------------
20260620 224153.357 INFO             PET0       OCN-TO-ATM: InitializeIPDv05p3 intro {ES}:<name: ATM-ImportState> <intent: ESMF_STATEINTENT_IMPORT> <itemCount:    1>
20260620 224153.357 INFO             PET0       OCN-TO-ATM: InitializeIPDv05p3 intro {ES}:+-<item: 0001> <itemType: State> <itemName: ATM-ImportState-namespace:OCN>
20260620 224153.357 INFO             PET0       OCN-TO-ATM: InitializeIPDv05p3 intro {ES}:! <name: ATM-ImportState-namespace:OCN> <intent: ESMF_STATEINTENT_IMPORT> <itemCount:    1>
20260620 224153.357 INFO             PET0       OCN-TO-ATM: InitializeIPDv05p3 intro {ES}:! +-<item: 0001> <itemType: Field> <itemName: sea_surface_temperature>
20260620 224153.357 INFO             PET0       OCN-TO-ATM: InitializeIPDv05p3 intro {ES}:! !--- FieldLog() start -----------------
20260620 224153.357 INFO             PET0       OCN-TO-ATM: InitializeIPDv05p3 intro {ES}:! ! <name: sea_surface_temperature> <fieldStatus: ESMF_FIELDSTATUS_EMPTY>
20260620 224153.357 INFO             PET0       OCN-TO-ATM: InitializeIPDv05p3 intro {ES}:! ! 0x16b67c1d8 => 0x106579f50 => 0x14771c620
20260620 224153.357 INFO             PET0       OCN-TO-ATM: InitializeIPDv05p3 intro {ES}:! !--- FieldLog() end -------------------
20260620 224153.357 INFO             PET0       OCN-TO-ATM: InitializeIPDv05p3 intro {ES}:--- StateLog() end -------------------
20260620 224153.359 INFO             PET0       OCN-TO-ATM: handle cplList(1): sea_surface_temperature, cplSetList(1): __UNSPECIFIED__
20260620 224153.359 INFO             PET0       OCN-TO-ATM: - connected.
20260620 224153.359 INFO             PET0       OCN-TO-ATM: - import side must provide, export side may accept the Field/GeomObject.
20260620 224153.359 INFO             PET0       OCN-TO-ATM: - combination of provider and acceptor VM does NOT support Field and/or GeomObject sharing between them.
20260620 224153.359 INFO             PET0       OCN-TO-ATM: InitializeIPDv05p3 extro {IS}:--- StateLog() start -----------------
20260620 224153.359 INFO             PET0       OCN-TO-ATM: InitializeIPDv05p3 extro {IS}:<name: OCN-ExportState> <intent: ESMF_STATEINTENT_EXPORT> <itemCount:    1>
20260620 224153.359 INFO             PET0       OCN-TO-ATM: InitializeIPDv05p3 extro {IS}:+-<item: 0001> <itemType: Field> <itemName: sst>
20260620 224153.359 INFO             PET0       OCN-TO-ATM: InitializeIPDv05p3 extro {IS}:!--- FieldLog() start -----------------
20260620 224153.359 INFO             PET0       OCN-TO-ATM: InitializeIPDv05p3 extro {IS}:! <name: sst> <fieldStatus: ESMF_FIELDSTATUS_EMPTY>
20260620 224153.359 INFO             PET0       OCN-TO-ATM: InitializeIPDv05p3 extro {IS}:! 0x16b67ee88 => 0x106578ca0 => 0x14771e2b0
20260620 224153.359 INFO             PET0       OCN-TO-ATM: InitializeIPDv05p3 extro {IS}:!--- FieldLog() end -------------------
20260620 224153.359 INFO             PET0       OCN-TO-ATM: InitializeIPDv05p3 extro {IS}:--- StateLog() end -------------------
20260620 224153.359 INFO             PET0       OCN-TO-ATM: InitializeIPDv05p3 extro {ES}:--- StateLog() start -----------------
20260620 224153.359 INFO             PET0       OCN-TO-ATM: InitializeIPDv05p3 extro {ES}:<name: ATM-ImportState> <intent: ESMF_STATEINTENT_IMPORT> <itemCount:    1>
20260620 224153.359 INFO             PET0       OCN-TO-ATM: InitializeIPDv05p3 extro {ES}:+-<item: 0001> <itemType: State> <itemName: ATM-ImportState-namespace:OCN>
20260620 224153.359 INFO             PET0       OCN-TO-ATM: InitializeIPDv05p3 extro {ES}:! <name: ATM-ImportState-namespace:OCN> <intent: ESMF_STATEINTENT_IMPORT> <itemCount:    1>
20260620 224153.359 INFO             PET0       OCN-TO-ATM: InitializeIPDv05p3 extro {ES}:! +-<item: 0001> <itemType: Field> <itemName: sea_surface_temperature>
20260620 224153.359 INFO             PET0       OCN-TO-ATM: InitializeIPDv05p3 extro {ES}:! !--- FieldLog() start -----------------
20260620 224153.359 INFO             PET0       OCN-TO-ATM: InitializeIPDv05p3 extro {ES}:! ! <name: sea_surface_temperature> <fieldStatus: ESMF_FIELDSTATUS_EMPTY>
20260620 224153.359 INFO             PET0       OCN-TO-ATM: InitializeIPDv05p3 extro {ES}:! ! 0x16b67d3e8 => 0x106579f50 => 0x14771c620
20260620 224153.359 INFO             PET0       OCN-TO-ATM: InitializeIPDv05p3 extro {ES}:! !--- FieldLog() end -------------------
20260620 224153.359 INFO             PET0       OCN-TO-ATM: InitializeIPDv05p3 extro {ES}:--- StateLog() end -------------------
20260620 224153.359 INFO             PET0     OCN-TO-ATM: InitializeIPDv05p3 extro.
20260620 224153.360 INFO             PET0     <<<esm: leaving Initialize (phase=<none>) with current time: 2010  6  1  0  0  0   0
20260620 224153.360 INFO             PET0     esm: InitializeIPDv02p1 extro {IS}:--- StateLog() start -----------------
20260620 224153.360 INFO             PET0     esm: InitializeIPDv02p1 extro {IS}:State object is invalid! Not created or deleted!
20260620 224153.360 INFO             PET0     esm: InitializeIPDv02p1 extro {IS}:--- StateLog() end -------------------
20260620 224153.360 INFO             PET0     esm: InitializeIPDv02p1 extro {ES}:--- StateLog() start -----------------
20260620 224153.360 INFO             PET0     esm: InitializeIPDv02p1 extro {ES}:State object is invalid! Not created or deleted!
20260620 224153.360 INFO             PET0     esm: InitializeIPDv02p1 extro {ES}:--- StateLog() end -------------------
20260620 224153.360 INFO             PET0   esm: InitializeIPDv02p1 extro.
20260620 224153.360 INFO             PET0   esm: InitializeIPDv02p3 intro.
20260620 224153.360 INFO             PET0     esm: InitializeIPDv02p3 intro {IS}:--- StateLog() start -----------------
20260620 224153.360 INFO             PET0     esm: InitializeIPDv02p3 intro {IS}:State object is invalid! Not created or deleted!
20260620 224153.360 INFO             PET0     esm: InitializeIPDv02p3 intro {IS}:--- StateLog() end -------------------
20260620 224153.360 INFO             PET0     esm: InitializeIPDv02p3 intro {ES}:--- StateLog() start -----------------
20260620 224153.360 INFO             PET0     esm: InitializeIPDv02p3 intro {ES}:State object is invalid! Not created or deleted!
20260620 224153.360 INFO             PET0     esm: InitializeIPDv02p3 intro {ES}:--- StateLog() end -------------------
20260620 224153.360 INFO             PET0     >>>esm: entered Initialize (phase=<none>) with current time: 2010  6  1  0  0  0   0
20260620 224153.360 INFO             PET0     esm: IInitCheck intro.
20260620 224153.360 INFO             PET0       esm: IInitCheck intro {IS}:--- StateLog() start -----------------
20260620 224153.360 INFO             PET0       esm: IInitCheck intro {IS}:State object is invalid! Not created or deleted!
20260620 224153.360 INFO             PET0       esm: IInitCheck intro {IS}:--- StateLog() end -------------------
20260620 224153.360 INFO             PET0       esm: IInitCheck intro {ES}:--- StateLog() start -----------------
20260620 224153.360 INFO             PET0       esm: IInitCheck intro {ES}:State object is invalid! Not created or deleted!
20260620 224153.360 INFO             PET0       esm: IInitCheck intro {ES}:--- StateLog() end -------------------
20260620 224153.360 INFO             PET0       >>>esm: entered Initialize (phase=<none>) with current time: 2010  6  1  0  0  0   0
20260620 224153.360 INFO             PET0       <<<esm: leaving Initialize (phase=<none>) with current time: 2010  6  1  0  0  0   0
20260620 224153.360 INFO             PET0       esm: IInitCheck extro {IS}:--- StateLog() start -----------------
20260620 224153.360 INFO             PET0       esm: IInitCheck extro {IS}:State object is invalid! Not created or deleted!
20260620 224153.360 INFO             PET0       esm: IInitCheck extro {IS}:--- StateLog() end -------------------
20260620 224153.360 INFO             PET0       esm: IInitCheck extro {ES}:--- StateLog() start -----------------
20260620 224153.360 INFO             PET0       esm: IInitCheck extro {ES}:State object is invalid! Not created or deleted!
20260620 224153.360 INFO             PET0       esm: IInitCheck extro {ES}:--- StateLog() end -------------------
20260620 224153.360 INFO             PET0     esm: IInitCheck extro.
20260620 224153.362 INFO             PET0     ATM-TO-OCN: InitializeIPDv05p4 intro.
20260620 224153.362 INFO             PET0       ATM-TO-OCN: InitializeIPDv05p4 intro {IS}:--- StateLog() start -----------------
20260620 224153.362 INFO             PET0       ATM-TO-OCN: InitializeIPDv05p4 intro {IS}:<name: ATM-ExportState> <intent: ESMF_STATEINTENT_EXPORT> <itemCount:    0>
20260620 224153.362 INFO             PET0       ATM-TO-OCN: InitializeIPDv05p4 intro {IS}:--- StateLog() end -------------------
20260620 224153.362 INFO             PET0       ATM-TO-OCN: InitializeIPDv05p4 intro {ES}:--- StateLog() start -----------------
20260620 224153.362 INFO             PET0       ATM-TO-OCN: InitializeIPDv05p4 intro {ES}:<name: OCN-ImportState> <intent: ESMF_STATEINTENT_IMPORT> <itemCount:    0>
20260620 224153.362 INFO             PET0       ATM-TO-OCN: InitializeIPDv05p4 intro {ES}:--- StateLog() end -------------------
20260620 224153.362 INFO             PET0       ATM-TO-OCN: InitializeIPDv05p4 extro {IS}:--- StateLog() start -----------------
20260620 224153.362 INFO             PET0       ATM-TO-OCN: InitializeIPDv05p4 extro {IS}:<name: ATM-ExportState> <intent: ESMF_STATEINTENT_EXPORT> <itemCount:    0>
20260620 224153.362 INFO             PET0       ATM-TO-OCN: InitializeIPDv05p4 extro {IS}:--- StateLog() end -------------------
20260620 224153.362 INFO             PET0       ATM-TO-OCN: InitializeIPDv05p4 extro {ES}:--- StateLog() start -----------------
20260620 224153.362 INFO             PET0       ATM-TO-OCN: InitializeIPDv05p4 extro {ES}:<name: OCN-ImportState> <intent: ESMF_STATEINTENT_IMPORT> <itemCount:    0>
20260620 224153.362 INFO             PET0       ATM-TO-OCN: InitializeIPDv05p4 extro {ES}:--- StateLog() end -------------------
20260620 224153.362 INFO             PET0     ATM-TO-OCN: InitializeIPDv05p4 extro.
20260620 224153.363 INFO             PET0     OCN-TO-ATM: InitializeIPDv05p4 intro.
20260620 224153.363 INFO             PET0       OCN-TO-ATM: InitializeIPDv05p4 intro {IS}:--- StateLog() start -----------------
20260620 224153.363 INFO             PET0       OCN-TO-ATM: InitializeIPDv05p4 intro {IS}:<name: OCN-ExportState> <intent: ESMF_STATEINTENT_EXPORT> <itemCount:    1>
20260620 224153.363 INFO             PET0       OCN-TO-ATM: InitializeIPDv05p4 intro {IS}:+-<item: 0001> <itemType: Field> <itemName: sst>
20260620 224153.363 INFO             PET0       OCN-TO-ATM: InitializeIPDv05p4 intro {IS}:!--- FieldLog() start -----------------
20260620 224153.363 INFO             PET0       OCN-TO-ATM: InitializeIPDv05p4 intro {IS}:! <name: sst> <fieldStatus: ESMF_FIELDSTATUS_EMPTY>
20260620 224153.363 INFO             PET0       OCN-TO-ATM: InitializeIPDv05p4 intro {IS}:! 0x16b6827c8 => 0x106578ca0 => 0x14771e2b0
20260620 224153.363 INFO             PET0       OCN-TO-ATM: InitializeIPDv05p4 intro {IS}:!--- FieldLog() end -------------------
20260620 224153.363 INFO             PET0       OCN-TO-ATM: InitializeIPDv05p4 intro {IS}:--- StateLog() end -------------------
20260620 224153.363 INFO             PET0       OCN-TO-ATM: InitializeIPDv05p4 intro {ES}:--- StateLog() start -----------------
20260620 224153.363 INFO             PET0       OCN-TO-ATM: InitializeIPDv05p4 intro {ES}:<name: ATM-ImportState> <intent: ESMF_STATEINTENT_IMPORT> <itemCount:    1>
20260620 224153.363 INFO             PET0       OCN-TO-ATM: InitializeIPDv05p4 intro {ES}:+-<item: 0001> <itemType: State> <itemName: ATM-ImportState-namespace:OCN>
20260620 224153.363 INFO             PET0       OCN-TO-ATM: InitializeIPDv05p4 intro {ES}:! <name: ATM-ImportState-namespace:OCN> <intent: ESMF_STATEINTENT_IMPORT> <itemCount:    1>
20260620 224153.363 INFO             PET0       OCN-TO-ATM: InitializeIPDv05p4 intro {ES}:! +-<item: 0001> <itemType: Field> <itemName: sea_surface_temperature>
20260620 224153.363 INFO             PET0       OCN-TO-ATM: InitializeIPDv05p4 intro {ES}:! !--- FieldLog() start -----------------
20260620 224153.363 INFO             PET0       OCN-TO-ATM: InitializeIPDv05p4 intro {ES}:! ! <name: sea_surface_temperature> <fieldStatus: ESMF_FIELDSTATUS_EMPTY>
20260620 224153.363 INFO             PET0       OCN-TO-ATM: InitializeIPDv05p4 intro {ES}:! ! 0x16b680d28 => 0x106579f50 => 0x14771c620
20260620 224153.363 INFO             PET0       OCN-TO-ATM: InitializeIPDv05p4 intro {ES}:! !--- FieldLog() end -------------------
20260620 224153.363 INFO             PET0       OCN-TO-ATM: InitializeIPDv05p4 intro {ES}:--- StateLog() end -------------------
20260620 224153.366 INFO             PET0       OCN-TO-ATM: handle cplList(1): sea_surface_temperature, cplSetList(1): __UNSPECIFIED__
20260620 224153.366 INFO             PET0       OCN-TO-ATM: - import ShareStatusGeomObject=not shared
20260620 224153.366 INFO             PET0       OCN-TO-ATM: - export ShareStatusGeomObject=not shared
20260620 224153.366 INFO             PET0       OCN-TO-ATM: -> NOT sharing GeomObject
20260620 224153.366 INFO             PET0       OCN-TO-ATM: - import ShareStatusField=not shared
20260620 224153.366 INFO             PET0       OCN-TO-ATM: - export ShareStatusField=not shared
20260620 224153.366 INFO             PET0       OCN-TO-ATM: -> NOT sharing Field.
20260620 224153.366 INFO             PET0       OCN-TO-ATM:  gridListMatch= F for provider Grid: Grid003
20260620 224153.366 INFO             PET0       OCN-TO-ATM: - transferring underlying DistGrid (import -> export) for Grid: Grid003
20260620 224153.366 INFO             PET0       OCN-TO-ATM: - done creating acceptorDG from providerDG
20260620 224153.366 INFO             PET0       OCN-TO-ATM: - done transferring underlying DistGrid
20260620 224153.366 INFO             PET0       OCN-TO-ATM: InitializeIPDv05p4 extro {IS}:--- StateLog() start -----------------
20260620 224153.366 INFO             PET0       OCN-TO-ATM: InitializeIPDv05p4 extro {IS}:<name: OCN-ExportState> <intent: ESMF_STATEINTENT_EXPORT> <itemCount:    1>
20260620 224153.366 INFO             PET0       OCN-TO-ATM: InitializeIPDv05p4 extro {IS}:+-<item: 0001> <itemType: Field> <itemName: sst>
20260620 224153.366 INFO             PET0       OCN-TO-ATM: InitializeIPDv05p4 extro {IS}:!--- FieldLog() start -----------------
20260620 224153.366 INFO             PET0       OCN-TO-ATM: InitializeIPDv05p4 extro {IS}:! <name: sst> <fieldStatus: ESMF_FIELDSTATUS_COMPLETE>
20260620 224153.366 INFO             PET0       OCN-TO-ATM: InitializeIPDv05p4 extro {IS}:! 0x16b6839d8 => 0x106578ca0 => 0x14771e610
20260620 224153.366 INFO             PET0       OCN-TO-ATM: InitializeIPDv05p4 extro {IS}:! <typekind: Real*8> <rank:    2> <dimCount:    2>
20260620 224153.366 INFO             PET0       OCN-TO-ATM: InitializeIPDv05p4 extro {IS}:! ! --- Array::log() start -----------------------------------
20260620 224153.366 INFO             PET0       OCN-TO-ATM: InitializeIPDv05p4 extro {IS}:! ! 0x14801ec00
20260620 224153.366 INFO             PET0       OCN-TO-ATM: InitializeIPDv05p4 extro {IS}:! ! <name: sst>
20260620 224153.366 INFO             PET0       OCN-TO-ATM: InitializeIPDv05p4 extro {IS}:! ! ! --- DistGrid::log() start --------------------------------
20260620 224153.366 INFO             PET0       OCN-TO-ATM: InitializeIPDv05p4 extro {IS}:! ! ! 0x14801f200
20260620 224153.366 INFO             PET0       OCN-TO-ATM: InitializeIPDv05p4 extro {IS}:! ! ! DistGrid object is valid!<name: DG-Grid003-sloc:0>
20260620 224153.366 INFO             PET0       OCN-TO-ATM: InitializeIPDv05p4 extro {IS}:! ! ! --- DistGrid::log() end ----------------------------------
20260620 224153.366 INFO             PET0       OCN-TO-ATM: InitializeIPDv05p4 extro {IS}:! ! --- Array::log() end -------------------------------------
20260620 224153.366 INFO             PET0       OCN-TO-ATM: InitializeIPDv05p4 extro {IS}:!--- FieldLog() end -------------------
20260620 224153.366 INFO             PET0       OCN-TO-ATM: InitializeIPDv05p4 extro {IS}:--- StateLog() end -------------------
20260620 224153.366 INFO             PET0       OCN-TO-ATM: InitializeIPDv05p4 extro {ES}:--- StateLog() start -----------------
20260620 224153.366 INFO             PET0       OCN-TO-ATM: InitializeIPDv05p4 extro {ES}:<name: ATM-ImportState> <intent: ESMF_STATEINTENT_IMPORT> <itemCount:    1>
20260620 224153.366 INFO             PET0       OCN-TO-ATM: InitializeIPDv05p4 extro {ES}:+-<item: 0001> <itemType: State> <itemName: ATM-ImportState-namespace:OCN>
20260620 224153.366 INFO             PET0       OCN-TO-ATM: InitializeIPDv05p4 extro {ES}:! <name: ATM-ImportState-namespace:OCN> <intent: ESMF_STATEINTENT_IMPORT> <itemCount:    1>
20260620 224153.366 INFO             PET0       OCN-TO-ATM: InitializeIPDv05p4 extro {ES}:! +-<item: 0001> <itemType: Field> <itemName: sea_surface_temperature>
20260620 224153.366 INFO             PET0       OCN-TO-ATM: InitializeIPDv05p4 extro {ES}:! !--- FieldLog() start -----------------
20260620 224153.366 INFO             PET0       OCN-TO-ATM: InitializeIPDv05p4 extro {ES}:! ! <name: sea_surface_temperature> <fieldStatus: ESMF_FIELDSTATUS_GEOMSET>
20260620 224153.366 INFO             PET0       OCN-TO-ATM: InitializeIPDv05p4 extro {ES}:! ! 0x16b681f38 => 0x106579f50 => 0x14771c620
20260620 224153.366 INFO             PET0       OCN-TO-ATM: InitializeIPDv05p4 extro {ES}:! !--- FieldLog() end -------------------
20260620 224153.366 INFO             PET0       OCN-TO-ATM: InitializeIPDv05p4 extro {ES}:--- StateLog() end -------------------
20260620 224153.366 INFO             PET0     OCN-TO-ATM: InitializeIPDv05p4 extro.
20260620 224153.366 INFO             PET0     ATM-TO-OCN: InitializeIPDv05p5 intro.
20260620 224153.366 INFO             PET0       ATM-TO-OCN: InitializeIPDv05p5 intro {IS}:--- StateLog() start -----------------
20260620 224153.366 INFO             PET0       ATM-TO-OCN: InitializeIPDv05p5 intro {IS}:<name: ATM-ExportState> <intent: ESMF_STATEINTENT_EXPORT> <itemCount:    0>
20260620 224153.366 INFO             PET0       ATM-TO-OCN: InitializeIPDv05p5 intro {IS}:--- StateLog() end -------------------
20260620 224153.366 INFO             PET0       ATM-TO-OCN: InitializeIPDv05p5 intro {ES}:--- StateLog() start -----------------
20260620 224153.366 INFO             PET0       ATM-TO-OCN: InitializeIPDv05p5 intro {ES}:<name: OCN-ImportState> <intent: ESMF_STATEINTENT_IMPORT> <itemCount:    0>
20260620 224153.366 INFO             PET0       ATM-TO-OCN: InitializeIPDv05p5 intro {ES}:--- StateLog() end -------------------
20260620 224153.367 INFO             PET0       ATM-TO-OCN: InitializeIPDv05p5 extro {IS}:--- StateLog() start -----------------
20260620 224153.367 INFO             PET0       ATM-TO-OCN: InitializeIPDv05p5 extro {IS}:<name: ATM-ExportState> <intent: ESMF_STATEINTENT_EXPORT> <itemCount:    0>
20260620 224153.367 INFO             PET0       ATM-TO-OCN: InitializeIPDv05p5 extro {IS}:--- StateLog() end -------------------
20260620 224153.367 INFO             PET0       ATM-TO-OCN: InitializeIPDv05p5 extro {ES}:--- StateLog() start -----------------
20260620 224153.367 INFO             PET0       ATM-TO-OCN: InitializeIPDv05p5 extro {ES}:<name: OCN-ImportState> <intent: ESMF_STATEINTENT_IMPORT> <itemCount:    0>
20260620 224153.367 INFO             PET0       ATM-TO-OCN: InitializeIPDv05p5 extro {ES}:--- StateLog() end -------------------
20260620 224153.367 INFO             PET0     ATM-TO-OCN: InitializeIPDv05p5 extro.
20260620 224153.367 INFO             PET0     OCN-TO-ATM: InitializeIPDv05p5 intro.
20260620 224153.367 INFO             PET0       OCN-TO-ATM: InitializeIPDv05p5 intro {IS}:--- StateLog() start -----------------
20260620 224153.367 INFO             PET0       OCN-TO-ATM: InitializeIPDv05p5 intro {IS}:<name: OCN-ExportState> <intent: ESMF_STATEINTENT_EXPORT> <itemCount:    1>
20260620 224153.367 INFO             PET0       OCN-TO-ATM: InitializeIPDv05p5 intro {IS}:+-<item: 0001> <itemType: Field> <itemName: sst>
20260620 224153.367 INFO             PET0       OCN-TO-ATM: InitializeIPDv05p5 intro {IS}:!--- FieldLog() start -----------------
20260620 224153.367 INFO             PET0       OCN-TO-ATM: InitializeIPDv05p5 intro {IS}:! <name: sst> <fieldStatus: ESMF_FIELDSTATUS_COMPLETE>
20260620 224153.367 INFO             PET0       OCN-TO-ATM: InitializeIPDv05p5 intro {IS}:! 0x16b683768 => 0x106578ca0 => 0x14771e610
20260620 224153.367 INFO             PET0       OCN-TO-ATM: InitializeIPDv05p5 intro {IS}:! <typekind: Real*8> <rank:    2> <dimCount:    2>
20260620 224153.367 INFO             PET0       OCN-TO-ATM: InitializeIPDv05p5 intro {IS}:! ! --- Array::log() start -----------------------------------
20260620 224153.367 INFO             PET0       OCN-TO-ATM: InitializeIPDv05p5 intro {IS}:! ! 0x14801ec00
20260620 224153.367 INFO             PET0       OCN-TO-ATM: InitializeIPDv05p5 intro {IS}:! ! <name: sst>
20260620 224153.367 INFO             PET0       OCN-TO-ATM: InitializeIPDv05p5 intro {IS}:! ! ! --- DistGrid::log() start --------------------------------
20260620 224153.367 INFO             PET0       OCN-TO-ATM: InitializeIPDv05p5 intro {IS}:! ! ! 0x14801f200
20260620 224153.367 INFO             PET0       OCN-TO-ATM: InitializeIPDv05p5 intro {IS}:! ! ! DistGrid object is valid!<name: DG-Grid003-sloc:0>
20260620 224153.367 INFO             PET0       OCN-TO-ATM: InitializeIPDv05p5 intro {IS}:! ! ! --- DistGrid::log() end ----------------------------------
20260620 224153.367 INFO             PET0       OCN-TO-ATM: InitializeIPDv05p5 intro {IS}:! ! --- Array::log() end -------------------------------------
20260620 224153.367 INFO             PET0       OCN-TO-ATM: InitializeIPDv05p5 intro {IS}:!--- FieldLog() end -------------------
20260620 224153.367 INFO             PET0       OCN-TO-ATM: InitializeIPDv05p5 intro {IS}:--- StateLog() end -------------------
20260620 224153.367 INFO             PET0       OCN-TO-ATM: InitializeIPDv05p5 intro {ES}:--- StateLog() start -----------------
20260620 224153.367 INFO             PET0       OCN-TO-ATM: InitializeIPDv05p5 intro {ES}:<name: ATM-ImportState> <intent: ESMF_STATEINTENT_IMPORT> <itemCount:    1>
20260620 224153.367 INFO             PET0       OCN-TO-ATM: InitializeIPDv05p5 intro {ES}:+-<item: 0001> <itemType: State> <itemName: ATM-ImportState-namespace:OCN>
20260620 224153.367 INFO             PET0       OCN-TO-ATM: InitializeIPDv05p5 intro {ES}:! <name: ATM-ImportState-namespace:OCN> <intent: ESMF_STATEINTENT_IMPORT> <itemCount:    1>
20260620 224153.367 INFO             PET0       OCN-TO-ATM: InitializeIPDv05p5 intro {ES}:! +-<item: 0001> <itemType: Field> <itemName: sea_surface_temperature>
20260620 224153.367 INFO             PET0       OCN-TO-ATM: InitializeIPDv05p5 intro {ES}:! !--- FieldLog() start -----------------
20260620 224153.367 INFO             PET0       OCN-TO-ATM: InitializeIPDv05p5 intro {ES}:! ! <name: sea_surface_temperature> <fieldStatus: ESMF_FIELDSTATUS_GEOMSET>
20260620 224153.367 INFO             PET0       OCN-TO-ATM: InitializeIPDv05p5 intro {ES}:! ! 0x16b681cc8 => 0x106579f50 => 0x14771c620
20260620 224153.367 INFO             PET0       OCN-TO-ATM: InitializeIPDv05p5 intro {ES}:! !--- FieldLog() end -------------------
20260620 224153.367 INFO             PET0       OCN-TO-ATM: InitializeIPDv05p5 intro {ES}:--- StateLog() end -------------------
20260620 224153.369 INFO             PET0       OCN-TO-ATM: handle cplList(1): sea_surface_temperature, cplSetList(1): __UNSPECIFIED__
20260620 224153.369 INFO             PET0       OCN-TO-ATM: - import ShareStatusGeomObject=not shared
20260620 224153.369 INFO             PET0       OCN-TO-ATM: - export ShareStatusGeomObject=not shared
20260620 224153.369 INFO             PET0       OCN-TO-ATM: -> NOT sharing GeomObject
20260620 224153.369 INFO             PET0       OCN-TO-ATM: - import ShareStatusField=not shared
20260620 224153.369 INFO             PET0       OCN-TO-ATM: - export ShareStatusField=not shared
20260620 224153.369 INFO             PET0       OCN-TO-ATM: -> NOT sharing Field
20260620 224153.369 INFO             PET0       OCN-TO-ATM:  gridListMatch= F for acceptor Grid: Grid003
20260620 224153.369 INFO             PET0       OCN-TO-ATM: - transferring the full geomobject with coordinates (import -> export) for Grid: Grid003
20260620 224153.374 INFO             PET0       OCN-TO-ATM: - done transferring the full Grid with coordinates
20260620 224153.375 INFO             PET0       OCN-TO-ATM: InitializeIPDv05p5 extro {IS}:--- StateLog() start -----------------
20260620 224153.375 INFO             PET0       OCN-TO-ATM: InitializeIPDv05p5 extro {IS}:<name: OCN-ExportState> <intent: ESMF_STATEINTENT_EXPORT> <itemCount:    1>
20260620 224153.375 INFO             PET0       OCN-TO-ATM: InitializeIPDv05p5 extro {IS}:+-<item: 0001> <itemType: Field> <itemName: sst>
20260620 224153.375 INFO             PET0       OCN-TO-ATM: InitializeIPDv05p5 extro {IS}:!--- FieldLog() start -----------------
20260620 224153.375 INFO             PET0       OCN-TO-ATM: InitializeIPDv05p5 extro {IS}:! <name: sst> <fieldStatus: ESMF_FIELDSTATUS_COMPLETE>
20260620 224153.375 INFO             PET0       OCN-TO-ATM: InitializeIPDv05p5 extro {IS}:! 0x16b684978 => 0x106578ca0 => 0x14771e2b0
20260620 224153.375 INFO             PET0       OCN-TO-ATM: InitializeIPDv05p5 extro {IS}:! <typekind: Real*8> <rank:    2> <dimCount:    2>
20260620 224153.375 INFO             PET0       OCN-TO-ATM: InitializeIPDv05p5 extro {IS}:! ! --- Array::log() start -----------------------------------
20260620 224153.375 INFO             PET0       OCN-TO-ATM: InitializeIPDv05p5 extro {IS}:! ! 0x14803e800
20260620 224153.375 INFO             PET0       OCN-TO-ATM: InitializeIPDv05p5 extro {IS}:! ! <name: sst>
20260620 224153.375 INFO             PET0       OCN-TO-ATM: InitializeIPDv05p5 extro {IS}:! ! ! --- DistGrid::log() start --------------------------------
20260620 224153.375 INFO             PET0       OCN-TO-ATM: InitializeIPDv05p5 extro {IS}:! ! ! 0x14803ee00
20260620 224153.375 INFO             PET0       OCN-TO-ATM: InitializeIPDv05p5 extro {IS}:! ! ! DistGrid object is valid!<name: DG-Grid003-sloc:0>
20260620 224153.375 INFO             PET0       OCN-TO-ATM: InitializeIPDv05p5 extro {IS}:! ! ! --- DistGrid::log() end ----------------------------------
20260620 224153.375 INFO             PET0       OCN-TO-ATM: InitializeIPDv05p5 extro {IS}:! ! --- Array::log() end -------------------------------------
20260620 224153.375 INFO             PET0       OCN-TO-ATM: InitializeIPDv05p5 extro {IS}:!--- FieldLog() end -------------------
20260620 224153.375 INFO             PET0       OCN-TO-ATM: InitializeIPDv05p5 extro {IS}:--- StateLog() end -------------------
20260620 224153.375 INFO             PET0       OCN-TO-ATM: InitializeIPDv05p5 extro {ES}:--- StateLog() start -----------------
20260620 224153.375 INFO             PET0       OCN-TO-ATM: InitializeIPDv05p5 extro {ES}:<name: ATM-ImportState> <intent: ESMF_STATEINTENT_IMPORT> <itemCount:    1>
20260620 224153.375 INFO             PET0       OCN-TO-ATM: InitializeIPDv05p5 extro {ES}:+-<item: 0001> <itemType: State> <itemName: ATM-ImportState-namespace:OCN>
20260620 224153.375 INFO             PET0       OCN-TO-ATM: InitializeIPDv05p5 extro {ES}:! <name: ATM-ImportState-namespace:OCN> <intent: ESMF_STATEINTENT_IMPORT> <itemCount:    1>
20260620 224153.375 INFO             PET0       OCN-TO-ATM: InitializeIPDv05p5 extro {ES}:! +-<item: 0001> <itemType: Field> <itemName: sea_surface_temperature>
20260620 224153.375 INFO             PET0       OCN-TO-ATM: InitializeIPDv05p5 extro {ES}:! !--- FieldLog() start -----------------
20260620 224153.375 INFO             PET0       OCN-TO-ATM: InitializeIPDv05p5 extro {ES}:! ! <name: sea_surface_temperature> <fieldStatus: ESMF_FIELDSTATUS_GEOMSET>
20260620 224153.375 INFO             PET0       OCN-TO-ATM: InitializeIPDv05p5 extro {ES}:! ! 0x16b682ed8 => 0x106579f50 => 0x14771c620
20260620 224153.375 INFO             PET0       OCN-TO-ATM: InitializeIPDv05p5 extro {ES}:! !--- FieldLog() end -------------------
20260620 224153.375 INFO             PET0       OCN-TO-ATM: InitializeIPDv05p5 extro {ES}:--- StateLog() end -------------------
20260620 224153.375 INFO             PET0     OCN-TO-ATM: InitializeIPDv05p5 extro.
20260620 224153.375 INFO             PET0     esm: IInitRealize intro.
20260620 224153.375 INFO             PET0       esm: IInitRealize intro {IS}:--- StateLog() start -----------------
20260620 224153.375 INFO             PET0       esm: IInitRealize intro {IS}:State object is invalid! Not created or deleted!
20260620 224153.375 INFO             PET0       esm: IInitRealize intro {IS}:--- StateLog() end -------------------
20260620 224153.375 INFO             PET0       esm: IInitRealize intro {ES}:--- StateLog() start -----------------
20260620 224153.375 INFO             PET0       esm: IInitRealize intro {ES}:State object is invalid! Not created or deleted!
20260620 224153.375 INFO             PET0       esm: IInitRealize intro {ES}:--- StateLog() end -------------------
20260620 224153.375 INFO             PET0       >>>esm: entered Initialize (phase=<none>) with current time: 2010  6  1  0  0  0   0
20260620 224153.375 INFO             PET0       <<<esm: leaving Initialize (phase=<none>) with current time: 2010  6  1  0  0  0   0
20260620 224153.375 INFO             PET0       esm: IInitRealize extro {IS}:--- StateLog() start -----------------
20260620 224153.375 INFO             PET0       esm: IInitRealize extro {IS}:State object is invalid! Not created or deleted!
20260620 224153.375 INFO             PET0       esm: IInitRealize extro {IS}:--- StateLog() end -------------------
20260620 224153.375 INFO             PET0       esm: IInitRealize extro {ES}:--- StateLog() start -----------------
20260620 224153.375 INFO             PET0       esm: IInitRealize extro {ES}:State object is invalid! Not created or deleted!
20260620 224153.375 INFO             PET0       esm: IInitRealize extro {ES}:--- StateLog() end -------------------
20260620 224153.375 INFO             PET0     esm: IInitRealize extro.
20260620 224153.375 INFO             PET0     ATM: InitializeIPDvXp06 intro.
20260620 224153.375 INFO             PET0       ATM: InitializeIPDvXp06 intro {IS}:--- StateLog() start -----------------
20260620 224153.375 INFO             PET0       ATM: InitializeIPDvXp06 intro {IS}:<name: ATM-ImportState> <intent: ESMF_STATEINTENT_IMPORT> <itemCount:    1>
20260620 224153.375 INFO             PET0       ATM: InitializeIPDvXp06 intro {IS}:+-<item: 0001> <itemType: State> <itemName: ATM-ImportState-namespace:OCN>
20260620 224153.375 INFO             PET0       ATM: InitializeIPDvXp06 intro {IS}:! <name: ATM-ImportState-namespace:OCN> <intent: ESMF_STATEINTENT_IMPORT> <itemCount:    1>
20260620 224153.375 INFO             PET0       ATM: InitializeIPDvXp06 intro {IS}:! +-<item: 0001> <itemType: Field> <itemName: sea_surface_temperature>
20260620 224153.375 INFO             PET0       ATM: InitializeIPDvXp06 intro {IS}:! !--- FieldLog() start -----------------
20260620 224153.375 INFO             PET0       ATM: InitializeIPDvXp06 intro {IS}:! ! <name: sea_surface_temperature> <fieldStatus: ESMF_FIELDSTATUS_GEOMSET>
20260620 224153.375 INFO             PET0       ATM: InitializeIPDvXp06 intro {IS}:! ! 0x16b6888e8 => 0x106579f50 => 0x14771c620
20260620 224153.375 INFO             PET0       ATM: InitializeIPDvXp06 intro {IS}:! !--- FieldLog() end -------------------
20260620 224153.375 INFO             PET0       ATM: InitializeIPDvXp06 intro {IS}:--- StateLog() end -------------------
20260620 224153.375 INFO             PET0       ATM: InitializeIPDvXp06 intro {ES}:--- StateLog() start -----------------
20260620 224153.375 INFO             PET0       ATM: InitializeIPDvXp06 intro {ES}:<name: ATM-ExportState> <intent: ESMF_STATEINTENT_EXPORT> <itemCount:    0>
20260620 224153.375 INFO             PET0       ATM: InitializeIPDvXp06 intro {ES}:--- StateLog() end -------------------
20260620 224153.375 INFO             PET0       >>>ATM: entered Initialize (phase=IPDvXp06) without valid internal Clock.
20260620 224153.375 INFO             PET0       realize sea_surface_temperature import field received from ATM-ImportState-namespace:OCN
20260620 224153.375 INFO             PET0       <<<ATM: leaving Initialize (phase=IPDvXp06) without valid internal Clock.
20260620 224153.375 INFO             PET0       ATM: InitializeIPDvXp06 extro {IS}:--- StateLog() start -----------------
20260620 224153.376 INFO             PET0       ATM: InitializeIPDvXp06 extro {IS}:<name: ATM-ImportState> <intent: ESMF_STATEINTENT_IMPORT> <itemCount:    1>
20260620 224153.376 INFO             PET0       ATM: InitializeIPDvXp06 extro {IS}:+-<item: 0001> <itemType: State> <itemName: ATM-ImportState-namespace:OCN>
20260620 224153.376 INFO             PET0       ATM: InitializeIPDvXp06 extro {IS}:! <name: ATM-ImportState-namespace:OCN> <intent: ESMF_STATEINTENT_IMPORT> <itemCount:    1>
20260620 224153.376 INFO             PET0       ATM: InitializeIPDvXp06 extro {IS}:! +-<item: 0001> <itemType: Field> <itemName: sea_surface_temperature>
20260620 224153.376 INFO             PET0       ATM: InitializeIPDvXp06 extro {IS}:! !--- FieldLog() start -----------------
20260620 224153.376 INFO             PET0       ATM: InitializeIPDvXp06 extro {IS}:! ! <name: sea_surface_temperature> <fieldStatus: ESMF_FIELDSTATUS_COMPLETE>
20260620 224153.376 INFO             PET0       ATM: InitializeIPDvXp06 extro {IS}:! ! 0x16b689af8 => 0x106579f50 => 0x14771c620
20260620 224153.376 INFO             PET0       ATM: InitializeIPDvXp06 extro {IS}:! ! <typekind: Real*8> <rank:    2> <dimCount:    2>
20260620 224153.376 INFO             PET0       ATM: InitializeIPDvXp06 extro {IS}:! ! ! --- Array::log() start -----------------------------------
20260620 224153.376 INFO             PET0       ATM: InitializeIPDvXp06 extro {IS}:! ! ! 0x14801ec00
20260620 224153.376 INFO             PET0       ATM: InitializeIPDvXp06 extro {IS}:! ! ! <name: sea_surface_temperature>
20260620 224153.376 INFO             PET0       ATM: InitializeIPDvXp06 extro {IS}:! ! ! ! --- DistGrid::log() start --------------------------------
20260620 224153.376 INFO             PET0       ATM: InitializeIPDvXp06 extro {IS}:! ! ! ! 0x14803fa00
20260620 224153.376 INFO             PET0       ATM: InitializeIPDvXp06 extro {IS}:! ! ! ! DistGrid object is valid!<name: DG-Grid003-sloc:0>
20260620 224153.376 INFO             PET0       ATM: InitializeIPDvXp06 extro {IS}:! ! ! ! --- DistGrid::log() end ----------------------------------
20260620 224153.376 INFO             PET0       ATM: InitializeIPDvXp06 extro {IS}:! ! ! --- Array::log() end -------------------------------------
20260620 224153.376 INFO             PET0       ATM: InitializeIPDvXp06 extro {IS}:! !--- FieldLog() end -------------------
20260620 224153.376 INFO             PET0       ATM: InitializeIPDvXp06 extro {IS}:--- StateLog() end -------------------
20260620 224153.376 INFO             PET0       ATM: InitializeIPDvXp06 extro {ES}:--- StateLog() start -----------------
20260620 224153.376 INFO             PET0       ATM: InitializeIPDvXp06 extro {ES}:<name: ATM-ExportState> <intent: ESMF_STATEINTENT_EXPORT> <itemCount:    0>
20260620 224153.376 INFO             PET0       ATM: InitializeIPDvXp06 extro {ES}:--- StateLog() end -------------------
20260620 224153.376 INFO             PET0     ATM: InitializeIPDvXp06 extro.
20260620 224153.376 INFO             PET0     ATM-TO-OCN: InitializeIPDv05p6a intro.
20260620 224153.376 INFO             PET0       ATM-TO-OCN: InitializeIPDv05p6a intro {IS}:--- StateLog() start -----------------
20260620 224153.376 INFO             PET0       ATM-TO-OCN: InitializeIPDv05p6a intro {IS}:<name: ATM-ExportState> <intent: ESMF_STATEINTENT_EXPORT> <itemCount:    0>
20260620 224153.376 INFO             PET0       ATM-TO-OCN: InitializeIPDv05p6a intro {IS}:--- StateLog() end -------------------
20260620 224153.376 INFO             PET0       ATM-TO-OCN: InitializeIPDv05p6a intro {ES}:--- StateLog() start -----------------
20260620 224153.376 INFO             PET0       ATM-TO-OCN: InitializeIPDv05p6a intro {ES}:<name: OCN-ImportState> <intent: ESMF_STATEINTENT_IMPORT> <itemCount:    0>
20260620 224153.376 INFO             PET0       ATM-TO-OCN: InitializeIPDv05p6a intro {ES}:--- StateLog() end -------------------
20260620 224153.376 INFO             PET0       ATM-TO-OCN: InitializeIPDv05p6a extro {IS}:--- StateLog() start -----------------
20260620 224153.376 INFO             PET0       ATM-TO-OCN: InitializeIPDv05p6a extro {IS}:<name: ATM-ExportState> <intent: ESMF_STATEINTENT_EXPORT> <itemCount:    0>
20260620 224153.376 INFO             PET0       ATM-TO-OCN: InitializeIPDv05p6a extro {IS}:--- StateLog() end -------------------
20260620 224153.376 INFO             PET0       ATM-TO-OCN: InitializeIPDv05p6a extro {ES}:--- StateLog() start -----------------
20260620 224153.376 INFO             PET0       ATM-TO-OCN: InitializeIPDv05p6a extro {ES}:<name: OCN-ImportState> <intent: ESMF_STATEINTENT_IMPORT> <itemCount:    0>
20260620 224153.376 INFO             PET0       ATM-TO-OCN: InitializeIPDv05p6a extro {ES}:--- StateLog() end -------------------
20260620 224153.376 INFO             PET0     ATM-TO-OCN: InitializeIPDv05p6a extro.
20260620 224153.376 INFO             PET0     OCN-TO-ATM: InitializeIPDv05p6a intro.
20260620 224153.376 INFO             PET0       OCN-TO-ATM: InitializeIPDv05p6a intro {IS}:--- StateLog() start -----------------
20260620 224153.377 INFO             PET0       OCN-TO-ATM: InitializeIPDv05p6a intro {IS}:<name: OCN-ExportState> <intent: ESMF_STATEINTENT_EXPORT> <itemCount:    1>
20260620 224153.377 INFO             PET0       OCN-TO-ATM: InitializeIPDv05p6a intro {IS}:+-<item: 0001> <itemType: Field> <itemName: sst>
20260620 224153.377 INFO             PET0       OCN-TO-ATM: InitializeIPDv05p6a intro {IS}:!--- FieldLog() start -----------------
20260620 224153.377 INFO             PET0       OCN-TO-ATM: InitializeIPDv05p6a intro {IS}:! <name: sst> <fieldStatus: ESMF_FIELDSTATUS_COMPLETE>
20260620 224153.377 INFO             PET0       OCN-TO-ATM: InitializeIPDv05p6a intro {IS}:! 0x16b689a78 => 0x106578ca0 => 0x14771e2b0
20260620 224153.377 INFO             PET0       OCN-TO-ATM: InitializeIPDv05p6a intro {IS}:! <typekind: Real*8> <rank:    2> <dimCount:    2>
20260620 224153.377 INFO             PET0       OCN-TO-ATM: InitializeIPDv05p6a intro {IS}:! ! --- Array::log() start -----------------------------------
20260620 224153.377 INFO             PET0       OCN-TO-ATM: InitializeIPDv05p6a intro {IS}:! ! 0x14803e800
20260620 224153.377 INFO             PET0       OCN-TO-ATM: InitializeIPDv05p6a intro {IS}:! ! <name: sst>
20260620 224153.377 INFO             PET0       OCN-TO-ATM: InitializeIPDv05p6a intro {IS}:! ! ! --- DistGrid::log() start --------------------------------
20260620 224153.377 INFO             PET0       OCN-TO-ATM: InitializeIPDv05p6a intro {IS}:! ! ! 0x14803ee00
20260620 224153.377 INFO             PET0       OCN-TO-ATM: InitializeIPDv05p6a intro {IS}:! ! ! DistGrid object is valid!<name: DG-Grid003-sloc:0>
20260620 224153.377 INFO             PET0       OCN-TO-ATM: InitializeIPDv05p6a intro {IS}:! ! ! --- DistGrid::log() end ----------------------------------
20260620 224153.377 INFO             PET0       OCN-TO-ATM: InitializeIPDv05p6a intro {IS}:! ! --- Array::log() end -------------------------------------
20260620 224153.377 INFO             PET0       OCN-TO-ATM: InitializeIPDv05p6a intro {IS}:!--- FieldLog() end -------------------
20260620 224153.377 INFO             PET0       OCN-TO-ATM: InitializeIPDv05p6a intro {IS}:--- StateLog() end -------------------
20260620 224153.377 INFO             PET0       OCN-TO-ATM: InitializeIPDv05p6a intro {ES}:--- StateLog() start -----------------
20260620 224153.377 INFO             PET0       OCN-TO-ATM: InitializeIPDv05p6a intro {ES}:<name: ATM-ImportState> <intent: ESMF_STATEINTENT_IMPORT> <itemCount:    1>
20260620 224153.377 INFO             PET0       OCN-TO-ATM: InitializeIPDv05p6a intro {ES}:+-<item: 0001> <itemType: State> <itemName: ATM-ImportState-namespace:OCN>
20260620 224153.377 INFO             PET0       OCN-TO-ATM: InitializeIPDv05p6a intro {ES}:! <name: ATM-ImportState-namespace:OCN> <intent: ESMF_STATEINTENT_IMPORT> <itemCount:    1>
20260620 224153.377 INFO             PET0       OCN-TO-ATM: InitializeIPDv05p6a intro {ES}:! +-<item: 0001> <itemType: Field> <itemName: sea_surface_temperature>
20260620 224153.377 INFO             PET0       OCN-TO-ATM: InitializeIPDv05p6a intro {ES}:! !--- FieldLog() start -----------------
20260620 224153.377 INFO             PET0       OCN-TO-ATM: InitializeIPDv05p6a intro {ES}:! ! <name: sea_surface_temperature> <fieldStatus: ESMF_FIELDSTATUS_COMPLETE>
20260620 224153.377 INFO             PET0       OCN-TO-ATM: InitializeIPDv05p6a intro {ES}:! ! 0x16b687fd8 => 0x106579f50 => 0x14771c620
20260620 224153.377 INFO             PET0       OCN-TO-ATM: InitializeIPDv05p6a intro {ES}:! ! <typekind: Real*8> <rank:    2> <dimCount:    2>
20260620 224153.377 INFO             PET0       OCN-TO-ATM: InitializeIPDv05p6a intro {ES}:! ! ! --- Array::log() start -----------------------------------
20260620 224153.377 INFO             PET0       OCN-TO-ATM: InitializeIPDv05p6a intro {ES}:! ! ! 0x14801ec00
20260620 224153.377 INFO             PET0       OCN-TO-ATM: InitializeIPDv05p6a intro {ES}:! ! ! <name: sea_surface_temperature>
20260620 224153.377 INFO             PET0       OCN-TO-ATM: InitializeIPDv05p6a intro {ES}:! ! ! ! --- DistGrid::log() start --------------------------------
20260620 224153.377 INFO             PET0       OCN-TO-ATM: InitializeIPDv05p6a intro {ES}:! ! ! ! 0x14803fa00
20260620 224153.377 INFO             PET0       OCN-TO-ATM: InitializeIPDv05p6a intro {ES}:! ! ! ! DistGrid object is valid!<name: DG-Grid003-sloc:0>
20260620 224153.377 INFO             PET0       OCN-TO-ATM: InitializeIPDv05p6a intro {ES}:! ! ! ! --- DistGrid::log() end ----------------------------------
20260620 224153.377 INFO             PET0       OCN-TO-ATM: InitializeIPDv05p6a intro {ES}:! ! ! --- Array::log() end -------------------------------------
20260620 224153.377 INFO             PET0       OCN-TO-ATM: InitializeIPDv05p6a intro {ES}:! !--- FieldLog() end -------------------
20260620 224153.377 INFO             PET0       OCN-TO-ATM: InitializeIPDv05p6a intro {ES}:--- StateLog() end -------------------
20260620 224153.380 INFO             PET0       OCN-TO-ATM: InitializeIPDv05p6a extro {IS}:--- StateLog() start -----------------
20260620 224153.380 INFO             PET0       OCN-TO-ATM: InitializeIPDv05p6a extro {IS}:<name: OCN-ExportState> <intent: ESMF_STATEINTENT_EXPORT> <itemCount:    1>
20260620 224153.380 INFO             PET0       OCN-TO-ATM: InitializeIPDv05p6a extro {IS}:+-<item: 0001> <itemType: Field> <itemName: sst>
20260620 224153.380 INFO             PET0       OCN-TO-ATM: InitializeIPDv05p6a extro {IS}:!--- FieldLog() start -----------------
20260620 224153.380 INFO             PET0       OCN-TO-ATM: InitializeIPDv05p6a extro {IS}:! <name: sst> <fieldStatus: ESMF_FIELDSTATUS_COMPLETE>
20260620 224153.380 INFO             PET0       OCN-TO-ATM: InitializeIPDv05p6a extro {IS}:! 0x16b68ac88 => 0x106578ca0 => 0x147722ac0
20260620 224153.380 INFO             PET0       OCN-TO-ATM: InitializeIPDv05p6a extro {IS}:! <typekind: Real*8> <rank:    2> <dimCount:    2>
20260620 224153.380 INFO             PET0       OCN-TO-ATM: InitializeIPDv05p6a extro {IS}:! ! --- Array::log() start -----------------------------------
20260620 224153.380 INFO             PET0       OCN-TO-ATM: InitializeIPDv05p6a extro {IS}:! ! 0x148045a00
20260620 224153.380 INFO             PET0       OCN-TO-ATM: InitializeIPDv05p6a extro {IS}:! ! <name: sst>
20260620 224153.380 INFO             PET0       OCN-TO-ATM: InitializeIPDv05p6a extro {IS}:! ! ! --- DistGrid::log() start --------------------------------
20260620 224153.380 INFO             PET0       OCN-TO-ATM: InitializeIPDv05p6a extro {IS}:! ! ! 0x148046000
20260620 224153.380 INFO             PET0       OCN-TO-ATM: InitializeIPDv05p6a extro {IS}:! ! ! DistGrid object is valid!<name: DG-Grid003-sloc:0>
20260620 224153.380 INFO             PET0       OCN-TO-ATM: InitializeIPDv05p6a extro {IS}:! ! ! --- DistGrid::log() end ----------------------------------
20260620 224153.380 INFO             PET0       OCN-TO-ATM: InitializeIPDv05p6a extro {IS}:! ! --- Array::log() end -------------------------------------
20260620 224153.380 INFO             PET0       OCN-TO-ATM: InitializeIPDv05p6a extro {IS}:!--- FieldLog() end -------------------
20260620 224153.380 INFO             PET0       OCN-TO-ATM: InitializeIPDv05p6a extro {IS}:--- StateLog() end -------------------
20260620 224153.380 INFO             PET0       OCN-TO-ATM: InitializeIPDv05p6a extro {ES}:--- StateLog() start -----------------
20260620 224153.380 INFO             PET0       OCN-TO-ATM: InitializeIPDv05p6a extro {ES}:<name: ATM-ImportState> <intent: ESMF_STATEINTENT_IMPORT> <itemCount:    1>
20260620 224153.380 INFO             PET0       OCN-TO-ATM: InitializeIPDv05p6a extro {ES}:+-<item: 0001> <itemType: State> <itemName: ATM-ImportState-namespace:OCN>
20260620 224153.380 INFO             PET0       OCN-TO-ATM: InitializeIPDv05p6a extro {ES}:! <name: ATM-ImportState-namespace:OCN> <intent: ESMF_STATEINTENT_IMPORT> <itemCount:    1>
20260620 224153.380 INFO             PET0       OCN-TO-ATM: InitializeIPDv05p6a extro {ES}:! +-<item: 0001> <itemType: Field> <itemName: sea_surface_temperature>
20260620 224153.380 INFO             PET0       OCN-TO-ATM: InitializeIPDv05p6a extro {ES}:! !--- FieldLog() start -----------------
20260620 224153.380 INFO             PET0       OCN-TO-ATM: InitializeIPDv05p6a extro {ES}:! ! <name: sea_surface_temperature> <fieldStatus: ESMF_FIELDSTATUS_COMPLETE>
20260620 224153.380 INFO             PET0       OCN-TO-ATM: InitializeIPDv05p6a extro {ES}:! ! 0x16b6891e8 => 0x106579f50 => 0x14771c620
20260620 224153.380 INFO             PET0       OCN-TO-ATM: InitializeIPDv05p6a extro {ES}:! ! <typekind: Real*8> <rank:    2> <dimCount:    2>
20260620 224153.380 INFO             PET0       OCN-TO-ATM: InitializeIPDv05p6a extro {ES}:! ! ! --- Array::log() start -----------------------------------
20260620 224153.380 INFO             PET0       OCN-TO-ATM: InitializeIPDv05p6a extro {ES}:! ! ! 0x14801ec00
20260620 224153.380 INFO             PET0       OCN-TO-ATM: InitializeIPDv05p6a extro {ES}:! ! ! <name: sea_surface_temperature>
20260620 224153.380 INFO             PET0       OCN-TO-ATM: InitializeIPDv05p6a extro {ES}:! ! ! ! --- DistGrid::log() start --------------------------------
20260620 224153.380 INFO             PET0       OCN-TO-ATM: InitializeIPDv05p6a extro {ES}:! ! ! ! 0x14803fa00
20260620 224153.380 INFO             PET0       OCN-TO-ATM: InitializeIPDv05p6a extro {ES}:! ! ! ! DistGrid object is valid!<name: DG-Grid003-sloc:0>
20260620 224153.380 INFO             PET0       OCN-TO-ATM: InitializeIPDv05p6a extro {ES}:! ! ! ! --- DistGrid::log() end ----------------------------------
20260620 224153.380 INFO             PET0       OCN-TO-ATM: InitializeIPDv05p6a extro {ES}:! ! ! --- Array::log() end -------------------------------------
20260620 224153.380 INFO             PET0       OCN-TO-ATM: InitializeIPDv05p6a extro {ES}:! !--- FieldLog() end -------------------
20260620 224153.380 INFO             PET0       OCN-TO-ATM: InitializeIPDv05p6a extro {ES}:--- StateLog() end -------------------
20260620 224153.380 INFO             PET0     OCN-TO-ATM: InitializeIPDv05p6a extro.
20260620 224153.380 INFO             PET0     ATM-TO-OCN: InitializeIPDv05p6b intro.
20260620 224153.380 INFO             PET0       ATM-TO-OCN: InitializeIPDv05p6b intro {IS}:--- StateLog() start -----------------
20260620 224153.380 INFO             PET0       ATM-TO-OCN: InitializeIPDv05p6b intro {IS}:<name: ATM-ExportState> <intent: ESMF_STATEINTENT_EXPORT> <itemCount:    0>
20260620 224153.380 INFO             PET0       ATM-TO-OCN: InitializeIPDv05p6b intro {IS}:--- StateLog() end -------------------
20260620 224153.380 INFO             PET0       ATM-TO-OCN: InitializeIPDv05p6b intro {ES}:--- StateLog() start -----------------
20260620 224153.380 INFO             PET0       ATM-TO-OCN: InitializeIPDv05p6b intro {ES}:<name: OCN-ImportState> <intent: ESMF_STATEINTENT_IMPORT> <itemCount:    0>
20260620 224153.380 INFO             PET0       ATM-TO-OCN: InitializeIPDv05p6b intro {ES}:--- StateLog() end -------------------
20260620 224153.380 INFO             PET0       ATM-TO-OCN: called default label_ComputeRouteHandle
20260620 224153.380 INFO             PET0        DetermineSrcDstOverlap: srcDstOverlap= F
20260620 224153.380 INFO             PET0        BuildUpdatePackets: final UpdatePacket count= 0
20260620 224153.380 INFO             PET0       ATM-TO-OCN: CplSet List:
20260620 224153.380 INFO             PET0       ATM-TO-OCN: InitializeIPDv05p6b extro {IS}:--- StateLog() start -----------------
20260620 224153.380 INFO             PET0       ATM-TO-OCN: InitializeIPDv05p6b extro {IS}:<name: ATM-ExportState> <intent: ESMF_STATEINTENT_EXPORT> <itemCount:    0>
20260620 224153.380 INFO             PET0       ATM-TO-OCN: InitializeIPDv05p6b extro {IS}:--- StateLog() end -------------------
20260620 224153.380 INFO             PET0       ATM-TO-OCN: InitializeIPDv05p6b extro {ES}:--- StateLog() start -----------------
20260620 224153.380 INFO             PET0       ATM-TO-OCN: InitializeIPDv05p6b extro {ES}:<name: OCN-ImportState> <intent: ESMF_STATEINTENT_IMPORT> <itemCount:    0>
20260620 224153.380 INFO             PET0       ATM-TO-OCN: InitializeIPDv05p6b extro {ES}:--- StateLog() end -------------------
20260620 224153.380 INFO             PET0     ATM-TO-OCN: InitializeIPDv05p6b extro.
20260620 224153.381 INFO             PET0     OCN-TO-ATM: InitializeIPDv05p6b intro.
20260620 224153.381 INFO             PET0       OCN-TO-ATM: InitializeIPDv05p6b intro {IS}:--- StateLog() start -----------------
20260620 224153.381 INFO             PET0       OCN-TO-ATM: InitializeIPDv05p6b intro {IS}:<name: OCN-ExportState> <intent: ESMF_STATEINTENT_EXPORT> <itemCount:    1>
20260620 224153.381 INFO             PET0       OCN-TO-ATM: InitializeIPDv05p6b intro {IS}:+-<item: 0001> <itemType: Field> <itemName: sst>
20260620 224153.381 INFO             PET0       OCN-TO-ATM: InitializeIPDv05p6b intro {IS}:!--- FieldLog() start -----------------
20260620 224153.381 INFO             PET0       OCN-TO-ATM: InitializeIPDv05p6b intro {IS}:! <name: sst> <fieldStatus: ESMF_FIELDSTATUS_COMPLETE>
20260620 224153.381 INFO             PET0       OCN-TO-ATM: InitializeIPDv05p6b intro {IS}:! 0x16b685348 => 0x106578ca0 => 0x147722ac0
20260620 224153.381 INFO             PET0       OCN-TO-ATM: InitializeIPDv05p6b intro {IS}:! <typekind: Real*8> <rank:    2> <dimCount:    2>
20260620 224153.381 INFO             PET0       OCN-TO-ATM: InitializeIPDv05p6b intro {IS}:! ! --- Array::log() start -----------------------------------
20260620 224153.381 INFO             PET0       OCN-TO-ATM: InitializeIPDv05p6b intro {IS}:! ! 0x148045a00
20260620 224153.381 INFO             PET0       OCN-TO-ATM: InitializeIPDv05p6b intro {IS}:! ! <name: sst>
20260620 224153.381 INFO             PET0       OCN-TO-ATM: InitializeIPDv05p6b intro {IS}:! ! ! --- DistGrid::log() start --------------------------------
20260620 224153.381 INFO             PET0       OCN-TO-ATM: InitializeIPDv05p6b intro {IS}:! ! ! 0x148046000
20260620 224153.381 INFO             PET0       OCN-TO-ATM: InitializeIPDv05p6b intro {IS}:! ! ! DistGrid object is valid!<name: DG-Grid003-sloc:0>
20260620 224153.381 INFO             PET0       OCN-TO-ATM: InitializeIPDv05p6b intro {IS}:! ! ! --- DistGrid::log() end ----------------------------------
20260620 224153.381 INFO             PET0       OCN-TO-ATM: InitializeIPDv05p6b intro {IS}:! ! --- Array::log() end -------------------------------------
20260620 224153.381 INFO             PET0       OCN-TO-ATM: InitializeIPDv05p6b intro {IS}:!--- FieldLog() end -------------------
20260620 224153.381 INFO             PET0       OCN-TO-ATM: InitializeIPDv05p6b intro {IS}:--- StateLog() end -------------------
20260620 224153.381 INFO             PET0       OCN-TO-ATM: InitializeIPDv05p6b intro {ES}:--- StateLog() start -----------------
20260620 224153.381 INFO             PET0       OCN-TO-ATM: InitializeIPDv05p6b intro {ES}:<name: ATM-ImportState> <intent: ESMF_STATEINTENT_IMPORT> <itemCount:    1>
20260620 224153.381 INFO             PET0       OCN-TO-ATM: InitializeIPDv05p6b intro {ES}:+-<item: 0001> <itemType: State> <itemName: ATM-ImportState-namespace:OCN>
20260620 224153.381 INFO             PET0       OCN-TO-ATM: InitializeIPDv05p6b intro {ES}:! <name: ATM-ImportState-namespace:OCN> <intent: ESMF_STATEINTENT_IMPORT> <itemCount:    1>
20260620 224153.381 INFO             PET0       OCN-TO-ATM: InitializeIPDv05p6b intro {ES}:! +-<item: 0001> <itemType: Field> <itemName: sea_surface_temperature>
20260620 224153.381 INFO             PET0       OCN-TO-ATM: InitializeIPDv05p6b intro {ES}:! !--- FieldLog() start -----------------
20260620 224153.381 INFO             PET0       OCN-TO-ATM: InitializeIPDv05p6b intro {ES}:! ! <name: sea_surface_temperature> <fieldStatus: ESMF_FIELDSTATUS_COMPLETE>
20260620 224153.381 INFO             PET0       OCN-TO-ATM: InitializeIPDv05p6b intro {ES}:! ! 0x16b6838a8 => 0x106579f50 => 0x14771c620
20260620 224153.381 INFO             PET0       OCN-TO-ATM: InitializeIPDv05p6b intro {ES}:! ! <typekind: Real*8> <rank:    2> <dimCount:    2>
20260620 224153.381 INFO             PET0       OCN-TO-ATM: InitializeIPDv05p6b intro {ES}:! ! ! --- Array::log() start -----------------------------------
20260620 224153.381 INFO             PET0       OCN-TO-ATM: InitializeIPDv05p6b intro {ES}:! ! ! 0x14801ec00
20260620 224153.381 INFO             PET0       OCN-TO-ATM: InitializeIPDv05p6b intro {ES}:! ! ! <name: sea_surface_temperature>
20260620 224153.381 INFO             PET0       OCN-TO-ATM: InitializeIPDv05p6b intro {ES}:! ! ! ! --- DistGrid::log() start --------------------------------
20260620 224153.381 INFO             PET0       OCN-TO-ATM: InitializeIPDv05p6b intro {ES}:! ! ! ! 0x14803fa00
20260620 224153.381 INFO             PET0       OCN-TO-ATM: InitializeIPDv05p6b intro {ES}:! ! ! ! DistGrid object is valid!<name: DG-Grid003-sloc:0>
20260620 224153.381 INFO             PET0       OCN-TO-ATM: InitializeIPDv05p6b intro {ES}:! ! ! ! --- DistGrid::log() end ----------------------------------
20260620 224153.381 INFO             PET0       OCN-TO-ATM: InitializeIPDv05p6b intro {ES}:! ! ! --- Array::log() end -------------------------------------
20260620 224153.381 INFO             PET0       OCN-TO-ATM: InitializeIPDv05p6b intro {ES}:! !--- FieldLog() end -------------------
20260620 224153.381 INFO             PET0       OCN-TO-ATM: InitializeIPDv05p6b intro {ES}:--- StateLog() end -------------------
20260620 224153.381 INFO             PET0       OCN-TO-ATM: handle cplList(1): sea_surface_temperature, cplSetList(1): __UNSPECIFIED__
20260620 224153.381 INFO             PET0       OCN-TO-ATM: - no Field sharing between import and export side: remap.
20260620 224153.381 DEBUG            PET0       ESMF_FieldBundleRegridStorePair(): srcField: sst dimCount= 2 rank= 2
20260620 224153.381 DEBUG            PET0       ESMF_FieldBundleRegridStorePair(): dstField: sea_surface_temperature dimCount= 2 rank= 2
20260620 224153.381 DEBUG            PET0       ESMF_FieldBundleRegridStorePair(): Inside 'rhReuse' branch!
20260620 224153.381 DEBUG            PET0       ESMF_FieldBundleRegridStorePair(): srcGeomtype==ESMF_GEOMTYPE_GRID dimCount= 2
20260620 224153.381 DEBUG            PET0       ESMF_FieldBundleRegridStorePair(): dstGeomtype==ESMF_GEOMTYPE_GRID dimCount= 2
20260620 224153.381 DEBUG            PET0       ESMF_FieldBundleRegridStorePair(): no rhListMatch -> pre-compute new remapping!
20260620 224153.381 DEBUG            PET0       ESMF_FieldBundleRegridStorePair(): must precompute full regridding!
20260620 224153.427 INFO             PET0       OCN-TO-ATM: called default label_ComputeRouteHandle
20260620 224153.427 INFO             PET0        DetermineSrcDstOverlap: sst, srcLocalPet= -1
20260620 224153.427 INFO             PET0        DetermineSrcDstOverlap: sea_surface_temperature, dstLocalPet= 0
20260620 224153.427 INFO             PET0        DetermineSrcDstOverlap: srcDstOverlap= F
20260620 224153.428 INFO             PET0        BuildUpdatePackets: sst, srcLocalPet= -1
20260620 224153.428 INFO             PET0        BuildUpdatePackets: sea_surface_temperature, dstLocalPet= 0
20260620 224153.428 INFO             PET0        creating new UpdatePacket for srcPetCount= 2  dstPetCount= 2
20260620 224153.428 INFO             PET0        upE%sendToPets list of size 0 :
20260620 224153.428 INFO             PET0        upE%recvFromPet= 0
20260620 224153.428 INFO             PET0        after field add, now upE%fieldCount= 1
20260620 224153.428 INFO             PET0        BuildUpdatePackets: final UpdatePacket count= 1
20260620 224153.428 INFO             PET0       OCN-TO-ATM: CplSet List:
20260620 224153.428 INFO             PET0       OCN-TO-ATM: ->CplSet(  1): __UNSPECIFIED__
20260620 224153.428 INFO             PET0       OCN-TO-ATM: -->Field(  1): sea_surface_temperature
20260620 224153.428 INFO             PET0       OCN-TO-ATM: InitializeIPDv05p6b extro {IS}:--- StateLog() start -----------------
20260620 224153.428 INFO             PET0       OCN-TO-ATM: InitializeIPDv05p6b extro {IS}:<name: OCN-ExportState> <intent: ESMF_STATEINTENT_EXPORT> <itemCount:    1>
20260620 224153.428 INFO             PET0       OCN-TO-ATM: InitializeIPDv05p6b extro {IS}:+-<item: 0001> <itemType: Field> <itemName: sst>
20260620 224153.428 INFO             PET0       OCN-TO-ATM: InitializeIPDv05p6b extro {IS}:!--- FieldLog() start -----------------
20260620 224153.428 INFO             PET0       OCN-TO-ATM: InitializeIPDv05p6b extro {IS}:! <name: sst> <fieldStatus: ESMF_FIELDSTATUS_COMPLETE>
20260620 224153.428 INFO             PET0       OCN-TO-ATM: InitializeIPDv05p6b extro {IS}:! 0x16b686558 => 0x106578ca0 => 0x147722ac0
20260620 224153.428 INFO             PET0       OCN-TO-ATM: InitializeIPDv05p6b extro {IS}:! <typekind: Real*8> <rank:    2> <dimCount:    2>
20260620 224153.428 INFO             PET0       OCN-TO-ATM: InitializeIPDv05p6b extro {IS}:! ! --- Array::log() start -----------------------------------
20260620 224153.428 INFO             PET0       OCN-TO-ATM: InitializeIPDv05p6b extro {IS}:! ! 0x148045a00
20260620 224153.428 INFO             PET0       OCN-TO-ATM: InitializeIPDv05p6b extro {IS}:! ! <name: sst>
20260620 224153.428 INFO             PET0       OCN-TO-ATM: InitializeIPDv05p6b extro {IS}:! ! ! --- DistGrid::log() start --------------------------------
20260620 224153.428 INFO             PET0       OCN-TO-ATM: InitializeIPDv05p6b extro {IS}:! ! ! 0x148046000
20260620 224153.428 INFO             PET0       OCN-TO-ATM: InitializeIPDv05p6b extro {IS}:! ! ! DistGrid object is valid!<name: DG-Grid003-sloc:0>
20260620 224153.428 INFO             PET0       OCN-TO-ATM: InitializeIPDv05p6b extro {IS}:! ! ! --- DistGrid::log() end ----------------------------------
20260620 224153.428 INFO             PET0       OCN-TO-ATM: InitializeIPDv05p6b extro {IS}:! ! --- Array::log() end -------------------------------------
20260620 224153.428 INFO             PET0       OCN-TO-ATM: InitializeIPDv05p6b extro {IS}:!--- FieldLog() end -------------------
20260620 224153.428 INFO             PET0       OCN-TO-ATM: InitializeIPDv05p6b extro {IS}:--- StateLog() end -------------------
20260620 224153.428 INFO             PET0       OCN-TO-ATM: InitializeIPDv05p6b extro {ES}:--- StateLog() start -----------------
20260620 224153.428 INFO             PET0       OCN-TO-ATM: InitializeIPDv05p6b extro {ES}:<name: ATM-ImportState> <intent: ESMF_STATEINTENT_IMPORT> <itemCount:    1>
20260620 224153.428 INFO             PET0       OCN-TO-ATM: InitializeIPDv05p6b extro {ES}:+-<item: 0001> <itemType: State> <itemName: ATM-ImportState-namespace:OCN>
20260620 224153.428 INFO             PET0       OCN-TO-ATM: InitializeIPDv05p6b extro {ES}:! <name: ATM-ImportState-namespace:OCN> <intent: ESMF_STATEINTENT_IMPORT> <itemCount:    1>
20260620 224153.428 INFO             PET0       OCN-TO-ATM: InitializeIPDv05p6b extro {ES}:! +-<item: 0001> <itemType: Field> <itemName: sea_surface_temperature>
20260620 224153.428 INFO             PET0       OCN-TO-ATM: InitializeIPDv05p6b extro {ES}:! !--- FieldLog() start -----------------
20260620 224153.428 INFO             PET0       OCN-TO-ATM: InitializeIPDv05p6b extro {ES}:! ! <name: sea_surface_temperature> <fieldStatus: ESMF_FIELDSTATUS_COMPLETE>
20260620 224153.428 INFO             PET0       OCN-TO-ATM: InitializeIPDv05p6b extro {ES}:! ! 0x16b684ab8 => 0x106579f50 => 0x14771c620
20260620 224153.428 INFO             PET0       OCN-TO-ATM: InitializeIPDv05p6b extro {ES}:! ! <typekind: Real*8> <rank:    2> <dimCount:    2>
20260620 224153.428 INFO             PET0       OCN-TO-ATM: InitializeIPDv05p6b extro {ES}:! ! ! --- Array::log() start -----------------------------------
20260620 224153.428 INFO             PET0       OCN-TO-ATM: InitializeIPDv05p6b extro {ES}:! ! ! 0x14801ec00
20260620 224153.428 INFO             PET0       OCN-TO-ATM: InitializeIPDv05p6b extro {ES}:! ! ! <name: sea_surface_temperature>
20260620 224153.428 INFO             PET0       OCN-TO-ATM: InitializeIPDv05p6b extro {ES}:! ! ! ! --- DistGrid::log() start --------------------------------
20260620 224153.428 INFO             PET0       OCN-TO-ATM: InitializeIPDv05p6b extro {ES}:! ! ! ! 0x14803fa00
20260620 224153.428 INFO             PET0       OCN-TO-ATM: InitializeIPDv05p6b extro {ES}:! ! ! ! DistGrid object is valid!<name: DG-Grid003-sloc:0>
20260620 224153.428 INFO             PET0       OCN-TO-ATM: InitializeIPDv05p6b extro {ES}:! ! ! ! --- DistGrid::log() end ----------------------------------
20260620 224153.428 INFO             PET0       OCN-TO-ATM: InitializeIPDv05p6b extro {ES}:! ! ! --- Array::log() end -------------------------------------
20260620 224153.428 INFO             PET0       OCN-TO-ATM: InitializeIPDv05p6b extro {ES}:! !--- FieldLog() end -------------------
20260620 224153.428 INFO             PET0       OCN-TO-ATM: InitializeIPDv05p6b extro {ES}:--- StateLog() end -------------------
20260620 224153.428 INFO             PET0     OCN-TO-ATM: InitializeIPDv05p6b extro.
20260620 224153.428 INFO             PET0     ATM: InitializeIPDvXp07 intro.
20260620 224153.428 INFO             PET0       ATM: InitializeIPDvXp07 intro {IS}:--- StateLog() start -----------------
20260620 224153.428 INFO             PET0       ATM: InitializeIPDvXp07 intro {IS}:<name: ATM-ImportState> <intent: ESMF_STATEINTENT_IMPORT> <itemCount:    1>
20260620 224153.428 INFO             PET0       ATM: InitializeIPDvXp07 intro {IS}:+-<item: 0001> <itemType: State> <itemName: ATM-ImportState-namespace:OCN>
20260620 224153.428 INFO             PET0       ATM: InitializeIPDvXp07 intro {IS}:! <name: ATM-ImportState-namespace:OCN> <intent: ESMF_STATEINTENT_IMPORT> <itemCount:    1>
20260620 224153.428 INFO             PET0       ATM: InitializeIPDvXp07 intro {IS}:! +-<item: 0001> <itemType: Field> <itemName: sea_surface_temperature>
20260620 224153.428 INFO             PET0       ATM: InitializeIPDvXp07 intro {IS}:! !--- FieldLog() start -----------------
20260620 224153.428 INFO             PET0       ATM: InitializeIPDvXp07 intro {IS}:! ! <name: sea_surface_temperature> <fieldStatus: ESMF_FIELDSTATUS_COMPLETE>
20260620 224153.428 INFO             PET0       ATM: InitializeIPDvXp07 intro {IS}:! ! 0x16b688638 => 0x106579f50 => 0x14771c620
20260620 224153.428 INFO             PET0       ATM: InitializeIPDvXp07 intro {IS}:! ! <typekind: Real*8> <rank:    2> <dimCount:    2>
20260620 224153.428 INFO             PET0       ATM: InitializeIPDvXp07 intro {IS}:! ! ! --- Array::log() start -----------------------------------
20260620 224153.428 INFO             PET0       ATM: InitializeIPDvXp07 intro {IS}:! ! ! 0x14801ec00
20260620 224153.428 INFO             PET0       ATM: InitializeIPDvXp07 intro {IS}:! ! ! <name: sea_surface_temperature>
20260620 224153.428 INFO             PET0       ATM: InitializeIPDvXp07 intro {IS}:! ! ! ! --- DistGrid::log() start --------------------------------
20260620 224153.428 INFO             PET0       ATM: InitializeIPDvXp07 intro {IS}:! ! ! ! 0x14803fa00
20260620 224153.428 INFO             PET0       ATM: InitializeIPDvXp07 intro {IS}:! ! ! ! DistGrid object is valid!<name: DG-Grid003-sloc:0>
20260620 224153.428 INFO             PET0       ATM: InitializeIPDvXp07 intro {IS}:! ! ! ! --- DistGrid::log() end ----------------------------------
20260620 224153.428 INFO             PET0       ATM: InitializeIPDvXp07 intro {IS}:! ! ! --- Array::log() end -------------------------------------
20260620 224153.428 INFO             PET0       ATM: InitializeIPDvXp07 intro {IS}:! !--- FieldLog() end -------------------
20260620 224153.428 INFO             PET0       ATM: InitializeIPDvXp07 intro {IS}:--- StateLog() end -------------------
20260620 224153.428 INFO             PET0       ATM: InitializeIPDvXp07 intro {ES}:--- StateLog() start -----------------
20260620 224153.428 INFO             PET0       ATM: InitializeIPDvXp07 intro {ES}:<name: ATM-ExportState> <intent: ESMF_STATEINTENT_EXPORT> <itemCount:    0>
20260620 224153.428 INFO             PET0       ATM: InitializeIPDvXp07 intro {ES}:--- StateLog() end -------------------
20260620 224153.428 INFO             PET0       >>>ATM: entered Initialize (phase=IPDvXp07) without valid internal Clock.
20260620 224153.428 INFO             PET0       <<<ATM: leaving Initialize (phase=IPDvXp07) with current time: 2010  6  1  0  0  0   0
20260620 224153.428 INFO             PET0       ATM: InitializeIPDvXp07 extro {IS}:--- StateLog() start -----------------
20260620 224153.428 INFO             PET0       ATM: InitializeIPDvXp07 extro {IS}:<name: ATM-ImportState> <intent: ESMF_STATEINTENT_IMPORT> <itemCount:    1>
20260620 224153.428 INFO             PET0       ATM: InitializeIPDvXp07 extro {IS}:+-<item: 0001> <itemType: State> <itemName: ATM-ImportState-namespace:OCN>
20260620 224153.428 INFO             PET0       ATM: InitializeIPDvXp07 extro {IS}:! <name: ATM-ImportState-namespace:OCN> <intent: ESMF_STATEINTENT_IMPORT> <itemCount:    1>
20260620 224153.428 INFO             PET0       ATM: InitializeIPDvXp07 extro {IS}:! +-<item: 0001> <itemType: Field> <itemName: sea_surface_temperature>
20260620 224153.428 INFO             PET0       ATM: InitializeIPDvXp07 extro {IS}:! !--- FieldLog() start -----------------
20260620 224153.428 INFO             PET0       ATM: InitializeIPDvXp07 extro {IS}:! ! <name: sea_surface_temperature> <fieldStatus: ESMF_FIELDSTATUS_COMPLETE>
20260620 224153.428 INFO             PET0       ATM: InitializeIPDvXp07 extro {IS}:! ! 0x16b689848 => 0x106579f50 => 0x14771c620
20260620 224153.429 INFO             PET0       ATM: InitializeIPDvXp07 extro {IS}:! ! <typekind: Real*8> <rank:    2> <dimCount:    2>
20260620 224153.429 INFO             PET0       ATM: InitializeIPDvXp07 extro {IS}:! ! ! --- Array::log() start -----------------------------------
20260620 224153.429 INFO             PET0       ATM: InitializeIPDvXp07 extro {IS}:! ! ! 0x14801ec00
20260620 224153.429 INFO             PET0       ATM: InitializeIPDvXp07 extro {IS}:! ! ! <name: sea_surface_temperature>
20260620 224153.429 INFO             PET0       ATM: InitializeIPDvXp07 extro {IS}:! ! ! ! --- DistGrid::log() start --------------------------------
20260620 224153.429 INFO             PET0       ATM: InitializeIPDvXp07 extro {IS}:! ! ! ! 0x14803fa00
20260620 224153.429 INFO             PET0       ATM: InitializeIPDvXp07 extro {IS}:! ! ! ! DistGrid object is valid!<name: DG-Grid003-sloc:0>
20260620 224153.429 INFO             PET0       ATM: InitializeIPDvXp07 extro {IS}:! ! ! ! --- DistGrid::log() end ----------------------------------
20260620 224153.429 INFO             PET0       ATM: InitializeIPDvXp07 extro {IS}:! ! ! --- Array::log() end -------------------------------------
20260620 224153.429 INFO             PET0       ATM: InitializeIPDvXp07 extro {IS}:! !--- FieldLog() end -------------------
20260620 224153.429 INFO             PET0       ATM: InitializeIPDvXp07 extro {IS}:--- StateLog() end -------------------
20260620 224153.429 INFO             PET0       ATM: InitializeIPDvXp07 extro {ES}:--- StateLog() start -----------------
20260620 224153.429 INFO             PET0       ATM: InitializeIPDvXp07 extro {ES}:<name: ATM-ExportState> <intent: ESMF_STATEINTENT_EXPORT> <itemCount:    0>
20260620 224153.429 INFO             PET0       ATM: InitializeIPDvXp07 extro {ES}:--- StateLog() end -------------------
20260620 224153.429 INFO             PET0     ATM: InitializeIPDvXp07 extro.
20260620 224153.429 INFO             PET0     <<<esm: leaving Initialize (phase=<none>) with current time: 2010  6  1  0  0  0   0
20260620 224153.429 INFO             PET0     esm: InitializeIPDv02p3 extro {IS}:--- StateLog() start -----------------
20260620 224153.429 INFO             PET0     esm: InitializeIPDv02p3 extro {IS}:State object is invalid! Not created or deleted!
20260620 224153.429 INFO             PET0     esm: InitializeIPDv02p3 extro {IS}:--- StateLog() end -------------------
20260620 224153.429 INFO             PET0     esm: InitializeIPDv02p3 extro {ES}:--- StateLog() start -----------------
20260620 224153.429 INFO             PET0     esm: InitializeIPDv02p3 extro {ES}:State object is invalid! Not created or deleted!
20260620 224153.429 INFO             PET0     esm: InitializeIPDv02p3 extro {ES}:--- StateLog() end -------------------
20260620 224153.429 INFO             PET0   esm: InitializeIPDv02p3 extro.
20260620 224153.429 INFO             PET0   esm: InitializeIPDv02p5 intro.
20260620 224153.429 INFO             PET0     esm: InitializeIPDv02p5 intro {IS}:--- StateLog() start -----------------
20260620 224153.429 INFO             PET0     esm: InitializeIPDv02p5 intro {IS}:State object is invalid! Not created or deleted!
20260620 224153.429 INFO             PET0     esm: InitializeIPDv02p5 intro {IS}:--- StateLog() end -------------------
20260620 224153.429 INFO             PET0     esm: InitializeIPDv02p5 intro {ES}:--- StateLog() start -----------------
20260620 224153.429 INFO             PET0     esm: InitializeIPDv02p5 intro {ES}:State object is invalid! Not created or deleted!
20260620 224153.429 INFO             PET0     esm: InitializeIPDv02p5 intro {ES}:--- StateLog() end -------------------
20260620 224153.429 INFO             PET0     >>>esm: entered Initialize (phase=<none>) with current time: 2010  6  1  0  0  0   0
20260620 224153.429 INFO             PET0     esm: this is a top level driver, no 'Updated' and 'InitializeDataComplete' info on this level.
20260620 224153.429 INFO             PET0     esm: InitializeIPDv02p5Data intro.
20260620 224153.429 INFO             PET0       esm: InitializeIPDv02p5Data intro {IS}:--- StateLog() start -----------------
20260620 224153.429 INFO             PET0       esm: InitializeIPDv02p5Data intro {IS}:State object is invalid! Not created or deleted!
20260620 224153.429 INFO             PET0       esm: InitializeIPDv02p5Data intro {IS}:--- StateLog() end -------------------
20260620 224153.429 INFO             PET0       esm: InitializeIPDv02p5Data intro {ES}:--- StateLog() start -----------------
20260620 224153.429 INFO             PET0       esm: InitializeIPDv02p5Data intro {ES}:State object is invalid! Not created or deleted!
20260620 224153.429 INFO             PET0       esm: InitializeIPDv02p5Data intro {ES}:--- StateLog() end -------------------
20260620 224153.429 INFO             PET0       >>>esm: entered Initialize (phase=<none>) with current time: 2010  6  1  0  0  0   0
20260620 224153.429 INFO             PET0       esm: InternalInitializeComplete intro.
20260620 224153.429 INFO             PET0         esm: InternalInitializeComplete intro {IS}:--- StateLog() start -----------------
20260620 224153.429 INFO             PET0         esm: InternalInitializeComplete intro {IS}:State object is invalid! Not created or deleted!
20260620 224153.429 INFO             PET0         esm: InternalInitializeComplete intro {IS}:--- StateLog() end -------------------
20260620 224153.429 INFO             PET0         esm: InternalInitializeComplete intro {ES}:--- StateLog() start -----------------
20260620 224153.429 INFO             PET0         esm: InternalInitializeComplete intro {ES}:State object is invalid! Not created or deleted!
20260620 224153.429 INFO             PET0         esm: InternalInitializeComplete intro {ES}:--- StateLog() end -------------------
20260620 224153.429 INFO             PET0         >>>esm: entered Initialize (phase=<none>) with current time: 2010  6  1  0  0  0   0
20260620 224153.429 INFO             PET0         esm: InitializeDataComplete='true'
20260620 224153.429 INFO             PET0         <<<esm: leaving Initialize (phase=<none>) with current time: 2010  6  1  0  0  0   0
20260620 224153.429 INFO             PET0         esm: InternalInitializeComplete extro {IS}:--- StateLog() start -----------------
20260620 224153.429 INFO             PET0         esm: InternalInitializeComplete extro {IS}:State object is invalid! Not created or deleted!
20260620 224153.429 INFO             PET0         esm: InternalInitializeComplete extro {IS}:--- StateLog() end -------------------
20260620 224153.429 INFO             PET0         esm: InternalInitializeComplete extro {ES}:--- StateLog() start -----------------
20260620 224153.429 INFO             PET0         esm: InternalInitializeComplete extro {ES}:State object is invalid! Not created or deleted!
20260620 224153.429 INFO             PET0         esm: InternalInitializeComplete extro {ES}:--- StateLog() end -------------------
20260620 224153.429 INFO             PET0       esm: InternalInitializeComplete extro.
20260620 224153.430 INFO             PET0       ATM: InitializeIPDv01p5 intro.
20260620 224153.430 INFO             PET0         ATM: InitializeIPDv01p5 intro {IS}:--- StateLog() start -----------------
20260620 224153.430 INFO             PET0         ATM: InitializeIPDv01p5 intro {IS}:<name: ATM-ImportState> <intent: ESMF_STATEINTENT_IMPORT> <itemCount:    1>
20260620 224153.430 INFO             PET0         ATM: InitializeIPDv01p5 intro {IS}:+-<item: 0001> <itemType: State> <itemName: ATM-ImportState-namespace:OCN>
20260620 224153.430 INFO             PET0         ATM: InitializeIPDv01p5 intro {IS}:! <name: ATM-ImportState-namespace:OCN> <intent: ESMF_STATEINTENT_IMPORT> <itemCount:    1>
20260620 224153.430 INFO             PET0         ATM: InitializeIPDv01p5 intro {IS}:! +-<item: 0001> <itemType: Field> <itemName: sea_surface_temperature>
20260620 224153.430 INFO             PET0         ATM: InitializeIPDv01p5 intro {IS}:! !--- FieldLog() start -----------------
20260620 224153.430 INFO             PET0         ATM: InitializeIPDv01p5 intro {IS}:! ! <name: sea_surface_temperature> <fieldStatus: ESMF_FIELDSTATUS_COMPLETE>
20260620 224153.430 INFO             PET0         ATM: InitializeIPDv01p5 intro {IS}:! ! 0x16b686aa8 => 0x106579f50 => 0x14771c620
20260620 224153.430 INFO             PET0         ATM: InitializeIPDv01p5 intro {IS}:! ! <typekind: Real*8> <rank:    2> <dimCount:    2>
20260620 224153.430 INFO             PET0         ATM: InitializeIPDv01p5 intro {IS}:! ! ! --- Array::log() start -----------------------------------
20260620 224153.430 INFO             PET0         ATM: InitializeIPDv01p5 intro {IS}:! ! ! 0x14801ec00
20260620 224153.430 INFO             PET0         ATM: InitializeIPDv01p5 intro {IS}:! ! ! <name: sea_surface_temperature>
20260620 224153.430 INFO             PET0         ATM: InitializeIPDv01p5 intro {IS}:! ! ! ! --- DistGrid::log() start --------------------------------
20260620 224153.430 INFO             PET0         ATM: InitializeIPDv01p5 intro {IS}:! ! ! ! 0x14803fa00
20260620 224153.430 INFO             PET0         ATM: InitializeIPDv01p5 intro {IS}:! ! ! ! DistGrid object is valid!<name: DG-Grid003-sloc:0>
20260620 224153.430 INFO             PET0         ATM: InitializeIPDv01p5 intro {IS}:! ! ! ! --- DistGrid::log() end ----------------------------------
20260620 224153.430 INFO             PET0         ATM: InitializeIPDv01p5 intro {IS}:! ! ! --- Array::log() end -------------------------------------
20260620 224153.430 INFO             PET0         ATM: InitializeIPDv01p5 intro {IS}:! !--- FieldLog() end -------------------
20260620 224153.430 INFO             PET0         ATM: InitializeIPDv01p5 intro {IS}:--- StateLog() end -------------------
20260620 224153.430 INFO             PET0         ATM: InitializeIPDv01p5 intro {ES}:--- StateLog() start -----------------
20260620 224153.430 INFO             PET0         ATM: InitializeIPDv01p5 intro {ES}:<name: ATM-ExportState> <intent: ESMF_STATEINTENT_EXPORT> <itemCount:    0>
20260620 224153.430 INFO             PET0         ATM: InitializeIPDv01p5 intro {ES}:--- StateLog() end -------------------
20260620 224153.430 INFO             PET0         >>>ATM: entered Initialize (phase=IPDvXp08) with current time: 2010  6  1  0  0  0   0
20260620 224153.430 INFO             PET0         <<<ATM: leaving Initialize (phase=IPDvXp08) with current time: 2010  6  1  0  0  0   0
20260620 224153.430 INFO             PET0         ATM: InitializeIPDv01p5 extro {IS}:--- StateLog() start -----------------
20260620 224153.430 INFO             PET0         ATM: InitializeIPDv01p5 extro {IS}:<name: ATM-ImportState> <intent: ESMF_STATEINTENT_IMPORT> <itemCount:    1>
20260620 224153.430 INFO             PET0         ATM: InitializeIPDv01p5 extro {IS}:+-<item: 0001> <itemType: State> <itemName: ATM-ImportState-namespace:OCN>
20260620 224153.430 INFO             PET0         ATM: InitializeIPDv01p5 extro {IS}:! <name: ATM-ImportState-namespace:OCN> <intent: ESMF_STATEINTENT_IMPORT> <itemCount:    1>
20260620 224153.430 INFO             PET0         ATM: InitializeIPDv01p5 extro {IS}:! +-<item: 0001> <itemType: Field> <itemName: sea_surface_temperature>
20260620 224153.430 INFO             PET0         ATM: InitializeIPDv01p5 extro {IS}:! !--- FieldLog() start -----------------
20260620 224153.430 INFO             PET0         ATM: InitializeIPDv01p5 extro {IS}:! ! <name: sea_surface_temperature> <fieldStatus: ESMF_FIELDSTATUS_COMPLETE>
20260620 224153.430 INFO             PET0         ATM: InitializeIPDv01p5 extro {IS}:! ! 0x16b687cb8 => 0x106579f50 => 0x14771c620
20260620 224153.430 INFO             PET0         ATM: InitializeIPDv01p5 extro {IS}:! ! <typekind: Real*8> <rank:    2> <dimCount:    2>
20260620 224153.430 INFO             PET0         ATM: InitializeIPDv01p5 extro {IS}:! ! ! --- Array::log() start -----------------------------------
20260620 224153.430 INFO             PET0         ATM: InitializeIPDv01p5 extro {IS}:! ! ! 0x14801ec00
20260620 224153.430 INFO             PET0         ATM: InitializeIPDv01p5 extro {IS}:! ! ! <name: sea_surface_temperature>
20260620 224153.430 INFO             PET0         ATM: InitializeIPDv01p5 extro {IS}:! ! ! ! --- DistGrid::log() start --------------------------------
20260620 224153.430 INFO             PET0         ATM: InitializeIPDv01p5 extro {IS}:! ! ! ! 0x14803fa00
20260620 224153.430 INFO             PET0         ATM: InitializeIPDv01p5 extro {IS}:! ! ! ! DistGrid object is valid!<name: DG-Grid003-sloc:0>
20260620 224153.430 INFO             PET0         ATM: InitializeIPDv01p5 extro {IS}:! ! ! ! --- DistGrid::log() end ----------------------------------
20260620 224153.430 INFO             PET0         ATM: InitializeIPDv01p5 extro {IS}:! ! ! --- Array::log() end -------------------------------------
20260620 224153.430 INFO             PET0         ATM: InitializeIPDv01p5 extro {IS}:! !--- FieldLog() end -------------------
20260620 224153.430 INFO             PET0         ATM: InitializeIPDv01p5 extro {IS}:--- StateLog() end -------------------
20260620 224153.430 INFO             PET0         ATM: InitializeIPDv01p5 extro {ES}:--- StateLog() start -----------------
20260620 224153.430 INFO             PET0         ATM: InitializeIPDv01p5 extro {ES}:<name: ATM-ExportState> <intent: ESMF_STATEINTENT_EXPORT> <itemCount:    0>
20260620 224153.430 INFO             PET0         ATM: InitializeIPDv01p5 extro {ES}:--- StateLog() end -------------------
20260620 224153.430 INFO             PET0       ATM: InitializeIPDv01p5 extro.
20260620 224153.431 INFO             PET0       esm: components present that trigger loopDataDependentInitialize().
20260620 224153.431 INFO             PET0       esm: loopDataDependentInitialize intro.
20260620 224153.431 INFO             PET0         esm: loopDataDependentInitialize intro {IS}:--- StateLog() start -----------------
20260620 224153.431 INFO             PET0         esm: loopDataDependentInitialize intro {IS}:State object is invalid! Not created or deleted!
20260620 224153.431 INFO             PET0         esm: loopDataDependentInitialize intro {IS}:--- StateLog() end -------------------
20260620 224153.431 INFO             PET0         esm: loopDataDependentInitialize intro {ES}:--- StateLog() start -----------------
20260620 224153.431 INFO             PET0         esm: loopDataDependentInitialize intro {ES}:State object is invalid! Not created or deleted!
20260620 224153.431 INFO             PET0         esm: loopDataDependentInitialize intro {ES}:--- StateLog() end -------------------
20260620 224153.431 INFO             PET0         >>>esm: entered Initialize (phase=<none>) with current time: 2010  6  1  0  0  0   0
20260620 224153.431 INFO             PET0         esm: component    0=esm, dataComplete (local): true
20260620 224153.431 INFO             PET0         esm: component    0=esm, dataComplete (global):  T
20260620 224153.431 INFO             PET0         esm: component    1=ATM, dataComplete (local): true
20260620 224153.431 INFO             PET0         esm: component    1=ATM, dataComplete (global):  T
20260620 224153.431 INFO             PET0         esm: component    2=OCN, dataComplete (local): true
20260620 224153.431 INFO             PET0         esm: component    2=OCN, dataComplete (global):  T
20260620 224153.431 INFO             PET0         esm: someProgress= F, allComplete= T, present(dataDepAllComplete)= T
20260620 224153.431 INFO             PET0         esm: finished resolving initialize data dependencies on this level.
20260620 224153.431 INFO             PET0         <<<esm: leaving Initialize (phase=<none>) with current time: 2010  6  1  0  0  0   0
20260620 224153.431 INFO             PET0         esm: loopDataDependentInitialize extro {IS}:--- StateLog() start -----------------
20260620 224153.431 INFO             PET0         esm: loopDataDependentInitialize extro {IS}:State object is invalid! Not created or deleted!
20260620 224153.431 INFO             PET0         esm: loopDataDependentInitialize extro {IS}:--- StateLog() end -------------------
20260620 224153.431 INFO             PET0         esm: loopDataDependentInitialize extro {ES}:--- StateLog() start -----------------
20260620 224153.431 INFO             PET0         esm: loopDataDependentInitialize extro {ES}:State object is invalid! Not created or deleted!
20260620 224153.431 INFO             PET0         esm: loopDataDependentInitialize extro {ES}:--- StateLog() end -------------------
20260620 224153.431 INFO             PET0       esm: loopDataDependentInitialize extro.
20260620 224153.431 INFO             PET0       esm: loopDataDependentInitialize() returned with dataDepAllComplete:  T
20260620 224153.431 INFO             PET0       <<<esm: leaving Initialize (phase=<none>) with current time: 2010  6  1  0  0  0   0
20260620 224153.431 INFO             PET0       esm: InitializeIPDv02p5Data extro {IS}:--- StateLog() start -----------------
20260620 224153.431 INFO             PET0       esm: InitializeIPDv02p5Data extro {IS}:State object is invalid! Not created or deleted!
20260620 224153.431 INFO             PET0       esm: InitializeIPDv02p5Data extro {IS}:--- StateLog() end -------------------
20260620 224153.431 INFO             PET0       esm: InitializeIPDv02p5Data extro {ES}:--- StateLog() start -----------------
20260620 224153.431 INFO             PET0       esm: InitializeIPDv02p5Data extro {ES}:State object is invalid! Not created or deleted!
20260620 224153.431 INFO             PET0       esm: InitializeIPDv02p5Data extro {ES}:--- StateLog() end -------------------
20260620 224153.431 INFO             PET0     esm: InitializeIPDv02p5Data extro.
20260620 224153.431 INFO             PET0     <<<esm: leaving Initialize (phase=<none>) with current time: 2010  6  1  0  0  0   0
20260620 224153.431 INFO             PET0     esm: InitializeIPDv02p5 extro {IS}:--- StateLog() start -----------------
20260620 224153.431 INFO             PET0     esm: InitializeIPDv02p5 extro {IS}:State object is invalid! Not created or deleted!
20260620 224153.431 INFO             PET0     esm: InitializeIPDv02p5 extro {IS}:--- StateLog() end -------------------
20260620 224153.431 INFO             PET0     esm: InitializeIPDv02p5 extro {ES}:--- StateLog() start -----------------
20260620 224153.431 INFO             PET0     esm: InitializeIPDv02p5 extro {ES}:State object is invalid! Not created or deleted!
20260620 224153.431 INFO             PET0     esm: InitializeIPDv02p5 extro {ES}:--- StateLog() end -------------------
20260620 224153.431 INFO             PET0   esm: InitializeIPDv02p5 extro.
20260620 224153.431 INFO             PET0   <<<esm: leaving Initialize (phase=<none>) with current time: 2010  6  1  0  0  0   0
20260620 224153.431 INFO             PET0   esm: InitializeGeneric extro {IS}:--- StateLog() start -----------------
20260620 224153.431 INFO             PET0   esm: InitializeGeneric extro {IS}:State object is invalid! Not created or deleted!
20260620 224153.431 INFO             PET0   esm: InitializeGeneric extro {IS}:--- StateLog() end -------------------
20260620 224153.431 INFO             PET0   esm: InitializeGeneric extro {ES}:--- StateLog() start -----------------
20260620 224153.431 INFO             PET0   esm: InitializeGeneric extro {ES}:State object is invalid! Not created or deleted!
20260620 224153.431 INFO             PET0   esm: InitializeGeneric extro {ES}:--- StateLog() end -------------------
20260620 224153.431 INFO             PET0 esm: InitializeGeneric extro.
20260620 224153.432 INFO             PET0 esm: Run intro.
20260620 224153.432 INFO             PET0   esm: Run intro {IS}:--- StateLog() start -----------------
20260620 224153.432 INFO             PET0   esm: Run intro {IS}:State object is invalid! Not created or deleted!
20260620 224153.432 INFO             PET0   esm: Run intro {IS}:--- StateLog() end -------------------
20260620 224153.432 INFO             PET0   esm: Run intro {ES}:--- StateLog() start -----------------
20260620 224153.432 INFO             PET0   esm: Run intro {ES}:State object is invalid! Not created or deleted!
20260620 224153.432 INFO             PET0   esm: Run intro {ES}:--- StateLog() end -------------------
20260620 224153.432 INFO             PET0   >>>esm: entered Run (phase=RunPhase1) with current time: 2010  6  1  0  0  0   0
20260620 224153.432 INFO             PET0   esm: after lable_SetRunClock, current time: 2010  6  1  0  0  0   0
20260620 224153.432 INFO             PET0   esm: begin -------> RunSequence.
20260620 224153.432 INFO             PET0     esm: RunSequence event loopLevel=   1  levelMember=   1  loopIteration=   1, current time: 2010  6  1  0  0  0   0
20260620 224153.432 INFO             PET0     ATM-TO-OCN: Run intro.
20260620 224153.432 INFO             PET0       ATM-TO-OCN: Run intro {IS}:--- StateLog() start -----------------
20260620 224153.432 INFO             PET0       ATM-TO-OCN: Run intro {IS}:<name: ATM-ExportState> <intent: ESMF_STATEINTENT_EXPORT> <itemCount:    0>
20260620 224153.432 INFO             PET0       ATM-TO-OCN: Run intro {IS}:--- StateLog() end -------------------
20260620 224153.432 INFO             PET0       ATM-TO-OCN: Run intro {ES}:--- StateLog() start -----------------
20260620 224153.432 INFO             PET0       ATM-TO-OCN: Run intro {ES}:<name: OCN-ImportState> <intent: ESMF_STATEINTENT_IMPORT> <itemCount:    0>
20260620 224153.432 INFO             PET0       ATM-TO-OCN: Run intro {ES}:--- StateLog() end -------------------
20260620 224153.432 INFO             PET0       >>>ATM-TO-OCN entered Run (phase=RunPhase1)
20260620 224153.432 INFO             PET0       ATM-TO-OCN: called default RouteHandle execution
20260620 224153.432 INFO             PET0       <<<ATM-TO-OCN leaving Run (phase=RunPhase1)
20260620 224153.432 INFO             PET0       ATM-TO-OCN: Run extro {IS}:--- StateLog() start -----------------
20260620 224153.432 INFO             PET0       ATM-TO-OCN: Run extro {IS}:<name: ATM-ExportState> <intent: ESMF_STATEINTENT_EXPORT> <itemCount:    0>
20260620 224153.432 INFO             PET0       ATM-TO-OCN: Run extro {IS}:--- StateLog() end -------------------
20260620 224153.432 INFO             PET0       ATM-TO-OCN: Run extro {ES}:--- StateLog() start -----------------
20260620 224153.432 INFO             PET0       ATM-TO-OCN: Run extro {ES}:<name: OCN-ImportState> <intent: ESMF_STATEINTENT_IMPORT> <itemCount:    0>
20260620 224153.432 INFO             PET0       ATM-TO-OCN: Run extro {ES}:--- StateLog() end -------------------
20260620 224153.432 INFO             PET0     ATM-TO-OCN: Run extro.
20260620 224153.432 INFO             PET0     OCN-TO-ATM: Run intro.
20260620 224153.432 INFO             PET0       OCN-TO-ATM: Run intro {IS}:--- StateLog() start -----------------
20260620 224153.432 INFO             PET0       OCN-TO-ATM: Run intro {IS}:<name: OCN-ExportState> <intent: ESMF_STATEINTENT_EXPORT> <itemCount:    1>
20260620 224153.432 INFO             PET0       OCN-TO-ATM: Run intro {IS}:+-<item: 0001> <itemType: Field> <itemName: sst>
20260620 224153.432 INFO             PET0       OCN-TO-ATM: Run intro {IS}:!--- FieldLog() start -----------------
20260620 224153.432 INFO             PET0       OCN-TO-ATM: Run intro {IS}:! <name: sst> <fieldStatus: ESMF_FIELDSTATUS_COMPLETE>
20260620 224153.432 INFO             PET0       OCN-TO-ATM: Run intro {IS}:! 0x16b687ba8 => 0x106578ca0 => 0x147722ac0
20260620 224153.432 INFO             PET0       OCN-TO-ATM: Run intro {IS}:! <typekind: Real*8> <rank:    2> <dimCount:    2>
20260620 224153.432 INFO             PET0       OCN-TO-ATM: Run intro {IS}:! ! --- Array::log() start -----------------------------------
20260620 224153.432 INFO             PET0       OCN-TO-ATM: Run intro {IS}:! ! 0x148045a00
20260620 224153.432 INFO             PET0       OCN-TO-ATM: Run intro {IS}:! ! <name: sst>
20260620 224153.432 INFO             PET0       OCN-TO-ATM: Run intro {IS}:! ! ! --- DistGrid::log() start --------------------------------
20260620 224153.432 INFO             PET0       OCN-TO-ATM: Run intro {IS}:! ! ! 0x148046000
20260620 224153.432 INFO             PET0       OCN-TO-ATM: Run intro {IS}:! ! ! DistGrid object is valid!<name: DG-Grid003-sloc:0>
20260620 224153.432 INFO             PET0       OCN-TO-ATM: Run intro {IS}:! ! ! --- DistGrid::log() end ----------------------------------
20260620 224153.432 INFO             PET0       OCN-TO-ATM: Run intro {IS}:! ! --- Array::log() end -------------------------------------
20260620 224153.432 INFO             PET0       OCN-TO-ATM: Run intro {IS}:!--- FieldLog() end -------------------
20260620 224153.432 INFO             PET0       OCN-TO-ATM: Run intro {IS}:--- StateLog() end -------------------
20260620 224153.432 INFO             PET0       OCN-TO-ATM: Run intro {ES}:--- StateLog() start -----------------
20260620 224153.432 INFO             PET0       OCN-TO-ATM: Run intro {ES}:<name: ATM-ImportState> <intent: ESMF_STATEINTENT_IMPORT> <itemCount:    1>
20260620 224153.432 INFO             PET0       OCN-TO-ATM: Run intro {ES}:+-<item: 0001> <itemType: State> <itemName: ATM-ImportState-namespace:OCN>
20260620 224153.432 INFO             PET0       OCN-TO-ATM: Run intro {ES}:! <name: ATM-ImportState-namespace:OCN> <intent: ESMF_STATEINTENT_IMPORT> <itemCount:    1>
20260620 224153.432 INFO             PET0       OCN-TO-ATM: Run intro {ES}:! +-<item: 0001> <itemType: Field> <itemName: sea_surface_temperature>
20260620 224153.432 INFO             PET0       OCN-TO-ATM: Run intro {ES}:! !--- FieldLog() start -----------------
20260620 224153.432 INFO             PET0       OCN-TO-ATM: Run intro {ES}:! ! <name: sea_surface_temperature> <fieldStatus: ESMF_FIELDSTATUS_COMPLETE>
20260620 224153.432 INFO             PET0       OCN-TO-ATM: Run intro {ES}:! ! 0x16b686108 => 0x106579f50 => 0x14771c620
20260620 224153.432 INFO             PET0       OCN-TO-ATM: Run intro {ES}:! ! <typekind: Real*8> <rank:    2> <dimCount:    2>
20260620 224153.432 INFO             PET0       OCN-TO-ATM: Run intro {ES}:! ! ! --- Array::log() start -----------------------------------
20260620 224153.432 INFO             PET0       OCN-TO-ATM: Run intro {ES}:! ! ! 0x14801ec00
20260620 224153.432 INFO             PET0       OCN-TO-ATM: Run intro {ES}:! ! ! <name: sea_surface_temperature>
20260620 224153.432 INFO             PET0       OCN-TO-ATM: Run intro {ES}:! ! ! ! --- DistGrid::log() start --------------------------------
20260620 224153.432 INFO             PET0       OCN-TO-ATM: Run intro {ES}:! ! ! ! 0x14803fa00
20260620 224153.432 INFO             PET0       OCN-TO-ATM: Run intro {ES}:! ! ! ! DistGrid object is valid!<name: DG-Grid003-sloc:0>
20260620 224153.432 INFO             PET0       OCN-TO-ATM: Run intro {ES}:! ! ! ! --- DistGrid::log() end ----------------------------------
20260620 224153.432 INFO             PET0       OCN-TO-ATM: Run intro {ES}:! ! ! --- Array::log() end -------------------------------------
20260620 224153.432 INFO             PET0       OCN-TO-ATM: Run intro {ES}:! !--- FieldLog() end -------------------
20260620 224153.432 INFO             PET0       OCN-TO-ATM: Run intro {ES}:--- StateLog() end -------------------
20260620 224153.432 INFO             PET0       >>>OCN-TO-ATM entered Run (phase=RunPhase1)
20260620 224153.433 INFO             PET0       OCN-TO-ATM: called default RouteHandle execution
20260620 224153.433 INFO             PET0       <<<OCN-TO-ATM leaving Run (phase=RunPhase1)
20260620 224153.433 INFO             PET0       OCN-TO-ATM: Run extro {IS}:--- StateLog() start -----------------
20260620 224153.433 INFO             PET0       OCN-TO-ATM: Run extro {IS}:<name: OCN-ExportState> <intent: ESMF_STATEINTENT_EXPORT> <itemCount:    1>
20260620 224153.433 INFO             PET0       OCN-TO-ATM: Run extro {IS}:+-<item: 0001> <itemType: Field> <itemName: sst>
20260620 224153.433 INFO             PET0       OCN-TO-ATM: Run extro {IS}:!--- FieldLog() start -----------------
20260620 224153.433 INFO             PET0       OCN-TO-ATM: Run extro {IS}:! <name: sst> <fieldStatus: ESMF_FIELDSTATUS_COMPLETE>
20260620 224153.433 INFO             PET0       OCN-TO-ATM: Run extro {IS}:! 0x16b688db8 => 0x106578ca0 => 0x147722ac0
20260620 224153.433 INFO             PET0       OCN-TO-ATM: Run extro {IS}:! <typekind: Real*8> <rank:    2> <dimCount:    2>
20260620 224153.433 INFO             PET0       OCN-TO-ATM: Run extro {IS}:! ! --- Array::log() start -----------------------------------
20260620 224153.433 INFO             PET0       OCN-TO-ATM: Run extro {IS}:! ! 0x148045a00
20260620 224153.433 INFO             PET0       OCN-TO-ATM: Run extro {IS}:! ! <name: sst>
20260620 224153.433 INFO             PET0       OCN-TO-ATM: Run extro {IS}:! ! ! --- DistGrid::log() start --------------------------------
20260620 224153.433 INFO             PET0       OCN-TO-ATM: Run extro {IS}:! ! ! 0x148046000
20260620 224153.433 INFO             PET0       OCN-TO-ATM: Run extro {IS}:! ! ! DistGrid object is valid!<name: DG-Grid003-sloc:0>
20260620 224153.433 INFO             PET0       OCN-TO-ATM: Run extro {IS}:! ! ! --- DistGrid::log() end ----------------------------------
20260620 224153.433 INFO             PET0       OCN-TO-ATM: Run extro {IS}:! ! --- Array::log() end -------------------------------------
20260620 224153.433 INFO             PET0       OCN-TO-ATM: Run extro {IS}:!--- FieldLog() end -------------------
20260620 224153.433 INFO             PET0       OCN-TO-ATM: Run extro {IS}:--- StateLog() end -------------------
20260620 224153.433 INFO             PET0       OCN-TO-ATM: Run extro {ES}:--- StateLog() start -----------------
20260620 224153.433 INFO             PET0       OCN-TO-ATM: Run extro {ES}:<name: ATM-ImportState> <intent: ESMF_STATEINTENT_IMPORT> <itemCount:    1>
20260620 224153.433 INFO             PET0       OCN-TO-ATM: Run extro {ES}:+-<item: 0001> <itemType: State> <itemName: ATM-ImportState-namespace:OCN>
20260620 224153.433 INFO             PET0       OCN-TO-ATM: Run extro {ES}:! <name: ATM-ImportState-namespace:OCN> <intent: ESMF_STATEINTENT_IMPORT> <itemCount:    1>
20260620 224153.433 INFO             PET0       OCN-TO-ATM: Run extro {ES}:! +-<item: 0001> <itemType: Field> <itemName: sea_surface_temperature>
20260620 224153.433 INFO             PET0       OCN-TO-ATM: Run extro {ES}:! !--- FieldLog() start -----------------
20260620 224153.433 INFO             PET0       OCN-TO-ATM: Run extro {ES}:! ! <name: sea_surface_temperature> <fieldStatus: ESMF_FIELDSTATUS_COMPLETE>
20260620 224153.433 INFO             PET0       OCN-TO-ATM: Run extro {ES}:! ! 0x16b687318 => 0x106579f50 => 0x14771c620
20260620 224153.433 INFO             PET0       OCN-TO-ATM: Run extro {ES}:! ! <typekind: Real*8> <rank:    2> <dimCount:    2>
20260620 224153.433 INFO             PET0       OCN-TO-ATM: Run extro {ES}:! ! ! --- Array::log() start -----------------------------------
20260620 224153.433 INFO             PET0       OCN-TO-ATM: Run extro {ES}:! ! ! 0x14801ec00
20260620 224153.433 INFO             PET0       OCN-TO-ATM: Run extro {ES}:! ! ! <name: sea_surface_temperature>
20260620 224153.433 INFO             PET0       OCN-TO-ATM: Run extro {ES}:! ! ! ! --- DistGrid::log() start --------------------------------
20260620 224153.433 INFO             PET0       OCN-TO-ATM: Run extro {ES}:! ! ! ! 0x14803fa00
20260620 224153.433 INFO             PET0       OCN-TO-ATM: Run extro {ES}:! ! ! ! DistGrid object is valid!<name: DG-Grid003-sloc:0>
20260620 224153.433 INFO             PET0       OCN-TO-ATM: Run extro {ES}:! ! ! ! --- DistGrid::log() end ----------------------------------
20260620 224153.433 INFO             PET0       OCN-TO-ATM: Run extro {ES}:! ! ! --- Array::log() end -------------------------------------
20260620 224153.433 INFO             PET0       OCN-TO-ATM: Run extro {ES}:! !--- FieldLog() end -------------------
20260620 224153.433 INFO             PET0       OCN-TO-ATM: Run extro {ES}:--- StateLog() end -------------------
20260620 224153.433 INFO             PET0     OCN-TO-ATM: Run extro.
20260620 224153.434 INFO             PET0     ATM: Run intro.
20260620 224153.434 INFO             PET0       ATM: Run intro {IS}:--- StateLog() start -----------------
20260620 224153.434 INFO             PET0       ATM: Run intro {IS}:<name: ATM-ImportState> <intent: ESMF_STATEINTENT_IMPORT> <itemCount:    1>
20260620 224153.434 INFO             PET0       ATM: Run intro {IS}:+-<item: 0001> <itemType: State> <itemName: ATM-ImportState-namespace:OCN>
20260620 224153.434 INFO             PET0       ATM: Run intro {IS}:! <name: ATM-ImportState-namespace:OCN> <intent: ESMF_STATEINTENT_IMPORT> <itemCount:    1>
20260620 224153.434 INFO             PET0       ATM: Run intro {IS}:! +-<item: 0001> <itemType: Field> <itemName: sea_surface_temperature>
20260620 224153.434 INFO             PET0       ATM: Run intro {IS}:! !--- FieldLog() start -----------------
20260620 224153.434 INFO             PET0       ATM: Run intro {IS}:! ! <name: sea_surface_temperature> <fieldStatus: ESMF_FIELDSTATUS_COMPLETE>
20260620 224153.434 INFO             PET0       ATM: Run intro {IS}:! ! 0x16b687268 => 0x106579f50 => 0x14771c620
20260620 224153.434 INFO             PET0       ATM: Run intro {IS}:! ! <typekind: Real*8> <rank:    2> <dimCount:    2>
20260620 224153.434 INFO             PET0       ATM: Run intro {IS}:! ! ! --- Array::log() start -----------------------------------
20260620 224153.434 INFO             PET0       ATM: Run intro {IS}:! ! ! 0x14801ec00
20260620 224153.434 INFO             PET0       ATM: Run intro {IS}:! ! ! <name: sea_surface_temperature>
20260620 224153.434 INFO             PET0       ATM: Run intro {IS}:! ! ! ! --- DistGrid::log() start --------------------------------
20260620 224153.434 INFO             PET0       ATM: Run intro {IS}:! ! ! ! 0x14803fa00
20260620 224153.434 INFO             PET0       ATM: Run intro {IS}:! ! ! ! DistGrid object is valid!<name: DG-Grid003-sloc:0>
20260620 224153.434 INFO             PET0       ATM: Run intro {IS}:! ! ! ! --- DistGrid::log() end ----------------------------------
20260620 224153.434 INFO             PET0       ATM: Run intro {IS}:! ! ! --- Array::log() end -------------------------------------
20260620 224153.434 INFO             PET0       ATM: Run intro {IS}:! !--- FieldLog() end -------------------
20260620 224153.434 INFO             PET0       ATM: Run intro {IS}:--- StateLog() end -------------------
20260620 224153.434 INFO             PET0       ATM: Run intro {ES}:--- StateLog() start -----------------
20260620 224153.434 INFO             PET0       ATM: Run intro {ES}:<name: ATM-ExportState> <intent: ESMF_STATEINTENT_EXPORT> <itemCount:    0>
20260620 224153.434 INFO             PET0       ATM: Run intro {ES}:--- StateLog() end -------------------
20260620 224153.434 INFO             PET0       >>>ATM: entered Run (phase=RunPhase1) with current time: 2010  6  1  0  0  0   0
20260620 224153.434 INFO             PET0       ATM: time step-loop starting, current time: 2010  6  1  0  0  0   0
20260620 224153.434 INFO             PET0       ------>Advancing ATM from: 2010  6  1  0  0  0   0
20260620 224153.434 INFO             PET0       ---------------------> to: 2010  6  1  0 15  0   0
20260620 224153.435 INFO             PET0       ATM: time step-loop ending,   current time: 2010  6  1  0 15  0   0
20260620 224153.435 INFO             PET0       <<<ATM: leaving Run (phase=RunPhase1) with current time: 2010  6  1  0 15  0   0
20260620 224153.435 INFO             PET0       ATM: Run extro {IS}:--- StateLog() start -----------------
20260620 224153.435 INFO             PET0       ATM: Run extro {IS}:<name: ATM-ImportState> <intent: ESMF_STATEINTENT_IMPORT> <itemCount:    1>
20260620 224153.435 INFO             PET0       ATM: Run extro {IS}:+-<item: 0001> <itemType: State> <itemName: ATM-ImportState-namespace:OCN>
20260620 224153.435 INFO             PET0       ATM: Run extro {IS}:! <name: ATM-ImportState-namespace:OCN> <intent: ESMF_STATEINTENT_IMPORT> <itemCount:    1>
20260620 224153.435 INFO             PET0       ATM: Run extro {IS}:! +-<item: 0001> <itemType: Field> <itemName: sea_surface_temperature>
20260620 224153.435 INFO             PET0       ATM: Run extro {IS}:! !--- FieldLog() start -----------------
20260620 224153.435 INFO             PET0       ATM: Run extro {IS}:! ! <name: sea_surface_temperature> <fieldStatus: ESMF_FIELDSTATUS_COMPLETE>
20260620 224153.435 INFO             PET0       ATM: Run extro {IS}:! ! 0x16b688478 => 0x106579f50 => 0x14771c620
20260620 224153.435 INFO             PET0       ATM: Run extro {IS}:! ! <typekind: Real*8> <rank:    2> <dimCount:    2>
20260620 224153.435 INFO             PET0       ATM: Run extro {IS}:! ! ! --- Array::log() start -----------------------------------
20260620 224153.435 INFO             PET0       ATM: Run extro {IS}:! ! ! 0x14801ec00
20260620 224153.435 INFO             PET0       ATM: Run extro {IS}:! ! ! <name: sea_surface_temperature>
20260620 224153.435 INFO             PET0       ATM: Run extro {IS}:! ! ! ! --- DistGrid::log() start --------------------------------
20260620 224153.435 INFO             PET0       ATM: Run extro {IS}:! ! ! ! 0x14803fa00
20260620 224153.435 INFO             PET0       ATM: Run extro {IS}:! ! ! ! DistGrid object is valid!<name: DG-Grid003-sloc:0>
20260620 224153.435 INFO             PET0       ATM: Run extro {IS}:! ! ! ! --- DistGrid::log() end ----------------------------------
20260620 224153.435 INFO             PET0       ATM: Run extro {IS}:! ! ! --- Array::log() end -------------------------------------
20260620 224153.435 INFO             PET0       ATM: Run extro {IS}:! !--- FieldLog() end -------------------
20260620 224153.435 INFO             PET0       ATM: Run extro {IS}:--- StateLog() end -------------------
20260620 224153.435 INFO             PET0       ATM: Run extro {ES}:--- StateLog() start -----------------
20260620 224153.435 INFO             PET0       ATM: Run extro {ES}:<name: ATM-ExportState> <intent: ESMF_STATEINTENT_EXPORT> <itemCount:    0>
20260620 224153.435 INFO             PET0       ATM: Run extro {ES}:--- StateLog() end -------------------
20260620 224153.435 INFO             PET0     ATM: Run extro.
20260620 224153.435 INFO             PET0     esm: RunSequence event loopLevel=   1  levelMember=   1  loopIteration=   2, current time: 2010  6  1  0 15  0   0
20260620 224153.435 INFO             PET0     ATM-TO-OCN: Run intro.
20260620 224153.435 INFO             PET0       ATM-TO-OCN: Run intro {IS}:--- StateLog() start -----------------
20260620 224153.435 INFO             PET0       ATM-TO-OCN: Run intro {IS}:<name: ATM-ExportState> <intent: ESMF_STATEINTENT_EXPORT> <itemCount:    0>
20260620 224153.435 INFO             PET0       ATM-TO-OCN: Run intro {IS}:--- StateLog() end -------------------
20260620 224153.435 INFO             PET0       ATM-TO-OCN: Run intro {ES}:--- StateLog() start -----------------
20260620 224153.435 INFO             PET0       ATM-TO-OCN: Run intro {ES}:<name: OCN-ImportState> <intent: ESMF_STATEINTENT_IMPORT> <itemCount:    0>
20260620 224153.435 INFO             PET0       ATM-TO-OCN: Run intro {ES}:--- StateLog() end -------------------
20260620 224153.435 INFO             PET0       >>>ATM-TO-OCN entered Run (phase=RunPhase1)
20260620 224153.435 INFO             PET0       ATM-TO-OCN: called default RouteHandle execution
20260620 224153.435 INFO             PET0       <<<ATM-TO-OCN leaving Run (phase=RunPhase1)
20260620 224153.435 INFO             PET0       ATM-TO-OCN: Run extro {IS}:--- StateLog() start -----------------
20260620 224153.435 INFO             PET0       ATM-TO-OCN: Run extro {IS}:<name: ATM-ExportState> <intent: ESMF_STATEINTENT_EXPORT> <itemCount:    0>
20260620 224153.435 INFO             PET0       ATM-TO-OCN: Run extro {IS}:--- StateLog() end -------------------
20260620 224153.435 INFO             PET0       ATM-TO-OCN: Run extro {ES}:--- StateLog() start -----------------
20260620 224153.435 INFO             PET0       ATM-TO-OCN: Run extro {ES}:<name: OCN-ImportState> <intent: ESMF_STATEINTENT_IMPORT> <itemCount:    0>
20260620 224153.435 INFO             PET0       ATM-TO-OCN: Run extro {ES}:--- StateLog() end -------------------
20260620 224153.435 INFO             PET0     ATM-TO-OCN: Run extro.
20260620 224153.435 INFO             PET0     OCN-TO-ATM: Run intro.
20260620 224153.435 INFO             PET0       OCN-TO-ATM: Run intro {IS}:--- StateLog() start -----------------
20260620 224153.435 INFO             PET0       OCN-TO-ATM: Run intro {IS}:<name: OCN-ExportState> <intent: ESMF_STATEINTENT_EXPORT> <itemCount:    1>
20260620 224153.435 INFO             PET0       OCN-TO-ATM: Run intro {IS}:+-<item: 0001> <itemType: Field> <itemName: sst>
20260620 224153.435 INFO             PET0       OCN-TO-ATM: Run intro {IS}:!--- FieldLog() start -----------------
20260620 224153.435 INFO             PET0       OCN-TO-ATM: Run intro {IS}:! <name: sst> <fieldStatus: ESMF_FIELDSTATUS_COMPLETE>
20260620 224153.435 INFO             PET0       OCN-TO-ATM: Run intro {IS}:! 0x16b687ba8 => 0x106578ca0 => 0x147722ac0
20260620 224153.435 INFO             PET0       OCN-TO-ATM: Run intro {IS}:! <typekind: Real*8> <rank:    2> <dimCount:    2>
20260620 224153.435 INFO             PET0       OCN-TO-ATM: Run intro {IS}:! ! --- Array::log() start -----------------------------------
20260620 224153.435 INFO             PET0       OCN-TO-ATM: Run intro {IS}:! ! 0x148045a00
20260620 224153.435 INFO             PET0       OCN-TO-ATM: Run intro {IS}:! ! <name: sst>
20260620 224153.435 INFO             PET0       OCN-TO-ATM: Run intro {IS}:! ! ! --- DistGrid::log() start --------------------------------
20260620 224153.435 INFO             PET0       OCN-TO-ATM: Run intro {IS}:! ! ! 0x148046000
20260620 224153.435 INFO             PET0       OCN-TO-ATM: Run intro {IS}:! ! ! DistGrid object is valid!<name: DG-Grid003-sloc:0>
20260620 224153.435 INFO             PET0       OCN-TO-ATM: Run intro {IS}:! ! ! --- DistGrid::log() end ----------------------------------
20260620 224153.435 INFO             PET0       OCN-TO-ATM: Run intro {IS}:! ! --- Array::log() end -------------------------------------
20260620 224153.435 INFO             PET0       OCN-TO-ATM: Run intro {IS}:!--- FieldLog() end -------------------
20260620 224153.435 INFO             PET0       OCN-TO-ATM: Run intro {IS}:--- StateLog() end -------------------
20260620 224153.435 INFO             PET0       OCN-TO-ATM: Run intro {ES}:--- StateLog() start -----------------
20260620 224153.435 INFO             PET0       OCN-TO-ATM: Run intro {ES}:<name: ATM-ImportState> <intent: ESMF_STATEINTENT_IMPORT> <itemCount:    1>
20260620 224153.435 INFO             PET0       OCN-TO-ATM: Run intro {ES}:+-<item: 0001> <itemType: State> <itemName: ATM-ImportState-namespace:OCN>
20260620 224153.435 INFO             PET0       OCN-TO-ATM: Run intro {ES}:! <name: ATM-ImportState-namespace:OCN> <intent: ESMF_STATEINTENT_IMPORT> <itemCount:    1>
20260620 224153.435 INFO             PET0       OCN-TO-ATM: Run intro {ES}:! +-<item: 0001> <itemType: Field> <itemName: sea_surface_temperature>
20260620 224153.435 INFO             PET0       OCN-TO-ATM: Run intro {ES}:! !--- FieldLog() start -----------------
20260620 224153.436 INFO             PET0       OCN-TO-ATM: Run intro {ES}:! ! <name: sea_surface_temperature> <fieldStatus: ESMF_FIELDSTATUS_COMPLETE>
20260620 224153.436 INFO             PET0       OCN-TO-ATM: Run intro {ES}:! ! 0x16b686108 => 0x106579f50 => 0x14771c620
20260620 224153.436 INFO             PET0       OCN-TO-ATM: Run intro {ES}:! ! <typekind: Real*8> <rank:    2> <dimCount:    2>
20260620 224153.436 INFO             PET0       OCN-TO-ATM: Run intro {ES}:! ! ! --- Array::log() start -----------------------------------
20260620 224153.436 INFO             PET0       OCN-TO-ATM: Run intro {ES}:! ! ! 0x14801ec00
20260620 224153.436 INFO             PET0       OCN-TO-ATM: Run intro {ES}:! ! ! <name: sea_surface_temperature>
20260620 224153.436 INFO             PET0       OCN-TO-ATM: Run intro {ES}:! ! ! ! --- DistGrid::log() start --------------------------------
20260620 224153.436 INFO             PET0       OCN-TO-ATM: Run intro {ES}:! ! ! ! 0x14803fa00
20260620 224153.436 INFO             PET0       OCN-TO-ATM: Run intro {ES}:! ! ! ! DistGrid object is valid!<name: DG-Grid003-sloc:0>
20260620 224153.436 INFO             PET0       OCN-TO-ATM: Run intro {ES}:! ! ! ! --- DistGrid::log() end ----------------------------------
20260620 224153.436 INFO             PET0       OCN-TO-ATM: Run intro {ES}:! ! ! --- Array::log() end -------------------------------------
20260620 224153.436 INFO             PET0       OCN-TO-ATM: Run intro {ES}:! !--- FieldLog() end -------------------
20260620 224153.436 INFO             PET0       OCN-TO-ATM: Run intro {ES}:--- StateLog() end -------------------
20260620 224153.436 INFO             PET0       >>>OCN-TO-ATM entered Run (phase=RunPhase1)
20260620 224153.437 INFO             PET0       OCN-TO-ATM: called default RouteHandle execution
20260620 224153.437 INFO             PET0       <<<OCN-TO-ATM leaving Run (phase=RunPhase1)
20260620 224153.437 INFO             PET0       OCN-TO-ATM: Run extro {IS}:--- StateLog() start -----------------
20260620 224153.437 INFO             PET0       OCN-TO-ATM: Run extro {IS}:<name: OCN-ExportState> <intent: ESMF_STATEINTENT_EXPORT> <itemCount:    1>
20260620 224153.437 INFO             PET0       OCN-TO-ATM: Run extro {IS}:+-<item: 0001> <itemType: Field> <itemName: sst>
20260620 224153.437 INFO             PET0       OCN-TO-ATM: Run extro {IS}:!--- FieldLog() start -----------------
20260620 224153.437 INFO             PET0       OCN-TO-ATM: Run extro {IS}:! <name: sst> <fieldStatus: ESMF_FIELDSTATUS_COMPLETE>
20260620 224153.437 INFO             PET0       OCN-TO-ATM: Run extro {IS}:! 0x16b688db8 => 0x106578ca0 => 0x147722ac0
20260620 224153.437 INFO             PET0       OCN-TO-ATM: Run extro {IS}:! <typekind: Real*8> <rank:    2> <dimCount:    2>
20260620 224153.437 INFO             PET0       OCN-TO-ATM: Run extro {IS}:! ! --- Array::log() start -----------------------------------
20260620 224153.437 INFO             PET0       OCN-TO-ATM: Run extro {IS}:! ! 0x148045a00
20260620 224153.437 INFO             PET0       OCN-TO-ATM: Run extro {IS}:! ! <name: sst>
20260620 224153.437 INFO             PET0       OCN-TO-ATM: Run extro {IS}:! ! ! --- DistGrid::log() start --------------------------------
20260620 224153.437 INFO             PET0       OCN-TO-ATM: Run extro {IS}:! ! ! 0x148046000
20260620 224153.437 INFO             PET0       OCN-TO-ATM: Run extro {IS}:! ! ! DistGrid object is valid!<name: DG-Grid003-sloc:0>
20260620 224153.437 INFO             PET0       OCN-TO-ATM: Run extro {IS}:! ! ! --- DistGrid::log() end ----------------------------------
20260620 224153.437 INFO             PET0       OCN-TO-ATM: Run extro {IS}:! ! --- Array::log() end -------------------------------------
20260620 224153.437 INFO             PET0       OCN-TO-ATM: Run extro {IS}:!--- FieldLog() end -------------------
20260620 224153.437 INFO             PET0       OCN-TO-ATM: Run extro {IS}:--- StateLog() end -------------------
20260620 224153.437 INFO             PET0       OCN-TO-ATM: Run extro {ES}:--- StateLog() start -----------------
20260620 224153.437 INFO             PET0       OCN-TO-ATM: Run extro {ES}:<name: ATM-ImportState> <intent: ESMF_STATEINTENT_IMPORT> <itemCount:    1>
20260620 224153.437 INFO             PET0       OCN-TO-ATM: Run extro {ES}:+-<item: 0001> <itemType: State> <itemName: ATM-ImportState-namespace:OCN>
20260620 224153.437 INFO             PET0       OCN-TO-ATM: Run extro {ES}:! <name: ATM-ImportState-namespace:OCN> <intent: ESMF_STATEINTENT_IMPORT> <itemCount:    1>
20260620 224153.437 INFO             PET0       OCN-TO-ATM: Run extro {ES}:! +-<item: 0001> <itemType: Field> <itemName: sea_surface_temperature>
20260620 224153.437 INFO             PET0       OCN-TO-ATM: Run extro {ES}:! !--- FieldLog() start -----------------
20260620 224153.437 INFO             PET0       OCN-TO-ATM: Run extro {ES}:! ! <name: sea_surface_temperature> <fieldStatus: ESMF_FIELDSTATUS_COMPLETE>
20260620 224153.437 INFO             PET0       OCN-TO-ATM: Run extro {ES}:! ! 0x16b687318 => 0x106579f50 => 0x14771c620
20260620 224153.437 INFO             PET0       OCN-TO-ATM: Run extro {ES}:! ! <typekind: Real*8> <rank:    2> <dimCount:    2>
20260620 224153.437 INFO             PET0       OCN-TO-ATM: Run extro {ES}:! ! ! --- Array::log() start -----------------------------------
20260620 224153.437 INFO             PET0       OCN-TO-ATM: Run extro {ES}:! ! ! 0x14801ec00
20260620 224153.437 INFO             PET0       OCN-TO-ATM: Run extro {ES}:! ! ! <name: sea_surface_temperature>
20260620 224153.437 INFO             PET0       OCN-TO-ATM: Run extro {ES}:! ! ! ! --- DistGrid::log() start --------------------------------
20260620 224153.437 INFO             PET0       OCN-TO-ATM: Run extro {ES}:! ! ! ! 0x14803fa00
20260620 224153.437 INFO             PET0       OCN-TO-ATM: Run extro {ES}:! ! ! ! DistGrid object is valid!<name: DG-Grid003-sloc:0>
20260620 224153.437 INFO             PET0       OCN-TO-ATM: Run extro {ES}:! ! ! ! --- DistGrid::log() end ----------------------------------
20260620 224153.437 INFO             PET0       OCN-TO-ATM: Run extro {ES}:! ! ! --- Array::log() end -------------------------------------
20260620 224153.437 INFO             PET0       OCN-TO-ATM: Run extro {ES}:! !--- FieldLog() end -------------------
20260620 224153.437 INFO             PET0       OCN-TO-ATM: Run extro {ES}:--- StateLog() end -------------------
20260620 224153.437 INFO             PET0     OCN-TO-ATM: Run extro.
20260620 224153.437 INFO             PET0     ATM: Run intro.
20260620 224153.437 INFO             PET0       ATM: Run intro {IS}:--- StateLog() start -----------------
20260620 224153.437 INFO             PET0       ATM: Run intro {IS}:<name: ATM-ImportState> <intent: ESMF_STATEINTENT_IMPORT> <itemCount:    1>
20260620 224153.437 INFO             PET0       ATM: Run intro {IS}:+-<item: 0001> <itemType: State> <itemName: ATM-ImportState-namespace:OCN>
20260620 224153.438 INFO             PET0       ATM: Run intro {IS}:! <name: ATM-ImportState-namespace:OCN> <intent: ESMF_STATEINTENT_IMPORT> <itemCount:    1>
20260620 224153.438 INFO             PET0       ATM: Run intro {IS}:! +-<item: 0001> <itemType: Field> <itemName: sea_surface_temperature>
20260620 224153.438 INFO             PET0       ATM: Run intro {IS}:! !--- FieldLog() start -----------------
20260620 224153.438 INFO             PET0       ATM: Run intro {IS}:! ! <name: sea_surface_temperature> <fieldStatus: ESMF_FIELDSTATUS_COMPLETE>
20260620 224153.438 INFO             PET0       ATM: Run intro {IS}:! ! 0x16b687268 => 0x106579f50 => 0x14771c620
20260620 224153.438 INFO             PET0       ATM: Run intro {IS}:! ! <typekind: Real*8> <rank:    2> <dimCount:    2>
20260620 224153.438 INFO             PET0       ATM: Run intro {IS}:! ! ! --- Array::log() start -----------------------------------
20260620 224153.438 INFO             PET0       ATM: Run intro {IS}:! ! ! 0x14801ec00
20260620 224153.438 INFO             PET0       ATM: Run intro {IS}:! ! ! <name: sea_surface_temperature>
20260620 224153.438 INFO             PET0       ATM: Run intro {IS}:! ! ! ! --- DistGrid::log() start --------------------------------
20260620 224153.438 INFO             PET0       ATM: Run intro {IS}:! ! ! ! 0x14803fa00
20260620 224153.438 INFO             PET0       ATM: Run intro {IS}:! ! ! ! DistGrid object is valid!<name: DG-Grid003-sloc:0>
20260620 224153.438 INFO             PET0       ATM: Run intro {IS}:! ! ! ! --- DistGrid::log() end ----------------------------------
20260620 224153.438 INFO             PET0       ATM: Run intro {IS}:! ! ! --- Array::log() end -------------------------------------
20260620 224153.438 INFO             PET0       ATM: Run intro {IS}:! !--- FieldLog() end -------------------
20260620 224153.438 INFO             PET0       ATM: Run intro {IS}:--- StateLog() end -------------------
20260620 224153.438 INFO             PET0       ATM: Run intro {ES}:--- StateLog() start -----------------
20260620 224153.438 INFO             PET0       ATM: Run intro {ES}:<name: ATM-ExportState> <intent: ESMF_STATEINTENT_EXPORT> <itemCount:    0>
20260620 224153.438 INFO             PET0       ATM: Run intro {ES}:--- StateLog() end -------------------
20260620 224153.438 INFO             PET0       >>>ATM: entered Run (phase=RunPhase1) with current time: 2010  6  1  0 15  0   0
20260620 224153.438 INFO             PET0       ATM: time step-loop starting, current time: 2010  6  1  0 15  0   0
20260620 224153.438 INFO             PET0       ------>Advancing ATM from: 2010  6  1  0 15  0   0
20260620 224153.438 INFO             PET0       ---------------------> to: 2010  6  1  0 30  0   0
20260620 224153.438 INFO             PET0       ATM: time step-loop ending,   current time: 2010  6  1  0 30  0   0
20260620 224153.438 INFO             PET0       <<<ATM: leaving Run (phase=RunPhase1) with current time: 2010  6  1  0 30  0   0
20260620 224153.438 INFO             PET0       ATM: Run extro {IS}:--- StateLog() start -----------------
20260620 224153.438 INFO             PET0       ATM: Run extro {IS}:<name: ATM-ImportState> <intent: ESMF_STATEINTENT_IMPORT> <itemCount:    1>
20260620 224153.438 INFO             PET0       ATM: Run extro {IS}:+-<item: 0001> <itemType: State> <itemName: ATM-ImportState-namespace:OCN>
20260620 224153.438 INFO             PET0       ATM: Run extro {IS}:! <name: ATM-ImportState-namespace:OCN> <intent: ESMF_STATEINTENT_IMPORT> <itemCount:    1>
20260620 224153.438 INFO             PET0       ATM: Run extro {IS}:! +-<item: 0001> <itemType: Field> <itemName: sea_surface_temperature>
20260620 224153.438 INFO             PET0       ATM: Run extro {IS}:! !--- FieldLog() start -----------------
20260620 224153.438 INFO             PET0       ATM: Run extro {IS}:! ! <name: sea_surface_temperature> <fieldStatus: ESMF_FIELDSTATUS_COMPLETE>
20260620 224153.438 INFO             PET0       ATM: Run extro {IS}:! ! 0x16b688478 => 0x106579f50 => 0x14771c620
20260620 224153.438 INFO             PET0       ATM: Run extro {IS}:! ! <typekind: Real*8> <rank:    2> <dimCount:    2>
20260620 224153.438 INFO             PET0       ATM: Run extro {IS}:! ! ! --- Array::log() start -----------------------------------
20260620 224153.438 INFO             PET0       ATM: Run extro {IS}:! ! ! 0x14801ec00
20260620 224153.438 INFO             PET0       ATM: Run extro {IS}:! ! ! <name: sea_surface_temperature>
20260620 224153.438 INFO             PET0       ATM: Run extro {IS}:! ! ! ! --- DistGrid::log() start --------------------------------
20260620 224153.438 INFO             PET0       ATM: Run extro {IS}:! ! ! ! 0x14803fa00
20260620 224153.438 INFO             PET0       ATM: Run extro {IS}:! ! ! ! DistGrid object is valid!<name: DG-Grid003-sloc:0>
20260620 224153.438 INFO             PET0       ATM: Run extro {IS}:! ! ! ! --- DistGrid::log() end ----------------------------------
20260620 224153.438 INFO             PET0       ATM: Run extro {IS}:! ! ! --- Array::log() end -------------------------------------
20260620 224153.438 INFO             PET0       ATM: Run extro {IS}:! !--- FieldLog() end -------------------
20260620 224153.438 INFO             PET0       ATM: Run extro {IS}:--- StateLog() end -------------------
20260620 224153.438 INFO             PET0       ATM: Run extro {ES}:--- StateLog() start -----------------
20260620 224153.438 INFO             PET0       ATM: Run extro {ES}:<name: ATM-ExportState> <intent: ESMF_STATEINTENT_EXPORT> <itemCount:    0>
20260620 224153.438 INFO             PET0       ATM: Run extro {ES}:--- StateLog() end -------------------
20260620 224153.438 INFO             PET0     ATM: Run extro.
20260620 224153.438 INFO             PET0     esm: RunSequence event loopLevel=   1  levelMember=   1  loopIteration=   3, current time: 2010  6  1  0 30  0   0
20260620 224153.439 INFO             PET0     ATM-TO-OCN: Run intro.
20260620 224153.439 INFO             PET0       ATM-TO-OCN: Run intro {IS}:--- StateLog() start -----------------
20260620 224153.439 INFO             PET0       ATM-TO-OCN: Run intro {IS}:<name: ATM-ExportState> <intent: ESMF_STATEINTENT_EXPORT> <itemCount:    0>
20260620 224153.439 INFO             PET0       ATM-TO-OCN: Run intro {IS}:--- StateLog() end -------------------
20260620 224153.439 INFO             PET0       ATM-TO-OCN: Run intro {ES}:--- StateLog() start -----------------
20260620 224153.439 INFO             PET0       ATM-TO-OCN: Run intro {ES}:<name: OCN-ImportState> <intent: ESMF_STATEINTENT_IMPORT> <itemCount:    0>
20260620 224153.439 INFO             PET0       ATM-TO-OCN: Run intro {ES}:--- StateLog() end -------------------
20260620 224153.439 INFO             PET0       >>>ATM-TO-OCN entered Run (phase=RunPhase1)
20260620 224153.439 INFO             PET0       ATM-TO-OCN: called default RouteHandle execution
20260620 224153.439 INFO             PET0       <<<ATM-TO-OCN leaving Run (phase=RunPhase1)
20260620 224153.439 INFO             PET0       ATM-TO-OCN: Run extro {IS}:--- StateLog() start -----------------
20260620 224153.439 INFO             PET0       ATM-TO-OCN: Run extro {IS}:<name: ATM-ExportState> <intent: ESMF_STATEINTENT_EXPORT> <itemCount:    0>
20260620 224153.439 INFO             PET0       ATM-TO-OCN: Run extro {IS}:--- StateLog() end -------------------
20260620 224153.439 INFO             PET0       ATM-TO-OCN: Run extro {ES}:--- StateLog() start -----------------
20260620 224153.439 INFO             PET0       ATM-TO-OCN: Run extro {ES}:<name: OCN-ImportState> <intent: ESMF_STATEINTENT_IMPORT> <itemCount:    0>
20260620 224153.439 INFO             PET0       ATM-TO-OCN: Run extro {ES}:--- StateLog() end -------------------
20260620 224153.439 INFO             PET0     ATM-TO-OCN: Run extro.
20260620 224153.439 INFO             PET0     OCN-TO-ATM: Run intro.
20260620 224153.439 INFO             PET0       OCN-TO-ATM: Run intro {IS}:--- StateLog() start -----------------
20260620 224153.439 INFO             PET0       OCN-TO-ATM: Run intro {IS}:<name: OCN-ExportState> <intent: ESMF_STATEINTENT_EXPORT> <itemCount:    1>
20260620 224153.439 INFO             PET0       OCN-TO-ATM: Run intro {IS}:+-<item: 0001> <itemType: Field> <itemName: sst>
20260620 224153.439 INFO             PET0       OCN-TO-ATM: Run intro {IS}:!--- FieldLog() start -----------------
20260620 224153.439 INFO             PET0       OCN-TO-ATM: Run intro {IS}:! <name: sst> <fieldStatus: ESMF_FIELDSTATUS_COMPLETE>
20260620 224153.439 INFO             PET0       OCN-TO-ATM: Run intro {IS}:! 0x16b687ba8 => 0x106578ca0 => 0x147722ac0
20260620 224153.439 INFO             PET0       OCN-TO-ATM: Run intro {IS}:! <typekind: Real*8> <rank:    2> <dimCount:    2>
20260620 224153.439 INFO             PET0       OCN-TO-ATM: Run intro {IS}:! ! --- Array::log() start -----------------------------------
20260620 224153.439 INFO             PET0       OCN-TO-ATM: Run intro {IS}:! ! 0x148045a00
20260620 224153.439 INFO             PET0       OCN-TO-ATM: Run intro {IS}:! ! <name: sst>
20260620 224153.439 INFO             PET0       OCN-TO-ATM: Run intro {IS}:! ! ! --- DistGrid::log() start --------------------------------
20260620 224153.439 INFO             PET0       OCN-TO-ATM: Run intro {IS}:! ! ! 0x148046000
20260620 224153.439 INFO             PET0       OCN-TO-ATM: Run intro {IS}:! ! ! DistGrid object is valid!<name: DG-Grid003-sloc:0>
20260620 224153.439 INFO             PET0       OCN-TO-ATM: Run intro {IS}:! ! ! --- DistGrid::log() end ----------------------------------
20260620 224153.439 INFO             PET0       OCN-TO-ATM: Run intro {IS}:! ! --- Array::log() end -------------------------------------
20260620 224153.439 INFO             PET0       OCN-TO-ATM: Run intro {IS}:!--- FieldLog() end -------------------
20260620 224153.439 INFO             PET0       OCN-TO-ATM: Run intro {IS}:--- StateLog() end -------------------
20260620 224153.439 INFO             PET0       OCN-TO-ATM: Run intro {ES}:--- StateLog() start -----------------
20260620 224153.439 INFO             PET0       OCN-TO-ATM: Run intro {ES}:<name: ATM-ImportState> <intent: ESMF_STATEINTENT_IMPORT> <itemCount:    1>
20260620 224153.439 INFO             PET0       OCN-TO-ATM: Run intro {ES}:+-<item: 0001> <itemType: State> <itemName: ATM-ImportState-namespace:OCN>
20260620 224153.439 INFO             PET0       OCN-TO-ATM: Run intro {ES}:! <name: ATM-ImportState-namespace:OCN> <intent: ESMF_STATEINTENT_IMPORT> <itemCount:    1>
20260620 224153.439 INFO             PET0       OCN-TO-ATM: Run intro {ES}:! +-<item: 0001> <itemType: Field> <itemName: sea_surface_temperature>
20260620 224153.439 INFO             PET0       OCN-TO-ATM: Run intro {ES}:! !--- FieldLog() start -----------------
20260620 224153.439 INFO             PET0       OCN-TO-ATM: Run intro {ES}:! ! <name: sea_surface_temperature> <fieldStatus: ESMF_FIELDSTATUS_COMPLETE>
20260620 224153.439 INFO             PET0       OCN-TO-ATM: Run intro {ES}:! ! 0x16b686108 => 0x106579f50 => 0x14771c620
20260620 224153.439 INFO             PET0       OCN-TO-ATM: Run intro {ES}:! ! <typekind: Real*8> <rank:    2> <dimCount:    2>
20260620 224153.439 INFO             PET0       OCN-TO-ATM: Run intro {ES}:! ! ! --- Array::log() start -----------------------------------
20260620 224153.439 INFO             PET0       OCN-TO-ATM: Run intro {ES}:! ! ! 0x14801ec00
20260620 224153.439 INFO             PET0       OCN-TO-ATM: Run intro {ES}:! ! ! <name: sea_surface_temperature>
20260620 224153.439 INFO             PET0       OCN-TO-ATM: Run intro {ES}:! ! ! ! --- DistGrid::log() start --------------------------------
20260620 224153.439 INFO             PET0       OCN-TO-ATM: Run intro {ES}:! ! ! ! 0x14803fa00
20260620 224153.439 INFO             PET0       OCN-TO-ATM: Run intro {ES}:! ! ! ! DistGrid object is valid!<name: DG-Grid003-sloc:0>
20260620 224153.439 INFO             PET0       OCN-TO-ATM: Run intro {ES}:! ! ! ! --- DistGrid::log() end ----------------------------------
20260620 224153.439 INFO             PET0       OCN-TO-ATM: Run intro {ES}:! ! ! --- Array::log() end -------------------------------------
20260620 224153.439 INFO             PET0       OCN-TO-ATM: Run intro {ES}:! !--- FieldLog() end -------------------
20260620 224153.439 INFO             PET0       OCN-TO-ATM: Run intro {ES}:--- StateLog() end -------------------
20260620 224153.439 INFO             PET0       >>>OCN-TO-ATM entered Run (phase=RunPhase1)
20260620 224153.440 INFO             PET0       OCN-TO-ATM: called default RouteHandle execution
20260620 224153.440 INFO             PET0       <<<OCN-TO-ATM leaving Run (phase=RunPhase1)
20260620 224153.440 INFO             PET0       OCN-TO-ATM: Run extro {IS}:--- StateLog() start -----------------
20260620 224153.440 INFO             PET0       OCN-TO-ATM: Run extro {IS}:<name: OCN-ExportState> <intent: ESMF_STATEINTENT_EXPORT> <itemCount:    1>
20260620 224153.440 INFO             PET0       OCN-TO-ATM: Run extro {IS}:+-<item: 0001> <itemType: Field> <itemName: sst>
20260620 224153.440 INFO             PET0       OCN-TO-ATM: Run extro {IS}:!--- FieldLog() start -----------------
20260620 224153.440 INFO             PET0       OCN-TO-ATM: Run extro {IS}:! <name: sst> <fieldStatus: ESMF_FIELDSTATUS_COMPLETE>
20260620 224153.440 INFO             PET0       OCN-TO-ATM: Run extro {IS}:! 0x16b688db8 => 0x106578ca0 => 0x147722ac0
20260620 224153.440 INFO             PET0       OCN-TO-ATM: Run extro {IS}:! <typekind: Real*8> <rank:    2> <dimCount:    2>
20260620 224153.440 INFO             PET0       OCN-TO-ATM: Run extro {IS}:! ! --- Array::log() start -----------------------------------
20260620 224153.440 INFO             PET0       OCN-TO-ATM: Run extro {IS}:! ! 0x148045a00
20260620 224153.440 INFO             PET0       OCN-TO-ATM: Run extro {IS}:! ! <name: sst>
20260620 224153.440 INFO             PET0       OCN-TO-ATM: Run extro {IS}:! ! ! --- DistGrid::log() start --------------------------------
20260620 224153.440 INFO             PET0       OCN-TO-ATM: Run extro {IS}:! ! ! 0x148046000
20260620 224153.440 INFO             PET0       OCN-TO-ATM: Run extro {IS}:! ! ! DistGrid object is valid!<name: DG-Grid003-sloc:0>
20260620 224153.440 INFO             PET0       OCN-TO-ATM: Run extro {IS}:! ! ! --- DistGrid::log() end ----------------------------------
20260620 224153.440 INFO             PET0       OCN-TO-ATM: Run extro {IS}:! ! --- Array::log() end -------------------------------------
20260620 224153.440 INFO             PET0       OCN-TO-ATM: Run extro {IS}:!--- FieldLog() end -------------------
20260620 224153.440 INFO             PET0       OCN-TO-ATM: Run extro {IS}:--- StateLog() end -------------------
20260620 224153.440 INFO             PET0       OCN-TO-ATM: Run extro {ES}:--- StateLog() start -----------------
20260620 224153.440 INFO             PET0       OCN-TO-ATM: Run extro {ES}:<name: ATM-ImportState> <intent: ESMF_STATEINTENT_IMPORT> <itemCount:    1>
20260620 224153.440 INFO             PET0       OCN-TO-ATM: Run extro {ES}:+-<item: 0001> <itemType: State> <itemName: ATM-ImportState-namespace:OCN>
20260620 224153.440 INFO             PET0       OCN-TO-ATM: Run extro {ES}:! <name: ATM-ImportState-namespace:OCN> <intent: ESMF_STATEINTENT_IMPORT> <itemCount:    1>
20260620 224153.440 INFO             PET0       OCN-TO-ATM: Run extro {ES}:! +-<item: 0001> <itemType: Field> <itemName: sea_surface_temperature>
20260620 224153.441 INFO             PET0       OCN-TO-ATM: Run extro {ES}:! !--- FieldLog() start -----------------
20260620 224153.441 INFO             PET0       OCN-TO-ATM: Run extro {ES}:! ! <name: sea_surface_temperature> <fieldStatus: ESMF_FIELDSTATUS_COMPLETE>
20260620 224153.441 INFO             PET0       OCN-TO-ATM: Run extro {ES}:! ! 0x16b687318 => 0x106579f50 => 0x14771c620
20260620 224153.441 INFO             PET0       OCN-TO-ATM: Run extro {ES}:! ! <typekind: Real*8> <rank:    2> <dimCount:    2>
20260620 224153.441 INFO             PET0       OCN-TO-ATM: Run extro {ES}:! ! ! --- Array::log() start -----------------------------------
20260620 224153.441 INFO             PET0       OCN-TO-ATM: Run extro {ES}:! ! ! 0x14801ec00
20260620 224153.441 INFO             PET0       OCN-TO-ATM: Run extro {ES}:! ! ! <name: sea_surface_temperature>
20260620 224153.441 INFO             PET0       OCN-TO-ATM: Run extro {ES}:! ! ! ! --- DistGrid::log() start --------------------------------
20260620 224153.441 INFO             PET0       OCN-TO-ATM: Run extro {ES}:! ! ! ! 0x14803fa00
20260620 224153.441 INFO             PET0       OCN-TO-ATM: Run extro {ES}:! ! ! ! DistGrid object is valid!<name: DG-Grid003-sloc:0>
20260620 224153.441 INFO             PET0       OCN-TO-ATM: Run extro {ES}:! ! ! ! --- DistGrid::log() end ----------------------------------
20260620 224153.441 INFO             PET0       OCN-TO-ATM: Run extro {ES}:! ! ! --- Array::log() end -------------------------------------
20260620 224153.441 INFO             PET0       OCN-TO-ATM: Run extro {ES}:! !--- FieldLog() end -------------------
20260620 224153.441 INFO             PET0       OCN-TO-ATM: Run extro {ES}:--- StateLog() end -------------------
20260620 224153.441 INFO             PET0     OCN-TO-ATM: Run extro.
20260620 224153.441 INFO             PET0     ATM: Run intro.
20260620 224153.441 INFO             PET0       ATM: Run intro {IS}:--- StateLog() start -----------------
20260620 224153.441 INFO             PET0       ATM: Run intro {IS}:<name: ATM-ImportState> <intent: ESMF_STATEINTENT_IMPORT> <itemCount:    1>
20260620 224153.441 INFO             PET0       ATM: Run intro {IS}:+-<item: 0001> <itemType: State> <itemName: ATM-ImportState-namespace:OCN>
20260620 224153.441 INFO             PET0       ATM: Run intro {IS}:! <name: ATM-ImportState-namespace:OCN> <intent: ESMF_STATEINTENT_IMPORT> <itemCount:    1>
20260620 224153.441 INFO             PET0       ATM: Run intro {IS}:! +-<item: 0001> <itemType: Field> <itemName: sea_surface_temperature>
20260620 224153.441 INFO             PET0       ATM: Run intro {IS}:! !--- FieldLog() start -----------------
20260620 224153.441 INFO             PET0       ATM: Run intro {IS}:! ! <name: sea_surface_temperature> <fieldStatus: ESMF_FIELDSTATUS_COMPLETE>
20260620 224153.441 INFO             PET0       ATM: Run intro {IS}:! ! 0x16b687268 => 0x106579f50 => 0x14771c620
20260620 224153.441 INFO             PET0       ATM: Run intro {IS}:! ! <typekind: Real*8> <rank:    2> <dimCount:    2>
20260620 224153.441 INFO             PET0       ATM: Run intro {IS}:! ! ! --- Array::log() start -----------------------------------
20260620 224153.441 INFO             PET0       ATM: Run intro {IS}:! ! ! 0x14801ec00
20260620 224153.441 INFO             PET0       ATM: Run intro {IS}:! ! ! <name: sea_surface_temperature>
20260620 224153.441 INFO             PET0       ATM: Run intro {IS}:! ! ! ! --- DistGrid::log() start --------------------------------
20260620 224153.441 INFO             PET0       ATM: Run intro {IS}:! ! ! ! 0x14803fa00
20260620 224153.441 INFO             PET0       ATM: Run intro {IS}:! ! ! ! DistGrid object is valid!<name: DG-Grid003-sloc:0>
20260620 224153.441 INFO             PET0       ATM: Run intro {IS}:! ! ! ! --- DistGrid::log() end ----------------------------------
20260620 224153.441 INFO             PET0       ATM: Run intro {IS}:! ! ! --- Array::log() end -------------------------------------
20260620 224153.441 INFO             PET0       ATM: Run intro {IS}:! !--- FieldLog() end -------------------
20260620 224153.441 INFO             PET0       ATM: Run intro {IS}:--- StateLog() end -------------------
20260620 224153.441 INFO             PET0       ATM: Run intro {ES}:--- StateLog() start -----------------
20260620 224153.441 INFO             PET0       ATM: Run intro {ES}:<name: ATM-ExportState> <intent: ESMF_STATEINTENT_EXPORT> <itemCount:    0>
20260620 224153.441 INFO             PET0       ATM: Run intro {ES}:--- StateLog() end -------------------
20260620 224153.441 INFO             PET0       >>>ATM: entered Run (phase=RunPhase1) with current time: 2010  6  1  0 30  0   0
20260620 224153.441 INFO             PET0       ATM: time step-loop starting, current time: 2010  6  1  0 30  0   0
20260620 224153.441 INFO             PET0       ------>Advancing ATM from: 2010  6  1  0 30  0   0
20260620 224153.441 INFO             PET0       ---------------------> to: 2010  6  1  0 45  0   0
20260620 224153.441 INFO             PET0       ATM: time step-loop ending,   current time: 2010  6  1  0 45  0   0
20260620 224153.441 INFO             PET0       <<<ATM: leaving Run (phase=RunPhase1) with current time: 2010  6  1  0 45  0   0
20260620 224153.441 INFO             PET0       ATM: Run extro {IS}:--- StateLog() start -----------------
20260620 224153.441 INFO             PET0       ATM: Run extro {IS}:<name: ATM-ImportState> <intent: ESMF_STATEINTENT_IMPORT> <itemCount:    1>
20260620 224153.441 INFO             PET0       ATM: Run extro {IS}:+-<item: 0001> <itemType: State> <itemName: ATM-ImportState-namespace:OCN>
20260620 224153.441 INFO             PET0       ATM: Run extro {IS}:! <name: ATM-ImportState-namespace:OCN> <intent: ESMF_STATEINTENT_IMPORT> <itemCount:    1>
20260620 224153.442 INFO             PET0       ATM: Run extro {IS}:! +-<item: 0001> <itemType: Field> <itemName: sea_surface_temperature>
20260620 224153.442 INFO             PET0       ATM: Run extro {IS}:! !--- FieldLog() start -----------------
20260620 224153.442 INFO             PET0       ATM: Run extro {IS}:! ! <name: sea_surface_temperature> <fieldStatus: ESMF_FIELDSTATUS_COMPLETE>
20260620 224153.442 INFO             PET0       ATM: Run extro {IS}:! ! 0x16b688478 => 0x106579f50 => 0x14771c620
20260620 224153.442 INFO             PET0       ATM: Run extro {IS}:! ! <typekind: Real*8> <rank:    2> <dimCount:    2>
20260620 224153.442 INFO             PET0       ATM: Run extro {IS}:! ! ! --- Array::log() start -----------------------------------
20260620 224153.442 INFO             PET0       ATM: Run extro {IS}:! ! ! 0x14801ec00
20260620 224153.442 INFO             PET0       ATM: Run extro {IS}:! ! ! <name: sea_surface_temperature>
20260620 224153.442 INFO             PET0       ATM: Run extro {IS}:! ! ! ! --- DistGrid::log() start --------------------------------
20260620 224153.442 INFO             PET0       ATM: Run extro {IS}:! ! ! ! 0x14803fa00
20260620 224153.442 INFO             PET0       ATM: Run extro {IS}:! ! ! ! DistGrid object is valid!<name: DG-Grid003-sloc:0>
20260620 224153.442 INFO             PET0       ATM: Run extro {IS}:! ! ! ! --- DistGrid::log() end ----------------------------------
20260620 224153.442 INFO             PET0       ATM: Run extro {IS}:! ! ! --- Array::log() end -------------------------------------
20260620 224153.442 INFO             PET0       ATM: Run extro {IS}:! !--- FieldLog() end -------------------
20260620 224153.442 INFO             PET0       ATM: Run extro {IS}:--- StateLog() end -------------------
20260620 224153.442 INFO             PET0       ATM: Run extro {ES}:--- StateLog() start -----------------
20260620 224153.442 INFO             PET0       ATM: Run extro {ES}:<name: ATM-ExportState> <intent: ESMF_STATEINTENT_EXPORT> <itemCount:    0>
20260620 224153.442 INFO             PET0       ATM: Run extro {ES}:--- StateLog() end -------------------
20260620 224153.442 INFO             PET0     ATM: Run extro.
20260620 224153.442 INFO             PET0     esm: RunSequence event loopLevel=   1  levelMember=   1  loopIteration=   4, current time: 2010  6  1  0 45  0   0
20260620 224153.442 INFO             PET0     ATM-TO-OCN: Run intro.
20260620 224153.442 INFO             PET0       ATM-TO-OCN: Run intro {IS}:--- StateLog() start -----------------
20260620 224153.442 INFO             PET0       ATM-TO-OCN: Run intro {IS}:<name: ATM-ExportState> <intent: ESMF_STATEINTENT_EXPORT> <itemCount:    0>
20260620 224153.442 INFO             PET0       ATM-TO-OCN: Run intro {IS}:--- StateLog() end -------------------
20260620 224153.442 INFO             PET0       ATM-TO-OCN: Run intro {ES}:--- StateLog() start -----------------
20260620 224153.442 INFO             PET0       ATM-TO-OCN: Run intro {ES}:<name: OCN-ImportState> <intent: ESMF_STATEINTENT_IMPORT> <itemCount:    0>
20260620 224153.442 INFO             PET0       ATM-TO-OCN: Run intro {ES}:--- StateLog() end -------------------
20260620 224153.442 INFO             PET0       >>>ATM-TO-OCN entered Run (phase=RunPhase1)
20260620 224153.442 INFO             PET0       ATM-TO-OCN: called default RouteHandle execution
20260620 224153.442 INFO             PET0       <<<ATM-TO-OCN leaving Run (phase=RunPhase1)
20260620 224153.442 INFO             PET0       ATM-TO-OCN: Run extro {IS}:--- StateLog() start -----------------
20260620 224153.442 INFO             PET0       ATM-TO-OCN: Run extro {IS}:<name: ATM-ExportState> <intent: ESMF_STATEINTENT_EXPORT> <itemCount:    0>
20260620 224153.442 INFO             PET0       ATM-TO-OCN: Run extro {IS}:--- StateLog() end -------------------
20260620 224153.442 INFO             PET0       ATM-TO-OCN: Run extro {ES}:--- StateLog() start -----------------
20260620 224153.442 INFO             PET0       ATM-TO-OCN: Run extro {ES}:<name: OCN-ImportState> <intent: ESMF_STATEINTENT_IMPORT> <itemCount:    0>
20260620 224153.442 INFO             PET0       ATM-TO-OCN: Run extro {ES}:--- StateLog() end -------------------
20260620 224153.442 INFO             PET0     ATM-TO-OCN: Run extro.
20260620 224153.442 INFO             PET0     OCN-TO-ATM: Run intro.
20260620 224153.442 INFO             PET0       OCN-TO-ATM: Run intro {IS}:--- StateLog() start -----------------
20260620 224153.442 INFO             PET0       OCN-TO-ATM: Run intro {IS}:<name: OCN-ExportState> <intent: ESMF_STATEINTENT_EXPORT> <itemCount:    1>
20260620 224153.442 INFO             PET0       OCN-TO-ATM: Run intro {IS}:+-<item: 0001> <itemType: Field> <itemName: sst>
20260620 224153.442 INFO             PET0       OCN-TO-ATM: Run intro {IS}:!--- FieldLog() start -----------------
20260620 224153.442 INFO             PET0       OCN-TO-ATM: Run intro {IS}:! <name: sst> <fieldStatus: ESMF_FIELDSTATUS_COMPLETE>
20260620 224153.442 INFO             PET0       OCN-TO-ATM: Run intro {IS}:! 0x16b687ba8 => 0x106578ca0 => 0x147722ac0
20260620 224153.442 INFO             PET0       OCN-TO-ATM: Run intro {IS}:! <typekind: Real*8> <rank:    2> <dimCount:    2>
20260620 224153.442 INFO             PET0       OCN-TO-ATM: Run intro {IS}:! ! --- Array::log() start -----------------------------------
20260620 224153.442 INFO             PET0       OCN-TO-ATM: Run intro {IS}:! ! 0x148045a00
20260620 224153.442 INFO             PET0       OCN-TO-ATM: Run intro {IS}:! ! <name: sst>
20260620 224153.442 INFO             PET0       OCN-TO-ATM: Run intro {IS}:! ! ! --- DistGrid::log() start --------------------------------
20260620 224153.442 INFO             PET0       OCN-TO-ATM: Run intro {IS}:! ! ! 0x148046000
20260620 224153.442 INFO             PET0       OCN-TO-ATM: Run intro {IS}:! ! ! DistGrid object is valid!<name: DG-Grid003-sloc:0>
20260620 224153.442 INFO             PET0       OCN-TO-ATM: Run intro {IS}:! ! ! --- DistGrid::log() end ----------------------------------
20260620 224153.442 INFO             PET0       OCN-TO-ATM: Run intro {IS}:! ! --- Array::log() end -------------------------------------
20260620 224153.442 INFO             PET0       OCN-TO-ATM: Run intro {IS}:!--- FieldLog() end -------------------
20260620 224153.442 INFO             PET0       OCN-TO-ATM: Run intro {IS}:--- StateLog() end -------------------
20260620 224153.442 INFO             PET0       OCN-TO-ATM: Run intro {ES}:--- StateLog() start -----------------
20260620 224153.442 INFO             PET0       OCN-TO-ATM: Run intro {ES}:<name: ATM-ImportState> <intent: ESMF_STATEINTENT_IMPORT> <itemCount:    1>
20260620 224153.442 INFO             PET0       OCN-TO-ATM: Run intro {ES}:+-<item: 0001> <itemType: State> <itemName: ATM-ImportState-namespace:OCN>
20260620 224153.442 INFO             PET0       OCN-TO-ATM: Run intro {ES}:! <name: ATM-ImportState-namespace:OCN> <intent: ESMF_STATEINTENT_IMPORT> <itemCount:    1>
20260620 224153.442 INFO             PET0       OCN-TO-ATM: Run intro {ES}:! +-<item: 0001> <itemType: Field> <itemName: sea_surface_temperature>
20260620 224153.442 INFO             PET0       OCN-TO-ATM: Run intro {ES}:! !--- FieldLog() start -----------------
20260620 224153.442 INFO             PET0       OCN-TO-ATM: Run intro {ES}:! ! <name: sea_surface_temperature> <fieldStatus: ESMF_FIELDSTATUS_COMPLETE>
20260620 224153.442 INFO             PET0       OCN-TO-ATM: Run intro {ES}:! ! 0x16b686108 => 0x106579f50 => 0x14771c620
20260620 224153.442 INFO             PET0       OCN-TO-ATM: Run intro {ES}:! ! <typekind: Real*8> <rank:    2> <dimCount:    2>
20260620 224153.442 INFO             PET0       OCN-TO-ATM: Run intro {ES}:! ! ! --- Array::log() start -----------------------------------
20260620 224153.442 INFO             PET0       OCN-TO-ATM: Run intro {ES}:! ! ! 0x14801ec00
20260620 224153.442 INFO             PET0       OCN-TO-ATM: Run intro {ES}:! ! ! <name: sea_surface_temperature>
20260620 224153.442 INFO             PET0       OCN-TO-ATM: Run intro {ES}:! ! ! ! --- DistGrid::log() start --------------------------------
20260620 224153.442 INFO             PET0       OCN-TO-ATM: Run intro {ES}:! ! ! ! 0x14803fa00
20260620 224153.442 INFO             PET0       OCN-TO-ATM: Run intro {ES}:! ! ! ! DistGrid object is valid!<name: DG-Grid003-sloc:0>
20260620 224153.442 INFO             PET0       OCN-TO-ATM: Run intro {ES}:! ! ! ! --- DistGrid::log() end ----------------------------------
20260620 224153.442 INFO             PET0       OCN-TO-ATM: Run intro {ES}:! ! ! --- Array::log() end -------------------------------------
20260620 224153.442 INFO             PET0       OCN-TO-ATM: Run intro {ES}:! !--- FieldLog() end -------------------
20260620 224153.442 INFO             PET0       OCN-TO-ATM: Run intro {ES}:--- StateLog() end -------------------
20260620 224153.442 INFO             PET0       >>>OCN-TO-ATM entered Run (phase=RunPhase1)
20260620 224153.444 INFO             PET0       OCN-TO-ATM: called default RouteHandle execution
20260620 224153.444 INFO             PET0       <<<OCN-TO-ATM leaving Run (phase=RunPhase1)
20260620 224153.444 INFO             PET0       OCN-TO-ATM: Run extro {IS}:--- StateLog() start -----------------
20260620 224153.444 INFO             PET0       OCN-TO-ATM: Run extro {IS}:<name: OCN-ExportState> <intent: ESMF_STATEINTENT_EXPORT> <itemCount:    1>
20260620 224153.444 INFO             PET0       OCN-TO-ATM: Run extro {IS}:+-<item: 0001> <itemType: Field> <itemName: sst>
20260620 224153.444 INFO             PET0       OCN-TO-ATM: Run extro {IS}:!--- FieldLog() start -----------------
20260620 224153.444 INFO             PET0       OCN-TO-ATM: Run extro {IS}:! <name: sst> <fieldStatus: ESMF_FIELDSTATUS_COMPLETE>
20260620 224153.444 INFO             PET0       OCN-TO-ATM: Run extro {IS}:! 0x16b688db8 => 0x106578ca0 => 0x147722ac0
20260620 224153.444 INFO             PET0       OCN-TO-ATM: Run extro {IS}:! <typekind: Real*8> <rank:    2> <dimCount:    2>
20260620 224153.444 INFO             PET0       OCN-TO-ATM: Run extro {IS}:! ! --- Array::log() start -----------------------------------
20260620 224153.444 INFO             PET0       OCN-TO-ATM: Run extro {IS}:! ! 0x148045a00
20260620 224153.444 INFO             PET0       OCN-TO-ATM: Run extro {IS}:! ! <name: sst>
20260620 224153.444 INFO             PET0       OCN-TO-ATM: Run extro {IS}:! ! ! --- DistGrid::log() start --------------------------------
20260620 224153.444 INFO             PET0       OCN-TO-ATM: Run extro {IS}:! ! ! 0x148046000
20260620 224153.444 INFO             PET0       OCN-TO-ATM: Run extro {IS}:! ! ! DistGrid object is valid!<name: DG-Grid003-sloc:0>
20260620 224153.444 INFO             PET0       OCN-TO-ATM: Run extro {IS}:! ! ! --- DistGrid::log() end ----------------------------------
20260620 224153.444 INFO             PET0       OCN-TO-ATM: Run extro {IS}:! ! --- Array::log() end -------------------------------------
20260620 224153.444 INFO             PET0       OCN-TO-ATM: Run extro {IS}:!--- FieldLog() end -------------------
20260620 224153.444 INFO             PET0       OCN-TO-ATM: Run extro {IS}:--- StateLog() end -------------------
20260620 224153.444 INFO             PET0       OCN-TO-ATM: Run extro {ES}:--- StateLog() start -----------------
20260620 224153.444 INFO             PET0       OCN-TO-ATM: Run extro {ES}:<name: ATM-ImportState> <intent: ESMF_STATEINTENT_IMPORT> <itemCount:    1>
20260620 224153.444 INFO             PET0       OCN-TO-ATM: Run extro {ES}:+-<item: 0001> <itemType: State> <itemName: ATM-ImportState-namespace:OCN>
20260620 224153.444 INFO             PET0       OCN-TO-ATM: Run extro {ES}:! <name: ATM-ImportState-namespace:OCN> <intent: ESMF_STATEINTENT_IMPORT> <itemCount:    1>
20260620 224153.444 INFO             PET0       OCN-TO-ATM: Run extro {ES}:! +-<item: 0001> <itemType: Field> <itemName: sea_surface_temperature>
20260620 224153.444 INFO             PET0       OCN-TO-ATM: Run extro {ES}:! !--- FieldLog() start -----------------
20260620 224153.444 INFO             PET0       OCN-TO-ATM: Run extro {ES}:! ! <name: sea_surface_temperature> <fieldStatus: ESMF_FIELDSTATUS_COMPLETE>
20260620 224153.444 INFO             PET0       OCN-TO-ATM: Run extro {ES}:! ! 0x16b687318 => 0x106579f50 => 0x14771c620
20260620 224153.444 INFO             PET0       OCN-TO-ATM: Run extro {ES}:! ! <typekind: Real*8> <rank:    2> <dimCount:    2>
20260620 224153.444 INFO             PET0       OCN-TO-ATM: Run extro {ES}:! ! ! --- Array::log() start -----------------------------------
20260620 224153.444 INFO             PET0       OCN-TO-ATM: Run extro {ES}:! ! ! 0x14801ec00
20260620 224153.444 INFO             PET0       OCN-TO-ATM: Run extro {ES}:! ! ! <name: sea_surface_temperature>
20260620 224153.444 INFO             PET0       OCN-TO-ATM: Run extro {ES}:! ! ! ! --- DistGrid::log() start --------------------------------
20260620 224153.444 INFO             PET0       OCN-TO-ATM: Run extro {ES}:! ! ! ! 0x14803fa00
20260620 224153.444 INFO             PET0       OCN-TO-ATM: Run extro {ES}:! ! ! ! DistGrid object is valid!<name: DG-Grid003-sloc:0>
20260620 224153.444 INFO             PET0       OCN-TO-ATM: Run extro {ES}:! ! ! ! --- DistGrid::log() end ----------------------------------
20260620 224153.444 INFO             PET0       OCN-TO-ATM: Run extro {ES}:! ! ! --- Array::log() end -------------------------------------
20260620 224153.444 INFO             PET0       OCN-TO-ATM: Run extro {ES}:! !--- FieldLog() end -------------------
20260620 224153.444 INFO             PET0       OCN-TO-ATM: Run extro {ES}:--- StateLog() end -------------------
20260620 224153.444 INFO             PET0     OCN-TO-ATM: Run extro.
20260620 224153.444 INFO             PET0     ATM: Run intro.
20260620 224153.444 INFO             PET0       ATM: Run intro {IS}:--- StateLog() start -----------------
20260620 224153.444 INFO             PET0       ATM: Run intro {IS}:<name: ATM-ImportState> <intent: ESMF_STATEINTENT_IMPORT> <itemCount:    1>
20260620 224153.444 INFO             PET0       ATM: Run intro {IS}:+-<item: 0001> <itemType: State> <itemName: ATM-ImportState-namespace:OCN>
20260620 224153.444 INFO             PET0       ATM: Run intro {IS}:! <name: ATM-ImportState-namespace:OCN> <intent: ESMF_STATEINTENT_IMPORT> <itemCount:    1>
20260620 224153.444 INFO             PET0       ATM: Run intro {IS}:! +-<item: 0001> <itemType: Field> <itemName: sea_surface_temperature>
20260620 224153.444 INFO             PET0       ATM: Run intro {IS}:! !--- FieldLog() start -----------------
20260620 224153.444 INFO             PET0       ATM: Run intro {IS}:! ! <name: sea_surface_temperature> <fieldStatus: ESMF_FIELDSTATUS_COMPLETE>
20260620 224153.444 INFO             PET0       ATM: Run intro {IS}:! ! 0x16b687268 => 0x106579f50 => 0x14771c620
20260620 224153.444 INFO             PET0       ATM: Run intro {IS}:! ! <typekind: Real*8> <rank:    2> <dimCount:    2>
20260620 224153.444 INFO             PET0       ATM: Run intro {IS}:! ! ! --- Array::log() start -----------------------------------
20260620 224153.444 INFO             PET0       ATM: Run intro {IS}:! ! ! 0x14801ec00
20260620 224153.444 INFO             PET0       ATM: Run intro {IS}:! ! ! <name: sea_surface_temperature>
20260620 224153.444 INFO             PET0       ATM: Run intro {IS}:! ! ! ! --- DistGrid::log() start --------------------------------
20260620 224153.444 INFO             PET0       ATM: Run intro {IS}:! ! ! ! 0x14803fa00
20260620 224153.444 INFO             PET0       ATM: Run intro {IS}:! ! ! ! DistGrid object is valid!<name: DG-Grid003-sloc:0>
20260620 224153.444 INFO             PET0       ATM: Run intro {IS}:! ! ! ! --- DistGrid::log() end ----------------------------------
20260620 224153.444 INFO             PET0       ATM: Run intro {IS}:! ! ! --- Array::log() end -------------------------------------
20260620 224153.444 INFO             PET0       ATM: Run intro {IS}:! !--- FieldLog() end -------------------
20260620 224153.444 INFO             PET0       ATM: Run intro {IS}:--- StateLog() end -------------------
20260620 224153.444 INFO             PET0       ATM: Run intro {ES}:--- StateLog() start -----------------
20260620 224153.444 INFO             PET0       ATM: Run intro {ES}:<name: ATM-ExportState> <intent: ESMF_STATEINTENT_EXPORT> <itemCount:    0>
20260620 224153.444 INFO             PET0       ATM: Run intro {ES}:--- StateLog() end -------------------
20260620 224153.444 INFO             PET0       >>>ATM: entered Run (phase=RunPhase1) with current time: 2010  6  1  0 45  0   0
20260620 224153.444 INFO             PET0       ATM: time step-loop starting, current time: 2010  6  1  0 45  0   0
20260620 224153.444 INFO             PET0       ------>Advancing ATM from: 2010  6  1  0 45  0   0
20260620 224153.444 INFO             PET0       ---------------------> to: 2010  6  1  1  0  0   0
20260620 224153.445 INFO             PET0       ATM: time step-loop ending,   current time: 2010  6  1  1  0  0   0
20260620 224153.445 INFO             PET0       <<<ATM: leaving Run (phase=RunPhase1) with current time: 2010  6  1  1  0  0   0
20260620 224153.445 INFO             PET0       ATM: Run extro {IS}:--- StateLog() start -----------------
20260620 224153.445 INFO             PET0       ATM: Run extro {IS}:<name: ATM-ImportState> <intent: ESMF_STATEINTENT_IMPORT> <itemCount:    1>
20260620 224153.445 INFO             PET0       ATM: Run extro {IS}:+-<item: 0001> <itemType: State> <itemName: ATM-ImportState-namespace:OCN>
20260620 224153.445 INFO             PET0       ATM: Run extro {IS}:! <name: ATM-ImportState-namespace:OCN> <intent: ESMF_STATEINTENT_IMPORT> <itemCount:    1>
20260620 224153.445 INFO             PET0       ATM: Run extro {IS}:! +-<item: 0001> <itemType: Field> <itemName: sea_surface_temperature>
20260620 224153.445 INFO             PET0       ATM: Run extro {IS}:! !--- FieldLog() start -----------------
20260620 224153.445 INFO             PET0       ATM: Run extro {IS}:! ! <name: sea_surface_temperature> <fieldStatus: ESMF_FIELDSTATUS_COMPLETE>
20260620 224153.445 INFO             PET0       ATM: Run extro {IS}:! ! 0x16b688478 => 0x106579f50 => 0x14771c620
20260620 224153.445 INFO             PET0       ATM: Run extro {IS}:! ! <typekind: Real*8> <rank:    2> <dimCount:    2>
20260620 224153.445 INFO             PET0       ATM: Run extro {IS}:! ! ! --- Array::log() start -----------------------------------
20260620 224153.445 INFO             PET0       ATM: Run extro {IS}:! ! ! 0x14801ec00
20260620 224153.445 INFO             PET0       ATM: Run extro {IS}:! ! ! <name: sea_surface_temperature>
20260620 224153.445 INFO             PET0       ATM: Run extro {IS}:! ! ! ! --- DistGrid::log() start --------------------------------
20260620 224153.445 INFO             PET0       ATM: Run extro {IS}:! ! ! ! 0x14803fa00
20260620 224153.445 INFO             PET0       ATM: Run extro {IS}:! ! ! ! DistGrid object is valid!<name: DG-Grid003-sloc:0>
20260620 224153.445 INFO             PET0       ATM: Run extro {IS}:! ! ! ! --- DistGrid::log() end ----------------------------------
20260620 224153.445 INFO             PET0       ATM: Run extro {IS}:! ! ! --- Array::log() end -------------------------------------
20260620 224153.445 INFO             PET0       ATM: Run extro {IS}:! !--- FieldLog() end -------------------
20260620 224153.445 INFO             PET0       ATM: Run extro {IS}:--- StateLog() end -------------------
20260620 224153.445 INFO             PET0       ATM: Run extro {ES}:--- StateLog() start -----------------
20260620 224153.445 INFO             PET0       ATM: Run extro {ES}:<name: ATM-ExportState> <intent: ESMF_STATEINTENT_EXPORT> <itemCount:    0>
20260620 224153.445 INFO             PET0       ATM: Run extro {ES}:--- StateLog() end -------------------
20260620 224153.445 INFO             PET0     ATM: Run extro.
20260620 224153.445 INFO             PET0   esm: end <--------- RunSequence
20260620 224153.445 INFO             PET0   <<<esm: leaving Run (phase=RunPhase1) with current time: 2010  6  1  1  0  0   0
20260620 224153.445 INFO             PET0   esm: Run extro {IS}:--- StateLog() start -----------------
20260620 224153.445 INFO             PET0   esm: Run extro {IS}:State object is invalid! Not created or deleted!
20260620 224153.445 INFO             PET0   esm: Run extro {IS}:--- StateLog() end -------------------
20260620 224153.445 INFO             PET0   esm: Run extro {ES}:--- StateLog() start -----------------
20260620 224153.445 INFO             PET0   esm: Run extro {ES}:State object is invalid! Not created or deleted!
20260620 224153.445 INFO             PET0   esm: Run extro {ES}:--- StateLog() end -------------------
20260620 224153.445 INFO             PET0 esm: Run extro.
20260620 224153.445 INFO             PET0 esm: Finalize intro.
20260620 224153.445 INFO             PET0   esm: Finalize intro {IS}:--- StateLog() start -----------------
20260620 224153.445 INFO             PET0   esm: Finalize intro {IS}:State object is invalid! Not created or deleted!
20260620 224153.445 INFO             PET0   esm: Finalize intro {IS}:--- StateLog() end -------------------
20260620 224153.445 INFO             PET0   esm: Finalize intro {ES}:--- StateLog() start -----------------
20260620 224153.445 INFO             PET0   esm: Finalize intro {ES}:State object is invalid! Not created or deleted!
20260620 224153.445 INFO             PET0   esm: Finalize intro {ES}:--- StateLog() end -------------------
20260620 224153.445 INFO             PET0   >>>esm: entered Finalize (phase=FinalizePhase1) with current time: 2010  6  1  1  0  0   0
20260620 224153.445 INFO             PET0   Calling Finalize phase 1 for connectorComp: ATM-TO-OCN
20260620 224153.445 INFO             PET0   ATM-TO-OCN: Finalize intro.
20260620 224153.445 INFO             PET0     ATM-TO-OCN: Finalize intro {IS}:--- StateLog() start -----------------
20260620 224153.445 INFO             PET0     ATM-TO-OCN: Finalize intro {IS}:<name: ATM-ExportState> <intent: ESMF_STATEINTENT_EXPORT> <itemCount:    0>
20260620 224153.445 INFO             PET0     ATM-TO-OCN: Finalize intro {IS}:--- StateLog() end -------------------
20260620 224153.445 INFO             PET0     ATM-TO-OCN: Finalize intro {ES}:--- StateLog() start -----------------
20260620 224153.445 INFO             PET0     ATM-TO-OCN: Finalize intro {ES}:<name: OCN-ImportState> <intent: ESMF_STATEINTENT_IMPORT> <itemCount:    0>
20260620 224153.445 INFO             PET0     ATM-TO-OCN: Finalize intro {ES}:--- StateLog() end -------------------
20260620 224153.445 INFO             PET0     ATM-TO-OCN: called default label_ReleaseRouteHandle
20260620 224153.445 INFO             PET0     ATM-TO-OCN: Finalize extro {IS}:--- StateLog() start -----------------
20260620 224153.445 INFO             PET0     ATM-TO-OCN: Finalize extro {IS}:<name: ATM-ExportState> <intent: ESMF_STATEINTENT_EXPORT> <itemCount:    0>
20260620 224153.445 INFO             PET0     ATM-TO-OCN: Finalize extro {IS}:--- StateLog() end -------------------
20260620 224153.445 INFO             PET0     ATM-TO-OCN: Finalize extro {ES}:--- StateLog() start -----------------
20260620 224153.445 INFO             PET0     ATM-TO-OCN: Finalize extro {ES}:<name: OCN-ImportState> <intent: ESMF_STATEINTENT_IMPORT> <itemCount:    0>
20260620 224153.445 INFO             PET0     ATM-TO-OCN: Finalize extro {ES}:--- StateLog() end -------------------
20260620 224153.445 INFO             PET0   ATM-TO-OCN: Finalize extro.
20260620 224153.445 INFO             PET0   Calling Finalize phase 1 for connectorComp: OCN-TO-ATM
20260620 224153.445 INFO             PET0   OCN-TO-ATM: Finalize intro.
20260620 224153.445 INFO             PET0     OCN-TO-ATM: Finalize intro {IS}:--- StateLog() start -----------------
20260620 224153.445 INFO             PET0     OCN-TO-ATM: Finalize intro {IS}:<name: OCN-ExportState> <intent: ESMF_STATEINTENT_EXPORT> <itemCount:    1>
20260620 224153.445 INFO             PET0     OCN-TO-ATM: Finalize intro {IS}:+-<item: 0001> <itemType: Field> <itemName: sst>
20260620 224153.445 INFO             PET0     OCN-TO-ATM: Finalize intro {IS}:!--- FieldLog() start -----------------
20260620 224153.445 INFO             PET0     OCN-TO-ATM: Finalize intro {IS}:! <name: sst> <fieldStatus: ESMF_FIELDSTATUS_COMPLETE>
20260620 224153.445 INFO             PET0     OCN-TO-ATM: Finalize intro {IS}:! 0x16b689da8 => 0x106578ca0 => 0x147722ac0
20260620 224153.445 INFO             PET0     OCN-TO-ATM: Finalize intro {IS}:! <typekind: Real*8> <rank:    2> <dimCount:    2>
20260620 224153.445 INFO             PET0     OCN-TO-ATM: Finalize intro {IS}:! ! --- Array::log() start -----------------------------------
20260620 224153.445 INFO             PET0     OCN-TO-ATM: Finalize intro {IS}:! ! 0x148045a00
20260620 224153.445 INFO             PET0     OCN-TO-ATM: Finalize intro {IS}:! ! <name: sst>
20260620 224153.445 INFO             PET0     OCN-TO-ATM: Finalize intro {IS}:! ! ! --- DistGrid::log() start --------------------------------
20260620 224153.445 INFO             PET0     OCN-TO-ATM: Finalize intro {IS}:! ! ! 0x148046000
20260620 224153.446 INFO             PET0     OCN-TO-ATM: Finalize intro {IS}:! ! ! DistGrid object is valid!<name: DG-Grid003-sloc:0>
20260620 224153.446 INFO             PET0     OCN-TO-ATM: Finalize intro {IS}:! ! ! --- DistGrid::log() end ----------------------------------
20260620 224153.446 INFO             PET0     OCN-TO-ATM: Finalize intro {IS}:! ! --- Array::log() end -------------------------------------
20260620 224153.446 INFO             PET0     OCN-TO-ATM: Finalize intro {IS}:!--- FieldLog() end -------------------
20260620 224153.446 INFO             PET0     OCN-TO-ATM: Finalize intro {IS}:--- StateLog() end -------------------
20260620 224153.446 INFO             PET0     OCN-TO-ATM: Finalize intro {ES}:--- StateLog() start -----------------
20260620 224153.446 INFO             PET0     OCN-TO-ATM: Finalize intro {ES}:<name: ATM-ImportState> <intent: ESMF_STATEINTENT_IMPORT> <itemCount:    1>
20260620 224153.446 INFO             PET0     OCN-TO-ATM: Finalize intro {ES}:+-<item: 0001> <itemType: State> <itemName: ATM-ImportState-namespace:OCN>
20260620 224153.446 INFO             PET0     OCN-TO-ATM: Finalize intro {ES}:! <name: ATM-ImportState-namespace:OCN> <intent: ESMF_STATEINTENT_IMPORT> <itemCount:    1>
20260620 224153.446 INFO             PET0     OCN-TO-ATM: Finalize intro {ES}:! +-<item: 0001> <itemType: Field> <itemName: sea_surface_temperature>
20260620 224153.446 INFO             PET0     OCN-TO-ATM: Finalize intro {ES}:! !--- FieldLog() start -----------------
20260620 224153.446 INFO             PET0     OCN-TO-ATM: Finalize intro {ES}:! ! <name: sea_surface_temperature> <fieldStatus: ESMF_FIELDSTATUS_COMPLETE>
20260620 224153.446 INFO             PET0     OCN-TO-ATM: Finalize intro {ES}:! ! 0x16b688308 => 0x106579f50 => 0x14771c620
20260620 224153.446 INFO             PET0     OCN-TO-ATM: Finalize intro {ES}:! ! <typekind: Real*8> <rank:    2> <dimCount:    2>
20260620 224153.446 INFO             PET0     OCN-TO-ATM: Finalize intro {ES}:! ! ! --- Array::log() start -----------------------------------
20260620 224153.446 INFO             PET0     OCN-TO-ATM: Finalize intro {ES}:! ! ! 0x14801ec00
20260620 224153.446 INFO             PET0     OCN-TO-ATM: Finalize intro {ES}:! ! ! <name: sea_surface_temperature>
20260620 224153.446 INFO             PET0     OCN-TO-ATM: Finalize intro {ES}:! ! ! ! --- DistGrid::log() start --------------------------------
20260620 224153.446 INFO             PET0     OCN-TO-ATM: Finalize intro {ES}:! ! ! ! 0x14803fa00
20260620 224153.446 INFO             PET0     OCN-TO-ATM: Finalize intro {ES}:! ! ! ! DistGrid object is valid!<name: DG-Grid003-sloc:0>
20260620 224153.446 INFO             PET0     OCN-TO-ATM: Finalize intro {ES}:! ! ! ! --- DistGrid::log() end ----------------------------------
20260620 224153.446 INFO             PET0     OCN-TO-ATM: Finalize intro {ES}:! ! ! --- Array::log() end -------------------------------------
20260620 224153.446 INFO             PET0     OCN-TO-ATM: Finalize intro {ES}:! !--- FieldLog() end -------------------
20260620 224153.446 INFO             PET0     OCN-TO-ATM: Finalize intro {ES}:--- StateLog() end -------------------
20260620 224153.446 INFO             PET0     OCN-TO-ATM: called default label_ReleaseRouteHandle
20260620 224153.446 INFO             PET0     OCN-TO-ATM: Finalize extro {IS}:--- StateLog() start -----------------
20260620 224153.446 INFO             PET0     OCN-TO-ATM: Finalize extro {IS}:<name: OCN-ExportState> <intent: ESMF_STATEINTENT_EXPORT> <itemCount:    1>
20260620 224153.446 INFO             PET0     OCN-TO-ATM: Finalize extro {IS}:+-<item: 0001> <itemType: Field> <itemName: sst>
20260620 224153.446 INFO             PET0     OCN-TO-ATM: Finalize extro {IS}:!--- FieldLog() start -----------------
20260620 224153.446 INFO             PET0     OCN-TO-ATM: Finalize extro {IS}:! <name: sst> <fieldStatus: ESMF_FIELDSTATUS_COMPLETE>
20260620 224153.446 INFO             PET0     OCN-TO-ATM: Finalize extro {IS}:! 0x16b68afb8 => 0x106578ca0 => 0x147722ac0
20260620 224153.446 INFO             PET0     OCN-TO-ATM: Finalize extro {IS}:! <typekind: Real*8> <rank:    2> <dimCount:    2>
20260620 224153.446 INFO             PET0     OCN-TO-ATM: Finalize extro {IS}:! ! --- Array::log() start -----------------------------------
20260620 224153.446 INFO             PET0     OCN-TO-ATM: Finalize extro {IS}:! ! 0x148045a00
20260620 224153.446 INFO             PET0     OCN-TO-ATM: Finalize extro {IS}:! ! <name: sst>
20260620 224153.446 INFO             PET0     OCN-TO-ATM: Finalize extro {IS}:! ! ! --- DistGrid::log() start --------------------------------
20260620 224153.446 INFO             PET0     OCN-TO-ATM: Finalize extro {IS}:! ! ! 0x148046000
20260620 224153.446 INFO             PET0     OCN-TO-ATM: Finalize extro {IS}:! ! ! DistGrid object is valid!<name: DG-Grid003-sloc:0>
20260620 224153.446 INFO             PET0     OCN-TO-ATM: Finalize extro {IS}:! ! ! --- DistGrid::log() end ----------------------------------
20260620 224153.446 INFO             PET0     OCN-TO-ATM: Finalize extro {IS}:! ! --- Array::log() end -------------------------------------
20260620 224153.446 INFO             PET0     OCN-TO-ATM: Finalize extro {IS}:!--- FieldLog() end -------------------
20260620 224153.446 INFO             PET0     OCN-TO-ATM: Finalize extro {IS}:--- StateLog() end -------------------
20260620 224153.446 INFO             PET0     OCN-TO-ATM: Finalize extro {ES}:--- StateLog() start -----------------
20260620 224153.446 INFO             PET0     OCN-TO-ATM: Finalize extro {ES}:<name: ATM-ImportState> <intent: ESMF_STATEINTENT_IMPORT> <itemCount:    1>
20260620 224153.446 INFO             PET0     OCN-TO-ATM: Finalize extro {ES}:+-<item: 0001> <itemType: State> <itemName: ATM-ImportState-namespace:OCN>
20260620 224153.446 INFO             PET0     OCN-TO-ATM: Finalize extro {ES}:! <name: ATM-ImportState-namespace:OCN> <intent: ESMF_STATEINTENT_IMPORT> <itemCount:    1>
20260620 224153.446 INFO             PET0     OCN-TO-ATM: Finalize extro {ES}:! +-<item: 0001> <itemType: Field> <itemName: sea_surface_temperature>
20260620 224153.446 INFO             PET0     OCN-TO-ATM: Finalize extro {ES}:! !--- FieldLog() start -----------------
20260620 224153.446 INFO             PET0     OCN-TO-ATM: Finalize extro {ES}:! ! <name: sea_surface_temperature> <fieldStatus: ESMF_FIELDSTATUS_COMPLETE>
20260620 224153.446 INFO             PET0     OCN-TO-ATM: Finalize extro {ES}:! ! 0x16b689518 => 0x106579f50 => 0x14771c620
20260620 224153.446 INFO             PET0     OCN-TO-ATM: Finalize extro {ES}:! ! <typekind: Real*8> <rank:    2> <dimCount:    2>
20260620 224153.446 INFO             PET0     OCN-TO-ATM: Finalize extro {ES}:! ! ! --- Array::log() start -----------------------------------
20260620 224153.446 INFO             PET0     OCN-TO-ATM: Finalize extro {ES}:! ! ! 0x14801ec00
20260620 224153.446 INFO             PET0     OCN-TO-ATM: Finalize extro {ES}:! ! ! <name: sea_surface_temperature>
20260620 224153.446 INFO             PET0     OCN-TO-ATM: Finalize extro {ES}:! ! ! ! --- DistGrid::log() start --------------------------------
20260620 224153.446 INFO             PET0     OCN-TO-ATM: Finalize extro {ES}:! ! ! ! 0x14803fa00
20260620 224153.446 INFO             PET0     OCN-TO-ATM: Finalize extro {ES}:! ! ! ! DistGrid object is valid!<name: DG-Grid003-sloc:0>
20260620 224153.446 INFO             PET0     OCN-TO-ATM: Finalize extro {ES}:! ! ! ! --- DistGrid::log() end ----------------------------------
20260620 224153.446 INFO             PET0     OCN-TO-ATM: Finalize extro {ES}:! ! ! --- Array::log() end -------------------------------------
20260620 224153.446 INFO             PET0     OCN-TO-ATM: Finalize extro {ES}:! !--- FieldLog() end -------------------
20260620 224153.446 INFO             PET0     OCN-TO-ATM: Finalize extro {ES}:--- StateLog() end -------------------
20260620 224153.446 INFO             PET0   OCN-TO-ATM: Finalize extro.
20260620 224153.446 INFO             PET0   Calling Finalize phase 1 for modelComp: ATM
20260620 224153.446 INFO             PET0   ATM: Finalize intro.
20260620 224153.446 INFO             PET0     ATM: Finalize intro {IS}:--- StateLog() start -----------------
20260620 224153.446 INFO             PET0     ATM: Finalize intro {IS}:<name: ATM-ImportState> <intent: ESMF_STATEINTENT_IMPORT> <itemCount:    1>
20260620 224153.446 INFO             PET0     ATM: Finalize intro {IS}:+-<item: 0001> <itemType: State> <itemName: ATM-ImportState-namespace:OCN>
20260620 224153.446 INFO             PET0     ATM: Finalize intro {IS}:! <name: ATM-ImportState-namespace:OCN> <intent: ESMF_STATEINTENT_IMPORT> <itemCount:    1>
20260620 224153.446 INFO             PET0     ATM: Finalize intro {IS}:! +-<item: 0001> <itemType: Field> <itemName: sea_surface_temperature>
20260620 224153.446 INFO             PET0     ATM: Finalize intro {IS}:! !--- FieldLog() start -----------------
20260620 224153.446 INFO             PET0     ATM: Finalize intro {IS}:! ! <name: sea_surface_temperature> <fieldStatus: ESMF_FIELDSTATUS_COMPLETE>
20260620 224153.446 INFO             PET0     ATM: Finalize intro {IS}:! ! 0x16b688338 => 0x106579f50 => 0x14771c620
20260620 224153.446 INFO             PET0     ATM: Finalize intro {IS}:! ! <typekind: Real*8> <rank:    2> <dimCount:    2>
20260620 224153.446 INFO             PET0     ATM: Finalize intro {IS}:! ! ! --- Array::log() start -----------------------------------
20260620 224153.446 INFO             PET0     ATM: Finalize intro {IS}:! ! ! 0x14801ec00
20260620 224153.446 INFO             PET0     ATM: Finalize intro {IS}:! ! ! <name: sea_surface_temperature>
20260620 224153.446 INFO             PET0     ATM: Finalize intro {IS}:! ! ! ! --- DistGrid::log() start --------------------------------
20260620 224153.446 INFO             PET0     ATM: Finalize intro {IS}:! ! ! ! 0x14803fa00
20260620 224153.446 INFO             PET0     ATM: Finalize intro {IS}:! ! ! ! DistGrid object is valid!<name: DG-Grid003-sloc:0>
20260620 224153.446 INFO             PET0     ATM: Finalize intro {IS}:! ! ! ! --- DistGrid::log() end ----------------------------------
20260620 224153.446 INFO             PET0     ATM: Finalize intro {IS}:! ! ! --- Array::log() end -------------------------------------
20260620 224153.446 INFO             PET0     ATM: Finalize intro {IS}:! !--- FieldLog() end -------------------
20260620 224153.446 INFO             PET0     ATM: Finalize intro {IS}:--- StateLog() end -------------------
20260620 224153.446 INFO             PET0     ATM: Finalize intro {ES}:--- StateLog() start -----------------
20260620 224153.446 INFO             PET0     ATM: Finalize intro {ES}:<name: ATM-ExportState> <intent: ESMF_STATEINTENT_EXPORT> <itemCount:    0>
20260620 224153.446 INFO             PET0     ATM: Finalize intro {ES}:--- StateLog() end -------------------
20260620 224153.446 INFO             PET0     >>>ATM: entered Finalize (phase=FinalizePhase1) with current time: 2010  6  1  1  0  0   0
20260620 224153.446 INFO             PET0     <<<ATM: leaving Finalize (phase=FinalizePhase1) with current time: 2010  6  1  1  0  0   0
20260620 224153.446 INFO             PET0   ATM: Finalize extro.
20260620 224153.446 INFO             PET0   Calling Finalize phase 1 for modelComp: OCN
20260620 224153.446 INFO             PET0   Delete modelComp: ATM
20260620 224153.446 INFO             PET0   Delete Import-/Export State for modelComp: ATM
20260620 224153.446 INFO             PET0   Delete modelComp: OCN
20260620 224153.446 INFO             PET0   Delete Import-/Export State for modelComp: OCN
20260620 224153.446 INFO             PET0   Delete connectorComp: ATM-TO-OCN
20260620 224153.446 INFO             PET0   Delete connectorComp: OCN-TO-ATM
20260620 224153.446 INFO             PET0   <<<esm: leaving Finalize (phase=FinalizePhase1) with current time: 2010  6  1  1  0  0   0
20260620 224153.446 INFO             PET0 esm: Finalize extro.
20260620 224153.446 INFO             PET0 esmApp FINISHED
20260620 224153.446 INFO             PET0  Finalizing ESMF
20260620 224153.327 INFO             PET1 !!!!!!!!!!!!!!!!!!!!!!!!!!!!!!!!!!!!!!!!!!!!!!!!!!!!!!
20260620 224153.327 INFO             PET1 !!! THE ESMF_LOG IS SET TO OUTPUT ALL LOG MESSAGES !!!
20260620 224153.327 INFO             PET1 !!!     THIS MAY CAUSE SLOWDOWN IN PERFORMANCE     !!!
20260620 224153.327 INFO             PET1 !!! FOR PRODUCTION RUNS, USE:                      !!!
20260620 224153.327 INFO             PET1 !!!                   ESMF_LOGKIND_Multi_On_Error  !!!
20260620 224153.327 INFO             PET1 !!!!!!!!!!!!!!!!!!!!!!!!!!!!!!!!!!!!!!!!!!!!!!!!!!!!!!
20260620 224153.327 INFO             PET1 Running with ESMF Version   : feature/refresh-bmauer-c_dynmask_interface+gd740766d08
20260620 224153.327 INFO             PET1 ESMF library build date/time: "Jun 20 2026" "22:21:40"
20260620 224153.327 INFO             PET1 ESMF library build location : /usr/local/esmf/esmf-testing/nag_7.2.44_openmpi_g_feature_refresh-bmauer-c_dynmask_interface/esmf
20260620 224153.327 INFO             PET1 ESMF_COMM                   : openmpi
20260620 224153.327 INFO             PET1 ESMF_MOAB                   : enabled
20260620 224153.327 INFO             PET1 ESMF_LAPACK                 : enabled
20260620 224153.327 INFO             PET1 ESMF_NETCDF                 : enabled
20260620 224153.327 INFO             PET1 ESMF_PNETCDF                : disabled
20260620 224153.327 INFO             PET1 ESMF_PIO                    : enabled
20260620 224153.327 INFO             PET1 ESMF_YAMLCPP                : enabled
20260620 224153.327 INFO             PET1 esmApp STARTING
20260620 224153.333 INFO             PET1 esm: InitializeGeneric intro.
20260620 224153.333 INFO             PET1   esm: InitializeGeneric intro {IS}:--- StateLog() start -----------------
20260620 224153.333 INFO             PET1   esm: InitializeGeneric intro {IS}:State object is invalid! Not created or deleted!
20260620 224153.333 INFO             PET1   esm: InitializeGeneric intro {IS}:--- StateLog() end -------------------
20260620 224153.333 INFO             PET1   esm: InitializeGeneric intro {ES}:--- StateLog() start -----------------
20260620 224153.333 INFO             PET1   esm: InitializeGeneric intro {ES}:State object is invalid! Not created or deleted!
20260620 224153.333 INFO             PET1   esm: InitializeGeneric intro {ES}:--- StateLog() end -------------------
20260620 224153.333 INFO             PET1   >>>esm: entered Initialize (phase=<none>) without valid internal Clock.
20260620 224153.333 INFO             PET1   esm: InitializeP0 intro.
20260620 224153.334 INFO             PET1     esm: InitializeP0 intro {IS}:--- StateLog() start -----------------
20260620 224153.334 INFO             PET1     esm: InitializeP0 intro {IS}:State object is invalid! Not created or deleted!
20260620 224153.334 INFO             PET1     esm: InitializeP0 intro {IS}:--- StateLog() end -------------------
20260620 224153.334 INFO             PET1     esm: InitializeP0 intro {ES}:--- StateLog() start -----------------
20260620 224153.334 INFO             PET1     esm: InitializeP0 intro {ES}:State object is invalid! Not created or deleted!
20260620 224153.334 INFO             PET1     esm: InitializeP0 intro {ES}:--- StateLog() end -------------------
20260620 224153.334 INFO             PET1     >>>esm: entered Initialize (phase=<none>) without valid internal Clock.
20260620 224153.334 INFO             PET1     <<<esm: leaving Initialize (phase=<none>) without valid internal Clock.
20260620 224153.334 INFO             PET1     esm: InitializeP0 extro {IS}:--- StateLog() start -----------------
20260620 224153.334 INFO             PET1     esm: InitializeP0 extro {IS}:State object is invalid! Not created or deleted!
20260620 224153.334 INFO             PET1     esm: InitializeP0 extro {IS}:--- StateLog() end -------------------
20260620 224153.334 INFO             PET1     esm: InitializeP0 extro {ES}:--- StateLog() start -----------------
20260620 224153.334 INFO             PET1     esm: InitializeP0 extro {ES}:State object is invalid! Not created or deleted!
20260620 224153.334 INFO             PET1     esm: InitializeP0 extro {ES}:--- StateLog() end -------------------
20260620 224153.334 INFO             PET1   esm: InitializeP0 extro.
20260620 224153.334 INFO             PET1   esm: InitializeIPDv02p1 intro.
20260620 224153.334 INFO             PET1     esm: InitializeIPDv02p1 intro {IS}:--- StateLog() start -----------------
20260620 224153.334 INFO             PET1     esm: InitializeIPDv02p1 intro {IS}:State object is invalid! Not created or deleted!
20260620 224153.334 INFO             PET1     esm: InitializeIPDv02p1 intro {IS}:--- StateLog() end -------------------
20260620 224153.334 INFO             PET1     esm: InitializeIPDv02p1 intro {ES}:--- StateLog() start -----------------
20260620 224153.334 INFO             PET1     esm: InitializeIPDv02p1 intro {ES}:State object is invalid! Not created or deleted!
20260620 224153.334 INFO             PET1     esm: InitializeIPDv02p1 intro {ES}:--- StateLog() end -------------------
20260620 224153.334 INFO             PET1     >>>esm: entered Initialize (phase=<none>) without valid internal Clock.
20260620 224153.334 INFO             PET1     esm - Creating model component ATM with petList of size 2 :
20260620 224153.334 INFO             PET1           0      1
20260620 224153.335 INFO             PET1     esm - Creating model component OCN with petList of size 2 :
20260620 224153.335 INFO             PET1           2      3
20260620 224153.335 INFO             PET1     esm - Creating connector component ATM-TO-OCN with petList of size 4 :
20260620 224153.335 INFO             PET1           0      1      2      3
20260620 224153.339 INFO             PET1     esm - Creating connector component OCN-TO-ATM with petList of size 4 :
20260620 224153.339 INFO             PET1           2      3      0      1
20260620 224153.341 INFO             PET1     esm - Creating state: modelComp 1 Import State
20260620 224153.341 INFO             PET1     esm - Creating state: modelComp 1 Export State
20260620 224153.342 INFO             PET1     esm - Creating state: modelComp 2 Import State
20260620 224153.342 INFO             PET1     esm - Creating state: modelComp 2 Export State
20260620 224153.343 INFO             PET1     ATM: InitializeP0 intro.
20260620 224153.343 INFO             PET1       ATM: InitializeP0 intro {IS}:--- StateLog() start -----------------
20260620 224153.343 INFO             PET1       ATM: InitializeP0 intro {IS}:<name: ATM-ImportState> <intent: ESMF_STATEINTENT_IMPORT> <itemCount:    0>
20260620 224153.343 INFO             PET1       ATM: InitializeP0 intro {IS}:--- StateLog() end -------------------
20260620 224153.343 INFO             PET1       ATM: InitializeP0 intro {ES}:--- StateLog() start -----------------
20260620 224153.343 INFO             PET1       ATM: InitializeP0 intro {ES}:<name: ATM-ExportState> <intent: ESMF_STATEINTENT_EXPORT> <itemCount:    0>
20260620 224153.343 INFO             PET1       ATM: InitializeP0 intro {ES}:--- StateLog() end -------------------
20260620 224153.343 INFO             PET1       >>>ATM: entered Initialize (phase=<none>) without valid internal Clock.
20260620 224153.343 INFO             PET1       <<<ATM: leaving Initialize (phase=<none>) without valid internal Clock.
20260620 224153.343 INFO             PET1       ATM: InitializeP0 extro {IS}:--- StateLog() start -----------------
20260620 224153.343 INFO             PET1       ATM: InitializeP0 extro {IS}:<name: ATM-ImportState> <intent: ESMF_STATEINTENT_IMPORT> <itemCount:    0>
20260620 224153.343 INFO             PET1       ATM: InitializeP0 extro {IS}:--- StateLog() end -------------------
20260620 224153.343 INFO             PET1       ATM: InitializeP0 extro {ES}:--- StateLog() start -----------------
20260620 224153.343 INFO             PET1       ATM: InitializeP0 extro {ES}:<name: ATM-ExportState> <intent: ESMF_STATEINTENT_EXPORT> <itemCount:    0>
20260620 224153.343 INFO             PET1       ATM: InitializeP0 extro {ES}:--- StateLog() end -------------------
20260620 224153.343 INFO             PET1     ATM: InitializeP0 extro.
20260620 224153.344 INFO             PET1     ATM-TO-OCN: InitializeP0 intro.
20260620 224153.344 INFO             PET1       ATM-TO-OCN: InitializeP0 intro {IS}:--- StateLog() start -----------------
20260620 224153.344 INFO             PET1       ATM-TO-OCN: InitializeP0 intro {IS}:<name: ATM-ExportState> <intent: ESMF_STATEINTENT_EXPORT> <itemCount:    0>
20260620 224153.344 INFO             PET1       ATM-TO-OCN: InitializeP0 intro {IS}:--- StateLog() end -------------------
20260620 224153.344 INFO             PET1       ATM-TO-OCN: InitializeP0 intro {ES}:--- StateLog() start -----------------
20260620 224153.344 INFO             PET1       ATM-TO-OCN: InitializeP0 intro {ES}:<name: OCN-ImportState> <intent: ESMF_STATEINTENT_IMPORT> <itemCount:    0>
20260620 224153.344 INFO             PET1       ATM-TO-OCN: InitializeP0 intro {ES}:--- StateLog() end -------------------
20260620 224153.345 INFO             PET1       ATM-TO-OCN: InitializeP0 extro {IS}:--- StateLog() start -----------------
20260620 224153.345 INFO             PET1       ATM-TO-OCN: InitializeP0 extro {IS}:<name: ATM-ExportState> <intent: ESMF_STATEINTENT_EXPORT> <itemCount:    0>
20260620 224153.345 INFO             PET1       ATM-TO-OCN: InitializeP0 extro {IS}:--- StateLog() end -------------------
20260620 224153.345 INFO             PET1       ATM-TO-OCN: InitializeP0 extro {ES}:--- StateLog() start -----------------
20260620 224153.345 INFO             PET1       ATM-TO-OCN: InitializeP0 extro {ES}:<name: OCN-ImportState> <intent: ESMF_STATEINTENT_IMPORT> <itemCount:    0>
20260620 224153.345 INFO             PET1       ATM-TO-OCN: InitializeP0 extro {ES}:--- StateLog() end -------------------
20260620 224153.345 INFO             PET1     ATM-TO-OCN: InitializeP0 extro.
20260620 224153.345 INFO             PET1     OCN-TO-ATM: InitializeP0 intro.
20260620 224153.345 INFO             PET1       OCN-TO-ATM: InitializeP0 intro {IS}:--- StateLog() start -----------------
20260620 224153.345 INFO             PET1       OCN-TO-ATM: InitializeP0 intro {IS}:<name: OCN-ExportState> <intent: ESMF_STATEINTENT_EXPORT> <itemCount:    0>
20260620 224153.345 INFO             PET1       OCN-TO-ATM: InitializeP0 intro {IS}:--- StateLog() end -------------------
20260620 224153.345 INFO             PET1       OCN-TO-ATM: InitializeP0 intro {ES}:--- StateLog() start -----------------
20260620 224153.345 INFO             PET1       OCN-TO-ATM: InitializeP0 intro {ES}:<name: ATM-ImportState> <intent: ESMF_STATEINTENT_IMPORT> <itemCount:    0>
20260620 224153.345 INFO             PET1       OCN-TO-ATM: InitializeP0 intro {ES}:--- StateLog() end -------------------
20260620 224153.345 INFO             PET1       OCN-TO-ATM: InitializeP0 extro {IS}:--- StateLog() start -----------------
20260620 224153.345 INFO             PET1       OCN-TO-ATM: InitializeP0 extro {IS}:<name: OCN-ExportState> <intent: ESMF_STATEINTENT_EXPORT> <itemCount:    0>
20260620 224153.345 INFO             PET1       OCN-TO-ATM: InitializeP0 extro {IS}:--- StateLog() end -------------------
20260620 224153.345 INFO             PET1       OCN-TO-ATM: InitializeP0 extro {ES}:--- StateLog() start -----------------
20260620 224153.345 INFO             PET1       OCN-TO-ATM: InitializeP0 extro {ES}:<name: ATM-ImportState> <intent: ESMF_STATEINTENT_IMPORT> <itemCount:    0>
20260620 224153.345 INFO             PET1       OCN-TO-ATM: InitializeP0 extro {ES}:--- StateLog() end -------------------
20260620 224153.345 INFO             PET1     OCN-TO-ATM: InitializeP0 extro.
20260620 224153.346 INFO             PET1     esm: IInitAdvertise intro.
20260620 224153.346 INFO             PET1       esm: IInitAdvertise intro {IS}:--- StateLog() start -----------------
20260620 224153.346 INFO             PET1       esm: IInitAdvertise intro {IS}:State object is invalid! Not created or deleted!
20260620 224153.346 INFO             PET1       esm: IInitAdvertise intro {IS}:--- StateLog() end -------------------
20260620 224153.346 INFO             PET1       esm: IInitAdvertise intro {ES}:--- StateLog() start -----------------
20260620 224153.346 INFO             PET1       esm: IInitAdvertise intro {ES}:State object is invalid! Not created or deleted!
20260620 224153.346 INFO             PET1       esm: IInitAdvertise intro {ES}:--- StateLog() end -------------------
20260620 224153.346 INFO             PET1       >>>esm: entered Initialize (phase=<none>) with current time: 2010  6  1  0  0  0   0
20260620 224153.346 INFO             PET1       <<<esm: leaving Initialize (phase=<none>) with current time: 2010  6  1  0  0  0   0
20260620 224153.346 INFO             PET1       esm: IInitAdvertise extro {IS}:--- StateLog() start -----------------
20260620 224153.346 INFO             PET1       esm: IInitAdvertise extro {IS}:State object is invalid! Not created or deleted!
20260620 224153.346 INFO             PET1       esm: IInitAdvertise extro {IS}:--- StateLog() end -------------------
20260620 224153.346 INFO             PET1       esm: IInitAdvertise extro {ES}:--- StateLog() start -----------------
20260620 224153.346 INFO             PET1       esm: IInitAdvertise extro {ES}:State object is invalid! Not created or deleted!
20260620 224153.346 INFO             PET1       esm: IInitAdvertise extro {ES}:--- StateLog() end -------------------
20260620 224153.346 INFO             PET1     esm: IInitAdvertise extro.
20260620 224153.347 INFO             PET1     ATM: InitializeIPDvXp01 intro.
20260620 224153.347 INFO             PET1       ATM: InitializeIPDvXp01 intro {IS}:--- StateLog() start -----------------
20260620 224153.347 INFO             PET1       ATM: InitializeIPDvXp01 intro {IS}:<name: ATM-ImportState> <intent: ESMF_STATEINTENT_IMPORT> <itemCount:    0>
20260620 224153.347 INFO             PET1       ATM: InitializeIPDvXp01 intro {IS}:--- StateLog() end -------------------
20260620 224153.347 INFO             PET1       ATM: InitializeIPDvXp01 intro {ES}:--- StateLog() start -----------------
20260620 224153.347 INFO             PET1       ATM: InitializeIPDvXp01 intro {ES}:<name: ATM-ExportState> <intent: ESMF_STATEINTENT_EXPORT> <itemCount:    0>
20260620 224153.347 INFO             PET1       ATM: InitializeIPDvXp01 intro {ES}:--- StateLog() end -------------------
20260620 224153.347 INFO             PET1       >>>ATM: entered Initialize (phase=IPDvXp01) without valid internal Clock.
20260620 224153.347 INFO             PET1       <<<ATM: leaving Initialize (phase=IPDvXp01) without valid internal Clock.
20260620 224153.347 INFO             PET1       ATM: InitializeIPDvXp01 extro {IS}:--- StateLog() start -----------------
20260620 224153.347 INFO             PET1       ATM: InitializeIPDvXp01 extro {IS}:<name: ATM-ImportState> <intent: ESMF_STATEINTENT_IMPORT> <itemCount:    0>
20260620 224153.347 INFO             PET1       ATM: InitializeIPDvXp01 extro {IS}:--- StateLog() end -------------------
20260620 224153.347 INFO             PET1       ATM: InitializeIPDvXp01 extro {ES}:--- StateLog() start -----------------
20260620 224153.347 INFO             PET1       ATM: InitializeIPDvXp01 extro {ES}:<name: ATM-ExportState> <intent: ESMF_STATEINTENT_EXPORT> <itemCount:    0>
20260620 224153.347 INFO             PET1       ATM: InitializeIPDvXp01 extro {ES}:--- StateLog() end -------------------
20260620 224153.347 INFO             PET1     ATM: InitializeIPDvXp01 extro.
20260620 224153.349 INFO             PET1     ATM-TO-OCN: InitializeIPDv05p1 intro.
20260620 224153.349 INFO             PET1       ATM-TO-OCN: InitializeIPDv05p1 intro {IS}:--- StateLog() start -----------------
20260620 224153.349 INFO             PET1       ATM-TO-OCN: InitializeIPDv05p1 intro {IS}:<name: ATM-ExportState> <intent: ESMF_STATEINTENT_EXPORT> <itemCount:    0>
20260620 224153.349 INFO             PET1       ATM-TO-OCN: InitializeIPDv05p1 intro {IS}:--- StateLog() end -------------------
20260620 224153.349 INFO             PET1       ATM-TO-OCN: InitializeIPDv05p1 intro {ES}:--- StateLog() start -----------------
20260620 224153.349 INFO             PET1       ATM-TO-OCN: InitializeIPDv05p1 intro {ES}:<name: OCN-ImportState> <intent: ESMF_STATEINTENT_IMPORT> <itemCount:    0>
20260620 224153.349 INFO             PET1       ATM-TO-OCN: InitializeIPDv05p1 intro {ES}:--- StateLog() end -------------------
20260620 224153.349 INFO             PET1       ATM-TO-OCN: importState FieldTransferPolicy = transferNone
20260620 224153.349 INFO             PET1       ATM-TO-OCN: exportState FieldTransferPolicy = transferNone
20260620 224153.349 INFO             PET1       ATM-TO-OCN: InitializeIPDv05p1 extro {IS}:--- StateLog() start -----------------
20260620 224153.349 INFO             PET1       ATM-TO-OCN: InitializeIPDv05p1 extro {IS}:<name: ATM-ExportState> <intent: ESMF_STATEINTENT_EXPORT> <itemCount:    0>
20260620 224153.349 INFO             PET1       ATM-TO-OCN: InitializeIPDv05p1 extro {IS}:--- StateLog() end -------------------
20260620 224153.349 INFO             PET1       ATM-TO-OCN: InitializeIPDv05p1 extro {ES}:--- StateLog() start -----------------
20260620 224153.349 INFO             PET1       ATM-TO-OCN: InitializeIPDv05p1 extro {ES}:<name: OCN-ImportState> <intent: ESMF_STATEINTENT_IMPORT> <itemCount:    0>
20260620 224153.349 INFO             PET1       ATM-TO-OCN: InitializeIPDv05p1 extro {ES}:--- StateLog() end -------------------
20260620 224153.349 INFO             PET1     ATM-TO-OCN: InitializeIPDv05p1 extro.
20260620 224153.349 INFO             PET1     OCN-TO-ATM: InitializeIPDv05p1 intro.
20260620 224153.349 INFO             PET1       OCN-TO-ATM: InitializeIPDv05p1 intro {IS}:--- StateLog() start -----------------
20260620 224153.349 INFO             PET1       OCN-TO-ATM: InitializeIPDv05p1 intro {IS}:<name: OCN-ExportState> <intent: ESMF_STATEINTENT_EXPORT> <itemCount:    0>
20260620 224153.349 INFO             PET1       OCN-TO-ATM: InitializeIPDv05p1 intro {IS}:--- StateLog() end -------------------
20260620 224153.349 INFO             PET1       OCN-TO-ATM: InitializeIPDv05p1 intro {ES}:--- StateLog() start -----------------
20260620 224153.349 INFO             PET1       OCN-TO-ATM: InitializeIPDv05p1 intro {ES}:<name: ATM-ImportState> <intent: ESMF_STATEINTENT_IMPORT> <itemCount:    0>
20260620 224153.349 INFO             PET1       OCN-TO-ATM: InitializeIPDv05p1 intro {ES}:--- StateLog() end -------------------
20260620 224153.350 INFO             PET1       OCN-TO-ATM: importState FieldTransferPolicy = transferNone
20260620 224153.350 INFO             PET1       OCN-TO-ATM: exportState FieldTransferPolicy = transferAllWithNamespace
20260620 224153.350 INFO             PET1       OCN-TO-ATM: mirroring: sea_surface_temperature into acceptorState: ATM-ImportState-namespace:OCN
20260620 224153.351 INFO             PET1       OCN-TO-ATM: InitializeIPDv05p1 extro {IS}:--- StateLog() start -----------------
20260620 224153.351 INFO             PET1       OCN-TO-ATM: InitializeIPDv05p1 extro {IS}:<name: OCN-ExportState> <intent: ESMF_STATEINTENT_EXPORT> <itemCount:    1>
20260620 224153.351 INFO             PET1       OCN-TO-ATM: InitializeIPDv05p1 extro {IS}:+-<item: 0001> <itemType: Field> <itemName: sst>
20260620 224153.351 INFO             PET1       OCN-TO-ATM: InitializeIPDv05p1 extro {IS}:!--- FieldLog() start -----------------
20260620 224153.351 INFO             PET1       OCN-TO-ATM: InitializeIPDv05p1 extro {IS}:! <name: sst> <fieldStatus: ESMF_FIELDSTATUS_EMPTY>
20260620 224153.351 INFO             PET1       OCN-TO-ATM: InitializeIPDv05p1 extro {IS}:! 0x16f7e0df8 => 0x10215cca0 => 0x140e147e0
20260620 224153.351 INFO             PET1       OCN-TO-ATM: InitializeIPDv05p1 extro {IS}:!--- FieldLog() end -------------------
20260620 224153.351 INFO             PET1       OCN-TO-ATM: InitializeIPDv05p1 extro {IS}:--- StateLog() end -------------------
20260620 224153.351 INFO             PET1       OCN-TO-ATM: InitializeIPDv05p1 extro {ES}:--- StateLog() start -----------------
20260620 224153.351 INFO             PET1       OCN-TO-ATM: InitializeIPDv05p1 extro {ES}:<name: ATM-ImportState> <intent: ESMF_STATEINTENT_IMPORT> <itemCount:    1>
20260620 224153.351 INFO             PET1       OCN-TO-ATM: InitializeIPDv05p1 extro {ES}:+-<item: 0001> <itemType: State> <itemName: ATM-ImportState-namespace:OCN>
20260620 224153.351 INFO             PET1       OCN-TO-ATM: InitializeIPDv05p1 extro {ES}:! <name: ATM-ImportState-namespace:OCN> <intent: ESMF_STATEINTENT_IMPORT> <itemCount:    1>
20260620 224153.351 INFO             PET1       OCN-TO-ATM: InitializeIPDv05p1 extro {ES}:! +-<item: 0001> <itemType: Field> <itemName: sea_surface_temperature>
20260620 224153.351 INFO             PET1       OCN-TO-ATM: InitializeIPDv05p1 extro {ES}:! !--- FieldLog() start -----------------
20260620 224153.351 INFO             PET1       OCN-TO-ATM: InitializeIPDv05p1 extro {ES}:! ! <name: sea_surface_temperature> <fieldStatus: ESMF_FIELDSTATUS_EMPTY>
20260620 224153.351 INFO             PET1       OCN-TO-ATM: InitializeIPDv05p1 extro {ES}:! ! 0x16f7df358 => 0x10215df50 => 0x140e14ea0
20260620 224153.351 INFO             PET1       OCN-TO-ATM: InitializeIPDv05p1 extro {ES}:! !--- FieldLog() end -------------------
20260620 224153.351 INFO             PET1       OCN-TO-ATM: InitializeIPDv05p1 extro {ES}:--- StateLog() end -------------------
20260620 224153.351 INFO             PET1     OCN-TO-ATM: InitializeIPDv05p1 extro.
20260620 224153.351 INFO             PET1     esm: IInitAdvertiseFinish intro.
20260620 224153.351 INFO             PET1       esm: IInitAdvertiseFinish intro {IS}:--- StateLog() start -----------------
20260620 224153.351 INFO             PET1       esm: IInitAdvertiseFinish intro {IS}:State object is invalid! Not created or deleted!
20260620 224153.351 INFO             PET1       esm: IInitAdvertiseFinish intro {IS}:--- StateLog() end -------------------
20260620 224153.351 INFO             PET1       esm: IInitAdvertiseFinish intro {ES}:--- StateLog() start -----------------
20260620 224153.351 INFO             PET1       esm: IInitAdvertiseFinish intro {ES}:State object is invalid! Not created or deleted!
20260620 224153.351 INFO             PET1       esm: IInitAdvertiseFinish intro {ES}:--- StateLog() end -------------------
20260620 224153.351 INFO             PET1       >>>esm: entered Initialize (phase=<none>) with current time: 2010  6  1  0  0  0   0
20260620 224153.351 INFO             PET1       <<<esm: leaving Initialize (phase=<none>) with current time: 2010  6  1  0  0  0   0
20260620 224153.351 INFO             PET1       esm: IInitAdvertiseFinish extro {IS}:--- StateLog() start -----------------
20260620 224153.351 INFO             PET1       esm: IInitAdvertiseFinish extro {IS}:State object is invalid! Not created or deleted!
20260620 224153.351 INFO             PET1       esm: IInitAdvertiseFinish extro {IS}:--- StateLog() end -------------------
20260620 224153.351 INFO             PET1       esm: IInitAdvertiseFinish extro {ES}:--- StateLog() start -----------------
20260620 224153.351 INFO             PET1       esm: IInitAdvertiseFinish extro {ES}:State object is invalid! Not created or deleted!
20260620 224153.351 INFO             PET1       esm: IInitAdvertiseFinish extro {ES}:--- StateLog() end -------------------
20260620 224153.351 INFO             PET1     esm: IInitAdvertiseFinish extro.
20260620 224153.352 INFO             PET1     ATM-TO-OCN: InitializeIPDv05p2a intro.
20260620 224153.352 INFO             PET1       ATM-TO-OCN: InitializeIPDv05p2a intro {IS}:--- StateLog() start -----------------
20260620 224153.352 INFO             PET1       ATM-TO-OCN: InitializeIPDv05p2a intro {IS}:<name: ATM-ExportState> <intent: ESMF_STATEINTENT_EXPORT> <itemCount:    0>
20260620 224153.352 INFO             PET1       ATM-TO-OCN: InitializeIPDv05p2a intro {IS}:--- StateLog() end -------------------
20260620 224153.352 INFO             PET1       ATM-TO-OCN: InitializeIPDv05p2a intro {ES}:--- StateLog() start -----------------
20260620 224153.352 INFO             PET1       ATM-TO-OCN: InitializeIPDv05p2a intro {ES}:<name: OCN-ImportState> <intent: ESMF_STATEINTENT_IMPORT> <itemCount:    0>
20260620 224153.352 INFO             PET1       ATM-TO-OCN: InitializeIPDv05p2a intro {ES}:--- StateLog() end -------------------
20260620 224153.352 INFO             PET1       ATM-TO-OCN: InitializeIPDv05p2a extro {IS}:--- StateLog() start -----------------
20260620 224153.352 INFO             PET1       ATM-TO-OCN: InitializeIPDv05p2a extro {IS}:<name: ATM-ExportState> <intent: ESMF_STATEINTENT_EXPORT> <itemCount:    0>
20260620 224153.352 INFO             PET1       ATM-TO-OCN: InitializeIPDv05p2a extro {IS}:--- StateLog() end -------------------
20260620 224153.352 INFO             PET1       ATM-TO-OCN: InitializeIPDv05p2a extro {ES}:--- StateLog() start -----------------
20260620 224153.352 INFO             PET1       ATM-TO-OCN: InitializeIPDv05p2a extro {ES}:<name: OCN-ImportState> <intent: ESMF_STATEINTENT_IMPORT> <itemCount:    0>
20260620 224153.352 INFO             PET1       ATM-TO-OCN: InitializeIPDv05p2a extro {ES}:--- StateLog() end -------------------
20260620 224153.352 INFO             PET1     ATM-TO-OCN: InitializeIPDv05p2a extro.
20260620 224153.352 INFO             PET1     OCN-TO-ATM: InitializeIPDv05p2a intro.
20260620 224153.352 INFO             PET1       OCN-TO-ATM: InitializeIPDv05p2a intro {IS}:--- StateLog() start -----------------
20260620 224153.352 INFO             PET1       OCN-TO-ATM: InitializeIPDv05p2a intro {IS}:<name: OCN-ExportState> <intent: ESMF_STATEINTENT_EXPORT> <itemCount:    1>
20260620 224153.352 INFO             PET1       OCN-TO-ATM: InitializeIPDv05p2a intro {IS}:+-<item: 0001> <itemType: Field> <itemName: sst>
20260620 224153.352 INFO             PET1       OCN-TO-ATM: InitializeIPDv05p2a intro {IS}:!--- FieldLog() start -----------------
20260620 224153.352 INFO             PET1       OCN-TO-ATM: InitializeIPDv05p2a intro {IS}:! <name: sst> <fieldStatus: ESMF_FIELDSTATUS_EMPTY>
20260620 224153.352 INFO             PET1       OCN-TO-ATM: InitializeIPDv05p2a intro {IS}:! 0x16f7dd928 => 0x10215cca0 => 0x140e147e0
20260620 224153.352 INFO             PET1       OCN-TO-ATM: InitializeIPDv05p2a intro {IS}:!--- FieldLog() end -------------------
20260620 224153.352 INFO             PET1       OCN-TO-ATM: InitializeIPDv05p2a intro {IS}:--- StateLog() end -------------------
20260620 224153.352 INFO             PET1       OCN-TO-ATM: InitializeIPDv05p2a intro {ES}:--- StateLog() start -----------------
20260620 224153.352 INFO             PET1       OCN-TO-ATM: InitializeIPDv05p2a intro {ES}:<name: ATM-ImportState> <intent: ESMF_STATEINTENT_IMPORT> <itemCount:    1>
20260620 224153.352 INFO             PET1       OCN-TO-ATM: InitializeIPDv05p2a intro {ES}:+-<item: 0001> <itemType: State> <itemName: ATM-ImportState-namespace:OCN>
20260620 224153.352 INFO             PET1       OCN-TO-ATM: InitializeIPDv05p2a intro {ES}:! <name: ATM-ImportState-namespace:OCN> <intent: ESMF_STATEINTENT_IMPORT> <itemCount:    1>
20260620 224153.352 INFO             PET1       OCN-TO-ATM: InitializeIPDv05p2a intro {ES}:! +-<item: 0001> <itemType: Field> <itemName: sea_surface_temperature>
20260620 224153.352 INFO             PET1       OCN-TO-ATM: InitializeIPDv05p2a intro {ES}:! !--- FieldLog() start -----------------
20260620 224153.352 INFO             PET1       OCN-TO-ATM: InitializeIPDv05p2a intro {ES}:! ! <name: sea_surface_temperature> <fieldStatus: ESMF_FIELDSTATUS_EMPTY>
20260620 224153.352 INFO             PET1       OCN-TO-ATM: InitializeIPDv05p2a intro {ES}:! ! 0x16f7dbe88 => 0x10215df50 => 0x140e14ea0
20260620 224153.352 INFO             PET1       OCN-TO-ATM: InitializeIPDv05p2a intro {ES}:! !--- FieldLog() end -------------------
20260620 224153.352 INFO             PET1       OCN-TO-ATM: InitializeIPDv05p2a intro {ES}:--- StateLog() end -------------------
20260620 224153.354 INFO             PET1       OCN-TO-ATM:      importStandardNameList(i=  1): sea_surface_temperature
20260620 224153.354 INFO             PET1       OCN-TO-ATM:         importNamespaceList(i=  1): OCN
20260620 224153.354 INFO             PET1       OCN-TO-ATM:            importCplSetList(i=  1): __UNSPECIFIED__
20260620 224153.354 INFO             PET1       OCN-TO-ATM:      exportStandardNameList(j=  1): sea_surface_temperature
20260620 224153.354 INFO             PET1       OCN-TO-ATM:         exportNamespaceList(j=  1): ATM:OCN
20260620 224153.354 INFO             PET1       OCN-TO-ATM:            exportCplSetList(j=  1): __UNSPECIFIED__
20260620 224153.354 INFO             PET1       OCN-TO-ATM: bondLevel= 2
20260620 224153.354 INFO             PET1       OCN-TO-ATM: ProducerConnection (bondLevelMax):         2
20260620 224153.354 INFO             PET1       OCN-TO-ATM: InitializeIPDv05p2a extro {IS}:--- StateLog() start -----------------
20260620 224153.354 INFO             PET1       OCN-TO-ATM: InitializeIPDv05p2a extro {IS}:<name: OCN-ExportState> <intent: ESMF_STATEINTENT_EXPORT> <itemCount:    1>
20260620 224153.354 INFO             PET1       OCN-TO-ATM: InitializeIPDv05p2a extro {IS}:+-<item: 0001> <itemType: Field> <itemName: sst>
20260620 224153.354 INFO             PET1       OCN-TO-ATM: InitializeIPDv05p2a extro {IS}:!--- FieldLog() start -----------------
20260620 224153.354 INFO             PET1       OCN-TO-ATM: InitializeIPDv05p2a extro {IS}:! <name: sst> <fieldStatus: ESMF_FIELDSTATUS_EMPTY>
20260620 224153.354 INFO             PET1       OCN-TO-ATM: InitializeIPDv05p2a extro {IS}:! 0x16f7deb38 => 0x10215cca0 => 0x140e16980
20260620 224153.354 INFO             PET1       OCN-TO-ATM: InitializeIPDv05p2a extro {IS}:!--- FieldLog() end -------------------
20260620 224153.354 INFO             PET1       OCN-TO-ATM: InitializeIPDv05p2a extro {IS}:--- StateLog() end -------------------
20260620 224153.354 INFO             PET1       OCN-TO-ATM: InitializeIPDv05p2a extro {ES}:--- StateLog() start -----------------
20260620 224153.354 INFO             PET1       OCN-TO-ATM: InitializeIPDv05p2a extro {ES}:<name: ATM-ImportState> <intent: ESMF_STATEINTENT_IMPORT> <itemCount:    1>
20260620 224153.354 INFO             PET1       OCN-TO-ATM: InitializeIPDv05p2a extro {ES}:+-<item: 0001> <itemType: State> <itemName: ATM-ImportState-namespace:OCN>
20260620 224153.354 INFO             PET1       OCN-TO-ATM: InitializeIPDv05p2a extro {ES}:! <name: ATM-ImportState-namespace:OCN> <intent: ESMF_STATEINTENT_IMPORT> <itemCount:    1>
20260620 224153.354 INFO             PET1       OCN-TO-ATM: InitializeIPDv05p2a extro {ES}:! +-<item: 0001> <itemType: Field> <itemName: sea_surface_temperature>
20260620 224153.354 INFO             PET1       OCN-TO-ATM: InitializeIPDv05p2a extro {ES}:! !--- FieldLog() start -----------------
20260620 224153.354 INFO             PET1       OCN-TO-ATM: InitializeIPDv05p2a extro {ES}:! ! <name: sea_surface_temperature> <fieldStatus: ESMF_FIELDSTATUS_EMPTY>
20260620 224153.354 INFO             PET1       OCN-TO-ATM: InitializeIPDv05p2a extro {ES}:! ! 0x16f7dd098 => 0x10215df50 => 0x140e14ea0
20260620 224153.354 INFO             PET1       OCN-TO-ATM: InitializeIPDv05p2a extro {ES}:! !--- FieldLog() end -------------------
20260620 224153.354 INFO             PET1       OCN-TO-ATM: InitializeIPDv05p2a extro {ES}:--- StateLog() end -------------------
20260620 224153.354 INFO             PET1     OCN-TO-ATM: InitializeIPDv05p2a extro.
20260620 224153.354 INFO             PET1     ATM-TO-OCN: InitializeIPDv05p2b intro.
20260620 224153.354 INFO             PET1       ATM-TO-OCN: InitializeIPDv05p2b intro {IS}:--- StateLog() start -----------------
20260620 224153.354 INFO             PET1       ATM-TO-OCN: InitializeIPDv05p2b intro {IS}:<name: ATM-ExportState> <intent: ESMF_STATEINTENT_EXPORT> <itemCount:    0>
20260620 224153.354 INFO             PET1       ATM-TO-OCN: InitializeIPDv05p2b intro {IS}:--- StateLog() end -------------------
20260620 224153.354 INFO             PET1       ATM-TO-OCN: InitializeIPDv05p2b intro {ES}:--- StateLog() start -----------------
20260620 224153.354 INFO             PET1       ATM-TO-OCN: InitializeIPDv05p2b intro {ES}:<name: OCN-ImportState> <intent: ESMF_STATEINTENT_IMPORT> <itemCount:    0>
20260620 224153.354 INFO             PET1       ATM-TO-OCN: InitializeIPDv05p2b intro {ES}:--- StateLog() end -------------------
20260620 224153.354 INFO             PET1       ATM-TO-OCN: InitializeIPDv05p2b extro {IS}:--- StateLog() start -----------------
20260620 224153.354 INFO             PET1       ATM-TO-OCN: InitializeIPDv05p2b extro {IS}:<name: ATM-ExportState> <intent: ESMF_STATEINTENT_EXPORT> <itemCount:    0>
20260620 224153.354 INFO             PET1       ATM-TO-OCN: InitializeIPDv05p2b extro {IS}:--- StateLog() end -------------------
20260620 224153.354 INFO             PET1       ATM-TO-OCN: InitializeIPDv05p2b extro {ES}:--- StateLog() start -----------------
20260620 224153.354 INFO             PET1       ATM-TO-OCN: InitializeIPDv05p2b extro {ES}:<name: OCN-ImportState> <intent: ESMF_STATEINTENT_IMPORT> <itemCount:    0>
20260620 224153.354 INFO             PET1       ATM-TO-OCN: InitializeIPDv05p2b extro {ES}:--- StateLog() end -------------------
20260620 224153.354 INFO             PET1     ATM-TO-OCN: InitializeIPDv05p2b extro.
20260620 224153.354 INFO             PET1     OCN-TO-ATM: InitializeIPDv05p2b intro.
20260620 224153.354 INFO             PET1       OCN-TO-ATM: InitializeIPDv05p2b intro {IS}:--- StateLog() start -----------------
20260620 224153.354 INFO             PET1       OCN-TO-ATM: InitializeIPDv05p2b intro {IS}:<name: OCN-ExportState> <intent: ESMF_STATEINTENT_EXPORT> <itemCount:    1>
20260620 224153.354 INFO             PET1       OCN-TO-ATM: InitializeIPDv05p2b intro {IS}:+-<item: 0001> <itemType: Field> <itemName: sst>
20260620 224153.354 INFO             PET1       OCN-TO-ATM: InitializeIPDv05p2b intro {IS}:!--- FieldLog() start -----------------
20260620 224153.354 INFO             PET1       OCN-TO-ATM: InitializeIPDv05p2b intro {IS}:! <name: sst> <fieldStatus: ESMF_FIELDSTATUS_EMPTY>
20260620 224153.354 INFO             PET1       OCN-TO-ATM: InitializeIPDv05p2b intro {IS}:! 0x16f7dd5f8 => 0x10215cca0 => 0x140e16980
20260620 224153.354 INFO             PET1       OCN-TO-ATM: InitializeIPDv05p2b intro {IS}:!--- FieldLog() end -------------------
20260620 224153.354 INFO             PET1       OCN-TO-ATM: InitializeIPDv05p2b intro {IS}:--- StateLog() end -------------------
20260620 224153.354 INFO             PET1       OCN-TO-ATM: InitializeIPDv05p2b intro {ES}:--- StateLog() start -----------------
20260620 224153.354 INFO             PET1       OCN-TO-ATM: InitializeIPDv05p2b intro {ES}:<name: ATM-ImportState> <intent: ESMF_STATEINTENT_IMPORT> <itemCount:    1>
20260620 224153.354 INFO             PET1       OCN-TO-ATM: InitializeIPDv05p2b intro {ES}:+-<item: 0001> <itemType: State> <itemName: ATM-ImportState-namespace:OCN>
20260620 224153.354 INFO             PET1       OCN-TO-ATM: InitializeIPDv05p2b intro {ES}:! <name: ATM-ImportState-namespace:OCN> <intent: ESMF_STATEINTENT_IMPORT> <itemCount:    1>
20260620 224153.354 INFO             PET1       OCN-TO-ATM: InitializeIPDv05p2b intro {ES}:! +-<item: 0001> <itemType: Field> <itemName: sea_surface_temperature>
20260620 224153.354 INFO             PET1       OCN-TO-ATM: InitializeIPDv05p2b intro {ES}:! !--- FieldLog() start -----------------
20260620 224153.354 INFO             PET1       OCN-TO-ATM: InitializeIPDv05p2b intro {ES}:! ! <name: sea_surface_temperature> <fieldStatus: ESMF_FIELDSTATUS_EMPTY>
20260620 224153.354 INFO             PET1       OCN-TO-ATM: InitializeIPDv05p2b intro {ES}:! ! 0x16f7dbb58 => 0x10215df50 => 0x140e14ea0
20260620 224153.354 INFO             PET1       OCN-TO-ATM: InitializeIPDv05p2b intro {ES}:! !--- FieldLog() end -------------------
20260620 224153.354 INFO             PET1       OCN-TO-ATM: InitializeIPDv05p2b intro {ES}:--- StateLog() end -------------------
20260620 224153.356 INFO             PET1       OCN-TO-ATM:      importStandardNameList(i=  1): sea_surface_temperature
20260620 224153.356 INFO             PET1       OCN-TO-ATM:         importNamespaceList(i=  1): OCN
20260620 224153.356 INFO             PET1       OCN-TO-ATM:            importCplSetList(i=  1): __UNSPECIFIED__
20260620 224153.356 INFO             PET1       OCN-TO-ATM:      exportStandardNameList(j=  1): sea_surface_temperature
20260620 224153.356 INFO             PET1       OCN-TO-ATM:         exportNamespaceList(j=  1): ATM:OCN
20260620 224153.356 INFO             PET1       OCN-TO-ATM:            exportCplSetList(j=  1): __UNSPECIFIED__
20260620 224153.356 INFO             PET1       OCN-TO-ATM: bondLevel= 2
20260620 224153.356 INFO             PET1       OCN-TO-ATM: => added cplList(  1)=sea_surface_temperature, cplSetList(  1)=__UNSPECIFIED__
20260620 224153.356 INFO             PET1       OCN-TO-ATM: InitializeIPDv05p2b extro {IS}:--- StateLog() start -----------------
20260620 224153.356 INFO             PET1       OCN-TO-ATM: InitializeIPDv05p2b extro {IS}:<name: OCN-ExportState> <intent: ESMF_STATEINTENT_EXPORT> <itemCount:    1>
20260620 224153.356 INFO             PET1       OCN-TO-ATM: InitializeIPDv05p2b extro {IS}:+-<item: 0001> <itemType: Field> <itemName: sst>
20260620 224153.356 INFO             PET1       OCN-TO-ATM: InitializeIPDv05p2b extro {IS}:!--- FieldLog() start -----------------
20260620 224153.356 INFO             PET1       OCN-TO-ATM: InitializeIPDv05p2b extro {IS}:! <name: sst> <fieldStatus: ESMF_FIELDSTATUS_EMPTY>
20260620 224153.356 INFO             PET1       OCN-TO-ATM: InitializeIPDv05p2b extro {IS}:! 0x16f7de808 => 0x10215cca0 => 0x140e147e0
20260620 224153.356 INFO             PET1       OCN-TO-ATM: InitializeIPDv05p2b extro {IS}:!--- FieldLog() end -------------------
20260620 224153.356 INFO             PET1       OCN-TO-ATM: InitializeIPDv05p2b extro {IS}:--- StateLog() end -------------------
20260620 224153.356 INFO             PET1       OCN-TO-ATM: InitializeIPDv05p2b extro {ES}:--- StateLog() start -----------------
20260620 224153.356 INFO             PET1       OCN-TO-ATM: InitializeIPDv05p2b extro {ES}:<name: ATM-ImportState> <intent: ESMF_STATEINTENT_IMPORT> <itemCount:    1>
20260620 224153.356 INFO             PET1       OCN-TO-ATM: InitializeIPDv05p2b extro {ES}:+-<item: 0001> <itemType: State> <itemName: ATM-ImportState-namespace:OCN>
20260620 224153.356 INFO             PET1       OCN-TO-ATM: InitializeIPDv05p2b extro {ES}:! <name: ATM-ImportState-namespace:OCN> <intent: ESMF_STATEINTENT_IMPORT> <itemCount:    1>
20260620 224153.356 INFO             PET1       OCN-TO-ATM: InitializeIPDv05p2b extro {ES}:! +-<item: 0001> <itemType: Field> <itemName: sea_surface_temperature>
20260620 224153.356 INFO             PET1       OCN-TO-ATM: InitializeIPDv05p2b extro {ES}:! !--- FieldLog() start -----------------
20260620 224153.356 INFO             PET1       OCN-TO-ATM: InitializeIPDv05p2b extro {ES}:! ! <name: sea_surface_temperature> <fieldStatus: ESMF_FIELDSTATUS_EMPTY>
20260620 224153.356 INFO             PET1       OCN-TO-ATM: InitializeIPDv05p2b extro {ES}:! ! 0x16f7dcd68 => 0x10215df50 => 0x140e14ea0
20260620 224153.356 INFO             PET1       OCN-TO-ATM: InitializeIPDv05p2b extro {ES}:! !--- FieldLog() end -------------------
20260620 224153.356 INFO             PET1       OCN-TO-ATM: InitializeIPDv05p2b extro {ES}:--- StateLog() end -------------------
20260620 224153.356 INFO             PET1     OCN-TO-ATM: InitializeIPDv05p2b extro.
20260620 224153.356 INFO             PET1     esm: IInitModifyCplLists intro.
20260620 224153.356 INFO             PET1       esm: IInitModifyCplLists intro {IS}:--- StateLog() start -----------------
20260620 224153.356 INFO             PET1       esm: IInitModifyCplLists intro {IS}:State object is invalid! Not created or deleted!
20260620 224153.356 INFO             PET1       esm: IInitModifyCplLists intro {IS}:--- StateLog() end -------------------
20260620 224153.356 INFO             PET1       esm: IInitModifyCplLists intro {ES}:--- StateLog() start -----------------
20260620 224153.356 INFO             PET1       esm: IInitModifyCplLists intro {ES}:State object is invalid! Not created or deleted!
20260620 224153.356 INFO             PET1       esm: IInitModifyCplLists intro {ES}:--- StateLog() end -------------------
20260620 224153.356 INFO             PET1       >>>esm: entered Initialize (phase=<none>) with current time: 2010  6  1  0  0  0   0
20260620 224153.357 INFO             PET1       <<<esm: leaving Initialize (phase=<none>) with current time: 2010  6  1  0  0  0   0
20260620 224153.357 INFO             PET1       esm: IInitModifyCplLists extro {IS}:--- StateLog() start -----------------
20260620 224153.357 INFO             PET1       esm: IInitModifyCplLists extro {IS}:State object is invalid! Not created or deleted!
20260620 224153.357 INFO             PET1       esm: IInitModifyCplLists extro {IS}:--- StateLog() end -------------------
20260620 224153.357 INFO             PET1       esm: IInitModifyCplLists extro {ES}:--- StateLog() start -----------------
20260620 224153.357 INFO             PET1       esm: IInitModifyCplLists extro {ES}:State object is invalid! Not created or deleted!
20260620 224153.357 INFO             PET1       esm: IInitModifyCplLists extro {ES}:--- StateLog() end -------------------
20260620 224153.357 INFO             PET1     esm: IInitModifyCplLists extro.
20260620 224153.357 INFO             PET1     ATM-TO-OCN: InitializeIPDv05p3 intro.
20260620 224153.357 INFO             PET1       ATM-TO-OCN: InitializeIPDv05p3 intro {IS}:--- StateLog() start -----------------
20260620 224153.357 INFO             PET1       ATM-TO-OCN: InitializeIPDv05p3 intro {IS}:<name: ATM-ExportState> <intent: ESMF_STATEINTENT_EXPORT> <itemCount:    0>
20260620 224153.357 INFO             PET1       ATM-TO-OCN: InitializeIPDv05p3 intro {IS}:--- StateLog() end -------------------
20260620 224153.357 INFO             PET1       ATM-TO-OCN: InitializeIPDv05p3 intro {ES}:--- StateLog() start -----------------
20260620 224153.357 INFO             PET1       ATM-TO-OCN: InitializeIPDv05p3 intro {ES}:<name: OCN-ImportState> <intent: ESMF_STATEINTENT_IMPORT> <itemCount:    0>
20260620 224153.357 INFO             PET1       ATM-TO-OCN: InitializeIPDv05p3 intro {ES}:--- StateLog() end -------------------
20260620 224153.357 INFO             PET1       ATM-TO-OCN: InitializeIPDv05p3 extro {IS}:--- StateLog() start -----------------
20260620 224153.357 INFO             PET1       ATM-TO-OCN: InitializeIPDv05p3 extro {IS}:<name: ATM-ExportState> <intent: ESMF_STATEINTENT_EXPORT> <itemCount:    0>
20260620 224153.357 INFO             PET1       ATM-TO-OCN: InitializeIPDv05p3 extro {IS}:--- StateLog() end -------------------
20260620 224153.357 INFO             PET1       ATM-TO-OCN: InitializeIPDv05p3 extro {ES}:--- StateLog() start -----------------
20260620 224153.357 INFO             PET1       ATM-TO-OCN: InitializeIPDv05p3 extro {ES}:<name: OCN-ImportState> <intent: ESMF_STATEINTENT_IMPORT> <itemCount:    0>
20260620 224153.357 INFO             PET1       ATM-TO-OCN: InitializeIPDv05p3 extro {ES}:--- StateLog() end -------------------
20260620 224153.357 INFO             PET1     ATM-TO-OCN: InitializeIPDv05p3 extro.
20260620 224153.357 INFO             PET1     OCN-TO-ATM: InitializeIPDv05p3 intro.
20260620 224153.357 INFO             PET1       OCN-TO-ATM: InitializeIPDv05p3 intro {IS}:--- StateLog() start -----------------
20260620 224153.357 INFO             PET1       OCN-TO-ATM: InitializeIPDv05p3 intro {IS}:<name: OCN-ExportState> <intent: ESMF_STATEINTENT_EXPORT> <itemCount:    1>
20260620 224153.357 INFO             PET1       OCN-TO-ATM: InitializeIPDv05p3 intro {IS}:+-<item: 0001> <itemType: Field> <itemName: sst>
20260620 224153.357 INFO             PET1       OCN-TO-ATM: InitializeIPDv05p3 intro {IS}:!--- FieldLog() start -----------------
20260620 224153.357 INFO             PET1       OCN-TO-ATM: InitializeIPDv05p3 intro {IS}:! <name: sst> <fieldStatus: ESMF_FIELDSTATUS_EMPTY>
20260620 224153.357 INFO             PET1       OCN-TO-ATM: InitializeIPDv05p3 intro {IS}:! 0x16f7d9c78 => 0x10215cca0 => 0x140e147e0
20260620 224153.357 INFO             PET1       OCN-TO-ATM: InitializeIPDv05p3 intro {IS}:!--- FieldLog() end -------------------
20260620 224153.357 INFO             PET1       OCN-TO-ATM: InitializeIPDv05p3 intro {IS}:--- StateLog() end -------------------
20260620 224153.357 INFO             PET1       OCN-TO-ATM: InitializeIPDv05p3 intro {ES}:--- StateLog() start -----------------
20260620 224153.357 INFO             PET1       OCN-TO-ATM: InitializeIPDv05p3 intro {ES}:<name: ATM-ImportState> <intent: ESMF_STATEINTENT_IMPORT> <itemCount:    1>
20260620 224153.357 INFO             PET1       OCN-TO-ATM: InitializeIPDv05p3 intro {ES}:+-<item: 0001> <itemType: State> <itemName: ATM-ImportState-namespace:OCN>
20260620 224153.357 INFO             PET1       OCN-TO-ATM: InitializeIPDv05p3 intro {ES}:! <name: ATM-ImportState-namespace:OCN> <intent: ESMF_STATEINTENT_IMPORT> <itemCount:    1>
20260620 224153.357 INFO             PET1       OCN-TO-ATM: InitializeIPDv05p3 intro {ES}:! +-<item: 0001> <itemType: Field> <itemName: sea_surface_temperature>
20260620 224153.357 INFO             PET1       OCN-TO-ATM: InitializeIPDv05p3 intro {ES}:! !--- FieldLog() start -----------------
20260620 224153.357 INFO             PET1       OCN-TO-ATM: InitializeIPDv05p3 intro {ES}:! ! <name: sea_surface_temperature> <fieldStatus: ESMF_FIELDSTATUS_EMPTY>
20260620 224153.357 INFO             PET1       OCN-TO-ATM: InitializeIPDv05p3 intro {ES}:! ! 0x16f7d81d8 => 0x10215df50 => 0x140e14ea0
20260620 224153.357 INFO             PET1       OCN-TO-ATM: InitializeIPDv05p3 intro {ES}:! !--- FieldLog() end -------------------
20260620 224153.357 INFO             PET1       OCN-TO-ATM: InitializeIPDv05p3 intro {ES}:--- StateLog() end -------------------
20260620 224153.359 INFO             PET1       OCN-TO-ATM: handle cplList(1): sea_surface_temperature, cplSetList(1): __UNSPECIFIED__
20260620 224153.359 INFO             PET1       OCN-TO-ATM: - connected.
20260620 224153.359 INFO             PET1       OCN-TO-ATM: - import side must provide, export side may accept the Field/GeomObject.
20260620 224153.359 INFO             PET1       OCN-TO-ATM: - combination of provider and acceptor VM does NOT support Field and/or GeomObject sharing between them.
20260620 224153.359 INFO             PET1       OCN-TO-ATM: InitializeIPDv05p3 extro {IS}:--- StateLog() start -----------------
20260620 224153.359 INFO             PET1       OCN-TO-ATM: InitializeIPDv05p3 extro {IS}:<name: OCN-ExportState> <intent: ESMF_STATEINTENT_EXPORT> <itemCount:    1>
20260620 224153.359 INFO             PET1       OCN-TO-ATM: InitializeIPDv05p3 extro {IS}:+-<item: 0001> <itemType: Field> <itemName: sst>
20260620 224153.359 INFO             PET1       OCN-TO-ATM: InitializeIPDv05p3 extro {IS}:!--- FieldLog() start -----------------
20260620 224153.359 INFO             PET1       OCN-TO-ATM: InitializeIPDv05p3 extro {IS}:! <name: sst> <fieldStatus: ESMF_FIELDSTATUS_EMPTY>
20260620 224153.359 INFO             PET1       OCN-TO-ATM: InitializeIPDv05p3 extro {IS}:! 0x16f7dae88 => 0x10215cca0 => 0x140e16ce0
20260620 224153.359 INFO             PET1       OCN-TO-ATM: InitializeIPDv05p3 extro {IS}:!--- FieldLog() end -------------------
20260620 224153.359 INFO             PET1       OCN-TO-ATM: InitializeIPDv05p3 extro {IS}:--- StateLog() end -------------------
20260620 224153.359 INFO             PET1       OCN-TO-ATM: InitializeIPDv05p3 extro {ES}:--- StateLog() start -----------------
20260620 224153.359 INFO             PET1       OCN-TO-ATM: InitializeIPDv05p3 extro {ES}:<name: ATM-ImportState> <intent: ESMF_STATEINTENT_IMPORT> <itemCount:    1>
20260620 224153.359 INFO             PET1       OCN-TO-ATM: InitializeIPDv05p3 extro {ES}:+-<item: 0001> <itemType: State> <itemName: ATM-ImportState-namespace:OCN>
20260620 224153.359 INFO             PET1       OCN-TO-ATM: InitializeIPDv05p3 extro {ES}:! <name: ATM-ImportState-namespace:OCN> <intent: ESMF_STATEINTENT_IMPORT> <itemCount:    1>
20260620 224153.359 INFO             PET1       OCN-TO-ATM: InitializeIPDv05p3 extro {ES}:! +-<item: 0001> <itemType: Field> <itemName: sea_surface_temperature>
20260620 224153.359 INFO             PET1       OCN-TO-ATM: InitializeIPDv05p3 extro {ES}:! !--- FieldLog() start -----------------
20260620 224153.359 INFO             PET1       OCN-TO-ATM: InitializeIPDv05p3 extro {ES}:! ! <name: sea_surface_temperature> <fieldStatus: ESMF_FIELDSTATUS_EMPTY>
20260620 224153.359 INFO             PET1       OCN-TO-ATM: InitializeIPDv05p3 extro {ES}:! ! 0x16f7d93e8 => 0x10215df50 => 0x140e14ea0
20260620 224153.359 INFO             PET1       OCN-TO-ATM: InitializeIPDv05p3 extro {ES}:! !--- FieldLog() end -------------------
20260620 224153.359 INFO             PET1       OCN-TO-ATM: InitializeIPDv05p3 extro {ES}:--- StateLog() end -------------------
20260620 224153.359 INFO             PET1     OCN-TO-ATM: InitializeIPDv05p3 extro.
20260620 224153.360 INFO             PET1     <<<esm: leaving Initialize (phase=<none>) with current time: 2010  6  1  0  0  0   0
20260620 224153.360 INFO             PET1     esm: InitializeIPDv02p1 extro {IS}:--- StateLog() start -----------------
20260620 224153.360 INFO             PET1     esm: InitializeIPDv02p1 extro {IS}:State object is invalid! Not created or deleted!
20260620 224153.360 INFO             PET1     esm: InitializeIPDv02p1 extro {IS}:--- StateLog() end -------------------
20260620 224153.360 INFO             PET1     esm: InitializeIPDv02p1 extro {ES}:--- StateLog() start -----------------
20260620 224153.360 INFO             PET1     esm: InitializeIPDv02p1 extro {ES}:State object is invalid! Not created or deleted!
20260620 224153.360 INFO             PET1     esm: InitializeIPDv02p1 extro {ES}:--- StateLog() end -------------------
20260620 224153.360 INFO             PET1   esm: InitializeIPDv02p1 extro.
20260620 224153.360 INFO             PET1   esm: InitializeIPDv02p3 intro.
20260620 224153.360 INFO             PET1     esm: InitializeIPDv02p3 intro {IS}:--- StateLog() start -----------------
20260620 224153.360 INFO             PET1     esm: InitializeIPDv02p3 intro {IS}:State object is invalid! Not created or deleted!
20260620 224153.360 INFO             PET1     esm: InitializeIPDv02p3 intro {IS}:--- StateLog() end -------------------
20260620 224153.360 INFO             PET1     esm: InitializeIPDv02p3 intro {ES}:--- StateLog() start -----------------
20260620 224153.360 INFO             PET1     esm: InitializeIPDv02p3 intro {ES}:State object is invalid! Not created or deleted!
20260620 224153.360 INFO             PET1     esm: InitializeIPDv02p3 intro {ES}:--- StateLog() end -------------------
20260620 224153.360 INFO             PET1     >>>esm: entered Initialize (phase=<none>) with current time: 2010  6  1  0  0  0   0
20260620 224153.360 INFO             PET1     esm: IInitCheck intro.
20260620 224153.360 INFO             PET1       esm: IInitCheck intro {IS}:--- StateLog() start -----------------
20260620 224153.360 INFO             PET1       esm: IInitCheck intro {IS}:State object is invalid! Not created or deleted!
20260620 224153.360 INFO             PET1       esm: IInitCheck intro {IS}:--- StateLog() end -------------------
20260620 224153.360 INFO             PET1       esm: IInitCheck intro {ES}:--- StateLog() start -----------------
20260620 224153.360 INFO             PET1       esm: IInitCheck intro {ES}:State object is invalid! Not created or deleted!
20260620 224153.360 INFO             PET1       esm: IInitCheck intro {ES}:--- StateLog() end -------------------
20260620 224153.360 INFO             PET1       >>>esm: entered Initialize (phase=<none>) with current time: 2010  6  1  0  0  0   0
20260620 224153.360 INFO             PET1       <<<esm: leaving Initialize (phase=<none>) with current time: 2010  6  1  0  0  0   0
20260620 224153.360 INFO             PET1       esm: IInitCheck extro {IS}:--- StateLog() start -----------------
20260620 224153.360 INFO             PET1       esm: IInitCheck extro {IS}:State object is invalid! Not created or deleted!
20260620 224153.360 INFO             PET1       esm: IInitCheck extro {IS}:--- StateLog() end -------------------
20260620 224153.360 INFO             PET1       esm: IInitCheck extro {ES}:--- StateLog() start -----------------
20260620 224153.360 INFO             PET1       esm: IInitCheck extro {ES}:State object is invalid! Not created or deleted!
20260620 224153.360 INFO             PET1       esm: IInitCheck extro {ES}:--- StateLog() end -------------------
20260620 224153.360 INFO             PET1     esm: IInitCheck extro.
20260620 224153.362 INFO             PET1     ATM-TO-OCN: InitializeIPDv05p4 intro.
20260620 224153.362 INFO             PET1       ATM-TO-OCN: InitializeIPDv05p4 intro {IS}:--- StateLog() start -----------------
20260620 224153.362 INFO             PET1       ATM-TO-OCN: InitializeIPDv05p4 intro {IS}:<name: ATM-ExportState> <intent: ESMF_STATEINTENT_EXPORT> <itemCount:    0>
20260620 224153.362 INFO             PET1       ATM-TO-OCN: InitializeIPDv05p4 intro {IS}:--- StateLog() end -------------------
20260620 224153.362 INFO             PET1       ATM-TO-OCN: InitializeIPDv05p4 intro {ES}:--- StateLog() start -----------------
20260620 224153.362 INFO             PET1       ATM-TO-OCN: InitializeIPDv05p4 intro {ES}:<name: OCN-ImportState> <intent: ESMF_STATEINTENT_IMPORT> <itemCount:    0>
20260620 224153.362 INFO             PET1       ATM-TO-OCN: InitializeIPDv05p4 intro {ES}:--- StateLog() end -------------------
20260620 224153.362 INFO             PET1       ATM-TO-OCN: InitializeIPDv05p4 extro {IS}:--- StateLog() start -----------------
20260620 224153.362 INFO             PET1       ATM-TO-OCN: InitializeIPDv05p4 extro {IS}:<name: ATM-ExportState> <intent: ESMF_STATEINTENT_EXPORT> <itemCount:    0>
20260620 224153.362 INFO             PET1       ATM-TO-OCN: InitializeIPDv05p4 extro {IS}:--- StateLog() end -------------------
20260620 224153.362 INFO             PET1       ATM-TO-OCN: InitializeIPDv05p4 extro {ES}:--- StateLog() start -----------------
20260620 224153.362 INFO             PET1       ATM-TO-OCN: InitializeIPDv05p4 extro {ES}:<name: OCN-ImportState> <intent: ESMF_STATEINTENT_IMPORT> <itemCount:    0>
20260620 224153.362 INFO             PET1       ATM-TO-OCN: InitializeIPDv05p4 extro {ES}:--- StateLog() end -------------------
20260620 224153.362 INFO             PET1     ATM-TO-OCN: InitializeIPDv05p4 extro.
20260620 224153.363 INFO             PET1     OCN-TO-ATM: InitializeIPDv05p4 intro.
20260620 224153.363 INFO             PET1       OCN-TO-ATM: InitializeIPDv05p4 intro {IS}:--- StateLog() start -----------------
20260620 224153.363 INFO             PET1       OCN-TO-ATM: InitializeIPDv05p4 intro {IS}:<name: OCN-ExportState> <intent: ESMF_STATEINTENT_EXPORT> <itemCount:    1>
20260620 224153.363 INFO             PET1       OCN-TO-ATM: InitializeIPDv05p4 intro {IS}:+-<item: 0001> <itemType: Field> <itemName: sst>
20260620 224153.363 INFO             PET1       OCN-TO-ATM: InitializeIPDv05p4 intro {IS}:!--- FieldLog() start -----------------
20260620 224153.363 INFO             PET1       OCN-TO-ATM: InitializeIPDv05p4 intro {IS}:! <name: sst> <fieldStatus: ESMF_FIELDSTATUS_EMPTY>
20260620 224153.363 INFO             PET1       OCN-TO-ATM: InitializeIPDv05p4 intro {IS}:! 0x16f7de7c8 => 0x10215cca0 => 0x140e16ce0
20260620 224153.363 INFO             PET1       OCN-TO-ATM: InitializeIPDv05p4 intro {IS}:!--- FieldLog() end -------------------
20260620 224153.363 INFO             PET1       OCN-TO-ATM: InitializeIPDv05p4 intro {IS}:--- StateLog() end -------------------
20260620 224153.363 INFO             PET1       OCN-TO-ATM: InitializeIPDv05p4 intro {ES}:--- StateLog() start -----------------
20260620 224153.363 INFO             PET1       OCN-TO-ATM: InitializeIPDv05p4 intro {ES}:<name: ATM-ImportState> <intent: ESMF_STATEINTENT_IMPORT> <itemCount:    1>
20260620 224153.363 INFO             PET1       OCN-TO-ATM: InitializeIPDv05p4 intro {ES}:+-<item: 0001> <itemType: State> <itemName: ATM-ImportState-namespace:OCN>
20260620 224153.363 INFO             PET1       OCN-TO-ATM: InitializeIPDv05p4 intro {ES}:! <name: ATM-ImportState-namespace:OCN> <intent: ESMF_STATEINTENT_IMPORT> <itemCount:    1>
20260620 224153.363 INFO             PET1       OCN-TO-ATM: InitializeIPDv05p4 intro {ES}:! +-<item: 0001> <itemType: Field> <itemName: sea_surface_temperature>
20260620 224153.363 INFO             PET1       OCN-TO-ATM: InitializeIPDv05p4 intro {ES}:! !--- FieldLog() start -----------------
20260620 224153.363 INFO             PET1       OCN-TO-ATM: InitializeIPDv05p4 intro {ES}:! ! <name: sea_surface_temperature> <fieldStatus: ESMF_FIELDSTATUS_EMPTY>
20260620 224153.363 INFO             PET1       OCN-TO-ATM: InitializeIPDv05p4 intro {ES}:! ! 0x16f7dcd28 => 0x10215df50 => 0x140e14ea0
20260620 224153.363 INFO             PET1       OCN-TO-ATM: InitializeIPDv05p4 intro {ES}:! !--- FieldLog() end -------------------
20260620 224153.363 INFO             PET1       OCN-TO-ATM: InitializeIPDv05p4 intro {ES}:--- StateLog() end -------------------
20260620 224153.366 INFO             PET1       OCN-TO-ATM: handle cplList(1): sea_surface_temperature, cplSetList(1): __UNSPECIFIED__
20260620 224153.366 INFO             PET1       OCN-TO-ATM: - import ShareStatusGeomObject=not shared
20260620 224153.366 INFO             PET1       OCN-TO-ATM: - export ShareStatusGeomObject=not shared
20260620 224153.366 INFO             PET1       OCN-TO-ATM: -> NOT sharing GeomObject
20260620 224153.366 INFO             PET1       OCN-TO-ATM: - import ShareStatusField=not shared
20260620 224153.366 INFO             PET1       OCN-TO-ATM: - export ShareStatusField=not shared
20260620 224153.366 INFO             PET1       OCN-TO-ATM: -> NOT sharing Field.
20260620 224153.366 INFO             PET1       OCN-TO-ATM:  gridListMatch= F for provider Grid: Grid003
20260620 224153.366 INFO             PET1       OCN-TO-ATM: - transferring underlying DistGrid (import -> export) for Grid: Grid003
20260620 224153.366 INFO             PET1       OCN-TO-ATM: - done creating acceptorDG from providerDG
20260620 224153.366 INFO             PET1       OCN-TO-ATM: - done transferring underlying DistGrid
20260620 224153.366 INFO             PET1       OCN-TO-ATM: InitializeIPDv05p4 extro {IS}:--- StateLog() start -----------------
20260620 224153.366 INFO             PET1       OCN-TO-ATM: InitializeIPDv05p4 extro {IS}:<name: OCN-ExportState> <intent: ESMF_STATEINTENT_EXPORT> <itemCount:    1>
20260620 224153.366 INFO             PET1       OCN-TO-ATM: InitializeIPDv05p4 extro {IS}:+-<item: 0001> <itemType: Field> <itemName: sst>
20260620 224153.366 INFO             PET1       OCN-TO-ATM: InitializeIPDv05p4 extro {IS}:!--- FieldLog() start -----------------
20260620 224153.366 INFO             PET1       OCN-TO-ATM: InitializeIPDv05p4 extro {IS}:! <name: sst> <fieldStatus: ESMF_FIELDSTATUS_COMPLETE>
20260620 224153.366 INFO             PET1       OCN-TO-ATM: InitializeIPDv05p4 extro {IS}:! 0x16f7df9d8 => 0x10215cca0 => 0x140e17040
20260620 224153.366 INFO             PET1       OCN-TO-ATM: InitializeIPDv05p4 extro {IS}:! <typekind: Real*8> <rank:    2> <dimCount:    2>
20260620 224153.366 INFO             PET1       OCN-TO-ATM: InitializeIPDv05p4 extro {IS}:! ! --- Array::log() start -----------------------------------
20260620 224153.366 INFO             PET1       OCN-TO-ATM: InitializeIPDv05p4 extro {IS}:! ! 0x141033e00
20260620 224153.366 INFO             PET1       OCN-TO-ATM: InitializeIPDv05p4 extro {IS}:! ! <name: sst>
20260620 224153.366 INFO             PET1       OCN-TO-ATM: InitializeIPDv05p4 extro {IS}:! ! ! --- DistGrid::log() start --------------------------------
20260620 224153.366 INFO             PET1       OCN-TO-ATM: InitializeIPDv05p4 extro {IS}:! ! ! 0x141034400
20260620 224153.366 INFO             PET1       OCN-TO-ATM: InitializeIPDv05p4 extro {IS}:! ! ! DistGrid object is valid!<name: DG-Grid003-sloc:0>
20260620 224153.366 INFO             PET1       OCN-TO-ATM: InitializeIPDv05p4 extro {IS}:! ! ! --- DistGrid::log() end ----------------------------------
20260620 224153.366 INFO             PET1       OCN-TO-ATM: InitializeIPDv05p4 extro {IS}:! ! --- Array::log() end -------------------------------------
20260620 224153.366 INFO             PET1       OCN-TO-ATM: InitializeIPDv05p4 extro {IS}:!--- FieldLog() end -------------------
20260620 224153.366 INFO             PET1       OCN-TO-ATM: InitializeIPDv05p4 extro {IS}:--- StateLog() end -------------------
20260620 224153.366 INFO             PET1       OCN-TO-ATM: InitializeIPDv05p4 extro {ES}:--- StateLog() start -----------------
20260620 224153.366 INFO             PET1       OCN-TO-ATM: InitializeIPDv05p4 extro {ES}:<name: ATM-ImportState> <intent: ESMF_STATEINTENT_IMPORT> <itemCount:    1>
20260620 224153.366 INFO             PET1       OCN-TO-ATM: InitializeIPDv05p4 extro {ES}:+-<item: 0001> <itemType: State> <itemName: ATM-ImportState-namespace:OCN>
20260620 224153.366 INFO             PET1       OCN-TO-ATM: InitializeIPDv05p4 extro {ES}:! <name: ATM-ImportState-namespace:OCN> <intent: ESMF_STATEINTENT_IMPORT> <itemCount:    1>
20260620 224153.366 INFO             PET1       OCN-TO-ATM: InitializeIPDv05p4 extro {ES}:! +-<item: 0001> <itemType: Field> <itemName: sea_surface_temperature>
20260620 224153.366 INFO             PET1       OCN-TO-ATM: InitializeIPDv05p4 extro {ES}:! !--- FieldLog() start -----------------
20260620 224153.366 INFO             PET1       OCN-TO-ATM: InitializeIPDv05p4 extro {ES}:! ! <name: sea_surface_temperature> <fieldStatus: ESMF_FIELDSTATUS_GEOMSET>
20260620 224153.366 INFO             PET1       OCN-TO-ATM: InitializeIPDv05p4 extro {ES}:! ! 0x16f7ddf38 => 0x10215df50 => 0x140e14ea0
20260620 224153.366 INFO             PET1       OCN-TO-ATM: InitializeIPDv05p4 extro {ES}:! !--- FieldLog() end -------------------
20260620 224153.366 INFO             PET1       OCN-TO-ATM: InitializeIPDv05p4 extro {ES}:--- StateLog() end -------------------
20260620 224153.366 INFO             PET1     OCN-TO-ATM: InitializeIPDv05p4 extro.
20260620 224153.366 INFO             PET1     ATM-TO-OCN: InitializeIPDv05p5 intro.
20260620 224153.366 INFO             PET1       ATM-TO-OCN: InitializeIPDv05p5 intro {IS}:--- StateLog() start -----------------
20260620 224153.366 INFO             PET1       ATM-TO-OCN: InitializeIPDv05p5 intro {IS}:<name: ATM-ExportState> <intent: ESMF_STATEINTENT_EXPORT> <itemCount:    0>
20260620 224153.366 INFO             PET1       ATM-TO-OCN: InitializeIPDv05p5 intro {IS}:--- StateLog() end -------------------
20260620 224153.366 INFO             PET1       ATM-TO-OCN: InitializeIPDv05p5 intro {ES}:--- StateLog() start -----------------
20260620 224153.366 INFO             PET1       ATM-TO-OCN: InitializeIPDv05p5 intro {ES}:<name: OCN-ImportState> <intent: ESMF_STATEINTENT_IMPORT> <itemCount:    0>
20260620 224153.366 INFO             PET1       ATM-TO-OCN: InitializeIPDv05p5 intro {ES}:--- StateLog() end -------------------
20260620 224153.367 INFO             PET1       ATM-TO-OCN: InitializeIPDv05p5 extro {IS}:--- StateLog() start -----------------
20260620 224153.367 INFO             PET1       ATM-TO-OCN: InitializeIPDv05p5 extro {IS}:<name: ATM-ExportState> <intent: ESMF_STATEINTENT_EXPORT> <itemCount:    0>
20260620 224153.367 INFO             PET1       ATM-TO-OCN: InitializeIPDv05p5 extro {IS}:--- StateLog() end -------------------
20260620 224153.367 INFO             PET1       ATM-TO-OCN: InitializeIPDv05p5 extro {ES}:--- StateLog() start -----------------
20260620 224153.367 INFO             PET1       ATM-TO-OCN: InitializeIPDv05p5 extro {ES}:<name: OCN-ImportState> <intent: ESMF_STATEINTENT_IMPORT> <itemCount:    0>
20260620 224153.367 INFO             PET1       ATM-TO-OCN: InitializeIPDv05p5 extro {ES}:--- StateLog() end -------------------
20260620 224153.367 INFO             PET1     ATM-TO-OCN: InitializeIPDv05p5 extro.
20260620 224153.367 INFO             PET1     OCN-TO-ATM: InitializeIPDv05p5 intro.
20260620 224153.367 INFO             PET1       OCN-TO-ATM: InitializeIPDv05p5 intro {IS}:--- StateLog() start -----------------
20260620 224153.367 INFO             PET1       OCN-TO-ATM: InitializeIPDv05p5 intro {IS}:<name: OCN-ExportState> <intent: ESMF_STATEINTENT_EXPORT> <itemCount:    1>
20260620 224153.367 INFO             PET1       OCN-TO-ATM: InitializeIPDv05p5 intro {IS}:+-<item: 0001> <itemType: Field> <itemName: sst>
20260620 224153.367 INFO             PET1       OCN-TO-ATM: InitializeIPDv05p5 intro {IS}:!--- FieldLog() start -----------------
20260620 224153.367 INFO             PET1       OCN-TO-ATM: InitializeIPDv05p5 intro {IS}:! <name: sst> <fieldStatus: ESMF_FIELDSTATUS_COMPLETE>
20260620 224153.367 INFO             PET1       OCN-TO-ATM: InitializeIPDv05p5 intro {IS}:! 0x16f7df768 => 0x10215cca0 => 0x140e17040
20260620 224153.367 INFO             PET1       OCN-TO-ATM: InitializeIPDv05p5 intro {IS}:! <typekind: Real*8> <rank:    2> <dimCount:    2>
20260620 224153.367 INFO             PET1       OCN-TO-ATM: InitializeIPDv05p5 intro {IS}:! ! --- Array::log() start -----------------------------------
20260620 224153.367 INFO             PET1       OCN-TO-ATM: InitializeIPDv05p5 intro {IS}:! ! 0x141033e00
20260620 224153.367 INFO             PET1       OCN-TO-ATM: InitializeIPDv05p5 intro {IS}:! ! <name: sst>
20260620 224153.367 INFO             PET1       OCN-TO-ATM: InitializeIPDv05p5 intro {IS}:! ! ! --- DistGrid::log() start --------------------------------
20260620 224153.367 INFO             PET1       OCN-TO-ATM: InitializeIPDv05p5 intro {IS}:! ! ! 0x141034400
20260620 224153.367 INFO             PET1       OCN-TO-ATM: InitializeIPDv05p5 intro {IS}:! ! ! DistGrid object is valid!<name: DG-Grid003-sloc:0>
20260620 224153.367 INFO             PET1       OCN-TO-ATM: InitializeIPDv05p5 intro {IS}:! ! ! --- DistGrid::log() end ----------------------------------
20260620 224153.367 INFO             PET1       OCN-TO-ATM: InitializeIPDv05p5 intro {IS}:! ! --- Array::log() end -------------------------------------
20260620 224153.367 INFO             PET1       OCN-TO-ATM: InitializeIPDv05p5 intro {IS}:!--- FieldLog() end -------------------
20260620 224153.367 INFO             PET1       OCN-TO-ATM: InitializeIPDv05p5 intro {IS}:--- StateLog() end -------------------
20260620 224153.367 INFO             PET1       OCN-TO-ATM: InitializeIPDv05p5 intro {ES}:--- StateLog() start -----------------
20260620 224153.367 INFO             PET1       OCN-TO-ATM: InitializeIPDv05p5 intro {ES}:<name: ATM-ImportState> <intent: ESMF_STATEINTENT_IMPORT> <itemCount:    1>
20260620 224153.367 INFO             PET1       OCN-TO-ATM: InitializeIPDv05p5 intro {ES}:+-<item: 0001> <itemType: State> <itemName: ATM-ImportState-namespace:OCN>
20260620 224153.367 INFO             PET1       OCN-TO-ATM: InitializeIPDv05p5 intro {ES}:! <name: ATM-ImportState-namespace:OCN> <intent: ESMF_STATEINTENT_IMPORT> <itemCount:    1>
20260620 224153.367 INFO             PET1       OCN-TO-ATM: InitializeIPDv05p5 intro {ES}:! +-<item: 0001> <itemType: Field> <itemName: sea_surface_temperature>
20260620 224153.367 INFO             PET1       OCN-TO-ATM: InitializeIPDv05p5 intro {ES}:! !--- FieldLog() start -----------------
20260620 224153.367 INFO             PET1       OCN-TO-ATM: InitializeIPDv05p5 intro {ES}:! ! <name: sea_surface_temperature> <fieldStatus: ESMF_FIELDSTATUS_GEOMSET>
20260620 224153.367 INFO             PET1       OCN-TO-ATM: InitializeIPDv05p5 intro {ES}:! ! 0x16f7ddcc8 => 0x10215df50 => 0x140e14ea0
20260620 224153.367 INFO             PET1       OCN-TO-ATM: InitializeIPDv05p5 intro {ES}:! !--- FieldLog() end -------------------
20260620 224153.367 INFO             PET1       OCN-TO-ATM: InitializeIPDv05p5 intro {ES}:--- StateLog() end -------------------
20260620 224153.369 INFO             PET1       OCN-TO-ATM: handle cplList(1): sea_surface_temperature, cplSetList(1): __UNSPECIFIED__
20260620 224153.369 INFO             PET1       OCN-TO-ATM: - import ShareStatusGeomObject=not shared
20260620 224153.369 INFO             PET1       OCN-TO-ATM: - export ShareStatusGeomObject=not shared
20260620 224153.369 INFO             PET1       OCN-TO-ATM: -> NOT sharing GeomObject
20260620 224153.369 INFO             PET1       OCN-TO-ATM: - import ShareStatusField=not shared
20260620 224153.369 INFO             PET1       OCN-TO-ATM: - export ShareStatusField=not shared
20260620 224153.369 INFO             PET1       OCN-TO-ATM: -> NOT sharing Field
20260620 224153.369 INFO             PET1       OCN-TO-ATM:  gridListMatch= F for acceptor Grid: Grid003
20260620 224153.369 INFO             PET1       OCN-TO-ATM: - transferring the full geomobject with coordinates (import -> export) for Grid: Grid003
20260620 224153.374 INFO             PET1       OCN-TO-ATM: - done transferring the full Grid with coordinates
20260620 224153.375 INFO             PET1       OCN-TO-ATM: InitializeIPDv05p5 extro {IS}:--- StateLog() start -----------------
20260620 224153.375 INFO             PET1       OCN-TO-ATM: InitializeIPDv05p5 extro {IS}:<name: OCN-ExportState> <intent: ESMF_STATEINTENT_EXPORT> <itemCount:    1>
20260620 224153.375 INFO             PET1       OCN-TO-ATM: InitializeIPDv05p5 extro {IS}:+-<item: 0001> <itemType: Field> <itemName: sst>
20260620 224153.375 INFO             PET1       OCN-TO-ATM: InitializeIPDv05p5 extro {IS}:!--- FieldLog() start -----------------
20260620 224153.375 INFO             PET1       OCN-TO-ATM: InitializeIPDv05p5 extro {IS}:! <name: sst> <fieldStatus: ESMF_FIELDSTATUS_COMPLETE>
20260620 224153.375 INFO             PET1       OCN-TO-ATM: InitializeIPDv05p5 extro {IS}:! 0x16f7e0978 => 0x10215cca0 => 0x140e16ce0
20260620 224153.375 INFO             PET1       OCN-TO-ATM: InitializeIPDv05p5 extro {IS}:! <typekind: Real*8> <rank:    2> <dimCount:    2>
20260620 224153.375 INFO             PET1       OCN-TO-ATM: InitializeIPDv05p5 extro {IS}:! ! --- Array::log() start -----------------------------------
20260620 224153.375 INFO             PET1       OCN-TO-ATM: InitializeIPDv05p5 extro {IS}:! ! 0x141038c00
20260620 224153.375 INFO             PET1       OCN-TO-ATM: InitializeIPDv05p5 extro {IS}:! ! <name: sst>
20260620 224153.375 INFO             PET1       OCN-TO-ATM: InitializeIPDv05p5 extro {IS}:! ! ! --- DistGrid::log() start --------------------------------
20260620 224153.375 INFO             PET1       OCN-TO-ATM: InitializeIPDv05p5 extro {IS}:! ! ! 0x141039200
20260620 224153.375 INFO             PET1       OCN-TO-ATM: InitializeIPDv05p5 extro {IS}:! ! ! DistGrid object is valid!<name: DG-Grid003-sloc:0>
20260620 224153.375 INFO             PET1       OCN-TO-ATM: InitializeIPDv05p5 extro {IS}:! ! ! --- DistGrid::log() end ----------------------------------
20260620 224153.375 INFO             PET1       OCN-TO-ATM: InitializeIPDv05p5 extro {IS}:! ! --- Array::log() end -------------------------------------
20260620 224153.375 INFO             PET1       OCN-TO-ATM: InitializeIPDv05p5 extro {IS}:!--- FieldLog() end -------------------
20260620 224153.375 INFO             PET1       OCN-TO-ATM: InitializeIPDv05p5 extro {IS}:--- StateLog() end -------------------
20260620 224153.375 INFO             PET1       OCN-TO-ATM: InitializeIPDv05p5 extro {ES}:--- StateLog() start -----------------
20260620 224153.375 INFO             PET1       OCN-TO-ATM: InitializeIPDv05p5 extro {ES}:<name: ATM-ImportState> <intent: ESMF_STATEINTENT_IMPORT> <itemCount:    1>
20260620 224153.375 INFO             PET1       OCN-TO-ATM: InitializeIPDv05p5 extro {ES}:+-<item: 0001> <itemType: State> <itemName: ATM-ImportState-namespace:OCN>
20260620 224153.375 INFO             PET1       OCN-TO-ATM: InitializeIPDv05p5 extro {ES}:! <name: ATM-ImportState-namespace:OCN> <intent: ESMF_STATEINTENT_IMPORT> <itemCount:    1>
20260620 224153.375 INFO             PET1       OCN-TO-ATM: InitializeIPDv05p5 extro {ES}:! +-<item: 0001> <itemType: Field> <itemName: sea_surface_temperature>
20260620 224153.375 INFO             PET1       OCN-TO-ATM: InitializeIPDv05p5 extro {ES}:! !--- FieldLog() start -----------------
20260620 224153.375 INFO             PET1       OCN-TO-ATM: InitializeIPDv05p5 extro {ES}:! ! <name: sea_surface_temperature> <fieldStatus: ESMF_FIELDSTATUS_GEOMSET>
20260620 224153.375 INFO             PET1       OCN-TO-ATM: InitializeIPDv05p5 extro {ES}:! ! 0x16f7deed8 => 0x10215df50 => 0x140e14ea0
20260620 224153.375 INFO             PET1       OCN-TO-ATM: InitializeIPDv05p5 extro {ES}:! !--- FieldLog() end -------------------
20260620 224153.375 INFO             PET1       OCN-TO-ATM: InitializeIPDv05p5 extro {ES}:--- StateLog() end -------------------
20260620 224153.375 INFO             PET1     OCN-TO-ATM: InitializeIPDv05p5 extro.
20260620 224153.375 INFO             PET1     esm: IInitRealize intro.
20260620 224153.375 INFO             PET1       esm: IInitRealize intro {IS}:--- StateLog() start -----------------
20260620 224153.375 INFO             PET1       esm: IInitRealize intro {IS}:State object is invalid! Not created or deleted!
20260620 224153.375 INFO             PET1       esm: IInitRealize intro {IS}:--- StateLog() end -------------------
20260620 224153.375 INFO             PET1       esm: IInitRealize intro {ES}:--- StateLog() start -----------------
20260620 224153.375 INFO             PET1       esm: IInitRealize intro {ES}:State object is invalid! Not created or deleted!
20260620 224153.375 INFO             PET1       esm: IInitRealize intro {ES}:--- StateLog() end -------------------
20260620 224153.375 INFO             PET1       >>>esm: entered Initialize (phase=<none>) with current time: 2010  6  1  0  0  0   0
20260620 224153.375 INFO             PET1       <<<esm: leaving Initialize (phase=<none>) with current time: 2010  6  1  0  0  0   0
20260620 224153.375 INFO             PET1       esm: IInitRealize extro {IS}:--- StateLog() start -----------------
20260620 224153.375 INFO             PET1       esm: IInitRealize extro {IS}:State object is invalid! Not created or deleted!
20260620 224153.375 INFO             PET1       esm: IInitRealize extro {IS}:--- StateLog() end -------------------
20260620 224153.375 INFO             PET1       esm: IInitRealize extro {ES}:--- StateLog() start -----------------
20260620 224153.375 INFO             PET1       esm: IInitRealize extro {ES}:State object is invalid! Not created or deleted!
20260620 224153.375 INFO             PET1       esm: IInitRealize extro {ES}:--- StateLog() end -------------------
20260620 224153.375 INFO             PET1     esm: IInitRealize extro.
20260620 224153.375 INFO             PET1     ATM: InitializeIPDvXp06 intro.
20260620 224153.375 INFO             PET1       ATM: InitializeIPDvXp06 intro {IS}:--- StateLog() start -----------------
20260620 224153.375 INFO             PET1       ATM: InitializeIPDvXp06 intro {IS}:<name: ATM-ImportState> <intent: ESMF_STATEINTENT_IMPORT> <itemCount:    1>
20260620 224153.375 INFO             PET1       ATM: InitializeIPDvXp06 intro {IS}:+-<item: 0001> <itemType: State> <itemName: ATM-ImportState-namespace:OCN>
20260620 224153.375 INFO             PET1       ATM: InitializeIPDvXp06 intro {IS}:! <name: ATM-ImportState-namespace:OCN> <intent: ESMF_STATEINTENT_IMPORT> <itemCount:    1>
20260620 224153.375 INFO             PET1       ATM: InitializeIPDvXp06 intro {IS}:! +-<item: 0001> <itemType: Field> <itemName: sea_surface_temperature>
20260620 224153.375 INFO             PET1       ATM: InitializeIPDvXp06 intro {IS}:! !--- FieldLog() start -----------------
20260620 224153.375 INFO             PET1       ATM: InitializeIPDvXp06 intro {IS}:! ! <name: sea_surface_temperature> <fieldStatus: ESMF_FIELDSTATUS_GEOMSET>
20260620 224153.375 INFO             PET1       ATM: InitializeIPDvXp06 intro {IS}:! ! 0x16f7e48e8 => 0x10215df50 => 0x140e14ea0
20260620 224153.375 INFO             PET1       ATM: InitializeIPDvXp06 intro {IS}:! !--- FieldLog() end -------------------
20260620 224153.375 INFO             PET1       ATM: InitializeIPDvXp06 intro {IS}:--- StateLog() end -------------------
20260620 224153.375 INFO             PET1       ATM: InitializeIPDvXp06 intro {ES}:--- StateLog() start -----------------
20260620 224153.375 INFO             PET1       ATM: InitializeIPDvXp06 intro {ES}:<name: ATM-ExportState> <intent: ESMF_STATEINTENT_EXPORT> <itemCount:    0>
20260620 224153.375 INFO             PET1       ATM: InitializeIPDvXp06 intro {ES}:--- StateLog() end -------------------
20260620 224153.375 INFO             PET1       >>>ATM: entered Initialize (phase=IPDvXp06) without valid internal Clock.
20260620 224153.375 INFO             PET1       realize sea_surface_temperature import field received from ATM-ImportState-namespace:OCN
20260620 224153.375 INFO             PET1       <<<ATM: leaving Initialize (phase=IPDvXp06) without valid internal Clock.
20260620 224153.375 INFO             PET1       ATM: InitializeIPDvXp06 extro {IS}:--- StateLog() start -----------------
20260620 224153.375 INFO             PET1       ATM: InitializeIPDvXp06 extro {IS}:<name: ATM-ImportState> <intent: ESMF_STATEINTENT_IMPORT> <itemCount:    1>
20260620 224153.376 INFO             PET1       ATM: InitializeIPDvXp06 extro {IS}:+-<item: 0001> <itemType: State> <itemName: ATM-ImportState-namespace:OCN>
20260620 224153.376 INFO             PET1       ATM: InitializeIPDvXp06 extro {IS}:! <name: ATM-ImportState-namespace:OCN> <intent: ESMF_STATEINTENT_IMPORT> <itemCount:    1>
20260620 224153.376 INFO             PET1       ATM: InitializeIPDvXp06 extro {IS}:! +-<item: 0001> <itemType: Field> <itemName: sea_surface_temperature>
20260620 224153.376 INFO             PET1       ATM: InitializeIPDvXp06 extro {IS}:! !--- FieldLog() start -----------------
20260620 224153.376 INFO             PET1       ATM: InitializeIPDvXp06 extro {IS}:! ! <name: sea_surface_temperature> <fieldStatus: ESMF_FIELDSTATUS_COMPLETE>
20260620 224153.376 INFO             PET1       ATM: InitializeIPDvXp06 extro {IS}:! ! 0x16f7e5af8 => 0x10215df50 => 0x140e14ea0
20260620 224153.376 INFO             PET1       ATM: InitializeIPDvXp06 extro {IS}:! ! <typekind: Real*8> <rank:    2> <dimCount:    2>
20260620 224153.376 INFO             PET1       ATM: InitializeIPDvXp06 extro {IS}:! ! ! --- Array::log() start -----------------------------------
20260620 224153.376 INFO             PET1       ATM: InitializeIPDvXp06 extro {IS}:! ! ! 0x14103c200
20260620 224153.376 INFO             PET1       ATM: InitializeIPDvXp06 extro {IS}:! ! ! <name: sea_surface_temperature>
20260620 224153.376 INFO             PET1       ATM: InitializeIPDvXp06 extro {IS}:! ! ! ! --- DistGrid::log() start --------------------------------
20260620 224153.376 INFO             PET1       ATM: InitializeIPDvXp06 extro {IS}:! ! ! ! 0x141033e00
20260620 224153.376 INFO             PET1       ATM: InitializeIPDvXp06 extro {IS}:! ! ! ! DistGrid object is valid!<name: DG-Grid003-sloc:0>
20260620 224153.376 INFO             PET1       ATM: InitializeIPDvXp06 extro {IS}:! ! ! ! --- DistGrid::log() end ----------------------------------
20260620 224153.376 INFO             PET1       ATM: InitializeIPDvXp06 extro {IS}:! ! ! --- Array::log() end -------------------------------------
20260620 224153.376 INFO             PET1       ATM: InitializeIPDvXp06 extro {IS}:! !--- FieldLog() end -------------------
20260620 224153.376 INFO             PET1       ATM: InitializeIPDvXp06 extro {IS}:--- StateLog() end -------------------
20260620 224153.376 INFO             PET1       ATM: InitializeIPDvXp06 extro {ES}:--- StateLog() start -----------------
20260620 224153.376 INFO             PET1       ATM: InitializeIPDvXp06 extro {ES}:<name: ATM-ExportState> <intent: ESMF_STATEINTENT_EXPORT> <itemCount:    0>
20260620 224153.376 INFO             PET1       ATM: InitializeIPDvXp06 extro {ES}:--- StateLog() end -------------------
20260620 224153.376 INFO             PET1     ATM: InitializeIPDvXp06 extro.
20260620 224153.376 INFO             PET1     ATM-TO-OCN: InitializeIPDv05p6a intro.
20260620 224153.376 INFO             PET1       ATM-TO-OCN: InitializeIPDv05p6a intro {IS}:--- StateLog() start -----------------
20260620 224153.376 INFO             PET1       ATM-TO-OCN: InitializeIPDv05p6a intro {IS}:<name: ATM-ExportState> <intent: ESMF_STATEINTENT_EXPORT> <itemCount:    0>
20260620 224153.376 INFO             PET1       ATM-TO-OCN: InitializeIPDv05p6a intro {IS}:--- StateLog() end -------------------
20260620 224153.376 INFO             PET1       ATM-TO-OCN: InitializeIPDv05p6a intro {ES}:--- StateLog() start -----------------
20260620 224153.376 INFO             PET1       ATM-TO-OCN: InitializeIPDv05p6a intro {ES}:<name: OCN-ImportState> <intent: ESMF_STATEINTENT_IMPORT> <itemCount:    0>
20260620 224153.376 INFO             PET1       ATM-TO-OCN: InitializeIPDv05p6a intro {ES}:--- StateLog() end -------------------
20260620 224153.376 INFO             PET1       ATM-TO-OCN: InitializeIPDv05p6a extro {IS}:--- StateLog() start -----------------
20260620 224153.376 INFO             PET1       ATM-TO-OCN: InitializeIPDv05p6a extro {IS}:<name: ATM-ExportState> <intent: ESMF_STATEINTENT_EXPORT> <itemCount:    0>
20260620 224153.376 INFO             PET1       ATM-TO-OCN: InitializeIPDv05p6a extro {IS}:--- StateLog() end -------------------
20260620 224153.376 INFO             PET1       ATM-TO-OCN: InitializeIPDv05p6a extro {ES}:--- StateLog() start -----------------
20260620 224153.376 INFO             PET1       ATM-TO-OCN: InitializeIPDv05p6a extro {ES}:<name: OCN-ImportState> <intent: ESMF_STATEINTENT_IMPORT> <itemCount:    0>
20260620 224153.376 INFO             PET1       ATM-TO-OCN: InitializeIPDv05p6a extro {ES}:--- StateLog() end -------------------
20260620 224153.376 INFO             PET1     ATM-TO-OCN: InitializeIPDv05p6a extro.
20260620 224153.376 INFO             PET1     OCN-TO-ATM: InitializeIPDv05p6a intro.
20260620 224153.376 INFO             PET1       OCN-TO-ATM: InitializeIPDv05p6a intro {IS}:--- StateLog() start -----------------
20260620 224153.377 INFO             PET1       OCN-TO-ATM: InitializeIPDv05p6a intro {IS}:<name: OCN-ExportState> <intent: ESMF_STATEINTENT_EXPORT> <itemCount:    1>
20260620 224153.377 INFO             PET1       OCN-TO-ATM: InitializeIPDv05p6a intro {IS}:+-<item: 0001> <itemType: Field> <itemName: sst>
20260620 224153.377 INFO             PET1       OCN-TO-ATM: InitializeIPDv05p6a intro {IS}:!--- FieldLog() start -----------------
20260620 224153.377 INFO             PET1       OCN-TO-ATM: InitializeIPDv05p6a intro {IS}:! <name: sst> <fieldStatus: ESMF_FIELDSTATUS_COMPLETE>
20260620 224153.377 INFO             PET1       OCN-TO-ATM: InitializeIPDv05p6a intro {IS}:! 0x16f7e5a78 => 0x10215cca0 => 0x140e16ce0
20260620 224153.377 INFO             PET1       OCN-TO-ATM: InitializeIPDv05p6a intro {IS}:! <typekind: Real*8> <rank:    2> <dimCount:    2>
20260620 224153.377 INFO             PET1       OCN-TO-ATM: InitializeIPDv05p6a intro {IS}:! ! --- Array::log() start -----------------------------------
20260620 224153.377 INFO             PET1       OCN-TO-ATM: InitializeIPDv05p6a intro {IS}:! ! 0x141038c00
20260620 224153.377 INFO             PET1       OCN-TO-ATM: InitializeIPDv05p6a intro {IS}:! ! <name: sst>
20260620 224153.377 INFO             PET1       OCN-TO-ATM: InitializeIPDv05p6a intro {IS}:! ! ! --- DistGrid::log() start --------------------------------
20260620 224153.377 INFO             PET1       OCN-TO-ATM: InitializeIPDv05p6a intro {IS}:! ! ! 0x141039200
20260620 224153.377 INFO             PET1       OCN-TO-ATM: InitializeIPDv05p6a intro {IS}:! ! ! DistGrid object is valid!<name: DG-Grid003-sloc:0>
20260620 224153.377 INFO             PET1       OCN-TO-ATM: InitializeIPDv05p6a intro {IS}:! ! ! --- DistGrid::log() end ----------------------------------
20260620 224153.377 INFO             PET1       OCN-TO-ATM: InitializeIPDv05p6a intro {IS}:! ! --- Array::log() end -------------------------------------
20260620 224153.377 INFO             PET1       OCN-TO-ATM: InitializeIPDv05p6a intro {IS}:!--- FieldLog() end -------------------
20260620 224153.377 INFO             PET1       OCN-TO-ATM: InitializeIPDv05p6a intro {IS}:--- StateLog() end -------------------
20260620 224153.377 INFO             PET1       OCN-TO-ATM: InitializeIPDv05p6a intro {ES}:--- StateLog() start -----------------
20260620 224153.377 INFO             PET1       OCN-TO-ATM: InitializeIPDv05p6a intro {ES}:<name: ATM-ImportState> <intent: ESMF_STATEINTENT_IMPORT> <itemCount:    1>
20260620 224153.377 INFO             PET1       OCN-TO-ATM: InitializeIPDv05p6a intro {ES}:+-<item: 0001> <itemType: State> <itemName: ATM-ImportState-namespace:OCN>
20260620 224153.377 INFO             PET1       OCN-TO-ATM: InitializeIPDv05p6a intro {ES}:! <name: ATM-ImportState-namespace:OCN> <intent: ESMF_STATEINTENT_IMPORT> <itemCount:    1>
20260620 224153.377 INFO             PET1       OCN-TO-ATM: InitializeIPDv05p6a intro {ES}:! +-<item: 0001> <itemType: Field> <itemName: sea_surface_temperature>
20260620 224153.377 INFO             PET1       OCN-TO-ATM: InitializeIPDv05p6a intro {ES}:! !--- FieldLog() start -----------------
20260620 224153.377 INFO             PET1       OCN-TO-ATM: InitializeIPDv05p6a intro {ES}:! ! <name: sea_surface_temperature> <fieldStatus: ESMF_FIELDSTATUS_COMPLETE>
20260620 224153.377 INFO             PET1       OCN-TO-ATM: InitializeIPDv05p6a intro {ES}:! ! 0x16f7e3fd8 => 0x10215df50 => 0x140e14ea0
20260620 224153.377 INFO             PET1       OCN-TO-ATM: InitializeIPDv05p6a intro {ES}:! ! <typekind: Real*8> <rank:    2> <dimCount:    2>
20260620 224153.377 INFO             PET1       OCN-TO-ATM: InitializeIPDv05p6a intro {ES}:! ! ! --- Array::log() start -----------------------------------
20260620 224153.377 INFO             PET1       OCN-TO-ATM: InitializeIPDv05p6a intro {ES}:! ! ! 0x14103c200
20260620 224153.377 INFO             PET1       OCN-TO-ATM: InitializeIPDv05p6a intro {ES}:! ! ! <name: sea_surface_temperature>
20260620 224153.377 INFO             PET1       OCN-TO-ATM: InitializeIPDv05p6a intro {ES}:! ! ! ! --- DistGrid::log() start --------------------------------
20260620 224153.377 INFO             PET1       OCN-TO-ATM: InitializeIPDv05p6a intro {ES}:! ! ! ! 0x141033e00
20260620 224153.377 INFO             PET1       OCN-TO-ATM: InitializeIPDv05p6a intro {ES}:! ! ! ! DistGrid object is valid!<name: DG-Grid003-sloc:0>
20260620 224153.377 INFO             PET1       OCN-TO-ATM: InitializeIPDv05p6a intro {ES}:! ! ! ! --- DistGrid::log() end ----------------------------------
20260620 224153.377 INFO             PET1       OCN-TO-ATM: InitializeIPDv05p6a intro {ES}:! ! ! --- Array::log() end -------------------------------------
20260620 224153.377 INFO             PET1       OCN-TO-ATM: InitializeIPDv05p6a intro {ES}:! !--- FieldLog() end -------------------
20260620 224153.377 INFO             PET1       OCN-TO-ATM: InitializeIPDv05p6a intro {ES}:--- StateLog() end -------------------
20260620 224153.380 INFO             PET1       OCN-TO-ATM: InitializeIPDv05p6a extro {IS}:--- StateLog() start -----------------
20260620 224153.380 INFO             PET1       OCN-TO-ATM: InitializeIPDv05p6a extro {IS}:<name: OCN-ExportState> <intent: ESMF_STATEINTENT_EXPORT> <itemCount:    1>
20260620 224153.380 INFO             PET1       OCN-TO-ATM: InitializeIPDv05p6a extro {IS}:+-<item: 0001> <itemType: Field> <itemName: sst>
20260620 224153.380 INFO             PET1       OCN-TO-ATM: InitializeIPDv05p6a extro {IS}:!--- FieldLog() start -----------------
20260620 224153.380 INFO             PET1       OCN-TO-ATM: InitializeIPDv05p6a extro {IS}:! <name: sst> <fieldStatus: ESMF_FIELDSTATUS_COMPLETE>
20260620 224153.380 INFO             PET1       OCN-TO-ATM: InitializeIPDv05p6a extro {IS}:! 0x16f7e6c88 => 0x10215cca0 => 0x140e1b4b0
20260620 224153.380 INFO             PET1       OCN-TO-ATM: InitializeIPDv05p6a extro {IS}:! <typekind: Real*8> <rank:    2> <dimCount:    2>
20260620 224153.380 INFO             PET1       OCN-TO-ATM: InitializeIPDv05p6a extro {IS}:! ! --- Array::log() start -----------------------------------
20260620 224153.380 INFO             PET1       OCN-TO-ATM: InitializeIPDv05p6a extro {IS}:! ! 0x14103fe00
20260620 224153.380 INFO             PET1       OCN-TO-ATM: InitializeIPDv05p6a extro {IS}:! ! <name: sst>
20260620 224153.380 INFO             PET1       OCN-TO-ATM: InitializeIPDv05p6a extro {IS}:! ! ! --- DistGrid::log() start --------------------------------
20260620 224153.380 INFO             PET1       OCN-TO-ATM: InitializeIPDv05p6a extro {IS}:! ! ! 0x141040400
20260620 224153.380 INFO             PET1       OCN-TO-ATM: InitializeIPDv05p6a extro {IS}:! ! ! DistGrid object is valid!<name: DG-Grid003-sloc:0>
20260620 224153.380 INFO             PET1       OCN-TO-ATM: InitializeIPDv05p6a extro {IS}:! ! ! --- DistGrid::log() end ----------------------------------
20260620 224153.380 INFO             PET1       OCN-TO-ATM: InitializeIPDv05p6a extro {IS}:! ! --- Array::log() end -------------------------------------
20260620 224153.380 INFO             PET1       OCN-TO-ATM: InitializeIPDv05p6a extro {IS}:!--- FieldLog() end -------------------
20260620 224153.380 INFO             PET1       OCN-TO-ATM: InitializeIPDv05p6a extro {IS}:--- StateLog() end -------------------
20260620 224153.380 INFO             PET1       OCN-TO-ATM: InitializeIPDv05p6a extro {ES}:--- StateLog() start -----------------
20260620 224153.380 INFO             PET1       OCN-TO-ATM: InitializeIPDv05p6a extro {ES}:<name: ATM-ImportState> <intent: ESMF_STATEINTENT_IMPORT> <itemCount:    1>
20260620 224153.380 INFO             PET1       OCN-TO-ATM: InitializeIPDv05p6a extro {ES}:+-<item: 0001> <itemType: State> <itemName: ATM-ImportState-namespace:OCN>
20260620 224153.380 INFO             PET1       OCN-TO-ATM: InitializeIPDv05p6a extro {ES}:! <name: ATM-ImportState-namespace:OCN> <intent: ESMF_STATEINTENT_IMPORT> <itemCount:    1>
20260620 224153.380 INFO             PET1       OCN-TO-ATM: InitializeIPDv05p6a extro {ES}:! +-<item: 0001> <itemType: Field> <itemName: sea_surface_temperature>
20260620 224153.380 INFO             PET1       OCN-TO-ATM: InitializeIPDv05p6a extro {ES}:! !--- FieldLog() start -----------------
20260620 224153.380 INFO             PET1       OCN-TO-ATM: InitializeIPDv05p6a extro {ES}:! ! <name: sea_surface_temperature> <fieldStatus: ESMF_FIELDSTATUS_COMPLETE>
20260620 224153.380 INFO             PET1       OCN-TO-ATM: InitializeIPDv05p6a extro {ES}:! ! 0x16f7e51e8 => 0x10215df50 => 0x140e14ea0
20260620 224153.380 INFO             PET1       OCN-TO-ATM: InitializeIPDv05p6a extro {ES}:! ! <typekind: Real*8> <rank:    2> <dimCount:    2>
20260620 224153.380 INFO             PET1       OCN-TO-ATM: InitializeIPDv05p6a extro {ES}:! ! ! --- Array::log() start -----------------------------------
20260620 224153.380 INFO             PET1       OCN-TO-ATM: InitializeIPDv05p6a extro {ES}:! ! ! 0x14103c200
20260620 224153.380 INFO             PET1       OCN-TO-ATM: InitializeIPDv05p6a extro {ES}:! ! ! <name: sea_surface_temperature>
20260620 224153.380 INFO             PET1       OCN-TO-ATM: InitializeIPDv05p6a extro {ES}:! ! ! ! --- DistGrid::log() start --------------------------------
20260620 224153.380 INFO             PET1       OCN-TO-ATM: InitializeIPDv05p6a extro {ES}:! ! ! ! 0x141033e00
20260620 224153.380 INFO             PET1       OCN-TO-ATM: InitializeIPDv05p6a extro {ES}:! ! ! ! DistGrid object is valid!<name: DG-Grid003-sloc:0>
20260620 224153.380 INFO             PET1       OCN-TO-ATM: InitializeIPDv05p6a extro {ES}:! ! ! ! --- DistGrid::log() end ----------------------------------
20260620 224153.380 INFO             PET1       OCN-TO-ATM: InitializeIPDv05p6a extro {ES}:! ! ! --- Array::log() end -------------------------------------
20260620 224153.380 INFO             PET1       OCN-TO-ATM: InitializeIPDv05p6a extro {ES}:! !--- FieldLog() end -------------------
20260620 224153.380 INFO             PET1       OCN-TO-ATM: InitializeIPDv05p6a extro {ES}:--- StateLog() end -------------------
20260620 224153.380 INFO             PET1     OCN-TO-ATM: InitializeIPDv05p6a extro.
20260620 224153.380 INFO             PET1     ATM-TO-OCN: InitializeIPDv05p6b intro.
20260620 224153.380 INFO             PET1       ATM-TO-OCN: InitializeIPDv05p6b intro {IS}:--- StateLog() start -----------------
20260620 224153.380 INFO             PET1       ATM-TO-OCN: InitializeIPDv05p6b intro {IS}:<name: ATM-ExportState> <intent: ESMF_STATEINTENT_EXPORT> <itemCount:    0>
20260620 224153.380 INFO             PET1       ATM-TO-OCN: InitializeIPDv05p6b intro {IS}:--- StateLog() end -------------------
20260620 224153.380 INFO             PET1       ATM-TO-OCN: InitializeIPDv05p6b intro {ES}:--- StateLog() start -----------------
20260620 224153.380 INFO             PET1       ATM-TO-OCN: InitializeIPDv05p6b intro {ES}:<name: OCN-ImportState> <intent: ESMF_STATEINTENT_IMPORT> <itemCount:    0>
20260620 224153.380 INFO             PET1       ATM-TO-OCN: InitializeIPDv05p6b intro {ES}:--- StateLog() end -------------------
20260620 224153.380 INFO             PET1       ATM-TO-OCN: called default label_ComputeRouteHandle
20260620 224153.380 INFO             PET1        DetermineSrcDstOverlap: srcDstOverlap= F
20260620 224153.380 INFO             PET1        BuildUpdatePackets: final UpdatePacket count= 0
20260620 224153.380 INFO             PET1       ATM-TO-OCN: CplSet List:
20260620 224153.380 INFO             PET1       ATM-TO-OCN: InitializeIPDv05p6b extro {IS}:--- StateLog() start -----------------
20260620 224153.380 INFO             PET1       ATM-TO-OCN: InitializeIPDv05p6b extro {IS}:<name: ATM-ExportState> <intent: ESMF_STATEINTENT_EXPORT> <itemCount:    0>
20260620 224153.380 INFO             PET1       ATM-TO-OCN: InitializeIPDv05p6b extro {IS}:--- StateLog() end -------------------
20260620 224153.380 INFO             PET1       ATM-TO-OCN: InitializeIPDv05p6b extro {ES}:--- StateLog() start -----------------
20260620 224153.380 INFO             PET1       ATM-TO-OCN: InitializeIPDv05p6b extro {ES}:<name: OCN-ImportState> <intent: ESMF_STATEINTENT_IMPORT> <itemCount:    0>
20260620 224153.380 INFO             PET1       ATM-TO-OCN: InitializeIPDv05p6b extro {ES}:--- StateLog() end -------------------
20260620 224153.380 INFO             PET1     ATM-TO-OCN: InitializeIPDv05p6b extro.
20260620 224153.381 INFO             PET1     OCN-TO-ATM: InitializeIPDv05p6b intro.
20260620 224153.381 INFO             PET1       OCN-TO-ATM: InitializeIPDv05p6b intro {IS}:--- StateLog() start -----------------
20260620 224153.381 INFO             PET1       OCN-TO-ATM: InitializeIPDv05p6b intro {IS}:<name: OCN-ExportState> <intent: ESMF_STATEINTENT_EXPORT> <itemCount:    1>
20260620 224153.381 INFO             PET1       OCN-TO-ATM: InitializeIPDv05p6b intro {IS}:+-<item: 0001> <itemType: Field> <itemName: sst>
20260620 224153.381 INFO             PET1       OCN-TO-ATM: InitializeIPDv05p6b intro {IS}:!--- FieldLog() start -----------------
20260620 224153.381 INFO             PET1       OCN-TO-ATM: InitializeIPDv05p6b intro {IS}:! <name: sst> <fieldStatus: ESMF_FIELDSTATUS_COMPLETE>
20260620 224153.381 INFO             PET1       OCN-TO-ATM: InitializeIPDv05p6b intro {IS}:! 0x16f7e1348 => 0x10215cca0 => 0x140e1b4b0
20260620 224153.381 INFO             PET1       OCN-TO-ATM: InitializeIPDv05p6b intro {IS}:! <typekind: Real*8> <rank:    2> <dimCount:    2>
20260620 224153.381 INFO             PET1       OCN-TO-ATM: InitializeIPDv05p6b intro {IS}:! ! --- Array::log() start -----------------------------------
20260620 224153.381 INFO             PET1       OCN-TO-ATM: InitializeIPDv05p6b intro {IS}:! ! 0x14103fe00
20260620 224153.381 INFO             PET1       OCN-TO-ATM: InitializeIPDv05p6b intro {IS}:! ! <name: sst>
20260620 224153.381 INFO             PET1       OCN-TO-ATM: InitializeIPDv05p6b intro {IS}:! ! ! --- DistGrid::log() start --------------------------------
20260620 224153.381 INFO             PET1       OCN-TO-ATM: InitializeIPDv05p6b intro {IS}:! ! ! 0x141040400
20260620 224153.381 INFO             PET1       OCN-TO-ATM: InitializeIPDv05p6b intro {IS}:! ! ! DistGrid object is valid!<name: DG-Grid003-sloc:0>
20260620 224153.381 INFO             PET1       OCN-TO-ATM: InitializeIPDv05p6b intro {IS}:! ! ! --- DistGrid::log() end ----------------------------------
20260620 224153.381 INFO             PET1       OCN-TO-ATM: InitializeIPDv05p6b intro {IS}:! ! --- Array::log() end -------------------------------------
20260620 224153.381 INFO             PET1       OCN-TO-ATM: InitializeIPDv05p6b intro {IS}:!--- FieldLog() end -------------------
20260620 224153.381 INFO             PET1       OCN-TO-ATM: InitializeIPDv05p6b intro {IS}:--- StateLog() end -------------------
20260620 224153.381 INFO             PET1       OCN-TO-ATM: InitializeIPDv05p6b intro {ES}:--- StateLog() start -----------------
20260620 224153.381 INFO             PET1       OCN-TO-ATM: InitializeIPDv05p6b intro {ES}:<name: ATM-ImportState> <intent: ESMF_STATEINTENT_IMPORT> <itemCount:    1>
20260620 224153.381 INFO             PET1       OCN-TO-ATM: InitializeIPDv05p6b intro {ES}:+-<item: 0001> <itemType: State> <itemName: ATM-ImportState-namespace:OCN>
20260620 224153.381 INFO             PET1       OCN-TO-ATM: InitializeIPDv05p6b intro {ES}:! <name: ATM-ImportState-namespace:OCN> <intent: ESMF_STATEINTENT_IMPORT> <itemCount:    1>
20260620 224153.381 INFO             PET1       OCN-TO-ATM: InitializeIPDv05p6b intro {ES}:! +-<item: 0001> <itemType: Field> <itemName: sea_surface_temperature>
20260620 224153.381 INFO             PET1       OCN-TO-ATM: InitializeIPDv05p6b intro {ES}:! !--- FieldLog() start -----------------
20260620 224153.381 INFO             PET1       OCN-TO-ATM: InitializeIPDv05p6b intro {ES}:! ! <name: sea_surface_temperature> <fieldStatus: ESMF_FIELDSTATUS_COMPLETE>
20260620 224153.381 INFO             PET1       OCN-TO-ATM: InitializeIPDv05p6b intro {ES}:! ! 0x16f7df8a8 => 0x10215df50 => 0x140e14ea0
20260620 224153.381 INFO             PET1       OCN-TO-ATM: InitializeIPDv05p6b intro {ES}:! ! <typekind: Real*8> <rank:    2> <dimCount:    2>
20260620 224153.381 INFO             PET1       OCN-TO-ATM: InitializeIPDv05p6b intro {ES}:! ! ! --- Array::log() start -----------------------------------
20260620 224153.381 INFO             PET1       OCN-TO-ATM: InitializeIPDv05p6b intro {ES}:! ! ! 0x14103c200
20260620 224153.381 INFO             PET1       OCN-TO-ATM: InitializeIPDv05p6b intro {ES}:! ! ! <name: sea_surface_temperature>
20260620 224153.381 INFO             PET1       OCN-TO-ATM: InitializeIPDv05p6b intro {ES}:! ! ! ! --- DistGrid::log() start --------------------------------
20260620 224153.381 INFO             PET1       OCN-TO-ATM: InitializeIPDv05p6b intro {ES}:! ! ! ! 0x141033e00
20260620 224153.381 INFO             PET1       OCN-TO-ATM: InitializeIPDv05p6b intro {ES}:! ! ! ! DistGrid object is valid!<name: DG-Grid003-sloc:0>
20260620 224153.381 INFO             PET1       OCN-TO-ATM: InitializeIPDv05p6b intro {ES}:! ! ! ! --- DistGrid::log() end ----------------------------------
20260620 224153.381 INFO             PET1       OCN-TO-ATM: InitializeIPDv05p6b intro {ES}:! ! ! --- Array::log() end -------------------------------------
20260620 224153.381 INFO             PET1       OCN-TO-ATM: InitializeIPDv05p6b intro {ES}:! !--- FieldLog() end -------------------
20260620 224153.381 INFO             PET1       OCN-TO-ATM: InitializeIPDv05p6b intro {ES}:--- StateLog() end -------------------
20260620 224153.381 INFO             PET1       OCN-TO-ATM: handle cplList(1): sea_surface_temperature, cplSetList(1): __UNSPECIFIED__
20260620 224153.381 INFO             PET1       OCN-TO-ATM: - no Field sharing between import and export side: remap.
20260620 224153.381 DEBUG            PET1       ESMF_FieldBundleRegridStorePair(): srcField: sst dimCount= 2 rank= 2
20260620 224153.381 DEBUG            PET1       ESMF_FieldBundleRegridStorePair(): dstField: sea_surface_temperature dimCount= 2 rank= 2
20260620 224153.381 DEBUG            PET1       ESMF_FieldBundleRegridStorePair(): Inside 'rhReuse' branch!
20260620 224153.381 DEBUG            PET1       ESMF_FieldBundleRegridStorePair(): srcGeomtype==ESMF_GEOMTYPE_GRID dimCount= 2
20260620 224153.381 DEBUG            PET1       ESMF_FieldBundleRegridStorePair(): dstGeomtype==ESMF_GEOMTYPE_GRID dimCount= 2
20260620 224153.381 DEBUG            PET1       ESMF_FieldBundleRegridStorePair(): no rhListMatch -> pre-compute new remapping!
20260620 224153.381 DEBUG            PET1       ESMF_FieldBundleRegridStorePair(): must precompute full regridding!
20260620 224153.427 INFO             PET1       OCN-TO-ATM: called default label_ComputeRouteHandle
20260620 224153.427 INFO             PET1        DetermineSrcDstOverlap: sst, srcLocalPet= -1
20260620 224153.427 INFO             PET1        DetermineSrcDstOverlap: sea_surface_temperature, dstLocalPet= 1
20260620 224153.427 INFO             PET1        DetermineSrcDstOverlap: srcDstOverlap= F
20260620 224153.428 INFO             PET1        BuildUpdatePackets: sst, srcLocalPet= -1
20260620 224153.428 INFO             PET1        BuildUpdatePackets: sea_surface_temperature, dstLocalPet= 1
20260620 224153.428 INFO             PET1        creating new UpdatePacket for srcPetCount= 2  dstPetCount= 2
20260620 224153.428 INFO             PET1        upE%sendToPets list of size 0 :
20260620 224153.428 INFO             PET1        upE%recvFromPet= 1
20260620 224153.428 INFO             PET1        after field add, now upE%fieldCount= 1
20260620 224153.428 INFO             PET1        BuildUpdatePackets: final UpdatePacket count= 1
20260620 224153.428 INFO             PET1       OCN-TO-ATM: CplSet List:
20260620 224153.428 INFO             PET1       OCN-TO-ATM: ->CplSet(  1): __UNSPECIFIED__
20260620 224153.428 INFO             PET1       OCN-TO-ATM: -->Field(  1): sea_surface_temperature
20260620 224153.428 INFO             PET1       OCN-TO-ATM: InitializeIPDv05p6b extro {IS}:--- StateLog() start -----------------
20260620 224153.428 INFO             PET1       OCN-TO-ATM: InitializeIPDv05p6b extro {IS}:<name: OCN-ExportState> <intent: ESMF_STATEINTENT_EXPORT> <itemCount:    1>
20260620 224153.428 INFO             PET1       OCN-TO-ATM: InitializeIPDv05p6b extro {IS}:+-<item: 0001> <itemType: Field> <itemName: sst>
20260620 224153.428 INFO             PET1       OCN-TO-ATM: InitializeIPDv05p6b extro {IS}:!--- FieldLog() start -----------------
20260620 224153.428 INFO             PET1       OCN-TO-ATM: InitializeIPDv05p6b extro {IS}:! <name: sst> <fieldStatus: ESMF_FIELDSTATUS_COMPLETE>
20260620 224153.428 INFO             PET1       OCN-TO-ATM: InitializeIPDv05p6b extro {IS}:! 0x16f7e2558 => 0x10215cca0 => 0x140e1b4b0
20260620 224153.428 INFO             PET1       OCN-TO-ATM: InitializeIPDv05p6b extro {IS}:! <typekind: Real*8> <rank:    2> <dimCount:    2>
20260620 224153.428 INFO             PET1       OCN-TO-ATM: InitializeIPDv05p6b extro {IS}:! ! --- Array::log() start -----------------------------------
20260620 224153.428 INFO             PET1       OCN-TO-ATM: InitializeIPDv05p6b extro {IS}:! ! 0x14103fe00
20260620 224153.428 INFO             PET1       OCN-TO-ATM: InitializeIPDv05p6b extro {IS}:! ! <name: sst>
20260620 224153.428 INFO             PET1       OCN-TO-ATM: InitializeIPDv05p6b extro {IS}:! ! ! --- DistGrid::log() start --------------------------------
20260620 224153.428 INFO             PET1       OCN-TO-ATM: InitializeIPDv05p6b extro {IS}:! ! ! 0x141040400
20260620 224153.428 INFO             PET1       OCN-TO-ATM: InitializeIPDv05p6b extro {IS}:! ! ! DistGrid object is valid!<name: DG-Grid003-sloc:0>
20260620 224153.428 INFO             PET1       OCN-TO-ATM: InitializeIPDv05p6b extro {IS}:! ! ! --- DistGrid::log() end ----------------------------------
20260620 224153.428 INFO             PET1       OCN-TO-ATM: InitializeIPDv05p6b extro {IS}:! ! --- Array::log() end -------------------------------------
20260620 224153.428 INFO             PET1       OCN-TO-ATM: InitializeIPDv05p6b extro {IS}:!--- FieldLog() end -------------------
20260620 224153.428 INFO             PET1       OCN-TO-ATM: InitializeIPDv05p6b extro {IS}:--- StateLog() end -------------------
20260620 224153.428 INFO             PET1       OCN-TO-ATM: InitializeIPDv05p6b extro {ES}:--- StateLog() start -----------------
20260620 224153.428 INFO             PET1       OCN-TO-ATM: InitializeIPDv05p6b extro {ES}:<name: ATM-ImportState> <intent: ESMF_STATEINTENT_IMPORT> <itemCount:    1>
20260620 224153.428 INFO             PET1       OCN-TO-ATM: InitializeIPDv05p6b extro {ES}:+-<item: 0001> <itemType: State> <itemName: ATM-ImportState-namespace:OCN>
20260620 224153.428 INFO             PET1       OCN-TO-ATM: InitializeIPDv05p6b extro {ES}:! <name: ATM-ImportState-namespace:OCN> <intent: ESMF_STATEINTENT_IMPORT> <itemCount:    1>
20260620 224153.428 INFO             PET1       OCN-TO-ATM: InitializeIPDv05p6b extro {ES}:! +-<item: 0001> <itemType: Field> <itemName: sea_surface_temperature>
20260620 224153.428 INFO             PET1       OCN-TO-ATM: InitializeIPDv05p6b extro {ES}:! !--- FieldLog() start -----------------
20260620 224153.428 INFO             PET1       OCN-TO-ATM: InitializeIPDv05p6b extro {ES}:! ! <name: sea_surface_temperature> <fieldStatus: ESMF_FIELDSTATUS_COMPLETE>
20260620 224153.428 INFO             PET1       OCN-TO-ATM: InitializeIPDv05p6b extro {ES}:! ! 0x16f7e0ab8 => 0x10215df50 => 0x140e14ea0
20260620 224153.428 INFO             PET1       OCN-TO-ATM: InitializeIPDv05p6b extro {ES}:! ! <typekind: Real*8> <rank:    2> <dimCount:    2>
20260620 224153.428 INFO             PET1       OCN-TO-ATM: InitializeIPDv05p6b extro {ES}:! ! ! --- Array::log() start -----------------------------------
20260620 224153.428 INFO             PET1       OCN-TO-ATM: InitializeIPDv05p6b extro {ES}:! ! ! 0x14103c200
20260620 224153.428 INFO             PET1       OCN-TO-ATM: InitializeIPDv05p6b extro {ES}:! ! ! <name: sea_surface_temperature>
20260620 224153.428 INFO             PET1       OCN-TO-ATM: InitializeIPDv05p6b extro {ES}:! ! ! ! --- DistGrid::log() start --------------------------------
20260620 224153.428 INFO             PET1       OCN-TO-ATM: InitializeIPDv05p6b extro {ES}:! ! ! ! 0x141033e00
20260620 224153.428 INFO             PET1       OCN-TO-ATM: InitializeIPDv05p6b extro {ES}:! ! ! ! DistGrid object is valid!<name: DG-Grid003-sloc:0>
20260620 224153.428 INFO             PET1       OCN-TO-ATM: InitializeIPDv05p6b extro {ES}:! ! ! ! --- DistGrid::log() end ----------------------------------
20260620 224153.428 INFO             PET1       OCN-TO-ATM: InitializeIPDv05p6b extro {ES}:! ! ! --- Array::log() end -------------------------------------
20260620 224153.428 INFO             PET1       OCN-TO-ATM: InitializeIPDv05p6b extro {ES}:! !--- FieldLog() end -------------------
20260620 224153.428 INFO             PET1       OCN-TO-ATM: InitializeIPDv05p6b extro {ES}:--- StateLog() end -------------------
20260620 224153.428 INFO             PET1     OCN-TO-ATM: InitializeIPDv05p6b extro.
20260620 224153.428 INFO             PET1     ATM: InitializeIPDvXp07 intro.
20260620 224153.428 INFO             PET1       ATM: InitializeIPDvXp07 intro {IS}:--- StateLog() start -----------------
20260620 224153.428 INFO             PET1       ATM: InitializeIPDvXp07 intro {IS}:<name: ATM-ImportState> <intent: ESMF_STATEINTENT_IMPORT> <itemCount:    1>
20260620 224153.428 INFO             PET1       ATM: InitializeIPDvXp07 intro {IS}:+-<item: 0001> <itemType: State> <itemName: ATM-ImportState-namespace:OCN>
20260620 224153.428 INFO             PET1       ATM: InitializeIPDvXp07 intro {IS}:! <name: ATM-ImportState-namespace:OCN> <intent: ESMF_STATEINTENT_IMPORT> <itemCount:    1>
20260620 224153.428 INFO             PET1       ATM: InitializeIPDvXp07 intro {IS}:! +-<item: 0001> <itemType: Field> <itemName: sea_surface_temperature>
20260620 224153.428 INFO             PET1       ATM: InitializeIPDvXp07 intro {IS}:! !--- FieldLog() start -----------------
20260620 224153.428 INFO             PET1       ATM: InitializeIPDvXp07 intro {IS}:! ! <name: sea_surface_temperature> <fieldStatus: ESMF_FIELDSTATUS_COMPLETE>
20260620 224153.428 INFO             PET1       ATM: InitializeIPDvXp07 intro {IS}:! ! 0x16f7e4638 => 0x10215df50 => 0x140e14ea0
20260620 224153.428 INFO             PET1       ATM: InitializeIPDvXp07 intro {IS}:! ! <typekind: Real*8> <rank:    2> <dimCount:    2>
20260620 224153.428 INFO             PET1       ATM: InitializeIPDvXp07 intro {IS}:! ! ! --- Array::log() start -----------------------------------
20260620 224153.428 INFO             PET1       ATM: InitializeIPDvXp07 intro {IS}:! ! ! 0x14103c200
20260620 224153.428 INFO             PET1       ATM: InitializeIPDvXp07 intro {IS}:! ! ! <name: sea_surface_temperature>
20260620 224153.428 INFO             PET1       ATM: InitializeIPDvXp07 intro {IS}:! ! ! ! --- DistGrid::log() start --------------------------------
20260620 224153.428 INFO             PET1       ATM: InitializeIPDvXp07 intro {IS}:! ! ! ! 0x141033e00
20260620 224153.428 INFO             PET1       ATM: InitializeIPDvXp07 intro {IS}:! ! ! ! DistGrid object is valid!<name: DG-Grid003-sloc:0>
20260620 224153.428 INFO             PET1       ATM: InitializeIPDvXp07 intro {IS}:! ! ! ! --- DistGrid::log() end ----------------------------------
20260620 224153.428 INFO             PET1       ATM: InitializeIPDvXp07 intro {IS}:! ! ! --- Array::log() end -------------------------------------
20260620 224153.428 INFO             PET1       ATM: InitializeIPDvXp07 intro {IS}:! !--- FieldLog() end -------------------
20260620 224153.428 INFO             PET1       ATM: InitializeIPDvXp07 intro {IS}:--- StateLog() end -------------------
20260620 224153.428 INFO             PET1       ATM: InitializeIPDvXp07 intro {ES}:--- StateLog() start -----------------
20260620 224153.428 INFO             PET1       ATM: InitializeIPDvXp07 intro {ES}:<name: ATM-ExportState> <intent: ESMF_STATEINTENT_EXPORT> <itemCount:    0>
20260620 224153.428 INFO             PET1       ATM: InitializeIPDvXp07 intro {ES}:--- StateLog() end -------------------
20260620 224153.428 INFO             PET1       >>>ATM: entered Initialize (phase=IPDvXp07) without valid internal Clock.
20260620 224153.428 INFO             PET1       <<<ATM: leaving Initialize (phase=IPDvXp07) with current time: 2010  6  1  0  0  0   0
20260620 224153.428 INFO             PET1       ATM: InitializeIPDvXp07 extro {IS}:--- StateLog() start -----------------
20260620 224153.428 INFO             PET1       ATM: InitializeIPDvXp07 extro {IS}:<name: ATM-ImportState> <intent: ESMF_STATEINTENT_IMPORT> <itemCount:    1>
20260620 224153.428 INFO             PET1       ATM: InitializeIPDvXp07 extro {IS}:+-<item: 0001> <itemType: State> <itemName: ATM-ImportState-namespace:OCN>
20260620 224153.428 INFO             PET1       ATM: InitializeIPDvXp07 extro {IS}:! <name: ATM-ImportState-namespace:OCN> <intent: ESMF_STATEINTENT_IMPORT> <itemCount:    1>
20260620 224153.428 INFO             PET1       ATM: InitializeIPDvXp07 extro {IS}:! +-<item: 0001> <itemType: Field> <itemName: sea_surface_temperature>
20260620 224153.428 INFO             PET1       ATM: InitializeIPDvXp07 extro {IS}:! !--- FieldLog() start -----------------
20260620 224153.428 INFO             PET1       ATM: InitializeIPDvXp07 extro {IS}:! ! <name: sea_surface_temperature> <fieldStatus: ESMF_FIELDSTATUS_COMPLETE>
20260620 224153.428 INFO             PET1       ATM: InitializeIPDvXp07 extro {IS}:! ! 0x16f7e5848 => 0x10215df50 => 0x140e14ea0
20260620 224153.429 INFO             PET1       ATM: InitializeIPDvXp07 extro {IS}:! ! <typekind: Real*8> <rank:    2> <dimCount:    2>
20260620 224153.429 INFO             PET1       ATM: InitializeIPDvXp07 extro {IS}:! ! ! --- Array::log() start -----------------------------------
20260620 224153.429 INFO             PET1       ATM: InitializeIPDvXp07 extro {IS}:! ! ! 0x14103c200
20260620 224153.429 INFO             PET1       ATM: InitializeIPDvXp07 extro {IS}:! ! ! <name: sea_surface_temperature>
20260620 224153.429 INFO             PET1       ATM: InitializeIPDvXp07 extro {IS}:! ! ! ! --- DistGrid::log() start --------------------------------
20260620 224153.429 INFO             PET1       ATM: InitializeIPDvXp07 extro {IS}:! ! ! ! 0x141033e00
20260620 224153.429 INFO             PET1       ATM: InitializeIPDvXp07 extro {IS}:! ! ! ! DistGrid object is valid!<name: DG-Grid003-sloc:0>
20260620 224153.429 INFO             PET1       ATM: InitializeIPDvXp07 extro {IS}:! ! ! ! --- DistGrid::log() end ----------------------------------
20260620 224153.429 INFO             PET1       ATM: InitializeIPDvXp07 extro {IS}:! ! ! --- Array::log() end -------------------------------------
20260620 224153.429 INFO             PET1       ATM: InitializeIPDvXp07 extro {IS}:! !--- FieldLog() end -------------------
20260620 224153.429 INFO             PET1       ATM: InitializeIPDvXp07 extro {IS}:--- StateLog() end -------------------
20260620 224153.429 INFO             PET1       ATM: InitializeIPDvXp07 extro {ES}:--- StateLog() start -----------------
20260620 224153.429 INFO             PET1       ATM: InitializeIPDvXp07 extro {ES}:<name: ATM-ExportState> <intent: ESMF_STATEINTENT_EXPORT> <itemCount:    0>
20260620 224153.429 INFO             PET1       ATM: InitializeIPDvXp07 extro {ES}:--- StateLog() end -------------------
20260620 224153.429 INFO             PET1     ATM: InitializeIPDvXp07 extro.
20260620 224153.429 INFO             PET1     <<<esm: leaving Initialize (phase=<none>) with current time: 2010  6  1  0  0  0   0
20260620 224153.429 INFO             PET1     esm: InitializeIPDv02p3 extro {IS}:--- StateLog() start -----------------
20260620 224153.429 INFO             PET1     esm: InitializeIPDv02p3 extro {IS}:State object is invalid! Not created or deleted!
20260620 224153.429 INFO             PET1     esm: InitializeIPDv02p3 extro {IS}:--- StateLog() end -------------------
20260620 224153.429 INFO             PET1     esm: InitializeIPDv02p3 extro {ES}:--- StateLog() start -----------------
20260620 224153.429 INFO             PET1     esm: InitializeIPDv02p3 extro {ES}:State object is invalid! Not created or deleted!
20260620 224153.429 INFO             PET1     esm: InitializeIPDv02p3 extro {ES}:--- StateLog() end -------------------
20260620 224153.429 INFO             PET1   esm: InitializeIPDv02p3 extro.
20260620 224153.429 INFO             PET1   esm: InitializeIPDv02p5 intro.
20260620 224153.429 INFO             PET1     esm: InitializeIPDv02p5 intro {IS}:--- StateLog() start -----------------
20260620 224153.429 INFO             PET1     esm: InitializeIPDv02p5 intro {IS}:State object is invalid! Not created or deleted!
20260620 224153.429 INFO             PET1     esm: InitializeIPDv02p5 intro {IS}:--- StateLog() end -------------------
20260620 224153.429 INFO             PET1     esm: InitializeIPDv02p5 intro {ES}:--- StateLog() start -----------------
20260620 224153.429 INFO             PET1     esm: InitializeIPDv02p5 intro {ES}:State object is invalid! Not created or deleted!
20260620 224153.429 INFO             PET1     esm: InitializeIPDv02p5 intro {ES}:--- StateLog() end -------------------
20260620 224153.429 INFO             PET1     >>>esm: entered Initialize (phase=<none>) with current time: 2010  6  1  0  0  0   0
20260620 224153.429 INFO             PET1     esm: this is a top level driver, no 'Updated' and 'InitializeDataComplete' info on this level.
20260620 224153.429 INFO             PET1     esm: InitializeIPDv02p5Data intro.
20260620 224153.429 INFO             PET1       esm: InitializeIPDv02p5Data intro {IS}:--- StateLog() start -----------------
20260620 224153.429 INFO             PET1       esm: InitializeIPDv02p5Data intro {IS}:State object is invalid! Not created or deleted!
20260620 224153.429 INFO             PET1       esm: InitializeIPDv02p5Data intro {IS}:--- StateLog() end -------------------
20260620 224153.429 INFO             PET1       esm: InitializeIPDv02p5Data intro {ES}:--- StateLog() start -----------------
20260620 224153.429 INFO             PET1       esm: InitializeIPDv02p5Data intro {ES}:State object is invalid! Not created or deleted!
20260620 224153.429 INFO             PET1       esm: InitializeIPDv02p5Data intro {ES}:--- StateLog() end -------------------
20260620 224153.429 INFO             PET1       >>>esm: entered Initialize (phase=<none>) with current time: 2010  6  1  0  0  0   0
20260620 224153.429 INFO             PET1       esm: InternalInitializeComplete intro.
20260620 224153.429 INFO             PET1         esm: InternalInitializeComplete intro {IS}:--- StateLog() start -----------------
20260620 224153.429 INFO             PET1         esm: InternalInitializeComplete intro {IS}:State object is invalid! Not created or deleted!
20260620 224153.429 INFO             PET1         esm: InternalInitializeComplete intro {IS}:--- StateLog() end -------------------
20260620 224153.429 INFO             PET1         esm: InternalInitializeComplete intro {ES}:--- StateLog() start -----------------
20260620 224153.429 INFO             PET1         esm: InternalInitializeComplete intro {ES}:State object is invalid! Not created or deleted!
20260620 224153.429 INFO             PET1         esm: InternalInitializeComplete intro {ES}:--- StateLog() end -------------------
20260620 224153.429 INFO             PET1         >>>esm: entered Initialize (phase=<none>) with current time: 2010  6  1  0  0  0   0
20260620 224153.429 INFO             PET1         esm: InitializeDataComplete='true'
20260620 224153.429 INFO             PET1         <<<esm: leaving Initialize (phase=<none>) with current time: 2010  6  1  0  0  0   0
20260620 224153.429 INFO             PET1         esm: InternalInitializeComplete extro {IS}:--- StateLog() start -----------------
20260620 224153.429 INFO             PET1         esm: InternalInitializeComplete extro {IS}:State object is invalid! Not created or deleted!
20260620 224153.429 INFO             PET1         esm: InternalInitializeComplete extro {IS}:--- StateLog() end -------------------
20260620 224153.429 INFO             PET1         esm: InternalInitializeComplete extro {ES}:--- StateLog() start -----------------
20260620 224153.429 INFO             PET1         esm: InternalInitializeComplete extro {ES}:State object is invalid! Not created or deleted!
20260620 224153.429 INFO             PET1         esm: InternalInitializeComplete extro {ES}:--- StateLog() end -------------------
20260620 224153.429 INFO             PET1       esm: InternalInitializeComplete extro.
20260620 224153.430 INFO             PET1       ATM: InitializeIPDv01p5 intro.
20260620 224153.430 INFO             PET1         ATM: InitializeIPDv01p5 intro {IS}:--- StateLog() start -----------------
20260620 224153.430 INFO             PET1         ATM: InitializeIPDv01p5 intro {IS}:<name: ATM-ImportState> <intent: ESMF_STATEINTENT_IMPORT> <itemCount:    1>
20260620 224153.430 INFO             PET1         ATM: InitializeIPDv01p5 intro {IS}:+-<item: 0001> <itemType: State> <itemName: ATM-ImportState-namespace:OCN>
20260620 224153.430 INFO             PET1         ATM: InitializeIPDv01p5 intro {IS}:! <name: ATM-ImportState-namespace:OCN> <intent: ESMF_STATEINTENT_IMPORT> <itemCount:    1>
20260620 224153.430 INFO             PET1         ATM: InitializeIPDv01p5 intro {IS}:! +-<item: 0001> <itemType: Field> <itemName: sea_surface_temperature>
20260620 224153.430 INFO             PET1         ATM: InitializeIPDv01p5 intro {IS}:! !--- FieldLog() start -----------------
20260620 224153.430 INFO             PET1         ATM: InitializeIPDv01p5 intro {IS}:! ! <name: sea_surface_temperature> <fieldStatus: ESMF_FIELDSTATUS_COMPLETE>
20260620 224153.430 INFO             PET1         ATM: InitializeIPDv01p5 intro {IS}:! ! 0x16f7e2aa8 => 0x10215df50 => 0x140e14ea0
20260620 224153.430 INFO             PET1         ATM: InitializeIPDv01p5 intro {IS}:! ! <typekind: Real*8> <rank:    2> <dimCount:    2>
20260620 224153.430 INFO             PET1         ATM: InitializeIPDv01p5 intro {IS}:! ! ! --- Array::log() start -----------------------------------
20260620 224153.430 INFO             PET1         ATM: InitializeIPDv01p5 intro {IS}:! ! ! 0x14103c200
20260620 224153.430 INFO             PET1         ATM: InitializeIPDv01p5 intro {IS}:! ! ! <name: sea_surface_temperature>
20260620 224153.430 INFO             PET1         ATM: InitializeIPDv01p5 intro {IS}:! ! ! ! --- DistGrid::log() start --------------------------------
20260620 224153.430 INFO             PET1         ATM: InitializeIPDv01p5 intro {IS}:! ! ! ! 0x141033e00
20260620 224153.430 INFO             PET1         ATM: InitializeIPDv01p5 intro {IS}:! ! ! ! DistGrid object is valid!<name: DG-Grid003-sloc:0>
20260620 224153.430 INFO             PET1         ATM: InitializeIPDv01p5 intro {IS}:! ! ! ! --- DistGrid::log() end ----------------------------------
20260620 224153.430 INFO             PET1         ATM: InitializeIPDv01p5 intro {IS}:! ! ! --- Array::log() end -------------------------------------
20260620 224153.430 INFO             PET1         ATM: InitializeIPDv01p5 intro {IS}:! !--- FieldLog() end -------------------
20260620 224153.430 INFO             PET1         ATM: InitializeIPDv01p5 intro {IS}:--- StateLog() end -------------------
20260620 224153.430 INFO             PET1         ATM: InitializeIPDv01p5 intro {ES}:--- StateLog() start -----------------
20260620 224153.430 INFO             PET1         ATM: InitializeIPDv01p5 intro {ES}:<name: ATM-ExportState> <intent: ESMF_STATEINTENT_EXPORT> <itemCount:    0>
20260620 224153.430 INFO             PET1         ATM: InitializeIPDv01p5 intro {ES}:--- StateLog() end -------------------
20260620 224153.430 INFO             PET1         >>>ATM: entered Initialize (phase=IPDvXp08) with current time: 2010  6  1  0  0  0   0
20260620 224153.430 INFO             PET1         <<<ATM: leaving Initialize (phase=IPDvXp08) with current time: 2010  6  1  0  0  0   0
20260620 224153.430 INFO             PET1         ATM: InitializeIPDv01p5 extro {IS}:--- StateLog() start -----------------
20260620 224153.430 INFO             PET1         ATM: InitializeIPDv01p5 extro {IS}:<name: ATM-ImportState> <intent: ESMF_STATEINTENT_IMPORT> <itemCount:    1>
20260620 224153.430 INFO             PET1         ATM: InitializeIPDv01p5 extro {IS}:+-<item: 0001> <itemType: State> <itemName: ATM-ImportState-namespace:OCN>
20260620 224153.430 INFO             PET1         ATM: InitializeIPDv01p5 extro {IS}:! <name: ATM-ImportState-namespace:OCN> <intent: ESMF_STATEINTENT_IMPORT> <itemCount:    1>
20260620 224153.430 INFO             PET1         ATM: InitializeIPDv01p5 extro {IS}:! +-<item: 0001> <itemType: Field> <itemName: sea_surface_temperature>
20260620 224153.430 INFO             PET1         ATM: InitializeIPDv01p5 extro {IS}:! !--- FieldLog() start -----------------
20260620 224153.430 INFO             PET1         ATM: InitializeIPDv01p5 extro {IS}:! ! <name: sea_surface_temperature> <fieldStatus: ESMF_FIELDSTATUS_COMPLETE>
20260620 224153.430 INFO             PET1         ATM: InitializeIPDv01p5 extro {IS}:! ! 0x16f7e3cb8 => 0x10215df50 => 0x140e14ea0
20260620 224153.430 INFO             PET1         ATM: InitializeIPDv01p5 extro {IS}:! ! <typekind: Real*8> <rank:    2> <dimCount:    2>
20260620 224153.430 INFO             PET1         ATM: InitializeIPDv01p5 extro {IS}:! ! ! --- Array::log() start -----------------------------------
20260620 224153.430 INFO             PET1         ATM: InitializeIPDv01p5 extro {IS}:! ! ! 0x14103c200
20260620 224153.430 INFO             PET1         ATM: InitializeIPDv01p5 extro {IS}:! ! ! <name: sea_surface_temperature>
20260620 224153.430 INFO             PET1         ATM: InitializeIPDv01p5 extro {IS}:! ! ! ! --- DistGrid::log() start --------------------------------
20260620 224153.430 INFO             PET1         ATM: InitializeIPDv01p5 extro {IS}:! ! ! ! 0x141033e00
20260620 224153.430 INFO             PET1         ATM: InitializeIPDv01p5 extro {IS}:! ! ! ! DistGrid object is valid!<name: DG-Grid003-sloc:0>
20260620 224153.430 INFO             PET1         ATM: InitializeIPDv01p5 extro {IS}:! ! ! ! --- DistGrid::log() end ----------------------------------
20260620 224153.430 INFO             PET1         ATM: InitializeIPDv01p5 extro {IS}:! ! ! --- Array::log() end -------------------------------------
20260620 224153.430 INFO             PET1         ATM: InitializeIPDv01p5 extro {IS}:! !--- FieldLog() end -------------------
20260620 224153.430 INFO             PET1         ATM: InitializeIPDv01p5 extro {IS}:--- StateLog() end -------------------
20260620 224153.430 INFO             PET1         ATM: InitializeIPDv01p5 extro {ES}:--- StateLog() start -----------------
20260620 224153.430 INFO             PET1         ATM: InitializeIPDv01p5 extro {ES}:<name: ATM-ExportState> <intent: ESMF_STATEINTENT_EXPORT> <itemCount:    0>
20260620 224153.430 INFO             PET1         ATM: InitializeIPDv01p5 extro {ES}:--- StateLog() end -------------------
20260620 224153.430 INFO             PET1       ATM: InitializeIPDv01p5 extro.
20260620 224153.431 INFO             PET1       esm: components present that trigger loopDataDependentInitialize().
20260620 224153.431 INFO             PET1       esm: loopDataDependentInitialize intro.
20260620 224153.431 INFO             PET1         esm: loopDataDependentInitialize intro {IS}:--- StateLog() start -----------------
20260620 224153.431 INFO             PET1         esm: loopDataDependentInitialize intro {IS}:State object is invalid! Not created or deleted!
20260620 224153.431 INFO             PET1         esm: loopDataDependentInitialize intro {IS}:--- StateLog() end -------------------
20260620 224153.431 INFO             PET1         esm: loopDataDependentInitialize intro {ES}:--- StateLog() start -----------------
20260620 224153.431 INFO             PET1         esm: loopDataDependentInitialize intro {ES}:State object is invalid! Not created or deleted!
20260620 224153.431 INFO             PET1         esm: loopDataDependentInitialize intro {ES}:--- StateLog() end -------------------
20260620 224153.431 INFO             PET1         >>>esm: entered Initialize (phase=<none>) with current time: 2010  6  1  0  0  0   0
20260620 224153.431 INFO             PET1         esm: component    0=esm, dataComplete (local): true
20260620 224153.431 INFO             PET1         esm: component    0=esm, dataComplete (global):  T
20260620 224153.431 INFO             PET1         esm: component    1=ATM, dataComplete (local): true
20260620 224153.431 INFO             PET1         esm: component    1=ATM, dataComplete (global):  T
20260620 224153.431 INFO             PET1         esm: component    2=OCN, dataComplete (local): true
20260620 224153.431 INFO             PET1         esm: component    2=OCN, dataComplete (global):  T
20260620 224153.431 INFO             PET1         esm: someProgress= F, allComplete= T, present(dataDepAllComplete)= T
20260620 224153.431 INFO             PET1         esm: finished resolving initialize data dependencies on this level.
20260620 224153.431 INFO             PET1         <<<esm: leaving Initialize (phase=<none>) with current time: 2010  6  1  0  0  0   0
20260620 224153.431 INFO             PET1         esm: loopDataDependentInitialize extro {IS}:--- StateLog() start -----------------
20260620 224153.431 INFO             PET1         esm: loopDataDependentInitialize extro {IS}:State object is invalid! Not created or deleted!
20260620 224153.431 INFO             PET1         esm: loopDataDependentInitialize extro {IS}:--- StateLog() end -------------------
20260620 224153.431 INFO             PET1         esm: loopDataDependentInitialize extro {ES}:--- StateLog() start -----------------
20260620 224153.431 INFO             PET1         esm: loopDataDependentInitialize extro {ES}:State object is invalid! Not created or deleted!
20260620 224153.431 INFO             PET1         esm: loopDataDependentInitialize extro {ES}:--- StateLog() end -------------------
20260620 224153.431 INFO             PET1       esm: loopDataDependentInitialize extro.
20260620 224153.431 INFO             PET1       esm: loopDataDependentInitialize() returned with dataDepAllComplete:  T
20260620 224153.431 INFO             PET1       <<<esm: leaving Initialize (phase=<none>) with current time: 2010  6  1  0  0  0   0
20260620 224153.431 INFO             PET1       esm: InitializeIPDv02p5Data extro {IS}:--- StateLog() start -----------------
20260620 224153.431 INFO             PET1       esm: InitializeIPDv02p5Data extro {IS}:State object is invalid! Not created or deleted!
20260620 224153.431 INFO             PET1       esm: InitializeIPDv02p5Data extro {IS}:--- StateLog() end -------------------
20260620 224153.431 INFO             PET1       esm: InitializeIPDv02p5Data extro {ES}:--- StateLog() start -----------------
20260620 224153.431 INFO             PET1       esm: InitializeIPDv02p5Data extro {ES}:State object is invalid! Not created or deleted!
20260620 224153.431 INFO             PET1       esm: InitializeIPDv02p5Data extro {ES}:--- StateLog() end -------------------
20260620 224153.431 INFO             PET1     esm: InitializeIPDv02p5Data extro.
20260620 224153.431 INFO             PET1     <<<esm: leaving Initialize (phase=<none>) with current time: 2010  6  1  0  0  0   0
20260620 224153.431 INFO             PET1     esm: InitializeIPDv02p5 extro {IS}:--- StateLog() start -----------------
20260620 224153.431 INFO             PET1     esm: InitializeIPDv02p5 extro {IS}:State object is invalid! Not created or deleted!
20260620 224153.431 INFO             PET1     esm: InitializeIPDv02p5 extro {IS}:--- StateLog() end -------------------
20260620 224153.431 INFO             PET1     esm: InitializeIPDv02p5 extro {ES}:--- StateLog() start -----------------
20260620 224153.431 INFO             PET1     esm: InitializeIPDv02p5 extro {ES}:State object is invalid! Not created or deleted!
20260620 224153.431 INFO             PET1     esm: InitializeIPDv02p5 extro {ES}:--- StateLog() end -------------------
20260620 224153.431 INFO             PET1   esm: InitializeIPDv02p5 extro.
20260620 224153.431 INFO             PET1   <<<esm: leaving Initialize (phase=<none>) with current time: 2010  6  1  0  0  0   0
20260620 224153.431 INFO             PET1   esm: InitializeGeneric extro {IS}:--- StateLog() start -----------------
20260620 224153.431 INFO             PET1   esm: InitializeGeneric extro {IS}:State object is invalid! Not created or deleted!
20260620 224153.431 INFO             PET1   esm: InitializeGeneric extro {IS}:--- StateLog() end -------------------
20260620 224153.431 INFO             PET1   esm: InitializeGeneric extro {ES}:--- StateLog() start -----------------
20260620 224153.431 INFO             PET1   esm: InitializeGeneric extro {ES}:State object is invalid! Not created or deleted!
20260620 224153.431 INFO             PET1   esm: InitializeGeneric extro {ES}:--- StateLog() end -------------------
20260620 224153.431 INFO             PET1 esm: InitializeGeneric extro.
20260620 224153.432 INFO             PET1 esm: Run intro.
20260620 224153.432 INFO             PET1   esm: Run intro {IS}:--- StateLog() start -----------------
20260620 224153.432 INFO             PET1   esm: Run intro {IS}:State object is invalid! Not created or deleted!
20260620 224153.432 INFO             PET1   esm: Run intro {IS}:--- StateLog() end -------------------
20260620 224153.432 INFO             PET1   esm: Run intro {ES}:--- StateLog() start -----------------
20260620 224153.432 INFO             PET1   esm: Run intro {ES}:State object is invalid! Not created or deleted!
20260620 224153.432 INFO             PET1   esm: Run intro {ES}:--- StateLog() end -------------------
20260620 224153.432 INFO             PET1   >>>esm: entered Run (phase=RunPhase1) with current time: 2010  6  1  0  0  0   0
20260620 224153.432 INFO             PET1   esm: after lable_SetRunClock, current time: 2010  6  1  0  0  0   0
20260620 224153.432 INFO             PET1   esm: begin -------> RunSequence.
20260620 224153.432 INFO             PET1     esm: RunSequence event loopLevel=   1  levelMember=   1  loopIteration=   1, current time: 2010  6  1  0  0  0   0
20260620 224153.432 INFO             PET1     ATM-TO-OCN: Run intro.
20260620 224153.432 INFO             PET1       ATM-TO-OCN: Run intro {IS}:--- StateLog() start -----------------
20260620 224153.432 INFO             PET1       ATM-TO-OCN: Run intro {IS}:<name: ATM-ExportState> <intent: ESMF_STATEINTENT_EXPORT> <itemCount:    0>
20260620 224153.432 INFO             PET1       ATM-TO-OCN: Run intro {IS}:--- StateLog() end -------------------
20260620 224153.432 INFO             PET1       ATM-TO-OCN: Run intro {ES}:--- StateLog() start -----------------
20260620 224153.432 INFO             PET1       ATM-TO-OCN: Run intro {ES}:<name: OCN-ImportState> <intent: ESMF_STATEINTENT_IMPORT> <itemCount:    0>
20260620 224153.432 INFO             PET1       ATM-TO-OCN: Run intro {ES}:--- StateLog() end -------------------
20260620 224153.432 INFO             PET1       >>>ATM-TO-OCN entered Run (phase=RunPhase1)
20260620 224153.432 INFO             PET1       ATM-TO-OCN: called default RouteHandle execution
20260620 224153.432 INFO             PET1       <<<ATM-TO-OCN leaving Run (phase=RunPhase1)
20260620 224153.432 INFO             PET1       ATM-TO-OCN: Run extro {IS}:--- StateLog() start -----------------
20260620 224153.432 INFO             PET1       ATM-TO-OCN: Run extro {IS}:<name: ATM-ExportState> <intent: ESMF_STATEINTENT_EXPORT> <itemCount:    0>
20260620 224153.432 INFO             PET1       ATM-TO-OCN: Run extro {IS}:--- StateLog() end -------------------
20260620 224153.432 INFO             PET1       ATM-TO-OCN: Run extro {ES}:--- StateLog() start -----------------
20260620 224153.432 INFO             PET1       ATM-TO-OCN: Run extro {ES}:<name: OCN-ImportState> <intent: ESMF_STATEINTENT_IMPORT> <itemCount:    0>
20260620 224153.432 INFO             PET1       ATM-TO-OCN: Run extro {ES}:--- StateLog() end -------------------
20260620 224153.432 INFO             PET1     ATM-TO-OCN: Run extro.
20260620 224153.432 INFO             PET1     OCN-TO-ATM: Run intro.
20260620 224153.432 INFO             PET1       OCN-TO-ATM: Run intro {IS}:--- StateLog() start -----------------
20260620 224153.432 INFO             PET1       OCN-TO-ATM: Run intro {IS}:<name: OCN-ExportState> <intent: ESMF_STATEINTENT_EXPORT> <itemCount:    1>
20260620 224153.432 INFO             PET1       OCN-TO-ATM: Run intro {IS}:+-<item: 0001> <itemType: Field> <itemName: sst>
20260620 224153.432 INFO             PET1       OCN-TO-ATM: Run intro {IS}:!--- FieldLog() start -----------------
20260620 224153.432 INFO             PET1       OCN-TO-ATM: Run intro {IS}:! <name: sst> <fieldStatus: ESMF_FIELDSTATUS_COMPLETE>
20260620 224153.432 INFO             PET1       OCN-TO-ATM: Run intro {IS}:! 0x16f7e3ba8 => 0x10215cca0 => 0x140e1b4b0
20260620 224153.432 INFO             PET1       OCN-TO-ATM: Run intro {IS}:! <typekind: Real*8> <rank:    2> <dimCount:    2>
20260620 224153.432 INFO             PET1       OCN-TO-ATM: Run intro {IS}:! ! --- Array::log() start -----------------------------------
20260620 224153.432 INFO             PET1       OCN-TO-ATM: Run intro {IS}:! ! 0x14103fe00
20260620 224153.432 INFO             PET1       OCN-TO-ATM: Run intro {IS}:! ! <name: sst>
20260620 224153.432 INFO             PET1       OCN-TO-ATM: Run intro {IS}:! ! ! --- DistGrid::log() start --------------------------------
20260620 224153.432 INFO             PET1       OCN-TO-ATM: Run intro {IS}:! ! ! 0x141040400
20260620 224153.432 INFO             PET1       OCN-TO-ATM: Run intro {IS}:! ! ! DistGrid object is valid!<name: DG-Grid003-sloc:0>
20260620 224153.432 INFO             PET1       OCN-TO-ATM: Run intro {IS}:! ! ! --- DistGrid::log() end ----------------------------------
20260620 224153.432 INFO             PET1       OCN-TO-ATM: Run intro {IS}:! ! --- Array::log() end -------------------------------------
20260620 224153.432 INFO             PET1       OCN-TO-ATM: Run intro {IS}:!--- FieldLog() end -------------------
20260620 224153.432 INFO             PET1       OCN-TO-ATM: Run intro {IS}:--- StateLog() end -------------------
20260620 224153.432 INFO             PET1       OCN-TO-ATM: Run intro {ES}:--- StateLog() start -----------------
20260620 224153.432 INFO             PET1       OCN-TO-ATM: Run intro {ES}:<name: ATM-ImportState> <intent: ESMF_STATEINTENT_IMPORT> <itemCount:    1>
20260620 224153.432 INFO             PET1       OCN-TO-ATM: Run intro {ES}:+-<item: 0001> <itemType: State> <itemName: ATM-ImportState-namespace:OCN>
20260620 224153.432 INFO             PET1       OCN-TO-ATM: Run intro {ES}:! <name: ATM-ImportState-namespace:OCN> <intent: ESMF_STATEINTENT_IMPORT> <itemCount:    1>
20260620 224153.432 INFO             PET1       OCN-TO-ATM: Run intro {ES}:! +-<item: 0001> <itemType: Field> <itemName: sea_surface_temperature>
20260620 224153.432 INFO             PET1       OCN-TO-ATM: Run intro {ES}:! !--- FieldLog() start -----------------
20260620 224153.432 INFO             PET1       OCN-TO-ATM: Run intro {ES}:! ! <name: sea_surface_temperature> <fieldStatus: ESMF_FIELDSTATUS_COMPLETE>
20260620 224153.432 INFO             PET1       OCN-TO-ATM: Run intro {ES}:! ! 0x16f7e2108 => 0x10215df50 => 0x140e14ea0
20260620 224153.432 INFO             PET1       OCN-TO-ATM: Run intro {ES}:! ! <typekind: Real*8> <rank:    2> <dimCount:    2>
20260620 224153.432 INFO             PET1       OCN-TO-ATM: Run intro {ES}:! ! ! --- Array::log() start -----------------------------------
20260620 224153.432 INFO             PET1       OCN-TO-ATM: Run intro {ES}:! ! ! 0x14103c200
20260620 224153.432 INFO             PET1       OCN-TO-ATM: Run intro {ES}:! ! ! <name: sea_surface_temperature>
20260620 224153.432 INFO             PET1       OCN-TO-ATM: Run intro {ES}:! ! ! ! --- DistGrid::log() start --------------------------------
20260620 224153.432 INFO             PET1       OCN-TO-ATM: Run intro {ES}:! ! ! ! 0x141033e00
20260620 224153.432 INFO             PET1       OCN-TO-ATM: Run intro {ES}:! ! ! ! DistGrid object is valid!<name: DG-Grid003-sloc:0>
20260620 224153.432 INFO             PET1       OCN-TO-ATM: Run intro {ES}:! ! ! ! --- DistGrid::log() end ----------------------------------
20260620 224153.432 INFO             PET1       OCN-TO-ATM: Run intro {ES}:! ! ! --- Array::log() end -------------------------------------
20260620 224153.432 INFO             PET1       OCN-TO-ATM: Run intro {ES}:! !--- FieldLog() end -------------------
20260620 224153.432 INFO             PET1       OCN-TO-ATM: Run intro {ES}:--- StateLog() end -------------------
20260620 224153.432 INFO             PET1       >>>OCN-TO-ATM entered Run (phase=RunPhase1)
20260620 224153.433 INFO             PET1       OCN-TO-ATM: called default RouteHandle execution
20260620 224153.433 INFO             PET1       <<<OCN-TO-ATM leaving Run (phase=RunPhase1)
20260620 224153.433 INFO             PET1       OCN-TO-ATM: Run extro {IS}:--- StateLog() start -----------------
20260620 224153.433 INFO             PET1       OCN-TO-ATM: Run extro {IS}:<name: OCN-ExportState> <intent: ESMF_STATEINTENT_EXPORT> <itemCount:    1>
20260620 224153.433 INFO             PET1       OCN-TO-ATM: Run extro {IS}:+-<item: 0001> <itemType: Field> <itemName: sst>
20260620 224153.433 INFO             PET1       OCN-TO-ATM: Run extro {IS}:!--- FieldLog() start -----------------
20260620 224153.433 INFO             PET1       OCN-TO-ATM: Run extro {IS}:! <name: sst> <fieldStatus: ESMF_FIELDSTATUS_COMPLETE>
20260620 224153.433 INFO             PET1       OCN-TO-ATM: Run extro {IS}:! 0x16f7e4db8 => 0x10215cca0 => 0x140e1b4b0
20260620 224153.433 INFO             PET1       OCN-TO-ATM: Run extro {IS}:! <typekind: Real*8> <rank:    2> <dimCount:    2>
20260620 224153.433 INFO             PET1       OCN-TO-ATM: Run extro {IS}:! ! --- Array::log() start -----------------------------------
20260620 224153.433 INFO             PET1       OCN-TO-ATM: Run extro {IS}:! ! 0x14103fe00
20260620 224153.433 INFO             PET1       OCN-TO-ATM: Run extro {IS}:! ! <name: sst>
20260620 224153.433 INFO             PET1       OCN-TO-ATM: Run extro {IS}:! ! ! --- DistGrid::log() start --------------------------------
20260620 224153.433 INFO             PET1       OCN-TO-ATM: Run extro {IS}:! ! ! 0x141040400
20260620 224153.433 INFO             PET1       OCN-TO-ATM: Run extro {IS}:! ! ! DistGrid object is valid!<name: DG-Grid003-sloc:0>
20260620 224153.433 INFO             PET1       OCN-TO-ATM: Run extro {IS}:! ! ! --- DistGrid::log() end ----------------------------------
20260620 224153.433 INFO             PET1       OCN-TO-ATM: Run extro {IS}:! ! --- Array::log() end -------------------------------------
20260620 224153.433 INFO             PET1       OCN-TO-ATM: Run extro {IS}:!--- FieldLog() end -------------------
20260620 224153.433 INFO             PET1       OCN-TO-ATM: Run extro {IS}:--- StateLog() end -------------------
20260620 224153.433 INFO             PET1       OCN-TO-ATM: Run extro {ES}:--- StateLog() start -----------------
20260620 224153.433 INFO             PET1       OCN-TO-ATM: Run extro {ES}:<name: ATM-ImportState> <intent: ESMF_STATEINTENT_IMPORT> <itemCount:    1>
20260620 224153.433 INFO             PET1       OCN-TO-ATM: Run extro {ES}:+-<item: 0001> <itemType: State> <itemName: ATM-ImportState-namespace:OCN>
20260620 224153.433 INFO             PET1       OCN-TO-ATM: Run extro {ES}:! <name: ATM-ImportState-namespace:OCN> <intent: ESMF_STATEINTENT_IMPORT> <itemCount:    1>
20260620 224153.433 INFO             PET1       OCN-TO-ATM: Run extro {ES}:! +-<item: 0001> <itemType: Field> <itemName: sea_surface_temperature>
20260620 224153.433 INFO             PET1       OCN-TO-ATM: Run extro {ES}:! !--- FieldLog() start -----------------
20260620 224153.433 INFO             PET1       OCN-TO-ATM: Run extro {ES}:! ! <name: sea_surface_temperature> <fieldStatus: ESMF_FIELDSTATUS_COMPLETE>
20260620 224153.433 INFO             PET1       OCN-TO-ATM: Run extro {ES}:! ! 0x16f7e3318 => 0x10215df50 => 0x140e14ea0
20260620 224153.433 INFO             PET1       OCN-TO-ATM: Run extro {ES}:! ! <typekind: Real*8> <rank:    2> <dimCount:    2>
20260620 224153.433 INFO             PET1       OCN-TO-ATM: Run extro {ES}:! ! ! --- Array::log() start -----------------------------------
20260620 224153.433 INFO             PET1       OCN-TO-ATM: Run extro {ES}:! ! ! 0x14103c200
20260620 224153.433 INFO             PET1       OCN-TO-ATM: Run extro {ES}:! ! ! <name: sea_surface_temperature>
20260620 224153.433 INFO             PET1       OCN-TO-ATM: Run extro {ES}:! ! ! ! --- DistGrid::log() start --------------------------------
20260620 224153.433 INFO             PET1       OCN-TO-ATM: Run extro {ES}:! ! ! ! 0x141033e00
20260620 224153.433 INFO             PET1       OCN-TO-ATM: Run extro {ES}:! ! ! ! DistGrid object is valid!<name: DG-Grid003-sloc:0>
20260620 224153.433 INFO             PET1       OCN-TO-ATM: Run extro {ES}:! ! ! ! --- DistGrid::log() end ----------------------------------
20260620 224153.433 INFO             PET1       OCN-TO-ATM: Run extro {ES}:! ! ! --- Array::log() end -------------------------------------
20260620 224153.433 INFO             PET1       OCN-TO-ATM: Run extro {ES}:! !--- FieldLog() end -------------------
20260620 224153.433 INFO             PET1       OCN-TO-ATM: Run extro {ES}:--- StateLog() end -------------------
20260620 224153.433 INFO             PET1     OCN-TO-ATM: Run extro.
20260620 224153.434 INFO             PET1     ATM: Run intro.
20260620 224153.434 INFO             PET1       ATM: Run intro {IS}:--- StateLog() start -----------------
20260620 224153.434 INFO             PET1       ATM: Run intro {IS}:<name: ATM-ImportState> <intent: ESMF_STATEINTENT_IMPORT> <itemCount:    1>
20260620 224153.434 INFO             PET1       ATM: Run intro {IS}:+-<item: 0001> <itemType: State> <itemName: ATM-ImportState-namespace:OCN>
20260620 224153.434 INFO             PET1       ATM: Run intro {IS}:! <name: ATM-ImportState-namespace:OCN> <intent: ESMF_STATEINTENT_IMPORT> <itemCount:    1>
20260620 224153.434 INFO             PET1       ATM: Run intro {IS}:! +-<item: 0001> <itemType: Field> <itemName: sea_surface_temperature>
20260620 224153.434 INFO             PET1       ATM: Run intro {IS}:! !--- FieldLog() start -----------------
20260620 224153.434 INFO             PET1       ATM: Run intro {IS}:! ! <name: sea_surface_temperature> <fieldStatus: ESMF_FIELDSTATUS_COMPLETE>
20260620 224153.434 INFO             PET1       ATM: Run intro {IS}:! ! 0x16f7e3268 => 0x10215df50 => 0x140e14ea0
20260620 224153.434 INFO             PET1       ATM: Run intro {IS}:! ! <typekind: Real*8> <rank:    2> <dimCount:    2>
20260620 224153.434 INFO             PET1       ATM: Run intro {IS}:! ! ! --- Array::log() start -----------------------------------
20260620 224153.434 INFO             PET1       ATM: Run intro {IS}:! ! ! 0x14103c200
20260620 224153.434 INFO             PET1       ATM: Run intro {IS}:! ! ! <name: sea_surface_temperature>
20260620 224153.434 INFO             PET1       ATM: Run intro {IS}:! ! ! ! --- DistGrid::log() start --------------------------------
20260620 224153.434 INFO             PET1       ATM: Run intro {IS}:! ! ! ! 0x141033e00
20260620 224153.434 INFO             PET1       ATM: Run intro {IS}:! ! ! ! DistGrid object is valid!<name: DG-Grid003-sloc:0>
20260620 224153.434 INFO             PET1       ATM: Run intro {IS}:! ! ! ! --- DistGrid::log() end ----------------------------------
20260620 224153.434 INFO             PET1       ATM: Run intro {IS}:! ! ! --- Array::log() end -------------------------------------
20260620 224153.434 INFO             PET1       ATM: Run intro {IS}:! !--- FieldLog() end -------------------
20260620 224153.434 INFO             PET1       ATM: Run intro {IS}:--- StateLog() end -------------------
20260620 224153.434 INFO             PET1       ATM: Run intro {ES}:--- StateLog() start -----------------
20260620 224153.434 INFO             PET1       ATM: Run intro {ES}:<name: ATM-ExportState> <intent: ESMF_STATEINTENT_EXPORT> <itemCount:    0>
20260620 224153.434 INFO             PET1       ATM: Run intro {ES}:--- StateLog() end -------------------
20260620 224153.434 INFO             PET1       >>>ATM: entered Run (phase=RunPhase1) with current time: 2010  6  1  0  0  0   0
20260620 224153.434 INFO             PET1       ATM: time step-loop starting, current time: 2010  6  1  0  0  0   0
20260620 224153.434 INFO             PET1       ------>Advancing ATM from: 2010  6  1  0  0  0   0
20260620 224153.434 INFO             PET1       ---------------------> to: 2010  6  1  0 15  0   0
20260620 224153.435 INFO             PET1       ATM: time step-loop ending,   current time: 2010  6  1  0 15  0   0
20260620 224153.435 INFO             PET1       <<<ATM: leaving Run (phase=RunPhase1) with current time: 2010  6  1  0 15  0   0
20260620 224153.435 INFO             PET1       ATM: Run extro {IS}:--- StateLog() start -----------------
20260620 224153.435 INFO             PET1       ATM: Run extro {IS}:<name: ATM-ImportState> <intent: ESMF_STATEINTENT_IMPORT> <itemCount:    1>
20260620 224153.435 INFO             PET1       ATM: Run extro {IS}:+-<item: 0001> <itemType: State> <itemName: ATM-ImportState-namespace:OCN>
20260620 224153.435 INFO             PET1       ATM: Run extro {IS}:! <name: ATM-ImportState-namespace:OCN> <intent: ESMF_STATEINTENT_IMPORT> <itemCount:    1>
20260620 224153.435 INFO             PET1       ATM: Run extro {IS}:! +-<item: 0001> <itemType: Field> <itemName: sea_surface_temperature>
20260620 224153.435 INFO             PET1       ATM: Run extro {IS}:! !--- FieldLog() start -----------------
20260620 224153.435 INFO             PET1       ATM: Run extro {IS}:! ! <name: sea_surface_temperature> <fieldStatus: ESMF_FIELDSTATUS_COMPLETE>
20260620 224153.435 INFO             PET1       ATM: Run extro {IS}:! ! 0x16f7e4478 => 0x10215df50 => 0x140e14ea0
20260620 224153.435 INFO             PET1       ATM: Run extro {IS}:! ! <typekind: Real*8> <rank:    2> <dimCount:    2>
20260620 224153.435 INFO             PET1       ATM: Run extro {IS}:! ! ! --- Array::log() start -----------------------------------
20260620 224153.435 INFO             PET1       ATM: Run extro {IS}:! ! ! 0x14103c200
20260620 224153.435 INFO             PET1       ATM: Run extro {IS}:! ! ! <name: sea_surface_temperature>
20260620 224153.435 INFO             PET1       ATM: Run extro {IS}:! ! ! ! --- DistGrid::log() start --------------------------------
20260620 224153.435 INFO             PET1       ATM: Run extro {IS}:! ! ! ! 0x141033e00
20260620 224153.435 INFO             PET1       ATM: Run extro {IS}:! ! ! ! DistGrid object is valid!<name: DG-Grid003-sloc:0>
20260620 224153.435 INFO             PET1       ATM: Run extro {IS}:! ! ! ! --- DistGrid::log() end ----------------------------------
20260620 224153.435 INFO             PET1       ATM: Run extro {IS}:! ! ! --- Array::log() end -------------------------------------
20260620 224153.435 INFO             PET1       ATM: Run extro {IS}:! !--- FieldLog() end -------------------
20260620 224153.435 INFO             PET1       ATM: Run extro {IS}:--- StateLog() end -------------------
20260620 224153.435 INFO             PET1       ATM: Run extro {ES}:--- StateLog() start -----------------
20260620 224153.435 INFO             PET1       ATM: Run extro {ES}:<name: ATM-ExportState> <intent: ESMF_STATEINTENT_EXPORT> <itemCount:    0>
20260620 224153.435 INFO             PET1       ATM: Run extro {ES}:--- StateLog() end -------------------
20260620 224153.435 INFO             PET1     ATM: Run extro.
20260620 224153.435 INFO             PET1     esm: RunSequence event loopLevel=   1  levelMember=   1  loopIteration=   2, current time: 2010  6  1  0 15  0   0
20260620 224153.435 INFO             PET1     ATM-TO-OCN: Run intro.
20260620 224153.435 INFO             PET1       ATM-TO-OCN: Run intro {IS}:--- StateLog() start -----------------
20260620 224153.435 INFO             PET1       ATM-TO-OCN: Run intro {IS}:<name: ATM-ExportState> <intent: ESMF_STATEINTENT_EXPORT> <itemCount:    0>
20260620 224153.435 INFO             PET1       ATM-TO-OCN: Run intro {IS}:--- StateLog() end -------------------
20260620 224153.435 INFO             PET1       ATM-TO-OCN: Run intro {ES}:--- StateLog() start -----------------
20260620 224153.435 INFO             PET1       ATM-TO-OCN: Run intro {ES}:<name: OCN-ImportState> <intent: ESMF_STATEINTENT_IMPORT> <itemCount:    0>
20260620 224153.435 INFO             PET1       ATM-TO-OCN: Run intro {ES}:--- StateLog() end -------------------
20260620 224153.435 INFO             PET1       >>>ATM-TO-OCN entered Run (phase=RunPhase1)
20260620 224153.435 INFO             PET1       ATM-TO-OCN: called default RouteHandle execution
20260620 224153.435 INFO             PET1       <<<ATM-TO-OCN leaving Run (phase=RunPhase1)
20260620 224153.435 INFO             PET1       ATM-TO-OCN: Run extro {IS}:--- StateLog() start -----------------
20260620 224153.435 INFO             PET1       ATM-TO-OCN: Run extro {IS}:<name: ATM-ExportState> <intent: ESMF_STATEINTENT_EXPORT> <itemCount:    0>
20260620 224153.435 INFO             PET1       ATM-TO-OCN: Run extro {IS}:--- StateLog() end -------------------
20260620 224153.435 INFO             PET1       ATM-TO-OCN: Run extro {ES}:--- StateLog() start -----------------
20260620 224153.435 INFO             PET1       ATM-TO-OCN: Run extro {ES}:<name: OCN-ImportState> <intent: ESMF_STATEINTENT_IMPORT> <itemCount:    0>
20260620 224153.435 INFO             PET1       ATM-TO-OCN: Run extro {ES}:--- StateLog() end -------------------
20260620 224153.435 INFO             PET1     ATM-TO-OCN: Run extro.
20260620 224153.435 INFO             PET1     OCN-TO-ATM: Run intro.
20260620 224153.435 INFO             PET1       OCN-TO-ATM: Run intro {IS}:--- StateLog() start -----------------
20260620 224153.435 INFO             PET1       OCN-TO-ATM: Run intro {IS}:<name: OCN-ExportState> <intent: ESMF_STATEINTENT_EXPORT> <itemCount:    1>
20260620 224153.435 INFO             PET1       OCN-TO-ATM: Run intro {IS}:+-<item: 0001> <itemType: Field> <itemName: sst>
20260620 224153.435 INFO             PET1       OCN-TO-ATM: Run intro {IS}:!--- FieldLog() start -----------------
20260620 224153.435 INFO             PET1       OCN-TO-ATM: Run intro {IS}:! <name: sst> <fieldStatus: ESMF_FIELDSTATUS_COMPLETE>
20260620 224153.435 INFO             PET1       OCN-TO-ATM: Run intro {IS}:! 0x16f7e3ba8 => 0x10215cca0 => 0x140e1b4b0
20260620 224153.435 INFO             PET1       OCN-TO-ATM: Run intro {IS}:! <typekind: Real*8> <rank:    2> <dimCount:    2>
20260620 224153.435 INFO             PET1       OCN-TO-ATM: Run intro {IS}:! ! --- Array::log() start -----------------------------------
20260620 224153.435 INFO             PET1       OCN-TO-ATM: Run intro {IS}:! ! 0x14103fe00
20260620 224153.435 INFO             PET1       OCN-TO-ATM: Run intro {IS}:! ! <name: sst>
20260620 224153.435 INFO             PET1       OCN-TO-ATM: Run intro {IS}:! ! ! --- DistGrid::log() start --------------------------------
20260620 224153.435 INFO             PET1       OCN-TO-ATM: Run intro {IS}:! ! ! 0x141040400
20260620 224153.435 INFO             PET1       OCN-TO-ATM: Run intro {IS}:! ! ! DistGrid object is valid!<name: DG-Grid003-sloc:0>
20260620 224153.435 INFO             PET1       OCN-TO-ATM: Run intro {IS}:! ! ! --- DistGrid::log() end ----------------------------------
20260620 224153.435 INFO             PET1       OCN-TO-ATM: Run intro {IS}:! ! --- Array::log() end -------------------------------------
20260620 224153.435 INFO             PET1       OCN-TO-ATM: Run intro {IS}:!--- FieldLog() end -------------------
20260620 224153.435 INFO             PET1       OCN-TO-ATM: Run intro {IS}:--- StateLog() end -------------------
20260620 224153.435 INFO             PET1       OCN-TO-ATM: Run intro {ES}:--- StateLog() start -----------------
20260620 224153.435 INFO             PET1       OCN-TO-ATM: Run intro {ES}:<name: ATM-ImportState> <intent: ESMF_STATEINTENT_IMPORT> <itemCount:    1>
20260620 224153.435 INFO             PET1       OCN-TO-ATM: Run intro {ES}:+-<item: 0001> <itemType: State> <itemName: ATM-ImportState-namespace:OCN>
20260620 224153.435 INFO             PET1       OCN-TO-ATM: Run intro {ES}:! <name: ATM-ImportState-namespace:OCN> <intent: ESMF_STATEINTENT_IMPORT> <itemCount:    1>
20260620 224153.435 INFO             PET1       OCN-TO-ATM: Run intro {ES}:! +-<item: 0001> <itemType: Field> <itemName: sea_surface_temperature>
20260620 224153.435 INFO             PET1       OCN-TO-ATM: Run intro {ES}:! !--- FieldLog() start -----------------
20260620 224153.436 INFO             PET1       OCN-TO-ATM: Run intro {ES}:! ! <name: sea_surface_temperature> <fieldStatus: ESMF_FIELDSTATUS_COMPLETE>
20260620 224153.436 INFO             PET1       OCN-TO-ATM: Run intro {ES}:! ! 0x16f7e2108 => 0x10215df50 => 0x140e14ea0
20260620 224153.436 INFO             PET1       OCN-TO-ATM: Run intro {ES}:! ! <typekind: Real*8> <rank:    2> <dimCount:    2>
20260620 224153.436 INFO             PET1       OCN-TO-ATM: Run intro {ES}:! ! ! --- Array::log() start -----------------------------------
20260620 224153.436 INFO             PET1       OCN-TO-ATM: Run intro {ES}:! ! ! 0x14103c200
20260620 224153.436 INFO             PET1       OCN-TO-ATM: Run intro {ES}:! ! ! <name: sea_surface_temperature>
20260620 224153.436 INFO             PET1       OCN-TO-ATM: Run intro {ES}:! ! ! ! --- DistGrid::log() start --------------------------------
20260620 224153.436 INFO             PET1       OCN-TO-ATM: Run intro {ES}:! ! ! ! 0x141033e00
20260620 224153.436 INFO             PET1       OCN-TO-ATM: Run intro {ES}:! ! ! ! DistGrid object is valid!<name: DG-Grid003-sloc:0>
20260620 224153.436 INFO             PET1       OCN-TO-ATM: Run intro {ES}:! ! ! ! --- DistGrid::log() end ----------------------------------
20260620 224153.436 INFO             PET1       OCN-TO-ATM: Run intro {ES}:! ! ! --- Array::log() end -------------------------------------
20260620 224153.436 INFO             PET1       OCN-TO-ATM: Run intro {ES}:! !--- FieldLog() end -------------------
20260620 224153.436 INFO             PET1       OCN-TO-ATM: Run intro {ES}:--- StateLog() end -------------------
20260620 224153.436 INFO             PET1       >>>OCN-TO-ATM entered Run (phase=RunPhase1)
20260620 224153.437 INFO             PET1       OCN-TO-ATM: called default RouteHandle execution
20260620 224153.437 INFO             PET1       <<<OCN-TO-ATM leaving Run (phase=RunPhase1)
20260620 224153.437 INFO             PET1       OCN-TO-ATM: Run extro {IS}:--- StateLog() start -----------------
20260620 224153.437 INFO             PET1       OCN-TO-ATM: Run extro {IS}:<name: OCN-ExportState> <intent: ESMF_STATEINTENT_EXPORT> <itemCount:    1>
20260620 224153.437 INFO             PET1       OCN-TO-ATM: Run extro {IS}:+-<item: 0001> <itemType: Field> <itemName: sst>
20260620 224153.437 INFO             PET1       OCN-TO-ATM: Run extro {IS}:!--- FieldLog() start -----------------
20260620 224153.437 INFO             PET1       OCN-TO-ATM: Run extro {IS}:! <name: sst> <fieldStatus: ESMF_FIELDSTATUS_COMPLETE>
20260620 224153.437 INFO             PET1       OCN-TO-ATM: Run extro {IS}:! 0x16f7e4db8 => 0x10215cca0 => 0x140e1b4b0
20260620 224153.437 INFO             PET1       OCN-TO-ATM: Run extro {IS}:! <typekind: Real*8> <rank:    2> <dimCount:    2>
20260620 224153.437 INFO             PET1       OCN-TO-ATM: Run extro {IS}:! ! --- Array::log() start -----------------------------------
20260620 224153.437 INFO             PET1       OCN-TO-ATM: Run extro {IS}:! ! 0x14103fe00
20260620 224153.437 INFO             PET1       OCN-TO-ATM: Run extro {IS}:! ! <name: sst>
20260620 224153.437 INFO             PET1       OCN-TO-ATM: Run extro {IS}:! ! ! --- DistGrid::log() start --------------------------------
20260620 224153.437 INFO             PET1       OCN-TO-ATM: Run extro {IS}:! ! ! 0x141040400
20260620 224153.437 INFO             PET1       OCN-TO-ATM: Run extro {IS}:! ! ! DistGrid object is valid!<name: DG-Grid003-sloc:0>
20260620 224153.437 INFO             PET1       OCN-TO-ATM: Run extro {IS}:! ! ! --- DistGrid::log() end ----------------------------------
20260620 224153.437 INFO             PET1       OCN-TO-ATM: Run extro {IS}:! ! --- Array::log() end -------------------------------------
20260620 224153.437 INFO             PET1       OCN-TO-ATM: Run extro {IS}:!--- FieldLog() end -------------------
20260620 224153.437 INFO             PET1       OCN-TO-ATM: Run extro {IS}:--- StateLog() end -------------------
20260620 224153.437 INFO             PET1       OCN-TO-ATM: Run extro {ES}:--- StateLog() start -----------------
20260620 224153.437 INFO             PET1       OCN-TO-ATM: Run extro {ES}:<name: ATM-ImportState> <intent: ESMF_STATEINTENT_IMPORT> <itemCount:    1>
20260620 224153.437 INFO             PET1       OCN-TO-ATM: Run extro {ES}:+-<item: 0001> <itemType: State> <itemName: ATM-ImportState-namespace:OCN>
20260620 224153.437 INFO             PET1       OCN-TO-ATM: Run extro {ES}:! <name: ATM-ImportState-namespace:OCN> <intent: ESMF_STATEINTENT_IMPORT> <itemCount:    1>
20260620 224153.437 INFO             PET1       OCN-TO-ATM: Run extro {ES}:! +-<item: 0001> <itemType: Field> <itemName: sea_surface_temperature>
20260620 224153.437 INFO             PET1       OCN-TO-ATM: Run extro {ES}:! !--- FieldLog() start -----------------
20260620 224153.437 INFO             PET1       OCN-TO-ATM: Run extro {ES}:! ! <name: sea_surface_temperature> <fieldStatus: ESMF_FIELDSTATUS_COMPLETE>
20260620 224153.437 INFO             PET1       OCN-TO-ATM: Run extro {ES}:! ! 0x16f7e3318 => 0x10215df50 => 0x140e14ea0
20260620 224153.437 INFO             PET1       OCN-TO-ATM: Run extro {ES}:! ! <typekind: Real*8> <rank:    2> <dimCount:    2>
20260620 224153.437 INFO             PET1       OCN-TO-ATM: Run extro {ES}:! ! ! --- Array::log() start -----------------------------------
20260620 224153.437 INFO             PET1       OCN-TO-ATM: Run extro {ES}:! ! ! 0x14103c200
20260620 224153.437 INFO             PET1       OCN-TO-ATM: Run extro {ES}:! ! ! <name: sea_surface_temperature>
20260620 224153.437 INFO             PET1       OCN-TO-ATM: Run extro {ES}:! ! ! ! --- DistGrid::log() start --------------------------------
20260620 224153.437 INFO             PET1       OCN-TO-ATM: Run extro {ES}:! ! ! ! 0x141033e00
20260620 224153.437 INFO             PET1       OCN-TO-ATM: Run extro {ES}:! ! ! ! DistGrid object is valid!<name: DG-Grid003-sloc:0>
20260620 224153.437 INFO             PET1       OCN-TO-ATM: Run extro {ES}:! ! ! ! --- DistGrid::log() end ----------------------------------
20260620 224153.437 INFO             PET1       OCN-TO-ATM: Run extro {ES}:! ! ! --- Array::log() end -------------------------------------
20260620 224153.437 INFO             PET1       OCN-TO-ATM: Run extro {ES}:! !--- FieldLog() end -------------------
20260620 224153.437 INFO             PET1       OCN-TO-ATM: Run extro {ES}:--- StateLog() end -------------------
20260620 224153.437 INFO             PET1     OCN-TO-ATM: Run extro.
20260620 224153.437 INFO             PET1     ATM: Run intro.
20260620 224153.437 INFO             PET1       ATM: Run intro {IS}:--- StateLog() start -----------------
20260620 224153.437 INFO             PET1       ATM: Run intro {IS}:<name: ATM-ImportState> <intent: ESMF_STATEINTENT_IMPORT> <itemCount:    1>
20260620 224153.437 INFO             PET1       ATM: Run intro {IS}:+-<item: 0001> <itemType: State> <itemName: ATM-ImportState-namespace:OCN>
20260620 224153.437 INFO             PET1       ATM: Run intro {IS}:! <name: ATM-ImportState-namespace:OCN> <intent: ESMF_STATEINTENT_IMPORT> <itemCount:    1>
20260620 224153.437 INFO             PET1       ATM: Run intro {IS}:! +-<item: 0001> <itemType: Field> <itemName: sea_surface_temperature>
20260620 224153.438 INFO             PET1       ATM: Run intro {IS}:! !--- FieldLog() start -----------------
20260620 224153.438 INFO             PET1       ATM: Run intro {IS}:! ! <name: sea_surface_temperature> <fieldStatus: ESMF_FIELDSTATUS_COMPLETE>
20260620 224153.438 INFO             PET1       ATM: Run intro {IS}:! ! 0x16f7e3268 => 0x10215df50 => 0x140e14ea0
20260620 224153.438 INFO             PET1       ATM: Run intro {IS}:! ! <typekind: Real*8> <rank:    2> <dimCount:    2>
20260620 224153.438 INFO             PET1       ATM: Run intro {IS}:! ! ! --- Array::log() start -----------------------------------
20260620 224153.438 INFO             PET1       ATM: Run intro {IS}:! ! ! 0x14103c200
20260620 224153.438 INFO             PET1       ATM: Run intro {IS}:! ! ! <name: sea_surface_temperature>
20260620 224153.438 INFO             PET1       ATM: Run intro {IS}:! ! ! ! --- DistGrid::log() start --------------------------------
20260620 224153.438 INFO             PET1       ATM: Run intro {IS}:! ! ! ! 0x141033e00
20260620 224153.438 INFO             PET1       ATM: Run intro {IS}:! ! ! ! DistGrid object is valid!<name: DG-Grid003-sloc:0>
20260620 224153.438 INFO             PET1       ATM: Run intro {IS}:! ! ! ! --- DistGrid::log() end ----------------------------------
20260620 224153.438 INFO             PET1       ATM: Run intro {IS}:! ! ! --- Array::log() end -------------------------------------
20260620 224153.438 INFO             PET1       ATM: Run intro {IS}:! !--- FieldLog() end -------------------
20260620 224153.438 INFO             PET1       ATM: Run intro {IS}:--- StateLog() end -------------------
20260620 224153.438 INFO             PET1       ATM: Run intro {ES}:--- StateLog() start -----------------
20260620 224153.438 INFO             PET1       ATM: Run intro {ES}:<name: ATM-ExportState> <intent: ESMF_STATEINTENT_EXPORT> <itemCount:    0>
20260620 224153.438 INFO             PET1       ATM: Run intro {ES}:--- StateLog() end -------------------
20260620 224153.438 INFO             PET1       >>>ATM: entered Run (phase=RunPhase1) with current time: 2010  6  1  0 15  0   0
20260620 224153.438 INFO             PET1       ATM: time step-loop starting, current time: 2010  6  1  0 15  0   0
20260620 224153.438 INFO             PET1       ------>Advancing ATM from: 2010  6  1  0 15  0   0
20260620 224153.438 INFO             PET1       ---------------------> to: 2010  6  1  0 30  0   0
20260620 224153.438 INFO             PET1       ATM: time step-loop ending,   current time: 2010  6  1  0 30  0   0
20260620 224153.438 INFO             PET1       <<<ATM: leaving Run (phase=RunPhase1) with current time: 2010  6  1  0 30  0   0
20260620 224153.438 INFO             PET1       ATM: Run extro {IS}:--- StateLog() start -----------------
20260620 224153.438 INFO             PET1       ATM: Run extro {IS}:<name: ATM-ImportState> <intent: ESMF_STATEINTENT_IMPORT> <itemCount:    1>
20260620 224153.438 INFO             PET1       ATM: Run extro {IS}:+-<item: 0001> <itemType: State> <itemName: ATM-ImportState-namespace:OCN>
20260620 224153.438 INFO             PET1       ATM: Run extro {IS}:! <name: ATM-ImportState-namespace:OCN> <intent: ESMF_STATEINTENT_IMPORT> <itemCount:    1>
20260620 224153.438 INFO             PET1       ATM: Run extro {IS}:! +-<item: 0001> <itemType: Field> <itemName: sea_surface_temperature>
20260620 224153.438 INFO             PET1       ATM: Run extro {IS}:! !--- FieldLog() start -----------------
20260620 224153.438 INFO             PET1       ATM: Run extro {IS}:! ! <name: sea_surface_temperature> <fieldStatus: ESMF_FIELDSTATUS_COMPLETE>
20260620 224153.438 INFO             PET1       ATM: Run extro {IS}:! ! 0x16f7e4478 => 0x10215df50 => 0x140e14ea0
20260620 224153.438 INFO             PET1       ATM: Run extro {IS}:! ! <typekind: Real*8> <rank:    2> <dimCount:    2>
20260620 224153.438 INFO             PET1       ATM: Run extro {IS}:! ! ! --- Array::log() start -----------------------------------
20260620 224153.438 INFO             PET1       ATM: Run extro {IS}:! ! ! 0x14103c200
20260620 224153.438 INFO             PET1       ATM: Run extro {IS}:! ! ! <name: sea_surface_temperature>
20260620 224153.438 INFO             PET1       ATM: Run extro {IS}:! ! ! ! --- DistGrid::log() start --------------------------------
20260620 224153.438 INFO             PET1       ATM: Run extro {IS}:! ! ! ! 0x141033e00
20260620 224153.438 INFO             PET1       ATM: Run extro {IS}:! ! ! ! DistGrid object is valid!<name: DG-Grid003-sloc:0>
20260620 224153.438 INFO             PET1       ATM: Run extro {IS}:! ! ! ! --- DistGrid::log() end ----------------------------------
20260620 224153.438 INFO             PET1       ATM: Run extro {IS}:! ! ! --- Array::log() end -------------------------------------
20260620 224153.438 INFO             PET1       ATM: Run extro {IS}:! !--- FieldLog() end -------------------
20260620 224153.438 INFO             PET1       ATM: Run extro {IS}:--- StateLog() end -------------------
20260620 224153.438 INFO             PET1       ATM: Run extro {ES}:--- StateLog() start -----------------
20260620 224153.438 INFO             PET1       ATM: Run extro {ES}:<name: ATM-ExportState> <intent: ESMF_STATEINTENT_EXPORT> <itemCount:    0>
20260620 224153.438 INFO             PET1       ATM: Run extro {ES}:--- StateLog() end -------------------
20260620 224153.438 INFO             PET1     ATM: Run extro.
20260620 224153.438 INFO             PET1     esm: RunSequence event loopLevel=   1  levelMember=   1  loopIteration=   3, current time: 2010  6  1  0 30  0   0
20260620 224153.439 INFO             PET1     ATM-TO-OCN: Run intro.
20260620 224153.439 INFO             PET1       ATM-TO-OCN: Run intro {IS}:--- StateLog() start -----------------
20260620 224153.439 INFO             PET1       ATM-TO-OCN: Run intro {IS}:<name: ATM-ExportState> <intent: ESMF_STATEINTENT_EXPORT> <itemCount:    0>
20260620 224153.439 INFO             PET1       ATM-TO-OCN: Run intro {IS}:--- StateLog() end -------------------
20260620 224153.439 INFO             PET1       ATM-TO-OCN: Run intro {ES}:--- StateLog() start -----------------
20260620 224153.439 INFO             PET1       ATM-TO-OCN: Run intro {ES}:<name: OCN-ImportState> <intent: ESMF_STATEINTENT_IMPORT> <itemCount:    0>
20260620 224153.439 INFO             PET1       ATM-TO-OCN: Run intro {ES}:--- StateLog() end -------------------
20260620 224153.439 INFO             PET1       >>>ATM-TO-OCN entered Run (phase=RunPhase1)
20260620 224153.439 INFO             PET1       ATM-TO-OCN: called default RouteHandle execution
20260620 224153.439 INFO             PET1       <<<ATM-TO-OCN leaving Run (phase=RunPhase1)
20260620 224153.439 INFO             PET1       ATM-TO-OCN: Run extro {IS}:--- StateLog() start -----------------
20260620 224153.439 INFO             PET1       ATM-TO-OCN: Run extro {IS}:<name: ATM-ExportState> <intent: ESMF_STATEINTENT_EXPORT> <itemCount:    0>
20260620 224153.439 INFO             PET1       ATM-TO-OCN: Run extro {IS}:--- StateLog() end -------------------
20260620 224153.439 INFO             PET1       ATM-TO-OCN: Run extro {ES}:--- StateLog() start -----------------
20260620 224153.439 INFO             PET1       ATM-TO-OCN: Run extro {ES}:<name: OCN-ImportState> <intent: ESMF_STATEINTENT_IMPORT> <itemCount:    0>
20260620 224153.439 INFO             PET1       ATM-TO-OCN: Run extro {ES}:--- StateLog() end -------------------
20260620 224153.439 INFO             PET1     ATM-TO-OCN: Run extro.
20260620 224153.439 INFO             PET1     OCN-TO-ATM: Run intro.
20260620 224153.439 INFO             PET1       OCN-TO-ATM: Run intro {IS}:--- StateLog() start -----------------
20260620 224153.439 INFO             PET1       OCN-TO-ATM: Run intro {IS}:<name: OCN-ExportState> <intent: ESMF_STATEINTENT_EXPORT> <itemCount:    1>
20260620 224153.439 INFO             PET1       OCN-TO-ATM: Run intro {IS}:+-<item: 0001> <itemType: Field> <itemName: sst>
20260620 224153.439 INFO             PET1       OCN-TO-ATM: Run intro {IS}:!--- FieldLog() start -----------------
20260620 224153.439 INFO             PET1       OCN-TO-ATM: Run intro {IS}:! <name: sst> <fieldStatus: ESMF_FIELDSTATUS_COMPLETE>
20260620 224153.439 INFO             PET1       OCN-TO-ATM: Run intro {IS}:! 0x16f7e3ba8 => 0x10215cca0 => 0x140e1b4b0
20260620 224153.439 INFO             PET1       OCN-TO-ATM: Run intro {IS}:! <typekind: Real*8> <rank:    2> <dimCount:    2>
20260620 224153.439 INFO             PET1       OCN-TO-ATM: Run intro {IS}:! ! --- Array::log() start -----------------------------------
20260620 224153.439 INFO             PET1       OCN-TO-ATM: Run intro {IS}:! ! 0x14103fe00
20260620 224153.439 INFO             PET1       OCN-TO-ATM: Run intro {IS}:! ! <name: sst>
20260620 224153.439 INFO             PET1       OCN-TO-ATM: Run intro {IS}:! ! ! --- DistGrid::log() start --------------------------------
20260620 224153.439 INFO             PET1       OCN-TO-ATM: Run intro {IS}:! ! ! 0x141040400
20260620 224153.439 INFO             PET1       OCN-TO-ATM: Run intro {IS}:! ! ! DistGrid object is valid!<name: DG-Grid003-sloc:0>
20260620 224153.439 INFO             PET1       OCN-TO-ATM: Run intro {IS}:! ! ! --- DistGrid::log() end ----------------------------------
20260620 224153.439 INFO             PET1       OCN-TO-ATM: Run intro {IS}:! ! --- Array::log() end -------------------------------------
20260620 224153.439 INFO             PET1       OCN-TO-ATM: Run intro {IS}:!--- FieldLog() end -------------------
20260620 224153.439 INFO             PET1       OCN-TO-ATM: Run intro {IS}:--- StateLog() end -------------------
20260620 224153.439 INFO             PET1       OCN-TO-ATM: Run intro {ES}:--- StateLog() start -----------------
20260620 224153.439 INFO             PET1       OCN-TO-ATM: Run intro {ES}:<name: ATM-ImportState> <intent: ESMF_STATEINTENT_IMPORT> <itemCount:    1>
20260620 224153.439 INFO             PET1       OCN-TO-ATM: Run intro {ES}:+-<item: 0001> <itemType: State> <itemName: ATM-ImportState-namespace:OCN>
20260620 224153.439 INFO             PET1       OCN-TO-ATM: Run intro {ES}:! <name: ATM-ImportState-namespace:OCN> <intent: ESMF_STATEINTENT_IMPORT> <itemCount:    1>
20260620 224153.439 INFO             PET1       OCN-TO-ATM: Run intro {ES}:! +-<item: 0001> <itemType: Field> <itemName: sea_surface_temperature>
20260620 224153.439 INFO             PET1       OCN-TO-ATM: Run intro {ES}:! !--- FieldLog() start -----------------
20260620 224153.439 INFO             PET1       OCN-TO-ATM: Run intro {ES}:! ! <name: sea_surface_temperature> <fieldStatus: ESMF_FIELDSTATUS_COMPLETE>
20260620 224153.439 INFO             PET1       OCN-TO-ATM: Run intro {ES}:! ! 0x16f7e2108 => 0x10215df50 => 0x140e14ea0
20260620 224153.439 INFO             PET1       OCN-TO-ATM: Run intro {ES}:! ! <typekind: Real*8> <rank:    2> <dimCount:    2>
20260620 224153.439 INFO             PET1       OCN-TO-ATM: Run intro {ES}:! ! ! --- Array::log() start -----------------------------------
20260620 224153.439 INFO             PET1       OCN-TO-ATM: Run intro {ES}:! ! ! 0x14103c200
20260620 224153.439 INFO             PET1       OCN-TO-ATM: Run intro {ES}:! ! ! <name: sea_surface_temperature>
20260620 224153.439 INFO             PET1       OCN-TO-ATM: Run intro {ES}:! ! ! ! --- DistGrid::log() start --------------------------------
20260620 224153.439 INFO             PET1       OCN-TO-ATM: Run intro {ES}:! ! ! ! 0x141033e00
20260620 224153.439 INFO             PET1       OCN-TO-ATM: Run intro {ES}:! ! ! ! DistGrid object is valid!<name: DG-Grid003-sloc:0>
20260620 224153.439 INFO             PET1       OCN-TO-ATM: Run intro {ES}:! ! ! ! --- DistGrid::log() end ----------------------------------
20260620 224153.439 INFO             PET1       OCN-TO-ATM: Run intro {ES}:! ! ! --- Array::log() end -------------------------------------
20260620 224153.439 INFO             PET1       OCN-TO-ATM: Run intro {ES}:! !--- FieldLog() end -------------------
20260620 224153.439 INFO             PET1       OCN-TO-ATM: Run intro {ES}:--- StateLog() end -------------------
20260620 224153.439 INFO             PET1       >>>OCN-TO-ATM entered Run (phase=RunPhase1)
20260620 224153.440 INFO             PET1       OCN-TO-ATM: called default RouteHandle execution
20260620 224153.440 INFO             PET1       <<<OCN-TO-ATM leaving Run (phase=RunPhase1)
20260620 224153.440 INFO             PET1       OCN-TO-ATM: Run extro {IS}:--- StateLog() start -----------------
20260620 224153.440 INFO             PET1       OCN-TO-ATM: Run extro {IS}:<name: OCN-ExportState> <intent: ESMF_STATEINTENT_EXPORT> <itemCount:    1>
20260620 224153.440 INFO             PET1       OCN-TO-ATM: Run extro {IS}:+-<item: 0001> <itemType: Field> <itemName: sst>
20260620 224153.440 INFO             PET1       OCN-TO-ATM: Run extro {IS}:!--- FieldLog() start -----------------
20260620 224153.440 INFO             PET1       OCN-TO-ATM: Run extro {IS}:! <name: sst> <fieldStatus: ESMF_FIELDSTATUS_COMPLETE>
20260620 224153.440 INFO             PET1       OCN-TO-ATM: Run extro {IS}:! 0x16f7e4db8 => 0x10215cca0 => 0x140e1b4b0
20260620 224153.440 INFO             PET1       OCN-TO-ATM: Run extro {IS}:! <typekind: Real*8> <rank:    2> <dimCount:    2>
20260620 224153.440 INFO             PET1       OCN-TO-ATM: Run extro {IS}:! ! --- Array::log() start -----------------------------------
20260620 224153.440 INFO             PET1       OCN-TO-ATM: Run extro {IS}:! ! 0x14103fe00
20260620 224153.440 INFO             PET1       OCN-TO-ATM: Run extro {IS}:! ! <name: sst>
20260620 224153.440 INFO             PET1       OCN-TO-ATM: Run extro {IS}:! ! ! --- DistGrid::log() start --------------------------------
20260620 224153.440 INFO             PET1       OCN-TO-ATM: Run extro {IS}:! ! ! 0x141040400
20260620 224153.440 INFO             PET1       OCN-TO-ATM: Run extro {IS}:! ! ! DistGrid object is valid!<name: DG-Grid003-sloc:0>
20260620 224153.440 INFO             PET1       OCN-TO-ATM: Run extro {IS}:! ! ! --- DistGrid::log() end ----------------------------------
20260620 224153.440 INFO             PET1       OCN-TO-ATM: Run extro {IS}:! ! --- Array::log() end -------------------------------------
20260620 224153.440 INFO             PET1       OCN-TO-ATM: Run extro {IS}:!--- FieldLog() end -------------------
20260620 224153.440 INFO             PET1       OCN-TO-ATM: Run extro {IS}:--- StateLog() end -------------------
20260620 224153.440 INFO             PET1       OCN-TO-ATM: Run extro {ES}:--- StateLog() start -----------------
20260620 224153.440 INFO             PET1       OCN-TO-ATM: Run extro {ES}:<name: ATM-ImportState> <intent: ESMF_STATEINTENT_IMPORT> <itemCount:    1>
20260620 224153.440 INFO             PET1       OCN-TO-ATM: Run extro {ES}:+-<item: 0001> <itemType: State> <itemName: ATM-ImportState-namespace:OCN>
20260620 224153.440 INFO             PET1       OCN-TO-ATM: Run extro {ES}:! <name: ATM-ImportState-namespace:OCN> <intent: ESMF_STATEINTENT_IMPORT> <itemCount:    1>
20260620 224153.440 INFO             PET1       OCN-TO-ATM: Run extro {ES}:! +-<item: 0001> <itemType: Field> <itemName: sea_surface_temperature>
20260620 224153.440 INFO             PET1       OCN-TO-ATM: Run extro {ES}:! !--- FieldLog() start -----------------
20260620 224153.441 INFO             PET1       OCN-TO-ATM: Run extro {ES}:! ! <name: sea_surface_temperature> <fieldStatus: ESMF_FIELDSTATUS_COMPLETE>
20260620 224153.441 INFO             PET1       OCN-TO-ATM: Run extro {ES}:! ! 0x16f7e3318 => 0x10215df50 => 0x140e14ea0
20260620 224153.441 INFO             PET1       OCN-TO-ATM: Run extro {ES}:! ! <typekind: Real*8> <rank:    2> <dimCount:    2>
20260620 224153.441 INFO             PET1       OCN-TO-ATM: Run extro {ES}:! ! ! --- Array::log() start -----------------------------------
20260620 224153.441 INFO             PET1       OCN-TO-ATM: Run extro {ES}:! ! ! 0x14103c200
20260620 224153.441 INFO             PET1       OCN-TO-ATM: Run extro {ES}:! ! ! <name: sea_surface_temperature>
20260620 224153.441 INFO             PET1       OCN-TO-ATM: Run extro {ES}:! ! ! ! --- DistGrid::log() start --------------------------------
20260620 224153.441 INFO             PET1       OCN-TO-ATM: Run extro {ES}:! ! ! ! 0x141033e00
20260620 224153.441 INFO             PET1       OCN-TO-ATM: Run extro {ES}:! ! ! ! DistGrid object is valid!<name: DG-Grid003-sloc:0>
20260620 224153.441 INFO             PET1       OCN-TO-ATM: Run extro {ES}:! ! ! ! --- DistGrid::log() end ----------------------------------
20260620 224153.441 INFO             PET1       OCN-TO-ATM: Run extro {ES}:! ! ! --- Array::log() end -------------------------------------
20260620 224153.441 INFO             PET1       OCN-TO-ATM: Run extro {ES}:! !--- FieldLog() end -------------------
20260620 224153.441 INFO             PET1       OCN-TO-ATM: Run extro {ES}:--- StateLog() end -------------------
20260620 224153.441 INFO             PET1     OCN-TO-ATM: Run extro.
20260620 224153.441 INFO             PET1     ATM: Run intro.
20260620 224153.441 INFO             PET1       ATM: Run intro {IS}:--- StateLog() start -----------------
20260620 224153.441 INFO             PET1       ATM: Run intro {IS}:<name: ATM-ImportState> <intent: ESMF_STATEINTENT_IMPORT> <itemCount:    1>
20260620 224153.441 INFO             PET1       ATM: Run intro {IS}:+-<item: 0001> <itemType: State> <itemName: ATM-ImportState-namespace:OCN>
20260620 224153.441 INFO             PET1       ATM: Run intro {IS}:! <name: ATM-ImportState-namespace:OCN> <intent: ESMF_STATEINTENT_IMPORT> <itemCount:    1>
20260620 224153.441 INFO             PET1       ATM: Run intro {IS}:! +-<item: 0001> <itemType: Field> <itemName: sea_surface_temperature>
20260620 224153.441 INFO             PET1       ATM: Run intro {IS}:! !--- FieldLog() start -----------------
20260620 224153.441 INFO             PET1       ATM: Run intro {IS}:! ! <name: sea_surface_temperature> <fieldStatus: ESMF_FIELDSTATUS_COMPLETE>
20260620 224153.441 INFO             PET1       ATM: Run intro {IS}:! ! 0x16f7e3268 => 0x10215df50 => 0x140e14ea0
20260620 224153.441 INFO             PET1       ATM: Run intro {IS}:! ! <typekind: Real*8> <rank:    2> <dimCount:    2>
20260620 224153.441 INFO             PET1       ATM: Run intro {IS}:! ! ! --- Array::log() start -----------------------------------
20260620 224153.441 INFO             PET1       ATM: Run intro {IS}:! ! ! 0x14103c200
20260620 224153.441 INFO             PET1       ATM: Run intro {IS}:! ! ! <name: sea_surface_temperature>
20260620 224153.441 INFO             PET1       ATM: Run intro {IS}:! ! ! ! --- DistGrid::log() start --------------------------------
20260620 224153.441 INFO             PET1       ATM: Run intro {IS}:! ! ! ! 0x141033e00
20260620 224153.441 INFO             PET1       ATM: Run intro {IS}:! ! ! ! DistGrid object is valid!<name: DG-Grid003-sloc:0>
20260620 224153.441 INFO             PET1       ATM: Run intro {IS}:! ! ! ! --- DistGrid::log() end ----------------------------------
20260620 224153.441 INFO             PET1       ATM: Run intro {IS}:! ! ! --- Array::log() end -------------------------------------
20260620 224153.441 INFO             PET1       ATM: Run intro {IS}:! !--- FieldLog() end -------------------
20260620 224153.441 INFO             PET1       ATM: Run intro {IS}:--- StateLog() end -------------------
20260620 224153.441 INFO             PET1       ATM: Run intro {ES}:--- StateLog() start -----------------
20260620 224153.441 INFO             PET1       ATM: Run intro {ES}:<name: ATM-ExportState> <intent: ESMF_STATEINTENT_EXPORT> <itemCount:    0>
20260620 224153.441 INFO             PET1       ATM: Run intro {ES}:--- StateLog() end -------------------
20260620 224153.441 INFO             PET1       >>>ATM: entered Run (phase=RunPhase1) with current time: 2010  6  1  0 30  0   0
20260620 224153.441 INFO             PET1       ATM: time step-loop starting, current time: 2010  6  1  0 30  0   0
20260620 224153.441 INFO             PET1       ------>Advancing ATM from: 2010  6  1  0 30  0   0
20260620 224153.441 INFO             PET1       ---------------------> to: 2010  6  1  0 45  0   0
20260620 224153.441 INFO             PET1       ATM: time step-loop ending,   current time: 2010  6  1  0 45  0   0
20260620 224153.441 INFO             PET1       <<<ATM: leaving Run (phase=RunPhase1) with current time: 2010  6  1  0 45  0   0
20260620 224153.441 INFO             PET1       ATM: Run extro {IS}:--- StateLog() start -----------------
20260620 224153.441 INFO             PET1       ATM: Run extro {IS}:<name: ATM-ImportState> <intent: ESMF_STATEINTENT_IMPORT> <itemCount:    1>
20260620 224153.441 INFO             PET1       ATM: Run extro {IS}:+-<item: 0001> <itemType: State> <itemName: ATM-ImportState-namespace:OCN>
20260620 224153.441 INFO             PET1       ATM: Run extro {IS}:! <name: ATM-ImportState-namespace:OCN> <intent: ESMF_STATEINTENT_IMPORT> <itemCount:    1>
20260620 224153.442 INFO             PET1       ATM: Run extro {IS}:! +-<item: 0001> <itemType: Field> <itemName: sea_surface_temperature>
20260620 224153.442 INFO             PET1       ATM: Run extro {IS}:! !--- FieldLog() start -----------------
20260620 224153.442 INFO             PET1       ATM: Run extro {IS}:! ! <name: sea_surface_temperature> <fieldStatus: ESMF_FIELDSTATUS_COMPLETE>
20260620 224153.442 INFO             PET1       ATM: Run extro {IS}:! ! 0x16f7e4478 => 0x10215df50 => 0x140e14ea0
20260620 224153.442 INFO             PET1       ATM: Run extro {IS}:! ! <typekind: Real*8> <rank:    2> <dimCount:    2>
20260620 224153.442 INFO             PET1       ATM: Run extro {IS}:! ! ! --- Array::log() start -----------------------------------
20260620 224153.442 INFO             PET1       ATM: Run extro {IS}:! ! ! 0x14103c200
20260620 224153.442 INFO             PET1       ATM: Run extro {IS}:! ! ! <name: sea_surface_temperature>
20260620 224153.442 INFO             PET1       ATM: Run extro {IS}:! ! ! ! --- DistGrid::log() start --------------------------------
20260620 224153.442 INFO             PET1       ATM: Run extro {IS}:! ! ! ! 0x141033e00
20260620 224153.442 INFO             PET1       ATM: Run extro {IS}:! ! ! ! DistGrid object is valid!<name: DG-Grid003-sloc:0>
20260620 224153.442 INFO             PET1       ATM: Run extro {IS}:! ! ! ! --- DistGrid::log() end ----------------------------------
20260620 224153.442 INFO             PET1       ATM: Run extro {IS}:! ! ! --- Array::log() end -------------------------------------
20260620 224153.442 INFO             PET1       ATM: Run extro {IS}:! !--- FieldLog() end -------------------
20260620 224153.442 INFO             PET1       ATM: Run extro {IS}:--- StateLog() end -------------------
20260620 224153.442 INFO             PET1       ATM: Run extro {ES}:--- StateLog() start -----------------
20260620 224153.442 INFO             PET1       ATM: Run extro {ES}:<name: ATM-ExportState> <intent: ESMF_STATEINTENT_EXPORT> <itemCount:    0>
20260620 224153.442 INFO             PET1       ATM: Run extro {ES}:--- StateLog() end -------------------
20260620 224153.442 INFO             PET1     ATM: Run extro.
20260620 224153.442 INFO             PET1     esm: RunSequence event loopLevel=   1  levelMember=   1  loopIteration=   4, current time: 2010  6  1  0 45  0   0
20260620 224153.442 INFO             PET1     ATM-TO-OCN: Run intro.
20260620 224153.442 INFO             PET1       ATM-TO-OCN: Run intro {IS}:--- StateLog() start -----------------
20260620 224153.442 INFO             PET1       ATM-TO-OCN: Run intro {IS}:<name: ATM-ExportState> <intent: ESMF_STATEINTENT_EXPORT> <itemCount:    0>
20260620 224153.442 INFO             PET1       ATM-TO-OCN: Run intro {IS}:--- StateLog() end -------------------
20260620 224153.442 INFO             PET1       ATM-TO-OCN: Run intro {ES}:--- StateLog() start -----------------
20260620 224153.442 INFO             PET1       ATM-TO-OCN: Run intro {ES}:<name: OCN-ImportState> <intent: ESMF_STATEINTENT_IMPORT> <itemCount:    0>
20260620 224153.442 INFO             PET1       ATM-TO-OCN: Run intro {ES}:--- StateLog() end -------------------
20260620 224153.442 INFO             PET1       >>>ATM-TO-OCN entered Run (phase=RunPhase1)
20260620 224153.442 INFO             PET1       ATM-TO-OCN: called default RouteHandle execution
20260620 224153.442 INFO             PET1       <<<ATM-TO-OCN leaving Run (phase=RunPhase1)
20260620 224153.442 INFO             PET1       ATM-TO-OCN: Run extro {IS}:--- StateLog() start -----------------
20260620 224153.442 INFO             PET1       ATM-TO-OCN: Run extro {IS}:<name: ATM-ExportState> <intent: ESMF_STATEINTENT_EXPORT> <itemCount:    0>
20260620 224153.442 INFO             PET1       ATM-TO-OCN: Run extro {IS}:--- StateLog() end -------------------
20260620 224153.442 INFO             PET1       ATM-TO-OCN: Run extro {ES}:--- StateLog() start -----------------
20260620 224153.442 INFO             PET1       ATM-TO-OCN: Run extro {ES}:<name: OCN-ImportState> <intent: ESMF_STATEINTENT_IMPORT> <itemCount:    0>
20260620 224153.442 INFO             PET1       ATM-TO-OCN: Run extro {ES}:--- StateLog() end -------------------
20260620 224153.442 INFO             PET1     ATM-TO-OCN: Run extro.
20260620 224153.442 INFO             PET1     OCN-TO-ATM: Run intro.
20260620 224153.442 INFO             PET1       OCN-TO-ATM: Run intro {IS}:--- StateLog() start -----------------
20260620 224153.442 INFO             PET1       OCN-TO-ATM: Run intro {IS}:<name: OCN-ExportState> <intent: ESMF_STATEINTENT_EXPORT> <itemCount:    1>
20260620 224153.442 INFO             PET1       OCN-TO-ATM: Run intro {IS}:+-<item: 0001> <itemType: Field> <itemName: sst>
20260620 224153.442 INFO             PET1       OCN-TO-ATM: Run intro {IS}:!--- FieldLog() start -----------------
20260620 224153.442 INFO             PET1       OCN-TO-ATM: Run intro {IS}:! <name: sst> <fieldStatus: ESMF_FIELDSTATUS_COMPLETE>
20260620 224153.442 INFO             PET1       OCN-TO-ATM: Run intro {IS}:! 0x16f7e3ba8 => 0x10215cca0 => 0x140e1b4b0
20260620 224153.442 INFO             PET1       OCN-TO-ATM: Run intro {IS}:! <typekind: Real*8> <rank:    2> <dimCount:    2>
20260620 224153.442 INFO             PET1       OCN-TO-ATM: Run intro {IS}:! ! --- Array::log() start -----------------------------------
20260620 224153.442 INFO             PET1       OCN-TO-ATM: Run intro {IS}:! ! 0x14103fe00
20260620 224153.442 INFO             PET1       OCN-TO-ATM: Run intro {IS}:! ! <name: sst>
20260620 224153.442 INFO             PET1       OCN-TO-ATM: Run intro {IS}:! ! ! --- DistGrid::log() start --------------------------------
20260620 224153.442 INFO             PET1       OCN-TO-ATM: Run intro {IS}:! ! ! 0x141040400
20260620 224153.442 INFO             PET1       OCN-TO-ATM: Run intro {IS}:! ! ! DistGrid object is valid!<name: DG-Grid003-sloc:0>
20260620 224153.442 INFO             PET1       OCN-TO-ATM: Run intro {IS}:! ! ! --- DistGrid::log() end ----------------------------------
20260620 224153.442 INFO             PET1       OCN-TO-ATM: Run intro {IS}:! ! --- Array::log() end -------------------------------------
20260620 224153.442 INFO             PET1       OCN-TO-ATM: Run intro {IS}:!--- FieldLog() end -------------------
20260620 224153.442 INFO             PET1       OCN-TO-ATM: Run intro {IS}:--- StateLog() end -------------------
20260620 224153.442 INFO             PET1       OCN-TO-ATM: Run intro {ES}:--- StateLog() start -----------------
20260620 224153.442 INFO             PET1       OCN-TO-ATM: Run intro {ES}:<name: ATM-ImportState> <intent: ESMF_STATEINTENT_IMPORT> <itemCount:    1>
20260620 224153.442 INFO             PET1       OCN-TO-ATM: Run intro {ES}:+-<item: 0001> <itemType: State> <itemName: ATM-ImportState-namespace:OCN>
20260620 224153.442 INFO             PET1       OCN-TO-ATM: Run intro {ES}:! <name: ATM-ImportState-namespace:OCN> <intent: ESMF_STATEINTENT_IMPORT> <itemCount:    1>
20260620 224153.442 INFO             PET1       OCN-TO-ATM: Run intro {ES}:! +-<item: 0001> <itemType: Field> <itemName: sea_surface_temperature>
20260620 224153.442 INFO             PET1       OCN-TO-ATM: Run intro {ES}:! !--- FieldLog() start -----------------
20260620 224153.442 INFO             PET1       OCN-TO-ATM: Run intro {ES}:! ! <name: sea_surface_temperature> <fieldStatus: ESMF_FIELDSTATUS_COMPLETE>
20260620 224153.442 INFO             PET1       OCN-TO-ATM: Run intro {ES}:! ! 0x16f7e2108 => 0x10215df50 => 0x140e14ea0
20260620 224153.442 INFO             PET1       OCN-TO-ATM: Run intro {ES}:! ! <typekind: Real*8> <rank:    2> <dimCount:    2>
20260620 224153.442 INFO             PET1       OCN-TO-ATM: Run intro {ES}:! ! ! --- Array::log() start -----------------------------------
20260620 224153.442 INFO             PET1       OCN-TO-ATM: Run intro {ES}:! ! ! 0x14103c200
20260620 224153.442 INFO             PET1       OCN-TO-ATM: Run intro {ES}:! ! ! <name: sea_surface_temperature>
20260620 224153.442 INFO             PET1       OCN-TO-ATM: Run intro {ES}:! ! ! ! --- DistGrid::log() start --------------------------------
20260620 224153.442 INFO             PET1       OCN-TO-ATM: Run intro {ES}:! ! ! ! 0x141033e00
20260620 224153.442 INFO             PET1       OCN-TO-ATM: Run intro {ES}:! ! ! ! DistGrid object is valid!<name: DG-Grid003-sloc:0>
20260620 224153.442 INFO             PET1       OCN-TO-ATM: Run intro {ES}:! ! ! ! --- DistGrid::log() end ----------------------------------
20260620 224153.442 INFO             PET1       OCN-TO-ATM: Run intro {ES}:! ! ! --- Array::log() end -------------------------------------
20260620 224153.442 INFO             PET1       OCN-TO-ATM: Run intro {ES}:! !--- FieldLog() end -------------------
20260620 224153.442 INFO             PET1       OCN-TO-ATM: Run intro {ES}:--- StateLog() end -------------------
20260620 224153.442 INFO             PET1       >>>OCN-TO-ATM entered Run (phase=RunPhase1)
20260620 224153.444 INFO             PET1       OCN-TO-ATM: called default RouteHandle execution
20260620 224153.444 INFO             PET1       <<<OCN-TO-ATM leaving Run (phase=RunPhase1)
20260620 224153.444 INFO             PET1       OCN-TO-ATM: Run extro {IS}:--- StateLog() start -----------------
20260620 224153.444 INFO             PET1       OCN-TO-ATM: Run extro {IS}:<name: OCN-ExportState> <intent: ESMF_STATEINTENT_EXPORT> <itemCount:    1>
20260620 224153.444 INFO             PET1       OCN-TO-ATM: Run extro {IS}:+-<item: 0001> <itemType: Field> <itemName: sst>
20260620 224153.444 INFO             PET1       OCN-TO-ATM: Run extro {IS}:!--- FieldLog() start -----------------
20260620 224153.444 INFO             PET1       OCN-TO-ATM: Run extro {IS}:! <name: sst> <fieldStatus: ESMF_FIELDSTATUS_COMPLETE>
20260620 224153.444 INFO             PET1       OCN-TO-ATM: Run extro {IS}:! 0x16f7e4db8 => 0x10215cca0 => 0x140e1b4b0
20260620 224153.444 INFO             PET1       OCN-TO-ATM: Run extro {IS}:! <typekind: Real*8> <rank:    2> <dimCount:    2>
20260620 224153.444 INFO             PET1       OCN-TO-ATM: Run extro {IS}:! ! --- Array::log() start -----------------------------------
20260620 224153.444 INFO             PET1       OCN-TO-ATM: Run extro {IS}:! ! 0x14103fe00
20260620 224153.444 INFO             PET1       OCN-TO-ATM: Run extro {IS}:! ! <name: sst>
20260620 224153.444 INFO             PET1       OCN-TO-ATM: Run extro {IS}:! ! ! --- DistGrid::log() start --------------------------------
20260620 224153.444 INFO             PET1       OCN-TO-ATM: Run extro {IS}:! ! ! 0x141040400
20260620 224153.444 INFO             PET1       OCN-TO-ATM: Run extro {IS}:! ! ! DistGrid object is valid!<name: DG-Grid003-sloc:0>
20260620 224153.444 INFO             PET1       OCN-TO-ATM: Run extro {IS}:! ! ! --- DistGrid::log() end ----------------------------------
20260620 224153.444 INFO             PET1       OCN-TO-ATM: Run extro {IS}:! ! --- Array::log() end -------------------------------------
20260620 224153.444 INFO             PET1       OCN-TO-ATM: Run extro {IS}:!--- FieldLog() end -------------------
20260620 224153.444 INFO             PET1       OCN-TO-ATM: Run extro {IS}:--- StateLog() end -------------------
20260620 224153.444 INFO             PET1       OCN-TO-ATM: Run extro {ES}:--- StateLog() start -----------------
20260620 224153.444 INFO             PET1       OCN-TO-ATM: Run extro {ES}:<name: ATM-ImportState> <intent: ESMF_STATEINTENT_IMPORT> <itemCount:    1>
20260620 224153.444 INFO             PET1       OCN-TO-ATM: Run extro {ES}:+-<item: 0001> <itemType: State> <itemName: ATM-ImportState-namespace:OCN>
20260620 224153.444 INFO             PET1       OCN-TO-ATM: Run extro {ES}:! <name: ATM-ImportState-namespace:OCN> <intent: ESMF_STATEINTENT_IMPORT> <itemCount:    1>
20260620 224153.444 INFO             PET1       OCN-TO-ATM: Run extro {ES}:! +-<item: 0001> <itemType: Field> <itemName: sea_surface_temperature>
20260620 224153.444 INFO             PET1       OCN-TO-ATM: Run extro {ES}:! !--- FieldLog() start -----------------
20260620 224153.444 INFO             PET1       OCN-TO-ATM: Run extro {ES}:! ! <name: sea_surface_temperature> <fieldStatus: ESMF_FIELDSTATUS_COMPLETE>
20260620 224153.444 INFO             PET1       OCN-TO-ATM: Run extro {ES}:! ! 0x16f7e3318 => 0x10215df50 => 0x140e14ea0
20260620 224153.444 INFO             PET1       OCN-TO-ATM: Run extro {ES}:! ! <typekind: Real*8> <rank:    2> <dimCount:    2>
20260620 224153.444 INFO             PET1       OCN-TO-ATM: Run extro {ES}:! ! ! --- Array::log() start -----------------------------------
20260620 224153.444 INFO             PET1       OCN-TO-ATM: Run extro {ES}:! ! ! 0x14103c200
20260620 224153.444 INFO             PET1       OCN-TO-ATM: Run extro {ES}:! ! ! <name: sea_surface_temperature>
20260620 224153.444 INFO             PET1       OCN-TO-ATM: Run extro {ES}:! ! ! ! --- DistGrid::log() start --------------------------------
20260620 224153.444 INFO             PET1       OCN-TO-ATM: Run extro {ES}:! ! ! ! 0x141033e00
20260620 224153.444 INFO             PET1       OCN-TO-ATM: Run extro {ES}:! ! ! ! DistGrid object is valid!<name: DG-Grid003-sloc:0>
20260620 224153.444 INFO             PET1       OCN-TO-ATM: Run extro {ES}:! ! ! ! --- DistGrid::log() end ----------------------------------
20260620 224153.444 INFO             PET1       OCN-TO-ATM: Run extro {ES}:! ! ! --- Array::log() end -------------------------------------
20260620 224153.444 INFO             PET1       OCN-TO-ATM: Run extro {ES}:! !--- FieldLog() end -------------------
20260620 224153.444 INFO             PET1       OCN-TO-ATM: Run extro {ES}:--- StateLog() end -------------------
20260620 224153.444 INFO             PET1     OCN-TO-ATM: Run extro.
20260620 224153.444 INFO             PET1     ATM: Run intro.
20260620 224153.444 INFO             PET1       ATM: Run intro {IS}:--- StateLog() start -----------------
20260620 224153.444 INFO             PET1       ATM: Run intro {IS}:<name: ATM-ImportState> <intent: ESMF_STATEINTENT_IMPORT> <itemCount:    1>
20260620 224153.444 INFO             PET1       ATM: Run intro {IS}:+-<item: 0001> <itemType: State> <itemName: ATM-ImportState-namespace:OCN>
20260620 224153.444 INFO             PET1       ATM: Run intro {IS}:! <name: ATM-ImportState-namespace:OCN> <intent: ESMF_STATEINTENT_IMPORT> <itemCount:    1>
20260620 224153.444 INFO             PET1       ATM: Run intro {IS}:! +-<item: 0001> <itemType: Field> <itemName: sea_surface_temperature>
20260620 224153.444 INFO             PET1       ATM: Run intro {IS}:! !--- FieldLog() start -----------------
20260620 224153.444 INFO             PET1       ATM: Run intro {IS}:! ! <name: sea_surface_temperature> <fieldStatus: ESMF_FIELDSTATUS_COMPLETE>
20260620 224153.444 INFO             PET1       ATM: Run intro {IS}:! ! 0x16f7e3268 => 0x10215df50 => 0x140e14ea0
20260620 224153.444 INFO             PET1       ATM: Run intro {IS}:! ! <typekind: Real*8> <rank:    2> <dimCount:    2>
20260620 224153.444 INFO             PET1       ATM: Run intro {IS}:! ! ! --- Array::log() start -----------------------------------
20260620 224153.444 INFO             PET1       ATM: Run intro {IS}:! ! ! 0x14103c200
20260620 224153.444 INFO             PET1       ATM: Run intro {IS}:! ! ! <name: sea_surface_temperature>
20260620 224153.444 INFO             PET1       ATM: Run intro {IS}:! ! ! ! --- DistGrid::log() start --------------------------------
20260620 224153.444 INFO             PET1       ATM: Run intro {IS}:! ! ! ! 0x141033e00
20260620 224153.444 INFO             PET1       ATM: Run intro {IS}:! ! ! ! DistGrid object is valid!<name: DG-Grid003-sloc:0>
20260620 224153.444 INFO             PET1       ATM: Run intro {IS}:! ! ! ! --- DistGrid::log() end ----------------------------------
20260620 224153.444 INFO             PET1       ATM: Run intro {IS}:! ! ! --- Array::log() end -------------------------------------
20260620 224153.444 INFO             PET1       ATM: Run intro {IS}:! !--- FieldLog() end -------------------
20260620 224153.444 INFO             PET1       ATM: Run intro {IS}:--- StateLog() end -------------------
20260620 224153.444 INFO             PET1       ATM: Run intro {ES}:--- StateLog() start -----------------
20260620 224153.444 INFO             PET1       ATM: Run intro {ES}:<name: ATM-ExportState> <intent: ESMF_STATEINTENT_EXPORT> <itemCount:    0>
20260620 224153.444 INFO             PET1       ATM: Run intro {ES}:--- StateLog() end -------------------
20260620 224153.444 INFO             PET1       >>>ATM: entered Run (phase=RunPhase1) with current time: 2010  6  1  0 45  0   0
20260620 224153.444 INFO             PET1       ATM: time step-loop starting, current time: 2010  6  1  0 45  0   0
20260620 224153.444 INFO             PET1       ------>Advancing ATM from: 2010  6  1  0 45  0   0
20260620 224153.444 INFO             PET1       ---------------------> to: 2010  6  1  1  0  0   0
20260620 224153.445 INFO             PET1       ATM: time step-loop ending,   current time: 2010  6  1  1  0  0   0
20260620 224153.445 INFO             PET1       <<<ATM: leaving Run (phase=RunPhase1) with current time: 2010  6  1  1  0  0   0
20260620 224153.445 INFO             PET1       ATM: Run extro {IS}:--- StateLog() start -----------------
20260620 224153.445 INFO             PET1       ATM: Run extro {IS}:<name: ATM-ImportState> <intent: ESMF_STATEINTENT_IMPORT> <itemCount:    1>
20260620 224153.445 INFO             PET1       ATM: Run extro {IS}:+-<item: 0001> <itemType: State> <itemName: ATM-ImportState-namespace:OCN>
20260620 224153.445 INFO             PET1       ATM: Run extro {IS}:! <name: ATM-ImportState-namespace:OCN> <intent: ESMF_STATEINTENT_IMPORT> <itemCount:    1>
20260620 224153.445 INFO             PET1       ATM: Run extro {IS}:! +-<item: 0001> <itemType: Field> <itemName: sea_surface_temperature>
20260620 224153.445 INFO             PET1       ATM: Run extro {IS}:! !--- FieldLog() start -----------------
20260620 224153.445 INFO             PET1       ATM: Run extro {IS}:! ! <name: sea_surface_temperature> <fieldStatus: ESMF_FIELDSTATUS_COMPLETE>
20260620 224153.445 INFO             PET1       ATM: Run extro {IS}:! ! 0x16f7e4478 => 0x10215df50 => 0x140e14ea0
20260620 224153.445 INFO             PET1       ATM: Run extro {IS}:! ! <typekind: Real*8> <rank:    2> <dimCount:    2>
20260620 224153.445 INFO             PET1       ATM: Run extro {IS}:! ! ! --- Array::log() start -----------------------------------
20260620 224153.445 INFO             PET1       ATM: Run extro {IS}:! ! ! 0x14103c200
20260620 224153.445 INFO             PET1       ATM: Run extro {IS}:! ! ! <name: sea_surface_temperature>
20260620 224153.445 INFO             PET1       ATM: Run extro {IS}:! ! ! ! --- DistGrid::log() start --------------------------------
20260620 224153.445 INFO             PET1       ATM: Run extro {IS}:! ! ! ! 0x141033e00
20260620 224153.445 INFO             PET1       ATM: Run extro {IS}:! ! ! ! DistGrid object is valid!<name: DG-Grid003-sloc:0>
20260620 224153.445 INFO             PET1       ATM: Run extro {IS}:! ! ! ! --- DistGrid::log() end ----------------------------------
20260620 224153.445 INFO             PET1       ATM: Run extro {IS}:! ! ! --- Array::log() end -------------------------------------
20260620 224153.445 INFO             PET1       ATM: Run extro {IS}:! !--- FieldLog() end -------------------
20260620 224153.445 INFO             PET1       ATM: Run extro {IS}:--- StateLog() end -------------------
20260620 224153.445 INFO             PET1       ATM: Run extro {ES}:--- StateLog() start -----------------
20260620 224153.445 INFO             PET1       ATM: Run extro {ES}:<name: ATM-ExportState> <intent: ESMF_STATEINTENT_EXPORT> <itemCount:    0>
20260620 224153.445 INFO             PET1       ATM: Run extro {ES}:--- StateLog() end -------------------
20260620 224153.445 INFO             PET1     ATM: Run extro.
20260620 224153.445 INFO             PET1   esm: end <--------- RunSequence
20260620 224153.445 INFO             PET1   <<<esm: leaving Run (phase=RunPhase1) with current time: 2010  6  1  1  0  0   0
20260620 224153.445 INFO             PET1   esm: Run extro {IS}:--- StateLog() start -----------------
20260620 224153.445 INFO             PET1   esm: Run extro {IS}:State object is invalid! Not created or deleted!
20260620 224153.445 INFO             PET1   esm: Run extro {IS}:--- StateLog() end -------------------
20260620 224153.445 INFO             PET1   esm: Run extro {ES}:--- StateLog() start -----------------
20260620 224153.445 INFO             PET1   esm: Run extro {ES}:State object is invalid! Not created or deleted!
20260620 224153.445 INFO             PET1   esm: Run extro {ES}:--- StateLog() end -------------------
20260620 224153.445 INFO             PET1 esm: Run extro.
20260620 224153.445 INFO             PET1 esm: Finalize intro.
20260620 224153.445 INFO             PET1   esm: Finalize intro {IS}:--- StateLog() start -----------------
20260620 224153.445 INFO             PET1   esm: Finalize intro {IS}:State object is invalid! Not created or deleted!
20260620 224153.445 INFO             PET1   esm: Finalize intro {IS}:--- StateLog() end -------------------
20260620 224153.445 INFO             PET1   esm: Finalize intro {ES}:--- StateLog() start -----------------
20260620 224153.445 INFO             PET1   esm: Finalize intro {ES}:State object is invalid! Not created or deleted!
20260620 224153.445 INFO             PET1   esm: Finalize intro {ES}:--- StateLog() end -------------------
20260620 224153.445 INFO             PET1   >>>esm: entered Finalize (phase=FinalizePhase1) with current time: 2010  6  1  1  0  0   0
20260620 224153.445 INFO             PET1   Calling Finalize phase 1 for connectorComp: ATM-TO-OCN
20260620 224153.445 INFO             PET1   ATM-TO-OCN: Finalize intro.
20260620 224153.445 INFO             PET1     ATM-TO-OCN: Finalize intro {IS}:--- StateLog() start -----------------
20260620 224153.445 INFO             PET1     ATM-TO-OCN: Finalize intro {IS}:<name: ATM-ExportState> <intent: ESMF_STATEINTENT_EXPORT> <itemCount:    0>
20260620 224153.445 INFO             PET1     ATM-TO-OCN: Finalize intro {IS}:--- StateLog() end -------------------
20260620 224153.445 INFO             PET1     ATM-TO-OCN: Finalize intro {ES}:--- StateLog() start -----------------
20260620 224153.445 INFO             PET1     ATM-TO-OCN: Finalize intro {ES}:<name: OCN-ImportState> <intent: ESMF_STATEINTENT_IMPORT> <itemCount:    0>
20260620 224153.445 INFO             PET1     ATM-TO-OCN: Finalize intro {ES}:--- StateLog() end -------------------
20260620 224153.445 INFO             PET1     ATM-TO-OCN: called default label_ReleaseRouteHandle
20260620 224153.445 INFO             PET1     ATM-TO-OCN: Finalize extro {IS}:--- StateLog() start -----------------
20260620 224153.445 INFO             PET1     ATM-TO-OCN: Finalize extro {IS}:<name: ATM-ExportState> <intent: ESMF_STATEINTENT_EXPORT> <itemCount:    0>
20260620 224153.445 INFO             PET1     ATM-TO-OCN: Finalize extro {IS}:--- StateLog() end -------------------
20260620 224153.445 INFO             PET1     ATM-TO-OCN: Finalize extro {ES}:--- StateLog() start -----------------
20260620 224153.445 INFO             PET1     ATM-TO-OCN: Finalize extro {ES}:<name: OCN-ImportState> <intent: ESMF_STATEINTENT_IMPORT> <itemCount:    0>
20260620 224153.445 INFO             PET1     ATM-TO-OCN: Finalize extro {ES}:--- StateLog() end -------------------
20260620 224153.445 INFO             PET1   ATM-TO-OCN: Finalize extro.
20260620 224153.445 INFO             PET1   Calling Finalize phase 1 for connectorComp: OCN-TO-ATM
20260620 224153.445 INFO             PET1   OCN-TO-ATM: Finalize intro.
20260620 224153.445 INFO             PET1     OCN-TO-ATM: Finalize intro {IS}:--- StateLog() start -----------------
20260620 224153.445 INFO             PET1     OCN-TO-ATM: Finalize intro {IS}:<name: OCN-ExportState> <intent: ESMF_STATEINTENT_EXPORT> <itemCount:    1>
20260620 224153.445 INFO             PET1     OCN-TO-ATM: Finalize intro {IS}:+-<item: 0001> <itemType: Field> <itemName: sst>
20260620 224153.445 INFO             PET1     OCN-TO-ATM: Finalize intro {IS}:!--- FieldLog() start -----------------
20260620 224153.445 INFO             PET1     OCN-TO-ATM: Finalize intro {IS}:! <name: sst> <fieldStatus: ESMF_FIELDSTATUS_COMPLETE>
20260620 224153.445 INFO             PET1     OCN-TO-ATM: Finalize intro {IS}:! 0x16f7e5da8 => 0x10215cca0 => 0x140e1b4b0
20260620 224153.445 INFO             PET1     OCN-TO-ATM: Finalize intro {IS}:! <typekind: Real*8> <rank:    2> <dimCount:    2>
20260620 224153.445 INFO             PET1     OCN-TO-ATM: Finalize intro {IS}:! ! --- Array::log() start -----------------------------------
20260620 224153.445 INFO             PET1     OCN-TO-ATM: Finalize intro {IS}:! ! 0x14103fe00
20260620 224153.445 INFO             PET1     OCN-TO-ATM: Finalize intro {IS}:! ! <name: sst>
20260620 224153.445 INFO             PET1     OCN-TO-ATM: Finalize intro {IS}:! ! ! --- DistGrid::log() start --------------------------------
20260620 224153.445 INFO             PET1     OCN-TO-ATM: Finalize intro {IS}:! ! ! 0x141040400
20260620 224153.446 INFO             PET1     OCN-TO-ATM: Finalize intro {IS}:! ! ! DistGrid object is valid!<name: DG-Grid003-sloc:0>
20260620 224153.446 INFO             PET1     OCN-TO-ATM: Finalize intro {IS}:! ! ! --- DistGrid::log() end ----------------------------------
20260620 224153.446 INFO             PET1     OCN-TO-ATM: Finalize intro {IS}:! ! --- Array::log() end -------------------------------------
20260620 224153.446 INFO             PET1     OCN-TO-ATM: Finalize intro {IS}:!--- FieldLog() end -------------------
20260620 224153.446 INFO             PET1     OCN-TO-ATM: Finalize intro {IS}:--- StateLog() end -------------------
20260620 224153.446 INFO             PET1     OCN-TO-ATM: Finalize intro {ES}:--- StateLog() start -----------------
20260620 224153.446 INFO             PET1     OCN-TO-ATM: Finalize intro {ES}:<name: ATM-ImportState> <intent: ESMF_STATEINTENT_IMPORT> <itemCount:    1>
20260620 224153.446 INFO             PET1     OCN-TO-ATM: Finalize intro {ES}:+-<item: 0001> <itemType: State> <itemName: ATM-ImportState-namespace:OCN>
20260620 224153.446 INFO             PET1     OCN-TO-ATM: Finalize intro {ES}:! <name: ATM-ImportState-namespace:OCN> <intent: ESMF_STATEINTENT_IMPORT> <itemCount:    1>
20260620 224153.446 INFO             PET1     OCN-TO-ATM: Finalize intro {ES}:! +-<item: 0001> <itemType: Field> <itemName: sea_surface_temperature>
20260620 224153.446 INFO             PET1     OCN-TO-ATM: Finalize intro {ES}:! !--- FieldLog() start -----------------
20260620 224153.446 INFO             PET1     OCN-TO-ATM: Finalize intro {ES}:! ! <name: sea_surface_temperature> <fieldStatus: ESMF_FIELDSTATUS_COMPLETE>
20260620 224153.446 INFO             PET1     OCN-TO-ATM: Finalize intro {ES}:! ! 0x16f7e4308 => 0x10215df50 => 0x140e14ea0
20260620 224153.446 INFO             PET1     OCN-TO-ATM: Finalize intro {ES}:! ! <typekind: Real*8> <rank:    2> <dimCount:    2>
20260620 224153.446 INFO             PET1     OCN-TO-ATM: Finalize intro {ES}:! ! ! --- Array::log() start -----------------------------------
20260620 224153.446 INFO             PET1     OCN-TO-ATM: Finalize intro {ES}:! ! ! 0x14103c200
20260620 224153.446 INFO             PET1     OCN-TO-ATM: Finalize intro {ES}:! ! ! <name: sea_surface_temperature>
20260620 224153.446 INFO             PET1     OCN-TO-ATM: Finalize intro {ES}:! ! ! ! --- DistGrid::log() start --------------------------------
20260620 224153.446 INFO             PET1     OCN-TO-ATM: Finalize intro {ES}:! ! ! ! 0x141033e00
20260620 224153.446 INFO             PET1     OCN-TO-ATM: Finalize intro {ES}:! ! ! ! DistGrid object is valid!<name: DG-Grid003-sloc:0>
20260620 224153.446 INFO             PET1     OCN-TO-ATM: Finalize intro {ES}:! ! ! ! --- DistGrid::log() end ----------------------------------
20260620 224153.446 INFO             PET1     OCN-TO-ATM: Finalize intro {ES}:! ! ! --- Array::log() end -------------------------------------
20260620 224153.446 INFO             PET1     OCN-TO-ATM: Finalize intro {ES}:! !--- FieldLog() end -------------------
20260620 224153.446 INFO             PET1     OCN-TO-ATM: Finalize intro {ES}:--- StateLog() end -------------------
20260620 224153.446 INFO             PET1     OCN-TO-ATM: called default label_ReleaseRouteHandle
20260620 224153.446 INFO             PET1     OCN-TO-ATM: Finalize extro {IS}:--- StateLog() start -----------------
20260620 224153.446 INFO             PET1     OCN-TO-ATM: Finalize extro {IS}:<name: OCN-ExportState> <intent: ESMF_STATEINTENT_EXPORT> <itemCount:    1>
20260620 224153.446 INFO             PET1     OCN-TO-ATM: Finalize extro {IS}:+-<item: 0001> <itemType: Field> <itemName: sst>
20260620 224153.446 INFO             PET1     OCN-TO-ATM: Finalize extro {IS}:!--- FieldLog() start -----------------
20260620 224153.446 INFO             PET1     OCN-TO-ATM: Finalize extro {IS}:! <name: sst> <fieldStatus: ESMF_FIELDSTATUS_COMPLETE>
20260620 224153.446 INFO             PET1     OCN-TO-ATM: Finalize extro {IS}:! 0x16f7e6fb8 => 0x10215cca0 => 0x140e1b4b0
20260620 224153.446 INFO             PET1     OCN-TO-ATM: Finalize extro {IS}:! <typekind: Real*8> <rank:    2> <dimCount:    2>
20260620 224153.446 INFO             PET1     OCN-TO-ATM: Finalize extro {IS}:! ! --- Array::log() start -----------------------------------
20260620 224153.446 INFO             PET1     OCN-TO-ATM: Finalize extro {IS}:! ! 0x14103fe00
20260620 224153.446 INFO             PET1     OCN-TO-ATM: Finalize extro {IS}:! ! <name: sst>
20260620 224153.446 INFO             PET1     OCN-TO-ATM: Finalize extro {IS}:! ! ! --- DistGrid::log() start --------------------------------
20260620 224153.446 INFO             PET1     OCN-TO-ATM: Finalize extro {IS}:! ! ! 0x141040400
20260620 224153.446 INFO             PET1     OCN-TO-ATM: Finalize extro {IS}:! ! ! DistGrid object is valid!<name: DG-Grid003-sloc:0>
20260620 224153.446 INFO             PET1     OCN-TO-ATM: Finalize extro {IS}:! ! ! --- DistGrid::log() end ----------------------------------
20260620 224153.446 INFO             PET1     OCN-TO-ATM: Finalize extro {IS}:! ! --- Array::log() end -------------------------------------
20260620 224153.446 INFO             PET1     OCN-TO-ATM: Finalize extro {IS}:!--- FieldLog() end -------------------
20260620 224153.446 INFO             PET1     OCN-TO-ATM: Finalize extro {IS}:--- StateLog() end -------------------
20260620 224153.446 INFO             PET1     OCN-TO-ATM: Finalize extro {ES}:--- StateLog() start -----------------
20260620 224153.446 INFO             PET1     OCN-TO-ATM: Finalize extro {ES}:<name: ATM-ImportState> <intent: ESMF_STATEINTENT_IMPORT> <itemCount:    1>
20260620 224153.446 INFO             PET1     OCN-TO-ATM: Finalize extro {ES}:+-<item: 0001> <itemType: State> <itemName: ATM-ImportState-namespace:OCN>
20260620 224153.446 INFO             PET1     OCN-TO-ATM: Finalize extro {ES}:! <name: ATM-ImportState-namespace:OCN> <intent: ESMF_STATEINTENT_IMPORT> <itemCount:    1>
20260620 224153.446 INFO             PET1     OCN-TO-ATM: Finalize extro {ES}:! +-<item: 0001> <itemType: Field> <itemName: sea_surface_temperature>
20260620 224153.446 INFO             PET1     OCN-TO-ATM: Finalize extro {ES}:! !--- FieldLog() start -----------------
20260620 224153.446 INFO             PET1     OCN-TO-ATM: Finalize extro {ES}:! ! <name: sea_surface_temperature> <fieldStatus: ESMF_FIELDSTATUS_COMPLETE>
20260620 224153.446 INFO             PET1     OCN-TO-ATM: Finalize extro {ES}:! ! 0x16f7e5518 => 0x10215df50 => 0x140e14ea0
20260620 224153.446 INFO             PET1     OCN-TO-ATM: Finalize extro {ES}:! ! <typekind: Real*8> <rank:    2> <dimCount:    2>
20260620 224153.446 INFO             PET1     OCN-TO-ATM: Finalize extro {ES}:! ! ! --- Array::log() start -----------------------------------
20260620 224153.446 INFO             PET1     OCN-TO-ATM: Finalize extro {ES}:! ! ! 0x14103c200
20260620 224153.446 INFO             PET1     OCN-TO-ATM: Finalize extro {ES}:! ! ! <name: sea_surface_temperature>
20260620 224153.446 INFO             PET1     OCN-TO-ATM: Finalize extro {ES}:! ! ! ! --- DistGrid::log() start --------------------------------
20260620 224153.446 INFO             PET1     OCN-TO-ATM: Finalize extro {ES}:! ! ! ! 0x141033e00
20260620 224153.446 INFO             PET1     OCN-TO-ATM: Finalize extro {ES}:! ! ! ! DistGrid object is valid!<name: DG-Grid003-sloc:0>
20260620 224153.446 INFO             PET1     OCN-TO-ATM: Finalize extro {ES}:! ! ! ! --- DistGrid::log() end ----------------------------------
20260620 224153.446 INFO             PET1     OCN-TO-ATM: Finalize extro {ES}:! ! ! --- Array::log() end -------------------------------------
20260620 224153.446 INFO             PET1     OCN-TO-ATM: Finalize extro {ES}:! !--- FieldLog() end -------------------
20260620 224153.446 INFO             PET1     OCN-TO-ATM: Finalize extro {ES}:--- StateLog() end -------------------
20260620 224153.446 INFO             PET1   OCN-TO-ATM: Finalize extro.
20260620 224153.446 INFO             PET1   Calling Finalize phase 1 for modelComp: ATM
20260620 224153.446 INFO             PET1   ATM: Finalize intro.
20260620 224153.446 INFO             PET1     ATM: Finalize intro {IS}:--- StateLog() start -----------------
20260620 224153.446 INFO             PET1     ATM: Finalize intro {IS}:<name: ATM-ImportState> <intent: ESMF_STATEINTENT_IMPORT> <itemCount:    1>
20260620 224153.446 INFO             PET1     ATM: Finalize intro {IS}:+-<item: 0001> <itemType: State> <itemName: ATM-ImportState-namespace:OCN>
20260620 224153.446 INFO             PET1     ATM: Finalize intro {IS}:! <name: ATM-ImportState-namespace:OCN> <intent: ESMF_STATEINTENT_IMPORT> <itemCount:    1>
20260620 224153.446 INFO             PET1     ATM: Finalize intro {IS}:! +-<item: 0001> <itemType: Field> <itemName: sea_surface_temperature>
20260620 224153.446 INFO             PET1     ATM: Finalize intro {IS}:! !--- FieldLog() start -----------------
20260620 224153.446 INFO             PET1     ATM: Finalize intro {IS}:! ! <name: sea_surface_temperature> <fieldStatus: ESMF_FIELDSTATUS_COMPLETE>
20260620 224153.446 INFO             PET1     ATM: Finalize intro {IS}:! ! 0x16f7e4338 => 0x10215df50 => 0x140e14ea0
20260620 224153.446 INFO             PET1     ATM: Finalize intro {IS}:! ! <typekind: Real*8> <rank:    2> <dimCount:    2>
20260620 224153.446 INFO             PET1     ATM: Finalize intro {IS}:! ! ! --- Array::log() start -----------------------------------
20260620 224153.446 INFO             PET1     ATM: Finalize intro {IS}:! ! ! 0x14103c200
20260620 224153.446 INFO             PET1     ATM: Finalize intro {IS}:! ! ! <name: sea_surface_temperature>
20260620 224153.446 INFO             PET1     ATM: Finalize intro {IS}:! ! ! ! --- DistGrid::log() start --------------------------------
20260620 224153.446 INFO             PET1     ATM: Finalize intro {IS}:! ! ! ! 0x141033e00
20260620 224153.446 INFO             PET1     ATM: Finalize intro {IS}:! ! ! ! DistGrid object is valid!<name: DG-Grid003-sloc:0>
20260620 224153.446 INFO             PET1     ATM: Finalize intro {IS}:! ! ! ! --- DistGrid::log() end ----------------------------------
20260620 224153.446 INFO             PET1     ATM: Finalize intro {IS}:! ! ! --- Array::log() end -------------------------------------
20260620 224153.446 INFO             PET1     ATM: Finalize intro {IS}:! !--- FieldLog() end -------------------
20260620 224153.446 INFO             PET1     ATM: Finalize intro {IS}:--- StateLog() end -------------------
20260620 224153.446 INFO             PET1     ATM: Finalize intro {ES}:--- StateLog() start -----------------
20260620 224153.446 INFO             PET1     ATM: Finalize intro {ES}:<name: ATM-ExportState> <intent: ESMF_STATEINTENT_EXPORT> <itemCount:    0>
20260620 224153.446 INFO             PET1     ATM: Finalize intro {ES}:--- StateLog() end -------------------
20260620 224153.446 INFO             PET1     >>>ATM: entered Finalize (phase=FinalizePhase1) with current time: 2010  6  1  1  0  0   0
20260620 224153.446 INFO             PET1     <<<ATM: leaving Finalize (phase=FinalizePhase1) with current time: 2010  6  1  1  0  0   0
20260620 224153.446 INFO             PET1   ATM: Finalize extro.
20260620 224153.446 INFO             PET1   Calling Finalize phase 1 for modelComp: OCN
20260620 224153.446 INFO             PET1   Delete modelComp: ATM
20260620 224153.446 INFO             PET1   Delete Import-/Export State for modelComp: ATM
20260620 224153.446 INFO             PET1   Delete modelComp: OCN
20260620 224153.446 INFO             PET1   Delete Import-/Export State for modelComp: OCN
20260620 224153.446 INFO             PET1   Delete connectorComp: ATM-TO-OCN
20260620 224153.446 INFO             PET1   Delete connectorComp: OCN-TO-ATM
20260620 224153.446 INFO             PET1   <<<esm: leaving Finalize (phase=FinalizePhase1) with current time: 2010  6  1  1  0  0   0
20260620 224153.446 INFO             PET1 esm: Finalize extro.
20260620 224153.446 INFO             PET1 esmApp FINISHED
20260620 224153.446 INFO             PET1  Finalizing ESMF
20260620 224153.327 INFO             PET2 !!!!!!!!!!!!!!!!!!!!!!!!!!!!!!!!!!!!!!!!!!!!!!!!!!!!!!
20260620 224153.327 INFO             PET2 !!! THE ESMF_LOG IS SET TO OUTPUT ALL LOG MESSAGES !!!
20260620 224153.327 INFO             PET2 !!!     THIS MAY CAUSE SLOWDOWN IN PERFORMANCE     !!!
20260620 224153.327 INFO             PET2 !!! FOR PRODUCTION RUNS, USE:                      !!!
20260620 224153.327 INFO             PET2 !!!                   ESMF_LOGKIND_Multi_On_Error  !!!
20260620 224153.327 INFO             PET2 !!!!!!!!!!!!!!!!!!!!!!!!!!!!!!!!!!!!!!!!!!!!!!!!!!!!!!
20260620 224153.327 INFO             PET2 Running with ESMF Version   : feature/refresh-bmauer-c_dynmask_interface+gd740766d08
20260620 224153.327 INFO             PET2 ESMF library build date/time: "Jun 20 2026" "22:21:40"
20260620 224153.327 INFO             PET2 ESMF library build location : /usr/local/esmf/esmf-testing/nag_7.2.44_openmpi_g_feature_refresh-bmauer-c_dynmask_interface/esmf
20260620 224153.327 INFO             PET2 ESMF_COMM                   : openmpi
20260620 224153.327 INFO             PET2 ESMF_MOAB                   : enabled
20260620 224153.327 INFO             PET2 ESMF_LAPACK                 : enabled
20260620 224153.327 INFO             PET2 ESMF_NETCDF                 : enabled
20260620 224153.327 INFO             PET2 ESMF_PNETCDF                : disabled
20260620 224153.327 INFO             PET2 ESMF_PIO                    : enabled
20260620 224153.327 INFO             PET2 ESMF_YAMLCPP                : enabled
20260620 224153.327 INFO             PET2 esmApp STARTING
20260620 224153.333 INFO             PET2 esm: InitializeGeneric intro.
20260620 224153.333 INFO             PET2   esm: InitializeGeneric intro {IS}:--- StateLog() start -----------------
20260620 224153.333 INFO             PET2   esm: InitializeGeneric intro {IS}:State object is invalid! Not created or deleted!
20260620 224153.333 INFO             PET2   esm: InitializeGeneric intro {IS}:--- StateLog() end -------------------
20260620 224153.333 INFO             PET2   esm: InitializeGeneric intro {ES}:--- StateLog() start -----------------
20260620 224153.333 INFO             PET2   esm: InitializeGeneric intro {ES}:State object is invalid! Not created or deleted!
20260620 224153.333 INFO             PET2   esm: InitializeGeneric intro {ES}:--- StateLog() end -------------------
20260620 224153.333 INFO             PET2   >>>esm: entered Initialize (phase=<none>) without valid internal Clock.
20260620 224153.333 INFO             PET2   esm: InitializeP0 intro.
20260620 224153.334 INFO             PET2     esm: InitializeP0 intro {IS}:--- StateLog() start -----------------
20260620 224153.334 INFO             PET2     esm: InitializeP0 intro {IS}:State object is invalid! Not created or deleted!
20260620 224153.334 INFO             PET2     esm: InitializeP0 intro {IS}:--- StateLog() end -------------------
20260620 224153.334 INFO             PET2     esm: InitializeP0 intro {ES}:--- StateLog() start -----------------
20260620 224153.334 INFO             PET2     esm: InitializeP0 intro {ES}:State object is invalid! Not created or deleted!
20260620 224153.334 INFO             PET2     esm: InitializeP0 intro {ES}:--- StateLog() end -------------------
20260620 224153.334 INFO             PET2     >>>esm: entered Initialize (phase=<none>) without valid internal Clock.
20260620 224153.334 INFO             PET2     <<<esm: leaving Initialize (phase=<none>) without valid internal Clock.
20260620 224153.334 INFO             PET2     esm: InitializeP0 extro {IS}:--- StateLog() start -----------------
20260620 224153.334 INFO             PET2     esm: InitializeP0 extro {IS}:State object is invalid! Not created or deleted!
20260620 224153.334 INFO             PET2     esm: InitializeP0 extro {IS}:--- StateLog() end -------------------
20260620 224153.334 INFO             PET2     esm: InitializeP0 extro {ES}:--- StateLog() start -----------------
20260620 224153.334 INFO             PET2     esm: InitializeP0 extro {ES}:State object is invalid! Not created or deleted!
20260620 224153.334 INFO             PET2     esm: InitializeP0 extro {ES}:--- StateLog() end -------------------
20260620 224153.334 INFO             PET2   esm: InitializeP0 extro.
20260620 224153.334 INFO             PET2   esm: InitializeIPDv02p1 intro.
20260620 224153.334 INFO             PET2     esm: InitializeIPDv02p1 intro {IS}:--- StateLog() start -----------------
20260620 224153.334 INFO             PET2     esm: InitializeIPDv02p1 intro {IS}:State object is invalid! Not created or deleted!
20260620 224153.334 INFO             PET2     esm: InitializeIPDv02p1 intro {IS}:--- StateLog() end -------------------
20260620 224153.334 INFO             PET2     esm: InitializeIPDv02p1 intro {ES}:--- StateLog() start -----------------
20260620 224153.334 INFO             PET2     esm: InitializeIPDv02p1 intro {ES}:State object is invalid! Not created or deleted!
20260620 224153.334 INFO             PET2     esm: InitializeIPDv02p1 intro {ES}:--- StateLog() end -------------------
20260620 224153.334 INFO             PET2     >>>esm: entered Initialize (phase=<none>) without valid internal Clock.
20260620 224153.334 INFO             PET2     esm - Creating model component ATM with petList of size 2 :
20260620 224153.334 INFO             PET2           0      1
20260620 224153.335 INFO             PET2     esm - Creating model component OCN with petList of size 2 :
20260620 224153.335 INFO             PET2           2      3
20260620 224153.337 INFO             PET2     esm - Creating connector component ATM-TO-OCN with petList of size 4 :
20260620 224153.337 INFO             PET2           0      1      2      3
20260620 224153.339 INFO             PET2     esm - Creating connector component OCN-TO-ATM with petList of size 4 :
20260620 224153.339 INFO             PET2           2      3      0      1
20260620 224153.341 INFO             PET2     esm - Creating state: modelComp 1 Import State
20260620 224153.341 INFO             PET2     esm - Creating state: modelComp 1 Export State
20260620 224153.342 INFO             PET2     esm - Creating state: modelComp 2 Import State
20260620 224153.342 INFO             PET2     esm - Creating state: modelComp 2 Export State
20260620 224153.343 INFO             PET2     OCN: InitializeP0 intro.
20260620 224153.343 INFO             PET2       OCN: InitializeP0 intro {IS}:--- StateLog() start -----------------
20260620 224153.343 INFO             PET2       OCN: InitializeP0 intro {IS}:<name: OCN-ImportState> <intent: ESMF_STATEINTENT_IMPORT> <itemCount:    0>
20260620 224153.343 INFO             PET2       OCN: InitializeP0 intro {IS}:--- StateLog() end -------------------
20260620 224153.343 INFO             PET2       OCN: InitializeP0 intro {ES}:--- StateLog() start -----------------
20260620 224153.343 INFO             PET2       OCN: InitializeP0 intro {ES}:<name: OCN-ExportState> <intent: ESMF_STATEINTENT_EXPORT> <itemCount:    0>
20260620 224153.343 INFO             PET2       OCN: InitializeP0 intro {ES}:--- StateLog() end -------------------
20260620 224153.343 INFO             PET2       >>>OCN: entered Initialize (phase=<none>) without valid internal Clock.
20260620 224153.343 INFO             PET2       <<<OCN: leaving Initialize (phase=<none>) without valid internal Clock.
20260620 224153.343 INFO             PET2       OCN: InitializeP0 extro {IS}:--- StateLog() start -----------------
20260620 224153.343 INFO             PET2       OCN: InitializeP0 extro {IS}:<name: OCN-ImportState> <intent: ESMF_STATEINTENT_IMPORT> <itemCount:    0>
20260620 224153.343 INFO             PET2       OCN: InitializeP0 extro {IS}:--- StateLog() end -------------------
20260620 224153.343 INFO             PET2       OCN: InitializeP0 extro {ES}:--- StateLog() start -----------------
20260620 224153.343 INFO             PET2       OCN: InitializeP0 extro {ES}:<name: OCN-ExportState> <intent: ESMF_STATEINTENT_EXPORT> <itemCount:    0>
20260620 224153.343 INFO             PET2       OCN: InitializeP0 extro {ES}:--- StateLog() end -------------------
20260620 224153.343 INFO             PET2     OCN: InitializeP0 extro.
20260620 224153.344 INFO             PET2     ATM-TO-OCN: InitializeP0 intro.
20260620 224153.344 INFO             PET2       ATM-TO-OCN: InitializeP0 intro {IS}:--- StateLog() start -----------------
20260620 224153.344 INFO             PET2       ATM-TO-OCN: InitializeP0 intro {IS}:<name: ATM-ExportState> <intent: ESMF_STATEINTENT_EXPORT> <itemCount:    0>
20260620 224153.344 INFO             PET2       ATM-TO-OCN: InitializeP0 intro {IS}:--- StateLog() end -------------------
20260620 224153.344 INFO             PET2       ATM-TO-OCN: InitializeP0 intro {ES}:--- StateLog() start -----------------
20260620 224153.344 INFO             PET2       ATM-TO-OCN: InitializeP0 intro {ES}:<name: OCN-ImportState> <intent: ESMF_STATEINTENT_IMPORT> <itemCount:    0>
20260620 224153.344 INFO             PET2       ATM-TO-OCN: InitializeP0 intro {ES}:--- StateLog() end -------------------
20260620 224153.345 INFO             PET2       ATM-TO-OCN: InitializeP0 extro {IS}:--- StateLog() start -----------------
20260620 224153.345 INFO             PET2       ATM-TO-OCN: InitializeP0 extro {IS}:<name: ATM-ExportState> <intent: ESMF_STATEINTENT_EXPORT> <itemCount:    0>
20260620 224153.345 INFO             PET2       ATM-TO-OCN: InitializeP0 extro {IS}:--- StateLog() end -------------------
20260620 224153.345 INFO             PET2       ATM-TO-OCN: InitializeP0 extro {ES}:--- StateLog() start -----------------
20260620 224153.345 INFO             PET2       ATM-TO-OCN: InitializeP0 extro {ES}:<name: OCN-ImportState> <intent: ESMF_STATEINTENT_IMPORT> <itemCount:    0>
20260620 224153.345 INFO             PET2       ATM-TO-OCN: InitializeP0 extro {ES}:--- StateLog() end -------------------
20260620 224153.345 INFO             PET2     ATM-TO-OCN: InitializeP0 extro.
20260620 224153.345 INFO             PET2     OCN-TO-ATM: InitializeP0 intro.
20260620 224153.345 INFO             PET2       OCN-TO-ATM: InitializeP0 intro {IS}:--- StateLog() start -----------------
20260620 224153.345 INFO             PET2       OCN-TO-ATM: InitializeP0 intro {IS}:<name: OCN-ExportState> <intent: ESMF_STATEINTENT_EXPORT> <itemCount:    0>
20260620 224153.345 INFO             PET2       OCN-TO-ATM: InitializeP0 intro {IS}:--- StateLog() end -------------------
20260620 224153.345 INFO             PET2       OCN-TO-ATM: InitializeP0 intro {ES}:--- StateLog() start -----------------
20260620 224153.345 INFO             PET2       OCN-TO-ATM: InitializeP0 intro {ES}:<name: ATM-ImportState> <intent: ESMF_STATEINTENT_IMPORT> <itemCount:    0>
20260620 224153.345 INFO             PET2       OCN-TO-ATM: InitializeP0 intro {ES}:--- StateLog() end -------------------
20260620 224153.345 INFO             PET2       OCN-TO-ATM: InitializeP0 extro {IS}:--- StateLog() start -----------------
20260620 224153.345 INFO             PET2       OCN-TO-ATM: InitializeP0 extro {IS}:<name: OCN-ExportState> <intent: ESMF_STATEINTENT_EXPORT> <itemCount:    0>
20260620 224153.345 INFO             PET2       OCN-TO-ATM: InitializeP0 extro {IS}:--- StateLog() end -------------------
20260620 224153.345 INFO             PET2       OCN-TO-ATM: InitializeP0 extro {ES}:--- StateLog() start -----------------
20260620 224153.345 INFO             PET2       OCN-TO-ATM: InitializeP0 extro {ES}:<name: ATM-ImportState> <intent: ESMF_STATEINTENT_IMPORT> <itemCount:    0>
20260620 224153.345 INFO             PET2       OCN-TO-ATM: InitializeP0 extro {ES}:--- StateLog() end -------------------
20260620 224153.345 INFO             PET2     OCN-TO-ATM: InitializeP0 extro.
20260620 224153.346 INFO             PET2     esm: IInitAdvertise intro.
20260620 224153.346 INFO             PET2       esm: IInitAdvertise intro {IS}:--- StateLog() start -----------------
20260620 224153.346 INFO             PET2       esm: IInitAdvertise intro {IS}:State object is invalid! Not created or deleted!
20260620 224153.346 INFO             PET2       esm: IInitAdvertise intro {IS}:--- StateLog() end -------------------
20260620 224153.346 INFO             PET2       esm: IInitAdvertise intro {ES}:--- StateLog() start -----------------
20260620 224153.346 INFO             PET2       esm: IInitAdvertise intro {ES}:State object is invalid! Not created or deleted!
20260620 224153.346 INFO             PET2       esm: IInitAdvertise intro {ES}:--- StateLog() end -------------------
20260620 224153.346 INFO             PET2       >>>esm: entered Initialize (phase=<none>) with current time: 2010  6  1  0  0  0   0
20260620 224153.346 INFO             PET2       <<<esm: leaving Initialize (phase=<none>) with current time: 2010  6  1  0  0  0   0
20260620 224153.346 INFO             PET2       esm: IInitAdvertise extro {IS}:--- StateLog() start -----------------
20260620 224153.346 INFO             PET2       esm: IInitAdvertise extro {IS}:State object is invalid! Not created or deleted!
20260620 224153.346 INFO             PET2       esm: IInitAdvertise extro {IS}:--- StateLog() end -------------------
20260620 224153.346 INFO             PET2       esm: IInitAdvertise extro {ES}:--- StateLog() start -----------------
20260620 224153.346 INFO             PET2       esm: IInitAdvertise extro {ES}:State object is invalid! Not created or deleted!
20260620 224153.346 INFO             PET2       esm: IInitAdvertise extro {ES}:--- StateLog() end -------------------
20260620 224153.346 INFO             PET2     esm: IInitAdvertise extro.
20260620 224153.347 INFO             PET2     OCN: InitializeIPDvXp01 intro.
20260620 224153.347 INFO             PET2       OCN: InitializeIPDvXp01 intro {IS}:--- StateLog() start -----------------
20260620 224153.347 INFO             PET2       OCN: InitializeIPDvXp01 intro {IS}:<name: OCN-ImportState> <intent: ESMF_STATEINTENT_IMPORT> <itemCount:    0>
20260620 224153.347 INFO             PET2       OCN: InitializeIPDvXp01 intro {IS}:--- StateLog() end -------------------
20260620 224153.347 INFO             PET2       OCN: InitializeIPDvXp01 intro {ES}:--- StateLog() start -----------------
20260620 224153.347 INFO             PET2       OCN: InitializeIPDvXp01 intro {ES}:<name: OCN-ExportState> <intent: ESMF_STATEINTENT_EXPORT> <itemCount:    0>
20260620 224153.347 INFO             PET2       OCN: InitializeIPDvXp01 intro {ES}:--- StateLog() end -------------------
20260620 224153.347 INFO             PET2       >>>OCN: entered Initialize (phase=IPDvXp01) without valid internal Clock.
20260620 224153.348 INFO             PET2       <<<OCN: leaving Initialize (phase=IPDvXp01) without valid internal Clock.
20260620 224153.348 INFO             PET2       OCN: InitializeIPDvXp01 extro {IS}:--- StateLog() start -----------------
20260620 224153.348 INFO             PET2       OCN: InitializeIPDvXp01 extro {IS}:<name: OCN-ImportState> <intent: ESMF_STATEINTENT_IMPORT> <itemCount:    0>
20260620 224153.348 INFO             PET2       OCN: InitializeIPDvXp01 extro {IS}:--- StateLog() end -------------------
20260620 224153.348 INFO             PET2       OCN: InitializeIPDvXp01 extro {ES}:--- StateLog() start -----------------
20260620 224153.348 INFO             PET2       OCN: InitializeIPDvXp01 extro {ES}:<name: OCN-ExportState> <intent: ESMF_STATEINTENT_EXPORT> <itemCount:    1>
20260620 224153.348 INFO             PET2       OCN: InitializeIPDvXp01 extro {ES}:+-<item: 0001> <itemType: Field> <itemName: sst>
20260620 224153.348 INFO             PET2       OCN: InitializeIPDvXp01 extro {ES}:!--- FieldLog() start -----------------
20260620 224153.348 INFO             PET2       OCN: InitializeIPDvXp01 extro {ES}:! <name: sst> <fieldStatus: ESMF_FIELDSTATUS_EMPTY>
20260620 224153.348 INFO             PET2       OCN: InitializeIPDvXp01 extro {ES}:! 0x16b01ad68 => 0x106bcb950 => 0x142f23d70
20260620 224153.348 INFO             PET2       OCN: InitializeIPDvXp01 extro {ES}:!--- FieldLog() end -------------------
20260620 224153.348 INFO             PET2       OCN: InitializeIPDvXp01 extro {ES}:--- StateLog() end -------------------
20260620 224153.348 INFO             PET2     OCN: InitializeIPDvXp01 extro.
20260620 224153.349 INFO             PET2     ATM-TO-OCN: InitializeIPDv05p1 intro.
20260620 224153.349 INFO             PET2       ATM-TO-OCN: InitializeIPDv05p1 intro {IS}:--- StateLog() start -----------------
20260620 224153.349 INFO             PET2       ATM-TO-OCN: InitializeIPDv05p1 intro {IS}:<name: ATM-ExportState> <intent: ESMF_STATEINTENT_EXPORT> <itemCount:    0>
20260620 224153.349 INFO             PET2       ATM-TO-OCN: InitializeIPDv05p1 intro {IS}:--- StateLog() end -------------------
20260620 224153.349 INFO             PET2       ATM-TO-OCN: InitializeIPDv05p1 intro {ES}:--- StateLog() start -----------------
20260620 224153.349 INFO             PET2       ATM-TO-OCN: InitializeIPDv05p1 intro {ES}:<name: OCN-ImportState> <intent: ESMF_STATEINTENT_IMPORT> <itemCount:    0>
20260620 224153.349 INFO             PET2       ATM-TO-OCN: InitializeIPDv05p1 intro {ES}:--- StateLog() end -------------------
20260620 224153.349 INFO             PET2       ATM-TO-OCN: importState FieldTransferPolicy = transferNone
20260620 224153.349 INFO             PET2       ATM-TO-OCN: exportState FieldTransferPolicy = transferNone
20260620 224153.349 INFO             PET2       ATM-TO-OCN: InitializeIPDv05p1 extro {IS}:--- StateLog() start -----------------
20260620 224153.349 INFO             PET2       ATM-TO-OCN: InitializeIPDv05p1 extro {IS}:<name: ATM-ExportState> <intent: ESMF_STATEINTENT_EXPORT> <itemCount:    0>
20260620 224153.349 INFO             PET2       ATM-TO-OCN: InitializeIPDv05p1 extro {IS}:--- StateLog() end -------------------
20260620 224153.349 INFO             PET2       ATM-TO-OCN: InitializeIPDv05p1 extro {ES}:--- StateLog() start -----------------
20260620 224153.349 INFO             PET2       ATM-TO-OCN: InitializeIPDv05p1 extro {ES}:<name: OCN-ImportState> <intent: ESMF_STATEINTENT_IMPORT> <itemCount:    0>
20260620 224153.349 INFO             PET2       ATM-TO-OCN: InitializeIPDv05p1 extro {ES}:--- StateLog() end -------------------
20260620 224153.349 INFO             PET2     ATM-TO-OCN: InitializeIPDv05p1 extro.
20260620 224153.349 INFO             PET2     OCN-TO-ATM: InitializeIPDv05p1 intro.
20260620 224153.349 INFO             PET2       OCN-TO-ATM: InitializeIPDv05p1 intro {IS}:--- StateLog() start -----------------
20260620 224153.349 INFO             PET2       OCN-TO-ATM: InitializeIPDv05p1 intro {IS}:<name: OCN-ExportState> <intent: ESMF_STATEINTENT_EXPORT> <itemCount:    1>
20260620 224153.349 INFO             PET2       OCN-TO-ATM: InitializeIPDv05p1 intro {IS}:+-<item: 0001> <itemType: Field> <itemName: sst>
20260620 224153.349 INFO             PET2       OCN-TO-ATM: InitializeIPDv05p1 intro {IS}:!--- FieldLog() start -----------------
20260620 224153.349 INFO             PET2       OCN-TO-ATM: InitializeIPDv05p1 intro {IS}:! <name: sst> <fieldStatus: ESMF_FIELDSTATUS_EMPTY>
20260620 224153.349 INFO             PET2       OCN-TO-ATM: InitializeIPDv05p1 intro {IS}:! 0x16b017be8 => 0x106bcb950 => 0x142f23d70
20260620 224153.349 INFO             PET2       OCN-TO-ATM: InitializeIPDv05p1 intro {IS}:!--- FieldLog() end -------------------
20260620 224153.349 INFO             PET2       OCN-TO-ATM: InitializeIPDv05p1 intro {IS}:--- StateLog() end -------------------
20260620 224153.349 INFO             PET2       OCN-TO-ATM: InitializeIPDv05p1 intro {ES}:--- StateLog() start -----------------
20260620 224153.349 INFO             PET2       OCN-TO-ATM: InitializeIPDv05p1 intro {ES}:<name: ATM-ImportState> <intent: ESMF_STATEINTENT_IMPORT> <itemCount:    0>
20260620 224153.349 INFO             PET2       OCN-TO-ATM: InitializeIPDv05p1 intro {ES}:--- StateLog() end -------------------
20260620 224153.350 INFO             PET2       OCN-TO-ATM: importState FieldTransferPolicy = transferNone
20260620 224153.350 INFO             PET2       OCN-TO-ATM: exportState FieldTransferPolicy = transferNone
20260620 224153.350 INFO             PET2       OCN-TO-ATM: InitializeIPDv05p1 extro {IS}:--- StateLog() start -----------------
20260620 224153.350 INFO             PET2       OCN-TO-ATM: InitializeIPDv05p1 extro {IS}:<name: OCN-ExportState> <intent: ESMF_STATEINTENT_EXPORT> <itemCount:    1>
20260620 224153.350 INFO             PET2       OCN-TO-ATM: InitializeIPDv05p1 extro {IS}:+-<item: 0001> <itemType: Field> <itemName: sst>
20260620 224153.350 INFO             PET2       OCN-TO-ATM: InitializeIPDv05p1 extro {IS}:!--- FieldLog() start -----------------
20260620 224153.350 INFO             PET2       OCN-TO-ATM: InitializeIPDv05p1 extro {IS}:! <name: sst> <fieldStatus: ESMF_FIELDSTATUS_EMPTY>
20260620 224153.350 INFO             PET2       OCN-TO-ATM: InitializeIPDv05p1 extro {IS}:! 0x16b018df8 => 0x106bcb950 => 0x142f23d70
20260620 224153.350 INFO             PET2       OCN-TO-ATM: InitializeIPDv05p1 extro {IS}:!--- FieldLog() end -------------------
20260620 224153.350 INFO             PET2       OCN-TO-ATM: InitializeIPDv05p1 extro {IS}:--- StateLog() end -------------------
20260620 224153.350 INFO             PET2       OCN-TO-ATM: InitializeIPDv05p1 extro {ES}:--- StateLog() start -----------------
20260620 224153.350 INFO             PET2       OCN-TO-ATM: InitializeIPDv05p1 extro {ES}:<name: ATM-ImportState> <intent: ESMF_STATEINTENT_IMPORT> <itemCount:    0>
20260620 224153.350 INFO             PET2       OCN-TO-ATM: InitializeIPDv05p1 extro {ES}:--- StateLog() end -------------------
20260620 224153.350 INFO             PET2     OCN-TO-ATM: InitializeIPDv05p1 extro.
20260620 224153.350 INFO             PET2     esm: IInitAdvertiseFinish intro.
20260620 224153.350 INFO             PET2       esm: IInitAdvertiseFinish intro {IS}:--- StateLog() start -----------------
20260620 224153.350 INFO             PET2       esm: IInitAdvertiseFinish intro {IS}:State object is invalid! Not created or deleted!
20260620 224153.350 INFO             PET2       esm: IInitAdvertiseFinish intro {IS}:--- StateLog() end -------------------
20260620 224153.350 INFO             PET2       esm: IInitAdvertiseFinish intro {ES}:--- StateLog() start -----------------
20260620 224153.350 INFO             PET2       esm: IInitAdvertiseFinish intro {ES}:State object is invalid! Not created or deleted!
20260620 224153.350 INFO             PET2       esm: IInitAdvertiseFinish intro {ES}:--- StateLog() end -------------------
20260620 224153.350 INFO             PET2       >>>esm: entered Initialize (phase=<none>) with current time: 2010  6  1  0  0  0   0
20260620 224153.350 INFO             PET2       <<<esm: leaving Initialize (phase=<none>) with current time: 2010  6  1  0  0  0   0
20260620 224153.350 INFO             PET2       esm: IInitAdvertiseFinish extro {IS}:--- StateLog() start -----------------
20260620 224153.350 INFO             PET2       esm: IInitAdvertiseFinish extro {IS}:State object is invalid! Not created or deleted!
20260620 224153.350 INFO             PET2       esm: IInitAdvertiseFinish extro {IS}:--- StateLog() end -------------------
20260620 224153.350 INFO             PET2       esm: IInitAdvertiseFinish extro {ES}:--- StateLog() start -----------------
20260620 224153.350 INFO             PET2       esm: IInitAdvertiseFinish extro {ES}:State object is invalid! Not created or deleted!
20260620 224153.350 INFO             PET2       esm: IInitAdvertiseFinish extro {ES}:--- StateLog() end -------------------
20260620 224153.350 INFO             PET2     esm: IInitAdvertiseFinish extro.
20260620 224153.350 INFO             PET2     ATM-TO-OCN: InitializeIPDv05p2a intro.
20260620 224153.350 INFO             PET2       ATM-TO-OCN: InitializeIPDv05p2a intro {IS}:--- StateLog() start -----------------
20260620 224153.350 INFO             PET2       ATM-TO-OCN: InitializeIPDv05p2a intro {IS}:<name: ATM-ExportState> <intent: ESMF_STATEINTENT_EXPORT> <itemCount:    0>
20260620 224153.350 INFO             PET2       ATM-TO-OCN: InitializeIPDv05p2a intro {IS}:--- StateLog() end -------------------
20260620 224153.350 INFO             PET2       ATM-TO-OCN: InitializeIPDv05p2a intro {ES}:--- StateLog() start -----------------
20260620 224153.350 INFO             PET2       ATM-TO-OCN: InitializeIPDv05p2a intro {ES}:<name: OCN-ImportState> <intent: ESMF_STATEINTENT_IMPORT> <itemCount:    0>
20260620 224153.350 INFO             PET2       ATM-TO-OCN: InitializeIPDv05p2a intro {ES}:--- StateLog() end -------------------
20260620 224153.352 INFO             PET2       ATM-TO-OCN: InitializeIPDv05p2a extro {IS}:--- StateLog() start -----------------
20260620 224153.352 INFO             PET2       ATM-TO-OCN: InitializeIPDv05p2a extro {IS}:<name: ATM-ExportState> <intent: ESMF_STATEINTENT_EXPORT> <itemCount:    0>
20260620 224153.352 INFO             PET2       ATM-TO-OCN: InitializeIPDv05p2a extro {IS}:--- StateLog() end -------------------
20260620 224153.352 INFO             PET2       ATM-TO-OCN: InitializeIPDv05p2a extro {ES}:--- StateLog() start -----------------
20260620 224153.352 INFO             PET2       ATM-TO-OCN: InitializeIPDv05p2a extro {ES}:<name: OCN-ImportState> <intent: ESMF_STATEINTENT_IMPORT> <itemCount:    0>
20260620 224153.352 INFO             PET2       ATM-TO-OCN: InitializeIPDv05p2a extro {ES}:--- StateLog() end -------------------
20260620 224153.352 INFO             PET2     ATM-TO-OCN: InitializeIPDv05p2a extro.
20260620 224153.352 INFO             PET2     OCN-TO-ATM: InitializeIPDv05p2a intro.
20260620 224153.352 INFO             PET2       OCN-TO-ATM: InitializeIPDv05p2a intro {IS}:--- StateLog() start -----------------
20260620 224153.352 INFO             PET2       OCN-TO-ATM: InitializeIPDv05p2a intro {IS}:<name: OCN-ExportState> <intent: ESMF_STATEINTENT_EXPORT> <itemCount:    1>
20260620 224153.352 INFO             PET2       OCN-TO-ATM: InitializeIPDv05p2a intro {IS}:+-<item: 0001> <itemType: Field> <itemName: sst>
20260620 224153.352 INFO             PET2       OCN-TO-ATM: InitializeIPDv05p2a intro {IS}:!--- FieldLog() start -----------------
20260620 224153.352 INFO             PET2       OCN-TO-ATM: InitializeIPDv05p2a intro {IS}:! <name: sst> <fieldStatus: ESMF_FIELDSTATUS_EMPTY>
20260620 224153.352 INFO             PET2       OCN-TO-ATM: InitializeIPDv05p2a intro {IS}:! 0x16b015928 => 0x106bcb950 => 0x142f23d70
20260620 224153.352 INFO             PET2       OCN-TO-ATM: InitializeIPDv05p2a intro {IS}:!--- FieldLog() end -------------------
20260620 224153.352 INFO             PET2       OCN-TO-ATM: InitializeIPDv05p2a intro {IS}:--- StateLog() end -------------------
20260620 224153.352 INFO             PET2       OCN-TO-ATM: InitializeIPDv05p2a intro {ES}:--- StateLog() start -----------------
20260620 224153.352 INFO             PET2       OCN-TO-ATM: InitializeIPDv05p2a intro {ES}:<name: ATM-ImportState> <intent: ESMF_STATEINTENT_IMPORT> <itemCount:    0>
20260620 224153.352 INFO             PET2       OCN-TO-ATM: InitializeIPDv05p2a intro {ES}:--- StateLog() end -------------------
20260620 224153.354 INFO             PET2       OCN-TO-ATM:      importStandardNameList(i=  1): sea_surface_temperature
20260620 224153.354 INFO             PET2       OCN-TO-ATM:         importNamespaceList(i=  1): OCN
20260620 224153.354 INFO             PET2       OCN-TO-ATM:            importCplSetList(i=  1): __UNSPECIFIED__
20260620 224153.354 INFO             PET2       OCN-TO-ATM:      exportStandardNameList(j=  1): sea_surface_temperature
20260620 224153.354 INFO             PET2       OCN-TO-ATM:         exportNamespaceList(j=  1): ATM:OCN
20260620 224153.354 INFO             PET2       OCN-TO-ATM:            exportCplSetList(j=  1): __UNSPECIFIED__
20260620 224153.354 INFO             PET2       OCN-TO-ATM: bondLevel= 2
20260620 224153.354 INFO             PET2       OCN-TO-ATM: ProducerConnection (bondLevelMax):         2
20260620 224153.354 INFO             PET2       OCN-TO-ATM: InitializeIPDv05p2a extro {IS}:--- StateLog() start -----------------
20260620 224153.354 INFO             PET2       OCN-TO-ATM: InitializeIPDv05p2a extro {IS}:<name: OCN-ExportState> <intent: ESMF_STATEINTENT_EXPORT> <itemCount:    1>
20260620 224153.354 INFO             PET2       OCN-TO-ATM: InitializeIPDv05p2a extro {IS}:+-<item: 0001> <itemType: Field> <itemName: sst>
20260620 224153.354 INFO             PET2       OCN-TO-ATM: InitializeIPDv05p2a extro {IS}:!--- FieldLog() start -----------------
20260620 224153.354 INFO             PET2       OCN-TO-ATM: InitializeIPDv05p2a extro {IS}:! <name: sst> <fieldStatus: ESMF_FIELDSTATUS_EMPTY>
20260620 224153.354 INFO             PET2       OCN-TO-ATM: InitializeIPDv05p2a extro {IS}:! 0x16b016b38 => 0x106bcb950 => 0x142f23d70
20260620 224153.354 INFO             PET2       OCN-TO-ATM: InitializeIPDv05p2a extro {IS}:!--- FieldLog() end -------------------
20260620 224153.354 INFO             PET2       OCN-TO-ATM: InitializeIPDv05p2a extro {IS}:--- StateLog() end -------------------
20260620 224153.354 INFO             PET2       OCN-TO-ATM: InitializeIPDv05p2a extro {ES}:--- StateLog() start -----------------
20260620 224153.354 INFO             PET2       OCN-TO-ATM: InitializeIPDv05p2a extro {ES}:<name: ATM-ImportState> <intent: ESMF_STATEINTENT_IMPORT> <itemCount:    1>
20260620 224153.354 INFO             PET2       OCN-TO-ATM: InitializeIPDv05p2a extro {ES}:+-<item: 0001> <itemType: State> <itemName: ATM-ImportState-namespace:OCN>
20260620 224153.354 INFO             PET2       OCN-TO-ATM: InitializeIPDv05p2a extro {ES}:! <name: ATM-ImportState-namespace:OCN> <intent: ESMF_STATEINTENT_IMPORT> <itemCount:    1>
20260620 224153.354 INFO             PET2       OCN-TO-ATM: InitializeIPDv05p2a extro {ES}:! +-<item: 0001> <itemType: Field> <itemName: sea_surface_temperature>
20260620 224153.354 INFO             PET2       OCN-TO-ATM: InitializeIPDv05p2a extro {ES}:! !--- FieldLog() start -----------------
20260620 224153.354 INFO             PET2       OCN-TO-ATM: InitializeIPDv05p2a extro {ES}:! ! <name: sea_surface_temperature> <fieldStatus: ESMF_FIELDSTATUS_EMPTY>
20260620 224153.354 INFO             PET2       OCN-TO-ATM: InitializeIPDv05p2a extro {ES}:! ! 0x16b015098 => 0x106bdea70 => 0x142f26720
20260620 224153.354 INFO             PET2       OCN-TO-ATM: InitializeIPDv05p2a extro {ES}:! !--- FieldLog() end -------------------
20260620 224153.354 INFO             PET2       OCN-TO-ATM: InitializeIPDv05p2a extro {ES}:--- StateLog() end -------------------
20260620 224153.354 INFO             PET2     OCN-TO-ATM: InitializeIPDv05p2a extro.
20260620 224153.354 INFO             PET2     ATM-TO-OCN: InitializeIPDv05p2b intro.
20260620 224153.354 INFO             PET2       ATM-TO-OCN: InitializeIPDv05p2b intro {IS}:--- StateLog() start -----------------
20260620 224153.354 INFO             PET2       ATM-TO-OCN: InitializeIPDv05p2b intro {IS}:<name: ATM-ExportState> <intent: ESMF_STATEINTENT_EXPORT> <itemCount:    0>
20260620 224153.354 INFO             PET2       ATM-TO-OCN: InitializeIPDv05p2b intro {IS}:--- StateLog() end -------------------
20260620 224153.354 INFO             PET2       ATM-TO-OCN: InitializeIPDv05p2b intro {ES}:--- StateLog() start -----------------
20260620 224153.354 INFO             PET2       ATM-TO-OCN: InitializeIPDv05p2b intro {ES}:<name: OCN-ImportState> <intent: ESMF_STATEINTENT_IMPORT> <itemCount:    0>
20260620 224153.354 INFO             PET2       ATM-TO-OCN: InitializeIPDv05p2b intro {ES}:--- StateLog() end -------------------
20260620 224153.354 INFO             PET2       ATM-TO-OCN: InitializeIPDv05p2b extro {IS}:--- StateLog() start -----------------
20260620 224153.354 INFO             PET2       ATM-TO-OCN: InitializeIPDv05p2b extro {IS}:<name: ATM-ExportState> <intent: ESMF_STATEINTENT_EXPORT> <itemCount:    0>
20260620 224153.354 INFO             PET2       ATM-TO-OCN: InitializeIPDv05p2b extro {IS}:--- StateLog() end -------------------
20260620 224153.354 INFO             PET2       ATM-TO-OCN: InitializeIPDv05p2b extro {ES}:--- StateLog() start -----------------
20260620 224153.354 INFO             PET2       ATM-TO-OCN: InitializeIPDv05p2b extro {ES}:<name: OCN-ImportState> <intent: ESMF_STATEINTENT_IMPORT> <itemCount:    0>
20260620 224153.354 INFO             PET2       ATM-TO-OCN: InitializeIPDv05p2b extro {ES}:--- StateLog() end -------------------
20260620 224153.354 INFO             PET2     ATM-TO-OCN: InitializeIPDv05p2b extro.
20260620 224153.354 INFO             PET2     OCN-TO-ATM: InitializeIPDv05p2b intro.
20260620 224153.354 INFO             PET2       OCN-TO-ATM: InitializeIPDv05p2b intro {IS}:--- StateLog() start -----------------
20260620 224153.354 INFO             PET2       OCN-TO-ATM: InitializeIPDv05p2b intro {IS}:<name: OCN-ExportState> <intent: ESMF_STATEINTENT_EXPORT> <itemCount:    1>
20260620 224153.354 INFO             PET2       OCN-TO-ATM: InitializeIPDv05p2b intro {IS}:+-<item: 0001> <itemType: Field> <itemName: sst>
20260620 224153.354 INFO             PET2       OCN-TO-ATM: InitializeIPDv05p2b intro {IS}:!--- FieldLog() start -----------------
20260620 224153.354 INFO             PET2       OCN-TO-ATM: InitializeIPDv05p2b intro {IS}:! <name: sst> <fieldStatus: ESMF_FIELDSTATUS_EMPTY>
20260620 224153.354 INFO             PET2       OCN-TO-ATM: InitializeIPDv05p2b intro {IS}:! 0x16b0155f8 => 0x106bcb950 => 0x142f23d70
20260620 224153.354 INFO             PET2       OCN-TO-ATM: InitializeIPDv05p2b intro {IS}:!--- FieldLog() end -------------------
20260620 224153.354 INFO             PET2       OCN-TO-ATM: InitializeIPDv05p2b intro {IS}:--- StateLog() end -------------------
20260620 224153.354 INFO             PET2       OCN-TO-ATM: InitializeIPDv05p2b intro {ES}:--- StateLog() start -----------------
20260620 224153.354 INFO             PET2       OCN-TO-ATM: InitializeIPDv05p2b intro {ES}:<name: ATM-ImportState> <intent: ESMF_STATEINTENT_IMPORT> <itemCount:    1>
20260620 224153.354 INFO             PET2       OCN-TO-ATM: InitializeIPDv05p2b intro {ES}:+-<item: 0001> <itemType: State> <itemName: ATM-ImportState-namespace:OCN>
20260620 224153.354 INFO             PET2       OCN-TO-ATM: InitializeIPDv05p2b intro {ES}:! <name: ATM-ImportState-namespace:OCN> <intent: ESMF_STATEINTENT_IMPORT> <itemCount:    1>
20260620 224153.354 INFO             PET2       OCN-TO-ATM: InitializeIPDv05p2b intro {ES}:! +-<item: 0001> <itemType: Field> <itemName: sea_surface_temperature>
20260620 224153.354 INFO             PET2       OCN-TO-ATM: InitializeIPDv05p2b intro {ES}:! !--- FieldLog() start -----------------
20260620 224153.354 INFO             PET2       OCN-TO-ATM: InitializeIPDv05p2b intro {ES}:! ! <name: sea_surface_temperature> <fieldStatus: ESMF_FIELDSTATUS_EMPTY>
20260620 224153.354 INFO             PET2       OCN-TO-ATM: InitializeIPDv05p2b intro {ES}:! ! 0x16b013b58 => 0x106bdea70 => 0x142f26720
20260620 224153.354 INFO             PET2       OCN-TO-ATM: InitializeIPDv05p2b intro {ES}:! !--- FieldLog() end -------------------
20260620 224153.354 INFO             PET2       OCN-TO-ATM: InitializeIPDv05p2b intro {ES}:--- StateLog() end -------------------
20260620 224153.356 INFO             PET2       OCN-TO-ATM:      importStandardNameList(i=  1): sea_surface_temperature
20260620 224153.356 INFO             PET2       OCN-TO-ATM:         importNamespaceList(i=  1): OCN
20260620 224153.356 INFO             PET2       OCN-TO-ATM:            importCplSetList(i=  1): __UNSPECIFIED__
20260620 224153.356 INFO             PET2       OCN-TO-ATM:      exportStandardNameList(j=  1): sea_surface_temperature
20260620 224153.356 INFO             PET2       OCN-TO-ATM:         exportNamespaceList(j=  1): ATM:OCN
20260620 224153.356 INFO             PET2       OCN-TO-ATM:            exportCplSetList(j=  1): __UNSPECIFIED__
20260620 224153.356 INFO             PET2       OCN-TO-ATM: bondLevel= 2
20260620 224153.356 INFO             PET2       OCN-TO-ATM: => added cplList(  1)=sea_surface_temperature, cplSetList(  1)=__UNSPECIFIED__
20260620 224153.356 INFO             PET2       OCN-TO-ATM: InitializeIPDv05p2b extro {IS}:--- StateLog() start -----------------
20260620 224153.356 INFO             PET2       OCN-TO-ATM: InitializeIPDv05p2b extro {IS}:<name: OCN-ExportState> <intent: ESMF_STATEINTENT_EXPORT> <itemCount:    1>
20260620 224153.356 INFO             PET2       OCN-TO-ATM: InitializeIPDv05p2b extro {IS}:+-<item: 0001> <itemType: Field> <itemName: sst>
20260620 224153.356 INFO             PET2       OCN-TO-ATM: InitializeIPDv05p2b extro {IS}:!--- FieldLog() start -----------------
20260620 224153.356 INFO             PET2       OCN-TO-ATM: InitializeIPDv05p2b extro {IS}:! <name: sst> <fieldStatus: ESMF_FIELDSTATUS_EMPTY>
20260620 224153.356 INFO             PET2       OCN-TO-ATM: InitializeIPDv05p2b extro {IS}:! 0x16b016808 => 0x106bcb950 => 0x142f23d70
20260620 224153.356 INFO             PET2       OCN-TO-ATM: InitializeIPDv05p2b extro {IS}:!--- FieldLog() end -------------------
20260620 224153.356 INFO             PET2       OCN-TO-ATM: InitializeIPDv05p2b extro {IS}:--- StateLog() end -------------------
20260620 224153.356 INFO             PET2       OCN-TO-ATM: InitializeIPDv05p2b extro {ES}:--- StateLog() start -----------------
20260620 224153.356 INFO             PET2       OCN-TO-ATM: InitializeIPDv05p2b extro {ES}:<name: ATM-ImportState> <intent: ESMF_STATEINTENT_IMPORT> <itemCount:    1>
20260620 224153.356 INFO             PET2       OCN-TO-ATM: InitializeIPDv05p2b extro {ES}:+-<item: 0001> <itemType: State> <itemName: ATM-ImportState-namespace:OCN>
20260620 224153.356 INFO             PET2       OCN-TO-ATM: InitializeIPDv05p2b extro {ES}:! <name: ATM-ImportState-namespace:OCN> <intent: ESMF_STATEINTENT_IMPORT> <itemCount:    1>
20260620 224153.356 INFO             PET2       OCN-TO-ATM: InitializeIPDv05p2b extro {ES}:! +-<item: 0001> <itemType: Field> <itemName: sea_surface_temperature>
20260620 224153.356 INFO             PET2       OCN-TO-ATM: InitializeIPDv05p2b extro {ES}:! !--- FieldLog() start -----------------
20260620 224153.356 INFO             PET2       OCN-TO-ATM: InitializeIPDv05p2b extro {ES}:! ! <name: sea_surface_temperature> <fieldStatus: ESMF_FIELDSTATUS_EMPTY>
20260620 224153.356 INFO             PET2       OCN-TO-ATM: InitializeIPDv05p2b extro {ES}:! ! 0x16b014d68 => 0x106be2020 => 0x142f26f90
20260620 224153.356 INFO             PET2       OCN-TO-ATM: InitializeIPDv05p2b extro {ES}:! !--- FieldLog() end -------------------
20260620 224153.356 INFO             PET2       OCN-TO-ATM: InitializeIPDv05p2b extro {ES}:--- StateLog() end -------------------
20260620 224153.356 INFO             PET2     OCN-TO-ATM: InitializeIPDv05p2b extro.
20260620 224153.357 INFO             PET2     esm: IInitModifyCplLists intro.
20260620 224153.357 INFO             PET2       esm: IInitModifyCplLists intro {IS}:--- StateLog() start -----------------
20260620 224153.357 INFO             PET2       esm: IInitModifyCplLists intro {IS}:State object is invalid! Not created or deleted!
20260620 224153.357 INFO             PET2       esm: IInitModifyCplLists intro {IS}:--- StateLog() end -------------------
20260620 224153.357 INFO             PET2       esm: IInitModifyCplLists intro {ES}:--- StateLog() start -----------------
20260620 224153.357 INFO             PET2       esm: IInitModifyCplLists intro {ES}:State object is invalid! Not created or deleted!
20260620 224153.357 INFO             PET2       esm: IInitModifyCplLists intro {ES}:--- StateLog() end -------------------
20260620 224153.357 INFO             PET2       >>>esm: entered Initialize (phase=<none>) with current time: 2010  6  1  0  0  0   0
20260620 224153.357 INFO             PET2       <<<esm: leaving Initialize (phase=<none>) with current time: 2010  6  1  0  0  0   0
20260620 224153.357 INFO             PET2       esm: IInitModifyCplLists extro {IS}:--- StateLog() start -----------------
20260620 224153.357 INFO             PET2       esm: IInitModifyCplLists extro {IS}:State object is invalid! Not created or deleted!
20260620 224153.357 INFO             PET2       esm: IInitModifyCplLists extro {IS}:--- StateLog() end -------------------
20260620 224153.357 INFO             PET2       esm: IInitModifyCplLists extro {ES}:--- StateLog() start -----------------
20260620 224153.357 INFO             PET2       esm: IInitModifyCplLists extro {ES}:State object is invalid! Not created or deleted!
20260620 224153.357 INFO             PET2       esm: IInitModifyCplLists extro {ES}:--- StateLog() end -------------------
20260620 224153.357 INFO             PET2     esm: IInitModifyCplLists extro.
20260620 224153.357 INFO             PET2     ATM-TO-OCN: InitializeIPDv05p3 intro.
20260620 224153.357 INFO             PET2       ATM-TO-OCN: InitializeIPDv05p3 intro {IS}:--- StateLog() start -----------------
20260620 224153.357 INFO             PET2       ATM-TO-OCN: InitializeIPDv05p3 intro {IS}:<name: ATM-ExportState> <intent: ESMF_STATEINTENT_EXPORT> <itemCount:    0>
20260620 224153.357 INFO             PET2       ATM-TO-OCN: InitializeIPDv05p3 intro {IS}:--- StateLog() end -------------------
20260620 224153.357 INFO             PET2       ATM-TO-OCN: InitializeIPDv05p3 intro {ES}:--- StateLog() start -----------------
20260620 224153.357 INFO             PET2       ATM-TO-OCN: InitializeIPDv05p3 intro {ES}:<name: OCN-ImportState> <intent: ESMF_STATEINTENT_IMPORT> <itemCount:    0>
20260620 224153.357 INFO             PET2       ATM-TO-OCN: InitializeIPDv05p3 intro {ES}:--- StateLog() end -------------------
20260620 224153.357 INFO             PET2       ATM-TO-OCN: InitializeIPDv05p3 extro {IS}:--- StateLog() start -----------------
20260620 224153.357 INFO             PET2       ATM-TO-OCN: InitializeIPDv05p3 extro {IS}:<name: ATM-ExportState> <intent: ESMF_STATEINTENT_EXPORT> <itemCount:    0>
20260620 224153.357 INFO             PET2       ATM-TO-OCN: InitializeIPDv05p3 extro {IS}:--- StateLog() end -------------------
20260620 224153.357 INFO             PET2       ATM-TO-OCN: InitializeIPDv05p3 extro {ES}:--- StateLog() start -----------------
20260620 224153.357 INFO             PET2       ATM-TO-OCN: InitializeIPDv05p3 extro {ES}:<name: OCN-ImportState> <intent: ESMF_STATEINTENT_IMPORT> <itemCount:    0>
20260620 224153.357 INFO             PET2       ATM-TO-OCN: InitializeIPDv05p3 extro {ES}:--- StateLog() end -------------------
20260620 224153.357 INFO             PET2     ATM-TO-OCN: InitializeIPDv05p3 extro.
20260620 224153.357 INFO             PET2     OCN-TO-ATM: InitializeIPDv05p3 intro.
20260620 224153.357 INFO             PET2       OCN-TO-ATM: InitializeIPDv05p3 intro {IS}:--- StateLog() start -----------------
20260620 224153.357 INFO             PET2       OCN-TO-ATM: InitializeIPDv05p3 intro {IS}:<name: OCN-ExportState> <intent: ESMF_STATEINTENT_EXPORT> <itemCount:    1>
20260620 224153.357 INFO             PET2       OCN-TO-ATM: InitializeIPDv05p3 intro {IS}:+-<item: 0001> <itemType: Field> <itemName: sst>
20260620 224153.357 INFO             PET2       OCN-TO-ATM: InitializeIPDv05p3 intro {IS}:!--- FieldLog() start -----------------
20260620 224153.357 INFO             PET2       OCN-TO-ATM: InitializeIPDv05p3 intro {IS}:! <name: sst> <fieldStatus: ESMF_FIELDSTATUS_EMPTY>
20260620 224153.357 INFO             PET2       OCN-TO-ATM: InitializeIPDv05p3 intro {IS}:! 0x16b011c78 => 0x106bcb950 => 0x142f23d70
20260620 224153.357 INFO             PET2       OCN-TO-ATM: InitializeIPDv05p3 intro {IS}:!--- FieldLog() end -------------------
20260620 224153.357 INFO             PET2       OCN-TO-ATM: InitializeIPDv05p3 intro {IS}:--- StateLog() end -------------------
20260620 224153.357 INFO             PET2       OCN-TO-ATM: InitializeIPDv05p3 intro {ES}:--- StateLog() start -----------------
20260620 224153.357 INFO             PET2       OCN-TO-ATM: InitializeIPDv05p3 intro {ES}:<name: ATM-ImportState> <intent: ESMF_STATEINTENT_IMPORT> <itemCount:    1>
20260620 224153.357 INFO             PET2       OCN-TO-ATM: InitializeIPDv05p3 intro {ES}:+-<item: 0001> <itemType: State> <itemName: ATM-ImportState-namespace:OCN>
20260620 224153.357 INFO             PET2       OCN-TO-ATM: InitializeIPDv05p3 intro {ES}:! <name: ATM-ImportState-namespace:OCN> <intent: ESMF_STATEINTENT_IMPORT> <itemCount:    1>
20260620 224153.357 INFO             PET2       OCN-TO-ATM: InitializeIPDv05p3 intro {ES}:! +-<item: 0001> <itemType: Field> <itemName: sea_surface_temperature>
20260620 224153.357 INFO             PET2       OCN-TO-ATM: InitializeIPDv05p3 intro {ES}:! !--- FieldLog() start -----------------
20260620 224153.357 INFO             PET2       OCN-TO-ATM: InitializeIPDv05p3 intro {ES}:! ! <name: sea_surface_temperature> <fieldStatus: ESMF_FIELDSTATUS_EMPTY>
20260620 224153.357 INFO             PET2       OCN-TO-ATM: InitializeIPDv05p3 intro {ES}:! ! 0x16b0101d8 => 0x106be2020 => 0x142f26f90
20260620 224153.357 INFO             PET2       OCN-TO-ATM: InitializeIPDv05p3 intro {ES}:! !--- FieldLog() end -------------------
20260620 224153.357 INFO             PET2       OCN-TO-ATM: InitializeIPDv05p3 intro {ES}:--- StateLog() end -------------------
20260620 224153.359 INFO             PET2       OCN-TO-ATM: handle cplList(1): sea_surface_temperature, cplSetList(1): __UNSPECIFIED__
20260620 224153.359 INFO             PET2       OCN-TO-ATM: - connected.
20260620 224153.359 INFO             PET2       OCN-TO-ATM: - import side must provide, export side may accept the Field/GeomObject.
20260620 224153.359 INFO             PET2       OCN-TO-ATM: - combination of provider and acceptor VM does NOT support Field and/or GeomObject sharing between them.
20260620 224153.359 INFO             PET2       OCN-TO-ATM: InitializeIPDv05p3 extro {IS}:--- StateLog() start -----------------
20260620 224153.359 INFO             PET2       OCN-TO-ATM: InitializeIPDv05p3 extro {IS}:<name: OCN-ExportState> <intent: ESMF_STATEINTENT_EXPORT> <itemCount:    1>
20260620 224153.359 INFO             PET2       OCN-TO-ATM: InitializeIPDv05p3 extro {IS}:+-<item: 0001> <itemType: Field> <itemName: sst>
20260620 224153.359 INFO             PET2       OCN-TO-ATM: InitializeIPDv05p3 extro {IS}:!--- FieldLog() start -----------------
20260620 224153.359 INFO             PET2       OCN-TO-ATM: InitializeIPDv05p3 extro {IS}:! <name: sst> <fieldStatus: ESMF_FIELDSTATUS_EMPTY>
20260620 224153.359 INFO             PET2       OCN-TO-ATM: InitializeIPDv05p3 extro {IS}:! 0x16b012e88 => 0x106bcb950 => 0x142f23d70
20260620 224153.359 INFO             PET2       OCN-TO-ATM: InitializeIPDv05p3 extro {IS}:!--- FieldLog() end -------------------
20260620 224153.359 INFO             PET2       OCN-TO-ATM: InitializeIPDv05p3 extro {IS}:--- StateLog() end -------------------
20260620 224153.359 INFO             PET2       OCN-TO-ATM: InitializeIPDv05p3 extro {ES}:--- StateLog() start -----------------
20260620 224153.359 INFO             PET2       OCN-TO-ATM: InitializeIPDv05p3 extro {ES}:<name: ATM-ImportState> <intent: ESMF_STATEINTENT_IMPORT> <itemCount:    1>
20260620 224153.359 INFO             PET2       OCN-TO-ATM: InitializeIPDv05p3 extro {ES}:+-<item: 0001> <itemType: State> <itemName: ATM-ImportState-namespace:OCN>
20260620 224153.359 INFO             PET2       OCN-TO-ATM: InitializeIPDv05p3 extro {ES}:! <name: ATM-ImportState-namespace:OCN> <intent: ESMF_STATEINTENT_IMPORT> <itemCount:    1>
20260620 224153.359 INFO             PET2       OCN-TO-ATM: InitializeIPDv05p3 extro {ES}:! +-<item: 0001> <itemType: Field> <itemName: sea_surface_temperature>
20260620 224153.359 INFO             PET2       OCN-TO-ATM: InitializeIPDv05p3 extro {ES}:! !--- FieldLog() start -----------------
20260620 224153.359 INFO             PET2       OCN-TO-ATM: InitializeIPDv05p3 extro {ES}:! ! <name: sea_surface_temperature> <fieldStatus: ESMF_FIELDSTATUS_EMPTY>
20260620 224153.359 INFO             PET2       OCN-TO-ATM: InitializeIPDv05p3 extro {ES}:! ! 0x16b0113e8 => 0x106be4810 => 0x142f27800
20260620 224153.359 INFO             PET2       OCN-TO-ATM: InitializeIPDv05p3 extro {ES}:! !--- FieldLog() end -------------------
20260620 224153.359 INFO             PET2       OCN-TO-ATM: InitializeIPDv05p3 extro {ES}:--- StateLog() end -------------------
20260620 224153.359 INFO             PET2     OCN-TO-ATM: InitializeIPDv05p3 extro.
20260620 224153.360 INFO             PET2     <<<esm: leaving Initialize (phase=<none>) with current time: 2010  6  1  0  0  0   0
20260620 224153.360 INFO             PET2     esm: InitializeIPDv02p1 extro {IS}:--- StateLog() start -----------------
20260620 224153.360 INFO             PET2     esm: InitializeIPDv02p1 extro {IS}:State object is invalid! Not created or deleted!
20260620 224153.360 INFO             PET2     esm: InitializeIPDv02p1 extro {IS}:--- StateLog() end -------------------
20260620 224153.360 INFO             PET2     esm: InitializeIPDv02p1 extro {ES}:--- StateLog() start -----------------
20260620 224153.360 INFO             PET2     esm: InitializeIPDv02p1 extro {ES}:State object is invalid! Not created or deleted!
20260620 224153.360 INFO             PET2     esm: InitializeIPDv02p1 extro {ES}:--- StateLog() end -------------------
20260620 224153.360 INFO             PET2   esm: InitializeIPDv02p1 extro.
20260620 224153.360 INFO             PET2   esm: InitializeIPDv02p3 intro.
20260620 224153.360 INFO             PET2     esm: InitializeIPDv02p3 intro {IS}:--- StateLog() start -----------------
20260620 224153.360 INFO             PET2     esm: InitializeIPDv02p3 intro {IS}:State object is invalid! Not created or deleted!
20260620 224153.360 INFO             PET2     esm: InitializeIPDv02p3 intro {IS}:--- StateLog() end -------------------
20260620 224153.360 INFO             PET2     esm: InitializeIPDv02p3 intro {ES}:--- StateLog() start -----------------
20260620 224153.360 INFO             PET2     esm: InitializeIPDv02p3 intro {ES}:State object is invalid! Not created or deleted!
20260620 224153.360 INFO             PET2     esm: InitializeIPDv02p3 intro {ES}:--- StateLog() end -------------------
20260620 224153.360 INFO             PET2     >>>esm: entered Initialize (phase=<none>) with current time: 2010  6  1  0  0  0   0
20260620 224153.360 INFO             PET2     esm: IInitCheck intro.
20260620 224153.360 INFO             PET2       esm: IInitCheck intro {IS}:--- StateLog() start -----------------
20260620 224153.360 INFO             PET2       esm: IInitCheck intro {IS}:State object is invalid! Not created or deleted!
20260620 224153.360 INFO             PET2       esm: IInitCheck intro {IS}:--- StateLog() end -------------------
20260620 224153.360 INFO             PET2       esm: IInitCheck intro {ES}:--- StateLog() start -----------------
20260620 224153.360 INFO             PET2       esm: IInitCheck intro {ES}:State object is invalid! Not created or deleted!
20260620 224153.360 INFO             PET2       esm: IInitCheck intro {ES}:--- StateLog() end -------------------
20260620 224153.360 INFO             PET2       >>>esm: entered Initialize (phase=<none>) with current time: 2010  6  1  0  0  0   0
20260620 224153.360 INFO             PET2       <<<esm: leaving Initialize (phase=<none>) with current time: 2010  6  1  0  0  0   0
20260620 224153.360 INFO             PET2       esm: IInitCheck extro {IS}:--- StateLog() start -----------------
20260620 224153.360 INFO             PET2       esm: IInitCheck extro {IS}:State object is invalid! Not created or deleted!
20260620 224153.360 INFO             PET2       esm: IInitCheck extro {IS}:--- StateLog() end -------------------
20260620 224153.360 INFO             PET2       esm: IInitCheck extro {ES}:--- StateLog() start -----------------
20260620 224153.360 INFO             PET2       esm: IInitCheck extro {ES}:State object is invalid! Not created or deleted!
20260620 224153.360 INFO             PET2       esm: IInitCheck extro {ES}:--- StateLog() end -------------------
20260620 224153.360 INFO             PET2     esm: IInitCheck extro.
20260620 224153.360 INFO             PET2     OCN: InitializeIPDvXp04 intro.
20260620 224153.360 INFO             PET2       OCN: InitializeIPDvXp04 intro {IS}:--- StateLog() start -----------------
20260620 224153.360 INFO             PET2       OCN: InitializeIPDvXp04 intro {IS}:<name: OCN-ImportState> <intent: ESMF_STATEINTENT_IMPORT> <itemCount:    0>
20260620 224153.360 INFO             PET2       OCN: InitializeIPDvXp04 intro {IS}:--- StateLog() end -------------------
20260620 224153.360 INFO             PET2       OCN: InitializeIPDvXp04 intro {ES}:--- StateLog() start -----------------
20260620 224153.360 INFO             PET2       OCN: InitializeIPDvXp04 intro {ES}:<name: OCN-ExportState> <intent: ESMF_STATEINTENT_EXPORT> <itemCount:    1>
20260620 224153.360 INFO             PET2       OCN: InitializeIPDvXp04 intro {ES}:+-<item: 0001> <itemType: Field> <itemName: sst>
20260620 224153.360 INFO             PET2       OCN: InitializeIPDvXp04 intro {ES}:!--- FieldLog() start -----------------
20260620 224153.360 INFO             PET2       OCN: InitializeIPDvXp04 intro {ES}:! <name: sst> <fieldStatus: ESMF_FIELDSTATUS_EMPTY>
20260620 224153.360 INFO             PET2       OCN: InitializeIPDvXp04 intro {ES}:! 0x16b01e388 => 0x106bcb950 => 0x142f23d70
20260620 224153.360 INFO             PET2       OCN: InitializeIPDvXp04 intro {ES}:!--- FieldLog() end -------------------
20260620 224153.360 INFO             PET2       OCN: InitializeIPDvXp04 intro {ES}:--- StateLog() end -------------------
20260620 224153.360 INFO             PET2       >>>OCN: entered Initialize (phase=IPDvXp04) without valid internal Clock.
20260620 224153.362 INFO             PET2       <<<OCN: leaving Initialize (phase=IPDvXp04) without valid internal Clock.
20260620 224153.362 INFO             PET2       OCN: InitializeIPDvXp04 extro {IS}:--- StateLog() start -----------------
20260620 224153.362 INFO             PET2       OCN: InitializeIPDvXp04 extro {IS}:<name: OCN-ImportState> <intent: ESMF_STATEINTENT_IMPORT> <itemCount:    0>
20260620 224153.362 INFO             PET2       OCN: InitializeIPDvXp04 extro {IS}:--- StateLog() end -------------------
20260620 224153.362 INFO             PET2       OCN: InitializeIPDvXp04 extro {ES}:--- StateLog() start -----------------
20260620 224153.362 INFO             PET2       OCN: InitializeIPDvXp04 extro {ES}:<name: OCN-ExportState> <intent: ESMF_STATEINTENT_EXPORT> <itemCount:    1>
20260620 224153.362 INFO             PET2       OCN: InitializeIPDvXp04 extro {ES}:+-<item: 0001> <itemType: Field> <itemName: sst>
20260620 224153.362 INFO             PET2       OCN: InitializeIPDvXp04 extro {ES}:!--- FieldLog() start -----------------
20260620 224153.362 INFO             PET2       OCN: InitializeIPDvXp04 extro {ES}:! <name: sst> <fieldStatus: ESMF_FIELDSTATUS_COMPLETE>
20260620 224153.362 INFO             PET2       OCN: InitializeIPDvXp04 extro {ES}:! 0x16b01f598 => 0x106be4d30 => 0x142f28750
20260620 224153.362 INFO             PET2       OCN: InitializeIPDvXp04 extro {ES}:! <typekind: Real*8> <rank:    2> <dimCount:    2>
20260620 224153.362 INFO             PET2       OCN: InitializeIPDvXp04 extro {ES}:! ! --- Array::log() start -----------------------------------
20260620 224153.362 INFO             PET2       OCN: InitializeIPDvXp04 extro {ES}:! ! 0x143827000
20260620 224153.362 INFO             PET2       OCN: InitializeIPDvXp04 extro {ES}:! ! <name: sst>
20260620 224153.362 INFO             PET2       OCN: InitializeIPDvXp04 extro {ES}:! ! ! --- DistGrid::log() start --------------------------------
20260620 224153.362 INFO             PET2       OCN: InitializeIPDvXp04 extro {ES}:! ! ! 0x143825800
20260620 224153.362 INFO             PET2       OCN: InitializeIPDvXp04 extro {ES}:! ! ! DistGrid object is valid!<name: DG-Grid003-sloc:0>
20260620 224153.362 INFO             PET2       OCN: InitializeIPDvXp04 extro {ES}:! ! ! --- DistGrid::log() end ----------------------------------
20260620 224153.362 INFO             PET2       OCN: InitializeIPDvXp04 extro {ES}:! ! --- Array::log() end -------------------------------------
20260620 224153.362 INFO             PET2       OCN: InitializeIPDvXp04 extro {ES}:!--- FieldLog() end -------------------
20260620 224153.362 INFO             PET2       OCN: InitializeIPDvXp04 extro {ES}:--- StateLog() end -------------------
20260620 224153.362 INFO             PET2     OCN: InitializeIPDvXp04 extro.
20260620 224153.362 INFO             PET2     ATM-TO-OCN: InitializeIPDv05p4 intro.
20260620 224153.362 INFO             PET2       ATM-TO-OCN: InitializeIPDv05p4 intro {IS}:--- StateLog() start -----------------
20260620 224153.362 INFO             PET2       ATM-TO-OCN: InitializeIPDv05p4 intro {IS}:<name: ATM-ExportState> <intent: ESMF_STATEINTENT_EXPORT> <itemCount:    0>
20260620 224153.362 INFO             PET2       ATM-TO-OCN: InitializeIPDv05p4 intro {IS}:--- StateLog() end -------------------
20260620 224153.362 INFO             PET2       ATM-TO-OCN: InitializeIPDv05p4 intro {ES}:--- StateLog() start -----------------
20260620 224153.362 INFO             PET2       ATM-TO-OCN: InitializeIPDv05p4 intro {ES}:<name: OCN-ImportState> <intent: ESMF_STATEINTENT_IMPORT> <itemCount:    0>
20260620 224153.362 INFO             PET2       ATM-TO-OCN: InitializeIPDv05p4 intro {ES}:--- StateLog() end -------------------
20260620 224153.362 INFO             PET2       ATM-TO-OCN: InitializeIPDv05p4 extro {IS}:--- StateLog() start -----------------
20260620 224153.362 INFO             PET2       ATM-TO-OCN: InitializeIPDv05p4 extro {IS}:<name: ATM-ExportState> <intent: ESMF_STATEINTENT_EXPORT> <itemCount:    0>
20260620 224153.362 INFO             PET2       ATM-TO-OCN: InitializeIPDv05p4 extro {IS}:--- StateLog() end -------------------
20260620 224153.362 INFO             PET2       ATM-TO-OCN: InitializeIPDv05p4 extro {ES}:--- StateLog() start -----------------
20260620 224153.362 INFO             PET2       ATM-TO-OCN: InitializeIPDv05p4 extro {ES}:<name: OCN-ImportState> <intent: ESMF_STATEINTENT_IMPORT> <itemCount:    0>
20260620 224153.362 INFO             PET2       ATM-TO-OCN: InitializeIPDv05p4 extro {ES}:--- StateLog() end -------------------
20260620 224153.362 INFO             PET2     ATM-TO-OCN: InitializeIPDv05p4 extro.
20260620 224153.363 INFO             PET2     OCN-TO-ATM: InitializeIPDv05p4 intro.
20260620 224153.363 INFO             PET2       OCN-TO-ATM: InitializeIPDv05p4 intro {IS}:--- StateLog() start -----------------
20260620 224153.363 INFO             PET2       OCN-TO-ATM: InitializeIPDv05p4 intro {IS}:<name: OCN-ExportState> <intent: ESMF_STATEINTENT_EXPORT> <itemCount:    1>
20260620 224153.363 INFO             PET2       OCN-TO-ATM: InitializeIPDv05p4 intro {IS}:+-<item: 0001> <itemType: Field> <itemName: sst>
20260620 224153.363 INFO             PET2       OCN-TO-ATM: InitializeIPDv05p4 intro {IS}:!--- FieldLog() start -----------------
20260620 224153.363 INFO             PET2       OCN-TO-ATM: InitializeIPDv05p4 intro {IS}:! <name: sst> <fieldStatus: ESMF_FIELDSTATUS_COMPLETE>
20260620 224153.363 INFO             PET2       OCN-TO-ATM: InitializeIPDv05p4 intro {IS}:! 0x16b0167c8 => 0x106be4d30 => 0x142f28750
20260620 224153.363 INFO             PET2       OCN-TO-ATM: InitializeIPDv05p4 intro {IS}:! <typekind: Real*8> <rank:    2> <dimCount:    2>
20260620 224153.363 INFO             PET2       OCN-TO-ATM: InitializeIPDv05p4 intro {IS}:! ! --- Array::log() start -----------------------------------
20260620 224153.363 INFO             PET2       OCN-TO-ATM: InitializeIPDv05p4 intro {IS}:! ! 0x143827000
20260620 224153.363 INFO             PET2       OCN-TO-ATM: InitializeIPDv05p4 intro {IS}:! ! <name: sst>
20260620 224153.363 INFO             PET2       OCN-TO-ATM: InitializeIPDv05p4 intro {IS}:! ! ! --- DistGrid::log() start --------------------------------
20260620 224153.363 INFO             PET2       OCN-TO-ATM: InitializeIPDv05p4 intro {IS}:! ! ! 0x143825800
20260620 224153.363 INFO             PET2       OCN-TO-ATM: InitializeIPDv05p4 intro {IS}:! ! ! DistGrid object is valid!<name: DG-Grid003-sloc:0>
20260620 224153.363 INFO             PET2       OCN-TO-ATM: InitializeIPDv05p4 intro {IS}:! ! ! --- DistGrid::log() end ----------------------------------
20260620 224153.363 INFO             PET2       OCN-TO-ATM: InitializeIPDv05p4 intro {IS}:! ! --- Array::log() end -------------------------------------
20260620 224153.363 INFO             PET2       OCN-TO-ATM: InitializeIPDv05p4 intro {IS}:!--- FieldLog() end -------------------
20260620 224153.363 INFO             PET2       OCN-TO-ATM: InitializeIPDv05p4 intro {IS}:--- StateLog() end -------------------
20260620 224153.363 INFO             PET2       OCN-TO-ATM: InitializeIPDv05p4 intro {ES}:--- StateLog() start -----------------
20260620 224153.363 INFO             PET2       OCN-TO-ATM: InitializeIPDv05p4 intro {ES}:<name: ATM-ImportState> <intent: ESMF_STATEINTENT_IMPORT> <itemCount:    1>
20260620 224153.363 INFO             PET2       OCN-TO-ATM: InitializeIPDv05p4 intro {ES}:+-<item: 0001> <itemType: State> <itemName: ATM-ImportState-namespace:OCN>
20260620 224153.363 INFO             PET2       OCN-TO-ATM: InitializeIPDv05p4 intro {ES}:! <name: ATM-ImportState-namespace:OCN> <intent: ESMF_STATEINTENT_IMPORT> <itemCount:    1>
20260620 224153.363 INFO             PET2       OCN-TO-ATM: InitializeIPDv05p4 intro {ES}:! +-<item: 0001> <itemType: Field> <itemName: sea_surface_temperature>
20260620 224153.363 INFO             PET2       OCN-TO-ATM: InitializeIPDv05p4 intro {ES}:! !--- FieldLog() start -----------------
20260620 224153.363 INFO             PET2       OCN-TO-ATM: InitializeIPDv05p4 intro {ES}:! ! <name: sea_surface_temperature> <fieldStatus: ESMF_FIELDSTATUS_EMPTY>
20260620 224153.363 INFO             PET2       OCN-TO-ATM: InitializeIPDv05p4 intro {ES}:! ! 0x16b014d28 => 0x106be4810 => 0x142f27800
20260620 224153.363 INFO             PET2       OCN-TO-ATM: InitializeIPDv05p4 intro {ES}:! !--- FieldLog() end -------------------
20260620 224153.363 INFO             PET2       OCN-TO-ATM: InitializeIPDv05p4 intro {ES}:--- StateLog() end -------------------
20260620 224153.366 INFO             PET2       OCN-TO-ATM: handle cplList(1): sea_surface_temperature, cplSetList(1): __UNSPECIFIED__
20260620 224153.366 INFO             PET2       OCN-TO-ATM: - import ShareStatusGeomObject=not shared
20260620 224153.366 INFO             PET2       OCN-TO-ATM: - export ShareStatusGeomObject=not shared
20260620 224153.366 INFO             PET2       OCN-TO-ATM: -> NOT sharing GeomObject
20260620 224153.366 INFO             PET2       OCN-TO-ATM: - import ShareStatusField=not shared
20260620 224153.366 INFO             PET2       OCN-TO-ATM: - export ShareStatusField=not shared
20260620 224153.366 INFO             PET2       OCN-TO-ATM: -> NOT sharing Field.
20260620 224153.366 INFO             PET2       OCN-TO-ATM:  gridListMatch= F for provider Grid: Grid003
20260620 224153.366 INFO             PET2       OCN-TO-ATM: - transferring underlying DistGrid (import -> export) for Grid: Grid003
20260620 224153.366 INFO             PET2       OCN-TO-ATM: - done creating acceptorDG from providerDG
20260620 224153.366 INFO             PET2       OCN-TO-ATM: - done transferring underlying DistGrid
20260620 224153.366 INFO             PET2       OCN-TO-ATM: InitializeIPDv05p4 extro {IS}:--- StateLog() start -----------------
20260620 224153.366 INFO             PET2       OCN-TO-ATM: InitializeIPDv05p4 extro {IS}:<name: OCN-ExportState> <intent: ESMF_STATEINTENT_EXPORT> <itemCount:    1>
20260620 224153.366 INFO             PET2       OCN-TO-ATM: InitializeIPDv05p4 extro {IS}:+-<item: 0001> <itemType: Field> <itemName: sst>
20260620 224153.366 INFO             PET2       OCN-TO-ATM: InitializeIPDv05p4 extro {IS}:!--- FieldLog() start -----------------
20260620 224153.366 INFO             PET2       OCN-TO-ATM: InitializeIPDv05p4 extro {IS}:! <name: sst> <fieldStatus: ESMF_FIELDSTATUS_COMPLETE>
20260620 224153.366 INFO             PET2       OCN-TO-ATM: InitializeIPDv05p4 extro {IS}:! 0x16b0179d8 => 0x106be4d30 => 0x142f28750
20260620 224153.366 INFO             PET2       OCN-TO-ATM: InitializeIPDv05p4 extro {IS}:! <typekind: Real*8> <rank:    2> <dimCount:    2>
20260620 224153.366 INFO             PET2       OCN-TO-ATM: InitializeIPDv05p4 extro {IS}:! ! --- Array::log() start -----------------------------------
20260620 224153.366 INFO             PET2       OCN-TO-ATM: InitializeIPDv05p4 extro {IS}:! ! 0x143827000
20260620 224153.366 INFO             PET2       OCN-TO-ATM: InitializeIPDv05p4 extro {IS}:! ! <name: sst>
20260620 224153.366 INFO             PET2       OCN-TO-ATM: InitializeIPDv05p4 extro {IS}:! ! ! --- DistGrid::log() start --------------------------------
20260620 224153.366 INFO             PET2       OCN-TO-ATM: InitializeIPDv05p4 extro {IS}:! ! ! 0x143825800
20260620 224153.366 INFO             PET2       OCN-TO-ATM: InitializeIPDv05p4 extro {IS}:! ! ! DistGrid object is valid!<name: DG-Grid003-sloc:0>
20260620 224153.366 INFO             PET2       OCN-TO-ATM: InitializeIPDv05p4 extro {IS}:! ! ! --- DistGrid::log() end ----------------------------------
20260620 224153.366 INFO             PET2       OCN-TO-ATM: InitializeIPDv05p4 extro {IS}:! ! --- Array::log() end -------------------------------------
20260620 224153.366 INFO             PET2       OCN-TO-ATM: InitializeIPDv05p4 extro {IS}:!--- FieldLog() end -------------------
20260620 224153.366 INFO             PET2       OCN-TO-ATM: InitializeIPDv05p4 extro {IS}:--- StateLog() end -------------------
20260620 224153.366 INFO             PET2       OCN-TO-ATM: InitializeIPDv05p4 extro {ES}:--- StateLog() start -----------------
20260620 224153.366 INFO             PET2       OCN-TO-ATM: InitializeIPDv05p4 extro {ES}:<name: ATM-ImportState> <intent: ESMF_STATEINTENT_IMPORT> <itemCount:    1>
20260620 224153.366 INFO             PET2       OCN-TO-ATM: InitializeIPDv05p4 extro {ES}:+-<item: 0001> <itemType: State> <itemName: ATM-ImportState-namespace:OCN>
20260620 224153.366 INFO             PET2       OCN-TO-ATM: InitializeIPDv05p4 extro {ES}:! <name: ATM-ImportState-namespace:OCN> <intent: ESMF_STATEINTENT_IMPORT> <itemCount:    1>
20260620 224153.366 INFO             PET2       OCN-TO-ATM: InitializeIPDv05p4 extro {ES}:! +-<item: 0001> <itemType: Field> <itemName: sea_surface_temperature>
20260620 224153.366 INFO             PET2       OCN-TO-ATM: InitializeIPDv05p4 extro {ES}:! !--- FieldLog() start -----------------
20260620 224153.366 INFO             PET2       OCN-TO-ATM: InitializeIPDv05p4 extro {ES}:! ! <name: sea_surface_temperature> <fieldStatus: ESMF_FIELDSTATUS_EMPTY>
20260620 224153.366 INFO             PET2       OCN-TO-ATM: InitializeIPDv05p4 extro {ES}:! ! 0x16b015f38 => 0x106be8d30 => 0x142f29140
20260620 224153.366 INFO             PET2       OCN-TO-ATM: InitializeIPDv05p4 extro {ES}:! !--- FieldLog() end -------------------
20260620 224153.366 INFO             PET2       OCN-TO-ATM: InitializeIPDv05p4 extro {ES}:--- StateLog() end -------------------
20260620 224153.366 INFO             PET2     OCN-TO-ATM: InitializeIPDv05p4 extro.
20260620 224153.366 INFO             PET2     ATM-TO-OCN: InitializeIPDv05p5 intro.
20260620 224153.366 INFO             PET2       ATM-TO-OCN: InitializeIPDv05p5 intro {IS}:--- StateLog() start -----------------
20260620 224153.366 INFO             PET2       ATM-TO-OCN: InitializeIPDv05p5 intro {IS}:<name: ATM-ExportState> <intent: ESMF_STATEINTENT_EXPORT> <itemCount:    0>
20260620 224153.366 INFO             PET2       ATM-TO-OCN: InitializeIPDv05p5 intro {IS}:--- StateLog() end -------------------
20260620 224153.366 INFO             PET2       ATM-TO-OCN: InitializeIPDv05p5 intro {ES}:--- StateLog() start -----------------
20260620 224153.366 INFO             PET2       ATM-TO-OCN: InitializeIPDv05p5 intro {ES}:<name: OCN-ImportState> <intent: ESMF_STATEINTENT_IMPORT> <itemCount:    0>
20260620 224153.366 INFO             PET2       ATM-TO-OCN: InitializeIPDv05p5 intro {ES}:--- StateLog() end -------------------
20260620 224153.367 INFO             PET2       ATM-TO-OCN: InitializeIPDv05p5 extro {IS}:--- StateLog() start -----------------
20260620 224153.367 INFO             PET2       ATM-TO-OCN: InitializeIPDv05p5 extro {IS}:<name: ATM-ExportState> <intent: ESMF_STATEINTENT_EXPORT> <itemCount:    0>
20260620 224153.367 INFO             PET2       ATM-TO-OCN: InitializeIPDv05p5 extro {IS}:--- StateLog() end -------------------
20260620 224153.367 INFO             PET2       ATM-TO-OCN: InitializeIPDv05p5 extro {ES}:--- StateLog() start -----------------
20260620 224153.367 INFO             PET2       ATM-TO-OCN: InitializeIPDv05p5 extro {ES}:<name: OCN-ImportState> <intent: ESMF_STATEINTENT_IMPORT> <itemCount:    0>
20260620 224153.367 INFO             PET2       ATM-TO-OCN: InitializeIPDv05p5 extro {ES}:--- StateLog() end -------------------
20260620 224153.367 INFO             PET2     ATM-TO-OCN: InitializeIPDv05p5 extro.
20260620 224153.367 INFO             PET2     OCN-TO-ATM: InitializeIPDv05p5 intro.
20260620 224153.367 INFO             PET2       OCN-TO-ATM: InitializeIPDv05p5 intro {IS}:--- StateLog() start -----------------
20260620 224153.367 INFO             PET2       OCN-TO-ATM: InitializeIPDv05p5 intro {IS}:<name: OCN-ExportState> <intent: ESMF_STATEINTENT_EXPORT> <itemCount:    1>
20260620 224153.367 INFO             PET2       OCN-TO-ATM: InitializeIPDv05p5 intro {IS}:+-<item: 0001> <itemType: Field> <itemName: sst>
20260620 224153.367 INFO             PET2       OCN-TO-ATM: InitializeIPDv05p5 intro {IS}:!--- FieldLog() start -----------------
20260620 224153.367 INFO             PET2       OCN-TO-ATM: InitializeIPDv05p5 intro {IS}:! <name: sst> <fieldStatus: ESMF_FIELDSTATUS_COMPLETE>
20260620 224153.367 INFO             PET2       OCN-TO-ATM: InitializeIPDv05p5 intro {IS}:! 0x16b017768 => 0x106be4d30 => 0x142f28750
20260620 224153.367 INFO             PET2       OCN-TO-ATM: InitializeIPDv05p5 intro {IS}:! <typekind: Real*8> <rank:    2> <dimCount:    2>
20260620 224153.367 INFO             PET2       OCN-TO-ATM: InitializeIPDv05p5 intro {IS}:! ! --- Array::log() start -----------------------------------
20260620 224153.367 INFO             PET2       OCN-TO-ATM: InitializeIPDv05p5 intro {IS}:! ! 0x143827000
20260620 224153.367 INFO             PET2       OCN-TO-ATM: InitializeIPDv05p5 intro {IS}:! ! <name: sst>
20260620 224153.367 INFO             PET2       OCN-TO-ATM: InitializeIPDv05p5 intro {IS}:! ! ! --- DistGrid::log() start --------------------------------
20260620 224153.367 INFO             PET2       OCN-TO-ATM: InitializeIPDv05p5 intro {IS}:! ! ! 0x143825800
20260620 224153.367 INFO             PET2       OCN-TO-ATM: InitializeIPDv05p5 intro {IS}:! ! ! DistGrid object is valid!<name: DG-Grid003-sloc:0>
20260620 224153.367 INFO             PET2       OCN-TO-ATM: InitializeIPDv05p5 intro {IS}:! ! ! --- DistGrid::log() end ----------------------------------
20260620 224153.367 INFO             PET2       OCN-TO-ATM: InitializeIPDv05p5 intro {IS}:! ! --- Array::log() end -------------------------------------
20260620 224153.367 INFO             PET2       OCN-TO-ATM: InitializeIPDv05p5 intro {IS}:!--- FieldLog() end -------------------
20260620 224153.367 INFO             PET2       OCN-TO-ATM: InitializeIPDv05p5 intro {IS}:--- StateLog() end -------------------
20260620 224153.367 INFO             PET2       OCN-TO-ATM: InitializeIPDv05p5 intro {ES}:--- StateLog() start -----------------
20260620 224153.367 INFO             PET2       OCN-TO-ATM: InitializeIPDv05p5 intro {ES}:<name: ATM-ImportState> <intent: ESMF_STATEINTENT_IMPORT> <itemCount:    1>
20260620 224153.367 INFO             PET2       OCN-TO-ATM: InitializeIPDv05p5 intro {ES}:+-<item: 0001> <itemType: State> <itemName: ATM-ImportState-namespace:OCN>
20260620 224153.367 INFO             PET2       OCN-TO-ATM: InitializeIPDv05p5 intro {ES}:! <name: ATM-ImportState-namespace:OCN> <intent: ESMF_STATEINTENT_IMPORT> <itemCount:    1>
20260620 224153.367 INFO             PET2       OCN-TO-ATM: InitializeIPDv05p5 intro {ES}:! +-<item: 0001> <itemType: Field> <itemName: sea_surface_temperature>
20260620 224153.367 INFO             PET2       OCN-TO-ATM: InitializeIPDv05p5 intro {ES}:! !--- FieldLog() start -----------------
20260620 224153.367 INFO             PET2       OCN-TO-ATM: InitializeIPDv05p5 intro {ES}:! ! <name: sea_surface_temperature> <fieldStatus: ESMF_FIELDSTATUS_EMPTY>
20260620 224153.367 INFO             PET2       OCN-TO-ATM: InitializeIPDv05p5 intro {ES}:! ! 0x16b015cc8 => 0x106be8d30 => 0x142f29140
20260620 224153.367 INFO             PET2       OCN-TO-ATM: InitializeIPDv05p5 intro {ES}:! !--- FieldLog() end -------------------
20260620 224153.367 INFO             PET2       OCN-TO-ATM: InitializeIPDv05p5 intro {ES}:--- StateLog() end -------------------
20260620 224153.369 INFO             PET2       OCN-TO-ATM: handle cplList(1): sea_surface_temperature, cplSetList(1): __UNSPECIFIED__
20260620 224153.370 INFO             PET2       OCN-TO-ATM: - import ShareStatusGeomObject=not shared
20260620 224153.370 INFO             PET2       OCN-TO-ATM: - export ShareStatusGeomObject=not shared
20260620 224153.370 INFO             PET2       OCN-TO-ATM: -> NOT sharing GeomObject
20260620 224153.370 INFO             PET2       OCN-TO-ATM: - import ShareStatusField=not shared
20260620 224153.370 INFO             PET2       OCN-TO-ATM: - export ShareStatusField=not shared
20260620 224153.370 INFO             PET2       OCN-TO-ATM: -> NOT sharing Field
20260620 224153.370 INFO             PET2       OCN-TO-ATM:  gridListMatch= F for acceptor Grid: Grid003
20260620 224153.370 INFO             PET2       OCN-TO-ATM: - transferring the full geomobject with coordinates (import -> export) for Grid: Grid003
20260620 224153.374 INFO             PET2       OCN-TO-ATM: - done transferring the full Grid with coordinates
20260620 224153.374 INFO             PET2       OCN-TO-ATM: InitializeIPDv05p5 extro {IS}:--- StateLog() start -----------------
20260620 224153.374 INFO             PET2       OCN-TO-ATM: InitializeIPDv05p5 extro {IS}:<name: OCN-ExportState> <intent: ESMF_STATEINTENT_EXPORT> <itemCount:    1>
20260620 224153.375 INFO             PET2       OCN-TO-ATM: InitializeIPDv05p5 extro {IS}:+-<item: 0001> <itemType: Field> <itemName: sst>
20260620 224153.375 INFO             PET2       OCN-TO-ATM: InitializeIPDv05p5 extro {IS}:!--- FieldLog() start -----------------
20260620 224153.375 INFO             PET2       OCN-TO-ATM: InitializeIPDv05p5 extro {IS}:! <name: sst> <fieldStatus: ESMF_FIELDSTATUS_COMPLETE>
20260620 224153.375 INFO             PET2       OCN-TO-ATM: InitializeIPDv05p5 extro {IS}:! 0x16b018978 => 0x106be4d30 => 0x142f28750
20260620 224153.375 INFO             PET2       OCN-TO-ATM: InitializeIPDv05p5 extro {IS}:! <typekind: Real*8> <rank:    2> <dimCount:    2>
20260620 224153.375 INFO             PET2       OCN-TO-ATM: InitializeIPDv05p5 extro {IS}:! ! --- Array::log() start -----------------------------------
20260620 224153.375 INFO             PET2       OCN-TO-ATM: InitializeIPDv05p5 extro {IS}:! ! 0x143827000
20260620 224153.375 INFO             PET2       OCN-TO-ATM: InitializeIPDv05p5 extro {IS}:! ! <name: sst>
20260620 224153.375 INFO             PET2       OCN-TO-ATM: InitializeIPDv05p5 extro {IS}:! ! ! --- DistGrid::log() start --------------------------------
20260620 224153.375 INFO             PET2       OCN-TO-ATM: InitializeIPDv05p5 extro {IS}:! ! ! 0x143825800
20260620 224153.375 INFO             PET2       OCN-TO-ATM: InitializeIPDv05p5 extro {IS}:! ! ! DistGrid object is valid!<name: DG-Grid003-sloc:0>
20260620 224153.375 INFO             PET2       OCN-TO-ATM: InitializeIPDv05p5 extro {IS}:! ! ! --- DistGrid::log() end ----------------------------------
20260620 224153.375 INFO             PET2       OCN-TO-ATM: InitializeIPDv05p5 extro {IS}:! ! --- Array::log() end -------------------------------------
20260620 224153.375 INFO             PET2       OCN-TO-ATM: InitializeIPDv05p5 extro {IS}:!--- FieldLog() end -------------------
20260620 224153.375 INFO             PET2       OCN-TO-ATM: InitializeIPDv05p5 extro {IS}:--- StateLog() end -------------------
20260620 224153.375 INFO             PET2       OCN-TO-ATM: InitializeIPDv05p5 extro {ES}:--- StateLog() start -----------------
20260620 224153.375 INFO             PET2       OCN-TO-ATM: InitializeIPDv05p5 extro {ES}:<name: ATM-ImportState> <intent: ESMF_STATEINTENT_IMPORT> <itemCount:    1>
20260620 224153.375 INFO             PET2       OCN-TO-ATM: InitializeIPDv05p5 extro {ES}:+-<item: 0001> <itemType: State> <itemName: ATM-ImportState-namespace:OCN>
20260620 224153.375 INFO             PET2       OCN-TO-ATM: InitializeIPDv05p5 extro {ES}:! <name: ATM-ImportState-namespace:OCN> <intent: ESMF_STATEINTENT_IMPORT> <itemCount:    1>
20260620 224153.375 INFO             PET2       OCN-TO-ATM: InitializeIPDv05p5 extro {ES}:! +-<item: 0001> <itemType: Field> <itemName: sea_surface_temperature>
20260620 224153.375 INFO             PET2       OCN-TO-ATM: InitializeIPDv05p5 extro {ES}:! !--- FieldLog() start -----------------
20260620 224153.375 INFO             PET2       OCN-TO-ATM: InitializeIPDv05p5 extro {ES}:! ! <name: sea_surface_temperature> <fieldStatus: ESMF_FIELDSTATUS_GEOMSET>
20260620 224153.375 INFO             PET2       OCN-TO-ATM: InitializeIPDv05p5 extro {ES}:! ! 0x16b016ed8 => 0x106bec720 => 0x142f294a0
20260620 224153.375 INFO             PET2       OCN-TO-ATM: InitializeIPDv05p5 extro {ES}:! !--- FieldLog() end -------------------
20260620 224153.375 INFO             PET2       OCN-TO-ATM: InitializeIPDv05p5 extro {ES}:--- StateLog() end -------------------
20260620 224153.375 INFO             PET2     OCN-TO-ATM: InitializeIPDv05p5 extro.
20260620 224153.375 INFO             PET2     esm: IInitRealize intro.
20260620 224153.375 INFO             PET2       esm: IInitRealize intro {IS}:--- StateLog() start -----------------
20260620 224153.375 INFO             PET2       esm: IInitRealize intro {IS}:State object is invalid! Not created or deleted!
20260620 224153.375 INFO             PET2       esm: IInitRealize intro {IS}:--- StateLog() end -------------------
20260620 224153.375 INFO             PET2       esm: IInitRealize intro {ES}:--- StateLog() start -----------------
20260620 224153.375 INFO             PET2       esm: IInitRealize intro {ES}:State object is invalid! Not created or deleted!
20260620 224153.375 INFO             PET2       esm: IInitRealize intro {ES}:--- StateLog() end -------------------
20260620 224153.375 INFO             PET2       >>>esm: entered Initialize (phase=<none>) with current time: 2010  6  1  0  0  0   0
20260620 224153.375 INFO             PET2       <<<esm: leaving Initialize (phase=<none>) with current time: 2010  6  1  0  0  0   0
20260620 224153.375 INFO             PET2       esm: IInitRealize extro {IS}:--- StateLog() start -----------------
20260620 224153.375 INFO             PET2       esm: IInitRealize extro {IS}:State object is invalid! Not created or deleted!
20260620 224153.375 INFO             PET2       esm: IInitRealize extro {IS}:--- StateLog() end -------------------
20260620 224153.375 INFO             PET2       esm: IInitRealize extro {ES}:--- StateLog() start -----------------
20260620 224153.375 INFO             PET2       esm: IInitRealize extro {ES}:State object is invalid! Not created or deleted!
20260620 224153.375 INFO             PET2       esm: IInitRealize extro {ES}:--- StateLog() end -------------------
20260620 224153.375 INFO             PET2     esm: IInitRealize extro.
20260620 224153.376 INFO             PET2     ATM-TO-OCN: InitializeIPDv05p6a intro.
20260620 224153.376 INFO             PET2       ATM-TO-OCN: InitializeIPDv05p6a intro {IS}:--- StateLog() start -----------------
20260620 224153.376 INFO             PET2       ATM-TO-OCN: InitializeIPDv05p6a intro {IS}:<name: ATM-ExportState> <intent: ESMF_STATEINTENT_EXPORT> <itemCount:    0>
20260620 224153.376 INFO             PET2       ATM-TO-OCN: InitializeIPDv05p6a intro {IS}:--- StateLog() end -------------------
20260620 224153.376 INFO             PET2       ATM-TO-OCN: InitializeIPDv05p6a intro {ES}:--- StateLog() start -----------------
20260620 224153.376 INFO             PET2       ATM-TO-OCN: InitializeIPDv05p6a intro {ES}:<name: OCN-ImportState> <intent: ESMF_STATEINTENT_IMPORT> <itemCount:    0>
20260620 224153.376 INFO             PET2       ATM-TO-OCN: InitializeIPDv05p6a intro {ES}:--- StateLog() end -------------------
20260620 224153.376 INFO             PET2       ATM-TO-OCN: InitializeIPDv05p6a extro {IS}:--- StateLog() start -----------------
20260620 224153.376 INFO             PET2       ATM-TO-OCN: InitializeIPDv05p6a extro {IS}:<name: ATM-ExportState> <intent: ESMF_STATEINTENT_EXPORT> <itemCount:    0>
20260620 224153.376 INFO             PET2       ATM-TO-OCN: InitializeIPDv05p6a extro {IS}:--- StateLog() end -------------------
20260620 224153.376 INFO             PET2       ATM-TO-OCN: InitializeIPDv05p6a extro {ES}:--- StateLog() start -----------------
20260620 224153.376 INFO             PET2       ATM-TO-OCN: InitializeIPDv05p6a extro {ES}:<name: OCN-ImportState> <intent: ESMF_STATEINTENT_IMPORT> <itemCount:    0>
20260620 224153.376 INFO             PET2       ATM-TO-OCN: InitializeIPDv05p6a extro {ES}:--- StateLog() end -------------------
20260620 224153.376 INFO             PET2     ATM-TO-OCN: InitializeIPDv05p6a extro.
20260620 224153.376 INFO             PET2     OCN-TO-ATM: InitializeIPDv05p6a intro.
20260620 224153.376 INFO             PET2       OCN-TO-ATM: InitializeIPDv05p6a intro {IS}:--- StateLog() start -----------------
20260620 224153.376 INFO             PET2       OCN-TO-ATM: InitializeIPDv05p6a intro {IS}:<name: OCN-ExportState> <intent: ESMF_STATEINTENT_EXPORT> <itemCount:    1>
20260620 224153.377 INFO             PET2       OCN-TO-ATM: InitializeIPDv05p6a intro {IS}:+-<item: 0001> <itemType: Field> <itemName: sst>
20260620 224153.377 INFO             PET2       OCN-TO-ATM: InitializeIPDv05p6a intro {IS}:!--- FieldLog() start -----------------
20260620 224153.377 INFO             PET2       OCN-TO-ATM: InitializeIPDv05p6a intro {IS}:! <name: sst> <fieldStatus: ESMF_FIELDSTATUS_COMPLETE>
20260620 224153.377 INFO             PET2       OCN-TO-ATM: InitializeIPDv05p6a intro {IS}:! 0x16b01da78 => 0x106be4d30 => 0x142f28750
20260620 224153.377 INFO             PET2       OCN-TO-ATM: InitializeIPDv05p6a intro {IS}:! <typekind: Real*8> <rank:    2> <dimCount:    2>
20260620 224153.377 INFO             PET2       OCN-TO-ATM: InitializeIPDv05p6a intro {IS}:! ! --- Array::log() start -----------------------------------
20260620 224153.377 INFO             PET2       OCN-TO-ATM: InitializeIPDv05p6a intro {IS}:! ! 0x143827000
20260620 224153.377 INFO             PET2       OCN-TO-ATM: InitializeIPDv05p6a intro {IS}:! ! <name: sst>
20260620 224153.377 INFO             PET2       OCN-TO-ATM: InitializeIPDv05p6a intro {IS}:! ! ! --- DistGrid::log() start --------------------------------
20260620 224153.377 INFO             PET2       OCN-TO-ATM: InitializeIPDv05p6a intro {IS}:! ! ! 0x143825800
20260620 224153.377 INFO             PET2       OCN-TO-ATM: InitializeIPDv05p6a intro {IS}:! ! ! DistGrid object is valid!<name: DG-Grid003-sloc:0>
20260620 224153.377 INFO             PET2       OCN-TO-ATM: InitializeIPDv05p6a intro {IS}:! ! ! --- DistGrid::log() end ----------------------------------
20260620 224153.377 INFO             PET2       OCN-TO-ATM: InitializeIPDv05p6a intro {IS}:! ! --- Array::log() end -------------------------------------
20260620 224153.377 INFO             PET2       OCN-TO-ATM: InitializeIPDv05p6a intro {IS}:!--- FieldLog() end -------------------
20260620 224153.377 INFO             PET2       OCN-TO-ATM: InitializeIPDv05p6a intro {IS}:--- StateLog() end -------------------
20260620 224153.377 INFO             PET2       OCN-TO-ATM: InitializeIPDv05p6a intro {ES}:--- StateLog() start -----------------
20260620 224153.377 INFO             PET2       OCN-TO-ATM: InitializeIPDv05p6a intro {ES}:<name: ATM-ImportState> <intent: ESMF_STATEINTENT_IMPORT> <itemCount:    1>
20260620 224153.377 INFO             PET2       OCN-TO-ATM: InitializeIPDv05p6a intro {ES}:+-<item: 0001> <itemType: State> <itemName: ATM-ImportState-namespace:OCN>
20260620 224153.377 INFO             PET2       OCN-TO-ATM: InitializeIPDv05p6a intro {ES}:! <name: ATM-ImportState-namespace:OCN> <intent: ESMF_STATEINTENT_IMPORT> <itemCount:    1>
20260620 224153.377 INFO             PET2       OCN-TO-ATM: InitializeIPDv05p6a intro {ES}:! +-<item: 0001> <itemType: Field> <itemName: sea_surface_temperature>
20260620 224153.377 INFO             PET2       OCN-TO-ATM: InitializeIPDv05p6a intro {ES}:! !--- FieldLog() start -----------------
20260620 224153.377 INFO             PET2       OCN-TO-ATM: InitializeIPDv05p6a intro {ES}:! ! <name: sea_surface_temperature> <fieldStatus: ESMF_FIELDSTATUS_GEOMSET>
20260620 224153.377 INFO             PET2       OCN-TO-ATM: InitializeIPDv05p6a intro {ES}:! ! 0x16b01bfd8 => 0x106bec720 => 0x142f294a0
20260620 224153.377 INFO             PET2       OCN-TO-ATM: InitializeIPDv05p6a intro {ES}:! !--- FieldLog() end -------------------
20260620 224153.377 INFO             PET2       OCN-TO-ATM: InitializeIPDv05p6a intro {ES}:--- StateLog() end -------------------
20260620 224153.380 INFO             PET2       OCN-TO-ATM: InitializeIPDv05p6a extro {IS}:--- StateLog() start -----------------
20260620 224153.380 INFO             PET2       OCN-TO-ATM: InitializeIPDv05p6a extro {IS}:<name: OCN-ExportState> <intent: ESMF_STATEINTENT_EXPORT> <itemCount:    1>
20260620 224153.380 INFO             PET2       OCN-TO-ATM: InitializeIPDv05p6a extro {IS}:+-<item: 0001> <itemType: Field> <itemName: sst>
20260620 224153.380 INFO             PET2       OCN-TO-ATM: InitializeIPDv05p6a extro {IS}:!--- FieldLog() start -----------------
20260620 224153.380 INFO             PET2       OCN-TO-ATM: InitializeIPDv05p6a extro {IS}:! <name: sst> <fieldStatus: ESMF_FIELDSTATUS_COMPLETE>
20260620 224153.380 INFO             PET2       OCN-TO-ATM: InitializeIPDv05p6a extro {IS}:! 0x16b01ec88 => 0x106be4d30 => 0x142f28750
20260620 224153.380 INFO             PET2       OCN-TO-ATM: InitializeIPDv05p6a extro {IS}:! <typekind: Real*8> <rank:    2> <dimCount:    2>
20260620 224153.380 INFO             PET2       OCN-TO-ATM: InitializeIPDv05p6a extro {IS}:! ! --- Array::log() start -----------------------------------
20260620 224153.380 INFO             PET2       OCN-TO-ATM: InitializeIPDv05p6a extro {IS}:! ! 0x143827000
20260620 224153.380 INFO             PET2       OCN-TO-ATM: InitializeIPDv05p6a extro {IS}:! ! <name: sst>
20260620 224153.380 INFO             PET2       OCN-TO-ATM: InitializeIPDv05p6a extro {IS}:! ! ! --- DistGrid::log() start --------------------------------
20260620 224153.380 INFO             PET2       OCN-TO-ATM: InitializeIPDv05p6a extro {IS}:! ! ! 0x143825800
20260620 224153.380 INFO             PET2       OCN-TO-ATM: InitializeIPDv05p6a extro {IS}:! ! ! DistGrid object is valid!<name: DG-Grid003-sloc:0>
20260620 224153.380 INFO             PET2       OCN-TO-ATM: InitializeIPDv05p6a extro {IS}:! ! ! --- DistGrid::log() end ----------------------------------
20260620 224153.380 INFO             PET2       OCN-TO-ATM: InitializeIPDv05p6a extro {IS}:! ! --- Array::log() end -------------------------------------
20260620 224153.380 INFO             PET2       OCN-TO-ATM: InitializeIPDv05p6a extro {IS}:!--- FieldLog() end -------------------
20260620 224153.380 INFO             PET2       OCN-TO-ATM: InitializeIPDv05p6a extro {IS}:--- StateLog() end -------------------
20260620 224153.380 INFO             PET2       OCN-TO-ATM: InitializeIPDv05p6a extro {ES}:--- StateLog() start -----------------
20260620 224153.380 INFO             PET2       OCN-TO-ATM: InitializeIPDv05p6a extro {ES}:<name: ATM-ImportState> <intent: ESMF_STATEINTENT_IMPORT> <itemCount:    1>
20260620 224153.380 INFO             PET2       OCN-TO-ATM: InitializeIPDv05p6a extro {ES}:+-<item: 0001> <itemType: State> <itemName: ATM-ImportState-namespace:OCN>
20260620 224153.380 INFO             PET2       OCN-TO-ATM: InitializeIPDv05p6a extro {ES}:! <name: ATM-ImportState-namespace:OCN> <intent: ESMF_STATEINTENT_IMPORT> <itemCount:    1>
20260620 224153.380 INFO             PET2       OCN-TO-ATM: InitializeIPDv05p6a extro {ES}:! +-<item: 0001> <itemType: Field> <itemName: sea_surface_temperature>
20260620 224153.380 INFO             PET2       OCN-TO-ATM: InitializeIPDv05p6a extro {ES}:! !--- FieldLog() start -----------------
20260620 224153.380 INFO             PET2       OCN-TO-ATM: InitializeIPDv05p6a extro {ES}:! ! <name: sea_surface_temperature> <fieldStatus: ESMF_FIELDSTATUS_COMPLETE>
20260620 224153.380 INFO             PET2       OCN-TO-ATM: InitializeIPDv05p6a extro {ES}:! ! 0x16b01d1e8 => 0x106bf83b0 => 0x142f29be0
20260620 224153.380 INFO             PET2       OCN-TO-ATM: InitializeIPDv05p6a extro {ES}:! ! <typekind: Real*8> <rank:    2> <dimCount:    2>
20260620 224153.380 INFO             PET2       OCN-TO-ATM: InitializeIPDv05p6a extro {ES}:! ! ! --- Array::log() start -----------------------------------
20260620 224153.380 INFO             PET2       OCN-TO-ATM: InitializeIPDv05p6a extro {ES}:! ! ! 0x143849200
20260620 224153.380 INFO             PET2       OCN-TO-ATM: InitializeIPDv05p6a extro {ES}:! ! ! <name: sea_surface_temperature>
20260620 224153.380 INFO             PET2       OCN-TO-ATM: InitializeIPDv05p6a extro {ES}:! ! ! ! --- DistGrid::log() start --------------------------------
20260620 224153.380 INFO             PET2       OCN-TO-ATM: InitializeIPDv05p6a extro {ES}:! ! ! ! 0x143849800
20260620 224153.380 INFO             PET2       OCN-TO-ATM: InitializeIPDv05p6a extro {ES}:! ! ! ! DistGrid object is valid!<name: DG-Grid003-sloc:0>
20260620 224153.380 INFO             PET2       OCN-TO-ATM: InitializeIPDv05p6a extro {ES}:! ! ! ! --- DistGrid::log() end ----------------------------------
20260620 224153.380 INFO             PET2       OCN-TO-ATM: InitializeIPDv05p6a extro {ES}:! ! ! --- Array::log() end -------------------------------------
20260620 224153.380 INFO             PET2       OCN-TO-ATM: InitializeIPDv05p6a extro {ES}:! !--- FieldLog() end -------------------
20260620 224153.380 INFO             PET2       OCN-TO-ATM: InitializeIPDv05p6a extro {ES}:--- StateLog() end -------------------
20260620 224153.380 INFO             PET2     OCN-TO-ATM: InitializeIPDv05p6a extro.
20260620 224153.380 INFO             PET2     ATM-TO-OCN: InitializeIPDv05p6b intro.
20260620 224153.380 INFO             PET2       ATM-TO-OCN: InitializeIPDv05p6b intro {IS}:--- StateLog() start -----------------
20260620 224153.380 INFO             PET2       ATM-TO-OCN: InitializeIPDv05p6b intro {IS}:<name: ATM-ExportState> <intent: ESMF_STATEINTENT_EXPORT> <itemCount:    0>
20260620 224153.380 INFO             PET2       ATM-TO-OCN: InitializeIPDv05p6b intro {IS}:--- StateLog() end -------------------
20260620 224153.380 INFO             PET2       ATM-TO-OCN: InitializeIPDv05p6b intro {ES}:--- StateLog() start -----------------
20260620 224153.380 INFO             PET2       ATM-TO-OCN: InitializeIPDv05p6b intro {ES}:<name: OCN-ImportState> <intent: ESMF_STATEINTENT_IMPORT> <itemCount:    0>
20260620 224153.380 INFO             PET2       ATM-TO-OCN: InitializeIPDv05p6b intro {ES}:--- StateLog() end -------------------
20260620 224153.380 INFO             PET2       ATM-TO-OCN: called default label_ComputeRouteHandle
20260620 224153.380 INFO             PET2        DetermineSrcDstOverlap: srcDstOverlap= F
20260620 224153.380 INFO             PET2        BuildUpdatePackets: final UpdatePacket count= 0
20260620 224153.380 INFO             PET2       ATM-TO-OCN: CplSet List:
20260620 224153.380 INFO             PET2       ATM-TO-OCN: InitializeIPDv05p6b extro {IS}:--- StateLog() start -----------------
20260620 224153.380 INFO             PET2       ATM-TO-OCN: InitializeIPDv05p6b extro {IS}:<name: ATM-ExportState> <intent: ESMF_STATEINTENT_EXPORT> <itemCount:    0>
20260620 224153.380 INFO             PET2       ATM-TO-OCN: InitializeIPDv05p6b extro {IS}:--- StateLog() end -------------------
20260620 224153.380 INFO             PET2       ATM-TO-OCN: InitializeIPDv05p6b extro {ES}:--- StateLog() start -----------------
20260620 224153.380 INFO             PET2       ATM-TO-OCN: InitializeIPDv05p6b extro {ES}:<name: OCN-ImportState> <intent: ESMF_STATEINTENT_IMPORT> <itemCount:    0>
20260620 224153.380 INFO             PET2       ATM-TO-OCN: InitializeIPDv05p6b extro {ES}:--- StateLog() end -------------------
20260620 224153.380 INFO             PET2     ATM-TO-OCN: InitializeIPDv05p6b extro.
20260620 224153.381 INFO             PET2     OCN-TO-ATM: InitializeIPDv05p6b intro.
20260620 224153.381 INFO             PET2       OCN-TO-ATM: InitializeIPDv05p6b intro {IS}:--- StateLog() start -----------------
20260620 224153.381 INFO             PET2       OCN-TO-ATM: InitializeIPDv05p6b intro {IS}:<name: OCN-ExportState> <intent: ESMF_STATEINTENT_EXPORT> <itemCount:    1>
20260620 224153.381 INFO             PET2       OCN-TO-ATM: InitializeIPDv05p6b intro {IS}:+-<item: 0001> <itemType: Field> <itemName: sst>
20260620 224153.381 INFO             PET2       OCN-TO-ATM: InitializeIPDv05p6b intro {IS}:!--- FieldLog() start -----------------
20260620 224153.381 INFO             PET2       OCN-TO-ATM: InitializeIPDv05p6b intro {IS}:! <name: sst> <fieldStatus: ESMF_FIELDSTATUS_COMPLETE>
20260620 224153.381 INFO             PET2       OCN-TO-ATM: InitializeIPDv05p6b intro {IS}:! 0x16b019348 => 0x106be4d30 => 0x142f28750
20260620 224153.381 INFO             PET2       OCN-TO-ATM: InitializeIPDv05p6b intro {IS}:! <typekind: Real*8> <rank:    2> <dimCount:    2>
20260620 224153.381 INFO             PET2       OCN-TO-ATM: InitializeIPDv05p6b intro {IS}:! ! --- Array::log() start -----------------------------------
20260620 224153.381 INFO             PET2       OCN-TO-ATM: InitializeIPDv05p6b intro {IS}:! ! 0x143827000
20260620 224153.381 INFO             PET2       OCN-TO-ATM: InitializeIPDv05p6b intro {IS}:! ! <name: sst>
20260620 224153.381 INFO             PET2       OCN-TO-ATM: InitializeIPDv05p6b intro {IS}:! ! ! --- DistGrid::log() start --------------------------------
20260620 224153.381 INFO             PET2       OCN-TO-ATM: InitializeIPDv05p6b intro {IS}:! ! ! 0x143825800
20260620 224153.381 INFO             PET2       OCN-TO-ATM: InitializeIPDv05p6b intro {IS}:! ! ! DistGrid object is valid!<name: DG-Grid003-sloc:0>
20260620 224153.381 INFO             PET2       OCN-TO-ATM: InitializeIPDv05p6b intro {IS}:! ! ! --- DistGrid::log() end ----------------------------------
20260620 224153.381 INFO             PET2       OCN-TO-ATM: InitializeIPDv05p6b intro {IS}:! ! --- Array::log() end -------------------------------------
20260620 224153.381 INFO             PET2       OCN-TO-ATM: InitializeIPDv05p6b intro {IS}:!--- FieldLog() end -------------------
20260620 224153.381 INFO             PET2       OCN-TO-ATM: InitializeIPDv05p6b intro {IS}:--- StateLog() end -------------------
20260620 224153.381 INFO             PET2       OCN-TO-ATM: InitializeIPDv05p6b intro {ES}:--- StateLog() start -----------------
20260620 224153.381 INFO             PET2       OCN-TO-ATM: InitializeIPDv05p6b intro {ES}:<name: ATM-ImportState> <intent: ESMF_STATEINTENT_IMPORT> <itemCount:    1>
20260620 224153.381 INFO             PET2       OCN-TO-ATM: InitializeIPDv05p6b intro {ES}:+-<item: 0001> <itemType: State> <itemName: ATM-ImportState-namespace:OCN>
20260620 224153.381 INFO             PET2       OCN-TO-ATM: InitializeIPDv05p6b intro {ES}:! <name: ATM-ImportState-namespace:OCN> <intent: ESMF_STATEINTENT_IMPORT> <itemCount:    1>
20260620 224153.381 INFO             PET2       OCN-TO-ATM: InitializeIPDv05p6b intro {ES}:! +-<item: 0001> <itemType: Field> <itemName: sea_surface_temperature>
20260620 224153.381 INFO             PET2       OCN-TO-ATM: InitializeIPDv05p6b intro {ES}:! !--- FieldLog() start -----------------
20260620 224153.381 INFO             PET2       OCN-TO-ATM: InitializeIPDv05p6b intro {ES}:! ! <name: sea_surface_temperature> <fieldStatus: ESMF_FIELDSTATUS_COMPLETE>
20260620 224153.381 INFO             PET2       OCN-TO-ATM: InitializeIPDv05p6b intro {ES}:! ! 0x16b0178a8 => 0x106bf83b0 => 0x142f29be0
20260620 224153.381 INFO             PET2       OCN-TO-ATM: InitializeIPDv05p6b intro {ES}:! ! <typekind: Real*8> <rank:    2> <dimCount:    2>
20260620 224153.381 INFO             PET2       OCN-TO-ATM: InitializeIPDv05p6b intro {ES}:! ! ! --- Array::log() start -----------------------------------
20260620 224153.381 INFO             PET2       OCN-TO-ATM: InitializeIPDv05p6b intro {ES}:! ! ! 0x143849200
20260620 224153.381 INFO             PET2       OCN-TO-ATM: InitializeIPDv05p6b intro {ES}:! ! ! <name: sea_surface_temperature>
20260620 224153.381 INFO             PET2       OCN-TO-ATM: InitializeIPDv05p6b intro {ES}:! ! ! ! --- DistGrid::log() start --------------------------------
20260620 224153.381 INFO             PET2       OCN-TO-ATM: InitializeIPDv05p6b intro {ES}:! ! ! ! 0x143849800
20260620 224153.381 INFO             PET2       OCN-TO-ATM: InitializeIPDv05p6b intro {ES}:! ! ! ! DistGrid object is valid!<name: DG-Grid003-sloc:0>
20260620 224153.381 INFO             PET2       OCN-TO-ATM: InitializeIPDv05p6b intro {ES}:! ! ! ! --- DistGrid::log() end ----------------------------------
20260620 224153.381 INFO             PET2       OCN-TO-ATM: InitializeIPDv05p6b intro {ES}:! ! ! --- Array::log() end -------------------------------------
20260620 224153.381 INFO             PET2       OCN-TO-ATM: InitializeIPDv05p6b intro {ES}:! !--- FieldLog() end -------------------
20260620 224153.381 INFO             PET2       OCN-TO-ATM: InitializeIPDv05p6b intro {ES}:--- StateLog() end -------------------
20260620 224153.381 INFO             PET2       OCN-TO-ATM: handle cplList(1): sea_surface_temperature, cplSetList(1): __UNSPECIFIED__
20260620 224153.381 INFO             PET2       OCN-TO-ATM: - no Field sharing between import and export side: remap.
20260620 224153.381 DEBUG            PET2       ESMF_FieldBundleRegridStorePair(): srcField: sst dimCount= 2 rank= 2
20260620 224153.381 DEBUG            PET2       ESMF_FieldBundleRegridStorePair(): dstField: sea_surface_temperature dimCount= 2 rank= 2
20260620 224153.381 DEBUG            PET2       ESMF_FieldBundleRegridStorePair(): Inside 'rhReuse' branch!
20260620 224153.381 DEBUG            PET2       ESMF_FieldBundleRegridStorePair(): srcGeomtype==ESMF_GEOMTYPE_GRID dimCount= 2
20260620 224153.381 DEBUG            PET2       ESMF_FieldBundleRegridStorePair(): dstGeomtype==ESMF_GEOMTYPE_GRID dimCount= 2
20260620 224153.381 DEBUG            PET2       ESMF_FieldBundleRegridStorePair(): no rhListMatch -> pre-compute new remapping!
20260620 224153.381 DEBUG            PET2       ESMF_FieldBundleRegridStorePair(): must precompute full regridding!
20260620 224153.427 INFO             PET2       OCN-TO-ATM: called default label_ComputeRouteHandle
20260620 224153.427 INFO             PET2        DetermineSrcDstOverlap: sst, srcLocalPet= 0
20260620 224153.427 INFO             PET2        DetermineSrcDstOverlap: sea_surface_temperature, dstLocalPet= -1
20260620 224153.427 INFO             PET2        DetermineSrcDstOverlap: srcDstOverlap= F
20260620 224153.428 INFO             PET2        BuildUpdatePackets: sst, srcLocalPet= 0
20260620 224153.428 INFO             PET2        BuildUpdatePackets: sea_surface_temperature, dstLocalPet= -1
20260620 224153.428 INFO             PET2        creating new UpdatePacket for srcPetCount= 2  dstPetCount= 2
20260620 224153.428 INFO             PET2        upE%sendToPets list of size 1 :
20260620 224153.428 INFO             PET2             2
20260620 224153.428 INFO             PET2        upE%recvFromPet= -1
20260620 224153.428 INFO             PET2        after field add, now upE%fieldCount= 1
20260620 224153.428 INFO             PET2        BuildUpdatePackets: final UpdatePacket count= 1
20260620 224153.428 INFO             PET2       OCN-TO-ATM: CplSet List:
20260620 224153.428 INFO             PET2       OCN-TO-ATM: ->CplSet(  1): __UNSPECIFIED__
20260620 224153.428 INFO             PET2       OCN-TO-ATM: -->Field(  1): sea_surface_temperature
20260620 224153.428 INFO             PET2       OCN-TO-ATM: InitializeIPDv05p6b extro {IS}:--- StateLog() start -----------------
20260620 224153.428 INFO             PET2       OCN-TO-ATM: InitializeIPDv05p6b extro {IS}:<name: OCN-ExportState> <intent: ESMF_STATEINTENT_EXPORT> <itemCount:    1>
20260620 224153.428 INFO             PET2       OCN-TO-ATM: InitializeIPDv05p6b extro {IS}:+-<item: 0001> <itemType: Field> <itemName: sst>
20260620 224153.428 INFO             PET2       OCN-TO-ATM: InitializeIPDv05p6b extro {IS}:!--- FieldLog() start -----------------
20260620 224153.428 INFO             PET2       OCN-TO-ATM: InitializeIPDv05p6b extro {IS}:! <name: sst> <fieldStatus: ESMF_FIELDSTATUS_COMPLETE>
20260620 224153.428 INFO             PET2       OCN-TO-ATM: InitializeIPDv05p6b extro {IS}:! 0x16b01a558 => 0x106be4d30 => 0x142f28750
20260620 224153.428 INFO             PET2       OCN-TO-ATM: InitializeIPDv05p6b extro {IS}:! <typekind: Real*8> <rank:    2> <dimCount:    2>
20260620 224153.428 INFO             PET2       OCN-TO-ATM: InitializeIPDv05p6b extro {IS}:! ! --- Array::log() start -----------------------------------
20260620 224153.428 INFO             PET2       OCN-TO-ATM: InitializeIPDv05p6b extro {IS}:! ! 0x143827000
20260620 224153.428 INFO             PET2       OCN-TO-ATM: InitializeIPDv05p6b extro {IS}:! ! <name: sst>
20260620 224153.428 INFO             PET2       OCN-TO-ATM: InitializeIPDv05p6b extro {IS}:! ! ! --- DistGrid::log() start --------------------------------
20260620 224153.428 INFO             PET2       OCN-TO-ATM: InitializeIPDv05p6b extro {IS}:! ! ! 0x143825800
20260620 224153.428 INFO             PET2       OCN-TO-ATM: InitializeIPDv05p6b extro {IS}:! ! ! DistGrid object is valid!<name: DG-Grid003-sloc:0>
20260620 224153.428 INFO             PET2       OCN-TO-ATM: InitializeIPDv05p6b extro {IS}:! ! ! --- DistGrid::log() end ----------------------------------
20260620 224153.428 INFO             PET2       OCN-TO-ATM: InitializeIPDv05p6b extro {IS}:! ! --- Array::log() end -------------------------------------
20260620 224153.428 INFO             PET2       OCN-TO-ATM: InitializeIPDv05p6b extro {IS}:!--- FieldLog() end -------------------
20260620 224153.428 INFO             PET2       OCN-TO-ATM: InitializeIPDv05p6b extro {IS}:--- StateLog() end -------------------
20260620 224153.428 INFO             PET2       OCN-TO-ATM: InitializeIPDv05p6b extro {ES}:--- StateLog() start -----------------
20260620 224153.428 INFO             PET2       OCN-TO-ATM: InitializeIPDv05p6b extro {ES}:<name: ATM-ImportState> <intent: ESMF_STATEINTENT_IMPORT> <itemCount:    1>
20260620 224153.428 INFO             PET2       OCN-TO-ATM: InitializeIPDv05p6b extro {ES}:+-<item: 0001> <itemType: State> <itemName: ATM-ImportState-namespace:OCN>
20260620 224153.428 INFO             PET2       OCN-TO-ATM: InitializeIPDv05p6b extro {ES}:! <name: ATM-ImportState-namespace:OCN> <intent: ESMF_STATEINTENT_IMPORT> <itemCount:    1>
20260620 224153.428 INFO             PET2       OCN-TO-ATM: InitializeIPDv05p6b extro {ES}:! +-<item: 0001> <itemType: Field> <itemName: sea_surface_temperature>
20260620 224153.428 INFO             PET2       OCN-TO-ATM: InitializeIPDv05p6b extro {ES}:! !--- FieldLog() start -----------------
20260620 224153.428 INFO             PET2       OCN-TO-ATM: InitializeIPDv05p6b extro {ES}:! ! <name: sea_surface_temperature> <fieldStatus: ESMF_FIELDSTATUS_COMPLETE>
20260620 224153.428 INFO             PET2       OCN-TO-ATM: InitializeIPDv05p6b extro {ES}:! ! 0x16b018ab8 => 0x106bf83b0 => 0x142f29be0
20260620 224153.428 INFO             PET2       OCN-TO-ATM: InitializeIPDv05p6b extro {ES}:! ! <typekind: Real*8> <rank:    2> <dimCount:    2>
20260620 224153.428 INFO             PET2       OCN-TO-ATM: InitializeIPDv05p6b extro {ES}:! ! ! --- Array::log() start -----------------------------------
20260620 224153.428 INFO             PET2       OCN-TO-ATM: InitializeIPDv05p6b extro {ES}:! ! ! 0x143849200
20260620 224153.428 INFO             PET2       OCN-TO-ATM: InitializeIPDv05p6b extro {ES}:! ! ! <name: sea_surface_temperature>
20260620 224153.428 INFO             PET2       OCN-TO-ATM: InitializeIPDv05p6b extro {ES}:! ! ! ! --- DistGrid::log() start --------------------------------
20260620 224153.428 INFO             PET2       OCN-TO-ATM: InitializeIPDv05p6b extro {ES}:! ! ! ! 0x143849800
20260620 224153.428 INFO             PET2       OCN-TO-ATM: InitializeIPDv05p6b extro {ES}:! ! ! ! DistGrid object is valid!<name: DG-Grid003-sloc:0>
20260620 224153.428 INFO             PET2       OCN-TO-ATM: InitializeIPDv05p6b extro {ES}:! ! ! ! --- DistGrid::log() end ----------------------------------
20260620 224153.428 INFO             PET2       OCN-TO-ATM: InitializeIPDv05p6b extro {ES}:! ! ! --- Array::log() end -------------------------------------
20260620 224153.428 INFO             PET2       OCN-TO-ATM: InitializeIPDv05p6b extro {ES}:! !--- FieldLog() end -------------------
20260620 224153.428 INFO             PET2       OCN-TO-ATM: InitializeIPDv05p6b extro {ES}:--- StateLog() end -------------------
20260620 224153.428 INFO             PET2     OCN-TO-ATM: InitializeIPDv05p6b extro.
20260620 224153.428 INFO             PET2     OCN: InitializeIPDvXp07 intro.
20260620 224153.428 INFO             PET2       OCN: InitializeIPDvXp07 intro {IS}:--- StateLog() start -----------------
20260620 224153.428 INFO             PET2       OCN: InitializeIPDvXp07 intro {IS}:<name: OCN-ImportState> <intent: ESMF_STATEINTENT_IMPORT> <itemCount:    0>
20260620 224153.428 INFO             PET2       OCN: InitializeIPDvXp07 intro {IS}:--- StateLog() end -------------------
20260620 224153.428 INFO             PET2       OCN: InitializeIPDvXp07 intro {ES}:--- StateLog() start -----------------
20260620 224153.428 INFO             PET2       OCN: InitializeIPDvXp07 intro {ES}:<name: OCN-ExportState> <intent: ESMF_STATEINTENT_EXPORT> <itemCount:    1>
20260620 224153.428 INFO             PET2       OCN: InitializeIPDvXp07 intro {ES}:+-<item: 0001> <itemType: Field> <itemName: sst>
20260620 224153.428 INFO             PET2       OCN: InitializeIPDvXp07 intro {ES}:!--- FieldLog() start -----------------
20260620 224153.428 INFO             PET2       OCN: InitializeIPDvXp07 intro {ES}:! <name: sst> <fieldStatus: ESMF_FIELDSTATUS_COMPLETE>
20260620 224153.428 INFO             PET2       OCN: InitializeIPDvXp07 intro {ES}:! 0x16b01e0d8 => 0x106be4d30 => 0x142f28750
20260620 224153.428 INFO             PET2       OCN: InitializeIPDvXp07 intro {ES}:! <typekind: Real*8> <rank:    2> <dimCount:    2>
20260620 224153.428 INFO             PET2       OCN: InitializeIPDvXp07 intro {ES}:! ! --- Array::log() start -----------------------------------
20260620 224153.428 INFO             PET2       OCN: InitializeIPDvXp07 intro {ES}:! ! 0x143827000
20260620 224153.428 INFO             PET2       OCN: InitializeIPDvXp07 intro {ES}:! ! <name: sst>
20260620 224153.428 INFO             PET2       OCN: InitializeIPDvXp07 intro {ES}:! ! ! --- DistGrid::log() start --------------------------------
20260620 224153.428 INFO             PET2       OCN: InitializeIPDvXp07 intro {ES}:! ! ! 0x143825800
20260620 224153.428 INFO             PET2       OCN: InitializeIPDvXp07 intro {ES}:! ! ! DistGrid object is valid!<name: DG-Grid003-sloc:0>
20260620 224153.428 INFO             PET2       OCN: InitializeIPDvXp07 intro {ES}:! ! ! --- DistGrid::log() end ----------------------------------
20260620 224153.428 INFO             PET2       OCN: InitializeIPDvXp07 intro {ES}:! ! --- Array::log() end -------------------------------------
20260620 224153.428 INFO             PET2       OCN: InitializeIPDvXp07 intro {ES}:!--- FieldLog() end -------------------
20260620 224153.428 INFO             PET2       OCN: InitializeIPDvXp07 intro {ES}:--- StateLog() end -------------------
20260620 224153.428 INFO             PET2       >>>OCN: entered Initialize (phase=IPDvXp07) without valid internal Clock.
20260620 224153.428 INFO             PET2       <<<OCN: leaving Initialize (phase=IPDvXp07) with current time: 2010  6  1  0  0  0   0
20260620 224153.428 INFO             PET2       OCN: InitializeIPDvXp07 extro {IS}:--- StateLog() start -----------------
20260620 224153.428 INFO             PET2       OCN: InitializeIPDvXp07 extro {IS}:<name: OCN-ImportState> <intent: ESMF_STATEINTENT_IMPORT> <itemCount:    0>
20260620 224153.428 INFO             PET2       OCN: InitializeIPDvXp07 extro {IS}:--- StateLog() end -------------------
20260620 224153.428 INFO             PET2       OCN: InitializeIPDvXp07 extro {ES}:--- StateLog() start -----------------
20260620 224153.428 INFO             PET2       OCN: InitializeIPDvXp07 extro {ES}:<name: OCN-ExportState> <intent: ESMF_STATEINTENT_EXPORT> <itemCount:    1>
20260620 224153.428 INFO             PET2       OCN: InitializeIPDvXp07 extro {ES}:+-<item: 0001> <itemType: Field> <itemName: sst>
20260620 224153.428 INFO             PET2       OCN: InitializeIPDvXp07 extro {ES}:!--- FieldLog() start -----------------
20260620 224153.428 INFO             PET2       OCN: InitializeIPDvXp07 extro {ES}:! <name: sst> <fieldStatus: ESMF_FIELDSTATUS_COMPLETE>
20260620 224153.428 INFO             PET2       OCN: InitializeIPDvXp07 extro {ES}:! 0x16b01f2e8 => 0x106be4d30 => 0x142f28750
20260620 224153.429 INFO             PET2       OCN: InitializeIPDvXp07 extro {ES}:! <typekind: Real*8> <rank:    2> <dimCount:    2>
20260620 224153.429 INFO             PET2       OCN: InitializeIPDvXp07 extro {ES}:! ! --- Array::log() start -----------------------------------
20260620 224153.429 INFO             PET2       OCN: InitializeIPDvXp07 extro {ES}:! ! 0x143827000
20260620 224153.429 INFO             PET2       OCN: InitializeIPDvXp07 extro {ES}:! ! <name: sst>
20260620 224153.429 INFO             PET2       OCN: InitializeIPDvXp07 extro {ES}:! ! ! --- DistGrid::log() start --------------------------------
20260620 224153.429 INFO             PET2       OCN: InitializeIPDvXp07 extro {ES}:! ! ! 0x143825800
20260620 224153.429 INFO             PET2       OCN: InitializeIPDvXp07 extro {ES}:! ! ! DistGrid object is valid!<name: DG-Grid003-sloc:0>
20260620 224153.429 INFO             PET2       OCN: InitializeIPDvXp07 extro {ES}:! ! ! --- DistGrid::log() end ----------------------------------
20260620 224153.429 INFO             PET2       OCN: InitializeIPDvXp07 extro {ES}:! ! --- Array::log() end -------------------------------------
20260620 224153.429 INFO             PET2       OCN: InitializeIPDvXp07 extro {ES}:!--- FieldLog() end -------------------
20260620 224153.429 INFO             PET2       OCN: InitializeIPDvXp07 extro {ES}:--- StateLog() end -------------------
20260620 224153.429 INFO             PET2     OCN: InitializeIPDvXp07 extro.
20260620 224153.429 INFO             PET2     <<<esm: leaving Initialize (phase=<none>) with current time: 2010  6  1  0  0  0   0
20260620 224153.429 INFO             PET2     esm: InitializeIPDv02p3 extro {IS}:--- StateLog() start -----------------
20260620 224153.429 INFO             PET2     esm: InitializeIPDv02p3 extro {IS}:State object is invalid! Not created or deleted!
20260620 224153.429 INFO             PET2     esm: InitializeIPDv02p3 extro {IS}:--- StateLog() end -------------------
20260620 224153.429 INFO             PET2     esm: InitializeIPDv02p3 extro {ES}:--- StateLog() start -----------------
20260620 224153.429 INFO             PET2     esm: InitializeIPDv02p3 extro {ES}:State object is invalid! Not created or deleted!
20260620 224153.429 INFO             PET2     esm: InitializeIPDv02p3 extro {ES}:--- StateLog() end -------------------
20260620 224153.429 INFO             PET2   esm: InitializeIPDv02p3 extro.
20260620 224153.429 INFO             PET2   esm: InitializeIPDv02p5 intro.
20260620 224153.429 INFO             PET2     esm: InitializeIPDv02p5 intro {IS}:--- StateLog() start -----------------
20260620 224153.429 INFO             PET2     esm: InitializeIPDv02p5 intro {IS}:State object is invalid! Not created or deleted!
20260620 224153.429 INFO             PET2     esm: InitializeIPDv02p5 intro {IS}:--- StateLog() end -------------------
20260620 224153.429 INFO             PET2     esm: InitializeIPDv02p5 intro {ES}:--- StateLog() start -----------------
20260620 224153.429 INFO             PET2     esm: InitializeIPDv02p5 intro {ES}:State object is invalid! Not created or deleted!
20260620 224153.429 INFO             PET2     esm: InitializeIPDv02p5 intro {ES}:--- StateLog() end -------------------
20260620 224153.429 INFO             PET2     >>>esm: entered Initialize (phase=<none>) with current time: 2010  6  1  0  0  0   0
20260620 224153.429 INFO             PET2     esm: this is a top level driver, no 'Updated' and 'InitializeDataComplete' info on this level.
20260620 224153.429 INFO             PET2     esm: InitializeIPDv02p5Data intro.
20260620 224153.429 INFO             PET2       esm: InitializeIPDv02p5Data intro {IS}:--- StateLog() start -----------------
20260620 224153.429 INFO             PET2       esm: InitializeIPDv02p5Data intro {IS}:State object is invalid! Not created or deleted!
20260620 224153.429 INFO             PET2       esm: InitializeIPDv02p5Data intro {IS}:--- StateLog() end -------------------
20260620 224153.429 INFO             PET2       esm: InitializeIPDv02p5Data intro {ES}:--- StateLog() start -----------------
20260620 224153.429 INFO             PET2       esm: InitializeIPDv02p5Data intro {ES}:State object is invalid! Not created or deleted!
20260620 224153.429 INFO             PET2       esm: InitializeIPDv02p5Data intro {ES}:--- StateLog() end -------------------
20260620 224153.429 INFO             PET2       >>>esm: entered Initialize (phase=<none>) with current time: 2010  6  1  0  0  0   0
20260620 224153.429 INFO             PET2       esm: InternalInitializeComplete intro.
20260620 224153.429 INFO             PET2         esm: InternalInitializeComplete intro {IS}:--- StateLog() start -----------------
20260620 224153.429 INFO             PET2         esm: InternalInitializeComplete intro {IS}:State object is invalid! Not created or deleted!
20260620 224153.429 INFO             PET2         esm: InternalInitializeComplete intro {IS}:--- StateLog() end -------------------
20260620 224153.429 INFO             PET2         esm: InternalInitializeComplete intro {ES}:--- StateLog() start -----------------
20260620 224153.429 INFO             PET2         esm: InternalInitializeComplete intro {ES}:State object is invalid! Not created or deleted!
20260620 224153.429 INFO             PET2         esm: InternalInitializeComplete intro {ES}:--- StateLog() end -------------------
20260620 224153.429 INFO             PET2         >>>esm: entered Initialize (phase=<none>) with current time: 2010  6  1  0  0  0   0
20260620 224153.429 INFO             PET2         esm: InitializeDataComplete='true'
20260620 224153.429 INFO             PET2         <<<esm: leaving Initialize (phase=<none>) with current time: 2010  6  1  0  0  0   0
20260620 224153.429 INFO             PET2         esm: InternalInitializeComplete extro {IS}:--- StateLog() start -----------------
20260620 224153.429 INFO             PET2         esm: InternalInitializeComplete extro {IS}:State object is invalid! Not created or deleted!
20260620 224153.429 INFO             PET2         esm: InternalInitializeComplete extro {IS}:--- StateLog() end -------------------
20260620 224153.429 INFO             PET2         esm: InternalInitializeComplete extro {ES}:--- StateLog() start -----------------
20260620 224153.429 INFO             PET2         esm: InternalInitializeComplete extro {ES}:State object is invalid! Not created or deleted!
20260620 224153.429 INFO             PET2         esm: InternalInitializeComplete extro {ES}:--- StateLog() end -------------------
20260620 224153.429 INFO             PET2       esm: InternalInitializeComplete extro.
20260620 224153.430 INFO             PET2       OCN: InitializeIPDv01p5 intro.
20260620 224153.430 INFO             PET2         OCN: InitializeIPDv01p5 intro {IS}:--- StateLog() start -----------------
20260620 224153.430 INFO             PET2         OCN: InitializeIPDv01p5 intro {IS}:<name: OCN-ImportState> <intent: ESMF_STATEINTENT_IMPORT> <itemCount:    0>
20260620 224153.430 INFO             PET2         OCN: InitializeIPDv01p5 intro {IS}:--- StateLog() end -------------------
20260620 224153.430 INFO             PET2         OCN: InitializeIPDv01p5 intro {ES}:--- StateLog() start -----------------
20260620 224153.430 INFO             PET2         OCN: InitializeIPDv01p5 intro {ES}:<name: OCN-ExportState> <intent: ESMF_STATEINTENT_EXPORT> <itemCount:    1>
20260620 224153.430 INFO             PET2         OCN: InitializeIPDv01p5 intro {ES}:+-<item: 0001> <itemType: Field> <itemName: sst>
20260620 224153.430 INFO             PET2         OCN: InitializeIPDv01p5 intro {ES}:!--- FieldLog() start -----------------
20260620 224153.430 INFO             PET2         OCN: InitializeIPDv01p5 intro {ES}:! <name: sst> <fieldStatus: ESMF_FIELDSTATUS_COMPLETE>
20260620 224153.430 INFO             PET2         OCN: InitializeIPDv01p5 intro {ES}:! 0x16b01c548 => 0x106be4d30 => 0x142f28750
20260620 224153.430 INFO             PET2         OCN: InitializeIPDv01p5 intro {ES}:! <typekind: Real*8> <rank:    2> <dimCount:    2>
20260620 224153.430 INFO             PET2         OCN: InitializeIPDv01p5 intro {ES}:! ! --- Array::log() start -----------------------------------
20260620 224153.430 INFO             PET2         OCN: InitializeIPDv01p5 intro {ES}:! ! 0x143827000
20260620 224153.430 INFO             PET2         OCN: InitializeIPDv01p5 intro {ES}:! ! <name: sst>
20260620 224153.430 INFO             PET2         OCN: InitializeIPDv01p5 intro {ES}:! ! ! --- DistGrid::log() start --------------------------------
20260620 224153.430 INFO             PET2         OCN: InitializeIPDv01p5 intro {ES}:! ! ! 0x143825800
20260620 224153.430 INFO             PET2         OCN: InitializeIPDv01p5 intro {ES}:! ! ! DistGrid object is valid!<name: DG-Grid003-sloc:0>
20260620 224153.430 INFO             PET2         OCN: InitializeIPDv01p5 intro {ES}:! ! ! --- DistGrid::log() end ----------------------------------
20260620 224153.430 INFO             PET2         OCN: InitializeIPDv01p5 intro {ES}:! ! --- Array::log() end -------------------------------------
20260620 224153.430 INFO             PET2         OCN: InitializeIPDv01p5 intro {ES}:!--- FieldLog() end -------------------
20260620 224153.430 INFO             PET2         OCN: InitializeIPDv01p5 intro {ES}:--- StateLog() end -------------------
20260620 224153.430 INFO             PET2         >>>OCN: entered Initialize (phase=IPDvXp08) with current time: 2010  6  1  0  0  0   0
20260620 224153.430 INFO             PET2         <<<OCN: leaving Initialize (phase=IPDvXp08) with current time: 2010  6  1  0  0  0   0
20260620 224153.430 INFO             PET2         OCN: InitializeIPDv01p5 extro {IS}:--- StateLog() start -----------------
20260620 224153.430 INFO             PET2         OCN: InitializeIPDv01p5 extro {IS}:<name: OCN-ImportState> <intent: ESMF_STATEINTENT_IMPORT> <itemCount:    0>
20260620 224153.430 INFO             PET2         OCN: InitializeIPDv01p5 extro {IS}:--- StateLog() end -------------------
20260620 224153.430 INFO             PET2         OCN: InitializeIPDv01p5 extro {ES}:--- StateLog() start -----------------
20260620 224153.430 INFO             PET2         OCN: InitializeIPDv01p5 extro {ES}:<name: OCN-ExportState> <intent: ESMF_STATEINTENT_EXPORT> <itemCount:    1>
20260620 224153.430 INFO             PET2         OCN: InitializeIPDv01p5 extro {ES}:+-<item: 0001> <itemType: Field> <itemName: sst>
20260620 224153.430 INFO             PET2         OCN: InitializeIPDv01p5 extro {ES}:!--- FieldLog() start -----------------
20260620 224153.430 INFO             PET2         OCN: InitializeIPDv01p5 extro {ES}:! <name: sst> <fieldStatus: ESMF_FIELDSTATUS_COMPLETE>
20260620 224153.430 INFO             PET2         OCN: InitializeIPDv01p5 extro {ES}:! 0x16b01d758 => 0x106be4d30 => 0x142f28750
20260620 224153.430 INFO             PET2         OCN: InitializeIPDv01p5 extro {ES}:! <typekind: Real*8> <rank:    2> <dimCount:    2>
20260620 224153.430 INFO             PET2         OCN: InitializeIPDv01p5 extro {ES}:! ! --- Array::log() start -----------------------------------
20260620 224153.430 INFO             PET2         OCN: InitializeIPDv01p5 extro {ES}:! ! 0x143827000
20260620 224153.430 INFO             PET2         OCN: InitializeIPDv01p5 extro {ES}:! ! <name: sst>
20260620 224153.430 INFO             PET2         OCN: InitializeIPDv01p5 extro {ES}:! ! ! --- DistGrid::log() start --------------------------------
20260620 224153.430 INFO             PET2         OCN: InitializeIPDv01p5 extro {ES}:! ! ! 0x143825800
20260620 224153.430 INFO             PET2         OCN: InitializeIPDv01p5 extro {ES}:! ! ! DistGrid object is valid!<name: DG-Grid003-sloc:0>
20260620 224153.430 INFO             PET2         OCN: InitializeIPDv01p5 extro {ES}:! ! ! --- DistGrid::log() end ----------------------------------
20260620 224153.430 INFO             PET2         OCN: InitializeIPDv01p5 extro {ES}:! ! --- Array::log() end -------------------------------------
20260620 224153.430 INFO             PET2         OCN: InitializeIPDv01p5 extro {ES}:!--- FieldLog() end -------------------
20260620 224153.430 INFO             PET2         OCN: InitializeIPDv01p5 extro {ES}:--- StateLog() end -------------------
20260620 224153.430 INFO             PET2       OCN: InitializeIPDv01p5 extro.
20260620 224153.431 INFO             PET2       esm: components present that trigger loopDataDependentInitialize().
20260620 224153.431 INFO             PET2       esm: loopDataDependentInitialize intro.
20260620 224153.431 INFO             PET2         esm: loopDataDependentInitialize intro {IS}:--- StateLog() start -----------------
20260620 224153.431 INFO             PET2         esm: loopDataDependentInitialize intro {IS}:State object is invalid! Not created or deleted!
20260620 224153.431 INFO             PET2         esm: loopDataDependentInitialize intro {IS}:--- StateLog() end -------------------
20260620 224153.431 INFO             PET2         esm: loopDataDependentInitialize intro {ES}:--- StateLog() start -----------------
20260620 224153.431 INFO             PET2         esm: loopDataDependentInitialize intro {ES}:State object is invalid! Not created or deleted!
20260620 224153.431 INFO             PET2         esm: loopDataDependentInitialize intro {ES}:--- StateLog() end -------------------
20260620 224153.431 INFO             PET2         >>>esm: entered Initialize (phase=<none>) with current time: 2010  6  1  0  0  0   0
20260620 224153.431 INFO             PET2         esm: component    0=esm, dataComplete (local): true
20260620 224153.431 INFO             PET2         esm: component    0=esm, dataComplete (global):  T
20260620 224153.431 INFO             PET2         esm: component    1=ATM, dataComplete (local): true
20260620 224153.431 INFO             PET2         esm: component    1=ATM, dataComplete (global):  T
20260620 224153.431 INFO             PET2         esm: component    2=OCN, dataComplete (local): true
20260620 224153.431 INFO             PET2         esm: component    2=OCN, dataComplete (global):  T
20260620 224153.431 INFO             PET2         esm: someProgress= F, allComplete= T, present(dataDepAllComplete)= T
20260620 224153.431 INFO             PET2         esm: finished resolving initialize data dependencies on this level.
20260620 224153.431 INFO             PET2         <<<esm: leaving Initialize (phase=<none>) with current time: 2010  6  1  0  0  0   0
20260620 224153.431 INFO             PET2         esm: loopDataDependentInitialize extro {IS}:--- StateLog() start -----------------
20260620 224153.431 INFO             PET2         esm: loopDataDependentInitialize extro {IS}:State object is invalid! Not created or deleted!
20260620 224153.431 INFO             PET2         esm: loopDataDependentInitialize extro {IS}:--- StateLog() end -------------------
20260620 224153.431 INFO             PET2         esm: loopDataDependentInitialize extro {ES}:--- StateLog() start -----------------
20260620 224153.431 INFO             PET2         esm: loopDataDependentInitialize extro {ES}:State object is invalid! Not created or deleted!
20260620 224153.431 INFO             PET2         esm: loopDataDependentInitialize extro {ES}:--- StateLog() end -------------------
20260620 224153.431 INFO             PET2       esm: loopDataDependentInitialize extro.
20260620 224153.431 INFO             PET2       esm: loopDataDependentInitialize() returned with dataDepAllComplete:  T
20260620 224153.431 INFO             PET2       <<<esm: leaving Initialize (phase=<none>) with current time: 2010  6  1  0  0  0   0
20260620 224153.431 INFO             PET2       esm: InitializeIPDv02p5Data extro {IS}:--- StateLog() start -----------------
20260620 224153.431 INFO             PET2       esm: InitializeIPDv02p5Data extro {IS}:State object is invalid! Not created or deleted!
20260620 224153.431 INFO             PET2       esm: InitializeIPDv02p5Data extro {IS}:--- StateLog() end -------------------
20260620 224153.431 INFO             PET2       esm: InitializeIPDv02p5Data extro {ES}:--- StateLog() start -----------------
20260620 224153.431 INFO             PET2       esm: InitializeIPDv02p5Data extro {ES}:State object is invalid! Not created or deleted!
20260620 224153.431 INFO             PET2       esm: InitializeIPDv02p5Data extro {ES}:--- StateLog() end -------------------
20260620 224153.431 INFO             PET2     esm: InitializeIPDv02p5Data extro.
20260620 224153.431 INFO             PET2     <<<esm: leaving Initialize (phase=<none>) with current time: 2010  6  1  0  0  0   0
20260620 224153.431 INFO             PET2     esm: InitializeIPDv02p5 extro {IS}:--- StateLog() start -----------------
20260620 224153.431 INFO             PET2     esm: InitializeIPDv02p5 extro {IS}:State object is invalid! Not created or deleted!
20260620 224153.431 INFO             PET2     esm: InitializeIPDv02p5 extro {IS}:--- StateLog() end -------------------
20260620 224153.431 INFO             PET2     esm: InitializeIPDv02p5 extro {ES}:--- StateLog() start -----------------
20260620 224153.431 INFO             PET2     esm: InitializeIPDv02p5 extro {ES}:State object is invalid! Not created or deleted!
20260620 224153.431 INFO             PET2     esm: InitializeIPDv02p5 extro {ES}:--- StateLog() end -------------------
20260620 224153.431 INFO             PET2   esm: InitializeIPDv02p5 extro.
20260620 224153.431 INFO             PET2   <<<esm: leaving Initialize (phase=<none>) with current time: 2010  6  1  0  0  0   0
20260620 224153.431 INFO             PET2   esm: InitializeGeneric extro {IS}:--- StateLog() start -----------------
20260620 224153.431 INFO             PET2   esm: InitializeGeneric extro {IS}:State object is invalid! Not created or deleted!
20260620 224153.431 INFO             PET2   esm: InitializeGeneric extro {IS}:--- StateLog() end -------------------
20260620 224153.431 INFO             PET2   esm: InitializeGeneric extro {ES}:--- StateLog() start -----------------
20260620 224153.431 INFO             PET2   esm: InitializeGeneric extro {ES}:State object is invalid! Not created or deleted!
20260620 224153.431 INFO             PET2   esm: InitializeGeneric extro {ES}:--- StateLog() end -------------------
20260620 224153.431 INFO             PET2 esm: InitializeGeneric extro.
20260620 224153.432 INFO             PET2 esm: Run intro.
20260620 224153.432 INFO             PET2   esm: Run intro {IS}:--- StateLog() start -----------------
20260620 224153.432 INFO             PET2   esm: Run intro {IS}:State object is invalid! Not created or deleted!
20260620 224153.432 INFO             PET2   esm: Run intro {IS}:--- StateLog() end -------------------
20260620 224153.432 INFO             PET2   esm: Run intro {ES}:--- StateLog() start -----------------
20260620 224153.432 INFO             PET2   esm: Run intro {ES}:State object is invalid! Not created or deleted!
20260620 224153.432 INFO             PET2   esm: Run intro {ES}:--- StateLog() end -------------------
20260620 224153.432 INFO             PET2   >>>esm: entered Run (phase=RunPhase1) with current time: 2010  6  1  0  0  0   0
20260620 224153.432 INFO             PET2   esm: after lable_SetRunClock, current time: 2010  6  1  0  0  0   0
20260620 224153.432 INFO             PET2   esm: begin -------> RunSequence.
20260620 224153.432 INFO             PET2     esm: RunSequence event loopLevel=   1  levelMember=   1  loopIteration=   1, current time: 2010  6  1  0  0  0   0
20260620 224153.432 INFO             PET2     ATM-TO-OCN: Run intro.
20260620 224153.432 INFO             PET2       ATM-TO-OCN: Run intro {IS}:--- StateLog() start -----------------
20260620 224153.432 INFO             PET2       ATM-TO-OCN: Run intro {IS}:<name: ATM-ExportState> <intent: ESMF_STATEINTENT_EXPORT> <itemCount:    0>
20260620 224153.432 INFO             PET2       ATM-TO-OCN: Run intro {IS}:--- StateLog() end -------------------
20260620 224153.432 INFO             PET2       ATM-TO-OCN: Run intro {ES}:--- StateLog() start -----------------
20260620 224153.432 INFO             PET2       ATM-TO-OCN: Run intro {ES}:<name: OCN-ImportState> <intent: ESMF_STATEINTENT_IMPORT> <itemCount:    0>
20260620 224153.432 INFO             PET2       ATM-TO-OCN: Run intro {ES}:--- StateLog() end -------------------
20260620 224153.432 INFO             PET2       >>>ATM-TO-OCN entered Run (phase=RunPhase1)
20260620 224153.432 INFO             PET2       ATM-TO-OCN: called default RouteHandle execution
20260620 224153.432 INFO             PET2       <<<ATM-TO-OCN leaving Run (phase=RunPhase1)
20260620 224153.432 INFO             PET2       ATM-TO-OCN: Run extro {IS}:--- StateLog() start -----------------
20260620 224153.432 INFO             PET2       ATM-TO-OCN: Run extro {IS}:<name: ATM-ExportState> <intent: ESMF_STATEINTENT_EXPORT> <itemCount:    0>
20260620 224153.432 INFO             PET2       ATM-TO-OCN: Run extro {IS}:--- StateLog() end -------------------
20260620 224153.432 INFO             PET2       ATM-TO-OCN: Run extro {ES}:--- StateLog() start -----------------
20260620 224153.432 INFO             PET2       ATM-TO-OCN: Run extro {ES}:<name: OCN-ImportState> <intent: ESMF_STATEINTENT_IMPORT> <itemCount:    0>
20260620 224153.432 INFO             PET2       ATM-TO-OCN: Run extro {ES}:--- StateLog() end -------------------
20260620 224153.432 INFO             PET2     ATM-TO-OCN: Run extro.
20260620 224153.432 INFO             PET2     OCN-TO-ATM: Run intro.
20260620 224153.432 INFO             PET2       OCN-TO-ATM: Run intro {IS}:--- StateLog() start -----------------
20260620 224153.432 INFO             PET2       OCN-TO-ATM: Run intro {IS}:<name: OCN-ExportState> <intent: ESMF_STATEINTENT_EXPORT> <itemCount:    1>
20260620 224153.432 INFO             PET2       OCN-TO-ATM: Run intro {IS}:+-<item: 0001> <itemType: Field> <itemName: sst>
20260620 224153.432 INFO             PET2       OCN-TO-ATM: Run intro {IS}:!--- FieldLog() start -----------------
20260620 224153.432 INFO             PET2       OCN-TO-ATM: Run intro {IS}:! <name: sst> <fieldStatus: ESMF_FIELDSTATUS_COMPLETE>
20260620 224153.432 INFO             PET2       OCN-TO-ATM: Run intro {IS}:! 0x16b01bba8 => 0x106be4d30 => 0x142f28750
20260620 224153.432 INFO             PET2       OCN-TO-ATM: Run intro {IS}:! <typekind: Real*8> <rank:    2> <dimCount:    2>
20260620 224153.432 INFO             PET2       OCN-TO-ATM: Run intro {IS}:! ! --- Array::log() start -----------------------------------
20260620 224153.432 INFO             PET2       OCN-TO-ATM: Run intro {IS}:! ! 0x143827000
20260620 224153.432 INFO             PET2       OCN-TO-ATM: Run intro {IS}:! ! <name: sst>
20260620 224153.432 INFO             PET2       OCN-TO-ATM: Run intro {IS}:! ! ! --- DistGrid::log() start --------------------------------
20260620 224153.432 INFO             PET2       OCN-TO-ATM: Run intro {IS}:! ! ! 0x143825800
20260620 224153.432 INFO             PET2       OCN-TO-ATM: Run intro {IS}:! ! ! DistGrid object is valid!<name: DG-Grid003-sloc:0>
20260620 224153.432 INFO             PET2       OCN-TO-ATM: Run intro {IS}:! ! ! --- DistGrid::log() end ----------------------------------
20260620 224153.432 INFO             PET2       OCN-TO-ATM: Run intro {IS}:! ! --- Array::log() end -------------------------------------
20260620 224153.432 INFO             PET2       OCN-TO-ATM: Run intro {IS}:!--- FieldLog() end -------------------
20260620 224153.432 INFO             PET2       OCN-TO-ATM: Run intro {IS}:--- StateLog() end -------------------
20260620 224153.432 INFO             PET2       OCN-TO-ATM: Run intro {ES}:--- StateLog() start -----------------
20260620 224153.432 INFO             PET2       OCN-TO-ATM: Run intro {ES}:<name: ATM-ImportState> <intent: ESMF_STATEINTENT_IMPORT> <itemCount:    1>
20260620 224153.432 INFO             PET2       OCN-TO-ATM: Run intro {ES}:+-<item: 0001> <itemType: State> <itemName: ATM-ImportState-namespace:OCN>
20260620 224153.432 INFO             PET2       OCN-TO-ATM: Run intro {ES}:! <name: ATM-ImportState-namespace:OCN> <intent: ESMF_STATEINTENT_IMPORT> <itemCount:    1>
20260620 224153.432 INFO             PET2       OCN-TO-ATM: Run intro {ES}:! +-<item: 0001> <itemType: Field> <itemName: sea_surface_temperature>
20260620 224153.432 INFO             PET2       OCN-TO-ATM: Run intro {ES}:! !--- FieldLog() start -----------------
20260620 224153.432 INFO             PET2       OCN-TO-ATM: Run intro {ES}:! ! <name: sea_surface_temperature> <fieldStatus: ESMF_FIELDSTATUS_COMPLETE>
20260620 224153.432 INFO             PET2       OCN-TO-ATM: Run intro {ES}:! ! 0x16b01a108 => 0x106bf83b0 => 0x142f29be0
20260620 224153.432 INFO             PET2       OCN-TO-ATM: Run intro {ES}:! ! <typekind: Real*8> <rank:    2> <dimCount:    2>
20260620 224153.432 INFO             PET2       OCN-TO-ATM: Run intro {ES}:! ! ! --- Array::log() start -----------------------------------
20260620 224153.432 INFO             PET2       OCN-TO-ATM: Run intro {ES}:! ! ! 0x143849200
20260620 224153.432 INFO             PET2       OCN-TO-ATM: Run intro {ES}:! ! ! <name: sea_surface_temperature>
20260620 224153.432 INFO             PET2       OCN-TO-ATM: Run intro {ES}:! ! ! ! --- DistGrid::log() start --------------------------------
20260620 224153.432 INFO             PET2       OCN-TO-ATM: Run intro {ES}:! ! ! ! 0x143849800
20260620 224153.432 INFO             PET2       OCN-TO-ATM: Run intro {ES}:! ! ! ! DistGrid object is valid!<name: DG-Grid003-sloc:0>
20260620 224153.432 INFO             PET2       OCN-TO-ATM: Run intro {ES}:! ! ! ! --- DistGrid::log() end ----------------------------------
20260620 224153.432 INFO             PET2       OCN-TO-ATM: Run intro {ES}:! ! ! --- Array::log() end -------------------------------------
20260620 224153.432 INFO             PET2       OCN-TO-ATM: Run intro {ES}:! !--- FieldLog() end -------------------
20260620 224153.432 INFO             PET2       OCN-TO-ATM: Run intro {ES}:--- StateLog() end -------------------
20260620 224153.432 INFO             PET2       >>>OCN-TO-ATM entered Run (phase=RunPhase1)
20260620 224153.432 INFO             PET2       OCN-TO-ATM: called default RouteHandle execution
20260620 224153.432 INFO             PET2       <<<OCN-TO-ATM leaving Run (phase=RunPhase1)
20260620 224153.432 INFO             PET2       OCN-TO-ATM: Run extro {IS}:--- StateLog() start -----------------
20260620 224153.432 INFO             PET2       OCN-TO-ATM: Run extro {IS}:<name: OCN-ExportState> <intent: ESMF_STATEINTENT_EXPORT> <itemCount:    1>
20260620 224153.432 INFO             PET2       OCN-TO-ATM: Run extro {IS}:+-<item: 0001> <itemType: Field> <itemName: sst>
20260620 224153.432 INFO             PET2       OCN-TO-ATM: Run extro {IS}:!--- FieldLog() start -----------------
20260620 224153.432 INFO             PET2       OCN-TO-ATM: Run extro {IS}:! <name: sst> <fieldStatus: ESMF_FIELDSTATUS_COMPLETE>
20260620 224153.432 INFO             PET2       OCN-TO-ATM: Run extro {IS}:! 0x16b01cdb8 => 0x106be4d30 => 0x142f28750
20260620 224153.432 INFO             PET2       OCN-TO-ATM: Run extro {IS}:! <typekind: Real*8> <rank:    2> <dimCount:    2>
20260620 224153.432 INFO             PET2       OCN-TO-ATM: Run extro {IS}:! ! --- Array::log() start -----------------------------------
20260620 224153.432 INFO             PET2       OCN-TO-ATM: Run extro {IS}:! ! 0x143827000
20260620 224153.432 INFO             PET2       OCN-TO-ATM: Run extro {IS}:! ! <name: sst>
20260620 224153.432 INFO             PET2       OCN-TO-ATM: Run extro {IS}:! ! ! --- DistGrid::log() start --------------------------------
20260620 224153.432 INFO             PET2       OCN-TO-ATM: Run extro {IS}:! ! ! 0x143825800
20260620 224153.432 INFO             PET2       OCN-TO-ATM: Run extro {IS}:! ! ! DistGrid object is valid!<name: DG-Grid003-sloc:0>
20260620 224153.432 INFO             PET2       OCN-TO-ATM: Run extro {IS}:! ! ! --- DistGrid::log() end ----------------------------------
20260620 224153.433 INFO             PET2       OCN-TO-ATM: Run extro {IS}:! ! --- Array::log() end -------------------------------------
20260620 224153.433 INFO             PET2       OCN-TO-ATM: Run extro {IS}:!--- FieldLog() end -------------------
20260620 224153.433 INFO             PET2       OCN-TO-ATM: Run extro {IS}:--- StateLog() end -------------------
20260620 224153.433 INFO             PET2       OCN-TO-ATM: Run extro {ES}:--- StateLog() start -----------------
20260620 224153.433 INFO             PET2       OCN-TO-ATM: Run extro {ES}:<name: ATM-ImportState> <intent: ESMF_STATEINTENT_IMPORT> <itemCount:    1>
20260620 224153.433 INFO             PET2       OCN-TO-ATM: Run extro {ES}:+-<item: 0001> <itemType: State> <itemName: ATM-ImportState-namespace:OCN>
20260620 224153.433 INFO             PET2       OCN-TO-ATM: Run extro {ES}:! <name: ATM-ImportState-namespace:OCN> <intent: ESMF_STATEINTENT_IMPORT> <itemCount:    1>
20260620 224153.433 INFO             PET2       OCN-TO-ATM: Run extro {ES}:! +-<item: 0001> <itemType: Field> <itemName: sea_surface_temperature>
20260620 224153.433 INFO             PET2       OCN-TO-ATM: Run extro {ES}:! !--- FieldLog() start -----------------
20260620 224153.433 INFO             PET2       OCN-TO-ATM: Run extro {ES}:! ! <name: sea_surface_temperature> <fieldStatus: ESMF_FIELDSTATUS_COMPLETE>
20260620 224153.433 INFO             PET2       OCN-TO-ATM: Run extro {ES}:! ! 0x16b01b318 => 0x106bf83b0 => 0x142f29be0
20260620 224153.433 INFO             PET2       OCN-TO-ATM: Run extro {ES}:! ! <typekind: Real*8> <rank:    2> <dimCount:    2>
20260620 224153.433 INFO             PET2       OCN-TO-ATM: Run extro {ES}:! ! ! --- Array::log() start -----------------------------------
20260620 224153.433 INFO             PET2       OCN-TO-ATM: Run extro {ES}:! ! ! 0x143849200
20260620 224153.433 INFO             PET2       OCN-TO-ATM: Run extro {ES}:! ! ! <name: sea_surface_temperature>
20260620 224153.433 INFO             PET2       OCN-TO-ATM: Run extro {ES}:! ! ! ! --- DistGrid::log() start --------------------------------
20260620 224153.433 INFO             PET2       OCN-TO-ATM: Run extro {ES}:! ! ! ! 0x143849800
20260620 224153.433 INFO             PET2       OCN-TO-ATM: Run extro {ES}:! ! ! ! DistGrid object is valid!<name: DG-Grid003-sloc:0>
20260620 224153.433 INFO             PET2       OCN-TO-ATM: Run extro {ES}:! ! ! ! --- DistGrid::log() end ----------------------------------
20260620 224153.433 INFO             PET2       OCN-TO-ATM: Run extro {ES}:! ! ! --- Array::log() end -------------------------------------
20260620 224153.433 INFO             PET2       OCN-TO-ATM: Run extro {ES}:! !--- FieldLog() end -------------------
20260620 224153.433 INFO             PET2       OCN-TO-ATM: Run extro {ES}:--- StateLog() end -------------------
20260620 224153.433 INFO             PET2     OCN-TO-ATM: Run extro.
20260620 224153.433 INFO             PET2     OCN: Run intro.
20260620 224153.433 INFO             PET2       OCN: Run intro {IS}:--- StateLog() start -----------------
20260620 224153.433 INFO             PET2       OCN: Run intro {IS}:<name: OCN-ImportState> <intent: ESMF_STATEINTENT_IMPORT> <itemCount:    0>
20260620 224153.433 INFO             PET2       OCN: Run intro {IS}:--- StateLog() end -------------------
20260620 224153.433 INFO             PET2       OCN: Run intro {ES}:--- StateLog() start -----------------
20260620 224153.433 INFO             PET2       OCN: Run intro {ES}:<name: OCN-ExportState> <intent: ESMF_STATEINTENT_EXPORT> <itemCount:    1>
20260620 224153.433 INFO             PET2       OCN: Run intro {ES}:+-<item: 0001> <itemType: Field> <itemName: sst>
20260620 224153.433 INFO             PET2       OCN: Run intro {ES}:!--- FieldLog() start -----------------
20260620 224153.433 INFO             PET2       OCN: Run intro {ES}:! <name: sst> <fieldStatus: ESMF_FIELDSTATUS_COMPLETE>
20260620 224153.433 INFO             PET2       OCN: Run intro {ES}:! 0x16b01cd08 => 0x106be4d30 => 0x142f28750
20260620 224153.433 INFO             PET2       OCN: Run intro {ES}:! <typekind: Real*8> <rank:    2> <dimCount:    2>
20260620 224153.433 INFO             PET2       OCN: Run intro {ES}:! ! --- Array::log() start -----------------------------------
20260620 224153.433 INFO             PET2       OCN: Run intro {ES}:! ! 0x143827000
20260620 224153.433 INFO             PET2       OCN: Run intro {ES}:! ! <name: sst>
20260620 224153.433 INFO             PET2       OCN: Run intro {ES}:! ! ! --- DistGrid::log() start --------------------------------
20260620 224153.433 INFO             PET2       OCN: Run intro {ES}:! ! ! 0x143825800
20260620 224153.433 INFO             PET2       OCN: Run intro {ES}:! ! ! DistGrid object is valid!<name: DG-Grid003-sloc:0>
20260620 224153.433 INFO             PET2       OCN: Run intro {ES}:! ! ! --- DistGrid::log() end ----------------------------------
20260620 224153.433 INFO             PET2       OCN: Run intro {ES}:! ! --- Array::log() end -------------------------------------
20260620 224153.433 INFO             PET2       OCN: Run intro {ES}:!--- FieldLog() end -------------------
20260620 224153.433 INFO             PET2       OCN: Run intro {ES}:--- StateLog() end -------------------
20260620 224153.433 INFO             PET2       >>>OCN: entered Run (phase=RunPhase1) with current time: 2010  6  1  0  0  0   0
20260620 224153.433 INFO             PET2       OCN: time step-loop starting, current time: 2010  6  1  0  0  0   0
20260620 224153.433 INFO             PET2       ------>Advancing OCN from: 2010  6  1  0  0  0   0
20260620 224153.433 INFO             PET2       ---------------------> to: 2010  6  1  0  5  0   0
20260620 224153.434 INFO             PET2       OCN: time step-loop ending,   current time: 2010  6  1  0  5  0   0
20260620 224153.434 INFO             PET2       OCN: time step-loop starting, current time: 2010  6  1  0  5  0   0
20260620 224153.434 INFO             PET2       ------>Advancing OCN from: 2010  6  1  0  5  0   0
20260620 224153.434 INFO             PET2       ---------------------> to: 2010  6  1  0 10  0   0
20260620 224153.435 INFO             PET2       OCN: time step-loop ending,   current time: 2010  6  1  0 10  0   0
20260620 224153.435 INFO             PET2       OCN: time step-loop starting, current time: 2010  6  1  0 10  0   0
20260620 224153.435 INFO             PET2       ------>Advancing OCN from: 2010  6  1  0 10  0   0
20260620 224153.435 INFO             PET2       ---------------------> to: 2010  6  1  0 15  0   0
20260620 224153.435 INFO             PET2       OCN: time step-loop ending,   current time: 2010  6  1  0 15  0   0
20260620 224153.436 INFO             PET2       <<<OCN: leaving Run (phase=RunPhase1) with current time: 2010  6  1  0 15  0   0
20260620 224153.436 INFO             PET2       OCN: Run extro {IS}:--- StateLog() start -----------------
20260620 224153.436 INFO             PET2       OCN: Run extro {IS}:<name: OCN-ImportState> <intent: ESMF_STATEINTENT_IMPORT> <itemCount:    0>
20260620 224153.436 INFO             PET2       OCN: Run extro {IS}:--- StateLog() end -------------------
20260620 224153.436 INFO             PET2       OCN: Run extro {ES}:--- StateLog() start -----------------
20260620 224153.436 INFO             PET2       OCN: Run extro {ES}:<name: OCN-ExportState> <intent: ESMF_STATEINTENT_EXPORT> <itemCount:    1>
20260620 224153.436 INFO             PET2       OCN: Run extro {ES}:+-<item: 0001> <itemType: Field> <itemName: sst>
20260620 224153.436 INFO             PET2       OCN: Run extro {ES}:!--- FieldLog() start -----------------
20260620 224153.436 INFO             PET2       OCN: Run extro {ES}:! <name: sst> <fieldStatus: ESMF_FIELDSTATUS_COMPLETE>
20260620 224153.436 INFO             PET2       OCN: Run extro {ES}:! 0x16b01df18 => 0x106be4d30 => 0x142f28750
20260620 224153.436 INFO             PET2       OCN: Run extro {ES}:! <typekind: Real*8> <rank:    2> <dimCount:    2>
20260620 224153.436 INFO             PET2       OCN: Run extro {ES}:! ! --- Array::log() start -----------------------------------
20260620 224153.436 INFO             PET2       OCN: Run extro {ES}:! ! 0x143827000
20260620 224153.436 INFO             PET2       OCN: Run extro {ES}:! ! <name: sst>
20260620 224153.436 INFO             PET2       OCN: Run extro {ES}:! ! ! --- DistGrid::log() start --------------------------------
20260620 224153.436 INFO             PET2       OCN: Run extro {ES}:! ! ! 0x143825800
20260620 224153.436 INFO             PET2       OCN: Run extro {ES}:! ! ! DistGrid object is valid!<name: DG-Grid003-sloc:0>
20260620 224153.436 INFO             PET2       OCN: Run extro {ES}:! ! ! --- DistGrid::log() end ----------------------------------
20260620 224153.436 INFO             PET2       OCN: Run extro {ES}:! ! --- Array::log() end -------------------------------------
20260620 224153.436 INFO             PET2       OCN: Run extro {ES}:!--- FieldLog() end -------------------
20260620 224153.436 INFO             PET2       OCN: Run extro {ES}:--- StateLog() end -------------------
20260620 224153.436 INFO             PET2     OCN: Run extro.
20260620 224153.436 INFO             PET2     esm: RunSequence event loopLevel=   1  levelMember=   1  loopIteration=   2, current time: 2010  6  1  0 15  0   0
20260620 224153.436 INFO             PET2     ATM-TO-OCN: Run intro.
20260620 224153.436 INFO             PET2       ATM-TO-OCN: Run intro {IS}:--- StateLog() start -----------------
20260620 224153.436 INFO             PET2       ATM-TO-OCN: Run intro {IS}:<name: ATM-ExportState> <intent: ESMF_STATEINTENT_EXPORT> <itemCount:    0>
20260620 224153.436 INFO             PET2       ATM-TO-OCN: Run intro {IS}:--- StateLog() end -------------------
20260620 224153.436 INFO             PET2       ATM-TO-OCN: Run intro {ES}:--- StateLog() start -----------------
20260620 224153.436 INFO             PET2       ATM-TO-OCN: Run intro {ES}:<name: OCN-ImportState> <intent: ESMF_STATEINTENT_IMPORT> <itemCount:    0>
20260620 224153.436 INFO             PET2       ATM-TO-OCN: Run intro {ES}:--- StateLog() end -------------------
20260620 224153.436 INFO             PET2       >>>ATM-TO-OCN entered Run (phase=RunPhase1)
20260620 224153.436 INFO             PET2       ATM-TO-OCN: called default RouteHandle execution
20260620 224153.436 INFO             PET2       <<<ATM-TO-OCN leaving Run (phase=RunPhase1)
20260620 224153.436 INFO             PET2       ATM-TO-OCN: Run extro {IS}:--- StateLog() start -----------------
20260620 224153.436 INFO             PET2       ATM-TO-OCN: Run extro {IS}:<name: ATM-ExportState> <intent: ESMF_STATEINTENT_EXPORT> <itemCount:    0>
20260620 224153.436 INFO             PET2       ATM-TO-OCN: Run extro {IS}:--- StateLog() end -------------------
20260620 224153.436 INFO             PET2       ATM-TO-OCN: Run extro {ES}:--- StateLog() start -----------------
20260620 224153.436 INFO             PET2       ATM-TO-OCN: Run extro {ES}:<name: OCN-ImportState> <intent: ESMF_STATEINTENT_IMPORT> <itemCount:    0>
20260620 224153.436 INFO             PET2       ATM-TO-OCN: Run extro {ES}:--- StateLog() end -------------------
20260620 224153.436 INFO             PET2     ATM-TO-OCN: Run extro.
20260620 224153.436 INFO             PET2     OCN-TO-ATM: Run intro.
20260620 224153.436 INFO             PET2       OCN-TO-ATM: Run intro {IS}:--- StateLog() start -----------------
20260620 224153.436 INFO             PET2       OCN-TO-ATM: Run intro {IS}:<name: OCN-ExportState> <intent: ESMF_STATEINTENT_EXPORT> <itemCount:    1>
20260620 224153.436 INFO             PET2       OCN-TO-ATM: Run intro {IS}:+-<item: 0001> <itemType: Field> <itemName: sst>
20260620 224153.436 INFO             PET2       OCN-TO-ATM: Run intro {IS}:!--- FieldLog() start -----------------
20260620 224153.436 INFO             PET2       OCN-TO-ATM: Run intro {IS}:! <name: sst> <fieldStatus: ESMF_FIELDSTATUS_COMPLETE>
20260620 224153.436 INFO             PET2       OCN-TO-ATM: Run intro {IS}:! 0x16b01bba8 => 0x106be4d30 => 0x142f28750
20260620 224153.436 INFO             PET2       OCN-TO-ATM: Run intro {IS}:! <typekind: Real*8> <rank:    2> <dimCount:    2>
20260620 224153.436 INFO             PET2       OCN-TO-ATM: Run intro {IS}:! ! --- Array::log() start -----------------------------------
20260620 224153.436 INFO             PET2       OCN-TO-ATM: Run intro {IS}:! ! 0x143827000
20260620 224153.436 INFO             PET2       OCN-TO-ATM: Run intro {IS}:! ! <name: sst>
20260620 224153.436 INFO             PET2       OCN-TO-ATM: Run intro {IS}:! ! ! --- DistGrid::log() start --------------------------------
20260620 224153.436 INFO             PET2       OCN-TO-ATM: Run intro {IS}:! ! ! 0x143825800
20260620 224153.436 INFO             PET2       OCN-TO-ATM: Run intro {IS}:! ! ! DistGrid object is valid!<name: DG-Grid003-sloc:0>
20260620 224153.436 INFO             PET2       OCN-TO-ATM: Run intro {IS}:! ! ! --- DistGrid::log() end ----------------------------------
20260620 224153.436 INFO             PET2       OCN-TO-ATM: Run intro {IS}:! ! --- Array::log() end -------------------------------------
20260620 224153.436 INFO             PET2       OCN-TO-ATM: Run intro {IS}:!--- FieldLog() end -------------------
20260620 224153.436 INFO             PET2       OCN-TO-ATM: Run intro {IS}:--- StateLog() end -------------------
20260620 224153.436 INFO             PET2       OCN-TO-ATM: Run intro {ES}:--- StateLog() start -----------------
20260620 224153.436 INFO             PET2       OCN-TO-ATM: Run intro {ES}:<name: ATM-ImportState> <intent: ESMF_STATEINTENT_IMPORT> <itemCount:    1>
20260620 224153.436 INFO             PET2       OCN-TO-ATM: Run intro {ES}:+-<item: 0001> <itemType: State> <itemName: ATM-ImportState-namespace:OCN>
20260620 224153.436 INFO             PET2       OCN-TO-ATM: Run intro {ES}:! <name: ATM-ImportState-namespace:OCN> <intent: ESMF_STATEINTENT_IMPORT> <itemCount:    1>
20260620 224153.436 INFO             PET2       OCN-TO-ATM: Run intro {ES}:! +-<item: 0001> <itemType: Field> <itemName: sea_surface_temperature>
20260620 224153.436 INFO             PET2       OCN-TO-ATM: Run intro {ES}:! !--- FieldLog() start -----------------
20260620 224153.436 INFO             PET2       OCN-TO-ATM: Run intro {ES}:! ! <name: sea_surface_temperature> <fieldStatus: ESMF_FIELDSTATUS_COMPLETE>
20260620 224153.436 INFO             PET2       OCN-TO-ATM: Run intro {ES}:! ! 0x16b01a108 => 0x106bf83b0 => 0x142f29be0
20260620 224153.436 INFO             PET2       OCN-TO-ATM: Run intro {ES}:! ! <typekind: Real*8> <rank:    2> <dimCount:    2>
20260620 224153.436 INFO             PET2       OCN-TO-ATM: Run intro {ES}:! ! ! --- Array::log() start -----------------------------------
20260620 224153.436 INFO             PET2       OCN-TO-ATM: Run intro {ES}:! ! ! 0x143849200
20260620 224153.436 INFO             PET2       OCN-TO-ATM: Run intro {ES}:! ! ! <name: sea_surface_temperature>
20260620 224153.436 INFO             PET2       OCN-TO-ATM: Run intro {ES}:! ! ! ! --- DistGrid::log() start --------------------------------
20260620 224153.436 INFO             PET2       OCN-TO-ATM: Run intro {ES}:! ! ! ! 0x143849800
20260620 224153.436 INFO             PET2       OCN-TO-ATM: Run intro {ES}:! ! ! ! DistGrid object is valid!<name: DG-Grid003-sloc:0>
20260620 224153.436 INFO             PET2       OCN-TO-ATM: Run intro {ES}:! ! ! ! --- DistGrid::log() end ----------------------------------
20260620 224153.436 INFO             PET2       OCN-TO-ATM: Run intro {ES}:! ! ! --- Array::log() end -------------------------------------
20260620 224153.436 INFO             PET2       OCN-TO-ATM: Run intro {ES}:! !--- FieldLog() end -------------------
20260620 224153.436 INFO             PET2       OCN-TO-ATM: Run intro {ES}:--- StateLog() end -------------------
20260620 224153.436 INFO             PET2       >>>OCN-TO-ATM entered Run (phase=RunPhase1)
20260620 224153.436 INFO             PET2       OCN-TO-ATM: called default RouteHandle execution
20260620 224153.436 INFO             PET2       <<<OCN-TO-ATM leaving Run (phase=RunPhase1)
20260620 224153.436 INFO             PET2       OCN-TO-ATM: Run extro {IS}:--- StateLog() start -----------------
20260620 224153.436 INFO             PET2       OCN-TO-ATM: Run extro {IS}:<name: OCN-ExportState> <intent: ESMF_STATEINTENT_EXPORT> <itemCount:    1>
20260620 224153.436 INFO             PET2       OCN-TO-ATM: Run extro {IS}:+-<item: 0001> <itemType: Field> <itemName: sst>
20260620 224153.436 INFO             PET2       OCN-TO-ATM: Run extro {IS}:!--- FieldLog() start -----------------
20260620 224153.436 INFO             PET2       OCN-TO-ATM: Run extro {IS}:! <name: sst> <fieldStatus: ESMF_FIELDSTATUS_COMPLETE>
20260620 224153.436 INFO             PET2       OCN-TO-ATM: Run extro {IS}:! 0x16b01cdb8 => 0x106be4d30 => 0x142f28750
20260620 224153.436 INFO             PET2       OCN-TO-ATM: Run extro {IS}:! <typekind: Real*8> <rank:    2> <dimCount:    2>
20260620 224153.436 INFO             PET2       OCN-TO-ATM: Run extro {IS}:! ! --- Array::log() start -----------------------------------
20260620 224153.436 INFO             PET2       OCN-TO-ATM: Run extro {IS}:! ! 0x143827000
20260620 224153.436 INFO             PET2       OCN-TO-ATM: Run extro {IS}:! ! <name: sst>
20260620 224153.436 INFO             PET2       OCN-TO-ATM: Run extro {IS}:! ! ! --- DistGrid::log() start --------------------------------
20260620 224153.436 INFO             PET2       OCN-TO-ATM: Run extro {IS}:! ! ! 0x143825800
20260620 224153.436 INFO             PET2       OCN-TO-ATM: Run extro {IS}:! ! ! DistGrid object is valid!<name: DG-Grid003-sloc:0>
20260620 224153.436 INFO             PET2       OCN-TO-ATM: Run extro {IS}:! ! ! --- DistGrid::log() end ----------------------------------
20260620 224153.436 INFO             PET2       OCN-TO-ATM: Run extro {IS}:! ! --- Array::log() end -------------------------------------
20260620 224153.436 INFO             PET2       OCN-TO-ATM: Run extro {IS}:!--- FieldLog() end -------------------
20260620 224153.436 INFO             PET2       OCN-TO-ATM: Run extro {IS}:--- StateLog() end -------------------
20260620 224153.436 INFO             PET2       OCN-TO-ATM: Run extro {ES}:--- StateLog() start -----------------
20260620 224153.436 INFO             PET2       OCN-TO-ATM: Run extro {ES}:<name: ATM-ImportState> <intent: ESMF_STATEINTENT_IMPORT> <itemCount:    1>
20260620 224153.436 INFO             PET2       OCN-TO-ATM: Run extro {ES}:+-<item: 0001> <itemType: State> <itemName: ATM-ImportState-namespace:OCN>
20260620 224153.436 INFO             PET2       OCN-TO-ATM: Run extro {ES}:! <name: ATM-ImportState-namespace:OCN> <intent: ESMF_STATEINTENT_IMPORT> <itemCount:    1>
20260620 224153.436 INFO             PET2       OCN-TO-ATM: Run extro {ES}:! +-<item: 0001> <itemType: Field> <itemName: sea_surface_temperature>
20260620 224153.436 INFO             PET2       OCN-TO-ATM: Run extro {ES}:! !--- FieldLog() start -----------------
20260620 224153.437 INFO             PET2       OCN-TO-ATM: Run extro {ES}:! ! <name: sea_surface_temperature> <fieldStatus: ESMF_FIELDSTATUS_COMPLETE>
20260620 224153.437 INFO             PET2       OCN-TO-ATM: Run extro {ES}:! ! 0x16b01b318 => 0x106bf83b0 => 0x142f29be0
20260620 224153.437 INFO             PET2       OCN-TO-ATM: Run extro {ES}:! ! <typekind: Real*8> <rank:    2> <dimCount:    2>
20260620 224153.437 INFO             PET2       OCN-TO-ATM: Run extro {ES}:! ! ! --- Array::log() start -----------------------------------
20260620 224153.437 INFO             PET2       OCN-TO-ATM: Run extro {ES}:! ! ! 0x143849200
20260620 224153.437 INFO             PET2       OCN-TO-ATM: Run extro {ES}:! ! ! <name: sea_surface_temperature>
20260620 224153.437 INFO             PET2       OCN-TO-ATM: Run extro {ES}:! ! ! ! --- DistGrid::log() start --------------------------------
20260620 224153.437 INFO             PET2       OCN-TO-ATM: Run extro {ES}:! ! ! ! 0x143849800
20260620 224153.437 INFO             PET2       OCN-TO-ATM: Run extro {ES}:! ! ! ! DistGrid object is valid!<name: DG-Grid003-sloc:0>
20260620 224153.437 INFO             PET2       OCN-TO-ATM: Run extro {ES}:! ! ! ! --- DistGrid::log() end ----------------------------------
20260620 224153.437 INFO             PET2       OCN-TO-ATM: Run extro {ES}:! ! ! --- Array::log() end -------------------------------------
20260620 224153.437 INFO             PET2       OCN-TO-ATM: Run extro {ES}:! !--- FieldLog() end -------------------
20260620 224153.437 INFO             PET2       OCN-TO-ATM: Run extro {ES}:--- StateLog() end -------------------
20260620 224153.437 INFO             PET2     OCN-TO-ATM: Run extro.
20260620 224153.437 INFO             PET2     OCN: Run intro.
20260620 224153.437 INFO             PET2       OCN: Run intro {IS}:--- StateLog() start -----------------
20260620 224153.437 INFO             PET2       OCN: Run intro {IS}:<name: OCN-ImportState> <intent: ESMF_STATEINTENT_IMPORT> <itemCount:    0>
20260620 224153.437 INFO             PET2       OCN: Run intro {IS}:--- StateLog() end -------------------
20260620 224153.437 INFO             PET2       OCN: Run intro {ES}:--- StateLog() start -----------------
20260620 224153.437 INFO             PET2       OCN: Run intro {ES}:<name: OCN-ExportState> <intent: ESMF_STATEINTENT_EXPORT> <itemCount:    1>
20260620 224153.437 INFO             PET2       OCN: Run intro {ES}:+-<item: 0001> <itemType: Field> <itemName: sst>
20260620 224153.437 INFO             PET2       OCN: Run intro {ES}:!--- FieldLog() start -----------------
20260620 224153.437 INFO             PET2       OCN: Run intro {ES}:! <name: sst> <fieldStatus: ESMF_FIELDSTATUS_COMPLETE>
20260620 224153.437 INFO             PET2       OCN: Run intro {ES}:! 0x16b01cd08 => 0x106be4d30 => 0x142f28750
20260620 224153.437 INFO             PET2       OCN: Run intro {ES}:! <typekind: Real*8> <rank:    2> <dimCount:    2>
20260620 224153.437 INFO             PET2       OCN: Run intro {ES}:! ! --- Array::log() start -----------------------------------
20260620 224153.437 INFO             PET2       OCN: Run intro {ES}:! ! 0x143827000
20260620 224153.437 INFO             PET2       OCN: Run intro {ES}:! ! <name: sst>
20260620 224153.437 INFO             PET2       OCN: Run intro {ES}:! ! ! --- DistGrid::log() start --------------------------------
20260620 224153.437 INFO             PET2       OCN: Run intro {ES}:! ! ! 0x143825800
20260620 224153.437 INFO             PET2       OCN: Run intro {ES}:! ! ! DistGrid object is valid!<name: DG-Grid003-sloc:0>
20260620 224153.437 INFO             PET2       OCN: Run intro {ES}:! ! ! --- DistGrid::log() end ----------------------------------
20260620 224153.437 INFO             PET2       OCN: Run intro {ES}:! ! --- Array::log() end -------------------------------------
20260620 224153.437 INFO             PET2       OCN: Run intro {ES}:!--- FieldLog() end -------------------
20260620 224153.437 INFO             PET2       OCN: Run intro {ES}:--- StateLog() end -------------------
20260620 224153.437 INFO             PET2       >>>OCN: entered Run (phase=RunPhase1) with current time: 2010  6  1  0 15  0   0
20260620 224153.437 INFO             PET2       OCN: time step-loop starting, current time: 2010  6  1  0 15  0   0
20260620 224153.437 INFO             PET2       ------>Advancing OCN from: 2010  6  1  0 15  0   0
20260620 224153.437 INFO             PET2       ---------------------> to: 2010  6  1  0 20  0   0
20260620 224153.438 INFO             PET2       OCN: time step-loop ending,   current time: 2010  6  1  0 20  0   0
20260620 224153.438 INFO             PET2       OCN: time step-loop starting, current time: 2010  6  1  0 20  0   0
20260620 224153.438 INFO             PET2       ------>Advancing OCN from: 2010  6  1  0 20  0   0
20260620 224153.438 INFO             PET2       ---------------------> to: 2010  6  1  0 25  0   0
20260620 224153.438 INFO             PET2       OCN: time step-loop ending,   current time: 2010  6  1  0 25  0   0
20260620 224153.438 INFO             PET2       OCN: time step-loop starting, current time: 2010  6  1  0 25  0   0
20260620 224153.438 INFO             PET2       ------>Advancing OCN from: 2010  6  1  0 25  0   0
20260620 224153.438 INFO             PET2       ---------------------> to: 2010  6  1  0 30  0   0
20260620 224153.439 INFO             PET2       OCN: time step-loop ending,   current time: 2010  6  1  0 30  0   0
20260620 224153.439 INFO             PET2       <<<OCN: leaving Run (phase=RunPhase1) with current time: 2010  6  1  0 30  0   0
20260620 224153.439 INFO             PET2       OCN: Run extro {IS}:--- StateLog() start -----------------
20260620 224153.439 INFO             PET2       OCN: Run extro {IS}:<name: OCN-ImportState> <intent: ESMF_STATEINTENT_IMPORT> <itemCount:    0>
20260620 224153.439 INFO             PET2       OCN: Run extro {IS}:--- StateLog() end -------------------
20260620 224153.439 INFO             PET2       OCN: Run extro {ES}:--- StateLog() start -----------------
20260620 224153.439 INFO             PET2       OCN: Run extro {ES}:<name: OCN-ExportState> <intent: ESMF_STATEINTENT_EXPORT> <itemCount:    1>
20260620 224153.439 INFO             PET2       OCN: Run extro {ES}:+-<item: 0001> <itemType: Field> <itemName: sst>
20260620 224153.439 INFO             PET2       OCN: Run extro {ES}:!--- FieldLog() start -----------------
20260620 224153.439 INFO             PET2       OCN: Run extro {ES}:! <name: sst> <fieldStatus: ESMF_FIELDSTATUS_COMPLETE>
20260620 224153.439 INFO             PET2       OCN: Run extro {ES}:! 0x16b01df18 => 0x106be4d30 => 0x142f28750
20260620 224153.439 INFO             PET2       OCN: Run extro {ES}:! <typekind: Real*8> <rank:    2> <dimCount:    2>
20260620 224153.439 INFO             PET2       OCN: Run extro {ES}:! ! --- Array::log() start -----------------------------------
20260620 224153.439 INFO             PET2       OCN: Run extro {ES}:! ! 0x143827000
20260620 224153.439 INFO             PET2       OCN: Run extro {ES}:! ! <name: sst>
20260620 224153.439 INFO             PET2       OCN: Run extro {ES}:! ! ! --- DistGrid::log() start --------------------------------
20260620 224153.439 INFO             PET2       OCN: Run extro {ES}:! ! ! 0x143825800
20260620 224153.439 INFO             PET2       OCN: Run extro {ES}:! ! ! DistGrid object is valid!<name: DG-Grid003-sloc:0>
20260620 224153.439 INFO             PET2       OCN: Run extro {ES}:! ! ! --- DistGrid::log() end ----------------------------------
20260620 224153.439 INFO             PET2       OCN: Run extro {ES}:! ! --- Array::log() end -------------------------------------
20260620 224153.439 INFO             PET2       OCN: Run extro {ES}:!--- FieldLog() end -------------------
20260620 224153.439 INFO             PET2       OCN: Run extro {ES}:--- StateLog() end -------------------
20260620 224153.439 INFO             PET2     OCN: Run extro.
20260620 224153.439 INFO             PET2     esm: RunSequence event loopLevel=   1  levelMember=   1  loopIteration=   3, current time: 2010  6  1  0 30  0   0
20260620 224153.439 INFO             PET2     ATM-TO-OCN: Run intro.
20260620 224153.439 INFO             PET2       ATM-TO-OCN: Run intro {IS}:--- StateLog() start -----------------
20260620 224153.439 INFO             PET2       ATM-TO-OCN: Run intro {IS}:<name: ATM-ExportState> <intent: ESMF_STATEINTENT_EXPORT> <itemCount:    0>
20260620 224153.439 INFO             PET2       ATM-TO-OCN: Run intro {IS}:--- StateLog() end -------------------
20260620 224153.439 INFO             PET2       ATM-TO-OCN: Run intro {ES}:--- StateLog() start -----------------
20260620 224153.439 INFO             PET2       ATM-TO-OCN: Run intro {ES}:<name: OCN-ImportState> <intent: ESMF_STATEINTENT_IMPORT> <itemCount:    0>
20260620 224153.439 INFO             PET2       ATM-TO-OCN: Run intro {ES}:--- StateLog() end -------------------
20260620 224153.439 INFO             PET2       >>>ATM-TO-OCN entered Run (phase=RunPhase1)
20260620 224153.439 INFO             PET2       ATM-TO-OCN: called default RouteHandle execution
20260620 224153.439 INFO             PET2       <<<ATM-TO-OCN leaving Run (phase=RunPhase1)
20260620 224153.439 INFO             PET2       ATM-TO-OCN: Run extro {IS}:--- StateLog() start -----------------
20260620 224153.439 INFO             PET2       ATM-TO-OCN: Run extro {IS}:<name: ATM-ExportState> <intent: ESMF_STATEINTENT_EXPORT> <itemCount:    0>
20260620 224153.439 INFO             PET2       ATM-TO-OCN: Run extro {IS}:--- StateLog() end -------------------
20260620 224153.439 INFO             PET2       ATM-TO-OCN: Run extro {ES}:--- StateLog() start -----------------
20260620 224153.439 INFO             PET2       ATM-TO-OCN: Run extro {ES}:<name: OCN-ImportState> <intent: ESMF_STATEINTENT_IMPORT> <itemCount:    0>
20260620 224153.439 INFO             PET2       ATM-TO-OCN: Run extro {ES}:--- StateLog() end -------------------
20260620 224153.439 INFO             PET2     ATM-TO-OCN: Run extro.
20260620 224153.439 INFO             PET2     OCN-TO-ATM: Run intro.
20260620 224153.439 INFO             PET2       OCN-TO-ATM: Run intro {IS}:--- StateLog() start -----------------
20260620 224153.439 INFO             PET2       OCN-TO-ATM: Run intro {IS}:<name: OCN-ExportState> <intent: ESMF_STATEINTENT_EXPORT> <itemCount:    1>
20260620 224153.439 INFO             PET2       OCN-TO-ATM: Run intro {IS}:+-<item: 0001> <itemType: Field> <itemName: sst>
20260620 224153.439 INFO             PET2       OCN-TO-ATM: Run intro {IS}:!--- FieldLog() start -----------------
20260620 224153.439 INFO             PET2       OCN-TO-ATM: Run intro {IS}:! <name: sst> <fieldStatus: ESMF_FIELDSTATUS_COMPLETE>
20260620 224153.439 INFO             PET2       OCN-TO-ATM: Run intro {IS}:! 0x16b01bba8 => 0x106be4d30 => 0x142f28750
20260620 224153.439 INFO             PET2       OCN-TO-ATM: Run intro {IS}:! <typekind: Real*8> <rank:    2> <dimCount:    2>
20260620 224153.439 INFO             PET2       OCN-TO-ATM: Run intro {IS}:! ! --- Array::log() start -----------------------------------
20260620 224153.439 INFO             PET2       OCN-TO-ATM: Run intro {IS}:! ! 0x143827000
20260620 224153.439 INFO             PET2       OCN-TO-ATM: Run intro {IS}:! ! <name: sst>
20260620 224153.439 INFO             PET2       OCN-TO-ATM: Run intro {IS}:! ! ! --- DistGrid::log() start --------------------------------
20260620 224153.439 INFO             PET2       OCN-TO-ATM: Run intro {IS}:! ! ! 0x143825800
20260620 224153.439 INFO             PET2       OCN-TO-ATM: Run intro {IS}:! ! ! DistGrid object is valid!<name: DG-Grid003-sloc:0>
20260620 224153.439 INFO             PET2       OCN-TO-ATM: Run intro {IS}:! ! ! --- DistGrid::log() end ----------------------------------
20260620 224153.439 INFO             PET2       OCN-TO-ATM: Run intro {IS}:! ! --- Array::log() end -------------------------------------
20260620 224153.439 INFO             PET2       OCN-TO-ATM: Run intro {IS}:!--- FieldLog() end -------------------
20260620 224153.439 INFO             PET2       OCN-TO-ATM: Run intro {IS}:--- StateLog() end -------------------
20260620 224153.439 INFO             PET2       OCN-TO-ATM: Run intro {ES}:--- StateLog() start -----------------
20260620 224153.439 INFO             PET2       OCN-TO-ATM: Run intro {ES}:<name: ATM-ImportState> <intent: ESMF_STATEINTENT_IMPORT> <itemCount:    1>
20260620 224153.439 INFO             PET2       OCN-TO-ATM: Run intro {ES}:+-<item: 0001> <itemType: State> <itemName: ATM-ImportState-namespace:OCN>
20260620 224153.439 INFO             PET2       OCN-TO-ATM: Run intro {ES}:! <name: ATM-ImportState-namespace:OCN> <intent: ESMF_STATEINTENT_IMPORT> <itemCount:    1>
20260620 224153.439 INFO             PET2       OCN-TO-ATM: Run intro {ES}:! +-<item: 0001> <itemType: Field> <itemName: sea_surface_temperature>
20260620 224153.439 INFO             PET2       OCN-TO-ATM: Run intro {ES}:! !--- FieldLog() start -----------------
20260620 224153.439 INFO             PET2       OCN-TO-ATM: Run intro {ES}:! ! <name: sea_surface_temperature> <fieldStatus: ESMF_FIELDSTATUS_COMPLETE>
20260620 224153.439 INFO             PET2       OCN-TO-ATM: Run intro {ES}:! ! 0x16b01a108 => 0x106bf83b0 => 0x142f29be0
20260620 224153.439 INFO             PET2       OCN-TO-ATM: Run intro {ES}:! ! <typekind: Real*8> <rank:    2> <dimCount:    2>
20260620 224153.439 INFO             PET2       OCN-TO-ATM: Run intro {ES}:! ! ! --- Array::log() start -----------------------------------
20260620 224153.439 INFO             PET2       OCN-TO-ATM: Run intro {ES}:! ! ! 0x143849200
20260620 224153.439 INFO             PET2       OCN-TO-ATM: Run intro {ES}:! ! ! <name: sea_surface_temperature>
20260620 224153.439 INFO             PET2       OCN-TO-ATM: Run intro {ES}:! ! ! ! --- DistGrid::log() start --------------------------------
20260620 224153.439 INFO             PET2       OCN-TO-ATM: Run intro {ES}:! ! ! ! 0x143849800
20260620 224153.440 INFO             PET2       OCN-TO-ATM: Run intro {ES}:! ! ! ! DistGrid object is valid!<name: DG-Grid003-sloc:0>
20260620 224153.440 INFO             PET2       OCN-TO-ATM: Run intro {ES}:! ! ! ! --- DistGrid::log() end ----------------------------------
20260620 224153.440 INFO             PET2       OCN-TO-ATM: Run intro {ES}:! ! ! --- Array::log() end -------------------------------------
20260620 224153.440 INFO             PET2       OCN-TO-ATM: Run intro {ES}:! !--- FieldLog() end -------------------
20260620 224153.440 INFO             PET2       OCN-TO-ATM: Run intro {ES}:--- StateLog() end -------------------
20260620 224153.440 INFO             PET2       >>>OCN-TO-ATM entered Run (phase=RunPhase1)
20260620 224153.440 INFO             PET2       OCN-TO-ATM: called default RouteHandle execution
20260620 224153.440 INFO             PET2       <<<OCN-TO-ATM leaving Run (phase=RunPhase1)
20260620 224153.440 INFO             PET2       OCN-TO-ATM: Run extro {IS}:--- StateLog() start -----------------
20260620 224153.440 INFO             PET2       OCN-TO-ATM: Run extro {IS}:<name: OCN-ExportState> <intent: ESMF_STATEINTENT_EXPORT> <itemCount:    1>
20260620 224153.440 INFO             PET2       OCN-TO-ATM: Run extro {IS}:+-<item: 0001> <itemType: Field> <itemName: sst>
20260620 224153.440 INFO             PET2       OCN-TO-ATM: Run extro {IS}:!--- FieldLog() start -----------------
20260620 224153.440 INFO             PET2       OCN-TO-ATM: Run extro {IS}:! <name: sst> <fieldStatus: ESMF_FIELDSTATUS_COMPLETE>
20260620 224153.440 INFO             PET2       OCN-TO-ATM: Run extro {IS}:! 0x16b01cdb8 => 0x106be4d30 => 0x142f28750
20260620 224153.440 INFO             PET2       OCN-TO-ATM: Run extro {IS}:! <typekind: Real*8> <rank:    2> <dimCount:    2>
20260620 224153.440 INFO             PET2       OCN-TO-ATM: Run extro {IS}:! ! --- Array::log() start -----------------------------------
20260620 224153.440 INFO             PET2       OCN-TO-ATM: Run extro {IS}:! ! 0x143827000
20260620 224153.440 INFO             PET2       OCN-TO-ATM: Run extro {IS}:! ! <name: sst>
20260620 224153.440 INFO             PET2       OCN-TO-ATM: Run extro {IS}:! ! ! --- DistGrid::log() start --------------------------------
20260620 224153.440 INFO             PET2       OCN-TO-ATM: Run extro {IS}:! ! ! 0x143825800
20260620 224153.440 INFO             PET2       OCN-TO-ATM: Run extro {IS}:! ! ! DistGrid object is valid!<name: DG-Grid003-sloc:0>
20260620 224153.440 INFO             PET2       OCN-TO-ATM: Run extro {IS}:! ! ! --- DistGrid::log() end ----------------------------------
20260620 224153.440 INFO             PET2       OCN-TO-ATM: Run extro {IS}:! ! --- Array::log() end -------------------------------------
20260620 224153.440 INFO             PET2       OCN-TO-ATM: Run extro {IS}:!--- FieldLog() end -------------------
20260620 224153.440 INFO             PET2       OCN-TO-ATM: Run extro {IS}:--- StateLog() end -------------------
20260620 224153.440 INFO             PET2       OCN-TO-ATM: Run extro {ES}:--- StateLog() start -----------------
20260620 224153.440 INFO             PET2       OCN-TO-ATM: Run extro {ES}:<name: ATM-ImportState> <intent: ESMF_STATEINTENT_IMPORT> <itemCount:    1>
20260620 224153.440 INFO             PET2       OCN-TO-ATM: Run extro {ES}:+-<item: 0001> <itemType: State> <itemName: ATM-ImportState-namespace:OCN>
20260620 224153.440 INFO             PET2       OCN-TO-ATM: Run extro {ES}:! <name: ATM-ImportState-namespace:OCN> <intent: ESMF_STATEINTENT_IMPORT> <itemCount:    1>
20260620 224153.440 INFO             PET2       OCN-TO-ATM: Run extro {ES}:! +-<item: 0001> <itemType: Field> <itemName: sea_surface_temperature>
20260620 224153.440 INFO             PET2       OCN-TO-ATM: Run extro {ES}:! !--- FieldLog() start -----------------
20260620 224153.440 INFO             PET2       OCN-TO-ATM: Run extro {ES}:! ! <name: sea_surface_temperature> <fieldStatus: ESMF_FIELDSTATUS_COMPLETE>
20260620 224153.440 INFO             PET2       OCN-TO-ATM: Run extro {ES}:! ! 0x16b01b318 => 0x106bf83b0 => 0x142f29be0
20260620 224153.440 INFO             PET2       OCN-TO-ATM: Run extro {ES}:! ! <typekind: Real*8> <rank:    2> <dimCount:    2>
20260620 224153.440 INFO             PET2       OCN-TO-ATM: Run extro {ES}:! ! ! --- Array::log() start -----------------------------------
20260620 224153.440 INFO             PET2       OCN-TO-ATM: Run extro {ES}:! ! ! 0x143849200
20260620 224153.440 INFO             PET2       OCN-TO-ATM: Run extro {ES}:! ! ! <name: sea_surface_temperature>
20260620 224153.440 INFO             PET2       OCN-TO-ATM: Run extro {ES}:! ! ! ! --- DistGrid::log() start --------------------------------
20260620 224153.440 INFO             PET2       OCN-TO-ATM: Run extro {ES}:! ! ! ! 0x143849800
20260620 224153.440 INFO             PET2       OCN-TO-ATM: Run extro {ES}:! ! ! ! DistGrid object is valid!<name: DG-Grid003-sloc:0>
20260620 224153.440 INFO             PET2       OCN-TO-ATM: Run extro {ES}:! ! ! ! --- DistGrid::log() end ----------------------------------
20260620 224153.440 INFO             PET2       OCN-TO-ATM: Run extro {ES}:! ! ! --- Array::log() end -------------------------------------
20260620 224153.440 INFO             PET2       OCN-TO-ATM: Run extro {ES}:! !--- FieldLog() end -------------------
20260620 224153.440 INFO             PET2       OCN-TO-ATM: Run extro {ES}:--- StateLog() end -------------------
20260620 224153.440 INFO             PET2     OCN-TO-ATM: Run extro.
20260620 224153.440 INFO             PET2     OCN: Run intro.
20260620 224153.440 INFO             PET2       OCN: Run intro {IS}:--- StateLog() start -----------------
20260620 224153.440 INFO             PET2       OCN: Run intro {IS}:<name: OCN-ImportState> <intent: ESMF_STATEINTENT_IMPORT> <itemCount:    0>
20260620 224153.440 INFO             PET2       OCN: Run intro {IS}:--- StateLog() end -------------------
20260620 224153.440 INFO             PET2       OCN: Run intro {ES}:--- StateLog() start -----------------
20260620 224153.440 INFO             PET2       OCN: Run intro {ES}:<name: OCN-ExportState> <intent: ESMF_STATEINTENT_EXPORT> <itemCount:    1>
20260620 224153.440 INFO             PET2       OCN: Run intro {ES}:+-<item: 0001> <itemType: Field> <itemName: sst>
20260620 224153.440 INFO             PET2       OCN: Run intro {ES}:!--- FieldLog() start -----------------
20260620 224153.440 INFO             PET2       OCN: Run intro {ES}:! <name: sst> <fieldStatus: ESMF_FIELDSTATUS_COMPLETE>
20260620 224153.440 INFO             PET2       OCN: Run intro {ES}:! 0x16b01cd08 => 0x106be4d30 => 0x142f28750
20260620 224153.440 INFO             PET2       OCN: Run intro {ES}:! <typekind: Real*8> <rank:    2> <dimCount:    2>
20260620 224153.440 INFO             PET2       OCN: Run intro {ES}:! ! --- Array::log() start -----------------------------------
20260620 224153.440 INFO             PET2       OCN: Run intro {ES}:! ! 0x143827000
20260620 224153.440 INFO             PET2       OCN: Run intro {ES}:! ! <name: sst>
20260620 224153.440 INFO             PET2       OCN: Run intro {ES}:! ! ! --- DistGrid::log() start --------------------------------
20260620 224153.440 INFO             PET2       OCN: Run intro {ES}:! ! ! 0x143825800
20260620 224153.440 INFO             PET2       OCN: Run intro {ES}:! ! ! DistGrid object is valid!<name: DG-Grid003-sloc:0>
20260620 224153.440 INFO             PET2       OCN: Run intro {ES}:! ! ! --- DistGrid::log() end ----------------------------------
20260620 224153.440 INFO             PET2       OCN: Run intro {ES}:! ! --- Array::log() end -------------------------------------
20260620 224153.440 INFO             PET2       OCN: Run intro {ES}:!--- FieldLog() end -------------------
20260620 224153.440 INFO             PET2       OCN: Run intro {ES}:--- StateLog() end -------------------
20260620 224153.440 INFO             PET2       >>>OCN: entered Run (phase=RunPhase1) with current time: 2010  6  1  0 30  0   0
20260620 224153.440 INFO             PET2       OCN: time step-loop starting, current time: 2010  6  1  0 30  0   0
20260620 224153.440 INFO             PET2       ------>Advancing OCN from: 2010  6  1  0 30  0   0
20260620 224153.440 INFO             PET2       ---------------------> to: 2010  6  1  0 35  0   0
20260620 224153.441 INFO             PET2       OCN: time step-loop ending,   current time: 2010  6  1  0 35  0   0
20260620 224153.441 INFO             PET2       OCN: time step-loop starting, current time: 2010  6  1  0 35  0   0
20260620 224153.441 INFO             PET2       ------>Advancing OCN from: 2010  6  1  0 35  0   0
20260620 224153.441 INFO             PET2       ---------------------> to: 2010  6  1  0 40  0   0
20260620 224153.441 INFO             PET2       OCN: time step-loop ending,   current time: 2010  6  1  0 40  0   0
20260620 224153.441 INFO             PET2       OCN: time step-loop starting, current time: 2010  6  1  0 40  0   0
20260620 224153.441 INFO             PET2       ------>Advancing OCN from: 2010  6  1  0 40  0   0
20260620 224153.441 INFO             PET2       ---------------------> to: 2010  6  1  0 45  0   0
20260620 224153.442 INFO             PET2       OCN: time step-loop ending,   current time: 2010  6  1  0 45  0   0
20260620 224153.442 INFO             PET2       <<<OCN: leaving Run (phase=RunPhase1) with current time: 2010  6  1  0 45  0   0
20260620 224153.442 INFO             PET2       OCN: Run extro {IS}:--- StateLog() start -----------------
20260620 224153.442 INFO             PET2       OCN: Run extro {IS}:<name: OCN-ImportState> <intent: ESMF_STATEINTENT_IMPORT> <itemCount:    0>
20260620 224153.442 INFO             PET2       OCN: Run extro {IS}:--- StateLog() end -------------------
20260620 224153.442 INFO             PET2       OCN: Run extro {ES}:--- StateLog() start -----------------
20260620 224153.442 INFO             PET2       OCN: Run extro {ES}:<name: OCN-ExportState> <intent: ESMF_STATEINTENT_EXPORT> <itemCount:    1>
20260620 224153.442 INFO             PET2       OCN: Run extro {ES}:+-<item: 0001> <itemType: Field> <itemName: sst>
20260620 224153.442 INFO             PET2       OCN: Run extro {ES}:!--- FieldLog() start -----------------
20260620 224153.442 INFO             PET2       OCN: Run extro {ES}:! <name: sst> <fieldStatus: ESMF_FIELDSTATUS_COMPLETE>
20260620 224153.442 INFO             PET2       OCN: Run extro {ES}:! 0x16b01df18 => 0x106be4d30 => 0x142f28750
20260620 224153.442 INFO             PET2       OCN: Run extro {ES}:! <typekind: Real*8> <rank:    2> <dimCount:    2>
20260620 224153.442 INFO             PET2       OCN: Run extro {ES}:! ! --- Array::log() start -----------------------------------
20260620 224153.442 INFO             PET2       OCN: Run extro {ES}:! ! 0x143827000
20260620 224153.442 INFO             PET2       OCN: Run extro {ES}:! ! <name: sst>
20260620 224153.442 INFO             PET2       OCN: Run extro {ES}:! ! ! --- DistGrid::log() start --------------------------------
20260620 224153.442 INFO             PET2       OCN: Run extro {ES}:! ! ! 0x143825800
20260620 224153.442 INFO             PET2       OCN: Run extro {ES}:! ! ! DistGrid object is valid!<name: DG-Grid003-sloc:0>
20260620 224153.442 INFO             PET2       OCN: Run extro {ES}:! ! ! --- DistGrid::log() end ----------------------------------
20260620 224153.442 INFO             PET2       OCN: Run extro {ES}:! ! --- Array::log() end -------------------------------------
20260620 224153.442 INFO             PET2       OCN: Run extro {ES}:!--- FieldLog() end -------------------
20260620 224153.442 INFO             PET2       OCN: Run extro {ES}:--- StateLog() end -------------------
20260620 224153.442 INFO             PET2     OCN: Run extro.
20260620 224153.442 INFO             PET2     esm: RunSequence event loopLevel=   1  levelMember=   1  loopIteration=   4, current time: 2010  6  1  0 45  0   0
20260620 224153.442 INFO             PET2     ATM-TO-OCN: Run intro.
20260620 224153.442 INFO             PET2       ATM-TO-OCN: Run intro {IS}:--- StateLog() start -----------------
20260620 224153.442 INFO             PET2       ATM-TO-OCN: Run intro {IS}:<name: ATM-ExportState> <intent: ESMF_STATEINTENT_EXPORT> <itemCount:    0>
20260620 224153.442 INFO             PET2       ATM-TO-OCN: Run intro {IS}:--- StateLog() end -------------------
20260620 224153.442 INFO             PET2       ATM-TO-OCN: Run intro {ES}:--- StateLog() start -----------------
20260620 224153.442 INFO             PET2       ATM-TO-OCN: Run intro {ES}:<name: OCN-ImportState> <intent: ESMF_STATEINTENT_IMPORT> <itemCount:    0>
20260620 224153.442 INFO             PET2       ATM-TO-OCN: Run intro {ES}:--- StateLog() end -------------------
20260620 224153.442 INFO             PET2       >>>ATM-TO-OCN entered Run (phase=RunPhase1)
20260620 224153.442 INFO             PET2       ATM-TO-OCN: called default RouteHandle execution
20260620 224153.442 INFO             PET2       <<<ATM-TO-OCN leaving Run (phase=RunPhase1)
20260620 224153.442 INFO             PET2       ATM-TO-OCN: Run extro {IS}:--- StateLog() start -----------------
20260620 224153.442 INFO             PET2       ATM-TO-OCN: Run extro {IS}:<name: ATM-ExportState> <intent: ESMF_STATEINTENT_EXPORT> <itemCount:    0>
20260620 224153.442 INFO             PET2       ATM-TO-OCN: Run extro {IS}:--- StateLog() end -------------------
20260620 224153.442 INFO             PET2       ATM-TO-OCN: Run extro {ES}:--- StateLog() start -----------------
20260620 224153.442 INFO             PET2       ATM-TO-OCN: Run extro {ES}:<name: OCN-ImportState> <intent: ESMF_STATEINTENT_IMPORT> <itemCount:    0>
20260620 224153.442 INFO             PET2       ATM-TO-OCN: Run extro {ES}:--- StateLog() end -------------------
20260620 224153.442 INFO             PET2     ATM-TO-OCN: Run extro.
20260620 224153.442 INFO             PET2     OCN-TO-ATM: Run intro.
20260620 224153.442 INFO             PET2       OCN-TO-ATM: Run intro {IS}:--- StateLog() start -----------------
20260620 224153.443 INFO             PET2       OCN-TO-ATM: Run intro {IS}:<name: OCN-ExportState> <intent: ESMF_STATEINTENT_EXPORT> <itemCount:    1>
20260620 224153.443 INFO             PET2       OCN-TO-ATM: Run intro {IS}:+-<item: 0001> <itemType: Field> <itemName: sst>
20260620 224153.443 INFO             PET2       OCN-TO-ATM: Run intro {IS}:!--- FieldLog() start -----------------
20260620 224153.443 INFO             PET2       OCN-TO-ATM: Run intro {IS}:! <name: sst> <fieldStatus: ESMF_FIELDSTATUS_COMPLETE>
20260620 224153.443 INFO             PET2       OCN-TO-ATM: Run intro {IS}:! 0x16b01bba8 => 0x106be4d30 => 0x142f28750
20260620 224153.443 INFO             PET2       OCN-TO-ATM: Run intro {IS}:! <typekind: Real*8> <rank:    2> <dimCount:    2>
20260620 224153.443 INFO             PET2       OCN-TO-ATM: Run intro {IS}:! ! --- Array::log() start -----------------------------------
20260620 224153.443 INFO             PET2       OCN-TO-ATM: Run intro {IS}:! ! 0x143827000
20260620 224153.443 INFO             PET2       OCN-TO-ATM: Run intro {IS}:! ! <name: sst>
20260620 224153.443 INFO             PET2       OCN-TO-ATM: Run intro {IS}:! ! ! --- DistGrid::log() start --------------------------------
20260620 224153.443 INFO             PET2       OCN-TO-ATM: Run intro {IS}:! ! ! 0x143825800
20260620 224153.443 INFO             PET2       OCN-TO-ATM: Run intro {IS}:! ! ! DistGrid object is valid!<name: DG-Grid003-sloc:0>
20260620 224153.443 INFO             PET2       OCN-TO-ATM: Run intro {IS}:! ! ! --- DistGrid::log() end ----------------------------------
20260620 224153.443 INFO             PET2       OCN-TO-ATM: Run intro {IS}:! ! --- Array::log() end -------------------------------------
20260620 224153.443 INFO             PET2       OCN-TO-ATM: Run intro {IS}:!--- FieldLog() end -------------------
20260620 224153.443 INFO             PET2       OCN-TO-ATM: Run intro {IS}:--- StateLog() end -------------------
20260620 224153.443 INFO             PET2       OCN-TO-ATM: Run intro {ES}:--- StateLog() start -----------------
20260620 224153.443 INFO             PET2       OCN-TO-ATM: Run intro {ES}:<name: ATM-ImportState> <intent: ESMF_STATEINTENT_IMPORT> <itemCount:    1>
20260620 224153.443 INFO             PET2       OCN-TO-ATM: Run intro {ES}:+-<item: 0001> <itemType: State> <itemName: ATM-ImportState-namespace:OCN>
20260620 224153.443 INFO             PET2       OCN-TO-ATM: Run intro {ES}:! <name: ATM-ImportState-namespace:OCN> <intent: ESMF_STATEINTENT_IMPORT> <itemCount:    1>
20260620 224153.443 INFO             PET2       OCN-TO-ATM: Run intro {ES}:! +-<item: 0001> <itemType: Field> <itemName: sea_surface_temperature>
20260620 224153.443 INFO             PET2       OCN-TO-ATM: Run intro {ES}:! !--- FieldLog() start -----------------
20260620 224153.443 INFO             PET2       OCN-TO-ATM: Run intro {ES}:! ! <name: sea_surface_temperature> <fieldStatus: ESMF_FIELDSTATUS_COMPLETE>
20260620 224153.443 INFO             PET2       OCN-TO-ATM: Run intro {ES}:! ! 0x16b01a108 => 0x106bf83b0 => 0x142f29be0
20260620 224153.443 INFO             PET2       OCN-TO-ATM: Run intro {ES}:! ! <typekind: Real*8> <rank:    2> <dimCount:    2>
20260620 224153.443 INFO             PET2       OCN-TO-ATM: Run intro {ES}:! ! ! --- Array::log() start -----------------------------------
20260620 224153.443 INFO             PET2       OCN-TO-ATM: Run intro {ES}:! ! ! 0x143849200
20260620 224153.443 INFO             PET2       OCN-TO-ATM: Run intro {ES}:! ! ! <name: sea_surface_temperature>
20260620 224153.443 INFO             PET2       OCN-TO-ATM: Run intro {ES}:! ! ! ! --- DistGrid::log() start --------------------------------
20260620 224153.443 INFO             PET2       OCN-TO-ATM: Run intro {ES}:! ! ! ! 0x143849800
20260620 224153.443 INFO             PET2       OCN-TO-ATM: Run intro {ES}:! ! ! ! DistGrid object is valid!<name: DG-Grid003-sloc:0>
20260620 224153.443 INFO             PET2       OCN-TO-ATM: Run intro {ES}:! ! ! ! --- DistGrid::log() end ----------------------------------
20260620 224153.443 INFO             PET2       OCN-TO-ATM: Run intro {ES}:! ! ! --- Array::log() end -------------------------------------
20260620 224153.443 INFO             PET2       OCN-TO-ATM: Run intro {ES}:! !--- FieldLog() end -------------------
20260620 224153.443 INFO             PET2       OCN-TO-ATM: Run intro {ES}:--- StateLog() end -------------------
20260620 224153.443 INFO             PET2       >>>OCN-TO-ATM entered Run (phase=RunPhase1)
20260620 224153.443 INFO             PET2       OCN-TO-ATM: called default RouteHandle execution
20260620 224153.443 INFO             PET2       <<<OCN-TO-ATM leaving Run (phase=RunPhase1)
20260620 224153.443 INFO             PET2       OCN-TO-ATM: Run extro {IS}:--- StateLog() start -----------------
20260620 224153.443 INFO             PET2       OCN-TO-ATM: Run extro {IS}:<name: OCN-ExportState> <intent: ESMF_STATEINTENT_EXPORT> <itemCount:    1>
20260620 224153.443 INFO             PET2       OCN-TO-ATM: Run extro {IS}:+-<item: 0001> <itemType: Field> <itemName: sst>
20260620 224153.443 INFO             PET2       OCN-TO-ATM: Run extro {IS}:!--- FieldLog() start -----------------
20260620 224153.443 INFO             PET2       OCN-TO-ATM: Run extro {IS}:! <name: sst> <fieldStatus: ESMF_FIELDSTATUS_COMPLETE>
20260620 224153.443 INFO             PET2       OCN-TO-ATM: Run extro {IS}:! 0x16b01cdb8 => 0x106be4d30 => 0x142f28750
20260620 224153.443 INFO             PET2       OCN-TO-ATM: Run extro {IS}:! <typekind: Real*8> <rank:    2> <dimCount:    2>
20260620 224153.443 INFO             PET2       OCN-TO-ATM: Run extro {IS}:! ! --- Array::log() start -----------------------------------
20260620 224153.443 INFO             PET2       OCN-TO-ATM: Run extro {IS}:! ! 0x143827000
20260620 224153.443 INFO             PET2       OCN-TO-ATM: Run extro {IS}:! ! <name: sst>
20260620 224153.443 INFO             PET2       OCN-TO-ATM: Run extro {IS}:! ! ! --- DistGrid::log() start --------------------------------
20260620 224153.443 INFO             PET2       OCN-TO-ATM: Run extro {IS}:! ! ! 0x143825800
20260620 224153.443 INFO             PET2       OCN-TO-ATM: Run extro {IS}:! ! ! DistGrid object is valid!<name: DG-Grid003-sloc:0>
20260620 224153.443 INFO             PET2       OCN-TO-ATM: Run extro {IS}:! ! ! --- DistGrid::log() end ----------------------------------
20260620 224153.443 INFO             PET2       OCN-TO-ATM: Run extro {IS}:! ! --- Array::log() end -------------------------------------
20260620 224153.443 INFO             PET2       OCN-TO-ATM: Run extro {IS}:!--- FieldLog() end -------------------
20260620 224153.443 INFO             PET2       OCN-TO-ATM: Run extro {IS}:--- StateLog() end -------------------
20260620 224153.443 INFO             PET2       OCN-TO-ATM: Run extro {ES}:--- StateLog() start -----------------
20260620 224153.443 INFO             PET2       OCN-TO-ATM: Run extro {ES}:<name: ATM-ImportState> <intent: ESMF_STATEINTENT_IMPORT> <itemCount:    1>
20260620 224153.443 INFO             PET2       OCN-TO-ATM: Run extro {ES}:+-<item: 0001> <itemType: State> <itemName: ATM-ImportState-namespace:OCN>
20260620 224153.443 INFO             PET2       OCN-TO-ATM: Run extro {ES}:! <name: ATM-ImportState-namespace:OCN> <intent: ESMF_STATEINTENT_IMPORT> <itemCount:    1>
20260620 224153.443 INFO             PET2       OCN-TO-ATM: Run extro {ES}:! +-<item: 0001> <itemType: Field> <itemName: sea_surface_temperature>
20260620 224153.443 INFO             PET2       OCN-TO-ATM: Run extro {ES}:! !--- FieldLog() start -----------------
20260620 224153.443 INFO             PET2       OCN-TO-ATM: Run extro {ES}:! ! <name: sea_surface_temperature> <fieldStatus: ESMF_FIELDSTATUS_COMPLETE>
20260620 224153.443 INFO             PET2       OCN-TO-ATM: Run extro {ES}:! ! 0x16b01b318 => 0x106bf83b0 => 0x142f29be0
20260620 224153.443 INFO             PET2       OCN-TO-ATM: Run extro {ES}:! ! <typekind: Real*8> <rank:    2> <dimCount:    2>
20260620 224153.443 INFO             PET2       OCN-TO-ATM: Run extro {ES}:! ! ! --- Array::log() start -----------------------------------
20260620 224153.443 INFO             PET2       OCN-TO-ATM: Run extro {ES}:! ! ! 0x143849200
20260620 224153.443 INFO             PET2       OCN-TO-ATM: Run extro {ES}:! ! ! <name: sea_surface_temperature>
20260620 224153.443 INFO             PET2       OCN-TO-ATM: Run extro {ES}:! ! ! ! --- DistGrid::log() start --------------------------------
20260620 224153.443 INFO             PET2       OCN-TO-ATM: Run extro {ES}:! ! ! ! 0x143849800
20260620 224153.443 INFO             PET2       OCN-TO-ATM: Run extro {ES}:! ! ! ! DistGrid object is valid!<name: DG-Grid003-sloc:0>
20260620 224153.443 INFO             PET2       OCN-TO-ATM: Run extro {ES}:! ! ! ! --- DistGrid::log() end ----------------------------------
20260620 224153.443 INFO             PET2       OCN-TO-ATM: Run extro {ES}:! ! ! --- Array::log() end -------------------------------------
20260620 224153.443 INFO             PET2       OCN-TO-ATM: Run extro {ES}:! !--- FieldLog() end -------------------
20260620 224153.443 INFO             PET2       OCN-TO-ATM: Run extro {ES}:--- StateLog() end -------------------
20260620 224153.443 INFO             PET2     OCN-TO-ATM: Run extro.
20260620 224153.443 INFO             PET2     OCN: Run intro.
20260620 224153.443 INFO             PET2       OCN: Run intro {IS}:--- StateLog() start -----------------
20260620 224153.443 INFO             PET2       OCN: Run intro {IS}:<name: OCN-ImportState> <intent: ESMF_STATEINTENT_IMPORT> <itemCount:    0>
20260620 224153.443 INFO             PET2       OCN: Run intro {IS}:--- StateLog() end -------------------
20260620 224153.443 INFO             PET2       OCN: Run intro {ES}:--- StateLog() start -----------------
20260620 224153.443 INFO             PET2       OCN: Run intro {ES}:<name: OCN-ExportState> <intent: ESMF_STATEINTENT_EXPORT> <itemCount:    1>
20260620 224153.443 INFO             PET2       OCN: Run intro {ES}:+-<item: 0001> <itemType: Field> <itemName: sst>
20260620 224153.443 INFO             PET2       OCN: Run intro {ES}:!--- FieldLog() start -----------------
20260620 224153.443 INFO             PET2       OCN: Run intro {ES}:! <name: sst> <fieldStatus: ESMF_FIELDSTATUS_COMPLETE>
20260620 224153.443 INFO             PET2       OCN: Run intro {ES}:! 0x16b01cd08 => 0x106be4d30 => 0x142f28750
20260620 224153.443 INFO             PET2       OCN: Run intro {ES}:! <typekind: Real*8> <rank:    2> <dimCount:    2>
20260620 224153.443 INFO             PET2       OCN: Run intro {ES}:! ! --- Array::log() start -----------------------------------
20260620 224153.443 INFO             PET2       OCN: Run intro {ES}:! ! 0x143827000
20260620 224153.443 INFO             PET2       OCN: Run intro {ES}:! ! <name: sst>
20260620 224153.443 INFO             PET2       OCN: Run intro {ES}:! ! ! --- DistGrid::log() start --------------------------------
20260620 224153.443 INFO             PET2       OCN: Run intro {ES}:! ! ! 0x143825800
20260620 224153.443 INFO             PET2       OCN: Run intro {ES}:! ! ! DistGrid object is valid!<name: DG-Grid003-sloc:0>
20260620 224153.443 INFO             PET2       OCN: Run intro {ES}:! ! ! --- DistGrid::log() end ----------------------------------
20260620 224153.443 INFO             PET2       OCN: Run intro {ES}:! ! --- Array::log() end -------------------------------------
20260620 224153.443 INFO             PET2       OCN: Run intro {ES}:!--- FieldLog() end -------------------
20260620 224153.443 INFO             PET2       OCN: Run intro {ES}:--- StateLog() end -------------------
20260620 224153.443 INFO             PET2       >>>OCN: entered Run (phase=RunPhase1) with current time: 2010  6  1  0 45  0   0
20260620 224153.443 INFO             PET2       OCN: time step-loop starting, current time: 2010  6  1  0 45  0   0
20260620 224153.443 INFO             PET2       ------>Advancing OCN from: 2010  6  1  0 45  0   0
20260620 224153.443 INFO             PET2       ---------------------> to: 2010  6  1  0 50  0   0
20260620 224153.444 INFO             PET2       OCN: time step-loop ending,   current time: 2010  6  1  0 50  0   0
20260620 224153.444 INFO             PET2       OCN: time step-loop starting, current time: 2010  6  1  0 50  0   0
20260620 224153.444 INFO             PET2       ------>Advancing OCN from: 2010  6  1  0 50  0   0
20260620 224153.444 INFO             PET2       ---------------------> to: 2010  6  1  0 55  0   0
20260620 224153.445 INFO             PET2       OCN: time step-loop ending,   current time: 2010  6  1  0 55  0   0
20260620 224153.445 INFO             PET2       OCN: time step-loop starting, current time: 2010  6  1  0 55  0   0
20260620 224153.445 INFO             PET2       ------>Advancing OCN from: 2010  6  1  0 55  0   0
20260620 224153.445 INFO             PET2       ---------------------> to: 2010  6  1  1  0  0   0
20260620 224153.445 INFO             PET2       OCN: time step-loop ending,   current time: 2010  6  1  1  0  0   0
20260620 224153.445 INFO             PET2       <<<OCN: leaving Run (phase=RunPhase1) with current time: 2010  6  1  1  0  0   0
20260620 224153.445 INFO             PET2       OCN: Run extro {IS}:--- StateLog() start -----------------
20260620 224153.445 INFO             PET2       OCN: Run extro {IS}:<name: OCN-ImportState> <intent: ESMF_STATEINTENT_IMPORT> <itemCount:    0>
20260620 224153.445 INFO             PET2       OCN: Run extro {IS}:--- StateLog() end -------------------
20260620 224153.445 INFO             PET2       OCN: Run extro {ES}:--- StateLog() start -----------------
20260620 224153.445 INFO             PET2       OCN: Run extro {ES}:<name: OCN-ExportState> <intent: ESMF_STATEINTENT_EXPORT> <itemCount:    1>
20260620 224153.445 INFO             PET2       OCN: Run extro {ES}:+-<item: 0001> <itemType: Field> <itemName: sst>
20260620 224153.445 INFO             PET2       OCN: Run extro {ES}:!--- FieldLog() start -----------------
20260620 224153.445 INFO             PET2       OCN: Run extro {ES}:! <name: sst> <fieldStatus: ESMF_FIELDSTATUS_COMPLETE>
20260620 224153.445 INFO             PET2       OCN: Run extro {ES}:! 0x16b01df18 => 0x106be4d30 => 0x142f28750
20260620 224153.445 INFO             PET2       OCN: Run extro {ES}:! <typekind: Real*8> <rank:    2> <dimCount:    2>
20260620 224153.445 INFO             PET2       OCN: Run extro {ES}:! ! --- Array::log() start -----------------------------------
20260620 224153.445 INFO             PET2       OCN: Run extro {ES}:! ! 0x143827000
20260620 224153.445 INFO             PET2       OCN: Run extro {ES}:! ! <name: sst>
20260620 224153.445 INFO             PET2       OCN: Run extro {ES}:! ! ! --- DistGrid::log() start --------------------------------
20260620 224153.445 INFO             PET2       OCN: Run extro {ES}:! ! ! 0x143825800
20260620 224153.445 INFO             PET2       OCN: Run extro {ES}:! ! ! DistGrid object is valid!<name: DG-Grid003-sloc:0>
20260620 224153.445 INFO             PET2       OCN: Run extro {ES}:! ! ! --- DistGrid::log() end ----------------------------------
20260620 224153.445 INFO             PET2       OCN: Run extro {ES}:! ! --- Array::log() end -------------------------------------
20260620 224153.445 INFO             PET2       OCN: Run extro {ES}:!--- FieldLog() end -------------------
20260620 224153.445 INFO             PET2       OCN: Run extro {ES}:--- StateLog() end -------------------
20260620 224153.445 INFO             PET2     OCN: Run extro.
20260620 224153.445 INFO             PET2   esm: end <--------- RunSequence
20260620 224153.445 INFO             PET2   <<<esm: leaving Run (phase=RunPhase1) with current time: 2010  6  1  1  0  0   0
20260620 224153.445 INFO             PET2   esm: Run extro {IS}:--- StateLog() start -----------------
20260620 224153.445 INFO             PET2   esm: Run extro {IS}:State object is invalid! Not created or deleted!
20260620 224153.445 INFO             PET2   esm: Run extro {IS}:--- StateLog() end -------------------
20260620 224153.445 INFO             PET2   esm: Run extro {ES}:--- StateLog() start -----------------
20260620 224153.445 INFO             PET2   esm: Run extro {ES}:State object is invalid! Not created or deleted!
20260620 224153.445 INFO             PET2   esm: Run extro {ES}:--- StateLog() end -------------------
20260620 224153.445 INFO             PET2 esm: Run extro.
20260620 224153.446 INFO             PET2 esm: Finalize intro.
20260620 224153.446 INFO             PET2   esm: Finalize intro {IS}:--- StateLog() start -----------------
20260620 224153.446 INFO             PET2   esm: Finalize intro {IS}:State object is invalid! Not created or deleted!
20260620 224153.446 INFO             PET2   esm: Finalize intro {IS}:--- StateLog() end -------------------
20260620 224153.446 INFO             PET2   esm: Finalize intro {ES}:--- StateLog() start -----------------
20260620 224153.446 INFO             PET2   esm: Finalize intro {ES}:State object is invalid! Not created or deleted!
20260620 224153.446 INFO             PET2   esm: Finalize intro {ES}:--- StateLog() end -------------------
20260620 224153.446 INFO             PET2   >>>esm: entered Finalize (phase=FinalizePhase1) with current time: 2010  6  1  1  0  0   0
20260620 224153.446 INFO             PET2   Calling Finalize phase 1 for connectorComp: ATM-TO-OCN
20260620 224153.446 INFO             PET2   ATM-TO-OCN: Finalize intro.
20260620 224153.446 INFO             PET2     ATM-TO-OCN: Finalize intro {IS}:--- StateLog() start -----------------
20260620 224153.446 INFO             PET2     ATM-TO-OCN: Finalize intro {IS}:<name: ATM-ExportState> <intent: ESMF_STATEINTENT_EXPORT> <itemCount:    0>
20260620 224153.446 INFO             PET2     ATM-TO-OCN: Finalize intro {IS}:--- StateLog() end -------------------
20260620 224153.446 INFO             PET2     ATM-TO-OCN: Finalize intro {ES}:--- StateLog() start -----------------
20260620 224153.446 INFO             PET2     ATM-TO-OCN: Finalize intro {ES}:<name: OCN-ImportState> <intent: ESMF_STATEINTENT_IMPORT> <itemCount:    0>
20260620 224153.446 INFO             PET2     ATM-TO-OCN: Finalize intro {ES}:--- StateLog() end -------------------
20260620 224153.446 INFO             PET2     ATM-TO-OCN: called default label_ReleaseRouteHandle
20260620 224153.446 INFO             PET2     ATM-TO-OCN: Finalize extro {IS}:--- StateLog() start -----------------
20260620 224153.446 INFO             PET2     ATM-TO-OCN: Finalize extro {IS}:<name: ATM-ExportState> <intent: ESMF_STATEINTENT_EXPORT> <itemCount:    0>
20260620 224153.446 INFO             PET2     ATM-TO-OCN: Finalize extro {IS}:--- StateLog() end -------------------
20260620 224153.446 INFO             PET2     ATM-TO-OCN: Finalize extro {ES}:--- StateLog() start -----------------
20260620 224153.446 INFO             PET2     ATM-TO-OCN: Finalize extro {ES}:<name: OCN-ImportState> <intent: ESMF_STATEINTENT_IMPORT> <itemCount:    0>
20260620 224153.446 INFO             PET2     ATM-TO-OCN: Finalize extro {ES}:--- StateLog() end -------------------
20260620 224153.446 INFO             PET2   ATM-TO-OCN: Finalize extro.
20260620 224153.446 INFO             PET2   Calling Finalize phase 1 for connectorComp: OCN-TO-ATM
20260620 224153.446 INFO             PET2   OCN-TO-ATM: Finalize intro.
20260620 224153.446 INFO             PET2     OCN-TO-ATM: Finalize intro {IS}:--- StateLog() start -----------------
20260620 224153.446 INFO             PET2     OCN-TO-ATM: Finalize intro {IS}:<name: OCN-ExportState> <intent: ESMF_STATEINTENT_EXPORT> <itemCount:    1>
20260620 224153.446 INFO             PET2     OCN-TO-ATM: Finalize intro {IS}:+-<item: 0001> <itemType: Field> <itemName: sst>
20260620 224153.446 INFO             PET2     OCN-TO-ATM: Finalize intro {IS}:!--- FieldLog() start -----------------
20260620 224153.446 INFO             PET2     OCN-TO-ATM: Finalize intro {IS}:! <name: sst> <fieldStatus: ESMF_FIELDSTATUS_COMPLETE>
20260620 224153.446 INFO             PET2     OCN-TO-ATM: Finalize intro {IS}:! 0x16b01dda8 => 0x106be4d30 => 0x142f28750
20260620 224153.446 INFO             PET2     OCN-TO-ATM: Finalize intro {IS}:! <typekind: Real*8> <rank:    2> <dimCount:    2>
20260620 224153.446 INFO             PET2     OCN-TO-ATM: Finalize intro {IS}:! ! --- Array::log() start -----------------------------------
20260620 224153.446 INFO             PET2     OCN-TO-ATM: Finalize intro {IS}:! ! 0x143827000
20260620 224153.446 INFO             PET2     OCN-TO-ATM: Finalize intro {IS}:! ! <name: sst>
20260620 224153.446 INFO             PET2     OCN-TO-ATM: Finalize intro {IS}:! ! ! --- DistGrid::log() start --------------------------------
20260620 224153.446 INFO             PET2     OCN-TO-ATM: Finalize intro {IS}:! ! ! 0x143825800
20260620 224153.446 INFO             PET2     OCN-TO-ATM: Finalize intro {IS}:! ! ! DistGrid object is valid!<name: DG-Grid003-sloc:0>
20260620 224153.446 INFO             PET2     OCN-TO-ATM: Finalize intro {IS}:! ! ! --- DistGrid::log() end ----------------------------------
20260620 224153.446 INFO             PET2     OCN-TO-ATM: Finalize intro {IS}:! ! --- Array::log() end -------------------------------------
20260620 224153.446 INFO             PET2     OCN-TO-ATM: Finalize intro {IS}:!--- FieldLog() end -------------------
20260620 224153.446 INFO             PET2     OCN-TO-ATM: Finalize intro {IS}:--- StateLog() end -------------------
20260620 224153.446 INFO             PET2     OCN-TO-ATM: Finalize intro {ES}:--- StateLog() start -----------------
20260620 224153.446 INFO             PET2     OCN-TO-ATM: Finalize intro {ES}:<name: ATM-ImportState> <intent: ESMF_STATEINTENT_IMPORT> <itemCount:    1>
20260620 224153.446 INFO             PET2     OCN-TO-ATM: Finalize intro {ES}:+-<item: 0001> <itemType: State> <itemName: ATM-ImportState-namespace:OCN>
20260620 224153.446 INFO             PET2     OCN-TO-ATM: Finalize intro {ES}:! <name: ATM-ImportState-namespace:OCN> <intent: ESMF_STATEINTENT_IMPORT> <itemCount:    1>
20260620 224153.446 INFO             PET2     OCN-TO-ATM: Finalize intro {ES}:! +-<item: 0001> <itemType: Field> <itemName: sea_surface_temperature>
20260620 224153.446 INFO             PET2     OCN-TO-ATM: Finalize intro {ES}:! !--- FieldLog() start -----------------
20260620 224153.446 INFO             PET2     OCN-TO-ATM: Finalize intro {ES}:! ! <name: sea_surface_temperature> <fieldStatus: ESMF_FIELDSTATUS_COMPLETE>
20260620 224153.446 INFO             PET2     OCN-TO-ATM: Finalize intro {ES}:! ! 0x16b01c308 => 0x106bf83b0 => 0x142f29be0
20260620 224153.446 INFO             PET2     OCN-TO-ATM: Finalize intro {ES}:! ! <typekind: Real*8> <rank:    2> <dimCount:    2>
20260620 224153.446 INFO             PET2     OCN-TO-ATM: Finalize intro {ES}:! ! ! --- Array::log() start -----------------------------------
20260620 224153.446 INFO             PET2     OCN-TO-ATM: Finalize intro {ES}:! ! ! 0x143849200
20260620 224153.446 INFO             PET2     OCN-TO-ATM: Finalize intro {ES}:! ! ! <name: sea_surface_temperature>
20260620 224153.446 INFO             PET2     OCN-TO-ATM: Finalize intro {ES}:! ! ! ! --- DistGrid::log() start --------------------------------
20260620 224153.446 INFO             PET2     OCN-TO-ATM: Finalize intro {ES}:! ! ! ! 0x143849800
20260620 224153.446 INFO             PET2     OCN-TO-ATM: Finalize intro {ES}:! ! ! ! DistGrid object is valid!<name: DG-Grid003-sloc:0>
20260620 224153.446 INFO             PET2     OCN-TO-ATM: Finalize intro {ES}:! ! ! ! --- DistGrid::log() end ----------------------------------
20260620 224153.446 INFO             PET2     OCN-TO-ATM: Finalize intro {ES}:! ! ! --- Array::log() end -------------------------------------
20260620 224153.446 INFO             PET2     OCN-TO-ATM: Finalize intro {ES}:! !--- FieldLog() end -------------------
20260620 224153.446 INFO             PET2     OCN-TO-ATM: Finalize intro {ES}:--- StateLog() end -------------------
20260620 224153.446 INFO             PET2     OCN-TO-ATM: called default label_ReleaseRouteHandle
20260620 224153.446 INFO             PET2     OCN-TO-ATM: Finalize extro {IS}:--- StateLog() start -----------------
20260620 224153.446 INFO             PET2     OCN-TO-ATM: Finalize extro {IS}:<name: OCN-ExportState> <intent: ESMF_STATEINTENT_EXPORT> <itemCount:    1>
20260620 224153.446 INFO             PET2     OCN-TO-ATM: Finalize extro {IS}:+-<item: 0001> <itemType: Field> <itemName: sst>
20260620 224153.446 INFO             PET2     OCN-TO-ATM: Finalize extro {IS}:!--- FieldLog() start -----------------
20260620 224153.446 INFO             PET2     OCN-TO-ATM: Finalize extro {IS}:! <name: sst> <fieldStatus: ESMF_FIELDSTATUS_COMPLETE>
20260620 224153.446 INFO             PET2     OCN-TO-ATM: Finalize extro {IS}:! 0x16b01efb8 => 0x106be4d30 => 0x142f28750
20260620 224153.446 INFO             PET2     OCN-TO-ATM: Finalize extro {IS}:! <typekind: Real*8> <rank:    2> <dimCount:    2>
20260620 224153.446 INFO             PET2     OCN-TO-ATM: Finalize extro {IS}:! ! --- Array::log() start -----------------------------------
20260620 224153.446 INFO             PET2     OCN-TO-ATM: Finalize extro {IS}:! ! 0x143827000
20260620 224153.446 INFO             PET2     OCN-TO-ATM: Finalize extro {IS}:! ! <name: sst>
20260620 224153.446 INFO             PET2     OCN-TO-ATM: Finalize extro {IS}:! ! ! --- DistGrid::log() start --------------------------------
20260620 224153.446 INFO             PET2     OCN-TO-ATM: Finalize extro {IS}:! ! ! 0x143825800
20260620 224153.446 INFO             PET2     OCN-TO-ATM: Finalize extro {IS}:! ! ! DistGrid object is valid!<name: DG-Grid003-sloc:0>
20260620 224153.446 INFO             PET2     OCN-TO-ATM: Finalize extro {IS}:! ! ! --- DistGrid::log() end ----------------------------------
20260620 224153.446 INFO             PET2     OCN-TO-ATM: Finalize extro {IS}:! ! --- Array::log() end -------------------------------------
20260620 224153.446 INFO             PET2     OCN-TO-ATM: Finalize extro {IS}:!--- FieldLog() end -------------------
20260620 224153.446 INFO             PET2     OCN-TO-ATM: Finalize extro {IS}:--- StateLog() end -------------------
20260620 224153.446 INFO             PET2     OCN-TO-ATM: Finalize extro {ES}:--- StateLog() start -----------------
20260620 224153.446 INFO             PET2     OCN-TO-ATM: Finalize extro {ES}:<name: ATM-ImportState> <intent: ESMF_STATEINTENT_IMPORT> <itemCount:    1>
20260620 224153.446 INFO             PET2     OCN-TO-ATM: Finalize extro {ES}:+-<item: 0001> <itemType: State> <itemName: ATM-ImportState-namespace:OCN>
20260620 224153.446 INFO             PET2     OCN-TO-ATM: Finalize extro {ES}:! <name: ATM-ImportState-namespace:OCN> <intent: ESMF_STATEINTENT_IMPORT> <itemCount:    1>
20260620 224153.446 INFO             PET2     OCN-TO-ATM: Finalize extro {ES}:! +-<item: 0001> <itemType: Field> <itemName: sea_surface_temperature>
20260620 224153.446 INFO             PET2     OCN-TO-ATM: Finalize extro {ES}:! !--- FieldLog() start -----------------
20260620 224153.446 INFO             PET2     OCN-TO-ATM: Finalize extro {ES}:! ! <name: sea_surface_temperature> <fieldStatus: ESMF_FIELDSTATUS_COMPLETE>
20260620 224153.446 INFO             PET2     OCN-TO-ATM: Finalize extro {ES}:! ! 0x16b01d518 => 0x106bf83b0 => 0x142f29be0
20260620 224153.446 INFO             PET2     OCN-TO-ATM: Finalize extro {ES}:! ! <typekind: Real*8> <rank:    2> <dimCount:    2>
20260620 224153.446 INFO             PET2     OCN-TO-ATM: Finalize extro {ES}:! ! ! --- Array::log() start -----------------------------------
20260620 224153.446 INFO             PET2     OCN-TO-ATM: Finalize extro {ES}:! ! ! 0x143849200
20260620 224153.446 INFO             PET2     OCN-TO-ATM: Finalize extro {ES}:! ! ! <name: sea_surface_temperature>
20260620 224153.446 INFO             PET2     OCN-TO-ATM: Finalize extro {ES}:! ! ! ! --- DistGrid::log() start --------------------------------
20260620 224153.446 INFO             PET2     OCN-TO-ATM: Finalize extro {ES}:! ! ! ! 0x143849800
20260620 224153.446 INFO             PET2     OCN-TO-ATM: Finalize extro {ES}:! ! ! ! DistGrid object is valid!<name: DG-Grid003-sloc:0>
20260620 224153.446 INFO             PET2     OCN-TO-ATM: Finalize extro {ES}:! ! ! ! --- DistGrid::log() end ----------------------------------
20260620 224153.446 INFO             PET2     OCN-TO-ATM: Finalize extro {ES}:! ! ! --- Array::log() end -------------------------------------
20260620 224153.446 INFO             PET2     OCN-TO-ATM: Finalize extro {ES}:! !--- FieldLog() end -------------------
20260620 224153.446 INFO             PET2     OCN-TO-ATM: Finalize extro {ES}:--- StateLog() end -------------------
20260620 224153.446 INFO             PET2   OCN-TO-ATM: Finalize extro.
20260620 224153.446 INFO             PET2   Calling Finalize phase 1 for modelComp: ATM
20260620 224153.446 INFO             PET2   Calling Finalize phase 1 for modelComp: OCN
20260620 224153.447 INFO             PET2   OCN: Finalize intro.
20260620 224153.447 INFO             PET2     OCN: Finalize intro {IS}:--- StateLog() start -----------------
20260620 224153.447 INFO             PET2     OCN: Finalize intro {IS}:<name: OCN-ImportState> <intent: ESMF_STATEINTENT_IMPORT> <itemCount:    0>
20260620 224153.447 INFO             PET2     OCN: Finalize intro {IS}:--- StateLog() end -------------------
20260620 224153.447 INFO             PET2     OCN: Finalize intro {ES}:--- StateLog() start -----------------
20260620 224153.447 INFO             PET2     OCN: Finalize intro {ES}:<name: OCN-ExportState> <intent: ESMF_STATEINTENT_EXPORT> <itemCount:    1>
20260620 224153.447 INFO             PET2     OCN: Finalize intro {ES}:+-<item: 0001> <itemType: Field> <itemName: sst>
20260620 224153.447 INFO             PET2     OCN: Finalize intro {ES}:!--- FieldLog() start -----------------
20260620 224153.447 INFO             PET2     OCN: Finalize intro {ES}:! <name: sst> <fieldStatus: ESMF_FIELDSTATUS_COMPLETE>
20260620 224153.447 INFO             PET2     OCN: Finalize intro {ES}:! 0x16b01ddd8 => 0x106be4d30 => 0x142f28750
20260620 224153.447 INFO             PET2     OCN: Finalize intro {ES}:! <typekind: Real*8> <rank:    2> <dimCount:    2>
20260620 224153.447 INFO             PET2     OCN: Finalize intro {ES}:! ! --- Array::log() start -----------------------------------
20260620 224153.447 INFO             PET2     OCN: Finalize intro {ES}:! ! 0x143827000
20260620 224153.447 INFO             PET2     OCN: Finalize intro {ES}:! ! <name: sst>
20260620 224153.447 INFO             PET2     OCN: Finalize intro {ES}:! ! ! --- DistGrid::log() start --------------------------------
20260620 224153.447 INFO             PET2     OCN: Finalize intro {ES}:! ! ! 0x143825800
20260620 224153.447 INFO             PET2     OCN: Finalize intro {ES}:! ! ! DistGrid object is valid!<name: DG-Grid003-sloc:0>
20260620 224153.447 INFO             PET2     OCN: Finalize intro {ES}:! ! ! --- DistGrid::log() end ----------------------------------
20260620 224153.447 INFO             PET2     OCN: Finalize intro {ES}:! ! --- Array::log() end -------------------------------------
20260620 224153.447 INFO             PET2     OCN: Finalize intro {ES}:!--- FieldLog() end -------------------
20260620 224153.447 INFO             PET2     OCN: Finalize intro {ES}:--- StateLog() end -------------------
20260620 224153.447 INFO             PET2     >>>OCN: entered Finalize (phase=FinalizePhase1) with current time: 2010  6  1  1  0  0   0
20260620 224153.447 INFO             PET2     <<<OCN: leaving Finalize (phase=FinalizePhase1) with current time: 2010  6  1  1  0  0   0
20260620 224153.447 INFO             PET2   OCN: Finalize extro.
20260620 224153.447 INFO             PET2   Delete modelComp: ATM
20260620 224153.447 INFO             PET2   Delete Import-/Export State for modelComp: ATM
20260620 224153.447 INFO             PET2   Delete modelComp: OCN
20260620 224153.447 INFO             PET2   Delete Import-/Export State for modelComp: OCN
20260620 224153.447 INFO             PET2   Delete connectorComp: ATM-TO-OCN
20260620 224153.447 INFO             PET2   Delete connectorComp: OCN-TO-ATM
20260620 224153.447 INFO             PET2   <<<esm: leaving Finalize (phase=FinalizePhase1) with current time: 2010  6  1  1  0  0   0
20260620 224153.447 INFO             PET2 esm: Finalize extro.
20260620 224153.447 INFO             PET2 esmApp FINISHED
20260620 224153.447 INFO             PET2  Finalizing ESMF
20260620 224153.327 INFO             PET3 !!!!!!!!!!!!!!!!!!!!!!!!!!!!!!!!!!!!!!!!!!!!!!!!!!!!!!
20260620 224153.327 INFO             PET3 !!! THE ESMF_LOG IS SET TO OUTPUT ALL LOG MESSAGES !!!
20260620 224153.327 INFO             PET3 !!!     THIS MAY CAUSE SLOWDOWN IN PERFORMANCE     !!!
20260620 224153.327 INFO             PET3 !!! FOR PRODUCTION RUNS, USE:                      !!!
20260620 224153.327 INFO             PET3 !!!                   ESMF_LOGKIND_Multi_On_Error  !!!
20260620 224153.327 INFO             PET3 !!!!!!!!!!!!!!!!!!!!!!!!!!!!!!!!!!!!!!!!!!!!!!!!!!!!!!
20260620 224153.327 INFO             PET3 Running with ESMF Version   : feature/refresh-bmauer-c_dynmask_interface+gd740766d08
20260620 224153.327 INFO             PET3 ESMF library build date/time: "Jun 20 2026" "22:21:40"
20260620 224153.327 INFO             PET3 ESMF library build location : /usr/local/esmf/esmf-testing/nag_7.2.44_openmpi_g_feature_refresh-bmauer-c_dynmask_interface/esmf
20260620 224153.327 INFO             PET3 ESMF_COMM                   : openmpi
20260620 224153.327 INFO             PET3 ESMF_MOAB                   : enabled
20260620 224153.327 INFO             PET3 ESMF_LAPACK                 : enabled
20260620 224153.327 INFO             PET3 ESMF_NETCDF                 : enabled
20260620 224153.327 INFO             PET3 ESMF_PNETCDF                : disabled
20260620 224153.327 INFO             PET3 ESMF_PIO                    : enabled
20260620 224153.327 INFO             PET3 ESMF_YAMLCPP                : enabled
20260620 224153.327 INFO             PET3 esmApp STARTING
20260620 224153.333 INFO             PET3 esm: InitializeGeneric intro.
20260620 224153.333 INFO             PET3   esm: InitializeGeneric intro {IS}:--- StateLog() start -----------------
20260620 224153.333 INFO             PET3   esm: InitializeGeneric intro {IS}:State object is invalid! Not created or deleted!
20260620 224153.333 INFO             PET3   esm: InitializeGeneric intro {IS}:--- StateLog() end -------------------
20260620 224153.333 INFO             PET3   esm: InitializeGeneric intro {ES}:--- StateLog() start -----------------
20260620 224153.333 INFO             PET3   esm: InitializeGeneric intro {ES}:State object is invalid! Not created or deleted!
20260620 224153.333 INFO             PET3   esm: InitializeGeneric intro {ES}:--- StateLog() end -------------------
20260620 224153.333 INFO             PET3   >>>esm: entered Initialize (phase=<none>) without valid internal Clock.
20260620 224153.333 INFO             PET3   esm: InitializeP0 intro.
20260620 224153.334 INFO             PET3     esm: InitializeP0 intro {IS}:--- StateLog() start -----------------
20260620 224153.334 INFO             PET3     esm: InitializeP0 intro {IS}:State object is invalid! Not created or deleted!
20260620 224153.334 INFO             PET3     esm: InitializeP0 intro {IS}:--- StateLog() end -------------------
20260620 224153.334 INFO             PET3     esm: InitializeP0 intro {ES}:--- StateLog() start -----------------
20260620 224153.334 INFO             PET3     esm: InitializeP0 intro {ES}:State object is invalid! Not created or deleted!
20260620 224153.334 INFO             PET3     esm: InitializeP0 intro {ES}:--- StateLog() end -------------------
20260620 224153.334 INFO             PET3     >>>esm: entered Initialize (phase=<none>) without valid internal Clock.
20260620 224153.334 INFO             PET3     <<<esm: leaving Initialize (phase=<none>) without valid internal Clock.
20260620 224153.334 INFO             PET3     esm: InitializeP0 extro {IS}:--- StateLog() start -----------------
20260620 224153.334 INFO             PET3     esm: InitializeP0 extro {IS}:State object is invalid! Not created or deleted!
20260620 224153.334 INFO             PET3     esm: InitializeP0 extro {IS}:--- StateLog() end -------------------
20260620 224153.334 INFO             PET3     esm: InitializeP0 extro {ES}:--- StateLog() start -----------------
20260620 224153.334 INFO             PET3     esm: InitializeP0 extro {ES}:State object is invalid! Not created or deleted!
20260620 224153.334 INFO             PET3     esm: InitializeP0 extro {ES}:--- StateLog() end -------------------
20260620 224153.334 INFO             PET3   esm: InitializeP0 extro.
20260620 224153.334 INFO             PET3   esm: InitializeIPDv02p1 intro.
20260620 224153.334 INFO             PET3     esm: InitializeIPDv02p1 intro {IS}:--- StateLog() start -----------------
20260620 224153.334 INFO             PET3     esm: InitializeIPDv02p1 intro {IS}:State object is invalid! Not created or deleted!
20260620 224153.334 INFO             PET3     esm: InitializeIPDv02p1 intro {IS}:--- StateLog() end -------------------
20260620 224153.334 INFO             PET3     esm: InitializeIPDv02p1 intro {ES}:--- StateLog() start -----------------
20260620 224153.334 INFO             PET3     esm: InitializeIPDv02p1 intro {ES}:State object is invalid! Not created or deleted!
20260620 224153.334 INFO             PET3     esm: InitializeIPDv02p1 intro {ES}:--- StateLog() end -------------------
20260620 224153.334 INFO             PET3     >>>esm: entered Initialize (phase=<none>) without valid internal Clock.
20260620 224153.334 INFO             PET3     esm - Creating model component ATM with petList of size 2 :
20260620 224153.334 INFO             PET3           0      1
20260620 224153.335 INFO             PET3     esm - Creating model component OCN with petList of size 2 :
20260620 224153.335 INFO             PET3           2      3
20260620 224153.337 INFO             PET3     esm - Creating connector component ATM-TO-OCN with petList of size 4 :
20260620 224153.337 INFO             PET3           0      1      2      3
20260620 224153.339 INFO             PET3     esm - Creating connector component OCN-TO-ATM with petList of size 4 :
20260620 224153.339 INFO             PET3           2      3      0      1
20260620 224153.341 INFO             PET3     esm - Creating state: modelComp 1 Import State
20260620 224153.341 INFO             PET3     esm - Creating state: modelComp 1 Export State
20260620 224153.342 INFO             PET3     esm - Creating state: modelComp 2 Import State
20260620 224153.342 INFO             PET3     esm - Creating state: modelComp 2 Export State
20260620 224153.343 INFO             PET3     OCN: InitializeP0 intro.
20260620 224153.343 INFO             PET3       OCN: InitializeP0 intro {IS}:--- StateLog() start -----------------
20260620 224153.343 INFO             PET3       OCN: InitializeP0 intro {IS}:<name: OCN-ImportState> <intent: ESMF_STATEINTENT_IMPORT> <itemCount:    0>
20260620 224153.343 INFO             PET3       OCN: InitializeP0 intro {IS}:--- StateLog() end -------------------
20260620 224153.343 INFO             PET3       OCN: InitializeP0 intro {ES}:--- StateLog() start -----------------
20260620 224153.343 INFO             PET3       OCN: InitializeP0 intro {ES}:<name: OCN-ExportState> <intent: ESMF_STATEINTENT_EXPORT> <itemCount:    0>
20260620 224153.343 INFO             PET3       OCN: InitializeP0 intro {ES}:--- StateLog() end -------------------
20260620 224153.343 INFO             PET3       >>>OCN: entered Initialize (phase=<none>) without valid internal Clock.
20260620 224153.343 INFO             PET3       <<<OCN: leaving Initialize (phase=<none>) without valid internal Clock.
20260620 224153.343 INFO             PET3       OCN: InitializeP0 extro {IS}:--- StateLog() start -----------------
20260620 224153.343 INFO             PET3       OCN: InitializeP0 extro {IS}:<name: OCN-ImportState> <intent: ESMF_STATEINTENT_IMPORT> <itemCount:    0>
20260620 224153.343 INFO             PET3       OCN: InitializeP0 extro {IS}:--- StateLog() end -------------------
20260620 224153.343 INFO             PET3       OCN: InitializeP0 extro {ES}:--- StateLog() start -----------------
20260620 224153.343 INFO             PET3       OCN: InitializeP0 extro {ES}:<name: OCN-ExportState> <intent: ESMF_STATEINTENT_EXPORT> <itemCount:    0>
20260620 224153.343 INFO             PET3       OCN: InitializeP0 extro {ES}:--- StateLog() end -------------------
20260620 224153.343 INFO             PET3     OCN: InitializeP0 extro.
20260620 224153.344 INFO             PET3     ATM-TO-OCN: InitializeP0 intro.
20260620 224153.344 INFO             PET3       ATM-TO-OCN: InitializeP0 intro {IS}:--- StateLog() start -----------------
20260620 224153.344 INFO             PET3       ATM-TO-OCN: InitializeP0 intro {IS}:<name: ATM-ExportState> <intent: ESMF_STATEINTENT_EXPORT> <itemCount:    0>
20260620 224153.344 INFO             PET3       ATM-TO-OCN: InitializeP0 intro {IS}:--- StateLog() end -------------------
20260620 224153.344 INFO             PET3       ATM-TO-OCN: InitializeP0 intro {ES}:--- StateLog() start -----------------
20260620 224153.344 INFO             PET3       ATM-TO-OCN: InitializeP0 intro {ES}:<name: OCN-ImportState> <intent: ESMF_STATEINTENT_IMPORT> <itemCount:    0>
20260620 224153.344 INFO             PET3       ATM-TO-OCN: InitializeP0 intro {ES}:--- StateLog() end -------------------
20260620 224153.345 INFO             PET3       ATM-TO-OCN: InitializeP0 extro {IS}:--- StateLog() start -----------------
20260620 224153.345 INFO             PET3       ATM-TO-OCN: InitializeP0 extro {IS}:<name: ATM-ExportState> <intent: ESMF_STATEINTENT_EXPORT> <itemCount:    0>
20260620 224153.345 INFO             PET3       ATM-TO-OCN: InitializeP0 extro {IS}:--- StateLog() end -------------------
20260620 224153.345 INFO             PET3       ATM-TO-OCN: InitializeP0 extro {ES}:--- StateLog() start -----------------
20260620 224153.345 INFO             PET3       ATM-TO-OCN: InitializeP0 extro {ES}:<name: OCN-ImportState> <intent: ESMF_STATEINTENT_IMPORT> <itemCount:    0>
20260620 224153.345 INFO             PET3       ATM-TO-OCN: InitializeP0 extro {ES}:--- StateLog() end -------------------
20260620 224153.345 INFO             PET3     ATM-TO-OCN: InitializeP0 extro.
20260620 224153.345 INFO             PET3     OCN-TO-ATM: InitializeP0 intro.
20260620 224153.345 INFO             PET3       OCN-TO-ATM: InitializeP0 intro {IS}:--- StateLog() start -----------------
20260620 224153.345 INFO             PET3       OCN-TO-ATM: InitializeP0 intro {IS}:<name: OCN-ExportState> <intent: ESMF_STATEINTENT_EXPORT> <itemCount:    0>
20260620 224153.345 INFO             PET3       OCN-TO-ATM: InitializeP0 intro {IS}:--- StateLog() end -------------------
20260620 224153.345 INFO             PET3       OCN-TO-ATM: InitializeP0 intro {ES}:--- StateLog() start -----------------
20260620 224153.345 INFO             PET3       OCN-TO-ATM: InitializeP0 intro {ES}:<name: ATM-ImportState> <intent: ESMF_STATEINTENT_IMPORT> <itemCount:    0>
20260620 224153.345 INFO             PET3       OCN-TO-ATM: InitializeP0 intro {ES}:--- StateLog() end -------------------
20260620 224153.345 INFO             PET3       OCN-TO-ATM: InitializeP0 extro {IS}:--- StateLog() start -----------------
20260620 224153.345 INFO             PET3       OCN-TO-ATM: InitializeP0 extro {IS}:<name: OCN-ExportState> <intent: ESMF_STATEINTENT_EXPORT> <itemCount:    0>
20260620 224153.345 INFO             PET3       OCN-TO-ATM: InitializeP0 extro {IS}:--- StateLog() end -------------------
20260620 224153.345 INFO             PET3       OCN-TO-ATM: InitializeP0 extro {ES}:--- StateLog() start -----------------
20260620 224153.345 INFO             PET3       OCN-TO-ATM: InitializeP0 extro {ES}:<name: ATM-ImportState> <intent: ESMF_STATEINTENT_IMPORT> <itemCount:    0>
20260620 224153.345 INFO             PET3       OCN-TO-ATM: InitializeP0 extro {ES}:--- StateLog() end -------------------
20260620 224153.345 INFO             PET3     OCN-TO-ATM: InitializeP0 extro.
20260620 224153.346 INFO             PET3     esm: IInitAdvertise intro.
20260620 224153.346 INFO             PET3       esm: IInitAdvertise intro {IS}:--- StateLog() start -----------------
20260620 224153.346 INFO             PET3       esm: IInitAdvertise intro {IS}:State object is invalid! Not created or deleted!
20260620 224153.346 INFO             PET3       esm: IInitAdvertise intro {IS}:--- StateLog() end -------------------
20260620 224153.346 INFO             PET3       esm: IInitAdvertise intro {ES}:--- StateLog() start -----------------
20260620 224153.346 INFO             PET3       esm: IInitAdvertise intro {ES}:State object is invalid! Not created or deleted!
20260620 224153.346 INFO             PET3       esm: IInitAdvertise intro {ES}:--- StateLog() end -------------------
20260620 224153.346 INFO             PET3       >>>esm: entered Initialize (phase=<none>) with current time: 2010  6  1  0  0  0   0
20260620 224153.346 INFO             PET3       <<<esm: leaving Initialize (phase=<none>) with current time: 2010  6  1  0  0  0   0
20260620 224153.346 INFO             PET3       esm: IInitAdvertise extro {IS}:--- StateLog() start -----------------
20260620 224153.346 INFO             PET3       esm: IInitAdvertise extro {IS}:State object is invalid! Not created or deleted!
20260620 224153.346 INFO             PET3       esm: IInitAdvertise extro {IS}:--- StateLog() end -------------------
20260620 224153.346 INFO             PET3       esm: IInitAdvertise extro {ES}:--- StateLog() start -----------------
20260620 224153.346 INFO             PET3       esm: IInitAdvertise extro {ES}:State object is invalid! Not created or deleted!
20260620 224153.346 INFO             PET3       esm: IInitAdvertise extro {ES}:--- StateLog() end -------------------
20260620 224153.346 INFO             PET3     esm: IInitAdvertise extro.
20260620 224153.347 INFO             PET3     OCN: InitializeIPDvXp01 intro.
20260620 224153.347 INFO             PET3       OCN: InitializeIPDvXp01 intro {IS}:--- StateLog() start -----------------
20260620 224153.347 INFO             PET3       OCN: InitializeIPDvXp01 intro {IS}:<name: OCN-ImportState> <intent: ESMF_STATEINTENT_IMPORT> <itemCount:    0>
20260620 224153.347 INFO             PET3       OCN: InitializeIPDvXp01 intro {IS}:--- StateLog() end -------------------
20260620 224153.347 INFO             PET3       OCN: InitializeIPDvXp01 intro {ES}:--- StateLog() start -----------------
20260620 224153.347 INFO             PET3       OCN: InitializeIPDvXp01 intro {ES}:<name: OCN-ExportState> <intent: ESMF_STATEINTENT_EXPORT> <itemCount:    0>
20260620 224153.347 INFO             PET3       OCN: InitializeIPDvXp01 intro {ES}:--- StateLog() end -------------------
20260620 224153.347 INFO             PET3       >>>OCN: entered Initialize (phase=IPDvXp01) without valid internal Clock.
20260620 224153.348 INFO             PET3       <<<OCN: leaving Initialize (phase=IPDvXp01) without valid internal Clock.
20260620 224153.348 INFO             PET3       OCN: InitializeIPDvXp01 extro {IS}:--- StateLog() start -----------------
20260620 224153.348 INFO             PET3       OCN: InitializeIPDvXp01 extro {IS}:<name: OCN-ImportState> <intent: ESMF_STATEINTENT_IMPORT> <itemCount:    0>
20260620 224153.348 INFO             PET3       OCN: InitializeIPDvXp01 extro {IS}:--- StateLog() end -------------------
20260620 224153.348 INFO             PET3       OCN: InitializeIPDvXp01 extro {ES}:--- StateLog() start -----------------
20260620 224153.348 INFO             PET3       OCN: InitializeIPDvXp01 extro {ES}:<name: OCN-ExportState> <intent: ESMF_STATEINTENT_EXPORT> <itemCount:    1>
20260620 224153.348 INFO             PET3       OCN: InitializeIPDvXp01 extro {ES}:+-<item: 0001> <itemType: Field> <itemName: sst>
20260620 224153.348 INFO             PET3       OCN: InitializeIPDvXp01 extro {ES}:!--- FieldLog() start -----------------
20260620 224153.348 INFO             PET3       OCN: InitializeIPDvXp01 extro {ES}:! <name: sst> <fieldStatus: ESMF_FIELDSTATUS_EMPTY>
20260620 224153.348 INFO             PET3       OCN: InitializeIPDvXp01 extro {ES}:! 0x16d576d68 => 0x104697950 => 0x13df34c20
20260620 224153.348 INFO             PET3       OCN: InitializeIPDvXp01 extro {ES}:!--- FieldLog() end -------------------
20260620 224153.348 INFO             PET3       OCN: InitializeIPDvXp01 extro {ES}:--- StateLog() end -------------------
20260620 224153.348 INFO             PET3     OCN: InitializeIPDvXp01 extro.
20260620 224153.349 INFO             PET3     ATM-TO-OCN: InitializeIPDv05p1 intro.
20260620 224153.349 INFO             PET3       ATM-TO-OCN: InitializeIPDv05p1 intro {IS}:--- StateLog() start -----------------
20260620 224153.349 INFO             PET3       ATM-TO-OCN: InitializeIPDv05p1 intro {IS}:<name: ATM-ExportState> <intent: ESMF_STATEINTENT_EXPORT> <itemCount:    0>
20260620 224153.349 INFO             PET3       ATM-TO-OCN: InitializeIPDv05p1 intro {IS}:--- StateLog() end -------------------
20260620 224153.349 INFO             PET3       ATM-TO-OCN: InitializeIPDv05p1 intro {ES}:--- StateLog() start -----------------
20260620 224153.349 INFO             PET3       ATM-TO-OCN: InitializeIPDv05p1 intro {ES}:<name: OCN-ImportState> <intent: ESMF_STATEINTENT_IMPORT> <itemCount:    0>
20260620 224153.349 INFO             PET3       ATM-TO-OCN: InitializeIPDv05p1 intro {ES}:--- StateLog() end -------------------
20260620 224153.349 INFO             PET3       ATM-TO-OCN: importState FieldTransferPolicy = transferNone
20260620 224153.349 INFO             PET3       ATM-TO-OCN: exportState FieldTransferPolicy = transferNone
20260620 224153.349 INFO             PET3       ATM-TO-OCN: InitializeIPDv05p1 extro {IS}:--- StateLog() start -----------------
20260620 224153.349 INFO             PET3       ATM-TO-OCN: InitializeIPDv05p1 extro {IS}:<name: ATM-ExportState> <intent: ESMF_STATEINTENT_EXPORT> <itemCount:    0>
20260620 224153.349 INFO             PET3       ATM-TO-OCN: InitializeIPDv05p1 extro {IS}:--- StateLog() end -------------------
20260620 224153.349 INFO             PET3       ATM-TO-OCN: InitializeIPDv05p1 extro {ES}:--- StateLog() start -----------------
20260620 224153.349 INFO             PET3       ATM-TO-OCN: InitializeIPDv05p1 extro {ES}:<name: OCN-ImportState> <intent: ESMF_STATEINTENT_IMPORT> <itemCount:    0>
20260620 224153.349 INFO             PET3       ATM-TO-OCN: InitializeIPDv05p1 extro {ES}:--- StateLog() end -------------------
20260620 224153.349 INFO             PET3     ATM-TO-OCN: InitializeIPDv05p1 extro.
20260620 224153.349 INFO             PET3     OCN-TO-ATM: InitializeIPDv05p1 intro.
20260620 224153.349 INFO             PET3       OCN-TO-ATM: InitializeIPDv05p1 intro {IS}:--- StateLog() start -----------------
20260620 224153.349 INFO             PET3       OCN-TO-ATM: InitializeIPDv05p1 intro {IS}:<name: OCN-ExportState> <intent: ESMF_STATEINTENT_EXPORT> <itemCount:    1>
20260620 224153.349 INFO             PET3       OCN-TO-ATM: InitializeIPDv05p1 intro {IS}:+-<item: 0001> <itemType: Field> <itemName: sst>
20260620 224153.349 INFO             PET3       OCN-TO-ATM: InitializeIPDv05p1 intro {IS}:!--- FieldLog() start -----------------
20260620 224153.349 INFO             PET3       OCN-TO-ATM: InitializeIPDv05p1 intro {IS}:! <name: sst> <fieldStatus: ESMF_FIELDSTATUS_EMPTY>
20260620 224153.349 INFO             PET3       OCN-TO-ATM: InitializeIPDv05p1 intro {IS}:! 0x16d573be8 => 0x104697950 => 0x13df34c20
20260620 224153.349 INFO             PET3       OCN-TO-ATM: InitializeIPDv05p1 intro {IS}:!--- FieldLog() end -------------------
20260620 224153.349 INFO             PET3       OCN-TO-ATM: InitializeIPDv05p1 intro {IS}:--- StateLog() end -------------------
20260620 224153.349 INFO             PET3       OCN-TO-ATM: InitializeIPDv05p1 intro {ES}:--- StateLog() start -----------------
20260620 224153.349 INFO             PET3       OCN-TO-ATM: InitializeIPDv05p1 intro {ES}:<name: ATM-ImportState> <intent: ESMF_STATEINTENT_IMPORT> <itemCount:    0>
20260620 224153.349 INFO             PET3       OCN-TO-ATM: InitializeIPDv05p1 intro {ES}:--- StateLog() end -------------------
20260620 224153.350 INFO             PET3       OCN-TO-ATM: importState FieldTransferPolicy = transferNone
20260620 224153.350 INFO             PET3       OCN-TO-ATM: exportState FieldTransferPolicy = transferNone
20260620 224153.350 INFO             PET3       OCN-TO-ATM: InitializeIPDv05p1 extro {IS}:--- StateLog() start -----------------
20260620 224153.350 INFO             PET3       OCN-TO-ATM: InitializeIPDv05p1 extro {IS}:<name: OCN-ExportState> <intent: ESMF_STATEINTENT_EXPORT> <itemCount:    1>
20260620 224153.350 INFO             PET3       OCN-TO-ATM: InitializeIPDv05p1 extro {IS}:+-<item: 0001> <itemType: Field> <itemName: sst>
20260620 224153.350 INFO             PET3       OCN-TO-ATM: InitializeIPDv05p1 extro {IS}:!--- FieldLog() start -----------------
20260620 224153.350 INFO             PET3       OCN-TO-ATM: InitializeIPDv05p1 extro {IS}:! <name: sst> <fieldStatus: ESMF_FIELDSTATUS_EMPTY>
20260620 224153.350 INFO             PET3       OCN-TO-ATM: InitializeIPDv05p1 extro {IS}:! 0x16d574df8 => 0x104697950 => 0x13df34c20
20260620 224153.350 INFO             PET3       OCN-TO-ATM: InitializeIPDv05p1 extro {IS}:!--- FieldLog() end -------------------
20260620 224153.350 INFO             PET3       OCN-TO-ATM: InitializeIPDv05p1 extro {IS}:--- StateLog() end -------------------
20260620 224153.350 INFO             PET3       OCN-TO-ATM: InitializeIPDv05p1 extro {ES}:--- StateLog() start -----------------
20260620 224153.350 INFO             PET3       OCN-TO-ATM: InitializeIPDv05p1 extro {ES}:<name: ATM-ImportState> <intent: ESMF_STATEINTENT_IMPORT> <itemCount:    0>
20260620 224153.350 INFO             PET3       OCN-TO-ATM: InitializeIPDv05p1 extro {ES}:--- StateLog() end -------------------
20260620 224153.350 INFO             PET3     OCN-TO-ATM: InitializeIPDv05p1 extro.
20260620 224153.350 INFO             PET3     esm: IInitAdvertiseFinish intro.
20260620 224153.350 INFO             PET3       esm: IInitAdvertiseFinish intro {IS}:--- StateLog() start -----------------
20260620 224153.350 INFO             PET3       esm: IInitAdvertiseFinish intro {IS}:State object is invalid! Not created or deleted!
20260620 224153.350 INFO             PET3       esm: IInitAdvertiseFinish intro {IS}:--- StateLog() end -------------------
20260620 224153.350 INFO             PET3       esm: IInitAdvertiseFinish intro {ES}:--- StateLog() start -----------------
20260620 224153.350 INFO             PET3       esm: IInitAdvertiseFinish intro {ES}:State object is invalid! Not created or deleted!
20260620 224153.350 INFO             PET3       esm: IInitAdvertiseFinish intro {ES}:--- StateLog() end -------------------
20260620 224153.350 INFO             PET3       >>>esm: entered Initialize (phase=<none>) with current time: 2010  6  1  0  0  0   0
20260620 224153.350 INFO             PET3       <<<esm: leaving Initialize (phase=<none>) with current time: 2010  6  1  0  0  0   0
20260620 224153.350 INFO             PET3       esm: IInitAdvertiseFinish extro {IS}:--- StateLog() start -----------------
20260620 224153.350 INFO             PET3       esm: IInitAdvertiseFinish extro {IS}:State object is invalid! Not created or deleted!
20260620 224153.350 INFO             PET3       esm: IInitAdvertiseFinish extro {IS}:--- StateLog() end -------------------
20260620 224153.350 INFO             PET3       esm: IInitAdvertiseFinish extro {ES}:--- StateLog() start -----------------
20260620 224153.350 INFO             PET3       esm: IInitAdvertiseFinish extro {ES}:State object is invalid! Not created or deleted!
20260620 224153.350 INFO             PET3       esm: IInitAdvertiseFinish extro {ES}:--- StateLog() end -------------------
20260620 224153.350 INFO             PET3     esm: IInitAdvertiseFinish extro.
20260620 224153.350 INFO             PET3     ATM-TO-OCN: InitializeIPDv05p2a intro.
20260620 224153.350 INFO             PET3       ATM-TO-OCN: InitializeIPDv05p2a intro {IS}:--- StateLog() start -----------------
20260620 224153.350 INFO             PET3       ATM-TO-OCN: InitializeIPDv05p2a intro {IS}:<name: ATM-ExportState> <intent: ESMF_STATEINTENT_EXPORT> <itemCount:    0>
20260620 224153.350 INFO             PET3       ATM-TO-OCN: InitializeIPDv05p2a intro {IS}:--- StateLog() end -------------------
20260620 224153.350 INFO             PET3       ATM-TO-OCN: InitializeIPDv05p2a intro {ES}:--- StateLog() start -----------------
20260620 224153.350 INFO             PET3       ATM-TO-OCN: InitializeIPDv05p2a intro {ES}:<name: OCN-ImportState> <intent: ESMF_STATEINTENT_IMPORT> <itemCount:    0>
20260620 224153.350 INFO             PET3       ATM-TO-OCN: InitializeIPDv05p2a intro {ES}:--- StateLog() end -------------------
20260620 224153.352 INFO             PET3       ATM-TO-OCN: InitializeIPDv05p2a extro {IS}:--- StateLog() start -----------------
20260620 224153.352 INFO             PET3       ATM-TO-OCN: InitializeIPDv05p2a extro {IS}:<name: ATM-ExportState> <intent: ESMF_STATEINTENT_EXPORT> <itemCount:    0>
20260620 224153.352 INFO             PET3       ATM-TO-OCN: InitializeIPDv05p2a extro {IS}:--- StateLog() end -------------------
20260620 224153.352 INFO             PET3       ATM-TO-OCN: InitializeIPDv05p2a extro {ES}:--- StateLog() start -----------------
20260620 224153.352 INFO             PET3       ATM-TO-OCN: InitializeIPDv05p2a extro {ES}:<name: OCN-ImportState> <intent: ESMF_STATEINTENT_IMPORT> <itemCount:    0>
20260620 224153.352 INFO             PET3       ATM-TO-OCN: InitializeIPDv05p2a extro {ES}:--- StateLog() end -------------------
20260620 224153.352 INFO             PET3     ATM-TO-OCN: InitializeIPDv05p2a extro.
20260620 224153.352 INFO             PET3     OCN-TO-ATM: InitializeIPDv05p2a intro.
20260620 224153.352 INFO             PET3       OCN-TO-ATM: InitializeIPDv05p2a intro {IS}:--- StateLog() start -----------------
20260620 224153.352 INFO             PET3       OCN-TO-ATM: InitializeIPDv05p2a intro {IS}:<name: OCN-ExportState> <intent: ESMF_STATEINTENT_EXPORT> <itemCount:    1>
20260620 224153.352 INFO             PET3       OCN-TO-ATM: InitializeIPDv05p2a intro {IS}:+-<item: 0001> <itemType: Field> <itemName: sst>
20260620 224153.352 INFO             PET3       OCN-TO-ATM: InitializeIPDv05p2a intro {IS}:!--- FieldLog() start -----------------
20260620 224153.352 INFO             PET3       OCN-TO-ATM: InitializeIPDv05p2a intro {IS}:! <name: sst> <fieldStatus: ESMF_FIELDSTATUS_EMPTY>
20260620 224153.352 INFO             PET3       OCN-TO-ATM: InitializeIPDv05p2a intro {IS}:! 0x16d571928 => 0x104697950 => 0x13df34c20
20260620 224153.352 INFO             PET3       OCN-TO-ATM: InitializeIPDv05p2a intro {IS}:!--- FieldLog() end -------------------
20260620 224153.352 INFO             PET3       OCN-TO-ATM: InitializeIPDv05p2a intro {IS}:--- StateLog() end -------------------
20260620 224153.352 INFO             PET3       OCN-TO-ATM: InitializeIPDv05p2a intro {ES}:--- StateLog() start -----------------
20260620 224153.352 INFO             PET3       OCN-TO-ATM: InitializeIPDv05p2a intro {ES}:<name: ATM-ImportState> <intent: ESMF_STATEINTENT_IMPORT> <itemCount:    0>
20260620 224153.352 INFO             PET3       OCN-TO-ATM: InitializeIPDv05p2a intro {ES}:--- StateLog() end -------------------
20260620 224153.354 INFO             PET3       OCN-TO-ATM:      importStandardNameList(i=  1): sea_surface_temperature
20260620 224153.354 INFO             PET3       OCN-TO-ATM:         importNamespaceList(i=  1): OCN
20260620 224153.354 INFO             PET3       OCN-TO-ATM:            importCplSetList(i=  1): __UNSPECIFIED__
20260620 224153.354 INFO             PET3       OCN-TO-ATM:      exportStandardNameList(j=  1): sea_surface_temperature
20260620 224153.354 INFO             PET3       OCN-TO-ATM:         exportNamespaceList(j=  1): ATM:OCN
20260620 224153.354 INFO             PET3       OCN-TO-ATM:            exportCplSetList(j=  1): __UNSPECIFIED__
20260620 224153.354 INFO             PET3       OCN-TO-ATM: bondLevel= 2
20260620 224153.354 INFO             PET3       OCN-TO-ATM: ProducerConnection (bondLevelMax):         2
20260620 224153.354 INFO             PET3       OCN-TO-ATM: InitializeIPDv05p2a extro {IS}:--- StateLog() start -----------------
20260620 224153.354 INFO             PET3       OCN-TO-ATM: InitializeIPDv05p2a extro {IS}:<name: OCN-ExportState> <intent: ESMF_STATEINTENT_EXPORT> <itemCount:    1>
20260620 224153.354 INFO             PET3       OCN-TO-ATM: InitializeIPDv05p2a extro {IS}:+-<item: 0001> <itemType: Field> <itemName: sst>
20260620 224153.354 INFO             PET3       OCN-TO-ATM: InitializeIPDv05p2a extro {IS}:!--- FieldLog() start -----------------
20260620 224153.354 INFO             PET3       OCN-TO-ATM: InitializeIPDv05p2a extro {IS}:! <name: sst> <fieldStatus: ESMF_FIELDSTATUS_EMPTY>
20260620 224153.354 INFO             PET3       OCN-TO-ATM: InitializeIPDv05p2a extro {IS}:! 0x16d572b38 => 0x104697950 => 0x13df34c20
20260620 224153.354 INFO             PET3       OCN-TO-ATM: InitializeIPDv05p2a extro {IS}:!--- FieldLog() end -------------------
20260620 224153.354 INFO             PET3       OCN-TO-ATM: InitializeIPDv05p2a extro {IS}:--- StateLog() end -------------------
20260620 224153.354 INFO             PET3       OCN-TO-ATM: InitializeIPDv05p2a extro {ES}:--- StateLog() start -----------------
20260620 224153.354 INFO             PET3       OCN-TO-ATM: InitializeIPDv05p2a extro {ES}:<name: ATM-ImportState> <intent: ESMF_STATEINTENT_IMPORT> <itemCount:    1>
20260620 224153.354 INFO             PET3       OCN-TO-ATM: InitializeIPDv05p2a extro {ES}:+-<item: 0001> <itemType: State> <itemName: ATM-ImportState-namespace:OCN>
20260620 224153.354 INFO             PET3       OCN-TO-ATM: InitializeIPDv05p2a extro {ES}:! <name: ATM-ImportState-namespace:OCN> <intent: ESMF_STATEINTENT_IMPORT> <itemCount:    1>
20260620 224153.354 INFO             PET3       OCN-TO-ATM: InitializeIPDv05p2a extro {ES}:! +-<item: 0001> <itemType: Field> <itemName: sea_surface_temperature>
20260620 224153.354 INFO             PET3       OCN-TO-ATM: InitializeIPDv05p2a extro {ES}:! !--- FieldLog() start -----------------
20260620 224153.354 INFO             PET3       OCN-TO-ATM: InitializeIPDv05p2a extro {ES}:! ! <name: sea_surface_temperature> <fieldStatus: ESMF_FIELDSTATUS_EMPTY>
20260620 224153.354 INFO             PET3       OCN-TO-ATM: InitializeIPDv05p2a extro {ES}:! ! 0x16d571098 => 0x1046aaa70 => 0x13df36700
20260620 224153.354 INFO             PET3       OCN-TO-ATM: InitializeIPDv05p2a extro {ES}:! !--- FieldLog() end -------------------
20260620 224153.354 INFO             PET3       OCN-TO-ATM: InitializeIPDv05p2a extro {ES}:--- StateLog() end -------------------
20260620 224153.354 INFO             PET3     OCN-TO-ATM: InitializeIPDv05p2a extro.
20260620 224153.354 INFO             PET3     ATM-TO-OCN: InitializeIPDv05p2b intro.
20260620 224153.354 INFO             PET3       ATM-TO-OCN: InitializeIPDv05p2b intro {IS}:--- StateLog() start -----------------
20260620 224153.354 INFO             PET3       ATM-TO-OCN: InitializeIPDv05p2b intro {IS}:<name: ATM-ExportState> <intent: ESMF_STATEINTENT_EXPORT> <itemCount:    0>
20260620 224153.354 INFO             PET3       ATM-TO-OCN: InitializeIPDv05p2b intro {IS}:--- StateLog() end -------------------
20260620 224153.354 INFO             PET3       ATM-TO-OCN: InitializeIPDv05p2b intro {ES}:--- StateLog() start -----------------
20260620 224153.354 INFO             PET3       ATM-TO-OCN: InitializeIPDv05p2b intro {ES}:<name: OCN-ImportState> <intent: ESMF_STATEINTENT_IMPORT> <itemCount:    0>
20260620 224153.354 INFO             PET3       ATM-TO-OCN: InitializeIPDv05p2b intro {ES}:--- StateLog() end -------------------
20260620 224153.354 INFO             PET3       ATM-TO-OCN: InitializeIPDv05p2b extro {IS}:--- StateLog() start -----------------
20260620 224153.354 INFO             PET3       ATM-TO-OCN: InitializeIPDv05p2b extro {IS}:<name: ATM-ExportState> <intent: ESMF_STATEINTENT_EXPORT> <itemCount:    0>
20260620 224153.354 INFO             PET3       ATM-TO-OCN: InitializeIPDv05p2b extro {IS}:--- StateLog() end -------------------
20260620 224153.354 INFO             PET3       ATM-TO-OCN: InitializeIPDv05p2b extro {ES}:--- StateLog() start -----------------
20260620 224153.354 INFO             PET3       ATM-TO-OCN: InitializeIPDv05p2b extro {ES}:<name: OCN-ImportState> <intent: ESMF_STATEINTENT_IMPORT> <itemCount:    0>
20260620 224153.354 INFO             PET3       ATM-TO-OCN: InitializeIPDv05p2b extro {ES}:--- StateLog() end -------------------
20260620 224153.354 INFO             PET3     ATM-TO-OCN: InitializeIPDv05p2b extro.
20260620 224153.354 INFO             PET3     OCN-TO-ATM: InitializeIPDv05p2b intro.
20260620 224153.354 INFO             PET3       OCN-TO-ATM: InitializeIPDv05p2b intro {IS}:--- StateLog() start -----------------
20260620 224153.354 INFO             PET3       OCN-TO-ATM: InitializeIPDv05p2b intro {IS}:<name: OCN-ExportState> <intent: ESMF_STATEINTENT_EXPORT> <itemCount:    1>
20260620 224153.354 INFO             PET3       OCN-TO-ATM: InitializeIPDv05p2b intro {IS}:+-<item: 0001> <itemType: Field> <itemName: sst>
20260620 224153.354 INFO             PET3       OCN-TO-ATM: InitializeIPDv05p2b intro {IS}:!--- FieldLog() start -----------------
20260620 224153.354 INFO             PET3       OCN-TO-ATM: InitializeIPDv05p2b intro {IS}:! <name: sst> <fieldStatus: ESMF_FIELDSTATUS_EMPTY>
20260620 224153.354 INFO             PET3       OCN-TO-ATM: InitializeIPDv05p2b intro {IS}:! 0x16d5715f8 => 0x104697950 => 0x13df34c20
20260620 224153.354 INFO             PET3       OCN-TO-ATM: InitializeIPDv05p2b intro {IS}:!--- FieldLog() end -------------------
20260620 224153.354 INFO             PET3       OCN-TO-ATM: InitializeIPDv05p2b intro {IS}:--- StateLog() end -------------------
20260620 224153.354 INFO             PET3       OCN-TO-ATM: InitializeIPDv05p2b intro {ES}:--- StateLog() start -----------------
20260620 224153.354 INFO             PET3       OCN-TO-ATM: InitializeIPDv05p2b intro {ES}:<name: ATM-ImportState> <intent: ESMF_STATEINTENT_IMPORT> <itemCount:    1>
20260620 224153.354 INFO             PET3       OCN-TO-ATM: InitializeIPDv05p2b intro {ES}:+-<item: 0001> <itemType: State> <itemName: ATM-ImportState-namespace:OCN>
20260620 224153.354 INFO             PET3       OCN-TO-ATM: InitializeIPDv05p2b intro {ES}:! <name: ATM-ImportState-namespace:OCN> <intent: ESMF_STATEINTENT_IMPORT> <itemCount:    1>
20260620 224153.354 INFO             PET3       OCN-TO-ATM: InitializeIPDv05p2b intro {ES}:! +-<item: 0001> <itemType: Field> <itemName: sea_surface_temperature>
20260620 224153.354 INFO             PET3       OCN-TO-ATM: InitializeIPDv05p2b intro {ES}:! !--- FieldLog() start -----------------
20260620 224153.354 INFO             PET3       OCN-TO-ATM: InitializeIPDv05p2b intro {ES}:! ! <name: sea_surface_temperature> <fieldStatus: ESMF_FIELDSTATUS_EMPTY>
20260620 224153.354 INFO             PET3       OCN-TO-ATM: InitializeIPDv05p2b intro {ES}:! ! 0x16d56fb58 => 0x1046aaa70 => 0x13df36700
20260620 224153.354 INFO             PET3       OCN-TO-ATM: InitializeIPDv05p2b intro {ES}:! !--- FieldLog() end -------------------
20260620 224153.354 INFO             PET3       OCN-TO-ATM: InitializeIPDv05p2b intro {ES}:--- StateLog() end -------------------
20260620 224153.356 INFO             PET3       OCN-TO-ATM:      importStandardNameList(i=  1): sea_surface_temperature
20260620 224153.356 INFO             PET3       OCN-TO-ATM:         importNamespaceList(i=  1): OCN
20260620 224153.356 INFO             PET3       OCN-TO-ATM:            importCplSetList(i=  1): __UNSPECIFIED__
20260620 224153.356 INFO             PET3       OCN-TO-ATM:      exportStandardNameList(j=  1): sea_surface_temperature
20260620 224153.356 INFO             PET3       OCN-TO-ATM:         exportNamespaceList(j=  1): ATM:OCN
20260620 224153.356 INFO             PET3       OCN-TO-ATM:            exportCplSetList(j=  1): __UNSPECIFIED__
20260620 224153.356 INFO             PET3       OCN-TO-ATM: bondLevel= 2
20260620 224153.356 INFO             PET3       OCN-TO-ATM: => added cplList(  1)=sea_surface_temperature, cplSetList(  1)=__UNSPECIFIED__
20260620 224153.356 INFO             PET3       OCN-TO-ATM: InitializeIPDv05p2b extro {IS}:--- StateLog() start -----------------
20260620 224153.356 INFO             PET3       OCN-TO-ATM: InitializeIPDv05p2b extro {IS}:<name: OCN-ExportState> <intent: ESMF_STATEINTENT_EXPORT> <itemCount:    1>
20260620 224153.356 INFO             PET3       OCN-TO-ATM: InitializeIPDv05p2b extro {IS}:+-<item: 0001> <itemType: Field> <itemName: sst>
20260620 224153.356 INFO             PET3       OCN-TO-ATM: InitializeIPDv05p2b extro {IS}:!--- FieldLog() start -----------------
20260620 224153.356 INFO             PET3       OCN-TO-ATM: InitializeIPDv05p2b extro {IS}:! <name: sst> <fieldStatus: ESMF_FIELDSTATUS_EMPTY>
20260620 224153.356 INFO             PET3       OCN-TO-ATM: InitializeIPDv05p2b extro {IS}:! 0x16d572808 => 0x104697950 => 0x13df34c20
20260620 224153.356 INFO             PET3       OCN-TO-ATM: InitializeIPDv05p2b extro {IS}:!--- FieldLog() end -------------------
20260620 224153.356 INFO             PET3       OCN-TO-ATM: InitializeIPDv05p2b extro {IS}:--- StateLog() end -------------------
20260620 224153.356 INFO             PET3       OCN-TO-ATM: InitializeIPDv05p2b extro {ES}:--- StateLog() start -----------------
20260620 224153.356 INFO             PET3       OCN-TO-ATM: InitializeIPDv05p2b extro {ES}:<name: ATM-ImportState> <intent: ESMF_STATEINTENT_IMPORT> <itemCount:    1>
20260620 224153.356 INFO             PET3       OCN-TO-ATM: InitializeIPDv05p2b extro {ES}:+-<item: 0001> <itemType: State> <itemName: ATM-ImportState-namespace:OCN>
20260620 224153.356 INFO             PET3       OCN-TO-ATM: InitializeIPDv05p2b extro {ES}:! <name: ATM-ImportState-namespace:OCN> <intent: ESMF_STATEINTENT_IMPORT> <itemCount:    1>
20260620 224153.356 INFO             PET3       OCN-TO-ATM: InitializeIPDv05p2b extro {ES}:! +-<item: 0001> <itemType: Field> <itemName: sea_surface_temperature>
20260620 224153.356 INFO             PET3       OCN-TO-ATM: InitializeIPDv05p2b extro {ES}:! !--- FieldLog() start -----------------
20260620 224153.356 INFO             PET3       OCN-TO-ATM: InitializeIPDv05p2b extro {ES}:! ! <name: sea_surface_temperature> <fieldStatus: ESMF_FIELDSTATUS_EMPTY>
20260620 224153.356 INFO             PET3       OCN-TO-ATM: InitializeIPDv05p2b extro {ES}:! ! 0x16d570d68 => 0x1046ae020 => 0x13df36f70
20260620 224153.356 INFO             PET3       OCN-TO-ATM: InitializeIPDv05p2b extro {ES}:! !--- FieldLog() end -------------------
20260620 224153.356 INFO             PET3       OCN-TO-ATM: InitializeIPDv05p2b extro {ES}:--- StateLog() end -------------------
20260620 224153.356 INFO             PET3     OCN-TO-ATM: InitializeIPDv05p2b extro.
20260620 224153.357 INFO             PET3     esm: IInitModifyCplLists intro.
20260620 224153.357 INFO             PET3       esm: IInitModifyCplLists intro {IS}:--- StateLog() start -----------------
20260620 224153.357 INFO             PET3       esm: IInitModifyCplLists intro {IS}:State object is invalid! Not created or deleted!
20260620 224153.357 INFO             PET3       esm: IInitModifyCplLists intro {IS}:--- StateLog() end -------------------
20260620 224153.357 INFO             PET3       esm: IInitModifyCplLists intro {ES}:--- StateLog() start -----------------
20260620 224153.357 INFO             PET3       esm: IInitModifyCplLists intro {ES}:State object is invalid! Not created or deleted!
20260620 224153.357 INFO             PET3       esm: IInitModifyCplLists intro {ES}:--- StateLog() end -------------------
20260620 224153.357 INFO             PET3       >>>esm: entered Initialize (phase=<none>) with current time: 2010  6  1  0  0  0   0
20260620 224153.357 INFO             PET3       <<<esm: leaving Initialize (phase=<none>) with current time: 2010  6  1  0  0  0   0
20260620 224153.357 INFO             PET3       esm: IInitModifyCplLists extro {IS}:--- StateLog() start -----------------
20260620 224153.357 INFO             PET3       esm: IInitModifyCplLists extro {IS}:State object is invalid! Not created or deleted!
20260620 224153.357 INFO             PET3       esm: IInitModifyCplLists extro {IS}:--- StateLog() end -------------------
20260620 224153.357 INFO             PET3       esm: IInitModifyCplLists extro {ES}:--- StateLog() start -----------------
20260620 224153.357 INFO             PET3       esm: IInitModifyCplLists extro {ES}:State object is invalid! Not created or deleted!
20260620 224153.357 INFO             PET3       esm: IInitModifyCplLists extro {ES}:--- StateLog() end -------------------
20260620 224153.357 INFO             PET3     esm: IInitModifyCplLists extro.
20260620 224153.357 INFO             PET3     ATM-TO-OCN: InitializeIPDv05p3 intro.
20260620 224153.357 INFO             PET3       ATM-TO-OCN: InitializeIPDv05p3 intro {IS}:--- StateLog() start -----------------
20260620 224153.357 INFO             PET3       ATM-TO-OCN: InitializeIPDv05p3 intro {IS}:<name: ATM-ExportState> <intent: ESMF_STATEINTENT_EXPORT> <itemCount:    0>
20260620 224153.357 INFO             PET3       ATM-TO-OCN: InitializeIPDv05p3 intro {IS}:--- StateLog() end -------------------
20260620 224153.357 INFO             PET3       ATM-TO-OCN: InitializeIPDv05p3 intro {ES}:--- StateLog() start -----------------
20260620 224153.357 INFO             PET3       ATM-TO-OCN: InitializeIPDv05p3 intro {ES}:<name: OCN-ImportState> <intent: ESMF_STATEINTENT_IMPORT> <itemCount:    0>
20260620 224153.357 INFO             PET3       ATM-TO-OCN: InitializeIPDv05p3 intro {ES}:--- StateLog() end -------------------
20260620 224153.357 INFO             PET3       ATM-TO-OCN: InitializeIPDv05p3 extro {IS}:--- StateLog() start -----------------
20260620 224153.357 INFO             PET3       ATM-TO-OCN: InitializeIPDv05p3 extro {IS}:<name: ATM-ExportState> <intent: ESMF_STATEINTENT_EXPORT> <itemCount:    0>
20260620 224153.357 INFO             PET3       ATM-TO-OCN: InitializeIPDv05p3 extro {IS}:--- StateLog() end -------------------
20260620 224153.357 INFO             PET3       ATM-TO-OCN: InitializeIPDv05p3 extro {ES}:--- StateLog() start -----------------
20260620 224153.357 INFO             PET3       ATM-TO-OCN: InitializeIPDv05p3 extro {ES}:<name: OCN-ImportState> <intent: ESMF_STATEINTENT_IMPORT> <itemCount:    0>
20260620 224153.357 INFO             PET3       ATM-TO-OCN: InitializeIPDv05p3 extro {ES}:--- StateLog() end -------------------
20260620 224153.357 INFO             PET3     ATM-TO-OCN: InitializeIPDv05p3 extro.
20260620 224153.357 INFO             PET3     OCN-TO-ATM: InitializeIPDv05p3 intro.
20260620 224153.357 INFO             PET3       OCN-TO-ATM: InitializeIPDv05p3 intro {IS}:--- StateLog() start -----------------
20260620 224153.357 INFO             PET3       OCN-TO-ATM: InitializeIPDv05p3 intro {IS}:<name: OCN-ExportState> <intent: ESMF_STATEINTENT_EXPORT> <itemCount:    1>
20260620 224153.357 INFO             PET3       OCN-TO-ATM: InitializeIPDv05p3 intro {IS}:+-<item: 0001> <itemType: Field> <itemName: sst>
20260620 224153.357 INFO             PET3       OCN-TO-ATM: InitializeIPDv05p3 intro {IS}:!--- FieldLog() start -----------------
20260620 224153.357 INFO             PET3       OCN-TO-ATM: InitializeIPDv05p3 intro {IS}:! <name: sst> <fieldStatus: ESMF_FIELDSTATUS_EMPTY>
20260620 224153.357 INFO             PET3       OCN-TO-ATM: InitializeIPDv05p3 intro {IS}:! 0x16d56dc78 => 0x104697950 => 0x13df34c20
20260620 224153.357 INFO             PET3       OCN-TO-ATM: InitializeIPDv05p3 intro {IS}:!--- FieldLog() end -------------------
20260620 224153.357 INFO             PET3       OCN-TO-ATM: InitializeIPDv05p3 intro {IS}:--- StateLog() end -------------------
20260620 224153.357 INFO             PET3       OCN-TO-ATM: InitializeIPDv05p3 intro {ES}:--- StateLog() start -----------------
20260620 224153.357 INFO             PET3       OCN-TO-ATM: InitializeIPDv05p3 intro {ES}:<name: ATM-ImportState> <intent: ESMF_STATEINTENT_IMPORT> <itemCount:    1>
20260620 224153.357 INFO             PET3       OCN-TO-ATM: InitializeIPDv05p3 intro {ES}:+-<item: 0001> <itemType: State> <itemName: ATM-ImportState-namespace:OCN>
20260620 224153.357 INFO             PET3       OCN-TO-ATM: InitializeIPDv05p3 intro {ES}:! <name: ATM-ImportState-namespace:OCN> <intent: ESMF_STATEINTENT_IMPORT> <itemCount:    1>
20260620 224153.357 INFO             PET3       OCN-TO-ATM: InitializeIPDv05p3 intro {ES}:! +-<item: 0001> <itemType: Field> <itemName: sea_surface_temperature>
20260620 224153.357 INFO             PET3       OCN-TO-ATM: InitializeIPDv05p3 intro {ES}:! !--- FieldLog() start -----------------
20260620 224153.357 INFO             PET3       OCN-TO-ATM: InitializeIPDv05p3 intro {ES}:! ! <name: sea_surface_temperature> <fieldStatus: ESMF_FIELDSTATUS_EMPTY>
20260620 224153.357 INFO             PET3       OCN-TO-ATM: InitializeIPDv05p3 intro {ES}:! ! 0x16d56c1d8 => 0x1046ae020 => 0x13df36f70
20260620 224153.357 INFO             PET3       OCN-TO-ATM: InitializeIPDv05p3 intro {ES}:! !--- FieldLog() end -------------------
20260620 224153.357 INFO             PET3       OCN-TO-ATM: InitializeIPDv05p3 intro {ES}:--- StateLog() end -------------------
20260620 224153.359 INFO             PET3       OCN-TO-ATM: handle cplList(1): sea_surface_temperature, cplSetList(1): __UNSPECIFIED__
20260620 224153.359 INFO             PET3       OCN-TO-ATM: - connected.
20260620 224153.359 INFO             PET3       OCN-TO-ATM: - import side must provide, export side may accept the Field/GeomObject.
20260620 224153.359 INFO             PET3       OCN-TO-ATM: - combination of provider and acceptor VM does NOT support Field and/or GeomObject sharing between them.
20260620 224153.359 INFO             PET3       OCN-TO-ATM: InitializeIPDv05p3 extro {IS}:--- StateLog() start -----------------
20260620 224153.359 INFO             PET3       OCN-TO-ATM: InitializeIPDv05p3 extro {IS}:<name: OCN-ExportState> <intent: ESMF_STATEINTENT_EXPORT> <itemCount:    1>
20260620 224153.359 INFO             PET3       OCN-TO-ATM: InitializeIPDv05p3 extro {IS}:+-<item: 0001> <itemType: Field> <itemName: sst>
20260620 224153.359 INFO             PET3       OCN-TO-ATM: InitializeIPDv05p3 extro {IS}:!--- FieldLog() start -----------------
20260620 224153.359 INFO             PET3       OCN-TO-ATM: InitializeIPDv05p3 extro {IS}:! <name: sst> <fieldStatus: ESMF_FIELDSTATUS_EMPTY>
20260620 224153.359 INFO             PET3       OCN-TO-ATM: InitializeIPDv05p3 extro {IS}:! 0x16d56ee88 => 0x104697950 => 0x13df34c20
20260620 224153.359 INFO             PET3       OCN-TO-ATM: InitializeIPDv05p3 extro {IS}:!--- FieldLog() end -------------------
20260620 224153.359 INFO             PET3       OCN-TO-ATM: InitializeIPDv05p3 extro {IS}:--- StateLog() end -------------------
20260620 224153.359 INFO             PET3       OCN-TO-ATM: InitializeIPDv05p3 extro {ES}:--- StateLog() start -----------------
20260620 224153.359 INFO             PET3       OCN-TO-ATM: InitializeIPDv05p3 extro {ES}:<name: ATM-ImportState> <intent: ESMF_STATEINTENT_IMPORT> <itemCount:    1>
20260620 224153.359 INFO             PET3       OCN-TO-ATM: InitializeIPDv05p3 extro {ES}:+-<item: 0001> <itemType: State> <itemName: ATM-ImportState-namespace:OCN>
20260620 224153.359 INFO             PET3       OCN-TO-ATM: InitializeIPDv05p3 extro {ES}:! <name: ATM-ImportState-namespace:OCN> <intent: ESMF_STATEINTENT_IMPORT> <itemCount:    1>
20260620 224153.359 INFO             PET3       OCN-TO-ATM: InitializeIPDv05p3 extro {ES}:! +-<item: 0001> <itemType: Field> <itemName: sea_surface_temperature>
20260620 224153.359 INFO             PET3       OCN-TO-ATM: InitializeIPDv05p3 extro {ES}:! !--- FieldLog() start -----------------
20260620 224153.359 INFO             PET3       OCN-TO-ATM: InitializeIPDv05p3 extro {ES}:! ! <name: sea_surface_temperature> <fieldStatus: ESMF_FIELDSTATUS_EMPTY>
20260620 224153.359 INFO             PET3       OCN-TO-ATM: InitializeIPDv05p3 extro {ES}:! ! 0x16d56d3e8 => 0x1046b0810 => 0x13df377e0
20260620 224153.359 INFO             PET3       OCN-TO-ATM: InitializeIPDv05p3 extro {ES}:! !--- FieldLog() end -------------------
20260620 224153.359 INFO             PET3       OCN-TO-ATM: InitializeIPDv05p3 extro {ES}:--- StateLog() end -------------------
20260620 224153.359 INFO             PET3     OCN-TO-ATM: InitializeIPDv05p3 extro.
20260620 224153.360 INFO             PET3     <<<esm: leaving Initialize (phase=<none>) with current time: 2010  6  1  0  0  0   0
20260620 224153.360 INFO             PET3     esm: InitializeIPDv02p1 extro {IS}:--- StateLog() start -----------------
20260620 224153.360 INFO             PET3     esm: InitializeIPDv02p1 extro {IS}:State object is invalid! Not created or deleted!
20260620 224153.360 INFO             PET3     esm: InitializeIPDv02p1 extro {IS}:--- StateLog() end -------------------
20260620 224153.360 INFO             PET3     esm: InitializeIPDv02p1 extro {ES}:--- StateLog() start -----------------
20260620 224153.360 INFO             PET3     esm: InitializeIPDv02p1 extro {ES}:State object is invalid! Not created or deleted!
20260620 224153.360 INFO             PET3     esm: InitializeIPDv02p1 extro {ES}:--- StateLog() end -------------------
20260620 224153.360 INFO             PET3   esm: InitializeIPDv02p1 extro.
20260620 224153.360 INFO             PET3   esm: InitializeIPDv02p3 intro.
20260620 224153.360 INFO             PET3     esm: InitializeIPDv02p3 intro {IS}:--- StateLog() start -----------------
20260620 224153.360 INFO             PET3     esm: InitializeIPDv02p3 intro {IS}:State object is invalid! Not created or deleted!
20260620 224153.360 INFO             PET3     esm: InitializeIPDv02p3 intro {IS}:--- StateLog() end -------------------
20260620 224153.360 INFO             PET3     esm: InitializeIPDv02p3 intro {ES}:--- StateLog() start -----------------
20260620 224153.360 INFO             PET3     esm: InitializeIPDv02p3 intro {ES}:State object is invalid! Not created or deleted!
20260620 224153.360 INFO             PET3     esm: InitializeIPDv02p3 intro {ES}:--- StateLog() end -------------------
20260620 224153.360 INFO             PET3     >>>esm: entered Initialize (phase=<none>) with current time: 2010  6  1  0  0  0   0
20260620 224153.360 INFO             PET3     esm: IInitCheck intro.
20260620 224153.360 INFO             PET3       esm: IInitCheck intro {IS}:--- StateLog() start -----------------
20260620 224153.360 INFO             PET3       esm: IInitCheck intro {IS}:State object is invalid! Not created or deleted!
20260620 224153.360 INFO             PET3       esm: IInitCheck intro {IS}:--- StateLog() end -------------------
20260620 224153.360 INFO             PET3       esm: IInitCheck intro {ES}:--- StateLog() start -----------------
20260620 224153.360 INFO             PET3       esm: IInitCheck intro {ES}:State object is invalid! Not created or deleted!
20260620 224153.360 INFO             PET3       esm: IInitCheck intro {ES}:--- StateLog() end -------------------
20260620 224153.360 INFO             PET3       >>>esm: entered Initialize (phase=<none>) with current time: 2010  6  1  0  0  0   0
20260620 224153.360 INFO             PET3       <<<esm: leaving Initialize (phase=<none>) with current time: 2010  6  1  0  0  0   0
20260620 224153.360 INFO             PET3       esm: IInitCheck extro {IS}:--- StateLog() start -----------------
20260620 224153.360 INFO             PET3       esm: IInitCheck extro {IS}:State object is invalid! Not created or deleted!
20260620 224153.360 INFO             PET3       esm: IInitCheck extro {IS}:--- StateLog() end -------------------
20260620 224153.360 INFO             PET3       esm: IInitCheck extro {ES}:--- StateLog() start -----------------
20260620 224153.360 INFO             PET3       esm: IInitCheck extro {ES}:State object is invalid! Not created or deleted!
20260620 224153.360 INFO             PET3       esm: IInitCheck extro {ES}:--- StateLog() end -------------------
20260620 224153.360 INFO             PET3     esm: IInitCheck extro.
20260620 224153.360 INFO             PET3     OCN: InitializeIPDvXp04 intro.
20260620 224153.360 INFO             PET3       OCN: InitializeIPDvXp04 intro {IS}:--- StateLog() start -----------------
20260620 224153.360 INFO             PET3       OCN: InitializeIPDvXp04 intro {IS}:<name: OCN-ImportState> <intent: ESMF_STATEINTENT_IMPORT> <itemCount:    0>
20260620 224153.360 INFO             PET3       OCN: InitializeIPDvXp04 intro {IS}:--- StateLog() end -------------------
20260620 224153.360 INFO             PET3       OCN: InitializeIPDvXp04 intro {ES}:--- StateLog() start -----------------
20260620 224153.360 INFO             PET3       OCN: InitializeIPDvXp04 intro {ES}:<name: OCN-ExportState> <intent: ESMF_STATEINTENT_EXPORT> <itemCount:    1>
20260620 224153.360 INFO             PET3       OCN: InitializeIPDvXp04 intro {ES}:+-<item: 0001> <itemType: Field> <itemName: sst>
20260620 224153.360 INFO             PET3       OCN: InitializeIPDvXp04 intro {ES}:!--- FieldLog() start -----------------
20260620 224153.360 INFO             PET3       OCN: InitializeIPDvXp04 intro {ES}:! <name: sst> <fieldStatus: ESMF_FIELDSTATUS_EMPTY>
20260620 224153.360 INFO             PET3       OCN: InitializeIPDvXp04 intro {ES}:! 0x16d57a388 => 0x104697950 => 0x13df34c20
20260620 224153.360 INFO             PET3       OCN: InitializeIPDvXp04 intro {ES}:!--- FieldLog() end -------------------
20260620 224153.360 INFO             PET3       OCN: InitializeIPDvXp04 intro {ES}:--- StateLog() end -------------------
20260620 224153.360 INFO             PET3       >>>OCN: entered Initialize (phase=IPDvXp04) without valid internal Clock.
20260620 224153.362 INFO             PET3       <<<OCN: leaving Initialize (phase=IPDvXp04) without valid internal Clock.
20260620 224153.362 INFO             PET3       OCN: InitializeIPDvXp04 extro {IS}:--- StateLog() start -----------------
20260620 224153.362 INFO             PET3       OCN: InitializeIPDvXp04 extro {IS}:<name: OCN-ImportState> <intent: ESMF_STATEINTENT_IMPORT> <itemCount:    0>
20260620 224153.362 INFO             PET3       OCN: InitializeIPDvXp04 extro {IS}:--- StateLog() end -------------------
20260620 224153.362 INFO             PET3       OCN: InitializeIPDvXp04 extro {ES}:--- StateLog() start -----------------
20260620 224153.362 INFO             PET3       OCN: InitializeIPDvXp04 extro {ES}:<name: OCN-ExportState> <intent: ESMF_STATEINTENT_EXPORT> <itemCount:    1>
20260620 224153.362 INFO             PET3       OCN: InitializeIPDvXp04 extro {ES}:+-<item: 0001> <itemType: Field> <itemName: sst>
20260620 224153.362 INFO             PET3       OCN: InitializeIPDvXp04 extro {ES}:!--- FieldLog() start -----------------
20260620 224153.362 INFO             PET3       OCN: InitializeIPDvXp04 extro {ES}:! <name: sst> <fieldStatus: ESMF_FIELDSTATUS_COMPLETE>
20260620 224153.362 INFO             PET3       OCN: InitializeIPDvXp04 extro {ES}:! 0x16d57b598 => 0x1046b0d30 => 0x13df38730
20260620 224153.362 INFO             PET3       OCN: InitializeIPDvXp04 extro {ES}:! <typekind: Real*8> <rank:    2> <dimCount:    2>
20260620 224153.362 INFO             PET3       OCN: InitializeIPDvXp04 extro {ES}:! ! --- Array::log() start -----------------------------------
20260620 224153.362 INFO             PET3       OCN: InitializeIPDvXp04 extro {ES}:! ! 0x13e86c600
20260620 224153.362 INFO             PET3       OCN: InitializeIPDvXp04 extro {ES}:! ! <name: sst>
20260620 224153.362 INFO             PET3       OCN: InitializeIPDvXp04 extro {ES}:! ! ! --- DistGrid::log() start --------------------------------
20260620 224153.362 INFO             PET3       OCN: InitializeIPDvXp04 extro {ES}:! ! ! 0x13e86ae00
20260620 224153.362 INFO             PET3       OCN: InitializeIPDvXp04 extro {ES}:! ! ! DistGrid object is valid!<name: DG-Grid003-sloc:0>
20260620 224153.362 INFO             PET3       OCN: InitializeIPDvXp04 extro {ES}:! ! ! --- DistGrid::log() end ----------------------------------
20260620 224153.362 INFO             PET3       OCN: InitializeIPDvXp04 extro {ES}:! ! --- Array::log() end -------------------------------------
20260620 224153.362 INFO             PET3       OCN: InitializeIPDvXp04 extro {ES}:!--- FieldLog() end -------------------
20260620 224153.362 INFO             PET3       OCN: InitializeIPDvXp04 extro {ES}:--- StateLog() end -------------------
20260620 224153.362 INFO             PET3     OCN: InitializeIPDvXp04 extro.
20260620 224153.362 INFO             PET3     ATM-TO-OCN: InitializeIPDv05p4 intro.
20260620 224153.362 INFO             PET3       ATM-TO-OCN: InitializeIPDv05p4 intro {IS}:--- StateLog() start -----------------
20260620 224153.362 INFO             PET3       ATM-TO-OCN: InitializeIPDv05p4 intro {IS}:<name: ATM-ExportState> <intent: ESMF_STATEINTENT_EXPORT> <itemCount:    0>
20260620 224153.362 INFO             PET3       ATM-TO-OCN: InitializeIPDv05p4 intro {IS}:--- StateLog() end -------------------
20260620 224153.362 INFO             PET3       ATM-TO-OCN: InitializeIPDv05p4 intro {ES}:--- StateLog() start -----------------
20260620 224153.362 INFO             PET3       ATM-TO-OCN: InitializeIPDv05p4 intro {ES}:<name: OCN-ImportState> <intent: ESMF_STATEINTENT_IMPORT> <itemCount:    0>
20260620 224153.362 INFO             PET3       ATM-TO-OCN: InitializeIPDv05p4 intro {ES}:--- StateLog() end -------------------
20260620 224153.362 INFO             PET3       ATM-TO-OCN: InitializeIPDv05p4 extro {IS}:--- StateLog() start -----------------
20260620 224153.362 INFO             PET3       ATM-TO-OCN: InitializeIPDv05p4 extro {IS}:<name: ATM-ExportState> <intent: ESMF_STATEINTENT_EXPORT> <itemCount:    0>
20260620 224153.362 INFO             PET3       ATM-TO-OCN: InitializeIPDv05p4 extro {IS}:--- StateLog() end -------------------
20260620 224153.362 INFO             PET3       ATM-TO-OCN: InitializeIPDv05p4 extro {ES}:--- StateLog() start -----------------
20260620 224153.362 INFO             PET3       ATM-TO-OCN: InitializeIPDv05p4 extro {ES}:<name: OCN-ImportState> <intent: ESMF_STATEINTENT_IMPORT> <itemCount:    0>
20260620 224153.362 INFO             PET3       ATM-TO-OCN: InitializeIPDv05p4 extro {ES}:--- StateLog() end -------------------
20260620 224153.362 INFO             PET3     ATM-TO-OCN: InitializeIPDv05p4 extro.
20260620 224153.363 INFO             PET3     OCN-TO-ATM: InitializeIPDv05p4 intro.
20260620 224153.363 INFO             PET3       OCN-TO-ATM: InitializeIPDv05p4 intro {IS}:--- StateLog() start -----------------
20260620 224153.363 INFO             PET3       OCN-TO-ATM: InitializeIPDv05p4 intro {IS}:<name: OCN-ExportState> <intent: ESMF_STATEINTENT_EXPORT> <itemCount:    1>
20260620 224153.363 INFO             PET3       OCN-TO-ATM: InitializeIPDv05p4 intro {IS}:+-<item: 0001> <itemType: Field> <itemName: sst>
20260620 224153.363 INFO             PET3       OCN-TO-ATM: InitializeIPDv05p4 intro {IS}:!--- FieldLog() start -----------------
20260620 224153.363 INFO             PET3       OCN-TO-ATM: InitializeIPDv05p4 intro {IS}:! <name: sst> <fieldStatus: ESMF_FIELDSTATUS_COMPLETE>
20260620 224153.363 INFO             PET3       OCN-TO-ATM: InitializeIPDv05p4 intro {IS}:! 0x16d5727c8 => 0x1046b0d30 => 0x13df38730
20260620 224153.363 INFO             PET3       OCN-TO-ATM: InitializeIPDv05p4 intro {IS}:! <typekind: Real*8> <rank:    2> <dimCount:    2>
20260620 224153.363 INFO             PET3       OCN-TO-ATM: InitializeIPDv05p4 intro {IS}:! ! --- Array::log() start -----------------------------------
20260620 224153.363 INFO             PET3       OCN-TO-ATM: InitializeIPDv05p4 intro {IS}:! ! 0x13e86c600
20260620 224153.363 INFO             PET3       OCN-TO-ATM: InitializeIPDv05p4 intro {IS}:! ! <name: sst>
20260620 224153.363 INFO             PET3       OCN-TO-ATM: InitializeIPDv05p4 intro {IS}:! ! ! --- DistGrid::log() start --------------------------------
20260620 224153.363 INFO             PET3       OCN-TO-ATM: InitializeIPDv05p4 intro {IS}:! ! ! 0x13e86ae00
20260620 224153.363 INFO             PET3       OCN-TO-ATM: InitializeIPDv05p4 intro {IS}:! ! ! DistGrid object is valid!<name: DG-Grid003-sloc:0>
20260620 224153.363 INFO             PET3       OCN-TO-ATM: InitializeIPDv05p4 intro {IS}:! ! ! --- DistGrid::log() end ----------------------------------
20260620 224153.363 INFO             PET3       OCN-TO-ATM: InitializeIPDv05p4 intro {IS}:! ! --- Array::log() end -------------------------------------
20260620 224153.363 INFO             PET3       OCN-TO-ATM: InitializeIPDv05p4 intro {IS}:!--- FieldLog() end -------------------
20260620 224153.363 INFO             PET3       OCN-TO-ATM: InitializeIPDv05p4 intro {IS}:--- StateLog() end -------------------
20260620 224153.363 INFO             PET3       OCN-TO-ATM: InitializeIPDv05p4 intro {ES}:--- StateLog() start -----------------
20260620 224153.363 INFO             PET3       OCN-TO-ATM: InitializeIPDv05p4 intro {ES}:<name: ATM-ImportState> <intent: ESMF_STATEINTENT_IMPORT> <itemCount:    1>
20260620 224153.363 INFO             PET3       OCN-TO-ATM: InitializeIPDv05p4 intro {ES}:+-<item: 0001> <itemType: State> <itemName: ATM-ImportState-namespace:OCN>
20260620 224153.363 INFO             PET3       OCN-TO-ATM: InitializeIPDv05p4 intro {ES}:! <name: ATM-ImportState-namespace:OCN> <intent: ESMF_STATEINTENT_IMPORT> <itemCount:    1>
20260620 224153.363 INFO             PET3       OCN-TO-ATM: InitializeIPDv05p4 intro {ES}:! +-<item: 0001> <itemType: Field> <itemName: sea_surface_temperature>
20260620 224153.363 INFO             PET3       OCN-TO-ATM: InitializeIPDv05p4 intro {ES}:! !--- FieldLog() start -----------------
20260620 224153.363 INFO             PET3       OCN-TO-ATM: InitializeIPDv05p4 intro {ES}:! ! <name: sea_surface_temperature> <fieldStatus: ESMF_FIELDSTATUS_EMPTY>
20260620 224153.363 INFO             PET3       OCN-TO-ATM: InitializeIPDv05p4 intro {ES}:! ! 0x16d570d28 => 0x1046b0810 => 0x13df377e0
20260620 224153.363 INFO             PET3       OCN-TO-ATM: InitializeIPDv05p4 intro {ES}:! !--- FieldLog() end -------------------
20260620 224153.363 INFO             PET3       OCN-TO-ATM: InitializeIPDv05p4 intro {ES}:--- StateLog() end -------------------
20260620 224153.366 INFO             PET3       OCN-TO-ATM: handle cplList(1): sea_surface_temperature, cplSetList(1): __UNSPECIFIED__
20260620 224153.366 INFO             PET3       OCN-TO-ATM: - import ShareStatusGeomObject=not shared
20260620 224153.366 INFO             PET3       OCN-TO-ATM: - export ShareStatusGeomObject=not shared
20260620 224153.366 INFO             PET3       OCN-TO-ATM: -> NOT sharing GeomObject
20260620 224153.366 INFO             PET3       OCN-TO-ATM: - import ShareStatusField=not shared
20260620 224153.366 INFO             PET3       OCN-TO-ATM: - export ShareStatusField=not shared
20260620 224153.366 INFO             PET3       OCN-TO-ATM: -> NOT sharing Field.
20260620 224153.366 INFO             PET3       OCN-TO-ATM:  gridListMatch= F for provider Grid: Grid003
20260620 224153.366 INFO             PET3       OCN-TO-ATM: - transferring underlying DistGrid (import -> export) for Grid: Grid003
20260620 224153.366 INFO             PET3       OCN-TO-ATM: - done creating acceptorDG from providerDG
20260620 224153.366 INFO             PET3       OCN-TO-ATM: - done transferring underlying DistGrid
20260620 224153.366 INFO             PET3       OCN-TO-ATM: InitializeIPDv05p4 extro {IS}:--- StateLog() start -----------------
20260620 224153.366 INFO             PET3       OCN-TO-ATM: InitializeIPDv05p4 extro {IS}:<name: OCN-ExportState> <intent: ESMF_STATEINTENT_EXPORT> <itemCount:    1>
20260620 224153.366 INFO             PET3       OCN-TO-ATM: InitializeIPDv05p4 extro {IS}:+-<item: 0001> <itemType: Field> <itemName: sst>
20260620 224153.366 INFO             PET3       OCN-TO-ATM: InitializeIPDv05p4 extro {IS}:!--- FieldLog() start -----------------
20260620 224153.366 INFO             PET3       OCN-TO-ATM: InitializeIPDv05p4 extro {IS}:! <name: sst> <fieldStatus: ESMF_FIELDSTATUS_COMPLETE>
20260620 224153.366 INFO             PET3       OCN-TO-ATM: InitializeIPDv05p4 extro {IS}:! 0x16d5739d8 => 0x1046b0d30 => 0x13df38730
20260620 224153.366 INFO             PET3       OCN-TO-ATM: InitializeIPDv05p4 extro {IS}:! <typekind: Real*8> <rank:    2> <dimCount:    2>
20260620 224153.366 INFO             PET3       OCN-TO-ATM: InitializeIPDv05p4 extro {IS}:! ! --- Array::log() start -----------------------------------
20260620 224153.366 INFO             PET3       OCN-TO-ATM: InitializeIPDv05p4 extro {IS}:! ! 0x13e86c600
20260620 224153.366 INFO             PET3       OCN-TO-ATM: InitializeIPDv05p4 extro {IS}:! ! <name: sst>
20260620 224153.366 INFO             PET3       OCN-TO-ATM: InitializeIPDv05p4 extro {IS}:! ! ! --- DistGrid::log() start --------------------------------
20260620 224153.366 INFO             PET3       OCN-TO-ATM: InitializeIPDv05p4 extro {IS}:! ! ! 0x13e86ae00
20260620 224153.366 INFO             PET3       OCN-TO-ATM: InitializeIPDv05p4 extro {IS}:! ! ! DistGrid object is valid!<name: DG-Grid003-sloc:0>
20260620 224153.366 INFO             PET3       OCN-TO-ATM: InitializeIPDv05p4 extro {IS}:! ! ! --- DistGrid::log() end ----------------------------------
20260620 224153.366 INFO             PET3       OCN-TO-ATM: InitializeIPDv05p4 extro {IS}:! ! --- Array::log() end -------------------------------------
20260620 224153.366 INFO             PET3       OCN-TO-ATM: InitializeIPDv05p4 extro {IS}:!--- FieldLog() end -------------------
20260620 224153.366 INFO             PET3       OCN-TO-ATM: InitializeIPDv05p4 extro {IS}:--- StateLog() end -------------------
20260620 224153.366 INFO             PET3       OCN-TO-ATM: InitializeIPDv05p4 extro {ES}:--- StateLog() start -----------------
20260620 224153.366 INFO             PET3       OCN-TO-ATM: InitializeIPDv05p4 extro {ES}:<name: ATM-ImportState> <intent: ESMF_STATEINTENT_IMPORT> <itemCount:    1>
20260620 224153.366 INFO             PET3       OCN-TO-ATM: InitializeIPDv05p4 extro {ES}:+-<item: 0001> <itemType: State> <itemName: ATM-ImportState-namespace:OCN>
20260620 224153.366 INFO             PET3       OCN-TO-ATM: InitializeIPDv05p4 extro {ES}:! <name: ATM-ImportState-namespace:OCN> <intent: ESMF_STATEINTENT_IMPORT> <itemCount:    1>
20260620 224153.366 INFO             PET3       OCN-TO-ATM: InitializeIPDv05p4 extro {ES}:! +-<item: 0001> <itemType: Field> <itemName: sea_surface_temperature>
20260620 224153.366 INFO             PET3       OCN-TO-ATM: InitializeIPDv05p4 extro {ES}:! !--- FieldLog() start -----------------
20260620 224153.366 INFO             PET3       OCN-TO-ATM: InitializeIPDv05p4 extro {ES}:! ! <name: sea_surface_temperature> <fieldStatus: ESMF_FIELDSTATUS_EMPTY>
20260620 224153.366 INFO             PET3       OCN-TO-ATM: InitializeIPDv05p4 extro {ES}:! ! 0x16d571f38 => 0x1046b4d30 => 0x13df39120
20260620 224153.366 INFO             PET3       OCN-TO-ATM: InitializeIPDv05p4 extro {ES}:! !--- FieldLog() end -------------------
20260620 224153.366 INFO             PET3       OCN-TO-ATM: InitializeIPDv05p4 extro {ES}:--- StateLog() end -------------------
20260620 224153.366 INFO             PET3     OCN-TO-ATM: InitializeIPDv05p4 extro.
20260620 224153.366 INFO             PET3     ATM-TO-OCN: InitializeIPDv05p5 intro.
20260620 224153.366 INFO             PET3       ATM-TO-OCN: InitializeIPDv05p5 intro {IS}:--- StateLog() start -----------------
20260620 224153.366 INFO             PET3       ATM-TO-OCN: InitializeIPDv05p5 intro {IS}:<name: ATM-ExportState> <intent: ESMF_STATEINTENT_EXPORT> <itemCount:    0>
20260620 224153.366 INFO             PET3       ATM-TO-OCN: InitializeIPDv05p5 intro {IS}:--- StateLog() end -------------------
20260620 224153.366 INFO             PET3       ATM-TO-OCN: InitializeIPDv05p5 intro {ES}:--- StateLog() start -----------------
20260620 224153.366 INFO             PET3       ATM-TO-OCN: InitializeIPDv05p5 intro {ES}:<name: OCN-ImportState> <intent: ESMF_STATEINTENT_IMPORT> <itemCount:    0>
20260620 224153.366 INFO             PET3       ATM-TO-OCN: InitializeIPDv05p5 intro {ES}:--- StateLog() end -------------------
20260620 224153.367 INFO             PET3       ATM-TO-OCN: InitializeIPDv05p5 extro {IS}:--- StateLog() start -----------------
20260620 224153.367 INFO             PET3       ATM-TO-OCN: InitializeIPDv05p5 extro {IS}:<name: ATM-ExportState> <intent: ESMF_STATEINTENT_EXPORT> <itemCount:    0>
20260620 224153.367 INFO             PET3       ATM-TO-OCN: InitializeIPDv05p5 extro {IS}:--- StateLog() end -------------------
20260620 224153.367 INFO             PET3       ATM-TO-OCN: InitializeIPDv05p5 extro {ES}:--- StateLog() start -----------------
20260620 224153.367 INFO             PET3       ATM-TO-OCN: InitializeIPDv05p5 extro {ES}:<name: OCN-ImportState> <intent: ESMF_STATEINTENT_IMPORT> <itemCount:    0>
20260620 224153.367 INFO             PET3       ATM-TO-OCN: InitializeIPDv05p5 extro {ES}:--- StateLog() end -------------------
20260620 224153.367 INFO             PET3     ATM-TO-OCN: InitializeIPDv05p5 extro.
20260620 224153.367 INFO             PET3     OCN-TO-ATM: InitializeIPDv05p5 intro.
20260620 224153.367 INFO             PET3       OCN-TO-ATM: InitializeIPDv05p5 intro {IS}:--- StateLog() start -----------------
20260620 224153.367 INFO             PET3       OCN-TO-ATM: InitializeIPDv05p5 intro {IS}:<name: OCN-ExportState> <intent: ESMF_STATEINTENT_EXPORT> <itemCount:    1>
20260620 224153.367 INFO             PET3       OCN-TO-ATM: InitializeIPDv05p5 intro {IS}:+-<item: 0001> <itemType: Field> <itemName: sst>
20260620 224153.367 INFO             PET3       OCN-TO-ATM: InitializeIPDv05p5 intro {IS}:!--- FieldLog() start -----------------
20260620 224153.367 INFO             PET3       OCN-TO-ATM: InitializeIPDv05p5 intro {IS}:! <name: sst> <fieldStatus: ESMF_FIELDSTATUS_COMPLETE>
20260620 224153.367 INFO             PET3       OCN-TO-ATM: InitializeIPDv05p5 intro {IS}:! 0x16d573768 => 0x1046b0d30 => 0x13df38730
20260620 224153.367 INFO             PET3       OCN-TO-ATM: InitializeIPDv05p5 intro {IS}:! <typekind: Real*8> <rank:    2> <dimCount:    2>
20260620 224153.367 INFO             PET3       OCN-TO-ATM: InitializeIPDv05p5 intro {IS}:! ! --- Array::log() start -----------------------------------
20260620 224153.367 INFO             PET3       OCN-TO-ATM: InitializeIPDv05p5 intro {IS}:! ! 0x13e86c600
20260620 224153.367 INFO             PET3       OCN-TO-ATM: InitializeIPDv05p5 intro {IS}:! ! <name: sst>
20260620 224153.367 INFO             PET3       OCN-TO-ATM: InitializeIPDv05p5 intro {IS}:! ! ! --- DistGrid::log() start --------------------------------
20260620 224153.367 INFO             PET3       OCN-TO-ATM: InitializeIPDv05p5 intro {IS}:! ! ! 0x13e86ae00
20260620 224153.367 INFO             PET3       OCN-TO-ATM: InitializeIPDv05p5 intro {IS}:! ! ! DistGrid object is valid!<name: DG-Grid003-sloc:0>
20260620 224153.367 INFO             PET3       OCN-TO-ATM: InitializeIPDv05p5 intro {IS}:! ! ! --- DistGrid::log() end ----------------------------------
20260620 224153.367 INFO             PET3       OCN-TO-ATM: InitializeIPDv05p5 intro {IS}:! ! --- Array::log() end -------------------------------------
20260620 224153.367 INFO             PET3       OCN-TO-ATM: InitializeIPDv05p5 intro {IS}:!--- FieldLog() end -------------------
20260620 224153.367 INFO             PET3       OCN-TO-ATM: InitializeIPDv05p5 intro {IS}:--- StateLog() end -------------------
20260620 224153.367 INFO             PET3       OCN-TO-ATM: InitializeIPDv05p5 intro {ES}:--- StateLog() start -----------------
20260620 224153.367 INFO             PET3       OCN-TO-ATM: InitializeIPDv05p5 intro {ES}:<name: ATM-ImportState> <intent: ESMF_STATEINTENT_IMPORT> <itemCount:    1>
20260620 224153.367 INFO             PET3       OCN-TO-ATM: InitializeIPDv05p5 intro {ES}:+-<item: 0001> <itemType: State> <itemName: ATM-ImportState-namespace:OCN>
20260620 224153.367 INFO             PET3       OCN-TO-ATM: InitializeIPDv05p5 intro {ES}:! <name: ATM-ImportState-namespace:OCN> <intent: ESMF_STATEINTENT_IMPORT> <itemCount:    1>
20260620 224153.367 INFO             PET3       OCN-TO-ATM: InitializeIPDv05p5 intro {ES}:! +-<item: 0001> <itemType: Field> <itemName: sea_surface_temperature>
20260620 224153.367 INFO             PET3       OCN-TO-ATM: InitializeIPDv05p5 intro {ES}:! !--- FieldLog() start -----------------
20260620 224153.367 INFO             PET3       OCN-TO-ATM: InitializeIPDv05p5 intro {ES}:! ! <name: sea_surface_temperature> <fieldStatus: ESMF_FIELDSTATUS_EMPTY>
20260620 224153.367 INFO             PET3       OCN-TO-ATM: InitializeIPDv05p5 intro {ES}:! ! 0x16d571cc8 => 0x1046b4d30 => 0x13df39120
20260620 224153.367 INFO             PET3       OCN-TO-ATM: InitializeIPDv05p5 intro {ES}:! !--- FieldLog() end -------------------
20260620 224153.367 INFO             PET3       OCN-TO-ATM: InitializeIPDv05p5 intro {ES}:--- StateLog() end -------------------
20260620 224153.369 INFO             PET3       OCN-TO-ATM: handle cplList(1): sea_surface_temperature, cplSetList(1): __UNSPECIFIED__
20260620 224153.370 INFO             PET3       OCN-TO-ATM: - import ShareStatusGeomObject=not shared
20260620 224153.370 INFO             PET3       OCN-TO-ATM: - export ShareStatusGeomObject=not shared
20260620 224153.370 INFO             PET3       OCN-TO-ATM: -> NOT sharing GeomObject
20260620 224153.370 INFO             PET3       OCN-TO-ATM: - import ShareStatusField=not shared
20260620 224153.370 INFO             PET3       OCN-TO-ATM: - export ShareStatusField=not shared
20260620 224153.370 INFO             PET3       OCN-TO-ATM: -> NOT sharing Field
20260620 224153.370 INFO             PET3       OCN-TO-ATM:  gridListMatch= F for acceptor Grid: Grid003
20260620 224153.370 INFO             PET3       OCN-TO-ATM: - transferring the full geomobject with coordinates (import -> export) for Grid: Grid003
20260620 224153.374 INFO             PET3       OCN-TO-ATM: - done transferring the full Grid with coordinates
20260620 224153.374 INFO             PET3       OCN-TO-ATM: InitializeIPDv05p5 extro {IS}:--- StateLog() start -----------------
20260620 224153.375 INFO             PET3       OCN-TO-ATM: InitializeIPDv05p5 extro {IS}:<name: OCN-ExportState> <intent: ESMF_STATEINTENT_EXPORT> <itemCount:    1>
20260620 224153.375 INFO             PET3       OCN-TO-ATM: InitializeIPDv05p5 extro {IS}:+-<item: 0001> <itemType: Field> <itemName: sst>
20260620 224153.375 INFO             PET3       OCN-TO-ATM: InitializeIPDv05p5 extro {IS}:!--- FieldLog() start -----------------
20260620 224153.375 INFO             PET3       OCN-TO-ATM: InitializeIPDv05p5 extro {IS}:! <name: sst> <fieldStatus: ESMF_FIELDSTATUS_COMPLETE>
20260620 224153.375 INFO             PET3       OCN-TO-ATM: InitializeIPDv05p5 extro {IS}:! 0x16d574978 => 0x1046b0d30 => 0x13df38730
20260620 224153.375 INFO             PET3       OCN-TO-ATM: InitializeIPDv05p5 extro {IS}:! <typekind: Real*8> <rank:    2> <dimCount:    2>
20260620 224153.375 INFO             PET3       OCN-TO-ATM: InitializeIPDv05p5 extro {IS}:! ! --- Array::log() start -----------------------------------
20260620 224153.375 INFO             PET3       OCN-TO-ATM: InitializeIPDv05p5 extro {IS}:! ! 0x13e86c600
20260620 224153.375 INFO             PET3       OCN-TO-ATM: InitializeIPDv05p5 extro {IS}:! ! <name: sst>
20260620 224153.375 INFO             PET3       OCN-TO-ATM: InitializeIPDv05p5 extro {IS}:! ! ! --- DistGrid::log() start --------------------------------
20260620 224153.375 INFO             PET3       OCN-TO-ATM: InitializeIPDv05p5 extro {IS}:! ! ! 0x13e86ae00
20260620 224153.375 INFO             PET3       OCN-TO-ATM: InitializeIPDv05p5 extro {IS}:! ! ! DistGrid object is valid!<name: DG-Grid003-sloc:0>
20260620 224153.375 INFO             PET3       OCN-TO-ATM: InitializeIPDv05p5 extro {IS}:! ! ! --- DistGrid::log() end ----------------------------------
20260620 224153.375 INFO             PET3       OCN-TO-ATM: InitializeIPDv05p5 extro {IS}:! ! --- Array::log() end -------------------------------------
20260620 224153.375 INFO             PET3       OCN-TO-ATM: InitializeIPDv05p5 extro {IS}:!--- FieldLog() end -------------------
20260620 224153.375 INFO             PET3       OCN-TO-ATM: InitializeIPDv05p5 extro {IS}:--- StateLog() end -------------------
20260620 224153.375 INFO             PET3       OCN-TO-ATM: InitializeIPDv05p5 extro {ES}:--- StateLog() start -----------------
20260620 224153.375 INFO             PET3       OCN-TO-ATM: InitializeIPDv05p5 extro {ES}:<name: ATM-ImportState> <intent: ESMF_STATEINTENT_IMPORT> <itemCount:    1>
20260620 224153.375 INFO             PET3       OCN-TO-ATM: InitializeIPDv05p5 extro {ES}:+-<item: 0001> <itemType: State> <itemName: ATM-ImportState-namespace:OCN>
20260620 224153.375 INFO             PET3       OCN-TO-ATM: InitializeIPDv05p5 extro {ES}:! <name: ATM-ImportState-namespace:OCN> <intent: ESMF_STATEINTENT_IMPORT> <itemCount:    1>
20260620 224153.375 INFO             PET3       OCN-TO-ATM: InitializeIPDv05p5 extro {ES}:! +-<item: 0001> <itemType: Field> <itemName: sea_surface_temperature>
20260620 224153.375 INFO             PET3       OCN-TO-ATM: InitializeIPDv05p5 extro {ES}:! !--- FieldLog() start -----------------
20260620 224153.375 INFO             PET3       OCN-TO-ATM: InitializeIPDv05p5 extro {ES}:! ! <name: sea_surface_temperature> <fieldStatus: ESMF_FIELDSTATUS_GEOMSET>
20260620 224153.375 INFO             PET3       OCN-TO-ATM: InitializeIPDv05p5 extro {ES}:! ! 0x16d572ed8 => 0x1046b8720 => 0x13df39480
20260620 224153.375 INFO             PET3       OCN-TO-ATM: InitializeIPDv05p5 extro {ES}:! !--- FieldLog() end -------------------
20260620 224153.375 INFO             PET3       OCN-TO-ATM: InitializeIPDv05p5 extro {ES}:--- StateLog() end -------------------
20260620 224153.375 INFO             PET3     OCN-TO-ATM: InitializeIPDv05p5 extro.
20260620 224153.375 INFO             PET3     esm: IInitRealize intro.
20260620 224153.375 INFO             PET3       esm: IInitRealize intro {IS}:--- StateLog() start -----------------
20260620 224153.375 INFO             PET3       esm: IInitRealize intro {IS}:State object is invalid! Not created or deleted!
20260620 224153.375 INFO             PET3       esm: IInitRealize intro {IS}:--- StateLog() end -------------------
20260620 224153.375 INFO             PET3       esm: IInitRealize intro {ES}:--- StateLog() start -----------------
20260620 224153.375 INFO             PET3       esm: IInitRealize intro {ES}:State object is invalid! Not created or deleted!
20260620 224153.375 INFO             PET3       esm: IInitRealize intro {ES}:--- StateLog() end -------------------
20260620 224153.375 INFO             PET3       >>>esm: entered Initialize (phase=<none>) with current time: 2010  6  1  0  0  0   0
20260620 224153.375 INFO             PET3       <<<esm: leaving Initialize (phase=<none>) with current time: 2010  6  1  0  0  0   0
20260620 224153.375 INFO             PET3       esm: IInitRealize extro {IS}:--- StateLog() start -----------------
20260620 224153.375 INFO             PET3       esm: IInitRealize extro {IS}:State object is invalid! Not created or deleted!
20260620 224153.375 INFO             PET3       esm: IInitRealize extro {IS}:--- StateLog() end -------------------
20260620 224153.375 INFO             PET3       esm: IInitRealize extro {ES}:--- StateLog() start -----------------
20260620 224153.375 INFO             PET3       esm: IInitRealize extro {ES}:State object is invalid! Not created or deleted!
20260620 224153.375 INFO             PET3       esm: IInitRealize extro {ES}:--- StateLog() end -------------------
20260620 224153.375 INFO             PET3     esm: IInitRealize extro.
20260620 224153.376 INFO             PET3     ATM-TO-OCN: InitializeIPDv05p6a intro.
20260620 224153.376 INFO             PET3       ATM-TO-OCN: InitializeIPDv05p6a intro {IS}:--- StateLog() start -----------------
20260620 224153.376 INFO             PET3       ATM-TO-OCN: InitializeIPDv05p6a intro {IS}:<name: ATM-ExportState> <intent: ESMF_STATEINTENT_EXPORT> <itemCount:    0>
20260620 224153.376 INFO             PET3       ATM-TO-OCN: InitializeIPDv05p6a intro {IS}:--- StateLog() end -------------------
20260620 224153.376 INFO             PET3       ATM-TO-OCN: InitializeIPDv05p6a intro {ES}:--- StateLog() start -----------------
20260620 224153.376 INFO             PET3       ATM-TO-OCN: InitializeIPDv05p6a intro {ES}:<name: OCN-ImportState> <intent: ESMF_STATEINTENT_IMPORT> <itemCount:    0>
20260620 224153.376 INFO             PET3       ATM-TO-OCN: InitializeIPDv05p6a intro {ES}:--- StateLog() end -------------------
20260620 224153.376 INFO             PET3       ATM-TO-OCN: InitializeIPDv05p6a extro {IS}:--- StateLog() start -----------------
20260620 224153.376 INFO             PET3       ATM-TO-OCN: InitializeIPDv05p6a extro {IS}:<name: ATM-ExportState> <intent: ESMF_STATEINTENT_EXPORT> <itemCount:    0>
20260620 224153.376 INFO             PET3       ATM-TO-OCN: InitializeIPDv05p6a extro {IS}:--- StateLog() end -------------------
20260620 224153.376 INFO             PET3       ATM-TO-OCN: InitializeIPDv05p6a extro {ES}:--- StateLog() start -----------------
20260620 224153.376 INFO             PET3       ATM-TO-OCN: InitializeIPDv05p6a extro {ES}:<name: OCN-ImportState> <intent: ESMF_STATEINTENT_IMPORT> <itemCount:    0>
20260620 224153.376 INFO             PET3       ATM-TO-OCN: InitializeIPDv05p6a extro {ES}:--- StateLog() end -------------------
20260620 224153.376 INFO             PET3     ATM-TO-OCN: InitializeIPDv05p6a extro.
20260620 224153.376 INFO             PET3     OCN-TO-ATM: InitializeIPDv05p6a intro.
20260620 224153.376 INFO             PET3       OCN-TO-ATM: InitializeIPDv05p6a intro {IS}:--- StateLog() start -----------------
20260620 224153.376 INFO             PET3       OCN-TO-ATM: InitializeIPDv05p6a intro {IS}:<name: OCN-ExportState> <intent: ESMF_STATEINTENT_EXPORT> <itemCount:    1>
20260620 224153.377 INFO             PET3       OCN-TO-ATM: InitializeIPDv05p6a intro {IS}:+-<item: 0001> <itemType: Field> <itemName: sst>
20260620 224153.377 INFO             PET3       OCN-TO-ATM: InitializeIPDv05p6a intro {IS}:!--- FieldLog() start -----------------
20260620 224153.377 INFO             PET3       OCN-TO-ATM: InitializeIPDv05p6a intro {IS}:! <name: sst> <fieldStatus: ESMF_FIELDSTATUS_COMPLETE>
20260620 224153.377 INFO             PET3       OCN-TO-ATM: InitializeIPDv05p6a intro {IS}:! 0x16d579a78 => 0x1046b0d30 => 0x13df38730
20260620 224153.377 INFO             PET3       OCN-TO-ATM: InitializeIPDv05p6a intro {IS}:! <typekind: Real*8> <rank:    2> <dimCount:    2>
20260620 224153.377 INFO             PET3       OCN-TO-ATM: InitializeIPDv05p6a intro {IS}:! ! --- Array::log() start -----------------------------------
20260620 224153.377 INFO             PET3       OCN-TO-ATM: InitializeIPDv05p6a intro {IS}:! ! 0x13e86c600
20260620 224153.377 INFO             PET3       OCN-TO-ATM: InitializeIPDv05p6a intro {IS}:! ! <name: sst>
20260620 224153.377 INFO             PET3       OCN-TO-ATM: InitializeIPDv05p6a intro {IS}:! ! ! --- DistGrid::log() start --------------------------------
20260620 224153.377 INFO             PET3       OCN-TO-ATM: InitializeIPDv05p6a intro {IS}:! ! ! 0x13e86ae00
20260620 224153.377 INFO             PET3       OCN-TO-ATM: InitializeIPDv05p6a intro {IS}:! ! ! DistGrid object is valid!<name: DG-Grid003-sloc:0>
20260620 224153.377 INFO             PET3       OCN-TO-ATM: InitializeIPDv05p6a intro {IS}:! ! ! --- DistGrid::log() end ----------------------------------
20260620 224153.377 INFO             PET3       OCN-TO-ATM: InitializeIPDv05p6a intro {IS}:! ! --- Array::log() end -------------------------------------
20260620 224153.377 INFO             PET3       OCN-TO-ATM: InitializeIPDv05p6a intro {IS}:!--- FieldLog() end -------------------
20260620 224153.377 INFO             PET3       OCN-TO-ATM: InitializeIPDv05p6a intro {IS}:--- StateLog() end -------------------
20260620 224153.377 INFO             PET3       OCN-TO-ATM: InitializeIPDv05p6a intro {ES}:--- StateLog() start -----------------
20260620 224153.377 INFO             PET3       OCN-TO-ATM: InitializeIPDv05p6a intro {ES}:<name: ATM-ImportState> <intent: ESMF_STATEINTENT_IMPORT> <itemCount:    1>
20260620 224153.377 INFO             PET3       OCN-TO-ATM: InitializeIPDv05p6a intro {ES}:+-<item: 0001> <itemType: State> <itemName: ATM-ImportState-namespace:OCN>
20260620 224153.377 INFO             PET3       OCN-TO-ATM: InitializeIPDv05p6a intro {ES}:! <name: ATM-ImportState-namespace:OCN> <intent: ESMF_STATEINTENT_IMPORT> <itemCount:    1>
20260620 224153.377 INFO             PET3       OCN-TO-ATM: InitializeIPDv05p6a intro {ES}:! +-<item: 0001> <itemType: Field> <itemName: sea_surface_temperature>
20260620 224153.377 INFO             PET3       OCN-TO-ATM: InitializeIPDv05p6a intro {ES}:! !--- FieldLog() start -----------------
20260620 224153.377 INFO             PET3       OCN-TO-ATM: InitializeIPDv05p6a intro {ES}:! ! <name: sea_surface_temperature> <fieldStatus: ESMF_FIELDSTATUS_GEOMSET>
20260620 224153.377 INFO             PET3       OCN-TO-ATM: InitializeIPDv05p6a intro {ES}:! ! 0x16d577fd8 => 0x1046b8720 => 0x13df39480
20260620 224153.377 INFO             PET3       OCN-TO-ATM: InitializeIPDv05p6a intro {ES}:! !--- FieldLog() end -------------------
20260620 224153.377 INFO             PET3       OCN-TO-ATM: InitializeIPDv05p6a intro {ES}:--- StateLog() end -------------------
20260620 224153.380 INFO             PET3       OCN-TO-ATM: InitializeIPDv05p6a extro {IS}:--- StateLog() start -----------------
20260620 224153.380 INFO             PET3       OCN-TO-ATM: InitializeIPDv05p6a extro {IS}:<name: OCN-ExportState> <intent: ESMF_STATEINTENT_EXPORT> <itemCount:    1>
20260620 224153.380 INFO             PET3       OCN-TO-ATM: InitializeIPDv05p6a extro {IS}:+-<item: 0001> <itemType: Field> <itemName: sst>
20260620 224153.380 INFO             PET3       OCN-TO-ATM: InitializeIPDv05p6a extro {IS}:!--- FieldLog() start -----------------
20260620 224153.380 INFO             PET3       OCN-TO-ATM: InitializeIPDv05p6a extro {IS}:! <name: sst> <fieldStatus: ESMF_FIELDSTATUS_COMPLETE>
20260620 224153.380 INFO             PET3       OCN-TO-ATM: InitializeIPDv05p6a extro {IS}:! 0x16d57ac88 => 0x1046b0d30 => 0x13df38730
20260620 224153.380 INFO             PET3       OCN-TO-ATM: InitializeIPDv05p6a extro {IS}:! <typekind: Real*8> <rank:    2> <dimCount:    2>
20260620 224153.380 INFO             PET3       OCN-TO-ATM: InitializeIPDv05p6a extro {IS}:! ! --- Array::log() start -----------------------------------
20260620 224153.380 INFO             PET3       OCN-TO-ATM: InitializeIPDv05p6a extro {IS}:! ! 0x13e86c600
20260620 224153.380 INFO             PET3       OCN-TO-ATM: InitializeIPDv05p6a extro {IS}:! ! <name: sst>
20260620 224153.380 INFO             PET3       OCN-TO-ATM: InitializeIPDv05p6a extro {IS}:! ! ! --- DistGrid::log() start --------------------------------
20260620 224153.380 INFO             PET3       OCN-TO-ATM: InitializeIPDv05p6a extro {IS}:! ! ! 0x13e86ae00
20260620 224153.380 INFO             PET3       OCN-TO-ATM: InitializeIPDv05p6a extro {IS}:! ! ! DistGrid object is valid!<name: DG-Grid003-sloc:0>
20260620 224153.380 INFO             PET3       OCN-TO-ATM: InitializeIPDv05p6a extro {IS}:! ! ! --- DistGrid::log() end ----------------------------------
20260620 224153.380 INFO             PET3       OCN-TO-ATM: InitializeIPDv05p6a extro {IS}:! ! --- Array::log() end -------------------------------------
20260620 224153.380 INFO             PET3       OCN-TO-ATM: InitializeIPDv05p6a extro {IS}:!--- FieldLog() end -------------------
20260620 224153.380 INFO             PET3       OCN-TO-ATM: InitializeIPDv05p6a extro {IS}:--- StateLog() end -------------------
20260620 224153.380 INFO             PET3       OCN-TO-ATM: InitializeIPDv05p6a extro {ES}:--- StateLog() start -----------------
20260620 224153.380 INFO             PET3       OCN-TO-ATM: InitializeIPDv05p6a extro {ES}:<name: ATM-ImportState> <intent: ESMF_STATEINTENT_IMPORT> <itemCount:    1>
20260620 224153.380 INFO             PET3       OCN-TO-ATM: InitializeIPDv05p6a extro {ES}:+-<item: 0001> <itemType: State> <itemName: ATM-ImportState-namespace:OCN>
20260620 224153.380 INFO             PET3       OCN-TO-ATM: InitializeIPDv05p6a extro {ES}:! <name: ATM-ImportState-namespace:OCN> <intent: ESMF_STATEINTENT_IMPORT> <itemCount:    1>
20260620 224153.380 INFO             PET3       OCN-TO-ATM: InitializeIPDv05p6a extro {ES}:! +-<item: 0001> <itemType: Field> <itemName: sea_surface_temperature>
20260620 224153.380 INFO             PET3       OCN-TO-ATM: InitializeIPDv05p6a extro {ES}:! !--- FieldLog() start -----------------
20260620 224153.380 INFO             PET3       OCN-TO-ATM: InitializeIPDv05p6a extro {ES}:! ! <name: sea_surface_temperature> <fieldStatus: ESMF_FIELDSTATUS_COMPLETE>
20260620 224153.380 INFO             PET3       OCN-TO-ATM: InitializeIPDv05p6a extro {ES}:! ! 0x16d5791e8 => 0x1046c43b0 => 0x13df39bc0
20260620 224153.380 INFO             PET3       OCN-TO-ATM: InitializeIPDv05p6a extro {ES}:! ! <typekind: Real*8> <rank:    2> <dimCount:    2>
20260620 224153.380 INFO             PET3       OCN-TO-ATM: InitializeIPDv05p6a extro {ES}:! ! ! --- Array::log() start -----------------------------------
20260620 224153.380 INFO             PET3       OCN-TO-ATM: InitializeIPDv05p6a extro {ES}:! ! ! 0x13e88d800
20260620 224153.380 INFO             PET3       OCN-TO-ATM: InitializeIPDv05p6a extro {ES}:! ! ! <name: sea_surface_temperature>
20260620 224153.380 INFO             PET3       OCN-TO-ATM: InitializeIPDv05p6a extro {ES}:! ! ! ! --- DistGrid::log() start --------------------------------
20260620 224153.380 INFO             PET3       OCN-TO-ATM: InitializeIPDv05p6a extro {ES}:! ! ! ! 0x13e88de00
20260620 224153.380 INFO             PET3       OCN-TO-ATM: InitializeIPDv05p6a extro {ES}:! ! ! ! DistGrid object is valid!<name: DG-Grid003-sloc:0>
20260620 224153.380 INFO             PET3       OCN-TO-ATM: InitializeIPDv05p6a extro {ES}:! ! ! ! --- DistGrid::log() end ----------------------------------
20260620 224153.380 INFO             PET3       OCN-TO-ATM: InitializeIPDv05p6a extro {ES}:! ! ! --- Array::log() end -------------------------------------
20260620 224153.380 INFO             PET3       OCN-TO-ATM: InitializeIPDv05p6a extro {ES}:! !--- FieldLog() end -------------------
20260620 224153.380 INFO             PET3       OCN-TO-ATM: InitializeIPDv05p6a extro {ES}:--- StateLog() end -------------------
20260620 224153.380 INFO             PET3     OCN-TO-ATM: InitializeIPDv05p6a extro.
20260620 224153.380 INFO             PET3     ATM-TO-OCN: InitializeIPDv05p6b intro.
20260620 224153.380 INFO             PET3       ATM-TO-OCN: InitializeIPDv05p6b intro {IS}:--- StateLog() start -----------------
20260620 224153.380 INFO             PET3       ATM-TO-OCN: InitializeIPDv05p6b intro {IS}:<name: ATM-ExportState> <intent: ESMF_STATEINTENT_EXPORT> <itemCount:    0>
20260620 224153.380 INFO             PET3       ATM-TO-OCN: InitializeIPDv05p6b intro {IS}:--- StateLog() end -------------------
20260620 224153.380 INFO             PET3       ATM-TO-OCN: InitializeIPDv05p6b intro {ES}:--- StateLog() start -----------------
20260620 224153.380 INFO             PET3       ATM-TO-OCN: InitializeIPDv05p6b intro {ES}:<name: OCN-ImportState> <intent: ESMF_STATEINTENT_IMPORT> <itemCount:    0>
20260620 224153.380 INFO             PET3       ATM-TO-OCN: InitializeIPDv05p6b intro {ES}:--- StateLog() end -------------------
20260620 224153.380 INFO             PET3       ATM-TO-OCN: called default label_ComputeRouteHandle
20260620 224153.380 INFO             PET3        DetermineSrcDstOverlap: srcDstOverlap= F
20260620 224153.380 INFO             PET3        BuildUpdatePackets: final UpdatePacket count= 0
20260620 224153.380 INFO             PET3       ATM-TO-OCN: CplSet List:
20260620 224153.380 INFO             PET3       ATM-TO-OCN: InitializeIPDv05p6b extro {IS}:--- StateLog() start -----------------
20260620 224153.380 INFO             PET3       ATM-TO-OCN: InitializeIPDv05p6b extro {IS}:<name: ATM-ExportState> <intent: ESMF_STATEINTENT_EXPORT> <itemCount:    0>
20260620 224153.380 INFO             PET3       ATM-TO-OCN: InitializeIPDv05p6b extro {IS}:--- StateLog() end -------------------
20260620 224153.380 INFO             PET3       ATM-TO-OCN: InitializeIPDv05p6b extro {ES}:--- StateLog() start -----------------
20260620 224153.380 INFO             PET3       ATM-TO-OCN: InitializeIPDv05p6b extro {ES}:<name: OCN-ImportState> <intent: ESMF_STATEINTENT_IMPORT> <itemCount:    0>
20260620 224153.380 INFO             PET3       ATM-TO-OCN: InitializeIPDv05p6b extro {ES}:--- StateLog() end -------------------
20260620 224153.380 INFO             PET3     ATM-TO-OCN: InitializeIPDv05p6b extro.
20260620 224153.381 INFO             PET3     OCN-TO-ATM: InitializeIPDv05p6b intro.
20260620 224153.381 INFO             PET3       OCN-TO-ATM: InitializeIPDv05p6b intro {IS}:--- StateLog() start -----------------
20260620 224153.381 INFO             PET3       OCN-TO-ATM: InitializeIPDv05p6b intro {IS}:<name: OCN-ExportState> <intent: ESMF_STATEINTENT_EXPORT> <itemCount:    1>
20260620 224153.381 INFO             PET3       OCN-TO-ATM: InitializeIPDv05p6b intro {IS}:+-<item: 0001> <itemType: Field> <itemName: sst>
20260620 224153.381 INFO             PET3       OCN-TO-ATM: InitializeIPDv05p6b intro {IS}:!--- FieldLog() start -----------------
20260620 224153.381 INFO             PET3       OCN-TO-ATM: InitializeIPDv05p6b intro {IS}:! <name: sst> <fieldStatus: ESMF_FIELDSTATUS_COMPLETE>
20260620 224153.381 INFO             PET3       OCN-TO-ATM: InitializeIPDv05p6b intro {IS}:! 0x16d575348 => 0x1046b0d30 => 0x13df38730
20260620 224153.381 INFO             PET3       OCN-TO-ATM: InitializeIPDv05p6b intro {IS}:! <typekind: Real*8> <rank:    2> <dimCount:    2>
20260620 224153.381 INFO             PET3       OCN-TO-ATM: InitializeIPDv05p6b intro {IS}:! ! --- Array::log() start -----------------------------------
20260620 224153.381 INFO             PET3       OCN-TO-ATM: InitializeIPDv05p6b intro {IS}:! ! 0x13e86c600
20260620 224153.381 INFO             PET3       OCN-TO-ATM: InitializeIPDv05p6b intro {IS}:! ! <name: sst>
20260620 224153.381 INFO             PET3       OCN-TO-ATM: InitializeIPDv05p6b intro {IS}:! ! ! --- DistGrid::log() start --------------------------------
20260620 224153.381 INFO             PET3       OCN-TO-ATM: InitializeIPDv05p6b intro {IS}:! ! ! 0x13e86ae00
20260620 224153.381 INFO             PET3       OCN-TO-ATM: InitializeIPDv05p6b intro {IS}:! ! ! DistGrid object is valid!<name: DG-Grid003-sloc:0>
20260620 224153.381 INFO             PET3       OCN-TO-ATM: InitializeIPDv05p6b intro {IS}:! ! ! --- DistGrid::log() end ----------------------------------
20260620 224153.381 INFO             PET3       OCN-TO-ATM: InitializeIPDv05p6b intro {IS}:! ! --- Array::log() end -------------------------------------
20260620 224153.381 INFO             PET3       OCN-TO-ATM: InitializeIPDv05p6b intro {IS}:!--- FieldLog() end -------------------
20260620 224153.381 INFO             PET3       OCN-TO-ATM: InitializeIPDv05p6b intro {IS}:--- StateLog() end -------------------
20260620 224153.381 INFO             PET3       OCN-TO-ATM: InitializeIPDv05p6b intro {ES}:--- StateLog() start -----------------
20260620 224153.381 INFO             PET3       OCN-TO-ATM: InitializeIPDv05p6b intro {ES}:<name: ATM-ImportState> <intent: ESMF_STATEINTENT_IMPORT> <itemCount:    1>
20260620 224153.381 INFO             PET3       OCN-TO-ATM: InitializeIPDv05p6b intro {ES}:+-<item: 0001> <itemType: State> <itemName: ATM-ImportState-namespace:OCN>
20260620 224153.381 INFO             PET3       OCN-TO-ATM: InitializeIPDv05p6b intro {ES}:! <name: ATM-ImportState-namespace:OCN> <intent: ESMF_STATEINTENT_IMPORT> <itemCount:    1>
20260620 224153.381 INFO             PET3       OCN-TO-ATM: InitializeIPDv05p6b intro {ES}:! +-<item: 0001> <itemType: Field> <itemName: sea_surface_temperature>
20260620 224153.381 INFO             PET3       OCN-TO-ATM: InitializeIPDv05p6b intro {ES}:! !--- FieldLog() start -----------------
20260620 224153.381 INFO             PET3       OCN-TO-ATM: InitializeIPDv05p6b intro {ES}:! ! <name: sea_surface_temperature> <fieldStatus: ESMF_FIELDSTATUS_COMPLETE>
20260620 224153.381 INFO             PET3       OCN-TO-ATM: InitializeIPDv05p6b intro {ES}:! ! 0x16d5738a8 => 0x1046c43b0 => 0x13df39bc0
20260620 224153.381 INFO             PET3       OCN-TO-ATM: InitializeIPDv05p6b intro {ES}:! ! <typekind: Real*8> <rank:    2> <dimCount:    2>
20260620 224153.381 INFO             PET3       OCN-TO-ATM: InitializeIPDv05p6b intro {ES}:! ! ! --- Array::log() start -----------------------------------
20260620 224153.381 INFO             PET3       OCN-TO-ATM: InitializeIPDv05p6b intro {ES}:! ! ! 0x13e88d800
20260620 224153.381 INFO             PET3       OCN-TO-ATM: InitializeIPDv05p6b intro {ES}:! ! ! <name: sea_surface_temperature>
20260620 224153.381 INFO             PET3       OCN-TO-ATM: InitializeIPDv05p6b intro {ES}:! ! ! ! --- DistGrid::log() start --------------------------------
20260620 224153.381 INFO             PET3       OCN-TO-ATM: InitializeIPDv05p6b intro {ES}:! ! ! ! 0x13e88de00
20260620 224153.381 INFO             PET3       OCN-TO-ATM: InitializeIPDv05p6b intro {ES}:! ! ! ! DistGrid object is valid!<name: DG-Grid003-sloc:0>
20260620 224153.381 INFO             PET3       OCN-TO-ATM: InitializeIPDv05p6b intro {ES}:! ! ! ! --- DistGrid::log() end ----------------------------------
20260620 224153.381 INFO             PET3       OCN-TO-ATM: InitializeIPDv05p6b intro {ES}:! ! ! --- Array::log() end -------------------------------------
20260620 224153.381 INFO             PET3       OCN-TO-ATM: InitializeIPDv05p6b intro {ES}:! !--- FieldLog() end -------------------
20260620 224153.381 INFO             PET3       OCN-TO-ATM: InitializeIPDv05p6b intro {ES}:--- StateLog() end -------------------
20260620 224153.381 INFO             PET3       OCN-TO-ATM: handle cplList(1): sea_surface_temperature, cplSetList(1): __UNSPECIFIED__
20260620 224153.381 INFO             PET3       OCN-TO-ATM: - no Field sharing between import and export side: remap.
20260620 224153.381 DEBUG            PET3       ESMF_FieldBundleRegridStorePair(): srcField: sst dimCount= 2 rank= 2
20260620 224153.381 DEBUG            PET3       ESMF_FieldBundleRegridStorePair(): dstField: sea_surface_temperature dimCount= 2 rank= 2
20260620 224153.381 DEBUG            PET3       ESMF_FieldBundleRegridStorePair(): Inside 'rhReuse' branch!
20260620 224153.381 DEBUG            PET3       ESMF_FieldBundleRegridStorePair(): srcGeomtype==ESMF_GEOMTYPE_GRID dimCount= 2
20260620 224153.381 DEBUG            PET3       ESMF_FieldBundleRegridStorePair(): dstGeomtype==ESMF_GEOMTYPE_GRID dimCount= 2
20260620 224153.381 DEBUG            PET3       ESMF_FieldBundleRegridStorePair(): no rhListMatch -> pre-compute new remapping!
20260620 224153.381 DEBUG            PET3       ESMF_FieldBundleRegridStorePair(): must precompute full regridding!
20260620 224153.427 INFO             PET3       OCN-TO-ATM: called default label_ComputeRouteHandle
20260620 224153.427 INFO             PET3        DetermineSrcDstOverlap: sst, srcLocalPet= 1
20260620 224153.427 INFO             PET3        DetermineSrcDstOverlap: sea_surface_temperature, dstLocalPet= -1
20260620 224153.427 INFO             PET3        DetermineSrcDstOverlap: srcDstOverlap= F
20260620 224153.428 INFO             PET3        BuildUpdatePackets: sst, srcLocalPet= 1
20260620 224153.428 INFO             PET3        BuildUpdatePackets: sea_surface_temperature, dstLocalPet= -1
20260620 224153.428 INFO             PET3        creating new UpdatePacket for srcPetCount= 2  dstPetCount= 2
20260620 224153.428 INFO             PET3        upE%sendToPets list of size 1 :
20260620 224153.428 INFO             PET3             3
20260620 224153.428 INFO             PET3        upE%recvFromPet= -1
20260620 224153.428 INFO             PET3        after field add, now upE%fieldCount= 1
20260620 224153.428 INFO             PET3        BuildUpdatePackets: final UpdatePacket count= 1
20260620 224153.428 INFO             PET3       OCN-TO-ATM: CplSet List:
20260620 224153.428 INFO             PET3       OCN-TO-ATM: ->CplSet(  1): __UNSPECIFIED__
20260620 224153.428 INFO             PET3       OCN-TO-ATM: -->Field(  1): sea_surface_temperature
20260620 224153.428 INFO             PET3       OCN-TO-ATM: InitializeIPDv05p6b extro {IS}:--- StateLog() start -----------------
20260620 224153.428 INFO             PET3       OCN-TO-ATM: InitializeIPDv05p6b extro {IS}:<name: OCN-ExportState> <intent: ESMF_STATEINTENT_EXPORT> <itemCount:    1>
20260620 224153.428 INFO             PET3       OCN-TO-ATM: InitializeIPDv05p6b extro {IS}:+-<item: 0001> <itemType: Field> <itemName: sst>
20260620 224153.428 INFO             PET3       OCN-TO-ATM: InitializeIPDv05p6b extro {IS}:!--- FieldLog() start -----------------
20260620 224153.428 INFO             PET3       OCN-TO-ATM: InitializeIPDv05p6b extro {IS}:! <name: sst> <fieldStatus: ESMF_FIELDSTATUS_COMPLETE>
20260620 224153.428 INFO             PET3       OCN-TO-ATM: InitializeIPDv05p6b extro {IS}:! 0x16d576558 => 0x1046b0d30 => 0x13df38730
20260620 224153.428 INFO             PET3       OCN-TO-ATM: InitializeIPDv05p6b extro {IS}:! <typekind: Real*8> <rank:    2> <dimCount:    2>
20260620 224153.428 INFO             PET3       OCN-TO-ATM: InitializeIPDv05p6b extro {IS}:! ! --- Array::log() start -----------------------------------
20260620 224153.428 INFO             PET3       OCN-TO-ATM: InitializeIPDv05p6b extro {IS}:! ! 0x13e86c600
20260620 224153.428 INFO             PET3       OCN-TO-ATM: InitializeIPDv05p6b extro {IS}:! ! <name: sst>
20260620 224153.428 INFO             PET3       OCN-TO-ATM: InitializeIPDv05p6b extro {IS}:! ! ! --- DistGrid::log() start --------------------------------
20260620 224153.428 INFO             PET3       OCN-TO-ATM: InitializeIPDv05p6b extro {IS}:! ! ! 0x13e86ae00
20260620 224153.428 INFO             PET3       OCN-TO-ATM: InitializeIPDv05p6b extro {IS}:! ! ! DistGrid object is valid!<name: DG-Grid003-sloc:0>
20260620 224153.428 INFO             PET3       OCN-TO-ATM: InitializeIPDv05p6b extro {IS}:! ! ! --- DistGrid::log() end ----------------------------------
20260620 224153.428 INFO             PET3       OCN-TO-ATM: InitializeIPDv05p6b extro {IS}:! ! --- Array::log() end -------------------------------------
20260620 224153.428 INFO             PET3       OCN-TO-ATM: InitializeIPDv05p6b extro {IS}:!--- FieldLog() end -------------------
20260620 224153.428 INFO             PET3       OCN-TO-ATM: InitializeIPDv05p6b extro {IS}:--- StateLog() end -------------------
20260620 224153.428 INFO             PET3       OCN-TO-ATM: InitializeIPDv05p6b extro {ES}:--- StateLog() start -----------------
20260620 224153.428 INFO             PET3       OCN-TO-ATM: InitializeIPDv05p6b extro {ES}:<name: ATM-ImportState> <intent: ESMF_STATEINTENT_IMPORT> <itemCount:    1>
20260620 224153.428 INFO             PET3       OCN-TO-ATM: InitializeIPDv05p6b extro {ES}:+-<item: 0001> <itemType: State> <itemName: ATM-ImportState-namespace:OCN>
20260620 224153.428 INFO             PET3       OCN-TO-ATM: InitializeIPDv05p6b extro {ES}:! <name: ATM-ImportState-namespace:OCN> <intent: ESMF_STATEINTENT_IMPORT> <itemCount:    1>
20260620 224153.428 INFO             PET3       OCN-TO-ATM: InitializeIPDv05p6b extro {ES}:! +-<item: 0001> <itemType: Field> <itemName: sea_surface_temperature>
20260620 224153.428 INFO             PET3       OCN-TO-ATM: InitializeIPDv05p6b extro {ES}:! !--- FieldLog() start -----------------
20260620 224153.428 INFO             PET3       OCN-TO-ATM: InitializeIPDv05p6b extro {ES}:! ! <name: sea_surface_temperature> <fieldStatus: ESMF_FIELDSTATUS_COMPLETE>
20260620 224153.428 INFO             PET3       OCN-TO-ATM: InitializeIPDv05p6b extro {ES}:! ! 0x16d574ab8 => 0x1046c43b0 => 0x13df39bc0
20260620 224153.428 INFO             PET3       OCN-TO-ATM: InitializeIPDv05p6b extro {ES}:! ! <typekind: Real*8> <rank:    2> <dimCount:    2>
20260620 224153.428 INFO             PET3       OCN-TO-ATM: InitializeIPDv05p6b extro {ES}:! ! ! --- Array::log() start -----------------------------------
20260620 224153.428 INFO             PET3       OCN-TO-ATM: InitializeIPDv05p6b extro {ES}:! ! ! 0x13e88d800
20260620 224153.428 INFO             PET3       OCN-TO-ATM: InitializeIPDv05p6b extro {ES}:! ! ! <name: sea_surface_temperature>
20260620 224153.428 INFO             PET3       OCN-TO-ATM: InitializeIPDv05p6b extro {ES}:! ! ! ! --- DistGrid::log() start --------------------------------
20260620 224153.428 INFO             PET3       OCN-TO-ATM: InitializeIPDv05p6b extro {ES}:! ! ! ! 0x13e88de00
20260620 224153.428 INFO             PET3       OCN-TO-ATM: InitializeIPDv05p6b extro {ES}:! ! ! ! DistGrid object is valid!<name: DG-Grid003-sloc:0>
20260620 224153.428 INFO             PET3       OCN-TO-ATM: InitializeIPDv05p6b extro {ES}:! ! ! ! --- DistGrid::log() end ----------------------------------
20260620 224153.428 INFO             PET3       OCN-TO-ATM: InitializeIPDv05p6b extro {ES}:! ! ! --- Array::log() end -------------------------------------
20260620 224153.428 INFO             PET3       OCN-TO-ATM: InitializeIPDv05p6b extro {ES}:! !--- FieldLog() end -------------------
20260620 224153.428 INFO             PET3       OCN-TO-ATM: InitializeIPDv05p6b extro {ES}:--- StateLog() end -------------------
20260620 224153.428 INFO             PET3     OCN-TO-ATM: InitializeIPDv05p6b extro.
20260620 224153.428 INFO             PET3     OCN: InitializeIPDvXp07 intro.
20260620 224153.428 INFO             PET3       OCN: InitializeIPDvXp07 intro {IS}:--- StateLog() start -----------------
20260620 224153.428 INFO             PET3       OCN: InitializeIPDvXp07 intro {IS}:<name: OCN-ImportState> <intent: ESMF_STATEINTENT_IMPORT> <itemCount:    0>
20260620 224153.428 INFO             PET3       OCN: InitializeIPDvXp07 intro {IS}:--- StateLog() end -------------------
20260620 224153.428 INFO             PET3       OCN: InitializeIPDvXp07 intro {ES}:--- StateLog() start -----------------
20260620 224153.428 INFO             PET3       OCN: InitializeIPDvXp07 intro {ES}:<name: OCN-ExportState> <intent: ESMF_STATEINTENT_EXPORT> <itemCount:    1>
20260620 224153.428 INFO             PET3       OCN: InitializeIPDvXp07 intro {ES}:+-<item: 0001> <itemType: Field> <itemName: sst>
20260620 224153.428 INFO             PET3       OCN: InitializeIPDvXp07 intro {ES}:!--- FieldLog() start -----------------
20260620 224153.428 INFO             PET3       OCN: InitializeIPDvXp07 intro {ES}:! <name: sst> <fieldStatus: ESMF_FIELDSTATUS_COMPLETE>
20260620 224153.428 INFO             PET3       OCN: InitializeIPDvXp07 intro {ES}:! 0x16d57a0d8 => 0x1046b0d30 => 0x13df38730
20260620 224153.428 INFO             PET3       OCN: InitializeIPDvXp07 intro {ES}:! <typekind: Real*8> <rank:    2> <dimCount:    2>
20260620 224153.428 INFO             PET3       OCN: InitializeIPDvXp07 intro {ES}:! ! --- Array::log() start -----------------------------------
20260620 224153.428 INFO             PET3       OCN: InitializeIPDvXp07 intro {ES}:! ! 0x13e86c600
20260620 224153.428 INFO             PET3       OCN: InitializeIPDvXp07 intro {ES}:! ! <name: sst>
20260620 224153.428 INFO             PET3       OCN: InitializeIPDvXp07 intro {ES}:! ! ! --- DistGrid::log() start --------------------------------
20260620 224153.428 INFO             PET3       OCN: InitializeIPDvXp07 intro {ES}:! ! ! 0x13e86ae00
20260620 224153.428 INFO             PET3       OCN: InitializeIPDvXp07 intro {ES}:! ! ! DistGrid object is valid!<name: DG-Grid003-sloc:0>
20260620 224153.428 INFO             PET3       OCN: InitializeIPDvXp07 intro {ES}:! ! ! --- DistGrid::log() end ----------------------------------
20260620 224153.428 INFO             PET3       OCN: InitializeIPDvXp07 intro {ES}:! ! --- Array::log() end -------------------------------------
20260620 224153.428 INFO             PET3       OCN: InitializeIPDvXp07 intro {ES}:!--- FieldLog() end -------------------
20260620 224153.428 INFO             PET3       OCN: InitializeIPDvXp07 intro {ES}:--- StateLog() end -------------------
20260620 224153.428 INFO             PET3       >>>OCN: entered Initialize (phase=IPDvXp07) without valid internal Clock.
20260620 224153.428 INFO             PET3       <<<OCN: leaving Initialize (phase=IPDvXp07) with current time: 2010  6  1  0  0  0   0
20260620 224153.428 INFO             PET3       OCN: InitializeIPDvXp07 extro {IS}:--- StateLog() start -----------------
20260620 224153.428 INFO             PET3       OCN: InitializeIPDvXp07 extro {IS}:<name: OCN-ImportState> <intent: ESMF_STATEINTENT_IMPORT> <itemCount:    0>
20260620 224153.428 INFO             PET3       OCN: InitializeIPDvXp07 extro {IS}:--- StateLog() end -------------------
20260620 224153.428 INFO             PET3       OCN: InitializeIPDvXp07 extro {ES}:--- StateLog() start -----------------
20260620 224153.428 INFO             PET3       OCN: InitializeIPDvXp07 extro {ES}:<name: OCN-ExportState> <intent: ESMF_STATEINTENT_EXPORT> <itemCount:    1>
20260620 224153.428 INFO             PET3       OCN: InitializeIPDvXp07 extro {ES}:+-<item: 0001> <itemType: Field> <itemName: sst>
20260620 224153.428 INFO             PET3       OCN: InitializeIPDvXp07 extro {ES}:!--- FieldLog() start -----------------
20260620 224153.428 INFO             PET3       OCN: InitializeIPDvXp07 extro {ES}:! <name: sst> <fieldStatus: ESMF_FIELDSTATUS_COMPLETE>
20260620 224153.428 INFO             PET3       OCN: InitializeIPDvXp07 extro {ES}:! 0x16d57b2e8 => 0x1046b0d30 => 0x13df38730
20260620 224153.429 INFO             PET3       OCN: InitializeIPDvXp07 extro {ES}:! <typekind: Real*8> <rank:    2> <dimCount:    2>
20260620 224153.429 INFO             PET3       OCN: InitializeIPDvXp07 extro {ES}:! ! --- Array::log() start -----------------------------------
20260620 224153.429 INFO             PET3       OCN: InitializeIPDvXp07 extro {ES}:! ! 0x13e86c600
20260620 224153.429 INFO             PET3       OCN: InitializeIPDvXp07 extro {ES}:! ! <name: sst>
20260620 224153.429 INFO             PET3       OCN: InitializeIPDvXp07 extro {ES}:! ! ! --- DistGrid::log() start --------------------------------
20260620 224153.429 INFO             PET3       OCN: InitializeIPDvXp07 extro {ES}:! ! ! 0x13e86ae00
20260620 224153.429 INFO             PET3       OCN: InitializeIPDvXp07 extro {ES}:! ! ! DistGrid object is valid!<name: DG-Grid003-sloc:0>
20260620 224153.429 INFO             PET3       OCN: InitializeIPDvXp07 extro {ES}:! ! ! --- DistGrid::log() end ----------------------------------
20260620 224153.429 INFO             PET3       OCN: InitializeIPDvXp07 extro {ES}:! ! --- Array::log() end -------------------------------------
20260620 224153.429 INFO             PET3       OCN: InitializeIPDvXp07 extro {ES}:!--- FieldLog() end -------------------
20260620 224153.429 INFO             PET3       OCN: InitializeIPDvXp07 extro {ES}:--- StateLog() end -------------------
20260620 224153.429 INFO             PET3     OCN: InitializeIPDvXp07 extro.
20260620 224153.429 INFO             PET3     <<<esm: leaving Initialize (phase=<none>) with current time: 2010  6  1  0  0  0   0
20260620 224153.429 INFO             PET3     esm: InitializeIPDv02p3 extro {IS}:--- StateLog() start -----------------
20260620 224153.429 INFO             PET3     esm: InitializeIPDv02p3 extro {IS}:State object is invalid! Not created or deleted!
20260620 224153.429 INFO             PET3     esm: InitializeIPDv02p3 extro {IS}:--- StateLog() end -------------------
20260620 224153.429 INFO             PET3     esm: InitializeIPDv02p3 extro {ES}:--- StateLog() start -----------------
20260620 224153.429 INFO             PET3     esm: InitializeIPDv02p3 extro {ES}:State object is invalid! Not created or deleted!
20260620 224153.429 INFO             PET3     esm: InitializeIPDv02p3 extro {ES}:--- StateLog() end -------------------
20260620 224153.429 INFO             PET3   esm: InitializeIPDv02p3 extro.
20260620 224153.429 INFO             PET3   esm: InitializeIPDv02p5 intro.
20260620 224153.429 INFO             PET3     esm: InitializeIPDv02p5 intro {IS}:--- StateLog() start -----------------
20260620 224153.429 INFO             PET3     esm: InitializeIPDv02p5 intro {IS}:State object is invalid! Not created or deleted!
20260620 224153.429 INFO             PET3     esm: InitializeIPDv02p5 intro {IS}:--- StateLog() end -------------------
20260620 224153.429 INFO             PET3     esm: InitializeIPDv02p5 intro {ES}:--- StateLog() start -----------------
20260620 224153.429 INFO             PET3     esm: InitializeIPDv02p5 intro {ES}:State object is invalid! Not created or deleted!
20260620 224153.429 INFO             PET3     esm: InitializeIPDv02p5 intro {ES}:--- StateLog() end -------------------
20260620 224153.429 INFO             PET3     >>>esm: entered Initialize (phase=<none>) with current time: 2010  6  1  0  0  0   0
20260620 224153.429 INFO             PET3     esm: this is a top level driver, no 'Updated' and 'InitializeDataComplete' info on this level.
20260620 224153.429 INFO             PET3     esm: InitializeIPDv02p5Data intro.
20260620 224153.429 INFO             PET3       esm: InitializeIPDv02p5Data intro {IS}:--- StateLog() start -----------------
20260620 224153.429 INFO             PET3       esm: InitializeIPDv02p5Data intro {IS}:State object is invalid! Not created or deleted!
20260620 224153.429 INFO             PET3       esm: InitializeIPDv02p5Data intro {IS}:--- StateLog() end -------------------
20260620 224153.429 INFO             PET3       esm: InitializeIPDv02p5Data intro {ES}:--- StateLog() start -----------------
20260620 224153.429 INFO             PET3       esm: InitializeIPDv02p5Data intro {ES}:State object is invalid! Not created or deleted!
20260620 224153.429 INFO             PET3       esm: InitializeIPDv02p5Data intro {ES}:--- StateLog() end -------------------
20260620 224153.429 INFO             PET3       >>>esm: entered Initialize (phase=<none>) with current time: 2010  6  1  0  0  0   0
20260620 224153.429 INFO             PET3       esm: InternalInitializeComplete intro.
20260620 224153.429 INFO             PET3         esm: InternalInitializeComplete intro {IS}:--- StateLog() start -----------------
20260620 224153.429 INFO             PET3         esm: InternalInitializeComplete intro {IS}:State object is invalid! Not created or deleted!
20260620 224153.429 INFO             PET3         esm: InternalInitializeComplete intro {IS}:--- StateLog() end -------------------
20260620 224153.429 INFO             PET3         esm: InternalInitializeComplete intro {ES}:--- StateLog() start -----------------
20260620 224153.429 INFO             PET3         esm: InternalInitializeComplete intro {ES}:State object is invalid! Not created or deleted!
20260620 224153.429 INFO             PET3         esm: InternalInitializeComplete intro {ES}:--- StateLog() end -------------------
20260620 224153.429 INFO             PET3         >>>esm: entered Initialize (phase=<none>) with current time: 2010  6  1  0  0  0   0
20260620 224153.429 INFO             PET3         esm: InitializeDataComplete='true'
20260620 224153.429 INFO             PET3         <<<esm: leaving Initialize (phase=<none>) with current time: 2010  6  1  0  0  0   0
20260620 224153.429 INFO             PET3         esm: InternalInitializeComplete extro {IS}:--- StateLog() start -----------------
20260620 224153.429 INFO             PET3         esm: InternalInitializeComplete extro {IS}:State object is invalid! Not created or deleted!
20260620 224153.429 INFO             PET3         esm: InternalInitializeComplete extro {IS}:--- StateLog() end -------------------
20260620 224153.429 INFO             PET3         esm: InternalInitializeComplete extro {ES}:--- StateLog() start -----------------
20260620 224153.429 INFO             PET3         esm: InternalInitializeComplete extro {ES}:State object is invalid! Not created or deleted!
20260620 224153.429 INFO             PET3         esm: InternalInitializeComplete extro {ES}:--- StateLog() end -------------------
20260620 224153.429 INFO             PET3       esm: InternalInitializeComplete extro.
20260620 224153.430 INFO             PET3       OCN: InitializeIPDv01p5 intro.
20260620 224153.430 INFO             PET3         OCN: InitializeIPDv01p5 intro {IS}:--- StateLog() start -----------------
20260620 224153.430 INFO             PET3         OCN: InitializeIPDv01p5 intro {IS}:<name: OCN-ImportState> <intent: ESMF_STATEINTENT_IMPORT> <itemCount:    0>
20260620 224153.430 INFO             PET3         OCN: InitializeIPDv01p5 intro {IS}:--- StateLog() end -------------------
20260620 224153.430 INFO             PET3         OCN: InitializeIPDv01p5 intro {ES}:--- StateLog() start -----------------
20260620 224153.430 INFO             PET3         OCN: InitializeIPDv01p5 intro {ES}:<name: OCN-ExportState> <intent: ESMF_STATEINTENT_EXPORT> <itemCount:    1>
20260620 224153.430 INFO             PET3         OCN: InitializeIPDv01p5 intro {ES}:+-<item: 0001> <itemType: Field> <itemName: sst>
20260620 224153.430 INFO             PET3         OCN: InitializeIPDv01p5 intro {ES}:!--- FieldLog() start -----------------
20260620 224153.430 INFO             PET3         OCN: InitializeIPDv01p5 intro {ES}:! <name: sst> <fieldStatus: ESMF_FIELDSTATUS_COMPLETE>
20260620 224153.430 INFO             PET3         OCN: InitializeIPDv01p5 intro {ES}:! 0x16d578548 => 0x1046b0d30 => 0x13df38730
20260620 224153.430 INFO             PET3         OCN: InitializeIPDv01p5 intro {ES}:! <typekind: Real*8> <rank:    2> <dimCount:    2>
20260620 224153.430 INFO             PET3         OCN: InitializeIPDv01p5 intro {ES}:! ! --- Array::log() start -----------------------------------
20260620 224153.430 INFO             PET3         OCN: InitializeIPDv01p5 intro {ES}:! ! 0x13e86c600
20260620 224153.430 INFO             PET3         OCN: InitializeIPDv01p5 intro {ES}:! ! <name: sst>
20260620 224153.430 INFO             PET3         OCN: InitializeIPDv01p5 intro {ES}:! ! ! --- DistGrid::log() start --------------------------------
20260620 224153.430 INFO             PET3         OCN: InitializeIPDv01p5 intro {ES}:! ! ! 0x13e86ae00
20260620 224153.430 INFO             PET3         OCN: InitializeIPDv01p5 intro {ES}:! ! ! DistGrid object is valid!<name: DG-Grid003-sloc:0>
20260620 224153.430 INFO             PET3         OCN: InitializeIPDv01p5 intro {ES}:! ! ! --- DistGrid::log() end ----------------------------------
20260620 224153.430 INFO             PET3         OCN: InitializeIPDv01p5 intro {ES}:! ! --- Array::log() end -------------------------------------
20260620 224153.430 INFO             PET3         OCN: InitializeIPDv01p5 intro {ES}:!--- FieldLog() end -------------------
20260620 224153.430 INFO             PET3         OCN: InitializeIPDv01p5 intro {ES}:--- StateLog() end -------------------
20260620 224153.430 INFO             PET3         >>>OCN: entered Initialize (phase=IPDvXp08) with current time: 2010  6  1  0  0  0   0
20260620 224153.430 INFO             PET3         <<<OCN: leaving Initialize (phase=IPDvXp08) with current time: 2010  6  1  0  0  0   0
20260620 224153.430 INFO             PET3         OCN: InitializeIPDv01p5 extro {IS}:--- StateLog() start -----------------
20260620 224153.430 INFO             PET3         OCN: InitializeIPDv01p5 extro {IS}:<name: OCN-ImportState> <intent: ESMF_STATEINTENT_IMPORT> <itemCount:    0>
20260620 224153.430 INFO             PET3         OCN: InitializeIPDv01p5 extro {IS}:--- StateLog() end -------------------
20260620 224153.430 INFO             PET3         OCN: InitializeIPDv01p5 extro {ES}:--- StateLog() start -----------------
20260620 224153.430 INFO             PET3         OCN: InitializeIPDv01p5 extro {ES}:<name: OCN-ExportState> <intent: ESMF_STATEINTENT_EXPORT> <itemCount:    1>
20260620 224153.430 INFO             PET3         OCN: InitializeIPDv01p5 extro {ES}:+-<item: 0001> <itemType: Field> <itemName: sst>
20260620 224153.430 INFO             PET3         OCN: InitializeIPDv01p5 extro {ES}:!--- FieldLog() start -----------------
20260620 224153.430 INFO             PET3         OCN: InitializeIPDv01p5 extro {ES}:! <name: sst> <fieldStatus: ESMF_FIELDSTATUS_COMPLETE>
20260620 224153.430 INFO             PET3         OCN: InitializeIPDv01p5 extro {ES}:! 0x16d579758 => 0x1046b0d30 => 0x13df38730
20260620 224153.430 INFO             PET3         OCN: InitializeIPDv01p5 extro {ES}:! <typekind: Real*8> <rank:    2> <dimCount:    2>
20260620 224153.430 INFO             PET3         OCN: InitializeIPDv01p5 extro {ES}:! ! --- Array::log() start -----------------------------------
20260620 224153.430 INFO             PET3         OCN: InitializeIPDv01p5 extro {ES}:! ! 0x13e86c600
20260620 224153.430 INFO             PET3         OCN: InitializeIPDv01p5 extro {ES}:! ! <name: sst>
20260620 224153.430 INFO             PET3         OCN: InitializeIPDv01p5 extro {ES}:! ! ! --- DistGrid::log() start --------------------------------
20260620 224153.430 INFO             PET3         OCN: InitializeIPDv01p5 extro {ES}:! ! ! 0x13e86ae00
20260620 224153.430 INFO             PET3         OCN: InitializeIPDv01p5 extro {ES}:! ! ! DistGrid object is valid!<name: DG-Grid003-sloc:0>
20260620 224153.430 INFO             PET3         OCN: InitializeIPDv01p5 extro {ES}:! ! ! --- DistGrid::log() end ----------------------------------
20260620 224153.430 INFO             PET3         OCN: InitializeIPDv01p5 extro {ES}:! ! --- Array::log() end -------------------------------------
20260620 224153.430 INFO             PET3         OCN: InitializeIPDv01p5 extro {ES}:!--- FieldLog() end -------------------
20260620 224153.430 INFO             PET3         OCN: InitializeIPDv01p5 extro {ES}:--- StateLog() end -------------------
20260620 224153.430 INFO             PET3       OCN: InitializeIPDv01p5 extro.
20260620 224153.431 INFO             PET3       esm: components present that trigger loopDataDependentInitialize().
20260620 224153.431 INFO             PET3       esm: loopDataDependentInitialize intro.
20260620 224153.431 INFO             PET3         esm: loopDataDependentInitialize intro {IS}:--- StateLog() start -----------------
20260620 224153.431 INFO             PET3         esm: loopDataDependentInitialize intro {IS}:State object is invalid! Not created or deleted!
20260620 224153.431 INFO             PET3         esm: loopDataDependentInitialize intro {IS}:--- StateLog() end -------------------
20260620 224153.431 INFO             PET3         esm: loopDataDependentInitialize intro {ES}:--- StateLog() start -----------------
20260620 224153.431 INFO             PET3         esm: loopDataDependentInitialize intro {ES}:State object is invalid! Not created or deleted!
20260620 224153.431 INFO             PET3         esm: loopDataDependentInitialize intro {ES}:--- StateLog() end -------------------
20260620 224153.431 INFO             PET3         >>>esm: entered Initialize (phase=<none>) with current time: 2010  6  1  0  0  0   0
20260620 224153.431 INFO             PET3         esm: component    0=esm, dataComplete (local): true
20260620 224153.431 INFO             PET3         esm: component    0=esm, dataComplete (global):  T
20260620 224153.431 INFO             PET3         esm: component    1=ATM, dataComplete (local): true
20260620 224153.431 INFO             PET3         esm: component    1=ATM, dataComplete (global):  T
20260620 224153.431 INFO             PET3         esm: component    2=OCN, dataComplete (local): true
20260620 224153.431 INFO             PET3         esm: component    2=OCN, dataComplete (global):  T
20260620 224153.431 INFO             PET3         esm: someProgress= F, allComplete= T, present(dataDepAllComplete)= T
20260620 224153.431 INFO             PET3         esm: finished resolving initialize data dependencies on this level.
20260620 224153.431 INFO             PET3         <<<esm: leaving Initialize (phase=<none>) with current time: 2010  6  1  0  0  0   0
20260620 224153.431 INFO             PET3         esm: loopDataDependentInitialize extro {IS}:--- StateLog() start -----------------
20260620 224153.431 INFO             PET3         esm: loopDataDependentInitialize extro {IS}:State object is invalid! Not created or deleted!
20260620 224153.431 INFO             PET3         esm: loopDataDependentInitialize extro {IS}:--- StateLog() end -------------------
20260620 224153.431 INFO             PET3         esm: loopDataDependentInitialize extro {ES}:--- StateLog() start -----------------
20260620 224153.431 INFO             PET3         esm: loopDataDependentInitialize extro {ES}:State object is invalid! Not created or deleted!
20260620 224153.431 INFO             PET3         esm: loopDataDependentInitialize extro {ES}:--- StateLog() end -------------------
20260620 224153.431 INFO             PET3       esm: loopDataDependentInitialize extro.
20260620 224153.431 INFO             PET3       esm: loopDataDependentInitialize() returned with dataDepAllComplete:  T
20260620 224153.431 INFO             PET3       <<<esm: leaving Initialize (phase=<none>) with current time: 2010  6  1  0  0  0   0
20260620 224153.431 INFO             PET3       esm: InitializeIPDv02p5Data extro {IS}:--- StateLog() start -----------------
20260620 224153.431 INFO             PET3       esm: InitializeIPDv02p5Data extro {IS}:State object is invalid! Not created or deleted!
20260620 224153.431 INFO             PET3       esm: InitializeIPDv02p5Data extro {IS}:--- StateLog() end -------------------
20260620 224153.431 INFO             PET3       esm: InitializeIPDv02p5Data extro {ES}:--- StateLog() start -----------------
20260620 224153.431 INFO             PET3       esm: InitializeIPDv02p5Data extro {ES}:State object is invalid! Not created or deleted!
20260620 224153.431 INFO             PET3       esm: InitializeIPDv02p5Data extro {ES}:--- StateLog() end -------------------
20260620 224153.431 INFO             PET3     esm: InitializeIPDv02p5Data extro.
20260620 224153.431 INFO             PET3     <<<esm: leaving Initialize (phase=<none>) with current time: 2010  6  1  0  0  0   0
20260620 224153.431 INFO             PET3     esm: InitializeIPDv02p5 extro {IS}:--- StateLog() start -----------------
20260620 224153.431 INFO             PET3     esm: InitializeIPDv02p5 extro {IS}:State object is invalid! Not created or deleted!
20260620 224153.431 INFO             PET3     esm: InitializeIPDv02p5 extro {IS}:--- StateLog() end -------------------
20260620 224153.431 INFO             PET3     esm: InitializeIPDv02p5 extro {ES}:--- StateLog() start -----------------
20260620 224153.431 INFO             PET3     esm: InitializeIPDv02p5 extro {ES}:State object is invalid! Not created or deleted!
20260620 224153.431 INFO             PET3     esm: InitializeIPDv02p5 extro {ES}:--- StateLog() end -------------------
20260620 224153.431 INFO             PET3   esm: InitializeIPDv02p5 extro.
20260620 224153.431 INFO             PET3   <<<esm: leaving Initialize (phase=<none>) with current time: 2010  6  1  0  0  0   0
20260620 224153.431 INFO             PET3   esm: InitializeGeneric extro {IS}:--- StateLog() start -----------------
20260620 224153.431 INFO             PET3   esm: InitializeGeneric extro {IS}:State object is invalid! Not created or deleted!
20260620 224153.431 INFO             PET3   esm: InitializeGeneric extro {IS}:--- StateLog() end -------------------
20260620 224153.431 INFO             PET3   esm: InitializeGeneric extro {ES}:--- StateLog() start -----------------
20260620 224153.431 INFO             PET3   esm: InitializeGeneric extro {ES}:State object is invalid! Not created or deleted!
20260620 224153.431 INFO             PET3   esm: InitializeGeneric extro {ES}:--- StateLog() end -------------------
20260620 224153.431 INFO             PET3 esm: InitializeGeneric extro.
20260620 224153.432 INFO             PET3 esm: Run intro.
20260620 224153.432 INFO             PET3   esm: Run intro {IS}:--- StateLog() start -----------------
20260620 224153.432 INFO             PET3   esm: Run intro {IS}:State object is invalid! Not created or deleted!
20260620 224153.432 INFO             PET3   esm: Run intro {IS}:--- StateLog() end -------------------
20260620 224153.432 INFO             PET3   esm: Run intro {ES}:--- StateLog() start -----------------
20260620 224153.432 INFO             PET3   esm: Run intro {ES}:State object is invalid! Not created or deleted!
20260620 224153.432 INFO             PET3   esm: Run intro {ES}:--- StateLog() end -------------------
20260620 224153.432 INFO             PET3   >>>esm: entered Run (phase=RunPhase1) with current time: 2010  6  1  0  0  0   0
20260620 224153.432 INFO             PET3   esm: after lable_SetRunClock, current time: 2010  6  1  0  0  0   0
20260620 224153.432 INFO             PET3   esm: begin -------> RunSequence.
20260620 224153.432 INFO             PET3     esm: RunSequence event loopLevel=   1  levelMember=   1  loopIteration=   1, current time: 2010  6  1  0  0  0   0
20260620 224153.432 INFO             PET3     ATM-TO-OCN: Run intro.
20260620 224153.432 INFO             PET3       ATM-TO-OCN: Run intro {IS}:--- StateLog() start -----------------
20260620 224153.432 INFO             PET3       ATM-TO-OCN: Run intro {IS}:<name: ATM-ExportState> <intent: ESMF_STATEINTENT_EXPORT> <itemCount:    0>
20260620 224153.432 INFO             PET3       ATM-TO-OCN: Run intro {IS}:--- StateLog() end -------------------
20260620 224153.432 INFO             PET3       ATM-TO-OCN: Run intro {ES}:--- StateLog() start -----------------
20260620 224153.432 INFO             PET3       ATM-TO-OCN: Run intro {ES}:<name: OCN-ImportState> <intent: ESMF_STATEINTENT_IMPORT> <itemCount:    0>
20260620 224153.432 INFO             PET3       ATM-TO-OCN: Run intro {ES}:--- StateLog() end -------------------
20260620 224153.432 INFO             PET3       >>>ATM-TO-OCN entered Run (phase=RunPhase1)
20260620 224153.432 INFO             PET3       ATM-TO-OCN: called default RouteHandle execution
20260620 224153.432 INFO             PET3       <<<ATM-TO-OCN leaving Run (phase=RunPhase1)
20260620 224153.432 INFO             PET3       ATM-TO-OCN: Run extro {IS}:--- StateLog() start -----------------
20260620 224153.432 INFO             PET3       ATM-TO-OCN: Run extro {IS}:<name: ATM-ExportState> <intent: ESMF_STATEINTENT_EXPORT> <itemCount:    0>
20260620 224153.432 INFO             PET3       ATM-TO-OCN: Run extro {IS}:--- StateLog() end -------------------
20260620 224153.432 INFO             PET3       ATM-TO-OCN: Run extro {ES}:--- StateLog() start -----------------
20260620 224153.432 INFO             PET3       ATM-TO-OCN: Run extro {ES}:<name: OCN-ImportState> <intent: ESMF_STATEINTENT_IMPORT> <itemCount:    0>
20260620 224153.432 INFO             PET3       ATM-TO-OCN: Run extro {ES}:--- StateLog() end -------------------
20260620 224153.432 INFO             PET3     ATM-TO-OCN: Run extro.
20260620 224153.432 INFO             PET3     OCN-TO-ATM: Run intro.
20260620 224153.432 INFO             PET3       OCN-TO-ATM: Run intro {IS}:--- StateLog() start -----------------
20260620 224153.432 INFO             PET3       OCN-TO-ATM: Run intro {IS}:<name: OCN-ExportState> <intent: ESMF_STATEINTENT_EXPORT> <itemCount:    1>
20260620 224153.432 INFO             PET3       OCN-TO-ATM: Run intro {IS}:+-<item: 0001> <itemType: Field> <itemName: sst>
20260620 224153.432 INFO             PET3       OCN-TO-ATM: Run intro {IS}:!--- FieldLog() start -----------------
20260620 224153.432 INFO             PET3       OCN-TO-ATM: Run intro {IS}:! <name: sst> <fieldStatus: ESMF_FIELDSTATUS_COMPLETE>
20260620 224153.432 INFO             PET3       OCN-TO-ATM: Run intro {IS}:! 0x16d577ba8 => 0x1046b0d30 => 0x13df38730
20260620 224153.432 INFO             PET3       OCN-TO-ATM: Run intro {IS}:! <typekind: Real*8> <rank:    2> <dimCount:    2>
20260620 224153.432 INFO             PET3       OCN-TO-ATM: Run intro {IS}:! ! --- Array::log() start -----------------------------------
20260620 224153.432 INFO             PET3       OCN-TO-ATM: Run intro {IS}:! ! 0x13e86c600
20260620 224153.432 INFO             PET3       OCN-TO-ATM: Run intro {IS}:! ! <name: sst>
20260620 224153.432 INFO             PET3       OCN-TO-ATM: Run intro {IS}:! ! ! --- DistGrid::log() start --------------------------------
20260620 224153.432 INFO             PET3       OCN-TO-ATM: Run intro {IS}:! ! ! 0x13e86ae00
20260620 224153.432 INFO             PET3       OCN-TO-ATM: Run intro {IS}:! ! ! DistGrid object is valid!<name: DG-Grid003-sloc:0>
20260620 224153.432 INFO             PET3       OCN-TO-ATM: Run intro {IS}:! ! ! --- DistGrid::log() end ----------------------------------
20260620 224153.432 INFO             PET3       OCN-TO-ATM: Run intro {IS}:! ! --- Array::log() end -------------------------------------
20260620 224153.432 INFO             PET3       OCN-TO-ATM: Run intro {IS}:!--- FieldLog() end -------------------
20260620 224153.432 INFO             PET3       OCN-TO-ATM: Run intro {IS}:--- StateLog() end -------------------
20260620 224153.432 INFO             PET3       OCN-TO-ATM: Run intro {ES}:--- StateLog() start -----------------
20260620 224153.432 INFO             PET3       OCN-TO-ATM: Run intro {ES}:<name: ATM-ImportState> <intent: ESMF_STATEINTENT_IMPORT> <itemCount:    1>
20260620 224153.432 INFO             PET3       OCN-TO-ATM: Run intro {ES}:+-<item: 0001> <itemType: State> <itemName: ATM-ImportState-namespace:OCN>
20260620 224153.432 INFO             PET3       OCN-TO-ATM: Run intro {ES}:! <name: ATM-ImportState-namespace:OCN> <intent: ESMF_STATEINTENT_IMPORT> <itemCount:    1>
20260620 224153.432 INFO             PET3       OCN-TO-ATM: Run intro {ES}:! +-<item: 0001> <itemType: Field> <itemName: sea_surface_temperature>
20260620 224153.432 INFO             PET3       OCN-TO-ATM: Run intro {ES}:! !--- FieldLog() start -----------------
20260620 224153.432 INFO             PET3       OCN-TO-ATM: Run intro {ES}:! ! <name: sea_surface_temperature> <fieldStatus: ESMF_FIELDSTATUS_COMPLETE>
20260620 224153.432 INFO             PET3       OCN-TO-ATM: Run intro {ES}:! ! 0x16d576108 => 0x1046c43b0 => 0x13df39bc0
20260620 224153.432 INFO             PET3       OCN-TO-ATM: Run intro {ES}:! ! <typekind: Real*8> <rank:    2> <dimCount:    2>
20260620 224153.432 INFO             PET3       OCN-TO-ATM: Run intro {ES}:! ! ! --- Array::log() start -----------------------------------
20260620 224153.432 INFO             PET3       OCN-TO-ATM: Run intro {ES}:! ! ! 0x13e88d800
20260620 224153.432 INFO             PET3       OCN-TO-ATM: Run intro {ES}:! ! ! <name: sea_surface_temperature>
20260620 224153.432 INFO             PET3       OCN-TO-ATM: Run intro {ES}:! ! ! ! --- DistGrid::log() start --------------------------------
20260620 224153.432 INFO             PET3       OCN-TO-ATM: Run intro {ES}:! ! ! ! 0x13e88de00
20260620 224153.432 INFO             PET3       OCN-TO-ATM: Run intro {ES}:! ! ! ! DistGrid object is valid!<name: DG-Grid003-sloc:0>
20260620 224153.432 INFO             PET3       OCN-TO-ATM: Run intro {ES}:! ! ! ! --- DistGrid::log() end ----------------------------------
20260620 224153.432 INFO             PET3       OCN-TO-ATM: Run intro {ES}:! ! ! --- Array::log() end -------------------------------------
20260620 224153.432 INFO             PET3       OCN-TO-ATM: Run intro {ES}:! !--- FieldLog() end -------------------
20260620 224153.432 INFO             PET3       OCN-TO-ATM: Run intro {ES}:--- StateLog() end -------------------
20260620 224153.432 INFO             PET3       >>>OCN-TO-ATM entered Run (phase=RunPhase1)
20260620 224153.432 INFO             PET3       OCN-TO-ATM: called default RouteHandle execution
20260620 224153.432 INFO             PET3       <<<OCN-TO-ATM leaving Run (phase=RunPhase1)
20260620 224153.432 INFO             PET3       OCN-TO-ATM: Run extro {IS}:--- StateLog() start -----------------
20260620 224153.432 INFO             PET3       OCN-TO-ATM: Run extro {IS}:<name: OCN-ExportState> <intent: ESMF_STATEINTENT_EXPORT> <itemCount:    1>
20260620 224153.432 INFO             PET3       OCN-TO-ATM: Run extro {IS}:+-<item: 0001> <itemType: Field> <itemName: sst>
20260620 224153.432 INFO             PET3       OCN-TO-ATM: Run extro {IS}:!--- FieldLog() start -----------------
20260620 224153.432 INFO             PET3       OCN-TO-ATM: Run extro {IS}:! <name: sst> <fieldStatus: ESMF_FIELDSTATUS_COMPLETE>
20260620 224153.432 INFO             PET3       OCN-TO-ATM: Run extro {IS}:! 0x16d578db8 => 0x1046b0d30 => 0x13df38730
20260620 224153.432 INFO             PET3       OCN-TO-ATM: Run extro {IS}:! <typekind: Real*8> <rank:    2> <dimCount:    2>
20260620 224153.432 INFO             PET3       OCN-TO-ATM: Run extro {IS}:! ! --- Array::log() start -----------------------------------
20260620 224153.432 INFO             PET3       OCN-TO-ATM: Run extro {IS}:! ! 0x13e86c600
20260620 224153.432 INFO             PET3       OCN-TO-ATM: Run extro {IS}:! ! <name: sst>
20260620 224153.432 INFO             PET3       OCN-TO-ATM: Run extro {IS}:! ! ! --- DistGrid::log() start --------------------------------
20260620 224153.432 INFO             PET3       OCN-TO-ATM: Run extro {IS}:! ! ! 0x13e86ae00
20260620 224153.432 INFO             PET3       OCN-TO-ATM: Run extro {IS}:! ! ! DistGrid object is valid!<name: DG-Grid003-sloc:0>
20260620 224153.432 INFO             PET3       OCN-TO-ATM: Run extro {IS}:! ! ! --- DistGrid::log() end ----------------------------------
20260620 224153.433 INFO             PET3       OCN-TO-ATM: Run extro {IS}:! ! --- Array::log() end -------------------------------------
20260620 224153.433 INFO             PET3       OCN-TO-ATM: Run extro {IS}:!--- FieldLog() end -------------------
20260620 224153.433 INFO             PET3       OCN-TO-ATM: Run extro {IS}:--- StateLog() end -------------------
20260620 224153.433 INFO             PET3       OCN-TO-ATM: Run extro {ES}:--- StateLog() start -----------------
20260620 224153.433 INFO             PET3       OCN-TO-ATM: Run extro {ES}:<name: ATM-ImportState> <intent: ESMF_STATEINTENT_IMPORT> <itemCount:    1>
20260620 224153.433 INFO             PET3       OCN-TO-ATM: Run extro {ES}:+-<item: 0001> <itemType: State> <itemName: ATM-ImportState-namespace:OCN>
20260620 224153.433 INFO             PET3       OCN-TO-ATM: Run extro {ES}:! <name: ATM-ImportState-namespace:OCN> <intent: ESMF_STATEINTENT_IMPORT> <itemCount:    1>
20260620 224153.433 INFO             PET3       OCN-TO-ATM: Run extro {ES}:! +-<item: 0001> <itemType: Field> <itemName: sea_surface_temperature>
20260620 224153.433 INFO             PET3       OCN-TO-ATM: Run extro {ES}:! !--- FieldLog() start -----------------
20260620 224153.433 INFO             PET3       OCN-TO-ATM: Run extro {ES}:! ! <name: sea_surface_temperature> <fieldStatus: ESMF_FIELDSTATUS_COMPLETE>
20260620 224153.433 INFO             PET3       OCN-TO-ATM: Run extro {ES}:! ! 0x16d577318 => 0x1046c43b0 => 0x13df39bc0
20260620 224153.433 INFO             PET3       OCN-TO-ATM: Run extro {ES}:! ! <typekind: Real*8> <rank:    2> <dimCount:    2>
20260620 224153.433 INFO             PET3       OCN-TO-ATM: Run extro {ES}:! ! ! --- Array::log() start -----------------------------------
20260620 224153.433 INFO             PET3       OCN-TO-ATM: Run extro {ES}:! ! ! 0x13e88d800
20260620 224153.433 INFO             PET3       OCN-TO-ATM: Run extro {ES}:! ! ! <name: sea_surface_temperature>
20260620 224153.433 INFO             PET3       OCN-TO-ATM: Run extro {ES}:! ! ! ! --- DistGrid::log() start --------------------------------
20260620 224153.433 INFO             PET3       OCN-TO-ATM: Run extro {ES}:! ! ! ! 0x13e88de00
20260620 224153.433 INFO             PET3       OCN-TO-ATM: Run extro {ES}:! ! ! ! DistGrid object is valid!<name: DG-Grid003-sloc:0>
20260620 224153.433 INFO             PET3       OCN-TO-ATM: Run extro {ES}:! ! ! ! --- DistGrid::log() end ----------------------------------
20260620 224153.433 INFO             PET3       OCN-TO-ATM: Run extro {ES}:! ! ! --- Array::log() end -------------------------------------
20260620 224153.433 INFO             PET3       OCN-TO-ATM: Run extro {ES}:! !--- FieldLog() end -------------------
20260620 224153.433 INFO             PET3       OCN-TO-ATM: Run extro {ES}:--- StateLog() end -------------------
20260620 224153.433 INFO             PET3     OCN-TO-ATM: Run extro.
20260620 224153.433 INFO             PET3     OCN: Run intro.
20260620 224153.433 INFO             PET3       OCN: Run intro {IS}:--- StateLog() start -----------------
20260620 224153.433 INFO             PET3       OCN: Run intro {IS}:<name: OCN-ImportState> <intent: ESMF_STATEINTENT_IMPORT> <itemCount:    0>
20260620 224153.433 INFO             PET3       OCN: Run intro {IS}:--- StateLog() end -------------------
20260620 224153.433 INFO             PET3       OCN: Run intro {ES}:--- StateLog() start -----------------
20260620 224153.433 INFO             PET3       OCN: Run intro {ES}:<name: OCN-ExportState> <intent: ESMF_STATEINTENT_EXPORT> <itemCount:    1>
20260620 224153.433 INFO             PET3       OCN: Run intro {ES}:+-<item: 0001> <itemType: Field> <itemName: sst>
20260620 224153.433 INFO             PET3       OCN: Run intro {ES}:!--- FieldLog() start -----------------
20260620 224153.433 INFO             PET3       OCN: Run intro {ES}:! <name: sst> <fieldStatus: ESMF_FIELDSTATUS_COMPLETE>
20260620 224153.433 INFO             PET3       OCN: Run intro {ES}:! 0x16d578d08 => 0x1046b0d30 => 0x13df38730
20260620 224153.433 INFO             PET3       OCN: Run intro {ES}:! <typekind: Real*8> <rank:    2> <dimCount:    2>
20260620 224153.433 INFO             PET3       OCN: Run intro {ES}:! ! --- Array::log() start -----------------------------------
20260620 224153.433 INFO             PET3       OCN: Run intro {ES}:! ! 0x13e86c600
20260620 224153.433 INFO             PET3       OCN: Run intro {ES}:! ! <name: sst>
20260620 224153.433 INFO             PET3       OCN: Run intro {ES}:! ! ! --- DistGrid::log() start --------------------------------
20260620 224153.433 INFO             PET3       OCN: Run intro {ES}:! ! ! 0x13e86ae00
20260620 224153.433 INFO             PET3       OCN: Run intro {ES}:! ! ! DistGrid object is valid!<name: DG-Grid003-sloc:0>
20260620 224153.433 INFO             PET3       OCN: Run intro {ES}:! ! ! --- DistGrid::log() end ----------------------------------
20260620 224153.433 INFO             PET3       OCN: Run intro {ES}:! ! --- Array::log() end -------------------------------------
20260620 224153.433 INFO             PET3       OCN: Run intro {ES}:!--- FieldLog() end -------------------
20260620 224153.433 INFO             PET3       OCN: Run intro {ES}:--- StateLog() end -------------------
20260620 224153.433 INFO             PET3       >>>OCN: entered Run (phase=RunPhase1) with current time: 2010  6  1  0  0  0   0
20260620 224153.433 INFO             PET3       OCN: time step-loop starting, current time: 2010  6  1  0  0  0   0
20260620 224153.433 INFO             PET3       ------>Advancing OCN from: 2010  6  1  0  0  0   0
20260620 224153.433 INFO             PET3       ---------------------> to: 2010  6  1  0  5  0   0
20260620 224153.434 INFO             PET3       OCN: time step-loop ending,   current time: 2010  6  1  0  5  0   0
20260620 224153.434 INFO             PET3       OCN: time step-loop starting, current time: 2010  6  1  0  5  0   0
20260620 224153.434 INFO             PET3       ------>Advancing OCN from: 2010  6  1  0  5  0   0
20260620 224153.434 INFO             PET3       ---------------------> to: 2010  6  1  0 10  0   0
20260620 224153.435 INFO             PET3       OCN: time step-loop ending,   current time: 2010  6  1  0 10  0   0
20260620 224153.435 INFO             PET3       OCN: time step-loop starting, current time: 2010  6  1  0 10  0   0
20260620 224153.435 INFO             PET3       ------>Advancing OCN from: 2010  6  1  0 10  0   0
20260620 224153.435 INFO             PET3       ---------------------> to: 2010  6  1  0 15  0   0
20260620 224153.435 INFO             PET3       OCN: time step-loop ending,   current time: 2010  6  1  0 15  0   0
20260620 224153.436 INFO             PET3       <<<OCN: leaving Run (phase=RunPhase1) with current time: 2010  6  1  0 15  0   0
20260620 224153.436 INFO             PET3       OCN: Run extro {IS}:--- StateLog() start -----------------
20260620 224153.436 INFO             PET3       OCN: Run extro {IS}:<name: OCN-ImportState> <intent: ESMF_STATEINTENT_IMPORT> <itemCount:    0>
20260620 224153.436 INFO             PET3       OCN: Run extro {IS}:--- StateLog() end -------------------
20260620 224153.436 INFO             PET3       OCN: Run extro {ES}:--- StateLog() start -----------------
20260620 224153.436 INFO             PET3       OCN: Run extro {ES}:<name: OCN-ExportState> <intent: ESMF_STATEINTENT_EXPORT> <itemCount:    1>
20260620 224153.436 INFO             PET3       OCN: Run extro {ES}:+-<item: 0001> <itemType: Field> <itemName: sst>
20260620 224153.436 INFO             PET3       OCN: Run extro {ES}:!--- FieldLog() start -----------------
20260620 224153.436 INFO             PET3       OCN: Run extro {ES}:! <name: sst> <fieldStatus: ESMF_FIELDSTATUS_COMPLETE>
20260620 224153.436 INFO             PET3       OCN: Run extro {ES}:! 0x16d579f18 => 0x1046b0d30 => 0x13df38730
20260620 224153.436 INFO             PET3       OCN: Run extro {ES}:! <typekind: Real*8> <rank:    2> <dimCount:    2>
20260620 224153.436 INFO             PET3       OCN: Run extro {ES}:! ! --- Array::log() start -----------------------------------
20260620 224153.436 INFO             PET3       OCN: Run extro {ES}:! ! 0x13e86c600
20260620 224153.436 INFO             PET3       OCN: Run extro {ES}:! ! <name: sst>
20260620 224153.436 INFO             PET3       OCN: Run extro {ES}:! ! ! --- DistGrid::log() start --------------------------------
20260620 224153.436 INFO             PET3       OCN: Run extro {ES}:! ! ! 0x13e86ae00
20260620 224153.436 INFO             PET3       OCN: Run extro {ES}:! ! ! DistGrid object is valid!<name: DG-Grid003-sloc:0>
20260620 224153.436 INFO             PET3       OCN: Run extro {ES}:! ! ! --- DistGrid::log() end ----------------------------------
20260620 224153.436 INFO             PET3       OCN: Run extro {ES}:! ! --- Array::log() end -------------------------------------
20260620 224153.436 INFO             PET3       OCN: Run extro {ES}:!--- FieldLog() end -------------------
20260620 224153.436 INFO             PET3       OCN: Run extro {ES}:--- StateLog() end -------------------
20260620 224153.436 INFO             PET3     OCN: Run extro.
20260620 224153.436 INFO             PET3     esm: RunSequence event loopLevel=   1  levelMember=   1  loopIteration=   2, current time: 2010  6  1  0 15  0   0
20260620 224153.436 INFO             PET3     ATM-TO-OCN: Run intro.
20260620 224153.436 INFO             PET3       ATM-TO-OCN: Run intro {IS}:--- StateLog() start -----------------
20260620 224153.436 INFO             PET3       ATM-TO-OCN: Run intro {IS}:<name: ATM-ExportState> <intent: ESMF_STATEINTENT_EXPORT> <itemCount:    0>
20260620 224153.436 INFO             PET3       ATM-TO-OCN: Run intro {IS}:--- StateLog() end -------------------
20260620 224153.436 INFO             PET3       ATM-TO-OCN: Run intro {ES}:--- StateLog() start -----------------
20260620 224153.436 INFO             PET3       ATM-TO-OCN: Run intro {ES}:<name: OCN-ImportState> <intent: ESMF_STATEINTENT_IMPORT> <itemCount:    0>
20260620 224153.436 INFO             PET3       ATM-TO-OCN: Run intro {ES}:--- StateLog() end -------------------
20260620 224153.436 INFO             PET3       >>>ATM-TO-OCN entered Run (phase=RunPhase1)
20260620 224153.436 INFO             PET3       ATM-TO-OCN: called default RouteHandle execution
20260620 224153.436 INFO             PET3       <<<ATM-TO-OCN leaving Run (phase=RunPhase1)
20260620 224153.436 INFO             PET3       ATM-TO-OCN: Run extro {IS}:--- StateLog() start -----------------
20260620 224153.436 INFO             PET3       ATM-TO-OCN: Run extro {IS}:<name: ATM-ExportState> <intent: ESMF_STATEINTENT_EXPORT> <itemCount:    0>
20260620 224153.436 INFO             PET3       ATM-TO-OCN: Run extro {IS}:--- StateLog() end -------------------
20260620 224153.436 INFO             PET3       ATM-TO-OCN: Run extro {ES}:--- StateLog() start -----------------
20260620 224153.436 INFO             PET3       ATM-TO-OCN: Run extro {ES}:<name: OCN-ImportState> <intent: ESMF_STATEINTENT_IMPORT> <itemCount:    0>
20260620 224153.436 INFO             PET3       ATM-TO-OCN: Run extro {ES}:--- StateLog() end -------------------
20260620 224153.436 INFO             PET3     ATM-TO-OCN: Run extro.
20260620 224153.436 INFO             PET3     OCN-TO-ATM: Run intro.
20260620 224153.436 INFO             PET3       OCN-TO-ATM: Run intro {IS}:--- StateLog() start -----------------
20260620 224153.436 INFO             PET3       OCN-TO-ATM: Run intro {IS}:<name: OCN-ExportState> <intent: ESMF_STATEINTENT_EXPORT> <itemCount:    1>
20260620 224153.436 INFO             PET3       OCN-TO-ATM: Run intro {IS}:+-<item: 0001> <itemType: Field> <itemName: sst>
20260620 224153.436 INFO             PET3       OCN-TO-ATM: Run intro {IS}:!--- FieldLog() start -----------------
20260620 224153.436 INFO             PET3       OCN-TO-ATM: Run intro {IS}:! <name: sst> <fieldStatus: ESMF_FIELDSTATUS_COMPLETE>
20260620 224153.436 INFO             PET3       OCN-TO-ATM: Run intro {IS}:! 0x16d577ba8 => 0x1046b0d30 => 0x13df38730
20260620 224153.436 INFO             PET3       OCN-TO-ATM: Run intro {IS}:! <typekind: Real*8> <rank:    2> <dimCount:    2>
20260620 224153.436 INFO             PET3       OCN-TO-ATM: Run intro {IS}:! ! --- Array::log() start -----------------------------------
20260620 224153.436 INFO             PET3       OCN-TO-ATM: Run intro {IS}:! ! 0x13e86c600
20260620 224153.436 INFO             PET3       OCN-TO-ATM: Run intro {IS}:! ! <name: sst>
20260620 224153.436 INFO             PET3       OCN-TO-ATM: Run intro {IS}:! ! ! --- DistGrid::log() start --------------------------------
20260620 224153.436 INFO             PET3       OCN-TO-ATM: Run intro {IS}:! ! ! 0x13e86ae00
20260620 224153.436 INFO             PET3       OCN-TO-ATM: Run intro {IS}:! ! ! DistGrid object is valid!<name: DG-Grid003-sloc:0>
20260620 224153.436 INFO             PET3       OCN-TO-ATM: Run intro {IS}:! ! ! --- DistGrid::log() end ----------------------------------
20260620 224153.436 INFO             PET3       OCN-TO-ATM: Run intro {IS}:! ! --- Array::log() end -------------------------------------
20260620 224153.436 INFO             PET3       OCN-TO-ATM: Run intro {IS}:!--- FieldLog() end -------------------
20260620 224153.436 INFO             PET3       OCN-TO-ATM: Run intro {IS}:--- StateLog() end -------------------
20260620 224153.436 INFO             PET3       OCN-TO-ATM: Run intro {ES}:--- StateLog() start -----------------
20260620 224153.436 INFO             PET3       OCN-TO-ATM: Run intro {ES}:<name: ATM-ImportState> <intent: ESMF_STATEINTENT_IMPORT> <itemCount:    1>
20260620 224153.436 INFO             PET3       OCN-TO-ATM: Run intro {ES}:+-<item: 0001> <itemType: State> <itemName: ATM-ImportState-namespace:OCN>
20260620 224153.436 INFO             PET3       OCN-TO-ATM: Run intro {ES}:! <name: ATM-ImportState-namespace:OCN> <intent: ESMF_STATEINTENT_IMPORT> <itemCount:    1>
20260620 224153.436 INFO             PET3       OCN-TO-ATM: Run intro {ES}:! +-<item: 0001> <itemType: Field> <itemName: sea_surface_temperature>
20260620 224153.436 INFO             PET3       OCN-TO-ATM: Run intro {ES}:! !--- FieldLog() start -----------------
20260620 224153.436 INFO             PET3       OCN-TO-ATM: Run intro {ES}:! ! <name: sea_surface_temperature> <fieldStatus: ESMF_FIELDSTATUS_COMPLETE>
20260620 224153.436 INFO             PET3       OCN-TO-ATM: Run intro {ES}:! ! 0x16d576108 => 0x1046c43b0 => 0x13df39bc0
20260620 224153.436 INFO             PET3       OCN-TO-ATM: Run intro {ES}:! ! <typekind: Real*8> <rank:    2> <dimCount:    2>
20260620 224153.436 INFO             PET3       OCN-TO-ATM: Run intro {ES}:! ! ! --- Array::log() start -----------------------------------
20260620 224153.436 INFO             PET3       OCN-TO-ATM: Run intro {ES}:! ! ! 0x13e88d800
20260620 224153.436 INFO             PET3       OCN-TO-ATM: Run intro {ES}:! ! ! <name: sea_surface_temperature>
20260620 224153.436 INFO             PET3       OCN-TO-ATM: Run intro {ES}:! ! ! ! --- DistGrid::log() start --------------------------------
20260620 224153.436 INFO             PET3       OCN-TO-ATM: Run intro {ES}:! ! ! ! 0x13e88de00
20260620 224153.436 INFO             PET3       OCN-TO-ATM: Run intro {ES}:! ! ! ! DistGrid object is valid!<name: DG-Grid003-sloc:0>
20260620 224153.436 INFO             PET3       OCN-TO-ATM: Run intro {ES}:! ! ! ! --- DistGrid::log() end ----------------------------------
20260620 224153.436 INFO             PET3       OCN-TO-ATM: Run intro {ES}:! ! ! --- Array::log() end -------------------------------------
20260620 224153.436 INFO             PET3       OCN-TO-ATM: Run intro {ES}:! !--- FieldLog() end -------------------
20260620 224153.436 INFO             PET3       OCN-TO-ATM: Run intro {ES}:--- StateLog() end -------------------
20260620 224153.436 INFO             PET3       >>>OCN-TO-ATM entered Run (phase=RunPhase1)
20260620 224153.436 INFO             PET3       OCN-TO-ATM: called default RouteHandle execution
20260620 224153.436 INFO             PET3       <<<OCN-TO-ATM leaving Run (phase=RunPhase1)
20260620 224153.436 INFO             PET3       OCN-TO-ATM: Run extro {IS}:--- StateLog() start -----------------
20260620 224153.436 INFO             PET3       OCN-TO-ATM: Run extro {IS}:<name: OCN-ExportState> <intent: ESMF_STATEINTENT_EXPORT> <itemCount:    1>
20260620 224153.436 INFO             PET3       OCN-TO-ATM: Run extro {IS}:+-<item: 0001> <itemType: Field> <itemName: sst>
20260620 224153.436 INFO             PET3       OCN-TO-ATM: Run extro {IS}:!--- FieldLog() start -----------------
20260620 224153.436 INFO             PET3       OCN-TO-ATM: Run extro {IS}:! <name: sst> <fieldStatus: ESMF_FIELDSTATUS_COMPLETE>
20260620 224153.436 INFO             PET3       OCN-TO-ATM: Run extro {IS}:! 0x16d578db8 => 0x1046b0d30 => 0x13df38730
20260620 224153.436 INFO             PET3       OCN-TO-ATM: Run extro {IS}:! <typekind: Real*8> <rank:    2> <dimCount:    2>
20260620 224153.436 INFO             PET3       OCN-TO-ATM: Run extro {IS}:! ! --- Array::log() start -----------------------------------
20260620 224153.436 INFO             PET3       OCN-TO-ATM: Run extro {IS}:! ! 0x13e86c600
20260620 224153.436 INFO             PET3       OCN-TO-ATM: Run extro {IS}:! ! <name: sst>
20260620 224153.436 INFO             PET3       OCN-TO-ATM: Run extro {IS}:! ! ! --- DistGrid::log() start --------------------------------
20260620 224153.436 INFO             PET3       OCN-TO-ATM: Run extro {IS}:! ! ! 0x13e86ae00
20260620 224153.436 INFO             PET3       OCN-TO-ATM: Run extro {IS}:! ! ! DistGrid object is valid!<name: DG-Grid003-sloc:0>
20260620 224153.436 INFO             PET3       OCN-TO-ATM: Run extro {IS}:! ! ! --- DistGrid::log() end ----------------------------------
20260620 224153.436 INFO             PET3       OCN-TO-ATM: Run extro {IS}:! ! --- Array::log() end -------------------------------------
20260620 224153.436 INFO             PET3       OCN-TO-ATM: Run extro {IS}:!--- FieldLog() end -------------------
20260620 224153.436 INFO             PET3       OCN-TO-ATM: Run extro {IS}:--- StateLog() end -------------------
20260620 224153.436 INFO             PET3       OCN-TO-ATM: Run extro {ES}:--- StateLog() start -----------------
20260620 224153.436 INFO             PET3       OCN-TO-ATM: Run extro {ES}:<name: ATM-ImportState> <intent: ESMF_STATEINTENT_IMPORT> <itemCount:    1>
20260620 224153.436 INFO             PET3       OCN-TO-ATM: Run extro {ES}:+-<item: 0001> <itemType: State> <itemName: ATM-ImportState-namespace:OCN>
20260620 224153.436 INFO             PET3       OCN-TO-ATM: Run extro {ES}:! <name: ATM-ImportState-namespace:OCN> <intent: ESMF_STATEINTENT_IMPORT> <itemCount:    1>
20260620 224153.436 INFO             PET3       OCN-TO-ATM: Run extro {ES}:! +-<item: 0001> <itemType: Field> <itemName: sea_surface_temperature>
20260620 224153.436 INFO             PET3       OCN-TO-ATM: Run extro {ES}:! !--- FieldLog() start -----------------
20260620 224153.437 INFO             PET3       OCN-TO-ATM: Run extro {ES}:! ! <name: sea_surface_temperature> <fieldStatus: ESMF_FIELDSTATUS_COMPLETE>
20260620 224153.437 INFO             PET3       OCN-TO-ATM: Run extro {ES}:! ! 0x16d577318 => 0x1046c43b0 => 0x13df39bc0
20260620 224153.437 INFO             PET3       OCN-TO-ATM: Run extro {ES}:! ! <typekind: Real*8> <rank:    2> <dimCount:    2>
20260620 224153.437 INFO             PET3       OCN-TO-ATM: Run extro {ES}:! ! ! --- Array::log() start -----------------------------------
20260620 224153.437 INFO             PET3       OCN-TO-ATM: Run extro {ES}:! ! ! 0x13e88d800
20260620 224153.437 INFO             PET3       OCN-TO-ATM: Run extro {ES}:! ! ! <name: sea_surface_temperature>
20260620 224153.437 INFO             PET3       OCN-TO-ATM: Run extro {ES}:! ! ! ! --- DistGrid::log() start --------------------------------
20260620 224153.437 INFO             PET3       OCN-TO-ATM: Run extro {ES}:! ! ! ! 0x13e88de00
20260620 224153.437 INFO             PET3       OCN-TO-ATM: Run extro {ES}:! ! ! ! DistGrid object is valid!<name: DG-Grid003-sloc:0>
20260620 224153.437 INFO             PET3       OCN-TO-ATM: Run extro {ES}:! ! ! ! --- DistGrid::log() end ----------------------------------
20260620 224153.437 INFO             PET3       OCN-TO-ATM: Run extro {ES}:! ! ! --- Array::log() end -------------------------------------
20260620 224153.437 INFO             PET3       OCN-TO-ATM: Run extro {ES}:! !--- FieldLog() end -------------------
20260620 224153.437 INFO             PET3       OCN-TO-ATM: Run extro {ES}:--- StateLog() end -------------------
20260620 224153.437 INFO             PET3     OCN-TO-ATM: Run extro.
20260620 224153.437 INFO             PET3     OCN: Run intro.
20260620 224153.437 INFO             PET3       OCN: Run intro {IS}:--- StateLog() start -----------------
20260620 224153.437 INFO             PET3       OCN: Run intro {IS}:<name: OCN-ImportState> <intent: ESMF_STATEINTENT_IMPORT> <itemCount:    0>
20260620 224153.437 INFO             PET3       OCN: Run intro {IS}:--- StateLog() end -------------------
20260620 224153.437 INFO             PET3       OCN: Run intro {ES}:--- StateLog() start -----------------
20260620 224153.437 INFO             PET3       OCN: Run intro {ES}:<name: OCN-ExportState> <intent: ESMF_STATEINTENT_EXPORT> <itemCount:    1>
20260620 224153.437 INFO             PET3       OCN: Run intro {ES}:+-<item: 0001> <itemType: Field> <itemName: sst>
20260620 224153.437 INFO             PET3       OCN: Run intro {ES}:!--- FieldLog() start -----------------
20260620 224153.437 INFO             PET3       OCN: Run intro {ES}:! <name: sst> <fieldStatus: ESMF_FIELDSTATUS_COMPLETE>
20260620 224153.437 INFO             PET3       OCN: Run intro {ES}:! 0x16d578d08 => 0x1046b0d30 => 0x13df38730
20260620 224153.437 INFO             PET3       OCN: Run intro {ES}:! <typekind: Real*8> <rank:    2> <dimCount:    2>
20260620 224153.437 INFO             PET3       OCN: Run intro {ES}:! ! --- Array::log() start -----------------------------------
20260620 224153.437 INFO             PET3       OCN: Run intro {ES}:! ! 0x13e86c600
20260620 224153.437 INFO             PET3       OCN: Run intro {ES}:! ! <name: sst>
20260620 224153.437 INFO             PET3       OCN: Run intro {ES}:! ! ! --- DistGrid::log() start --------------------------------
20260620 224153.437 INFO             PET3       OCN: Run intro {ES}:! ! ! 0x13e86ae00
20260620 224153.437 INFO             PET3       OCN: Run intro {ES}:! ! ! DistGrid object is valid!<name: DG-Grid003-sloc:0>
20260620 224153.437 INFO             PET3       OCN: Run intro {ES}:! ! ! --- DistGrid::log() end ----------------------------------
20260620 224153.437 INFO             PET3       OCN: Run intro {ES}:! ! --- Array::log() end -------------------------------------
20260620 224153.437 INFO             PET3       OCN: Run intro {ES}:!--- FieldLog() end -------------------
20260620 224153.437 INFO             PET3       OCN: Run intro {ES}:--- StateLog() end -------------------
20260620 224153.437 INFO             PET3       >>>OCN: entered Run (phase=RunPhase1) with current time: 2010  6  1  0 15  0   0
20260620 224153.437 INFO             PET3       OCN: time step-loop starting, current time: 2010  6  1  0 15  0   0
20260620 224153.437 INFO             PET3       ------>Advancing OCN from: 2010  6  1  0 15  0   0
20260620 224153.437 INFO             PET3       ---------------------> to: 2010  6  1  0 20  0   0
20260620 224153.438 INFO             PET3       OCN: time step-loop ending,   current time: 2010  6  1  0 20  0   0
20260620 224153.438 INFO             PET3       OCN: time step-loop starting, current time: 2010  6  1  0 20  0   0
20260620 224153.438 INFO             PET3       ------>Advancing OCN from: 2010  6  1  0 20  0   0
20260620 224153.438 INFO             PET3       ---------------------> to: 2010  6  1  0 25  0   0
20260620 224153.438 INFO             PET3       OCN: time step-loop ending,   current time: 2010  6  1  0 25  0   0
20260620 224153.438 INFO             PET3       OCN: time step-loop starting, current time: 2010  6  1  0 25  0   0
20260620 224153.438 INFO             PET3       ------>Advancing OCN from: 2010  6  1  0 25  0   0
20260620 224153.438 INFO             PET3       ---------------------> to: 2010  6  1  0 30  0   0
20260620 224153.439 INFO             PET3       OCN: time step-loop ending,   current time: 2010  6  1  0 30  0   0
20260620 224153.439 INFO             PET3       <<<OCN: leaving Run (phase=RunPhase1) with current time: 2010  6  1  0 30  0   0
20260620 224153.439 INFO             PET3       OCN: Run extro {IS}:--- StateLog() start -----------------
20260620 224153.439 INFO             PET3       OCN: Run extro {IS}:<name: OCN-ImportState> <intent: ESMF_STATEINTENT_IMPORT> <itemCount:    0>
20260620 224153.439 INFO             PET3       OCN: Run extro {IS}:--- StateLog() end -------------------
20260620 224153.439 INFO             PET3       OCN: Run extro {ES}:--- StateLog() start -----------------
20260620 224153.439 INFO             PET3       OCN: Run extro {ES}:<name: OCN-ExportState> <intent: ESMF_STATEINTENT_EXPORT> <itemCount:    1>
20260620 224153.439 INFO             PET3       OCN: Run extro {ES}:+-<item: 0001> <itemType: Field> <itemName: sst>
20260620 224153.439 INFO             PET3       OCN: Run extro {ES}:!--- FieldLog() start -----------------
20260620 224153.439 INFO             PET3       OCN: Run extro {ES}:! <name: sst> <fieldStatus: ESMF_FIELDSTATUS_COMPLETE>
20260620 224153.439 INFO             PET3       OCN: Run extro {ES}:! 0x16d579f18 => 0x1046b0d30 => 0x13df38730
20260620 224153.439 INFO             PET3       OCN: Run extro {ES}:! <typekind: Real*8> <rank:    2> <dimCount:    2>
20260620 224153.439 INFO             PET3       OCN: Run extro {ES}:! ! --- Array::log() start -----------------------------------
20260620 224153.439 INFO             PET3       OCN: Run extro {ES}:! ! 0x13e86c600
20260620 224153.439 INFO             PET3       OCN: Run extro {ES}:! ! <name: sst>
20260620 224153.439 INFO             PET3       OCN: Run extro {ES}:! ! ! --- DistGrid::log() start --------------------------------
20260620 224153.439 INFO             PET3       OCN: Run extro {ES}:! ! ! 0x13e86ae00
20260620 224153.439 INFO             PET3       OCN: Run extro {ES}:! ! ! DistGrid object is valid!<name: DG-Grid003-sloc:0>
20260620 224153.439 INFO             PET3       OCN: Run extro {ES}:! ! ! --- DistGrid::log() end ----------------------------------
20260620 224153.439 INFO             PET3       OCN: Run extro {ES}:! ! --- Array::log() end -------------------------------------
20260620 224153.439 INFO             PET3       OCN: Run extro {ES}:!--- FieldLog() end -------------------
20260620 224153.439 INFO             PET3       OCN: Run extro {ES}:--- StateLog() end -------------------
20260620 224153.439 INFO             PET3     OCN: Run extro.
20260620 224153.439 INFO             PET3     esm: RunSequence event loopLevel=   1  levelMember=   1  loopIteration=   3, current time: 2010  6  1  0 30  0   0
20260620 224153.439 INFO             PET3     ATM-TO-OCN: Run intro.
20260620 224153.439 INFO             PET3       ATM-TO-OCN: Run intro {IS}:--- StateLog() start -----------------
20260620 224153.439 INFO             PET3       ATM-TO-OCN: Run intro {IS}:<name: ATM-ExportState> <intent: ESMF_STATEINTENT_EXPORT> <itemCount:    0>
20260620 224153.439 INFO             PET3       ATM-TO-OCN: Run intro {IS}:--- StateLog() end -------------------
20260620 224153.439 INFO             PET3       ATM-TO-OCN: Run intro {ES}:--- StateLog() start -----------------
20260620 224153.439 INFO             PET3       ATM-TO-OCN: Run intro {ES}:<name: OCN-ImportState> <intent: ESMF_STATEINTENT_IMPORT> <itemCount:    0>
20260620 224153.439 INFO             PET3       ATM-TO-OCN: Run intro {ES}:--- StateLog() end -------------------
20260620 224153.439 INFO             PET3       >>>ATM-TO-OCN entered Run (phase=RunPhase1)
20260620 224153.439 INFO             PET3       ATM-TO-OCN: called default RouteHandle execution
20260620 224153.439 INFO             PET3       <<<ATM-TO-OCN leaving Run (phase=RunPhase1)
20260620 224153.439 INFO             PET3       ATM-TO-OCN: Run extro {IS}:--- StateLog() start -----------------
20260620 224153.439 INFO             PET3       ATM-TO-OCN: Run extro {IS}:<name: ATM-ExportState> <intent: ESMF_STATEINTENT_EXPORT> <itemCount:    0>
20260620 224153.439 INFO             PET3       ATM-TO-OCN: Run extro {IS}:--- StateLog() end -------------------
20260620 224153.439 INFO             PET3       ATM-TO-OCN: Run extro {ES}:--- StateLog() start -----------------
20260620 224153.439 INFO             PET3       ATM-TO-OCN: Run extro {ES}:<name: OCN-ImportState> <intent: ESMF_STATEINTENT_IMPORT> <itemCount:    0>
20260620 224153.439 INFO             PET3       ATM-TO-OCN: Run extro {ES}:--- StateLog() end -------------------
20260620 224153.439 INFO             PET3     ATM-TO-OCN: Run extro.
20260620 224153.439 INFO             PET3     OCN-TO-ATM: Run intro.
20260620 224153.439 INFO             PET3       OCN-TO-ATM: Run intro {IS}:--- StateLog() start -----------------
20260620 224153.439 INFO             PET3       OCN-TO-ATM: Run intro {IS}:<name: OCN-ExportState> <intent: ESMF_STATEINTENT_EXPORT> <itemCount:    1>
20260620 224153.439 INFO             PET3       OCN-TO-ATM: Run intro {IS}:+-<item: 0001> <itemType: Field> <itemName: sst>
20260620 224153.439 INFO             PET3       OCN-TO-ATM: Run intro {IS}:!--- FieldLog() start -----------------
20260620 224153.439 INFO             PET3       OCN-TO-ATM: Run intro {IS}:! <name: sst> <fieldStatus: ESMF_FIELDSTATUS_COMPLETE>
20260620 224153.439 INFO             PET3       OCN-TO-ATM: Run intro {IS}:! 0x16d577ba8 => 0x1046b0d30 => 0x13df38730
20260620 224153.439 INFO             PET3       OCN-TO-ATM: Run intro {IS}:! <typekind: Real*8> <rank:    2> <dimCount:    2>
20260620 224153.439 INFO             PET3       OCN-TO-ATM: Run intro {IS}:! ! --- Array::log() start -----------------------------------
20260620 224153.439 INFO             PET3       OCN-TO-ATM: Run intro {IS}:! ! 0x13e86c600
20260620 224153.439 INFO             PET3       OCN-TO-ATM: Run intro {IS}:! ! <name: sst>
20260620 224153.439 INFO             PET3       OCN-TO-ATM: Run intro {IS}:! ! ! --- DistGrid::log() start --------------------------------
20260620 224153.439 INFO             PET3       OCN-TO-ATM: Run intro {IS}:! ! ! 0x13e86ae00
20260620 224153.439 INFO             PET3       OCN-TO-ATM: Run intro {IS}:! ! ! DistGrid object is valid!<name: DG-Grid003-sloc:0>
20260620 224153.439 INFO             PET3       OCN-TO-ATM: Run intro {IS}:! ! ! --- DistGrid::log() end ----------------------------------
20260620 224153.439 INFO             PET3       OCN-TO-ATM: Run intro {IS}:! ! --- Array::log() end -------------------------------------
20260620 224153.439 INFO             PET3       OCN-TO-ATM: Run intro {IS}:!--- FieldLog() end -------------------
20260620 224153.439 INFO             PET3       OCN-TO-ATM: Run intro {IS}:--- StateLog() end -------------------
20260620 224153.439 INFO             PET3       OCN-TO-ATM: Run intro {ES}:--- StateLog() start -----------------
20260620 224153.439 INFO             PET3       OCN-TO-ATM: Run intro {ES}:<name: ATM-ImportState> <intent: ESMF_STATEINTENT_IMPORT> <itemCount:    1>
20260620 224153.439 INFO             PET3       OCN-TO-ATM: Run intro {ES}:+-<item: 0001> <itemType: State> <itemName: ATM-ImportState-namespace:OCN>
20260620 224153.439 INFO             PET3       OCN-TO-ATM: Run intro {ES}:! <name: ATM-ImportState-namespace:OCN> <intent: ESMF_STATEINTENT_IMPORT> <itemCount:    1>
20260620 224153.439 INFO             PET3       OCN-TO-ATM: Run intro {ES}:! +-<item: 0001> <itemType: Field> <itemName: sea_surface_temperature>
20260620 224153.439 INFO             PET3       OCN-TO-ATM: Run intro {ES}:! !--- FieldLog() start -----------------
20260620 224153.439 INFO             PET3       OCN-TO-ATM: Run intro {ES}:! ! <name: sea_surface_temperature> <fieldStatus: ESMF_FIELDSTATUS_COMPLETE>
20260620 224153.439 INFO             PET3       OCN-TO-ATM: Run intro {ES}:! ! 0x16d576108 => 0x1046c43b0 => 0x13df39bc0
20260620 224153.439 INFO             PET3       OCN-TO-ATM: Run intro {ES}:! ! <typekind: Real*8> <rank:    2> <dimCount:    2>
20260620 224153.439 INFO             PET3       OCN-TO-ATM: Run intro {ES}:! ! ! --- Array::log() start -----------------------------------
20260620 224153.439 INFO             PET3       OCN-TO-ATM: Run intro {ES}:! ! ! 0x13e88d800
20260620 224153.439 INFO             PET3       OCN-TO-ATM: Run intro {ES}:! ! ! <name: sea_surface_temperature>
20260620 224153.439 INFO             PET3       OCN-TO-ATM: Run intro {ES}:! ! ! ! --- DistGrid::log() start --------------------------------
20260620 224153.439 INFO             PET3       OCN-TO-ATM: Run intro {ES}:! ! ! ! 0x13e88de00
20260620 224153.439 INFO             PET3       OCN-TO-ATM: Run intro {ES}:! ! ! ! DistGrid object is valid!<name: DG-Grid003-sloc:0>
20260620 224153.440 INFO             PET3       OCN-TO-ATM: Run intro {ES}:! ! ! ! --- DistGrid::log() end ----------------------------------
20260620 224153.440 INFO             PET3       OCN-TO-ATM: Run intro {ES}:! ! ! --- Array::log() end -------------------------------------
20260620 224153.440 INFO             PET3       OCN-TO-ATM: Run intro {ES}:! !--- FieldLog() end -------------------
20260620 224153.440 INFO             PET3       OCN-TO-ATM: Run intro {ES}:--- StateLog() end -------------------
20260620 224153.440 INFO             PET3       >>>OCN-TO-ATM entered Run (phase=RunPhase1)
20260620 224153.440 INFO             PET3       OCN-TO-ATM: called default RouteHandle execution
20260620 224153.440 INFO             PET3       <<<OCN-TO-ATM leaving Run (phase=RunPhase1)
20260620 224153.440 INFO             PET3       OCN-TO-ATM: Run extro {IS}:--- StateLog() start -----------------
20260620 224153.440 INFO             PET3       OCN-TO-ATM: Run extro {IS}:<name: OCN-ExportState> <intent: ESMF_STATEINTENT_EXPORT> <itemCount:    1>
20260620 224153.440 INFO             PET3       OCN-TO-ATM: Run extro {IS}:+-<item: 0001> <itemType: Field> <itemName: sst>
20260620 224153.440 INFO             PET3       OCN-TO-ATM: Run extro {IS}:!--- FieldLog() start -----------------
20260620 224153.440 INFO             PET3       OCN-TO-ATM: Run extro {IS}:! <name: sst> <fieldStatus: ESMF_FIELDSTATUS_COMPLETE>
20260620 224153.440 INFO             PET3       OCN-TO-ATM: Run extro {IS}:! 0x16d578db8 => 0x1046b0d30 => 0x13df38730
20260620 224153.440 INFO             PET3       OCN-TO-ATM: Run extro {IS}:! <typekind: Real*8> <rank:    2> <dimCount:    2>
20260620 224153.440 INFO             PET3       OCN-TO-ATM: Run extro {IS}:! ! --- Array::log() start -----------------------------------
20260620 224153.440 INFO             PET3       OCN-TO-ATM: Run extro {IS}:! ! 0x13e86c600
20260620 224153.440 INFO             PET3       OCN-TO-ATM: Run extro {IS}:! ! <name: sst>
20260620 224153.440 INFO             PET3       OCN-TO-ATM: Run extro {IS}:! ! ! --- DistGrid::log() start --------------------------------
20260620 224153.440 INFO             PET3       OCN-TO-ATM: Run extro {IS}:! ! ! 0x13e86ae00
20260620 224153.440 INFO             PET3       OCN-TO-ATM: Run extro {IS}:! ! ! DistGrid object is valid!<name: DG-Grid003-sloc:0>
20260620 224153.440 INFO             PET3       OCN-TO-ATM: Run extro {IS}:! ! ! --- DistGrid::log() end ----------------------------------
20260620 224153.440 INFO             PET3       OCN-TO-ATM: Run extro {IS}:! ! --- Array::log() end -------------------------------------
20260620 224153.440 INFO             PET3       OCN-TO-ATM: Run extro {IS}:!--- FieldLog() end -------------------
20260620 224153.440 INFO             PET3       OCN-TO-ATM: Run extro {IS}:--- StateLog() end -------------------
20260620 224153.440 INFO             PET3       OCN-TO-ATM: Run extro {ES}:--- StateLog() start -----------------
20260620 224153.440 INFO             PET3       OCN-TO-ATM: Run extro {ES}:<name: ATM-ImportState> <intent: ESMF_STATEINTENT_IMPORT> <itemCount:    1>
20260620 224153.440 INFO             PET3       OCN-TO-ATM: Run extro {ES}:+-<item: 0001> <itemType: State> <itemName: ATM-ImportState-namespace:OCN>
20260620 224153.440 INFO             PET3       OCN-TO-ATM: Run extro {ES}:! <name: ATM-ImportState-namespace:OCN> <intent: ESMF_STATEINTENT_IMPORT> <itemCount:    1>
20260620 224153.440 INFO             PET3       OCN-TO-ATM: Run extro {ES}:! +-<item: 0001> <itemType: Field> <itemName: sea_surface_temperature>
20260620 224153.440 INFO             PET3       OCN-TO-ATM: Run extro {ES}:! !--- FieldLog() start -----------------
20260620 224153.440 INFO             PET3       OCN-TO-ATM: Run extro {ES}:! ! <name: sea_surface_temperature> <fieldStatus: ESMF_FIELDSTATUS_COMPLETE>
20260620 224153.440 INFO             PET3       OCN-TO-ATM: Run extro {ES}:! ! 0x16d577318 => 0x1046c43b0 => 0x13df39bc0
20260620 224153.440 INFO             PET3       OCN-TO-ATM: Run extro {ES}:! ! <typekind: Real*8> <rank:    2> <dimCount:    2>
20260620 224153.440 INFO             PET3       OCN-TO-ATM: Run extro {ES}:! ! ! --- Array::log() start -----------------------------------
20260620 224153.440 INFO             PET3       OCN-TO-ATM: Run extro {ES}:! ! ! 0x13e88d800
20260620 224153.440 INFO             PET3       OCN-TO-ATM: Run extro {ES}:! ! ! <name: sea_surface_temperature>
20260620 224153.440 INFO             PET3       OCN-TO-ATM: Run extro {ES}:! ! ! ! --- DistGrid::log() start --------------------------------
20260620 224153.440 INFO             PET3       OCN-TO-ATM: Run extro {ES}:! ! ! ! 0x13e88de00
20260620 224153.440 INFO             PET3       OCN-TO-ATM: Run extro {ES}:! ! ! ! DistGrid object is valid!<name: DG-Grid003-sloc:0>
20260620 224153.440 INFO             PET3       OCN-TO-ATM: Run extro {ES}:! ! ! ! --- DistGrid::log() end ----------------------------------
20260620 224153.440 INFO             PET3       OCN-TO-ATM: Run extro {ES}:! ! ! --- Array::log() end -------------------------------------
20260620 224153.440 INFO             PET3       OCN-TO-ATM: Run extro {ES}:! !--- FieldLog() end -------------------
20260620 224153.440 INFO             PET3       OCN-TO-ATM: Run extro {ES}:--- StateLog() end -------------------
20260620 224153.440 INFO             PET3     OCN-TO-ATM: Run extro.
20260620 224153.440 INFO             PET3     OCN: Run intro.
20260620 224153.440 INFO             PET3       OCN: Run intro {IS}:--- StateLog() start -----------------
20260620 224153.440 INFO             PET3       OCN: Run intro {IS}:<name: OCN-ImportState> <intent: ESMF_STATEINTENT_IMPORT> <itemCount:    0>
20260620 224153.440 INFO             PET3       OCN: Run intro {IS}:--- StateLog() end -------------------
20260620 224153.440 INFO             PET3       OCN: Run intro {ES}:--- StateLog() start -----------------
20260620 224153.440 INFO             PET3       OCN: Run intro {ES}:<name: OCN-ExportState> <intent: ESMF_STATEINTENT_EXPORT> <itemCount:    1>
20260620 224153.440 INFO             PET3       OCN: Run intro {ES}:+-<item: 0001> <itemType: Field> <itemName: sst>
20260620 224153.440 INFO             PET3       OCN: Run intro {ES}:!--- FieldLog() start -----------------
20260620 224153.440 INFO             PET3       OCN: Run intro {ES}:! <name: sst> <fieldStatus: ESMF_FIELDSTATUS_COMPLETE>
20260620 224153.440 INFO             PET3       OCN: Run intro {ES}:! 0x16d578d08 => 0x1046b0d30 => 0x13df38730
20260620 224153.440 INFO             PET3       OCN: Run intro {ES}:! <typekind: Real*8> <rank:    2> <dimCount:    2>
20260620 224153.440 INFO             PET3       OCN: Run intro {ES}:! ! --- Array::log() start -----------------------------------
20260620 224153.440 INFO             PET3       OCN: Run intro {ES}:! ! 0x13e86c600
20260620 224153.440 INFO             PET3       OCN: Run intro {ES}:! ! <name: sst>
20260620 224153.440 INFO             PET3       OCN: Run intro {ES}:! ! ! --- DistGrid::log() start --------------------------------
20260620 224153.440 INFO             PET3       OCN: Run intro {ES}:! ! ! 0x13e86ae00
20260620 224153.440 INFO             PET3       OCN: Run intro {ES}:! ! ! DistGrid object is valid!<name: DG-Grid003-sloc:0>
20260620 224153.440 INFO             PET3       OCN: Run intro {ES}:! ! ! --- DistGrid::log() end ----------------------------------
20260620 224153.440 INFO             PET3       OCN: Run intro {ES}:! ! --- Array::log() end -------------------------------------
20260620 224153.440 INFO             PET3       OCN: Run intro {ES}:!--- FieldLog() end -------------------
20260620 224153.440 INFO             PET3       OCN: Run intro {ES}:--- StateLog() end -------------------
20260620 224153.440 INFO             PET3       >>>OCN: entered Run (phase=RunPhase1) with current time: 2010  6  1  0 30  0   0
20260620 224153.440 INFO             PET3       OCN: time step-loop starting, current time: 2010  6  1  0 30  0   0
20260620 224153.440 INFO             PET3       ------>Advancing OCN from: 2010  6  1  0 30  0   0
20260620 224153.440 INFO             PET3       ---------------------> to: 2010  6  1  0 35  0   0
20260620 224153.441 INFO             PET3       OCN: time step-loop ending,   current time: 2010  6  1  0 35  0   0
20260620 224153.441 INFO             PET3       OCN: time step-loop starting, current time: 2010  6  1  0 35  0   0
20260620 224153.441 INFO             PET3       ------>Advancing OCN from: 2010  6  1  0 35  0   0
20260620 224153.441 INFO             PET3       ---------------------> to: 2010  6  1  0 40  0   0
20260620 224153.441 INFO             PET3       OCN: time step-loop ending,   current time: 2010  6  1  0 40  0   0
20260620 224153.441 INFO             PET3       OCN: time step-loop starting, current time: 2010  6  1  0 40  0   0
20260620 224153.441 INFO             PET3       ------>Advancing OCN from: 2010  6  1  0 40  0   0
20260620 224153.441 INFO             PET3       ---------------------> to: 2010  6  1  0 45  0   0
20260620 224153.442 INFO             PET3       OCN: time step-loop ending,   current time: 2010  6  1  0 45  0   0
20260620 224153.442 INFO             PET3       <<<OCN: leaving Run (phase=RunPhase1) with current time: 2010  6  1  0 45  0   0
20260620 224153.442 INFO             PET3       OCN: Run extro {IS}:--- StateLog() start -----------------
20260620 224153.442 INFO             PET3       OCN: Run extro {IS}:<name: OCN-ImportState> <intent: ESMF_STATEINTENT_IMPORT> <itemCount:    0>
20260620 224153.442 INFO             PET3       OCN: Run extro {IS}:--- StateLog() end -------------------
20260620 224153.442 INFO             PET3       OCN: Run extro {ES}:--- StateLog() start -----------------
20260620 224153.442 INFO             PET3       OCN: Run extro {ES}:<name: OCN-ExportState> <intent: ESMF_STATEINTENT_EXPORT> <itemCount:    1>
20260620 224153.442 INFO             PET3       OCN: Run extro {ES}:+-<item: 0001> <itemType: Field> <itemName: sst>
20260620 224153.442 INFO             PET3       OCN: Run extro {ES}:!--- FieldLog() start -----------------
20260620 224153.442 INFO             PET3       OCN: Run extro {ES}:! <name: sst> <fieldStatus: ESMF_FIELDSTATUS_COMPLETE>
20260620 224153.442 INFO             PET3       OCN: Run extro {ES}:! 0x16d579f18 => 0x1046b0d30 => 0x13df38730
20260620 224153.442 INFO             PET3       OCN: Run extro {ES}:! <typekind: Real*8> <rank:    2> <dimCount:    2>
20260620 224153.442 INFO             PET3       OCN: Run extro {ES}:! ! --- Array::log() start -----------------------------------
20260620 224153.442 INFO             PET3       OCN: Run extro {ES}:! ! 0x13e86c600
20260620 224153.442 INFO             PET3       OCN: Run extro {ES}:! ! <name: sst>
20260620 224153.442 INFO             PET3       OCN: Run extro {ES}:! ! ! --- DistGrid::log() start --------------------------------
20260620 224153.442 INFO             PET3       OCN: Run extro {ES}:! ! ! 0x13e86ae00
20260620 224153.442 INFO             PET3       OCN: Run extro {ES}:! ! ! DistGrid object is valid!<name: DG-Grid003-sloc:0>
20260620 224153.442 INFO             PET3       OCN: Run extro {ES}:! ! ! --- DistGrid::log() end ----------------------------------
20260620 224153.442 INFO             PET3       OCN: Run extro {ES}:! ! --- Array::log() end -------------------------------------
20260620 224153.442 INFO             PET3       OCN: Run extro {ES}:!--- FieldLog() end -------------------
20260620 224153.442 INFO             PET3       OCN: Run extro {ES}:--- StateLog() end -------------------
20260620 224153.442 INFO             PET3     OCN: Run extro.
20260620 224153.442 INFO             PET3     esm: RunSequence event loopLevel=   1  levelMember=   1  loopIteration=   4, current time: 2010  6  1  0 45  0   0
20260620 224153.442 INFO             PET3     ATM-TO-OCN: Run intro.
20260620 224153.442 INFO             PET3       ATM-TO-OCN: Run intro {IS}:--- StateLog() start -----------------
20260620 224153.442 INFO             PET3       ATM-TO-OCN: Run intro {IS}:<name: ATM-ExportState> <intent: ESMF_STATEINTENT_EXPORT> <itemCount:    0>
20260620 224153.442 INFO             PET3       ATM-TO-OCN: Run intro {IS}:--- StateLog() end -------------------
20260620 224153.442 INFO             PET3       ATM-TO-OCN: Run intro {ES}:--- StateLog() start -----------------
20260620 224153.442 INFO             PET3       ATM-TO-OCN: Run intro {ES}:<name: OCN-ImportState> <intent: ESMF_STATEINTENT_IMPORT> <itemCount:    0>
20260620 224153.442 INFO             PET3       ATM-TO-OCN: Run intro {ES}:--- StateLog() end -------------------
20260620 224153.442 INFO             PET3       >>>ATM-TO-OCN entered Run (phase=RunPhase1)
20260620 224153.442 INFO             PET3       ATM-TO-OCN: called default RouteHandle execution
20260620 224153.442 INFO             PET3       <<<ATM-TO-OCN leaving Run (phase=RunPhase1)
20260620 224153.442 INFO             PET3       ATM-TO-OCN: Run extro {IS}:--- StateLog() start -----------------
20260620 224153.442 INFO             PET3       ATM-TO-OCN: Run extro {IS}:<name: ATM-ExportState> <intent: ESMF_STATEINTENT_EXPORT> <itemCount:    0>
20260620 224153.442 INFO             PET3       ATM-TO-OCN: Run extro {IS}:--- StateLog() end -------------------
20260620 224153.442 INFO             PET3       ATM-TO-OCN: Run extro {ES}:--- StateLog() start -----------------
20260620 224153.442 INFO             PET3       ATM-TO-OCN: Run extro {ES}:<name: OCN-ImportState> <intent: ESMF_STATEINTENT_IMPORT> <itemCount:    0>
20260620 224153.442 INFO             PET3       ATM-TO-OCN: Run extro {ES}:--- StateLog() end -------------------
20260620 224153.442 INFO             PET3     ATM-TO-OCN: Run extro.
20260620 224153.442 INFO             PET3     OCN-TO-ATM: Run intro.
20260620 224153.443 INFO             PET3       OCN-TO-ATM: Run intro {IS}:--- StateLog() start -----------------
20260620 224153.443 INFO             PET3       OCN-TO-ATM: Run intro {IS}:<name: OCN-ExportState> <intent: ESMF_STATEINTENT_EXPORT> <itemCount:    1>
20260620 224153.443 INFO             PET3       OCN-TO-ATM: Run intro {IS}:+-<item: 0001> <itemType: Field> <itemName: sst>
20260620 224153.443 INFO             PET3       OCN-TO-ATM: Run intro {IS}:!--- FieldLog() start -----------------
20260620 224153.443 INFO             PET3       OCN-TO-ATM: Run intro {IS}:! <name: sst> <fieldStatus: ESMF_FIELDSTATUS_COMPLETE>
20260620 224153.443 INFO             PET3       OCN-TO-ATM: Run intro {IS}:! 0x16d577ba8 => 0x1046b0d30 => 0x13df38730
20260620 224153.443 INFO             PET3       OCN-TO-ATM: Run intro {IS}:! <typekind: Real*8> <rank:    2> <dimCount:    2>
20260620 224153.443 INFO             PET3       OCN-TO-ATM: Run intro {IS}:! ! --- Array::log() start -----------------------------------
20260620 224153.443 INFO             PET3       OCN-TO-ATM: Run intro {IS}:! ! 0x13e86c600
20260620 224153.443 INFO             PET3       OCN-TO-ATM: Run intro {IS}:! ! <name: sst>
20260620 224153.443 INFO             PET3       OCN-TO-ATM: Run intro {IS}:! ! ! --- DistGrid::log() start --------------------------------
20260620 224153.443 INFO             PET3       OCN-TO-ATM: Run intro {IS}:! ! ! 0x13e86ae00
20260620 224153.443 INFO             PET3       OCN-TO-ATM: Run intro {IS}:! ! ! DistGrid object is valid!<name: DG-Grid003-sloc:0>
20260620 224153.443 INFO             PET3       OCN-TO-ATM: Run intro {IS}:! ! ! --- DistGrid::log() end ----------------------------------
20260620 224153.443 INFO             PET3       OCN-TO-ATM: Run intro {IS}:! ! --- Array::log() end -------------------------------------
20260620 224153.443 INFO             PET3       OCN-TO-ATM: Run intro {IS}:!--- FieldLog() end -------------------
20260620 224153.443 INFO             PET3       OCN-TO-ATM: Run intro {IS}:--- StateLog() end -------------------
20260620 224153.443 INFO             PET3       OCN-TO-ATM: Run intro {ES}:--- StateLog() start -----------------
20260620 224153.443 INFO             PET3       OCN-TO-ATM: Run intro {ES}:<name: ATM-ImportState> <intent: ESMF_STATEINTENT_IMPORT> <itemCount:    1>
20260620 224153.443 INFO             PET3       OCN-TO-ATM: Run intro {ES}:+-<item: 0001> <itemType: State> <itemName: ATM-ImportState-namespace:OCN>
20260620 224153.443 INFO             PET3       OCN-TO-ATM: Run intro {ES}:! <name: ATM-ImportState-namespace:OCN> <intent: ESMF_STATEINTENT_IMPORT> <itemCount:    1>
20260620 224153.443 INFO             PET3       OCN-TO-ATM: Run intro {ES}:! +-<item: 0001> <itemType: Field> <itemName: sea_surface_temperature>
20260620 224153.443 INFO             PET3       OCN-TO-ATM: Run intro {ES}:! !--- FieldLog() start -----------------
20260620 224153.443 INFO             PET3       OCN-TO-ATM: Run intro {ES}:! ! <name: sea_surface_temperature> <fieldStatus: ESMF_FIELDSTATUS_COMPLETE>
20260620 224153.443 INFO             PET3       OCN-TO-ATM: Run intro {ES}:! ! 0x16d576108 => 0x1046c43b0 => 0x13df39bc0
20260620 224153.443 INFO             PET3       OCN-TO-ATM: Run intro {ES}:! ! <typekind: Real*8> <rank:    2> <dimCount:    2>
20260620 224153.443 INFO             PET3       OCN-TO-ATM: Run intro {ES}:! ! ! --- Array::log() start -----------------------------------
20260620 224153.443 INFO             PET3       OCN-TO-ATM: Run intro {ES}:! ! ! 0x13e88d800
20260620 224153.443 INFO             PET3       OCN-TO-ATM: Run intro {ES}:! ! ! <name: sea_surface_temperature>
20260620 224153.443 INFO             PET3       OCN-TO-ATM: Run intro {ES}:! ! ! ! --- DistGrid::log() start --------------------------------
20260620 224153.443 INFO             PET3       OCN-TO-ATM: Run intro {ES}:! ! ! ! 0x13e88de00
20260620 224153.443 INFO             PET3       OCN-TO-ATM: Run intro {ES}:! ! ! ! DistGrid object is valid!<name: DG-Grid003-sloc:0>
20260620 224153.443 INFO             PET3       OCN-TO-ATM: Run intro {ES}:! ! ! ! --- DistGrid::log() end ----------------------------------
20260620 224153.443 INFO             PET3       OCN-TO-ATM: Run intro {ES}:! ! ! --- Array::log() end -------------------------------------
20260620 224153.443 INFO             PET3       OCN-TO-ATM: Run intro {ES}:! !--- FieldLog() end -------------------
20260620 224153.443 INFO             PET3       OCN-TO-ATM: Run intro {ES}:--- StateLog() end -------------------
20260620 224153.443 INFO             PET3       >>>OCN-TO-ATM entered Run (phase=RunPhase1)
20260620 224153.443 INFO             PET3       OCN-TO-ATM: called default RouteHandle execution
20260620 224153.443 INFO             PET3       <<<OCN-TO-ATM leaving Run (phase=RunPhase1)
20260620 224153.443 INFO             PET3       OCN-TO-ATM: Run extro {IS}:--- StateLog() start -----------------
20260620 224153.443 INFO             PET3       OCN-TO-ATM: Run extro {IS}:<name: OCN-ExportState> <intent: ESMF_STATEINTENT_EXPORT> <itemCount:    1>
20260620 224153.443 INFO             PET3       OCN-TO-ATM: Run extro {IS}:+-<item: 0001> <itemType: Field> <itemName: sst>
20260620 224153.443 INFO             PET3       OCN-TO-ATM: Run extro {IS}:!--- FieldLog() start -----------------
20260620 224153.443 INFO             PET3       OCN-TO-ATM: Run extro {IS}:! <name: sst> <fieldStatus: ESMF_FIELDSTATUS_COMPLETE>
20260620 224153.443 INFO             PET3       OCN-TO-ATM: Run extro {IS}:! 0x16d578db8 => 0x1046b0d30 => 0x13df38730
20260620 224153.443 INFO             PET3       OCN-TO-ATM: Run extro {IS}:! <typekind: Real*8> <rank:    2> <dimCount:    2>
20260620 224153.443 INFO             PET3       OCN-TO-ATM: Run extro {IS}:! ! --- Array::log() start -----------------------------------
20260620 224153.443 INFO             PET3       OCN-TO-ATM: Run extro {IS}:! ! 0x13e86c600
20260620 224153.443 INFO             PET3       OCN-TO-ATM: Run extro {IS}:! ! <name: sst>
20260620 224153.443 INFO             PET3       OCN-TO-ATM: Run extro {IS}:! ! ! --- DistGrid::log() start --------------------------------
20260620 224153.443 INFO             PET3       OCN-TO-ATM: Run extro {IS}:! ! ! 0x13e86ae00
20260620 224153.443 INFO             PET3       OCN-TO-ATM: Run extro {IS}:! ! ! DistGrid object is valid!<name: DG-Grid003-sloc:0>
20260620 224153.443 INFO             PET3       OCN-TO-ATM: Run extro {IS}:! ! ! --- DistGrid::log() end ----------------------------------
20260620 224153.443 INFO             PET3       OCN-TO-ATM: Run extro {IS}:! ! --- Array::log() end -------------------------------------
20260620 224153.443 INFO             PET3       OCN-TO-ATM: Run extro {IS}:!--- FieldLog() end -------------------
20260620 224153.443 INFO             PET3       OCN-TO-ATM: Run extro {IS}:--- StateLog() end -------------------
20260620 224153.443 INFO             PET3       OCN-TO-ATM: Run extro {ES}:--- StateLog() start -----------------
20260620 224153.443 INFO             PET3       OCN-TO-ATM: Run extro {ES}:<name: ATM-ImportState> <intent: ESMF_STATEINTENT_IMPORT> <itemCount:    1>
20260620 224153.443 INFO             PET3       OCN-TO-ATM: Run extro {ES}:+-<item: 0001> <itemType: State> <itemName: ATM-ImportState-namespace:OCN>
20260620 224153.443 INFO             PET3       OCN-TO-ATM: Run extro {ES}:! <name: ATM-ImportState-namespace:OCN> <intent: ESMF_STATEINTENT_IMPORT> <itemCount:    1>
20260620 224153.443 INFO             PET3       OCN-TO-ATM: Run extro {ES}:! +-<item: 0001> <itemType: Field> <itemName: sea_surface_temperature>
20260620 224153.443 INFO             PET3       OCN-TO-ATM: Run extro {ES}:! !--- FieldLog() start -----------------
20260620 224153.443 INFO             PET3       OCN-TO-ATM: Run extro {ES}:! ! <name: sea_surface_temperature> <fieldStatus: ESMF_FIELDSTATUS_COMPLETE>
20260620 224153.443 INFO             PET3       OCN-TO-ATM: Run extro {ES}:! ! 0x16d577318 => 0x1046c43b0 => 0x13df39bc0
20260620 224153.443 INFO             PET3       OCN-TO-ATM: Run extro {ES}:! ! <typekind: Real*8> <rank:    2> <dimCount:    2>
20260620 224153.443 INFO             PET3       OCN-TO-ATM: Run extro {ES}:! ! ! --- Array::log() start -----------------------------------
20260620 224153.443 INFO             PET3       OCN-TO-ATM: Run extro {ES}:! ! ! 0x13e88d800
20260620 224153.443 INFO             PET3       OCN-TO-ATM: Run extro {ES}:! ! ! <name: sea_surface_temperature>
20260620 224153.443 INFO             PET3       OCN-TO-ATM: Run extro {ES}:! ! ! ! --- DistGrid::log() start --------------------------------
20260620 224153.443 INFO             PET3       OCN-TO-ATM: Run extro {ES}:! ! ! ! 0x13e88de00
20260620 224153.443 INFO             PET3       OCN-TO-ATM: Run extro {ES}:! ! ! ! DistGrid object is valid!<name: DG-Grid003-sloc:0>
20260620 224153.443 INFO             PET3       OCN-TO-ATM: Run extro {ES}:! ! ! ! --- DistGrid::log() end ----------------------------------
20260620 224153.443 INFO             PET3       OCN-TO-ATM: Run extro {ES}:! ! ! --- Array::log() end -------------------------------------
20260620 224153.443 INFO             PET3       OCN-TO-ATM: Run extro {ES}:! !--- FieldLog() end -------------------
20260620 224153.443 INFO             PET3       OCN-TO-ATM: Run extro {ES}:--- StateLog() end -------------------
20260620 224153.443 INFO             PET3     OCN-TO-ATM: Run extro.
20260620 224153.443 INFO             PET3     OCN: Run intro.
20260620 224153.443 INFO             PET3       OCN: Run intro {IS}:--- StateLog() start -----------------
20260620 224153.443 INFO             PET3       OCN: Run intro {IS}:<name: OCN-ImportState> <intent: ESMF_STATEINTENT_IMPORT> <itemCount:    0>
20260620 224153.443 INFO             PET3       OCN: Run intro {IS}:--- StateLog() end -------------------
20260620 224153.443 INFO             PET3       OCN: Run intro {ES}:--- StateLog() start -----------------
20260620 224153.443 INFO             PET3       OCN: Run intro {ES}:<name: OCN-ExportState> <intent: ESMF_STATEINTENT_EXPORT> <itemCount:    1>
20260620 224153.443 INFO             PET3       OCN: Run intro {ES}:+-<item: 0001> <itemType: Field> <itemName: sst>
20260620 224153.443 INFO             PET3       OCN: Run intro {ES}:!--- FieldLog() start -----------------
20260620 224153.443 INFO             PET3       OCN: Run intro {ES}:! <name: sst> <fieldStatus: ESMF_FIELDSTATUS_COMPLETE>
20260620 224153.443 INFO             PET3       OCN: Run intro {ES}:! 0x16d578d08 => 0x1046b0d30 => 0x13df38730
20260620 224153.443 INFO             PET3       OCN: Run intro {ES}:! <typekind: Real*8> <rank:    2> <dimCount:    2>
20260620 224153.443 INFO             PET3       OCN: Run intro {ES}:! ! --- Array::log() start -----------------------------------
20260620 224153.443 INFO             PET3       OCN: Run intro {ES}:! ! 0x13e86c600
20260620 224153.443 INFO             PET3       OCN: Run intro {ES}:! ! <name: sst>
20260620 224153.443 INFO             PET3       OCN: Run intro {ES}:! ! ! --- DistGrid::log() start --------------------------------
20260620 224153.443 INFO             PET3       OCN: Run intro {ES}:! ! ! 0x13e86ae00
20260620 224153.443 INFO             PET3       OCN: Run intro {ES}:! ! ! DistGrid object is valid!<name: DG-Grid003-sloc:0>
20260620 224153.443 INFO             PET3       OCN: Run intro {ES}:! ! ! --- DistGrid::log() end ----------------------------------
20260620 224153.443 INFO             PET3       OCN: Run intro {ES}:! ! --- Array::log() end -------------------------------------
20260620 224153.443 INFO             PET3       OCN: Run intro {ES}:!--- FieldLog() end -------------------
20260620 224153.443 INFO             PET3       OCN: Run intro {ES}:--- StateLog() end -------------------
20260620 224153.443 INFO             PET3       >>>OCN: entered Run (phase=RunPhase1) with current time: 2010  6  1  0 45  0   0
20260620 224153.443 INFO             PET3       OCN: time step-loop starting, current time: 2010  6  1  0 45  0   0
20260620 224153.443 INFO             PET3       ------>Advancing OCN from: 2010  6  1  0 45  0   0
20260620 224153.443 INFO             PET3       ---------------------> to: 2010  6  1  0 50  0   0
20260620 224153.444 INFO             PET3       OCN: time step-loop ending,   current time: 2010  6  1  0 50  0   0
20260620 224153.444 INFO             PET3       OCN: time step-loop starting, current time: 2010  6  1  0 50  0   0
20260620 224153.444 INFO             PET3       ------>Advancing OCN from: 2010  6  1  0 50  0   0
20260620 224153.444 INFO             PET3       ---------------------> to: 2010  6  1  0 55  0   0
20260620 224153.445 INFO             PET3       OCN: time step-loop ending,   current time: 2010  6  1  0 55  0   0
20260620 224153.445 INFO             PET3       OCN: time step-loop starting, current time: 2010  6  1  0 55  0   0
20260620 224153.445 INFO             PET3       ------>Advancing OCN from: 2010  6  1  0 55  0   0
20260620 224153.445 INFO             PET3       ---------------------> to: 2010  6  1  1  0  0   0
20260620 224153.445 INFO             PET3       OCN: time step-loop ending,   current time: 2010  6  1  1  0  0   0
20260620 224153.445 INFO             PET3       <<<OCN: leaving Run (phase=RunPhase1) with current time: 2010  6  1  1  0  0   0
20260620 224153.445 INFO             PET3       OCN: Run extro {IS}:--- StateLog() start -----------------
20260620 224153.445 INFO             PET3       OCN: Run extro {IS}:<name: OCN-ImportState> <intent: ESMF_STATEINTENT_IMPORT> <itemCount:    0>
20260620 224153.445 INFO             PET3       OCN: Run extro {IS}:--- StateLog() end -------------------
20260620 224153.445 INFO             PET3       OCN: Run extro {ES}:--- StateLog() start -----------------
20260620 224153.445 INFO             PET3       OCN: Run extro {ES}:<name: OCN-ExportState> <intent: ESMF_STATEINTENT_EXPORT> <itemCount:    1>
20260620 224153.445 INFO             PET3       OCN: Run extro {ES}:+-<item: 0001> <itemType: Field> <itemName: sst>
20260620 224153.445 INFO             PET3       OCN: Run extro {ES}:!--- FieldLog() start -----------------
20260620 224153.445 INFO             PET3       OCN: Run extro {ES}:! <name: sst> <fieldStatus: ESMF_FIELDSTATUS_COMPLETE>
20260620 224153.445 INFO             PET3       OCN: Run extro {ES}:! 0x16d579f18 => 0x1046b0d30 => 0x13df38730
20260620 224153.445 INFO             PET3       OCN: Run extro {ES}:! <typekind: Real*8> <rank:    2> <dimCount:    2>
20260620 224153.445 INFO             PET3       OCN: Run extro {ES}:! ! --- Array::log() start -----------------------------------
20260620 224153.445 INFO             PET3       OCN: Run extro {ES}:! ! 0x13e86c600
20260620 224153.445 INFO             PET3       OCN: Run extro {ES}:! ! <name: sst>
20260620 224153.445 INFO             PET3       OCN: Run extro {ES}:! ! ! --- DistGrid::log() start --------------------------------
20260620 224153.445 INFO             PET3       OCN: Run extro {ES}:! ! ! 0x13e86ae00
20260620 224153.445 INFO             PET3       OCN: Run extro {ES}:! ! ! DistGrid object is valid!<name: DG-Grid003-sloc:0>
20260620 224153.445 INFO             PET3       OCN: Run extro {ES}:! ! ! --- DistGrid::log() end ----------------------------------
20260620 224153.445 INFO             PET3       OCN: Run extro {ES}:! ! --- Array::log() end -------------------------------------
20260620 224153.445 INFO             PET3       OCN: Run extro {ES}:!--- FieldLog() end -------------------
20260620 224153.445 INFO             PET3       OCN: Run extro {ES}:--- StateLog() end -------------------
20260620 224153.445 INFO             PET3     OCN: Run extro.
20260620 224153.445 INFO             PET3   esm: end <--------- RunSequence
20260620 224153.445 INFO             PET3   <<<esm: leaving Run (phase=RunPhase1) with current time: 2010  6  1  1  0  0   0
20260620 224153.445 INFO             PET3   esm: Run extro {IS}:--- StateLog() start -----------------
20260620 224153.445 INFO             PET3   esm: Run extro {IS}:State object is invalid! Not created or deleted!
20260620 224153.445 INFO             PET3   esm: Run extro {IS}:--- StateLog() end -------------------
20260620 224153.445 INFO             PET3   esm: Run extro {ES}:--- StateLog() start -----------------
20260620 224153.445 INFO             PET3   esm: Run extro {ES}:State object is invalid! Not created or deleted!
20260620 224153.445 INFO             PET3   esm: Run extro {ES}:--- StateLog() end -------------------
20260620 224153.445 INFO             PET3 esm: Run extro.
20260620 224153.446 INFO             PET3 esm: Finalize intro.
20260620 224153.446 INFO             PET3   esm: Finalize intro {IS}:--- StateLog() start -----------------
20260620 224153.446 INFO             PET3   esm: Finalize intro {IS}:State object is invalid! Not created or deleted!
20260620 224153.446 INFO             PET3   esm: Finalize intro {IS}:--- StateLog() end -------------------
20260620 224153.446 INFO             PET3   esm: Finalize intro {ES}:--- StateLog() start -----------------
20260620 224153.446 INFO             PET3   esm: Finalize intro {ES}:State object is invalid! Not created or deleted!
20260620 224153.446 INFO             PET3   esm: Finalize intro {ES}:--- StateLog() end -------------------
20260620 224153.446 INFO             PET3   >>>esm: entered Finalize (phase=FinalizePhase1) with current time: 2010  6  1  1  0  0   0
20260620 224153.446 INFO             PET3   Calling Finalize phase 1 for connectorComp: ATM-TO-OCN
20260620 224153.446 INFO             PET3   ATM-TO-OCN: Finalize intro.
20260620 224153.446 INFO             PET3     ATM-TO-OCN: Finalize intro {IS}:--- StateLog() start -----------------
20260620 224153.446 INFO             PET3     ATM-TO-OCN: Finalize intro {IS}:<name: ATM-ExportState> <intent: ESMF_STATEINTENT_EXPORT> <itemCount:    0>
20260620 224153.446 INFO             PET3     ATM-TO-OCN: Finalize intro {IS}:--- StateLog() end -------------------
20260620 224153.446 INFO             PET3     ATM-TO-OCN: Finalize intro {ES}:--- StateLog() start -----------------
20260620 224153.446 INFO             PET3     ATM-TO-OCN: Finalize intro {ES}:<name: OCN-ImportState> <intent: ESMF_STATEINTENT_IMPORT> <itemCount:    0>
20260620 224153.446 INFO             PET3     ATM-TO-OCN: Finalize intro {ES}:--- StateLog() end -------------------
20260620 224153.446 INFO             PET3     ATM-TO-OCN: called default label_ReleaseRouteHandle
20260620 224153.446 INFO             PET3     ATM-TO-OCN: Finalize extro {IS}:--- StateLog() start -----------------
20260620 224153.446 INFO             PET3     ATM-TO-OCN: Finalize extro {IS}:<name: ATM-ExportState> <intent: ESMF_STATEINTENT_EXPORT> <itemCount:    0>
20260620 224153.446 INFO             PET3     ATM-TO-OCN: Finalize extro {IS}:--- StateLog() end -------------------
20260620 224153.446 INFO             PET3     ATM-TO-OCN: Finalize extro {ES}:--- StateLog() start -----------------
20260620 224153.446 INFO             PET3     ATM-TO-OCN: Finalize extro {ES}:<name: OCN-ImportState> <intent: ESMF_STATEINTENT_IMPORT> <itemCount:    0>
20260620 224153.446 INFO             PET3     ATM-TO-OCN: Finalize extro {ES}:--- StateLog() end -------------------
20260620 224153.446 INFO             PET3   ATM-TO-OCN: Finalize extro.
20260620 224153.446 INFO             PET3   Calling Finalize phase 1 for connectorComp: OCN-TO-ATM
20260620 224153.446 INFO             PET3   OCN-TO-ATM: Finalize intro.
20260620 224153.446 INFO             PET3     OCN-TO-ATM: Finalize intro {IS}:--- StateLog() start -----------------
20260620 224153.446 INFO             PET3     OCN-TO-ATM: Finalize intro {IS}:<name: OCN-ExportState> <intent: ESMF_STATEINTENT_EXPORT> <itemCount:    1>
20260620 224153.446 INFO             PET3     OCN-TO-ATM: Finalize intro {IS}:+-<item: 0001> <itemType: Field> <itemName: sst>
20260620 224153.446 INFO             PET3     OCN-TO-ATM: Finalize intro {IS}:!--- FieldLog() start -----------------
20260620 224153.446 INFO             PET3     OCN-TO-ATM: Finalize intro {IS}:! <name: sst> <fieldStatus: ESMF_FIELDSTATUS_COMPLETE>
20260620 224153.446 INFO             PET3     OCN-TO-ATM: Finalize intro {IS}:! 0x16d579da8 => 0x1046b0d30 => 0x13df38730
20260620 224153.446 INFO             PET3     OCN-TO-ATM: Finalize intro {IS}:! <typekind: Real*8> <rank:    2> <dimCount:    2>
20260620 224153.446 INFO             PET3     OCN-TO-ATM: Finalize intro {IS}:! ! --- Array::log() start -----------------------------------
20260620 224153.446 INFO             PET3     OCN-TO-ATM: Finalize intro {IS}:! ! 0x13e86c600
20260620 224153.446 INFO             PET3     OCN-TO-ATM: Finalize intro {IS}:! ! <name: sst>
20260620 224153.446 INFO             PET3     OCN-TO-ATM: Finalize intro {IS}:! ! ! --- DistGrid::log() start --------------------------------
20260620 224153.446 INFO             PET3     OCN-TO-ATM: Finalize intro {IS}:! ! ! 0x13e86ae00
20260620 224153.446 INFO             PET3     OCN-TO-ATM: Finalize intro {IS}:! ! ! DistGrid object is valid!<name: DG-Grid003-sloc:0>
20260620 224153.446 INFO             PET3     OCN-TO-ATM: Finalize intro {IS}:! ! ! --- DistGrid::log() end ----------------------------------
20260620 224153.446 INFO             PET3     OCN-TO-ATM: Finalize intro {IS}:! ! --- Array::log() end -------------------------------------
20260620 224153.446 INFO             PET3     OCN-TO-ATM: Finalize intro {IS}:!--- FieldLog() end -------------------
20260620 224153.446 INFO             PET3     OCN-TO-ATM: Finalize intro {IS}:--- StateLog() end -------------------
20260620 224153.446 INFO             PET3     OCN-TO-ATM: Finalize intro {ES}:--- StateLog() start -----------------
20260620 224153.446 INFO             PET3     OCN-TO-ATM: Finalize intro {ES}:<name: ATM-ImportState> <intent: ESMF_STATEINTENT_IMPORT> <itemCount:    1>
20260620 224153.446 INFO             PET3     OCN-TO-ATM: Finalize intro {ES}:+-<item: 0001> <itemType: State> <itemName: ATM-ImportState-namespace:OCN>
20260620 224153.446 INFO             PET3     OCN-TO-ATM: Finalize intro {ES}:! <name: ATM-ImportState-namespace:OCN> <intent: ESMF_STATEINTENT_IMPORT> <itemCount:    1>
20260620 224153.446 INFO             PET3     OCN-TO-ATM: Finalize intro {ES}:! +-<item: 0001> <itemType: Field> <itemName: sea_surface_temperature>
20260620 224153.446 INFO             PET3     OCN-TO-ATM: Finalize intro {ES}:! !--- FieldLog() start -----------------
20260620 224153.446 INFO             PET3     OCN-TO-ATM: Finalize intro {ES}:! ! <name: sea_surface_temperature> <fieldStatus: ESMF_FIELDSTATUS_COMPLETE>
20260620 224153.446 INFO             PET3     OCN-TO-ATM: Finalize intro {ES}:! ! 0x16d578308 => 0x1046c43b0 => 0x13df39bc0
20260620 224153.446 INFO             PET3     OCN-TO-ATM: Finalize intro {ES}:! ! <typekind: Real*8> <rank:    2> <dimCount:    2>
20260620 224153.446 INFO             PET3     OCN-TO-ATM: Finalize intro {ES}:! ! ! --- Array::log() start -----------------------------------
20260620 224153.446 INFO             PET3     OCN-TO-ATM: Finalize intro {ES}:! ! ! 0x13e88d800
20260620 224153.446 INFO             PET3     OCN-TO-ATM: Finalize intro {ES}:! ! ! <name: sea_surface_temperature>
20260620 224153.446 INFO             PET3     OCN-TO-ATM: Finalize intro {ES}:! ! ! ! --- DistGrid::log() start --------------------------------
20260620 224153.446 INFO             PET3     OCN-TO-ATM: Finalize intro {ES}:! ! ! ! 0x13e88de00
20260620 224153.446 INFO             PET3     OCN-TO-ATM: Finalize intro {ES}:! ! ! ! DistGrid object is valid!<name: DG-Grid003-sloc:0>
20260620 224153.446 INFO             PET3     OCN-TO-ATM: Finalize intro {ES}:! ! ! ! --- DistGrid::log() end ----------------------------------
20260620 224153.446 INFO             PET3     OCN-TO-ATM: Finalize intro {ES}:! ! ! --- Array::log() end -------------------------------------
20260620 224153.446 INFO             PET3     OCN-TO-ATM: Finalize intro {ES}:! !--- FieldLog() end -------------------
20260620 224153.446 INFO             PET3     OCN-TO-ATM: Finalize intro {ES}:--- StateLog() end -------------------
20260620 224153.446 INFO             PET3     OCN-TO-ATM: called default label_ReleaseRouteHandle
20260620 224153.446 INFO             PET3     OCN-TO-ATM: Finalize extro {IS}:--- StateLog() start -----------------
20260620 224153.446 INFO             PET3     OCN-TO-ATM: Finalize extro {IS}:<name: OCN-ExportState> <intent: ESMF_STATEINTENT_EXPORT> <itemCount:    1>
20260620 224153.446 INFO             PET3     OCN-TO-ATM: Finalize extro {IS}:+-<item: 0001> <itemType: Field> <itemName: sst>
20260620 224153.446 INFO             PET3     OCN-TO-ATM: Finalize extro {IS}:!--- FieldLog() start -----------------
20260620 224153.446 INFO             PET3     OCN-TO-ATM: Finalize extro {IS}:! <name: sst> <fieldStatus: ESMF_FIELDSTATUS_COMPLETE>
20260620 224153.446 INFO             PET3     OCN-TO-ATM: Finalize extro {IS}:! 0x16d57afb8 => 0x1046b0d30 => 0x13df38730
20260620 224153.446 INFO             PET3     OCN-TO-ATM: Finalize extro {IS}:! <typekind: Real*8> <rank:    2> <dimCount:    2>
20260620 224153.446 INFO             PET3     OCN-TO-ATM: Finalize extro {IS}:! ! --- Array::log() start -----------------------------------
20260620 224153.446 INFO             PET3     OCN-TO-ATM: Finalize extro {IS}:! ! 0x13e86c600
20260620 224153.446 INFO             PET3     OCN-TO-ATM: Finalize extro {IS}:! ! <name: sst>
20260620 224153.446 INFO             PET3     OCN-TO-ATM: Finalize extro {IS}:! ! ! --- DistGrid::log() start --------------------------------
20260620 224153.446 INFO             PET3     OCN-TO-ATM: Finalize extro {IS}:! ! ! 0x13e86ae00
20260620 224153.446 INFO             PET3     OCN-TO-ATM: Finalize extro {IS}:! ! ! DistGrid object is valid!<name: DG-Grid003-sloc:0>
20260620 224153.446 INFO             PET3     OCN-TO-ATM: Finalize extro {IS}:! ! ! --- DistGrid::log() end ----------------------------------
20260620 224153.446 INFO             PET3     OCN-TO-ATM: Finalize extro {IS}:! ! --- Array::log() end -------------------------------------
20260620 224153.446 INFO             PET3     OCN-TO-ATM: Finalize extro {IS}:!--- FieldLog() end -------------------
20260620 224153.446 INFO             PET3     OCN-TO-ATM: Finalize extro {IS}:--- StateLog() end -------------------
20260620 224153.446 INFO             PET3     OCN-TO-ATM: Finalize extro {ES}:--- StateLog() start -----------------
20260620 224153.446 INFO             PET3     OCN-TO-ATM: Finalize extro {ES}:<name: ATM-ImportState> <intent: ESMF_STATEINTENT_IMPORT> <itemCount:    1>
20260620 224153.446 INFO             PET3     OCN-TO-ATM: Finalize extro {ES}:+-<item: 0001> <itemType: State> <itemName: ATM-ImportState-namespace:OCN>
20260620 224153.446 INFO             PET3     OCN-TO-ATM: Finalize extro {ES}:! <name: ATM-ImportState-namespace:OCN> <intent: ESMF_STATEINTENT_IMPORT> <itemCount:    1>
20260620 224153.446 INFO             PET3     OCN-TO-ATM: Finalize extro {ES}:! +-<item: 0001> <itemType: Field> <itemName: sea_surface_temperature>
20260620 224153.446 INFO             PET3     OCN-TO-ATM: Finalize extro {ES}:! !--- FieldLog() start -----------------
20260620 224153.446 INFO             PET3     OCN-TO-ATM: Finalize extro {ES}:! ! <name: sea_surface_temperature> <fieldStatus: ESMF_FIELDSTATUS_COMPLETE>
20260620 224153.446 INFO             PET3     OCN-TO-ATM: Finalize extro {ES}:! ! 0x16d579518 => 0x1046c43b0 => 0x13df39bc0
20260620 224153.446 INFO             PET3     OCN-TO-ATM: Finalize extro {ES}:! ! <typekind: Real*8> <rank:    2> <dimCount:    2>
20260620 224153.446 INFO             PET3     OCN-TO-ATM: Finalize extro {ES}:! ! ! --- Array::log() start -----------------------------------
20260620 224153.446 INFO             PET3     OCN-TO-ATM: Finalize extro {ES}:! ! ! 0x13e88d800
20260620 224153.446 INFO             PET3     OCN-TO-ATM: Finalize extro {ES}:! ! ! <name: sea_surface_temperature>
20260620 224153.446 INFO             PET3     OCN-TO-ATM: Finalize extro {ES}:! ! ! ! --- DistGrid::log() start --------------------------------
20260620 224153.446 INFO             PET3     OCN-TO-ATM: Finalize extro {ES}:! ! ! ! 0x13e88de00
20260620 224153.446 INFO             PET3     OCN-TO-ATM: Finalize extro {ES}:! ! ! ! DistGrid object is valid!<name: DG-Grid003-sloc:0>
20260620 224153.446 INFO             PET3     OCN-TO-ATM: Finalize extro {ES}:! ! ! ! --- DistGrid::log() end ----------------------------------
20260620 224153.446 INFO             PET3     OCN-TO-ATM: Finalize extro {ES}:! ! ! --- Array::log() end -------------------------------------
20260620 224153.446 INFO             PET3     OCN-TO-ATM: Finalize extro {ES}:! !--- FieldLog() end -------------------
20260620 224153.446 INFO             PET3     OCN-TO-ATM: Finalize extro {ES}:--- StateLog() end -------------------
20260620 224153.446 INFO             PET3   OCN-TO-ATM: Finalize extro.
20260620 224153.446 INFO             PET3   Calling Finalize phase 1 for modelComp: ATM
20260620 224153.446 INFO             PET3   Calling Finalize phase 1 for modelComp: OCN
20260620 224153.447 INFO             PET3   OCN: Finalize intro.
20260620 224153.447 INFO             PET3     OCN: Finalize intro {IS}:--- StateLog() start -----------------
20260620 224153.447 INFO             PET3     OCN: Finalize intro {IS}:<name: OCN-ImportState> <intent: ESMF_STATEINTENT_IMPORT> <itemCount:    0>
20260620 224153.447 INFO             PET3     OCN: Finalize intro {IS}:--- StateLog() end -------------------
20260620 224153.447 INFO             PET3     OCN: Finalize intro {ES}:--- StateLog() start -----------------
20260620 224153.447 INFO             PET3     OCN: Finalize intro {ES}:<name: OCN-ExportState> <intent: ESMF_STATEINTENT_EXPORT> <itemCount:    1>
20260620 224153.447 INFO             PET3     OCN: Finalize intro {ES}:+-<item: 0001> <itemType: Field> <itemName: sst>
20260620 224153.447 INFO             PET3     OCN: Finalize intro {ES}:!--- FieldLog() start -----------------
20260620 224153.447 INFO             PET3     OCN: Finalize intro {ES}:! <name: sst> <fieldStatus: ESMF_FIELDSTATUS_COMPLETE>
20260620 224153.447 INFO             PET3     OCN: Finalize intro {ES}:! 0x16d579dd8 => 0x1046b0d30 => 0x13df38730
20260620 224153.447 INFO             PET3     OCN: Finalize intro {ES}:! <typekind: Real*8> <rank:    2> <dimCount:    2>
20260620 224153.447 INFO             PET3     OCN: Finalize intro {ES}:! ! --- Array::log() start -----------------------------------
20260620 224153.447 INFO             PET3     OCN: Finalize intro {ES}:! ! 0x13e86c600
20260620 224153.447 INFO             PET3     OCN: Finalize intro {ES}:! ! <name: sst>
20260620 224153.447 INFO             PET3     OCN: Finalize intro {ES}:! ! ! --- DistGrid::log() start --------------------------------
20260620 224153.447 INFO             PET3     OCN: Finalize intro {ES}:! ! ! 0x13e86ae00
20260620 224153.447 INFO             PET3     OCN: Finalize intro {ES}:! ! ! DistGrid object is valid!<name: DG-Grid003-sloc:0>
20260620 224153.447 INFO             PET3     OCN: Finalize intro {ES}:! ! ! --- DistGrid::log() end ----------------------------------
20260620 224153.447 INFO             PET3     OCN: Finalize intro {ES}:! ! --- Array::log() end -------------------------------------
20260620 224153.447 INFO             PET3     OCN: Finalize intro {ES}:!--- FieldLog() end -------------------
20260620 224153.447 INFO             PET3     OCN: Finalize intro {ES}:--- StateLog() end -------------------
20260620 224153.447 INFO             PET3     >>>OCN: entered Finalize (phase=FinalizePhase1) with current time: 2010  6  1  1  0  0   0
20260620 224153.447 INFO             PET3     <<<OCN: leaving Finalize (phase=FinalizePhase1) with current time: 2010  6  1  1  0  0   0
20260620 224153.447 INFO             PET3   OCN: Finalize extro.
20260620 224153.447 INFO             PET3   Delete modelComp: ATM
20260620 224153.447 INFO             PET3   Delete Import-/Export State for modelComp: ATM
20260620 224153.447 INFO             PET3   Delete modelComp: OCN
20260620 224153.447 INFO             PET3   Delete Import-/Export State for modelComp: OCN
20260620 224153.447 INFO             PET3   Delete connectorComp: ATM-TO-OCN
20260620 224153.447 INFO             PET3   Delete connectorComp: OCN-TO-ATM
20260620 224153.447 INFO             PET3   <<<esm: leaving Finalize (phase=FinalizePhase1) with current time: 2010  6  1  1  0  0   0
20260620 224153.447 INFO             PET3 esm: Finalize extro.
20260620 224153.447 INFO             PET3 esmApp FINISHED
20260620 224153.447 INFO             PET3  Finalizing ESMF
