2026-06-09 01:30:24
20260609 020536.016 INFO             PET0 !!!!!!!!!!!!!!!!!!!!!!!!!!!!!!!!!!!!!!!!!!!!!!!!!!!!!!
20260609 020536.016 INFO             PET0 !!! THE ESMF_LOG IS SET TO OUTPUT ALL LOG MESSAGES !!!
20260609 020536.016 INFO             PET0 !!!     THIS MAY CAUSE SLOWDOWN IN PERFORMANCE     !!!
20260609 020536.016 INFO             PET0 !!! FOR PRODUCTION RUNS, USE:                      !!!
20260609 020536.016 INFO             PET0 !!!                   ESMF_LOGKIND_Multi_On_Error  !!!
20260609 020536.016 INFO             PET0 !!!!!!!!!!!!!!!!!!!!!!!!!!!!!!!!!!!!!!!!!!!!!!!!!!!!!!
20260609 020536.016 INFO             PET0 Running with ESMF Version   : develop+gf183dd1f0b
20260609 020536.016 INFO             PET0 ESMF library build date/time: "Jun  9 2026" "01:28:40"
20260609 020536.016 INFO             PET0 ESMF library build location : /glade/derecho/scratch/sacks/esmf-testing/intel_2024.2.1-oneAPI_mpi_g_develop/esmf
20260609 020536.016 INFO             PET0 ESMF_COMM                   : mpi
20260609 020536.016 INFO             PET0 ESMF_MOAB                   : enabled
20260609 020536.016 INFO             PET0 ESMF_LAPACK                 : enabled
20260609 020536.016 INFO             PET0 ESMF_NETCDF                 : enabled
20260609 020536.016 INFO             PET0 ESMF_PNETCDF                : disabled
20260609 020536.016 INFO             PET0 ESMF_PIO                    : enabled
20260609 020536.016 INFO             PET0 ESMF_YAMLCPP                : enabled
20260609 020536.016 INFO             PET0 esmApp STARTING
20260609 020536.021 INFO             PET0 esm: InitializeGeneric intro.
20260609 020536.021 INFO             PET0   esm: InitializeGeneric intro {IS}:--- StateLog() start -----------------
20260609 020536.021 INFO             PET0   esm: InitializeGeneric intro {IS}:State object is invalid! Not created or deleted!
20260609 020536.021 INFO             PET0   esm: InitializeGeneric intro {IS}:--- StateLog() end -------------------
20260609 020536.021 INFO             PET0   esm: InitializeGeneric intro {ES}:--- StateLog() start -----------------
20260609 020536.021 INFO             PET0   esm: InitializeGeneric intro {ES}:State object is invalid! Not created or deleted!
20260609 020536.021 INFO             PET0   esm: InitializeGeneric intro {ES}:--- StateLog() end -------------------
20260609 020536.021 INFO             PET0   >>>esm: entered Initialize (phase=<none>) without valid internal Clock.
20260609 020536.021 INFO             PET0   esm: InitializeP0 intro.
20260609 020536.021 INFO             PET0     esm: InitializeP0 intro {IS}:--- StateLog() start -----------------
20260609 020536.021 INFO             PET0     esm: InitializeP0 intro {IS}:State object is invalid! Not created or deleted!
20260609 020536.021 INFO             PET0     esm: InitializeP0 intro {IS}:--- StateLog() end -------------------
20260609 020536.021 INFO             PET0     esm: InitializeP0 intro {ES}:--- StateLog() start -----------------
20260609 020536.021 INFO             PET0     esm: InitializeP0 intro {ES}:State object is invalid! Not created or deleted!
20260609 020536.021 INFO             PET0     esm: InitializeP0 intro {ES}:--- StateLog() end -------------------
20260609 020536.021 INFO             PET0     >>>esm: entered Initialize (phase=<none>) without valid internal Clock.
20260609 020536.021 INFO             PET0     <<<esm: leaving Initialize (phase=<none>) without valid internal Clock.
20260609 020536.021 INFO             PET0     esm: InitializeP0 extro {IS}:--- StateLog() start -----------------
20260609 020536.021 INFO             PET0     esm: InitializeP0 extro {IS}:State object is invalid! Not created or deleted!
20260609 020536.021 INFO             PET0     esm: InitializeP0 extro {IS}:--- StateLog() end -------------------
20260609 020536.021 INFO             PET0     esm: InitializeP0 extro {ES}:--- StateLog() start -----------------
20260609 020536.021 INFO             PET0     esm: InitializeP0 extro {ES}:State object is invalid! Not created or deleted!
20260609 020536.021 INFO             PET0     esm: InitializeP0 extro {ES}:--- StateLog() end -------------------
20260609 020536.021 INFO             PET0   esm: InitializeP0 extro.
20260609 020536.021 INFO             PET0   esm: InitializeIPDv02p1 intro.
20260609 020536.021 INFO             PET0     esm: InitializeIPDv02p1 intro {IS}:--- StateLog() start -----------------
20260609 020536.021 INFO             PET0     esm: InitializeIPDv02p1 intro {IS}:State object is invalid! Not created or deleted!
20260609 020536.021 INFO             PET0     esm: InitializeIPDv02p1 intro {IS}:--- StateLog() end -------------------
20260609 020536.021 INFO             PET0     esm: InitializeIPDv02p1 intro {ES}:--- StateLog() start -----------------
20260609 020536.021 INFO             PET0     esm: InitializeIPDv02p1 intro {ES}:State object is invalid! Not created or deleted!
20260609 020536.021 INFO             PET0     esm: InitializeIPDv02p1 intro {ES}:--- StateLog() end -------------------
20260609 020536.021 INFO             PET0     >>>esm: entered Initialize (phase=<none>) without valid internal Clock.
20260609 020536.022 INFO             PET0     esm - Creating model component ATM with petList of size 2 :
20260609 020536.022 INFO             PET0           0      1
20260609 020536.023 INFO             PET0     esm - Creating model component OCN with petList of size 2 :
20260609 020536.023 INFO             PET0           2      3
20260609 020536.024 INFO             PET0     esm - Creating connector component ATM-TO-OCN with petList of size 4 :
20260609 020536.024 INFO             PET0           0      1      2      3
20260609 020536.028 INFO             PET0     esm - Creating connector component OCN-TO-ATM with petList of size 4 :
20260609 020536.028 INFO             PET0           2      3      0      1
20260609 020536.032 INFO             PET0     esm - Creating state: modelComp 1 Import State
20260609 020536.032 INFO             PET0     esm - Creating state: modelComp 1 Export State
20260609 020536.032 INFO             PET0     esm - Creating state: modelComp 2 Import State
20260609 020536.032 INFO             PET0     esm - Creating state: modelComp 2 Export State
20260609 020536.033 INFO             PET0     ATM: InitializeP0 intro.
20260609 020536.034 INFO             PET0     ATM: InitializeP0 extro.
20260609 020536.036 INFO             PET0     ATM-TO-OCN: InitializeP0 intro.
20260609 020536.036 INFO             PET0     ATM-TO-OCN: InitializeP0 extro.
20260609 020536.036 INFO             PET0     OCN-TO-ATM: InitializeP0 intro.
20260609 020536.037 INFO             PET0     OCN-TO-ATM: InitializeP0 extro.
20260609 020536.038 INFO             PET0     esm: IInitAdvertise intro.
20260609 020536.038 INFO             PET0       esm: IInitAdvertise intro {IS}:--- StateLog() start -----------------
20260609 020536.038 INFO             PET0       esm: IInitAdvertise intro {IS}:State object is invalid! Not created or deleted!
20260609 020536.038 INFO             PET0       esm: IInitAdvertise intro {IS}:--- StateLog() end -------------------
20260609 020536.038 INFO             PET0       esm: IInitAdvertise intro {ES}:--- StateLog() start -----------------
20260609 020536.038 INFO             PET0       esm: IInitAdvertise intro {ES}:State object is invalid! Not created or deleted!
20260609 020536.038 INFO             PET0       esm: IInitAdvertise intro {ES}:--- StateLog() end -------------------
20260609 020536.038 INFO             PET0       >>>esm: entered Initialize (phase=<none>) with current time: 2010  6  1  0  0  0   0
20260609 020536.038 INFO             PET0       <<<esm: leaving Initialize (phase=<none>) with current time: 2010  6  1  0  0  0   0
20260609 020536.038 INFO             PET0       esm: IInitAdvertise extro {IS}:--- StateLog() start -----------------
20260609 020536.038 INFO             PET0       esm: IInitAdvertise extro {IS}:State object is invalid! Not created or deleted!
20260609 020536.038 INFO             PET0       esm: IInitAdvertise extro {IS}:--- StateLog() end -------------------
20260609 020536.038 INFO             PET0       esm: IInitAdvertise extro {ES}:--- StateLog() start -----------------
20260609 020536.038 INFO             PET0       esm: IInitAdvertise extro {ES}:State object is invalid! Not created or deleted!
20260609 020536.038 INFO             PET0       esm: IInitAdvertise extro {ES}:--- StateLog() end -------------------
20260609 020536.038 INFO             PET0     esm: IInitAdvertise extro.
20260609 020536.038 INFO             PET0     ATM: InitializeIPDvXp01 intro.
20260609 020536.040 INFO             PET0     ATM: InitializeIPDvXp01 extro.
20260609 020536.041 INFO             PET0     ATM-TO-OCN: InitializeIPDv05p1 intro.
20260609 020536.047 INFO             PET0     ATM-TO-OCN: InitializeIPDv05p1 extro.
20260609 020536.047 INFO             PET0     OCN-TO-ATM: InitializeIPDv05p1 intro.
20260609 020536.049 INFO             PET0     OCN-TO-ATM: InitializeIPDv05p1 extro.
20260609 020536.049 INFO             PET0     esm: IInitAdvertiseFinish intro.
20260609 020536.049 INFO             PET0       esm: IInitAdvertiseFinish intro {IS}:--- StateLog() start -----------------
20260609 020536.049 INFO             PET0       esm: IInitAdvertiseFinish intro {IS}:State object is invalid! Not created or deleted!
20260609 020536.050 INFO             PET0       esm: IInitAdvertiseFinish intro {IS}:--- StateLog() end -------------------
20260609 020536.050 INFO             PET0       esm: IInitAdvertiseFinish intro {ES}:--- StateLog() start -----------------
20260609 020536.050 INFO             PET0       esm: IInitAdvertiseFinish intro {ES}:State object is invalid! Not created or deleted!
20260609 020536.050 INFO             PET0       esm: IInitAdvertiseFinish intro {ES}:--- StateLog() end -------------------
20260609 020536.050 INFO             PET0       >>>esm: entered Initialize (phase=<none>) with current time: 2010  6  1  0  0  0   0
20260609 020536.050 INFO             PET0       <<<esm: leaving Initialize (phase=<none>) with current time: 2010  6  1  0  0  0   0
20260609 020536.050 INFO             PET0       esm: IInitAdvertiseFinish extro {IS}:--- StateLog() start -----------------
20260609 020536.050 INFO             PET0       esm: IInitAdvertiseFinish extro {IS}:State object is invalid! Not created or deleted!
20260609 020536.050 INFO             PET0       esm: IInitAdvertiseFinish extro {IS}:--- StateLog() end -------------------
20260609 020536.050 INFO             PET0       esm: IInitAdvertiseFinish extro {ES}:--- StateLog() start -----------------
20260609 020536.050 INFO             PET0       esm: IInitAdvertiseFinish extro {ES}:State object is invalid! Not created or deleted!
20260609 020536.050 INFO             PET0       esm: IInitAdvertiseFinish extro {ES}:--- StateLog() end -------------------
20260609 020536.050 INFO             PET0     esm: IInitAdvertiseFinish extro.
20260609 020536.050 INFO             PET0     ATM-TO-OCN: InitializeIPDv05p2a intro.
20260609 020536.055 INFO             PET0     ATM-TO-OCN: InitializeIPDv05p2a extro.
20260609 020536.055 INFO             PET0     OCN-TO-ATM: InitializeIPDv05p2a intro.
20260609 020536.058 INFO             PET0     OCN-TO-ATM: InitializeIPDv05p2a extro.
20260609 020536.058 INFO             PET0     ATM-TO-OCN: InitializeIPDv05p2b intro.
20260609 020536.063 INFO             PET0     ATM-TO-OCN: InitializeIPDv05p2b extro.
20260609 020536.063 INFO             PET0     OCN-TO-ATM: InitializeIPDv05p2b intro.
20260609 020536.066 INFO             PET0     OCN-TO-ATM: InitializeIPDv05p2b extro.
20260609 020536.066 INFO             PET0     esm: IInitModifyCplLists intro.
20260609 020536.066 INFO             PET0       esm: IInitModifyCplLists intro {IS}:--- StateLog() start -----------------
20260609 020536.066 INFO             PET0       esm: IInitModifyCplLists intro {IS}:State object is invalid! Not created or deleted!
20260609 020536.066 INFO             PET0       esm: IInitModifyCplLists intro {IS}:--- StateLog() end -------------------
20260609 020536.066 INFO             PET0       esm: IInitModifyCplLists intro {ES}:--- StateLog() start -----------------
20260609 020536.066 INFO             PET0       esm: IInitModifyCplLists intro {ES}:State object is invalid! Not created or deleted!
20260609 020536.066 INFO             PET0       esm: IInitModifyCplLists intro {ES}:--- StateLog() end -------------------
20260609 020536.066 INFO             PET0       >>>esm: entered Initialize (phase=<none>) with current time: 2010  6  1  0  0  0   0
20260609 020536.066 INFO             PET0       Driver is in ModifyCplLists()
20260609 020536.066 INFO             PET0        Found            2  Connectors. Modifying CplList Attribute....
20260609 020536.066 INFO             PET0       <<<esm: leaving Initialize (phase=<none>) with current time: 2010  6  1  0  0  0   0
20260609 020536.066 INFO             PET0       esm: IInitModifyCplLists extro {IS}:--- StateLog() start -----------------
20260609 020536.066 INFO             PET0       esm: IInitModifyCplLists extro {IS}:State object is invalid! Not created or deleted!
20260609 020536.066 INFO             PET0       esm: IInitModifyCplLists extro {IS}:--- StateLog() end -------------------
20260609 020536.066 INFO             PET0       esm: IInitModifyCplLists extro {ES}:--- StateLog() start -----------------
20260609 020536.066 INFO             PET0       esm: IInitModifyCplLists extro {ES}:State object is invalid! Not created or deleted!
20260609 020536.066 INFO             PET0       esm: IInitModifyCplLists extro {ES}:--- StateLog() end -------------------
20260609 020536.066 INFO             PET0     esm: IInitModifyCplLists extro.
20260609 020536.067 INFO             PET0     ATM-TO-OCN: InitializeIPDv05p3 intro.
20260609 020536.072 INFO             PET0     ATM-TO-OCN: InitializeIPDv05p3 extro.
20260609 020536.072 INFO             PET0     OCN-TO-ATM: InitializeIPDv05p3 intro.
20260609 020536.075 INFO             PET0     OCN-TO-ATM: InitializeIPDv05p3 extro.
20260609 020536.075 INFO             PET0     <<<esm: leaving Initialize (phase=<none>) with current time: 2010  6  1  0  0  0   0
20260609 020536.075 INFO             PET0     esm: InitializeIPDv02p1 extro {IS}:--- StateLog() start -----------------
20260609 020536.075 INFO             PET0     esm: InitializeIPDv02p1 extro {IS}:State object is invalid! Not created or deleted!
20260609 020536.075 INFO             PET0     esm: InitializeIPDv02p1 extro {IS}:--- StateLog() end -------------------
20260609 020536.075 INFO             PET0     esm: InitializeIPDv02p1 extro {ES}:--- StateLog() start -----------------
20260609 020536.075 INFO             PET0     esm: InitializeIPDv02p1 extro {ES}:State object is invalid! Not created or deleted!
20260609 020536.075 INFO             PET0     esm: InitializeIPDv02p1 extro {ES}:--- StateLog() end -------------------
20260609 020536.075 INFO             PET0   esm: InitializeIPDv02p1 extro.
20260609 020536.075 INFO             PET0   esm: InitializeIPDv02p3 intro.
20260609 020536.075 INFO             PET0     esm: InitializeIPDv02p3 intro {IS}:--- StateLog() start -----------------
20260609 020536.075 INFO             PET0     esm: InitializeIPDv02p3 intro {IS}:State object is invalid! Not created or deleted!
20260609 020536.075 INFO             PET0     esm: InitializeIPDv02p3 intro {IS}:--- StateLog() end -------------------
20260609 020536.075 INFO             PET0     esm: InitializeIPDv02p3 intro {ES}:--- StateLog() start -----------------
20260609 020536.075 INFO             PET0     esm: InitializeIPDv02p3 intro {ES}:State object is invalid! Not created or deleted!
20260609 020536.075 INFO             PET0     esm: InitializeIPDv02p3 intro {ES}:--- StateLog() end -------------------
20260609 020536.075 INFO             PET0     >>>esm: entered Initialize (phase=<none>) with current time: 2010  6  1  0  0  0   0
20260609 020536.075 INFO             PET0     esm: IInitCheck intro.
20260609 020536.075 INFO             PET0       esm: IInitCheck intro {IS}:--- StateLog() start -----------------
20260609 020536.075 INFO             PET0       esm: IInitCheck intro {IS}:State object is invalid! Not created or deleted!
20260609 020536.075 INFO             PET0       esm: IInitCheck intro {IS}:--- StateLog() end -------------------
20260609 020536.075 INFO             PET0       esm: IInitCheck intro {ES}:--- StateLog() start -----------------
20260609 020536.075 INFO             PET0       esm: IInitCheck intro {ES}:State object is invalid! Not created or deleted!
20260609 020536.075 INFO             PET0       esm: IInitCheck intro {ES}:--- StateLog() end -------------------
20260609 020536.075 INFO             PET0       >>>esm: entered Initialize (phase=<none>) with current time: 2010  6  1  0  0  0   0
20260609 020536.075 INFO             PET0       <<<esm: leaving Initialize (phase=<none>) with current time: 2010  6  1  0  0  0   0
20260609 020536.075 INFO             PET0       esm: IInitCheck extro {IS}:--- StateLog() start -----------------
20260609 020536.075 INFO             PET0       esm: IInitCheck extro {IS}:State object is invalid! Not created or deleted!
20260609 020536.075 INFO             PET0       esm: IInitCheck extro {IS}:--- StateLog() end -------------------
20260609 020536.075 INFO             PET0       esm: IInitCheck extro {ES}:--- StateLog() start -----------------
20260609 020536.075 INFO             PET0       esm: IInitCheck extro {ES}:State object is invalid! Not created or deleted!
20260609 020536.075 INFO             PET0       esm: IInitCheck extro {ES}:--- StateLog() end -------------------
20260609 020536.075 INFO             PET0     esm: IInitCheck extro.
20260609 020536.075 INFO             PET0     ATM: InitializeIPDvXp04 intro.
20260609 020536.080 INFO             PET0     ATM: InitializeIPDvXp04 extro.
20260609 020536.081 INFO             PET0     ATM-TO-OCN: InitializeIPDv05p4 intro.
20260609 020536.089 INFO             PET0     ATM-TO-OCN: InitializeIPDv05p4 extro.
20260609 020536.089 INFO             PET0     OCN-TO-ATM: InitializeIPDv05p4 intro.
20260609 020536.093 INFO             PET0     OCN-TO-ATM: InitializeIPDv05p4 extro.
20260609 020536.093 INFO             PET0     ATM-TO-OCN: InitializeIPDv05p5 intro.
20260609 020536.102 INFO             PET0     ATM-TO-OCN: InitializeIPDv05p5 extro.
20260609 020536.102 INFO             PET0     OCN-TO-ATM: InitializeIPDv05p5 intro.
20260609 020536.105 INFO             PET0     OCN-TO-ATM: InitializeIPDv05p5 extro.
20260609 020536.106 INFO             PET0     esm: IInitRealize intro.
20260609 020536.106 INFO             PET0       esm: IInitRealize intro {IS}:--- StateLog() start -----------------
20260609 020536.106 INFO             PET0       esm: IInitRealize intro {IS}:State object is invalid! Not created or deleted!
20260609 020536.106 INFO             PET0       esm: IInitRealize intro {IS}:--- StateLog() end -------------------
20260609 020536.106 INFO             PET0       esm: IInitRealize intro {ES}:--- StateLog() start -----------------
20260609 020536.106 INFO             PET0       esm: IInitRealize intro {ES}:State object is invalid! Not created or deleted!
20260609 020536.106 INFO             PET0       esm: IInitRealize intro {ES}:--- StateLog() end -------------------
20260609 020536.106 INFO             PET0       >>>esm: entered Initialize (phase=<none>) with current time: 2010  6  1  0  0  0   0
20260609 020536.106 INFO             PET0       <<<esm: leaving Initialize (phase=<none>) with current time: 2010  6  1  0  0  0   0
20260609 020536.106 INFO             PET0       esm: IInitRealize extro {IS}:--- StateLog() start -----------------
20260609 020536.106 INFO             PET0       esm: IInitRealize extro {IS}:State object is invalid! Not created or deleted!
20260609 020536.106 INFO             PET0       esm: IInitRealize extro {IS}:--- StateLog() end -------------------
20260609 020536.106 INFO             PET0       esm: IInitRealize extro {ES}:--- StateLog() start -----------------
20260609 020536.106 INFO             PET0       esm: IInitRealize extro {ES}:State object is invalid! Not created or deleted!
20260609 020536.106 INFO             PET0       esm: IInitRealize extro {ES}:--- StateLog() end -------------------
20260609 020536.106 INFO             PET0     esm: IInitRealize extro.
20260609 020536.106 INFO             PET0     ATM-TO-OCN: InitializeIPDv05p6a intro.
20260609 020536.114 INFO             PET0     ATM-TO-OCN: InitializeIPDv05p6a extro.
20260609 020536.114 INFO             PET0     OCN-TO-ATM: InitializeIPDv05p6a intro.
20260609 020536.118 INFO             PET0     OCN-TO-ATM: InitializeIPDv05p6a extro.
20260609 020536.118 INFO             PET0     ATM-TO-OCN: InitializeIPDv05p6b intro.
20260609 020536.197 INFO             PET0     ATM-TO-OCN: InitializeIPDv05p6b extro.
20260609 020536.198 INFO             PET0     OCN-TO-ATM: InitializeIPDv05p6b intro.
20260609 020536.258 INFO             PET0     OCN-TO-ATM: InitializeIPDv05p6b extro.
20260609 020536.258 INFO             PET0     ATM: InitializeIPDvXp07 intro.
20260609 020536.258 INFO             PET0     ATM: InitializeIPDvXp07 extro.
20260609 020536.259 INFO             PET0     <<<esm: leaving Initialize (phase=<none>) with current time: 2010  6  1  0  0  0   0
20260609 020536.259 INFO             PET0     esm: InitializeIPDv02p3 extro {IS}:--- StateLog() start -----------------
20260609 020536.259 INFO             PET0     esm: InitializeIPDv02p3 extro {IS}:State object is invalid! Not created or deleted!
20260609 020536.259 INFO             PET0     esm: InitializeIPDv02p3 extro {IS}:--- StateLog() end -------------------
20260609 020536.259 INFO             PET0     esm: InitializeIPDv02p3 extro {ES}:--- StateLog() start -----------------
20260609 020536.259 INFO             PET0     esm: InitializeIPDv02p3 extro {ES}:State object is invalid! Not created or deleted!
20260609 020536.259 INFO             PET0     esm: InitializeIPDv02p3 extro {ES}:--- StateLog() end -------------------
20260609 020536.259 INFO             PET0   esm: InitializeIPDv02p3 extro.
20260609 020536.259 INFO             PET0   esm: InitializeIPDv02p5 intro.
20260609 020536.259 INFO             PET0     esm: InitializeIPDv02p5 intro {IS}:--- StateLog() start -----------------
20260609 020536.259 INFO             PET0     esm: InitializeIPDv02p5 intro {IS}:State object is invalid! Not created or deleted!
20260609 020536.259 INFO             PET0     esm: InitializeIPDv02p5 intro {IS}:--- StateLog() end -------------------
20260609 020536.259 INFO             PET0     esm: InitializeIPDv02p5 intro {ES}:--- StateLog() start -----------------
20260609 020536.259 INFO             PET0     esm: InitializeIPDv02p5 intro {ES}:State object is invalid! Not created or deleted!
20260609 020536.259 INFO             PET0     esm: InitializeIPDv02p5 intro {ES}:--- StateLog() end -------------------
20260609 020536.259 INFO             PET0     >>>esm: entered Initialize (phase=<none>) with current time: 2010  6  1  0  0  0   0
20260609 020536.259 INFO             PET0     esm: this is a top level driver, no 'Updated' and 'InitializeDataComplete' info on this level.
20260609 020536.259 INFO             PET0     esm: InitializeIPDv02p5Data intro.
20260609 020536.259 INFO             PET0       esm: InitializeIPDv02p5Data intro {IS}:--- StateLog() start -----------------
20260609 020536.259 INFO             PET0       esm: InitializeIPDv02p5Data intro {IS}:State object is invalid! Not created or deleted!
20260609 020536.259 INFO             PET0       esm: InitializeIPDv02p5Data intro {IS}:--- StateLog() end -------------------
20260609 020536.259 INFO             PET0       esm: InitializeIPDv02p5Data intro {ES}:--- StateLog() start -----------------
20260609 020536.259 INFO             PET0       esm: InitializeIPDv02p5Data intro {ES}:State object is invalid! Not created or deleted!
20260609 020536.259 INFO             PET0       esm: InitializeIPDv02p5Data intro {ES}:--- StateLog() end -------------------
20260609 020536.259 INFO             PET0       >>>esm: entered Initialize (phase=<none>) with current time: 2010  6  1  0  0  0   0
20260609 020536.259 INFO             PET0       esm: InternalInitializeComplete intro.
20260609 020536.259 INFO             PET0         esm: InternalInitializeComplete intro {IS}:--- StateLog() start -----------------
20260609 020536.259 INFO             PET0         esm: InternalInitializeComplete intro {IS}:State object is invalid! Not created or deleted!
20260609 020536.259 INFO             PET0         esm: InternalInitializeComplete intro {IS}:--- StateLog() end -------------------
20260609 020536.259 INFO             PET0         esm: InternalInitializeComplete intro {ES}:--- StateLog() start -----------------
20260609 020536.259 INFO             PET0         esm: InternalInitializeComplete intro {ES}:State object is invalid! Not created or deleted!
20260609 020536.259 INFO             PET0         esm: InternalInitializeComplete intro {ES}:--- StateLog() end -------------------
20260609 020536.259 INFO             PET0         >>>esm: entered Initialize (phase=<none>) with current time: 2010  6  1  0  0  0   0
20260609 020536.259 INFO             PET0         esm: InitializeDataComplete='true'
20260609 020536.259 INFO             PET0         <<<esm: leaving Initialize (phase=<none>) with current time: 2010  6  1  0  0  0   0
20260609 020536.259 INFO             PET0         esm: InternalInitializeComplete extro {IS}:--- StateLog() start -----------------
20260609 020536.259 INFO             PET0         esm: InternalInitializeComplete extro {IS}:State object is invalid! Not created or deleted!
20260609 020536.259 INFO             PET0         esm: InternalInitializeComplete extro {IS}:--- StateLog() end -------------------
20260609 020536.259 INFO             PET0         esm: InternalInitializeComplete extro {ES}:--- StateLog() start -----------------
20260609 020536.259 INFO             PET0         esm: InternalInitializeComplete extro {ES}:State object is invalid! Not created or deleted!
20260609 020536.259 INFO             PET0         esm: InternalInitializeComplete extro {ES}:--- StateLog() end -------------------
20260609 020536.259 INFO             PET0       esm: InternalInitializeComplete extro.
20260609 020536.259 INFO             PET0       ATM: InitializeIPDv01p5 intro.
20260609 020536.260 INFO             PET0       ATM: InitializeIPDv01p5 extro.
20260609 020536.261 INFO             PET0       esm: components present that trigger loopDataDependentInitialize().
20260609 020536.261 INFO             PET0       esm: loopDataDependentInitialize intro.
20260609 020536.261 INFO             PET0         esm: loopDataDependentInitialize intro {IS}:--- StateLog() start -----------------
20260609 020536.261 INFO             PET0         esm: loopDataDependentInitialize intro {IS}:State object is invalid! Not created or deleted!
20260609 020536.261 INFO             PET0         esm: loopDataDependentInitialize intro {IS}:--- StateLog() end -------------------
20260609 020536.261 INFO             PET0         esm: loopDataDependentInitialize intro {ES}:--- StateLog() start -----------------
20260609 020536.261 INFO             PET0         esm: loopDataDependentInitialize intro {ES}:State object is invalid! Not created or deleted!
20260609 020536.261 INFO             PET0         esm: loopDataDependentInitialize intro {ES}:--- StateLog() end -------------------
20260609 020536.261 INFO             PET0         >>>esm: entered Initialize (phase=<none>) with current time: 2010  6  1  0  0  0   0
20260609 020536.261 INFO             PET0         esm: component    0=esm, dataComplete (local): true
20260609 020536.261 INFO             PET0         esm: component    0=esm, dataComplete (global):  T
20260609 020536.261 INFO             PET0         esm: component    1=ATM, dataComplete (local): true
20260609 020536.261 INFO             PET0         esm: component    1=ATM, dataComplete (global):  T
20260609 020536.261 INFO             PET0         esm: component    2=OCN, dataComplete (local): true
20260609 020536.261 INFO             PET0         esm: component    2=OCN, dataComplete (global):  T
20260609 020536.261 INFO             PET0         esm: someProgress= F, allComplete= T, present(dataDepAllComplete)= T
20260609 020536.261 INFO             PET0         esm: finished resolving initialize data dependencies on this level.
20260609 020536.261 INFO             PET0         <<<esm: leaving Initialize (phase=<none>) with current time: 2010  6  1  0  0  0   0
20260609 020536.261 INFO             PET0         esm: loopDataDependentInitialize extro {IS}:--- StateLog() start -----------------
20260609 020536.261 INFO             PET0         esm: loopDataDependentInitialize extro {IS}:State object is invalid! Not created or deleted!
20260609 020536.261 INFO             PET0         esm: loopDataDependentInitialize extro {IS}:--- StateLog() end -------------------
20260609 020536.261 INFO             PET0         esm: loopDataDependentInitialize extro {ES}:--- StateLog() start -----------------
20260609 020536.261 INFO             PET0         esm: loopDataDependentInitialize extro {ES}:State object is invalid! Not created or deleted!
20260609 020536.261 INFO             PET0         esm: loopDataDependentInitialize extro {ES}:--- StateLog() end -------------------
20260609 020536.261 INFO             PET0       esm: loopDataDependentInitialize extro.
20260609 020536.261 INFO             PET0       esm: loopDataDependentInitialize() returned with dataDepAllComplete:  T
20260609 020536.261 INFO             PET0       <<<esm: leaving Initialize (phase=<none>) with current time: 2010  6  1  0  0  0   0
20260609 020536.261 INFO             PET0       esm: InitializeIPDv02p5Data extro {IS}:--- StateLog() start -----------------
20260609 020536.261 INFO             PET0       esm: InitializeIPDv02p5Data extro {IS}:State object is invalid! Not created or deleted!
20260609 020536.261 INFO             PET0       esm: InitializeIPDv02p5Data extro {IS}:--- StateLog() end -------------------
20260609 020536.261 INFO             PET0       esm: InitializeIPDv02p5Data extro {ES}:--- StateLog() start -----------------
20260609 020536.261 INFO             PET0       esm: InitializeIPDv02p5Data extro {ES}:State object is invalid! Not created or deleted!
20260609 020536.261 INFO             PET0       esm: InitializeIPDv02p5Data extro {ES}:--- StateLog() end -------------------
20260609 020536.261 INFO             PET0     esm: InitializeIPDv02p5Data extro.
20260609 020536.261 INFO             PET0     <<<esm: leaving Initialize (phase=<none>) with current time: 2010  6  1  0  0  0   0
20260609 020536.261 INFO             PET0     esm: InitializeIPDv02p5 extro {IS}:--- StateLog() start -----------------
20260609 020536.261 INFO             PET0     esm: InitializeIPDv02p5 extro {IS}:State object is invalid! Not created or deleted!
20260609 020536.261 INFO             PET0     esm: InitializeIPDv02p5 extro {IS}:--- StateLog() end -------------------
20260609 020536.261 INFO             PET0     esm: InitializeIPDv02p5 extro {ES}:--- StateLog() start -----------------
20260609 020536.261 INFO             PET0     esm: InitializeIPDv02p5 extro {ES}:State object is invalid! Not created or deleted!
20260609 020536.261 INFO             PET0     esm: InitializeIPDv02p5 extro {ES}:--- StateLog() end -------------------
20260609 020536.261 INFO             PET0   esm: InitializeIPDv02p5 extro.
20260609 020536.261 INFO             PET0   <<<esm: leaving Initialize (phase=<none>) with current time: 2010  6  1  0  0  0   0
20260609 020536.261 INFO             PET0   esm: InitializeGeneric extro {IS}:--- StateLog() start -----------------
20260609 020536.261 INFO             PET0   esm: InitializeGeneric extro {IS}:State object is invalid! Not created or deleted!
20260609 020536.261 INFO             PET0   esm: InitializeGeneric extro {IS}:--- StateLog() end -------------------
20260609 020536.261 INFO             PET0   esm: InitializeGeneric extro {ES}:--- StateLog() start -----------------
20260609 020536.261 INFO             PET0   esm: InitializeGeneric extro {ES}:State object is invalid! Not created or deleted!
20260609 020536.261 INFO             PET0   esm: InitializeGeneric extro {ES}:--- StateLog() end -------------------
20260609 020536.262 INFO             PET0 esm: InitializeGeneric extro.
20260609 020536.262 INFO             PET0 esm: Run intro.
20260609 020536.262 INFO             PET0   esm: Run intro {IS}:--- StateLog() start -----------------
20260609 020536.262 INFO             PET0   esm: Run intro {IS}:State object is invalid! Not created or deleted!
20260609 020536.262 INFO             PET0   esm: Run intro {IS}:--- StateLog() end -------------------
20260609 020536.262 INFO             PET0   esm: Run intro {ES}:--- StateLog() start -----------------
20260609 020536.262 INFO             PET0   esm: Run intro {ES}:State object is invalid! Not created or deleted!
20260609 020536.262 INFO             PET0   esm: Run intro {ES}:--- StateLog() end -------------------
20260609 020536.262 INFO             PET0   >>>esm: entered Run (phase=RunPhase1) with current time: 2010  6  1  0  0  0   0
20260609 020536.262 INFO             PET0   esm: after lable_SetRunClock, current time: 2010  6  1  0  0  0   0
20260609 020536.262 INFO             PET0   esm: begin -------> RunSequence.
20260609 020536.262 INFO             PET0     esm: RunSequence event loopLevel=   1  levelMember=   1  loopIteration=   1, current time: 2010  6  1  0  0  0   0
20260609 020536.262 INFO             PET0     ATM-TO-OCN: Run intro.
20260609 020536.262 INFO             PET0     ATM-TO-OCN: Run extro.
20260609 020536.263 INFO             PET0     OCN-TO-ATM: Run intro.
20260609 020536.263 INFO             PET0     OCN-TO-ATM: Run extro.
20260609 020536.263 INFO             PET0     ATM: Run intro.
20260609 020536.263 INFO             PET0       ------>Advancing ATM from: 2010  6  1  0  0  0   0
20260609 020536.263 INFO             PET0       ---------------------> to: 2010  6  1  0 15  0   0
20260609 020536.263 INFO             PET0     ATM: Run extro.
20260609 020536.263 INFO             PET0     esm: RunSequence event loopLevel=   1  levelMember=   1  loopIteration=   2, current time: 2010  6  1  0 15  0   0
20260609 020536.263 INFO             PET0     ATM-TO-OCN: Run intro.
20260609 020536.264 INFO             PET0     ATM-TO-OCN: Run extro.
20260609 020536.264 INFO             PET0     OCN-TO-ATM: Run intro.
20260609 020536.276 INFO             PET0     OCN-TO-ATM: Run extro.
20260609 020536.276 INFO             PET0     ATM: Run intro.
20260609 020536.276 INFO             PET0       ------>Advancing ATM from: 2010  6  1  0 15  0   0
20260609 020536.276 INFO             PET0       ---------------------> to: 2010  6  1  0 30  0   0
20260609 020536.276 INFO             PET0     ATM: Run extro.
20260609 020536.276 INFO             PET0     esm: RunSequence event loopLevel=   1  levelMember=   1  loopIteration=   3, current time: 2010  6  1  0 30  0   0
20260609 020536.276 INFO             PET0     ATM-TO-OCN: Run intro.
20260609 020536.276 INFO             PET0     ATM-TO-OCN: Run extro.
20260609 020536.276 INFO             PET0     OCN-TO-ATM: Run intro.
20260609 020536.284 INFO             PET0     OCN-TO-ATM: Run extro.
20260609 020536.285 INFO             PET0     ATM: Run intro.
20260609 020536.285 INFO             PET0       ------>Advancing ATM from: 2010  6  1  0 30  0   0
20260609 020536.285 INFO             PET0       ---------------------> to: 2010  6  1  0 45  0   0
20260609 020536.285 INFO             PET0     ATM: Run extro.
20260609 020536.285 INFO             PET0     esm: RunSequence event loopLevel=   1  levelMember=   1  loopIteration=   4, current time: 2010  6  1  0 45  0   0
20260609 020536.285 INFO             PET0     ATM-TO-OCN: Run intro.
20260609 020536.285 INFO             PET0     ATM-TO-OCN: Run extro.
20260609 020536.285 INFO             PET0     OCN-TO-ATM: Run intro.
20260609 020536.293 INFO             PET0     OCN-TO-ATM: Run extro.
20260609 020536.293 INFO             PET0     ATM: Run intro.
20260609 020536.293 INFO             PET0       ------>Advancing ATM from: 2010  6  1  0 45  0   0
20260609 020536.293 INFO             PET0       ---------------------> to: 2010  6  1  1  0  0   0
20260609 020536.293 INFO             PET0     ATM: Run extro.
20260609 020536.293 INFO             PET0   esm: end <--------- RunSequence
20260609 020536.293 INFO             PET0   <<<esm: leaving Run (phase=RunPhase1) with current time: 2010  6  1  1  0  0   0
20260609 020536.293 INFO             PET0   esm: Run extro {IS}:--- StateLog() start -----------------
20260609 020536.294 INFO             PET0   esm: Run extro {IS}:State object is invalid! Not created or deleted!
20260609 020536.294 INFO             PET0   esm: Run extro {IS}:--- StateLog() end -------------------
20260609 020536.294 INFO             PET0   esm: Run extro {ES}:--- StateLog() start -----------------
20260609 020536.294 INFO             PET0   esm: Run extro {ES}:State object is invalid! Not created or deleted!
20260609 020536.294 INFO             PET0   esm: Run extro {ES}:--- StateLog() end -------------------
20260609 020536.294 INFO             PET0 esm: Run extro.
20260609 020536.294 INFO             PET0 esm: Finalize intro.
20260609 020536.294 INFO             PET0   esm: Finalize intro {IS}:--- StateLog() start -----------------
20260609 020536.294 INFO             PET0   esm: Finalize intro {IS}:State object is invalid! Not created or deleted!
20260609 020536.294 INFO             PET0   esm: Finalize intro {IS}:--- StateLog() end -------------------
20260609 020536.294 INFO             PET0   esm: Finalize intro {ES}:--- StateLog() start -----------------
20260609 020536.294 INFO             PET0   esm: Finalize intro {ES}:State object is invalid! Not created or deleted!
20260609 020536.294 INFO             PET0   esm: Finalize intro {ES}:--- StateLog() end -------------------
20260609 020536.294 INFO             PET0   >>>esm: entered Finalize (phase=FinalizePhase1) with current time: 2010  6  1  1  0  0   0
20260609 020536.294 INFO             PET0   Calling Finalize phase 1 for connectorComp: ATM-TO-OCN
20260609 020536.294 INFO             PET0   ATM-TO-OCN: Finalize intro.
20260609 020536.294 INFO             PET0   ATM-TO-OCN: Finalize extro.
20260609 020536.294 INFO             PET0   Calling Finalize phase 1 for connectorComp: OCN-TO-ATM
20260609 020536.294 INFO             PET0   OCN-TO-ATM: Finalize intro.
20260609 020536.294 INFO             PET0   OCN-TO-ATM: Finalize extro.
20260609 020536.294 INFO             PET0   Calling Finalize phase 1 for modelComp: ATM
20260609 020536.294 INFO             PET0   ATM: Finalize intro.
20260609 020536.294 INFO             PET0   ATM: Finalize extro.
20260609 020536.294 INFO             PET0   Calling Finalize phase 1 for modelComp: OCN
20260609 020536.294 INFO             PET0   Delete modelComp: ATM
20260609 020536.294 INFO             PET0   Delete Import-/Export State for modelComp: ATM
20260609 020536.294 INFO             PET0   Delete modelComp: OCN
20260609 020536.294 INFO             PET0   Delete Import-/Export State for modelComp: OCN
20260609 020536.294 INFO             PET0   Delete connectorComp: ATM-TO-OCN
20260609 020536.294 INFO             PET0   Delete connectorComp: OCN-TO-ATM
20260609 020536.295 INFO             PET0   <<<esm: leaving Finalize (phase=FinalizePhase1) with current time: 2010  6  1  1  0  0   0
20260609 020536.295 INFO             PET0 esm: Finalize extro.
20260609 020536.295 INFO             PET0 esmApp FINISHED
20260609 020536.295 INFO             PET0  Finalizing ESMF
20260609 020536.016 INFO             PET1 !!!!!!!!!!!!!!!!!!!!!!!!!!!!!!!!!!!!!!!!!!!!!!!!!!!!!!
20260609 020536.016 INFO             PET1 !!! THE ESMF_LOG IS SET TO OUTPUT ALL LOG MESSAGES !!!
20260609 020536.016 INFO             PET1 !!!     THIS MAY CAUSE SLOWDOWN IN PERFORMANCE     !!!
20260609 020536.016 INFO             PET1 !!! FOR PRODUCTION RUNS, USE:                      !!!
20260609 020536.016 INFO             PET1 !!!                   ESMF_LOGKIND_Multi_On_Error  !!!
20260609 020536.016 INFO             PET1 !!!!!!!!!!!!!!!!!!!!!!!!!!!!!!!!!!!!!!!!!!!!!!!!!!!!!!
20260609 020536.016 INFO             PET1 Running with ESMF Version   : develop+gf183dd1f0b
20260609 020536.016 INFO             PET1 ESMF library build date/time: "Jun  9 2026" "01:28:40"
20260609 020536.016 INFO             PET1 ESMF library build location : /glade/derecho/scratch/sacks/esmf-testing/intel_2024.2.1-oneAPI_mpi_g_develop/esmf
20260609 020536.016 INFO             PET1 ESMF_COMM                   : mpi
20260609 020536.016 INFO             PET1 ESMF_MOAB                   : enabled
20260609 020536.016 INFO             PET1 ESMF_LAPACK                 : enabled
20260609 020536.016 INFO             PET1 ESMF_NETCDF                 : enabled
20260609 020536.016 INFO             PET1 ESMF_PNETCDF                : disabled
20260609 020536.016 INFO             PET1 ESMF_PIO                    : enabled
20260609 020536.016 INFO             PET1 ESMF_YAMLCPP                : enabled
20260609 020536.016 INFO             PET1 esmApp STARTING
20260609 020536.021 INFO             PET1 esm: InitializeGeneric intro.
20260609 020536.021 INFO             PET1   esm: InitializeGeneric intro {IS}:--- StateLog() start -----------------
20260609 020536.021 INFO             PET1   esm: InitializeGeneric intro {IS}:State object is invalid! Not created or deleted!
20260609 020536.021 INFO             PET1   esm: InitializeGeneric intro {IS}:--- StateLog() end -------------------
20260609 020536.021 INFO             PET1   esm: InitializeGeneric intro {ES}:--- StateLog() start -----------------
20260609 020536.021 INFO             PET1   esm: InitializeGeneric intro {ES}:State object is invalid! Not created or deleted!
20260609 020536.021 INFO             PET1   esm: InitializeGeneric intro {ES}:--- StateLog() end -------------------
20260609 020536.021 INFO             PET1   >>>esm: entered Initialize (phase=<none>) without valid internal Clock.
20260609 020536.021 INFO             PET1   esm: InitializeP0 intro.
20260609 020536.021 INFO             PET1     esm: InitializeP0 intro {IS}:--- StateLog() start -----------------
20260609 020536.021 INFO             PET1     esm: InitializeP0 intro {IS}:State object is invalid! Not created or deleted!
20260609 020536.021 INFO             PET1     esm: InitializeP0 intro {IS}:--- StateLog() end -------------------
20260609 020536.021 INFO             PET1     esm: InitializeP0 intro {ES}:--- StateLog() start -----------------
20260609 020536.021 INFO             PET1     esm: InitializeP0 intro {ES}:State object is invalid! Not created or deleted!
20260609 020536.021 INFO             PET1     esm: InitializeP0 intro {ES}:--- StateLog() end -------------------
20260609 020536.021 INFO             PET1     >>>esm: entered Initialize (phase=<none>) without valid internal Clock.
20260609 020536.021 INFO             PET1     <<<esm: leaving Initialize (phase=<none>) without valid internal Clock.
20260609 020536.021 INFO             PET1     esm: InitializeP0 extro {IS}:--- StateLog() start -----------------
20260609 020536.021 INFO             PET1     esm: InitializeP0 extro {IS}:State object is invalid! Not created or deleted!
20260609 020536.021 INFO             PET1     esm: InitializeP0 extro {IS}:--- StateLog() end -------------------
20260609 020536.021 INFO             PET1     esm: InitializeP0 extro {ES}:--- StateLog() start -----------------
20260609 020536.021 INFO             PET1     esm: InitializeP0 extro {ES}:State object is invalid! Not created or deleted!
20260609 020536.021 INFO             PET1     esm: InitializeP0 extro {ES}:--- StateLog() end -------------------
20260609 020536.021 INFO             PET1   esm: InitializeP0 extro.
20260609 020536.021 INFO             PET1   esm: InitializeIPDv02p1 intro.
20260609 020536.021 INFO             PET1     esm: InitializeIPDv02p1 intro {IS}:--- StateLog() start -----------------
20260609 020536.021 INFO             PET1     esm: InitializeIPDv02p1 intro {IS}:State object is invalid! Not created or deleted!
20260609 020536.021 INFO             PET1     esm: InitializeIPDv02p1 intro {IS}:--- StateLog() end -------------------
20260609 020536.021 INFO             PET1     esm: InitializeIPDv02p1 intro {ES}:--- StateLog() start -----------------
20260609 020536.021 INFO             PET1     esm: InitializeIPDv02p1 intro {ES}:State object is invalid! Not created or deleted!
20260609 020536.021 INFO             PET1     esm: InitializeIPDv02p1 intro {ES}:--- StateLog() end -------------------
20260609 020536.021 INFO             PET1     >>>esm: entered Initialize (phase=<none>) without valid internal Clock.
20260609 020536.022 INFO             PET1     esm - Creating model component ATM with petList of size 2 :
20260609 020536.022 INFO             PET1           0      1
20260609 020536.023 INFO             PET1     esm - Creating model component OCN with petList of size 2 :
20260609 020536.023 INFO             PET1           2      3
20260609 020536.024 INFO             PET1     esm - Creating connector component ATM-TO-OCN with petList of size 4 :
20260609 020536.024 INFO             PET1           0      1      2      3
20260609 020536.028 INFO             PET1     esm - Creating connector component OCN-TO-ATM with petList of size 4 :
20260609 020536.029 INFO             PET1           2      3      0      1
20260609 020536.032 INFO             PET1     esm - Creating state: modelComp 1 Import State
20260609 020536.032 INFO             PET1     esm - Creating state: modelComp 1 Export State
20260609 020536.032 INFO             PET1     esm - Creating state: modelComp 2 Import State
20260609 020536.032 INFO             PET1     esm - Creating state: modelComp 2 Export State
20260609 020536.033 INFO             PET1     ATM: InitializeP0 intro.
20260609 020536.034 INFO             PET1     ATM: InitializeP0 extro.
20260609 020536.036 INFO             PET1     ATM-TO-OCN: InitializeP0 intro.
20260609 020536.036 INFO             PET1     ATM-TO-OCN: InitializeP0 extro.
20260609 020536.036 INFO             PET1     OCN-TO-ATM: InitializeP0 intro.
20260609 020536.037 INFO             PET1     OCN-TO-ATM: InitializeP0 extro.
20260609 020536.038 INFO             PET1     esm: IInitAdvertise intro.
20260609 020536.038 INFO             PET1       esm: IInitAdvertise intro {IS}:--- StateLog() start -----------------
20260609 020536.038 INFO             PET1       esm: IInitAdvertise intro {IS}:State object is invalid! Not created or deleted!
20260609 020536.038 INFO             PET1       esm: IInitAdvertise intro {IS}:--- StateLog() end -------------------
20260609 020536.038 INFO             PET1       esm: IInitAdvertise intro {ES}:--- StateLog() start -----------------
20260609 020536.038 INFO             PET1       esm: IInitAdvertise intro {ES}:State object is invalid! Not created or deleted!
20260609 020536.038 INFO             PET1       esm: IInitAdvertise intro {ES}:--- StateLog() end -------------------
20260609 020536.038 INFO             PET1       >>>esm: entered Initialize (phase=<none>) with current time: 2010  6  1  0  0  0   0
20260609 020536.038 INFO             PET1       <<<esm: leaving Initialize (phase=<none>) with current time: 2010  6  1  0  0  0   0
20260609 020536.038 INFO             PET1       esm: IInitAdvertise extro {IS}:--- StateLog() start -----------------
20260609 020536.038 INFO             PET1       esm: IInitAdvertise extro {IS}:State object is invalid! Not created or deleted!
20260609 020536.038 INFO             PET1       esm: IInitAdvertise extro {IS}:--- StateLog() end -------------------
20260609 020536.038 INFO             PET1       esm: IInitAdvertise extro {ES}:--- StateLog() start -----------------
20260609 020536.038 INFO             PET1       esm: IInitAdvertise extro {ES}:State object is invalid! Not created or deleted!
20260609 020536.038 INFO             PET1       esm: IInitAdvertise extro {ES}:--- StateLog() end -------------------
20260609 020536.038 INFO             PET1     esm: IInitAdvertise extro.
20260609 020536.038 INFO             PET1     ATM: InitializeIPDvXp01 intro.
20260609 020536.040 INFO             PET1     ATM: InitializeIPDvXp01 extro.
20260609 020536.041 INFO             PET1     ATM-TO-OCN: InitializeIPDv05p1 intro.
20260609 020536.047 INFO             PET1     ATM-TO-OCN: InitializeIPDv05p1 extro.
20260609 020536.047 INFO             PET1     OCN-TO-ATM: InitializeIPDv05p1 intro.
20260609 020536.049 INFO             PET1     OCN-TO-ATM: InitializeIPDv05p1 extro.
20260609 020536.050 INFO             PET1     esm: IInitAdvertiseFinish intro.
20260609 020536.050 INFO             PET1       esm: IInitAdvertiseFinish intro {IS}:--- StateLog() start -----------------
20260609 020536.050 INFO             PET1       esm: IInitAdvertiseFinish intro {IS}:State object is invalid! Not created or deleted!
20260609 020536.050 INFO             PET1       esm: IInitAdvertiseFinish intro {IS}:--- StateLog() end -------------------
20260609 020536.050 INFO             PET1       esm: IInitAdvertiseFinish intro {ES}:--- StateLog() start -----------------
20260609 020536.050 INFO             PET1       esm: IInitAdvertiseFinish intro {ES}:State object is invalid! Not created or deleted!
20260609 020536.050 INFO             PET1       esm: IInitAdvertiseFinish intro {ES}:--- StateLog() end -------------------
20260609 020536.050 INFO             PET1       >>>esm: entered Initialize (phase=<none>) with current time: 2010  6  1  0  0  0   0
20260609 020536.050 INFO             PET1       <<<esm: leaving Initialize (phase=<none>) with current time: 2010  6  1  0  0  0   0
20260609 020536.050 INFO             PET1       esm: IInitAdvertiseFinish extro {IS}:--- StateLog() start -----------------
20260609 020536.050 INFO             PET1       esm: IInitAdvertiseFinish extro {IS}:State object is invalid! Not created or deleted!
20260609 020536.050 INFO             PET1       esm: IInitAdvertiseFinish extro {IS}:--- StateLog() end -------------------
20260609 020536.050 INFO             PET1       esm: IInitAdvertiseFinish extro {ES}:--- StateLog() start -----------------
20260609 020536.050 INFO             PET1       esm: IInitAdvertiseFinish extro {ES}:State object is invalid! Not created or deleted!
20260609 020536.050 INFO             PET1       esm: IInitAdvertiseFinish extro {ES}:--- StateLog() end -------------------
20260609 020536.050 INFO             PET1     esm: IInitAdvertiseFinish extro.
20260609 020536.050 INFO             PET1     ATM-TO-OCN: InitializeIPDv05p2a intro.
20260609 020536.055 INFO             PET1     ATM-TO-OCN: InitializeIPDv05p2a extro.
20260609 020536.055 INFO             PET1     OCN-TO-ATM: InitializeIPDv05p2a intro.
20260609 020536.058 INFO             PET1     OCN-TO-ATM: InitializeIPDv05p2a extro.
20260609 020536.058 INFO             PET1     ATM-TO-OCN: InitializeIPDv05p2b intro.
20260609 020536.063 INFO             PET1     ATM-TO-OCN: InitializeIPDv05p2b extro.
20260609 020536.063 INFO             PET1     OCN-TO-ATM: InitializeIPDv05p2b intro.
20260609 020536.066 INFO             PET1     OCN-TO-ATM: InitializeIPDv05p2b extro.
20260609 020536.066 INFO             PET1     esm: IInitModifyCplLists intro.
20260609 020536.066 INFO             PET1       esm: IInitModifyCplLists intro {IS}:--- StateLog() start -----------------
20260609 020536.066 INFO             PET1       esm: IInitModifyCplLists intro {IS}:State object is invalid! Not created or deleted!
20260609 020536.066 INFO             PET1       esm: IInitModifyCplLists intro {IS}:--- StateLog() end -------------------
20260609 020536.066 INFO             PET1       esm: IInitModifyCplLists intro {ES}:--- StateLog() start -----------------
20260609 020536.066 INFO             PET1       esm: IInitModifyCplLists intro {ES}:State object is invalid! Not created or deleted!
20260609 020536.066 INFO             PET1       esm: IInitModifyCplLists intro {ES}:--- StateLog() end -------------------
20260609 020536.066 INFO             PET1       >>>esm: entered Initialize (phase=<none>) with current time: 2010  6  1  0  0  0   0
20260609 020536.066 INFO             PET1       Driver is in ModifyCplLists()
20260609 020536.066 INFO             PET1        Found            2  Connectors. Modifying CplList Attribute....
20260609 020536.066 INFO             PET1       <<<esm: leaving Initialize (phase=<none>) with current time: 2010  6  1  0  0  0   0
20260609 020536.066 INFO             PET1       esm: IInitModifyCplLists extro {IS}:--- StateLog() start -----------------
20260609 020536.066 INFO             PET1       esm: IInitModifyCplLists extro {IS}:State object is invalid! Not created or deleted!
20260609 020536.066 INFO             PET1       esm: IInitModifyCplLists extro {IS}:--- StateLog() end -------------------
20260609 020536.066 INFO             PET1       esm: IInitModifyCplLists extro {ES}:--- StateLog() start -----------------
20260609 020536.066 INFO             PET1       esm: IInitModifyCplLists extro {ES}:State object is invalid! Not created or deleted!
20260609 020536.066 INFO             PET1       esm: IInitModifyCplLists extro {ES}:--- StateLog() end -------------------
20260609 020536.066 INFO             PET1     esm: IInitModifyCplLists extro.
20260609 020536.067 INFO             PET1     ATM-TO-OCN: InitializeIPDv05p3 intro.
20260609 020536.072 INFO             PET1     ATM-TO-OCN: InitializeIPDv05p3 extro.
20260609 020536.072 INFO             PET1     OCN-TO-ATM: InitializeIPDv05p3 intro.
20260609 020536.075 INFO             PET1     OCN-TO-ATM: InitializeIPDv05p3 extro.
20260609 020536.075 INFO             PET1     <<<esm: leaving Initialize (phase=<none>) with current time: 2010  6  1  0  0  0   0
20260609 020536.075 INFO             PET1     esm: InitializeIPDv02p1 extro {IS}:--- StateLog() start -----------------
20260609 020536.075 INFO             PET1     esm: InitializeIPDv02p1 extro {IS}:State object is invalid! Not created or deleted!
20260609 020536.075 INFO             PET1     esm: InitializeIPDv02p1 extro {IS}:--- StateLog() end -------------------
20260609 020536.075 INFO             PET1     esm: InitializeIPDv02p1 extro {ES}:--- StateLog() start -----------------
20260609 020536.075 INFO             PET1     esm: InitializeIPDv02p1 extro {ES}:State object is invalid! Not created or deleted!
20260609 020536.075 INFO             PET1     esm: InitializeIPDv02p1 extro {ES}:--- StateLog() end -------------------
20260609 020536.075 INFO             PET1   esm: InitializeIPDv02p1 extro.
20260609 020536.075 INFO             PET1   esm: InitializeIPDv02p3 intro.
20260609 020536.075 INFO             PET1     esm: InitializeIPDv02p3 intro {IS}:--- StateLog() start -----------------
20260609 020536.075 INFO             PET1     esm: InitializeIPDv02p3 intro {IS}:State object is invalid! Not created or deleted!
20260609 020536.075 INFO             PET1     esm: InitializeIPDv02p3 intro {IS}:--- StateLog() end -------------------
20260609 020536.075 INFO             PET1     esm: InitializeIPDv02p3 intro {ES}:--- StateLog() start -----------------
20260609 020536.075 INFO             PET1     esm: InitializeIPDv02p3 intro {ES}:State object is invalid! Not created or deleted!
20260609 020536.075 INFO             PET1     esm: InitializeIPDv02p3 intro {ES}:--- StateLog() end -------------------
20260609 020536.075 INFO             PET1     >>>esm: entered Initialize (phase=<none>) with current time: 2010  6  1  0  0  0   0
20260609 020536.075 INFO             PET1     esm: IInitCheck intro.
20260609 020536.075 INFO             PET1       esm: IInitCheck intro {IS}:--- StateLog() start -----------------
20260609 020536.075 INFO             PET1       esm: IInitCheck intro {IS}:State object is invalid! Not created or deleted!
20260609 020536.075 INFO             PET1       esm: IInitCheck intro {IS}:--- StateLog() end -------------------
20260609 020536.075 INFO             PET1       esm: IInitCheck intro {ES}:--- StateLog() start -----------------
20260609 020536.075 INFO             PET1       esm: IInitCheck intro {ES}:State object is invalid! Not created or deleted!
20260609 020536.075 INFO             PET1       esm: IInitCheck intro {ES}:--- StateLog() end -------------------
20260609 020536.075 INFO             PET1       >>>esm: entered Initialize (phase=<none>) with current time: 2010  6  1  0  0  0   0
20260609 020536.075 INFO             PET1       <<<esm: leaving Initialize (phase=<none>) with current time: 2010  6  1  0  0  0   0
20260609 020536.075 INFO             PET1       esm: IInitCheck extro {IS}:--- StateLog() start -----------------
20260609 020536.075 INFO             PET1       esm: IInitCheck extro {IS}:State object is invalid! Not created or deleted!
20260609 020536.075 INFO             PET1       esm: IInitCheck extro {IS}:--- StateLog() end -------------------
20260609 020536.075 INFO             PET1       esm: IInitCheck extro {ES}:--- StateLog() start -----------------
20260609 020536.075 INFO             PET1       esm: IInitCheck extro {ES}:State object is invalid! Not created or deleted!
20260609 020536.075 INFO             PET1       esm: IInitCheck extro {ES}:--- StateLog() end -------------------
20260609 020536.075 INFO             PET1     esm: IInitCheck extro.
20260609 020536.075 INFO             PET1     ATM: InitializeIPDvXp04 intro.
20260609 020536.080 INFO             PET1     ATM: InitializeIPDvXp04 extro.
20260609 020536.081 INFO             PET1     ATM-TO-OCN: InitializeIPDv05p4 intro.
20260609 020536.089 INFO             PET1     ATM-TO-OCN: InitializeIPDv05p4 extro.
20260609 020536.089 INFO             PET1     OCN-TO-ATM: InitializeIPDv05p4 intro.
20260609 020536.093 INFO             PET1     OCN-TO-ATM: InitializeIPDv05p4 extro.
20260609 020536.093 INFO             PET1     ATM-TO-OCN: InitializeIPDv05p5 intro.
20260609 020536.102 INFO             PET1     ATM-TO-OCN: InitializeIPDv05p5 extro.
20260609 020536.102 INFO             PET1     OCN-TO-ATM: InitializeIPDv05p5 intro.
20260609 020536.105 INFO             PET1     OCN-TO-ATM: InitializeIPDv05p5 extro.
20260609 020536.106 INFO             PET1     esm: IInitRealize intro.
20260609 020536.106 INFO             PET1       esm: IInitRealize intro {IS}:--- StateLog() start -----------------
20260609 020536.106 INFO             PET1       esm: IInitRealize intro {IS}:State object is invalid! Not created or deleted!
20260609 020536.106 INFO             PET1       esm: IInitRealize intro {IS}:--- StateLog() end -------------------
20260609 020536.106 INFO             PET1       esm: IInitRealize intro {ES}:--- StateLog() start -----------------
20260609 020536.106 INFO             PET1       esm: IInitRealize intro {ES}:State object is invalid! Not created or deleted!
20260609 020536.106 INFO             PET1       esm: IInitRealize intro {ES}:--- StateLog() end -------------------
20260609 020536.106 INFO             PET1       >>>esm: entered Initialize (phase=<none>) with current time: 2010  6  1  0  0  0   0
20260609 020536.106 INFO             PET1       <<<esm: leaving Initialize (phase=<none>) with current time: 2010  6  1  0  0  0   0
20260609 020536.106 INFO             PET1       esm: IInitRealize extro {IS}:--- StateLog() start -----------------
20260609 020536.106 INFO             PET1       esm: IInitRealize extro {IS}:State object is invalid! Not created or deleted!
20260609 020536.106 INFO             PET1       esm: IInitRealize extro {IS}:--- StateLog() end -------------------
20260609 020536.106 INFO             PET1       esm: IInitRealize extro {ES}:--- StateLog() start -----------------
20260609 020536.106 INFO             PET1       esm: IInitRealize extro {ES}:State object is invalid! Not created or deleted!
20260609 020536.106 INFO             PET1       esm: IInitRealize extro {ES}:--- StateLog() end -------------------
20260609 020536.106 INFO             PET1     esm: IInitRealize extro.
20260609 020536.106 INFO             PET1     ATM-TO-OCN: InitializeIPDv05p6a intro.
20260609 020536.114 INFO             PET1     ATM-TO-OCN: InitializeIPDv05p6a extro.
20260609 020536.114 INFO             PET1     OCN-TO-ATM: InitializeIPDv05p6a intro.
20260609 020536.118 INFO             PET1     OCN-TO-ATM: InitializeIPDv05p6a extro.
20260609 020536.118 INFO             PET1     ATM-TO-OCN: InitializeIPDv05p6b intro.
20260609 020536.197 INFO             PET1     ATM-TO-OCN: InitializeIPDv05p6b extro.
20260609 020536.198 INFO             PET1     OCN-TO-ATM: InitializeIPDv05p6b intro.
20260609 020536.258 INFO             PET1     OCN-TO-ATM: InitializeIPDv05p6b extro.
20260609 020536.258 INFO             PET1     ATM: InitializeIPDvXp07 intro.
20260609 020536.258 INFO             PET1     ATM: InitializeIPDvXp07 extro.
20260609 020536.259 INFO             PET1     <<<esm: leaving Initialize (phase=<none>) with current time: 2010  6  1  0  0  0   0
20260609 020536.259 INFO             PET1     esm: InitializeIPDv02p3 extro {IS}:--- StateLog() start -----------------
20260609 020536.259 INFO             PET1     esm: InitializeIPDv02p3 extro {IS}:State object is invalid! Not created or deleted!
20260609 020536.259 INFO             PET1     esm: InitializeIPDv02p3 extro {IS}:--- StateLog() end -------------------
20260609 020536.259 INFO             PET1     esm: InitializeIPDv02p3 extro {ES}:--- StateLog() start -----------------
20260609 020536.259 INFO             PET1     esm: InitializeIPDv02p3 extro {ES}:State object is invalid! Not created or deleted!
20260609 020536.259 INFO             PET1     esm: InitializeIPDv02p3 extro {ES}:--- StateLog() end -------------------
20260609 020536.259 INFO             PET1   esm: InitializeIPDv02p3 extro.
20260609 020536.259 INFO             PET1   esm: InitializeIPDv02p5 intro.
20260609 020536.259 INFO             PET1     esm: InitializeIPDv02p5 intro {IS}:--- StateLog() start -----------------
20260609 020536.259 INFO             PET1     esm: InitializeIPDv02p5 intro {IS}:State object is invalid! Not created or deleted!
20260609 020536.259 INFO             PET1     esm: InitializeIPDv02p5 intro {IS}:--- StateLog() end -------------------
20260609 020536.259 INFO             PET1     esm: InitializeIPDv02p5 intro {ES}:--- StateLog() start -----------------
20260609 020536.259 INFO             PET1     esm: InitializeIPDv02p5 intro {ES}:State object is invalid! Not created or deleted!
20260609 020536.259 INFO             PET1     esm: InitializeIPDv02p5 intro {ES}:--- StateLog() end -------------------
20260609 020536.259 INFO             PET1     >>>esm: entered Initialize (phase=<none>) with current time: 2010  6  1  0  0  0   0
20260609 020536.259 INFO             PET1     esm: this is a top level driver, no 'Updated' and 'InitializeDataComplete' info on this level.
20260609 020536.259 INFO             PET1     esm: InitializeIPDv02p5Data intro.
20260609 020536.259 INFO             PET1       esm: InitializeIPDv02p5Data intro {IS}:--- StateLog() start -----------------
20260609 020536.259 INFO             PET1       esm: InitializeIPDv02p5Data intro {IS}:State object is invalid! Not created or deleted!
20260609 020536.259 INFO             PET1       esm: InitializeIPDv02p5Data intro {IS}:--- StateLog() end -------------------
20260609 020536.259 INFO             PET1       esm: InitializeIPDv02p5Data intro {ES}:--- StateLog() start -----------------
20260609 020536.259 INFO             PET1       esm: InitializeIPDv02p5Data intro {ES}:State object is invalid! Not created or deleted!
20260609 020536.259 INFO             PET1       esm: InitializeIPDv02p5Data intro {ES}:--- StateLog() end -------------------
20260609 020536.259 INFO             PET1       >>>esm: entered Initialize (phase=<none>) with current time: 2010  6  1  0  0  0   0
20260609 020536.259 INFO             PET1       esm: InternalInitializeComplete intro.
20260609 020536.259 INFO             PET1         esm: InternalInitializeComplete intro {IS}:--- StateLog() start -----------------
20260609 020536.259 INFO             PET1         esm: InternalInitializeComplete intro {IS}:State object is invalid! Not created or deleted!
20260609 020536.259 INFO             PET1         esm: InternalInitializeComplete intro {IS}:--- StateLog() end -------------------
20260609 020536.259 INFO             PET1         esm: InternalInitializeComplete intro {ES}:--- StateLog() start -----------------
20260609 020536.259 INFO             PET1         esm: InternalInitializeComplete intro {ES}:State object is invalid! Not created or deleted!
20260609 020536.259 INFO             PET1         esm: InternalInitializeComplete intro {ES}:--- StateLog() end -------------------
20260609 020536.259 INFO             PET1         >>>esm: entered Initialize (phase=<none>) with current time: 2010  6  1  0  0  0   0
20260609 020536.259 INFO             PET1         esm: InitializeDataComplete='true'
20260609 020536.259 INFO             PET1         <<<esm: leaving Initialize (phase=<none>) with current time: 2010  6  1  0  0  0   0
20260609 020536.259 INFO             PET1         esm: InternalInitializeComplete extro {IS}:--- StateLog() start -----------------
20260609 020536.259 INFO             PET1         esm: InternalInitializeComplete extro {IS}:State object is invalid! Not created or deleted!
20260609 020536.259 INFO             PET1         esm: InternalInitializeComplete extro {IS}:--- StateLog() end -------------------
20260609 020536.259 INFO             PET1         esm: InternalInitializeComplete extro {ES}:--- StateLog() start -----------------
20260609 020536.259 INFO             PET1         esm: InternalInitializeComplete extro {ES}:State object is invalid! Not created or deleted!
20260609 020536.259 INFO             PET1         esm: InternalInitializeComplete extro {ES}:--- StateLog() end -------------------
20260609 020536.259 INFO             PET1       esm: InternalInitializeComplete extro.
20260609 020536.259 INFO             PET1       ATM: InitializeIPDv01p5 intro.
20260609 020536.260 INFO             PET1       ATM: InitializeIPDv01p5 extro.
20260609 020536.261 INFO             PET1       esm: components present that trigger loopDataDependentInitialize().
20260609 020536.261 INFO             PET1       esm: loopDataDependentInitialize intro.
20260609 020536.261 INFO             PET1         esm: loopDataDependentInitialize intro {IS}:--- StateLog() start -----------------
20260609 020536.261 INFO             PET1         esm: loopDataDependentInitialize intro {IS}:State object is invalid! Not created or deleted!
20260609 020536.261 INFO             PET1         esm: loopDataDependentInitialize intro {IS}:--- StateLog() end -------------------
20260609 020536.261 INFO             PET1         esm: loopDataDependentInitialize intro {ES}:--- StateLog() start -----------------
20260609 020536.261 INFO             PET1         esm: loopDataDependentInitialize intro {ES}:State object is invalid! Not created or deleted!
20260609 020536.261 INFO             PET1         esm: loopDataDependentInitialize intro {ES}:--- StateLog() end -------------------
20260609 020536.261 INFO             PET1         >>>esm: entered Initialize (phase=<none>) with current time: 2010  6  1  0  0  0   0
20260609 020536.261 INFO             PET1         esm: component    0=esm, dataComplete (local): true
20260609 020536.261 INFO             PET1         esm: component    0=esm, dataComplete (global):  T
20260609 020536.261 INFO             PET1         esm: component    1=ATM, dataComplete (local): true
20260609 020536.261 INFO             PET1         esm: component    1=ATM, dataComplete (global):  T
20260609 020536.261 INFO             PET1         esm: component    2=OCN, dataComplete (local): true
20260609 020536.261 INFO             PET1         esm: component    2=OCN, dataComplete (global):  T
20260609 020536.261 INFO             PET1         esm: someProgress= F, allComplete= T, present(dataDepAllComplete)= T
20260609 020536.261 INFO             PET1         esm: finished resolving initialize data dependencies on this level.
20260609 020536.261 INFO             PET1         <<<esm: leaving Initialize (phase=<none>) with current time: 2010  6  1  0  0  0   0
20260609 020536.261 INFO             PET1         esm: loopDataDependentInitialize extro {IS}:--- StateLog() start -----------------
20260609 020536.261 INFO             PET1         esm: loopDataDependentInitialize extro {IS}:State object is invalid! Not created or deleted!
20260609 020536.261 INFO             PET1         esm: loopDataDependentInitialize extro {IS}:--- StateLog() end -------------------
20260609 020536.261 INFO             PET1         esm: loopDataDependentInitialize extro {ES}:--- StateLog() start -----------------
20260609 020536.261 INFO             PET1         esm: loopDataDependentInitialize extro {ES}:State object is invalid! Not created or deleted!
20260609 020536.261 INFO             PET1         esm: loopDataDependentInitialize extro {ES}:--- StateLog() end -------------------
20260609 020536.261 INFO             PET1       esm: loopDataDependentInitialize extro.
20260609 020536.261 INFO             PET1       esm: loopDataDependentInitialize() returned with dataDepAllComplete:  T
20260609 020536.261 INFO             PET1       <<<esm: leaving Initialize (phase=<none>) with current time: 2010  6  1  0  0  0   0
20260609 020536.261 INFO             PET1       esm: InitializeIPDv02p5Data extro {IS}:--- StateLog() start -----------------
20260609 020536.261 INFO             PET1       esm: InitializeIPDv02p5Data extro {IS}:State object is invalid! Not created or deleted!
20260609 020536.261 INFO             PET1       esm: InitializeIPDv02p5Data extro {IS}:--- StateLog() end -------------------
20260609 020536.261 INFO             PET1       esm: InitializeIPDv02p5Data extro {ES}:--- StateLog() start -----------------
20260609 020536.261 INFO             PET1       esm: InitializeIPDv02p5Data extro {ES}:State object is invalid! Not created or deleted!
20260609 020536.261 INFO             PET1       esm: InitializeIPDv02p5Data extro {ES}:--- StateLog() end -------------------
20260609 020536.261 INFO             PET1     esm: InitializeIPDv02p5Data extro.
20260609 020536.261 INFO             PET1     <<<esm: leaving Initialize (phase=<none>) with current time: 2010  6  1  0  0  0   0
20260609 020536.261 INFO             PET1     esm: InitializeIPDv02p5 extro {IS}:--- StateLog() start -----------------
20260609 020536.261 INFO             PET1     esm: InitializeIPDv02p5 extro {IS}:State object is invalid! Not created or deleted!
20260609 020536.261 INFO             PET1     esm: InitializeIPDv02p5 extro {IS}:--- StateLog() end -------------------
20260609 020536.261 INFO             PET1     esm: InitializeIPDv02p5 extro {ES}:--- StateLog() start -----------------
20260609 020536.261 INFO             PET1     esm: InitializeIPDv02p5 extro {ES}:State object is invalid! Not created or deleted!
20260609 020536.261 INFO             PET1     esm: InitializeIPDv02p5 extro {ES}:--- StateLog() end -------------------
20260609 020536.261 INFO             PET1   esm: InitializeIPDv02p5 extro.
20260609 020536.262 INFO             PET1   <<<esm: leaving Initialize (phase=<none>) with current time: 2010  6  1  0  0  0   0
20260609 020536.262 INFO             PET1   esm: InitializeGeneric extro {IS}:--- StateLog() start -----------------
20260609 020536.262 INFO             PET1   esm: InitializeGeneric extro {IS}:State object is invalid! Not created or deleted!
20260609 020536.262 INFO             PET1   esm: InitializeGeneric extro {IS}:--- StateLog() end -------------------
20260609 020536.262 INFO             PET1   esm: InitializeGeneric extro {ES}:--- StateLog() start -----------------
20260609 020536.262 INFO             PET1   esm: InitializeGeneric extro {ES}:State object is invalid! Not created or deleted!
20260609 020536.262 INFO             PET1   esm: InitializeGeneric extro {ES}:--- StateLog() end -------------------
20260609 020536.262 INFO             PET1 esm: InitializeGeneric extro.
20260609 020536.262 INFO             PET1 esm: Run intro.
20260609 020536.262 INFO             PET1   esm: Run intro {IS}:--- StateLog() start -----------------
20260609 020536.262 INFO             PET1   esm: Run intro {IS}:State object is invalid! Not created or deleted!
20260609 020536.262 INFO             PET1   esm: Run intro {IS}:--- StateLog() end -------------------
20260609 020536.262 INFO             PET1   esm: Run intro {ES}:--- StateLog() start -----------------
20260609 020536.262 INFO             PET1   esm: Run intro {ES}:State object is invalid! Not created or deleted!
20260609 020536.262 INFO             PET1   esm: Run intro {ES}:--- StateLog() end -------------------
20260609 020536.262 INFO             PET1   >>>esm: entered Run (phase=RunPhase1) with current time: 2010  6  1  0  0  0   0
20260609 020536.262 INFO             PET1   esm: after lable_SetRunClock, current time: 2010  6  1  0  0  0   0
20260609 020536.262 INFO             PET1   esm: begin -------> RunSequence.
20260609 020536.262 INFO             PET1     esm: RunSequence event loopLevel=   1  levelMember=   1  loopIteration=   1, current time: 2010  6  1  0  0  0   0
20260609 020536.262 INFO             PET1     ATM-TO-OCN: Run intro.
20260609 020536.262 INFO             PET1     ATM-TO-OCN: Run extro.
20260609 020536.263 INFO             PET1     OCN-TO-ATM: Run intro.
20260609 020536.263 INFO             PET1     OCN-TO-ATM: Run extro.
20260609 020536.263 INFO             PET1     ATM: Run intro.
20260609 020536.263 INFO             PET1       ------>Advancing ATM from: 2010  6  1  0  0  0   0
20260609 020536.263 INFO             PET1       ---------------------> to: 2010  6  1  0 15  0   0
20260609 020536.263 INFO             PET1     ATM: Run extro.
20260609 020536.263 INFO             PET1     esm: RunSequence event loopLevel=   1  levelMember=   1  loopIteration=   2, current time: 2010  6  1  0 15  0   0
20260609 020536.263 INFO             PET1     ATM-TO-OCN: Run intro.
20260609 020536.264 INFO             PET1     ATM-TO-OCN: Run extro.
20260609 020536.264 INFO             PET1     OCN-TO-ATM: Run intro.
20260609 020536.276 INFO             PET1     OCN-TO-ATM: Run extro.
20260609 020536.276 INFO             PET1     ATM: Run intro.
20260609 020536.276 INFO             PET1       ------>Advancing ATM from: 2010  6  1  0 15  0   0
20260609 020536.276 INFO             PET1       ---------------------> to: 2010  6  1  0 30  0   0
20260609 020536.276 INFO             PET1     ATM: Run extro.
20260609 020536.276 INFO             PET1     esm: RunSequence event loopLevel=   1  levelMember=   1  loopIteration=   3, current time: 2010  6  1  0 30  0   0
20260609 020536.276 INFO             PET1     ATM-TO-OCN: Run intro.
20260609 020536.276 INFO             PET1     ATM-TO-OCN: Run extro.
20260609 020536.276 INFO             PET1     OCN-TO-ATM: Run intro.
20260609 020536.284 INFO             PET1     OCN-TO-ATM: Run extro.
20260609 020536.285 INFO             PET1     ATM: Run intro.
20260609 020536.285 INFO             PET1       ------>Advancing ATM from: 2010  6  1  0 30  0   0
20260609 020536.285 INFO             PET1       ---------------------> to: 2010  6  1  0 45  0   0
20260609 020536.285 INFO             PET1     ATM: Run extro.
20260609 020536.285 INFO             PET1     esm: RunSequence event loopLevel=   1  levelMember=   1  loopIteration=   4, current time: 2010  6  1  0 45  0   0
20260609 020536.285 INFO             PET1     ATM-TO-OCN: Run intro.
20260609 020536.285 INFO             PET1     ATM-TO-OCN: Run extro.
20260609 020536.285 INFO             PET1     OCN-TO-ATM: Run intro.
20260609 020536.293 INFO             PET1     OCN-TO-ATM: Run extro.
20260609 020536.293 INFO             PET1     ATM: Run intro.
20260609 020536.293 INFO             PET1       ------>Advancing ATM from: 2010  6  1  0 45  0   0
20260609 020536.293 INFO             PET1       ---------------------> to: 2010  6  1  1  0  0   0
20260609 020536.293 INFO             PET1     ATM: Run extro.
20260609 020536.293 INFO             PET1   esm: end <--------- RunSequence
20260609 020536.293 INFO             PET1   <<<esm: leaving Run (phase=RunPhase1) with current time: 2010  6  1  1  0  0   0
20260609 020536.293 INFO             PET1   esm: Run extro {IS}:--- StateLog() start -----------------
20260609 020536.293 INFO             PET1   esm: Run extro {IS}:State object is invalid! Not created or deleted!
20260609 020536.293 INFO             PET1   esm: Run extro {IS}:--- StateLog() end -------------------
20260609 020536.293 INFO             PET1   esm: Run extro {ES}:--- StateLog() start -----------------
20260609 020536.294 INFO             PET1   esm: Run extro {ES}:State object is invalid! Not created or deleted!
20260609 020536.294 INFO             PET1   esm: Run extro {ES}:--- StateLog() end -------------------
20260609 020536.294 INFO             PET1 esm: Run extro.
20260609 020536.294 INFO             PET1 esm: Finalize intro.
20260609 020536.294 INFO             PET1   esm: Finalize intro {IS}:--- StateLog() start -----------------
20260609 020536.294 INFO             PET1   esm: Finalize intro {IS}:State object is invalid! Not created or deleted!
20260609 020536.294 INFO             PET1   esm: Finalize intro {IS}:--- StateLog() end -------------------
20260609 020536.294 INFO             PET1   esm: Finalize intro {ES}:--- StateLog() start -----------------
20260609 020536.294 INFO             PET1   esm: Finalize intro {ES}:State object is invalid! Not created or deleted!
20260609 020536.294 INFO             PET1   esm: Finalize intro {ES}:--- StateLog() end -------------------
20260609 020536.294 INFO             PET1   >>>esm: entered Finalize (phase=FinalizePhase1) with current time: 2010  6  1  1  0  0   0
20260609 020536.294 INFO             PET1   Calling Finalize phase 1 for connectorComp: ATM-TO-OCN
20260609 020536.294 INFO             PET1   ATM-TO-OCN: Finalize intro.
20260609 020536.294 INFO             PET1   ATM-TO-OCN: Finalize extro.
20260609 020536.294 INFO             PET1   Calling Finalize phase 1 for connectorComp: OCN-TO-ATM
20260609 020536.294 INFO             PET1   OCN-TO-ATM: Finalize intro.
20260609 020536.294 INFO             PET1   OCN-TO-ATM: Finalize extro.
20260609 020536.294 INFO             PET1   Calling Finalize phase 1 for modelComp: ATM
20260609 020536.294 INFO             PET1   ATM: Finalize intro.
20260609 020536.294 INFO             PET1   ATM: Finalize extro.
20260609 020536.294 INFO             PET1   Calling Finalize phase 1 for modelComp: OCN
20260609 020536.294 INFO             PET1   Delete modelComp: ATM
20260609 020536.294 INFO             PET1   Delete Import-/Export State for modelComp: ATM
20260609 020536.294 INFO             PET1   Delete modelComp: OCN
20260609 020536.294 INFO             PET1   Delete Import-/Export State for modelComp: OCN
20260609 020536.294 INFO             PET1   Delete connectorComp: ATM-TO-OCN
20260609 020536.295 INFO             PET1   Delete connectorComp: OCN-TO-ATM
20260609 020536.295 INFO             PET1   <<<esm: leaving Finalize (phase=FinalizePhase1) with current time: 2010  6  1  1  0  0   0
20260609 020536.295 INFO             PET1 esm: Finalize extro.
20260609 020536.295 INFO             PET1 esmApp FINISHED
20260609 020536.295 INFO             PET1  Finalizing ESMF
20260609 020536.015 INFO             PET2 !!!!!!!!!!!!!!!!!!!!!!!!!!!!!!!!!!!!!!!!!!!!!!!!!!!!!!
20260609 020536.015 INFO             PET2 !!! THE ESMF_LOG IS SET TO OUTPUT ALL LOG MESSAGES !!!
20260609 020536.015 INFO             PET2 !!!     THIS MAY CAUSE SLOWDOWN IN PERFORMANCE     !!!
20260609 020536.015 INFO             PET2 !!! FOR PRODUCTION RUNS, USE:                      !!!
20260609 020536.015 INFO             PET2 !!!                   ESMF_LOGKIND_Multi_On_Error  !!!
20260609 020536.015 INFO             PET2 !!!!!!!!!!!!!!!!!!!!!!!!!!!!!!!!!!!!!!!!!!!!!!!!!!!!!!
20260609 020536.015 INFO             PET2 Running with ESMF Version   : develop+gf183dd1f0b
20260609 020536.016 INFO             PET2 ESMF library build date/time: "Jun  9 2026" "01:28:40"
20260609 020536.016 INFO             PET2 ESMF library build location : /glade/derecho/scratch/sacks/esmf-testing/intel_2024.2.1-oneAPI_mpi_g_develop/esmf
20260609 020536.016 INFO             PET2 ESMF_COMM                   : mpi
20260609 020536.016 INFO             PET2 ESMF_MOAB                   : enabled
20260609 020536.016 INFO             PET2 ESMF_LAPACK                 : enabled
20260609 020536.016 INFO             PET2 ESMF_NETCDF                 : enabled
20260609 020536.016 INFO             PET2 ESMF_PNETCDF                : disabled
20260609 020536.016 INFO             PET2 ESMF_PIO                    : enabled
20260609 020536.016 INFO             PET2 ESMF_YAMLCPP                : enabled
20260609 020536.016 INFO             PET2 esmApp STARTING
20260609 020536.021 INFO             PET2 esm: InitializeGeneric intro.
20260609 020536.021 INFO             PET2   esm: InitializeGeneric intro {IS}:--- StateLog() start -----------------
20260609 020536.021 INFO             PET2   esm: InitializeGeneric intro {IS}:State object is invalid! Not created or deleted!
20260609 020536.021 INFO             PET2   esm: InitializeGeneric intro {IS}:--- StateLog() end -------------------
20260609 020536.021 INFO             PET2   esm: InitializeGeneric intro {ES}:--- StateLog() start -----------------
20260609 020536.021 INFO             PET2   esm: InitializeGeneric intro {ES}:State object is invalid! Not created or deleted!
20260609 020536.021 INFO             PET2   esm: InitializeGeneric intro {ES}:--- StateLog() end -------------------
20260609 020536.021 INFO             PET2   >>>esm: entered Initialize (phase=<none>) without valid internal Clock.
20260609 020536.021 INFO             PET2   esm: InitializeP0 intro.
20260609 020536.021 INFO             PET2     esm: InitializeP0 intro {IS}:--- StateLog() start -----------------
20260609 020536.021 INFO             PET2     esm: InitializeP0 intro {IS}:State object is invalid! Not created or deleted!
20260609 020536.021 INFO             PET2     esm: InitializeP0 intro {IS}:--- StateLog() end -------------------
20260609 020536.021 INFO             PET2     esm: InitializeP0 intro {ES}:--- StateLog() start -----------------
20260609 020536.021 INFO             PET2     esm: InitializeP0 intro {ES}:State object is invalid! Not created or deleted!
20260609 020536.021 INFO             PET2     esm: InitializeP0 intro {ES}:--- StateLog() end -------------------
20260609 020536.021 INFO             PET2     >>>esm: entered Initialize (phase=<none>) without valid internal Clock.
20260609 020536.021 INFO             PET2     <<<esm: leaving Initialize (phase=<none>) without valid internal Clock.
20260609 020536.021 INFO             PET2     esm: InitializeP0 extro {IS}:--- StateLog() start -----------------
20260609 020536.021 INFO             PET2     esm: InitializeP0 extro {IS}:State object is invalid! Not created or deleted!
20260609 020536.021 INFO             PET2     esm: InitializeP0 extro {IS}:--- StateLog() end -------------------
20260609 020536.021 INFO             PET2     esm: InitializeP0 extro {ES}:--- StateLog() start -----------------
20260609 020536.021 INFO             PET2     esm: InitializeP0 extro {ES}:State object is invalid! Not created or deleted!
20260609 020536.021 INFO             PET2     esm: InitializeP0 extro {ES}:--- StateLog() end -------------------
20260609 020536.021 INFO             PET2   esm: InitializeP0 extro.
20260609 020536.021 INFO             PET2   esm: InitializeIPDv02p1 intro.
20260609 020536.021 INFO             PET2     esm: InitializeIPDv02p1 intro {IS}:--- StateLog() start -----------------
20260609 020536.021 INFO             PET2     esm: InitializeIPDv02p1 intro {IS}:State object is invalid! Not created or deleted!
20260609 020536.021 INFO             PET2     esm: InitializeIPDv02p1 intro {IS}:--- StateLog() end -------------------
20260609 020536.021 INFO             PET2     esm: InitializeIPDv02p1 intro {ES}:--- StateLog() start -----------------
20260609 020536.021 INFO             PET2     esm: InitializeIPDv02p1 intro {ES}:State object is invalid! Not created or deleted!
20260609 020536.021 INFO             PET2     esm: InitializeIPDv02p1 intro {ES}:--- StateLog() end -------------------
20260609 020536.021 INFO             PET2     >>>esm: entered Initialize (phase=<none>) without valid internal Clock.
20260609 020536.022 INFO             PET2     esm - Creating model component ATM with petList of size 2 :
20260609 020536.022 INFO             PET2           0      1
20260609 020536.023 INFO             PET2     esm - Creating model component OCN with petList of size 2 :
20260609 020536.023 INFO             PET2           2      3
20260609 020536.025 INFO             PET2     esm - Creating connector component ATM-TO-OCN with petList of size 4 :
20260609 020536.025 INFO             PET2           0      1      2      3
20260609 020536.028 INFO             PET2     esm - Creating connector component OCN-TO-ATM with petList of size 4 :
20260609 020536.028 INFO             PET2           2      3      0      1
20260609 020536.032 INFO             PET2     esm - Creating state: modelComp 1 Import State
20260609 020536.032 INFO             PET2     esm - Creating state: modelComp 1 Export State
20260609 020536.032 INFO             PET2     esm - Creating state: modelComp 2 Import State
20260609 020536.032 INFO             PET2     esm - Creating state: modelComp 2 Export State
20260609 020536.033 INFO             PET2     OCN: InitializeP0 intro.
20260609 020536.034 INFO             PET2     OCN: InitializeP0 extro.
20260609 020536.036 INFO             PET2     ATM-TO-OCN: InitializeP0 intro.
20260609 020536.036 INFO             PET2     ATM-TO-OCN: InitializeP0 extro.
20260609 020536.036 INFO             PET2     OCN-TO-ATM: InitializeP0 intro.
20260609 020536.037 INFO             PET2     OCN-TO-ATM: InitializeP0 extro.
20260609 020536.038 INFO             PET2     esm: IInitAdvertise intro.
20260609 020536.038 INFO             PET2       esm: IInitAdvertise intro {IS}:--- StateLog() start -----------------
20260609 020536.038 INFO             PET2       esm: IInitAdvertise intro {IS}:State object is invalid! Not created or deleted!
20260609 020536.038 INFO             PET2       esm: IInitAdvertise intro {IS}:--- StateLog() end -------------------
20260609 020536.038 INFO             PET2       esm: IInitAdvertise intro {ES}:--- StateLog() start -----------------
20260609 020536.038 INFO             PET2       esm: IInitAdvertise intro {ES}:State object is invalid! Not created or deleted!
20260609 020536.038 INFO             PET2       esm: IInitAdvertise intro {ES}:--- StateLog() end -------------------
20260609 020536.038 INFO             PET2       >>>esm: entered Initialize (phase=<none>) with current time: 2010  6  1  0  0  0   0
20260609 020536.038 INFO             PET2       <<<esm: leaving Initialize (phase=<none>) with current time: 2010  6  1  0  0  0   0
20260609 020536.038 INFO             PET2       esm: IInitAdvertise extro {IS}:--- StateLog() start -----------------
20260609 020536.038 INFO             PET2       esm: IInitAdvertise extro {IS}:State object is invalid! Not created or deleted!
20260609 020536.038 INFO             PET2       esm: IInitAdvertise extro {IS}:--- StateLog() end -------------------
20260609 020536.038 INFO             PET2       esm: IInitAdvertise extro {ES}:--- StateLog() start -----------------
20260609 020536.038 INFO             PET2       esm: IInitAdvertise extro {ES}:State object is invalid! Not created or deleted!
20260609 020536.038 INFO             PET2       esm: IInitAdvertise extro {ES}:--- StateLog() end -------------------
20260609 020536.038 INFO             PET2     esm: IInitAdvertise extro.
20260609 020536.038 INFO             PET2     OCN: InitializeIPDvXp01 intro.
20260609 020536.040 INFO             PET2     OCN: InitializeIPDvXp01 extro.
20260609 020536.041 INFO             PET2     ATM-TO-OCN: InitializeIPDv05p1 intro.
20260609 020536.046 INFO             PET2     ATM-TO-OCN: InitializeIPDv05p1 extro.
20260609 020536.046 INFO             PET2     OCN-TO-ATM: InitializeIPDv05p1 intro.
20260609 020536.050 INFO             PET2     OCN-TO-ATM: InitializeIPDv05p1 extro.
20260609 020536.050 INFO             PET2     esm: IInitAdvertiseFinish intro.
20260609 020536.050 INFO             PET2       esm: IInitAdvertiseFinish intro {IS}:--- StateLog() start -----------------
20260609 020536.050 INFO             PET2       esm: IInitAdvertiseFinish intro {IS}:State object is invalid! Not created or deleted!
20260609 020536.050 INFO             PET2       esm: IInitAdvertiseFinish intro {IS}:--- StateLog() end -------------------
20260609 020536.050 INFO             PET2       esm: IInitAdvertiseFinish intro {ES}:--- StateLog() start -----------------
20260609 020536.050 INFO             PET2       esm: IInitAdvertiseFinish intro {ES}:State object is invalid! Not created or deleted!
20260609 020536.050 INFO             PET2       esm: IInitAdvertiseFinish intro {ES}:--- StateLog() end -------------------
20260609 020536.050 INFO             PET2       >>>esm: entered Initialize (phase=<none>) with current time: 2010  6  1  0  0  0   0
20260609 020536.050 INFO             PET2       <<<esm: leaving Initialize (phase=<none>) with current time: 2010  6  1  0  0  0   0
20260609 020536.050 INFO             PET2       esm: IInitAdvertiseFinish extro {IS}:--- StateLog() start -----------------
20260609 020536.050 INFO             PET2       esm: IInitAdvertiseFinish extro {IS}:State object is invalid! Not created or deleted!
20260609 020536.050 INFO             PET2       esm: IInitAdvertiseFinish extro {IS}:--- StateLog() end -------------------
20260609 020536.050 INFO             PET2       esm: IInitAdvertiseFinish extro {ES}:--- StateLog() start -----------------
20260609 020536.050 INFO             PET2       esm: IInitAdvertiseFinish extro {ES}:State object is invalid! Not created or deleted!
20260609 020536.050 INFO             PET2       esm: IInitAdvertiseFinish extro {ES}:--- StateLog() end -------------------
20260609 020536.050 INFO             PET2     esm: IInitAdvertiseFinish extro.
20260609 020536.050 INFO             PET2     ATM-TO-OCN: InitializeIPDv05p2a intro.
20260609 020536.054 INFO             PET2     ATM-TO-OCN: InitializeIPDv05p2a extro.
20260609 020536.054 INFO             PET2     OCN-TO-ATM: InitializeIPDv05p2a intro.
20260609 020536.058 INFO             PET2     OCN-TO-ATM: InitializeIPDv05p2a extro.
20260609 020536.058 INFO             PET2     ATM-TO-OCN: InitializeIPDv05p2b intro.
20260609 020536.062 INFO             PET2     ATM-TO-OCN: InitializeIPDv05p2b extro.
20260609 020536.062 INFO             PET2     OCN-TO-ATM: InitializeIPDv05p2b intro.
20260609 020536.066 INFO             PET2     OCN-TO-ATM: InitializeIPDv05p2b extro.
20260609 020536.066 INFO             PET2     esm: IInitModifyCplLists intro.
20260609 020536.066 INFO             PET2       esm: IInitModifyCplLists intro {IS}:--- StateLog() start -----------------
20260609 020536.066 INFO             PET2       esm: IInitModifyCplLists intro {IS}:State object is invalid! Not created or deleted!
20260609 020536.066 INFO             PET2       esm: IInitModifyCplLists intro {IS}:--- StateLog() end -------------------
20260609 020536.066 INFO             PET2       esm: IInitModifyCplLists intro {ES}:--- StateLog() start -----------------
20260609 020536.066 INFO             PET2       esm: IInitModifyCplLists intro {ES}:State object is invalid! Not created or deleted!
20260609 020536.066 INFO             PET2       esm: IInitModifyCplLists intro {ES}:--- StateLog() end -------------------
20260609 020536.066 INFO             PET2       >>>esm: entered Initialize (phase=<none>) with current time: 2010  6  1  0  0  0   0
20260609 020536.066 INFO             PET2       Driver is in ModifyCplLists()
20260609 020536.066 INFO             PET2        Found            2  Connectors. Modifying CplList Attribute....
20260609 020536.067 INFO             PET2       <<<esm: leaving Initialize (phase=<none>) with current time: 2010  6  1  0  0  0   0
20260609 020536.067 INFO             PET2       esm: IInitModifyCplLists extro {IS}:--- StateLog() start -----------------
20260609 020536.067 INFO             PET2       esm: IInitModifyCplLists extro {IS}:State object is invalid! Not created or deleted!
20260609 020536.067 INFO             PET2       esm: IInitModifyCplLists extro {IS}:--- StateLog() end -------------------
20260609 020536.067 INFO             PET2       esm: IInitModifyCplLists extro {ES}:--- StateLog() start -----------------
20260609 020536.067 INFO             PET2       esm: IInitModifyCplLists extro {ES}:State object is invalid! Not created or deleted!
20260609 020536.067 INFO             PET2       esm: IInitModifyCplLists extro {ES}:--- StateLog() end -------------------
20260609 020536.067 INFO             PET2     esm: IInitModifyCplLists extro.
20260609 020536.067 INFO             PET2     ATM-TO-OCN: InitializeIPDv05p3 intro.
20260609 020536.071 INFO             PET2     ATM-TO-OCN: InitializeIPDv05p3 extro.
20260609 020536.071 INFO             PET2     OCN-TO-ATM: InitializeIPDv05p3 intro.
20260609 020536.075 INFO             PET2     OCN-TO-ATM: InitializeIPDv05p3 extro.
20260609 020536.075 INFO             PET2     <<<esm: leaving Initialize (phase=<none>) with current time: 2010  6  1  0  0  0   0
20260609 020536.075 INFO             PET2     esm: InitializeIPDv02p1 extro {IS}:--- StateLog() start -----------------
20260609 020536.075 INFO             PET2     esm: InitializeIPDv02p1 extro {IS}:State object is invalid! Not created or deleted!
20260609 020536.075 INFO             PET2     esm: InitializeIPDv02p1 extro {IS}:--- StateLog() end -------------------
20260609 020536.075 INFO             PET2     esm: InitializeIPDv02p1 extro {ES}:--- StateLog() start -----------------
20260609 020536.075 INFO             PET2     esm: InitializeIPDv02p1 extro {ES}:State object is invalid! Not created or deleted!
20260609 020536.075 INFO             PET2     esm: InitializeIPDv02p1 extro {ES}:--- StateLog() end -------------------
20260609 020536.075 INFO             PET2   esm: InitializeIPDv02p1 extro.
20260609 020536.075 INFO             PET2   esm: InitializeIPDv02p3 intro.
20260609 020536.075 INFO             PET2     esm: InitializeIPDv02p3 intro {IS}:--- StateLog() start -----------------
20260609 020536.075 INFO             PET2     esm: InitializeIPDv02p3 intro {IS}:State object is invalid! Not created or deleted!
20260609 020536.075 INFO             PET2     esm: InitializeIPDv02p3 intro {IS}:--- StateLog() end -------------------
20260609 020536.075 INFO             PET2     esm: InitializeIPDv02p3 intro {ES}:--- StateLog() start -----------------
20260609 020536.075 INFO             PET2     esm: InitializeIPDv02p3 intro {ES}:State object is invalid! Not created or deleted!
20260609 020536.075 INFO             PET2     esm: InitializeIPDv02p3 intro {ES}:--- StateLog() end -------------------
20260609 020536.075 INFO             PET2     >>>esm: entered Initialize (phase=<none>) with current time: 2010  6  1  0  0  0   0
20260609 020536.075 INFO             PET2     esm: IInitCheck intro.
20260609 020536.075 INFO             PET2       esm: IInitCheck intro {IS}:--- StateLog() start -----------------
20260609 020536.075 INFO             PET2       esm: IInitCheck intro {IS}:State object is invalid! Not created or deleted!
20260609 020536.075 INFO             PET2       esm: IInitCheck intro {IS}:--- StateLog() end -------------------
20260609 020536.075 INFO             PET2       esm: IInitCheck intro {ES}:--- StateLog() start -----------------
20260609 020536.075 INFO             PET2       esm: IInitCheck intro {ES}:State object is invalid! Not created or deleted!
20260609 020536.075 INFO             PET2       esm: IInitCheck intro {ES}:--- StateLog() end -------------------
20260609 020536.076 INFO             PET2       >>>esm: entered Initialize (phase=<none>) with current time: 2010  6  1  0  0  0   0
20260609 020536.076 INFO             PET2       <<<esm: leaving Initialize (phase=<none>) with current time: 2010  6  1  0  0  0   0
20260609 020536.076 INFO             PET2       esm: IInitCheck extro {IS}:--- StateLog() start -----------------
20260609 020536.076 INFO             PET2       esm: IInitCheck extro {IS}:State object is invalid! Not created or deleted!
20260609 020536.076 INFO             PET2       esm: IInitCheck extro {IS}:--- StateLog() end -------------------
20260609 020536.076 INFO             PET2       esm: IInitCheck extro {ES}:--- StateLog() start -----------------
20260609 020536.076 INFO             PET2       esm: IInitCheck extro {ES}:State object is invalid! Not created or deleted!
20260609 020536.076 INFO             PET2       esm: IInitCheck extro {ES}:--- StateLog() end -------------------
20260609 020536.076 INFO             PET2     esm: IInitCheck extro.
20260609 020536.076 INFO             PET2     OCN: InitializeIPDvXp04 intro.
20260609 020536.080 INFO             PET2     OCN: InitializeIPDvXp04 extro.
20260609 020536.081 INFO             PET2     ATM-TO-OCN: InitializeIPDv05p4 intro.
20260609 020536.088 INFO             PET2     ATM-TO-OCN: InitializeIPDv05p4 extro.
20260609 020536.088 INFO             PET2     OCN-TO-ATM: InitializeIPDv05p4 intro.
20260609 020536.094 INFO             PET2     OCN-TO-ATM: InitializeIPDv05p4 extro.
20260609 020536.094 INFO             PET2     ATM-TO-OCN: InitializeIPDv05p5 intro.
20260609 020536.100 INFO             PET2     ATM-TO-OCN: InitializeIPDv05p5 extro.
20260609 020536.100 INFO             PET2     OCN-TO-ATM: InitializeIPDv05p5 intro.
20260609 020536.106 INFO             PET2     OCN-TO-ATM: InitializeIPDv05p5 extro.
20260609 020536.106 INFO             PET2     esm: IInitRealize intro.
20260609 020536.106 INFO             PET2       esm: IInitRealize intro {IS}:--- StateLog() start -----------------
20260609 020536.106 INFO             PET2       esm: IInitRealize intro {IS}:State object is invalid! Not created or deleted!
20260609 020536.106 INFO             PET2       esm: IInitRealize intro {IS}:--- StateLog() end -------------------
20260609 020536.106 INFO             PET2       esm: IInitRealize intro {ES}:--- StateLog() start -----------------
20260609 020536.106 INFO             PET2       esm: IInitRealize intro {ES}:State object is invalid! Not created or deleted!
20260609 020536.106 INFO             PET2       esm: IInitRealize intro {ES}:--- StateLog() end -------------------
20260609 020536.106 INFO             PET2       >>>esm: entered Initialize (phase=<none>) with current time: 2010  6  1  0  0  0   0
20260609 020536.106 INFO             PET2       <<<esm: leaving Initialize (phase=<none>) with current time: 2010  6  1  0  0  0   0
20260609 020536.106 INFO             PET2       esm: IInitRealize extro {IS}:--- StateLog() start -----------------
20260609 020536.106 INFO             PET2       esm: IInitRealize extro {IS}:State object is invalid! Not created or deleted!
20260609 020536.106 INFO             PET2       esm: IInitRealize extro {IS}:--- StateLog() end -------------------
20260609 020536.106 INFO             PET2       esm: IInitRealize extro {ES}:--- StateLog() start -----------------
20260609 020536.106 INFO             PET2       esm: IInitRealize extro {ES}:State object is invalid! Not created or deleted!
20260609 020536.106 INFO             PET2       esm: IInitRealize extro {ES}:--- StateLog() end -------------------
20260609 020536.106 INFO             PET2     esm: IInitRealize extro.
20260609 020536.107 INFO             PET2     ATM-TO-OCN: InitializeIPDv05p6a intro.
20260609 020536.113 INFO             PET2     ATM-TO-OCN: InitializeIPDv05p6a extro.
20260609 020536.113 INFO             PET2     OCN-TO-ATM: InitializeIPDv05p6a intro.
20260609 020536.118 INFO             PET2     OCN-TO-ATM: InitializeIPDv05p6a extro.
20260609 020536.118 INFO             PET2     ATM-TO-OCN: InitializeIPDv05p6b intro.
20260609 020536.197 INFO             PET2     ATM-TO-OCN: InitializeIPDv05p6b extro.
20260609 020536.198 INFO             PET2     OCN-TO-ATM: InitializeIPDv05p6b intro.
20260609 020536.258 INFO             PET2     OCN-TO-ATM: InitializeIPDv05p6b extro.
20260609 020536.258 INFO             PET2     OCN: InitializeIPDvXp07 intro.
20260609 020536.259 INFO             PET2     OCN: InitializeIPDvXp07 extro.
20260609 020536.259 INFO             PET2     <<<esm: leaving Initialize (phase=<none>) with current time: 2010  6  1  0  0  0   0
20260609 020536.259 INFO             PET2     esm: InitializeIPDv02p3 extro {IS}:--- StateLog() start -----------------
20260609 020536.259 INFO             PET2     esm: InitializeIPDv02p3 extro {IS}:State object is invalid! Not created or deleted!
20260609 020536.259 INFO             PET2     esm: InitializeIPDv02p3 extro {IS}:--- StateLog() end -------------------
20260609 020536.259 INFO             PET2     esm: InitializeIPDv02p3 extro {ES}:--- StateLog() start -----------------
20260609 020536.259 INFO             PET2     esm: InitializeIPDv02p3 extro {ES}:State object is invalid! Not created or deleted!
20260609 020536.259 INFO             PET2     esm: InitializeIPDv02p3 extro {ES}:--- StateLog() end -------------------
20260609 020536.259 INFO             PET2   esm: InitializeIPDv02p3 extro.
20260609 020536.259 INFO             PET2   esm: InitializeIPDv02p5 intro.
20260609 020536.259 INFO             PET2     esm: InitializeIPDv02p5 intro {IS}:--- StateLog() start -----------------
20260609 020536.259 INFO             PET2     esm: InitializeIPDv02p5 intro {IS}:State object is invalid! Not created or deleted!
20260609 020536.259 INFO             PET2     esm: InitializeIPDv02p5 intro {IS}:--- StateLog() end -------------------
20260609 020536.259 INFO             PET2     esm: InitializeIPDv02p5 intro {ES}:--- StateLog() start -----------------
20260609 020536.259 INFO             PET2     esm: InitializeIPDv02p5 intro {ES}:State object is invalid! Not created or deleted!
20260609 020536.259 INFO             PET2     esm: InitializeIPDv02p5 intro {ES}:--- StateLog() end -------------------
20260609 020536.259 INFO             PET2     >>>esm: entered Initialize (phase=<none>) with current time: 2010  6  1  0  0  0   0
20260609 020536.259 INFO             PET2     esm: this is a top level driver, no 'Updated' and 'InitializeDataComplete' info on this level.
20260609 020536.259 INFO             PET2     esm: InitializeIPDv02p5Data intro.
20260609 020536.259 INFO             PET2       esm: InitializeIPDv02p5Data intro {IS}:--- StateLog() start -----------------
20260609 020536.259 INFO             PET2       esm: InitializeIPDv02p5Data intro {IS}:State object is invalid! Not created or deleted!
20260609 020536.259 INFO             PET2       esm: InitializeIPDv02p5Data intro {IS}:--- StateLog() end -------------------
20260609 020536.259 INFO             PET2       esm: InitializeIPDv02p5Data intro {ES}:--- StateLog() start -----------------
20260609 020536.259 INFO             PET2       esm: InitializeIPDv02p5Data intro {ES}:State object is invalid! Not created or deleted!
20260609 020536.259 INFO             PET2       esm: InitializeIPDv02p5Data intro {ES}:--- StateLog() end -------------------
20260609 020536.259 INFO             PET2       >>>esm: entered Initialize (phase=<none>) with current time: 2010  6  1  0  0  0   0
20260609 020536.259 INFO             PET2       esm: InternalInitializeComplete intro.
20260609 020536.259 INFO             PET2         esm: InternalInitializeComplete intro {IS}:--- StateLog() start -----------------
20260609 020536.259 INFO             PET2         esm: InternalInitializeComplete intro {IS}:State object is invalid! Not created or deleted!
20260609 020536.259 INFO             PET2         esm: InternalInitializeComplete intro {IS}:--- StateLog() end -------------------
20260609 020536.259 INFO             PET2         esm: InternalInitializeComplete intro {ES}:--- StateLog() start -----------------
20260609 020536.259 INFO             PET2         esm: InternalInitializeComplete intro {ES}:State object is invalid! Not created or deleted!
20260609 020536.259 INFO             PET2         esm: InternalInitializeComplete intro {ES}:--- StateLog() end -------------------
20260609 020536.259 INFO             PET2         >>>esm: entered Initialize (phase=<none>) with current time: 2010  6  1  0  0  0   0
20260609 020536.259 INFO             PET2         esm: InitializeDataComplete='true'
20260609 020536.259 INFO             PET2         <<<esm: leaving Initialize (phase=<none>) with current time: 2010  6  1  0  0  0   0
20260609 020536.259 INFO             PET2         esm: InternalInitializeComplete extro {IS}:--- StateLog() start -----------------
20260609 020536.259 INFO             PET2         esm: InternalInitializeComplete extro {IS}:State object is invalid! Not created or deleted!
20260609 020536.259 INFO             PET2         esm: InternalInitializeComplete extro {IS}:--- StateLog() end -------------------
20260609 020536.259 INFO             PET2         esm: InternalInitializeComplete extro {ES}:--- StateLog() start -----------------
20260609 020536.259 INFO             PET2         esm: InternalInitializeComplete extro {ES}:State object is invalid! Not created or deleted!
20260609 020536.259 INFO             PET2         esm: InternalInitializeComplete extro {ES}:--- StateLog() end -------------------
20260609 020536.259 INFO             PET2       esm: InternalInitializeComplete extro.
20260609 020536.260 INFO             PET2       OCN: InitializeIPDv01p5 intro.
20260609 020536.260 INFO             PET2       OCN: InitializeIPDv01p5 extro.
20260609 020536.261 INFO             PET2       esm: components present that trigger loopDataDependentInitialize().
20260609 020536.261 INFO             PET2       esm: loopDataDependentInitialize intro.
20260609 020536.261 INFO             PET2         esm: loopDataDependentInitialize intro {IS}:--- StateLog() start -----------------
20260609 020536.261 INFO             PET2         esm: loopDataDependentInitialize intro {IS}:State object is invalid! Not created or deleted!
20260609 020536.261 INFO             PET2         esm: loopDataDependentInitialize intro {IS}:--- StateLog() end -------------------
20260609 020536.261 INFO             PET2         esm: loopDataDependentInitialize intro {ES}:--- StateLog() start -----------------
20260609 020536.261 INFO             PET2         esm: loopDataDependentInitialize intro {ES}:State object is invalid! Not created or deleted!
20260609 020536.261 INFO             PET2         esm: loopDataDependentInitialize intro {ES}:--- StateLog() end -------------------
20260609 020536.261 INFO             PET2         >>>esm: entered Initialize (phase=<none>) with current time: 2010  6  1  0  0  0   0
20260609 020536.261 INFO             PET2         esm: component    0=esm, dataComplete (local): true
20260609 020536.261 INFO             PET2         esm: component    0=esm, dataComplete (global):  T
20260609 020536.261 INFO             PET2         esm: component    1=ATM, dataComplete (local): true
20260609 020536.261 INFO             PET2         esm: component    1=ATM, dataComplete (global):  T
20260609 020536.261 INFO             PET2         esm: component    2=OCN, dataComplete (local): true
20260609 020536.261 INFO             PET2         esm: component    2=OCN, dataComplete (global):  T
20260609 020536.261 INFO             PET2         esm: someProgress= F, allComplete= T, present(dataDepAllComplete)= T
20260609 020536.261 INFO             PET2         esm: finished resolving initialize data dependencies on this level.
20260609 020536.261 INFO             PET2         <<<esm: leaving Initialize (phase=<none>) with current time: 2010  6  1  0  0  0   0
20260609 020536.261 INFO             PET2         esm: loopDataDependentInitialize extro {IS}:--- StateLog() start -----------------
20260609 020536.261 INFO             PET2         esm: loopDataDependentInitialize extro {IS}:State object is invalid! Not created or deleted!
20260609 020536.261 INFO             PET2         esm: loopDataDependentInitialize extro {IS}:--- StateLog() end -------------------
20260609 020536.261 INFO             PET2         esm: loopDataDependentInitialize extro {ES}:--- StateLog() start -----------------
20260609 020536.261 INFO             PET2         esm: loopDataDependentInitialize extro {ES}:State object is invalid! Not created or deleted!
20260609 020536.261 INFO             PET2         esm: loopDataDependentInitialize extro {ES}:--- StateLog() end -------------------
20260609 020536.261 INFO             PET2       esm: loopDataDependentInitialize extro.
20260609 020536.261 INFO             PET2       esm: loopDataDependentInitialize() returned with dataDepAllComplete:  T
20260609 020536.261 INFO             PET2       <<<esm: leaving Initialize (phase=<none>) with current time: 2010  6  1  0  0  0   0
20260609 020536.261 INFO             PET2       esm: InitializeIPDv02p5Data extro {IS}:--- StateLog() start -----------------
20260609 020536.261 INFO             PET2       esm: InitializeIPDv02p5Data extro {IS}:State object is invalid! Not created or deleted!
20260609 020536.261 INFO             PET2       esm: InitializeIPDv02p5Data extro {IS}:--- StateLog() end -------------------
20260609 020536.261 INFO             PET2       esm: InitializeIPDv02p5Data extro {ES}:--- StateLog() start -----------------
20260609 020536.261 INFO             PET2       esm: InitializeIPDv02p5Data extro {ES}:State object is invalid! Not created or deleted!
20260609 020536.261 INFO             PET2       esm: InitializeIPDv02p5Data extro {ES}:--- StateLog() end -------------------
20260609 020536.261 INFO             PET2     esm: InitializeIPDv02p5Data extro.
20260609 020536.261 INFO             PET2     <<<esm: leaving Initialize (phase=<none>) with current time: 2010  6  1  0  0  0   0
20260609 020536.261 INFO             PET2     esm: InitializeIPDv02p5 extro {IS}:--- StateLog() start -----------------
20260609 020536.261 INFO             PET2     esm: InitializeIPDv02p5 extro {IS}:State object is invalid! Not created or deleted!
20260609 020536.261 INFO             PET2     esm: InitializeIPDv02p5 extro {IS}:--- StateLog() end -------------------
20260609 020536.261 INFO             PET2     esm: InitializeIPDv02p5 extro {ES}:--- StateLog() start -----------------
20260609 020536.261 INFO             PET2     esm: InitializeIPDv02p5 extro {ES}:State object is invalid! Not created or deleted!
20260609 020536.261 INFO             PET2     esm: InitializeIPDv02p5 extro {ES}:--- StateLog() end -------------------
20260609 020536.261 INFO             PET2   esm: InitializeIPDv02p5 extro.
20260609 020536.261 INFO             PET2   <<<esm: leaving Initialize (phase=<none>) with current time: 2010  6  1  0  0  0   0
20260609 020536.261 INFO             PET2   esm: InitializeGeneric extro {IS}:--- StateLog() start -----------------
20260609 020536.261 INFO             PET2   esm: InitializeGeneric extro {IS}:State object is invalid! Not created or deleted!
20260609 020536.261 INFO             PET2   esm: InitializeGeneric extro {IS}:--- StateLog() end -------------------
20260609 020536.261 INFO             PET2   esm: InitializeGeneric extro {ES}:--- StateLog() start -----------------
20260609 020536.261 INFO             PET2   esm: InitializeGeneric extro {ES}:State object is invalid! Not created or deleted!
20260609 020536.261 INFO             PET2   esm: InitializeGeneric extro {ES}:--- StateLog() end -------------------
20260609 020536.262 INFO             PET2 esm: InitializeGeneric extro.
20260609 020536.262 INFO             PET2 esm: Run intro.
20260609 020536.262 INFO             PET2   esm: Run intro {IS}:--- StateLog() start -----------------
20260609 020536.262 INFO             PET2   esm: Run intro {IS}:State object is invalid! Not created or deleted!
20260609 020536.262 INFO             PET2   esm: Run intro {IS}:--- StateLog() end -------------------
20260609 020536.262 INFO             PET2   esm: Run intro {ES}:--- StateLog() start -----------------
20260609 020536.262 INFO             PET2   esm: Run intro {ES}:State object is invalid! Not created or deleted!
20260609 020536.262 INFO             PET2   esm: Run intro {ES}:--- StateLog() end -------------------
20260609 020536.262 INFO             PET2   >>>esm: entered Run (phase=RunPhase1) with current time: 2010  6  1  0  0  0   0
20260609 020536.262 INFO             PET2   esm: after lable_SetRunClock, current time: 2010  6  1  0  0  0   0
20260609 020536.262 INFO             PET2   esm: begin -------> RunSequence.
20260609 020536.262 INFO             PET2     esm: RunSequence event loopLevel=   1  levelMember=   1  loopIteration=   1, current time: 2010  6  1  0  0  0   0
20260609 020536.262 INFO             PET2     ATM-TO-OCN: Run intro.
20260609 020536.263 INFO             PET2     ATM-TO-OCN: Run extro.
20260609 020536.263 INFO             PET2     OCN-TO-ATM: Run intro.
20260609 020536.263 INFO             PET2     OCN-TO-ATM: Run extro.
20260609 020536.263 INFO             PET2     OCN: Run intro.
20260609 020536.263 INFO             PET2       ------>Advancing OCN from: 2010  6  1  0  0  0   0
20260609 020536.263 INFO             PET2       ---------------------> to: 2010  6  1  0  5  0   0
20260609 020536.269 INFO             PET2       ------>Advancing OCN from: 2010  6  1  0  5  0   0
20260609 020536.269 INFO             PET2       ---------------------> to: 2010  6  1  0 10  0   0
20260609 020536.272 INFO             PET2       ------>Advancing OCN from: 2010  6  1  0 10  0   0
20260609 020536.272 INFO             PET2       ---------------------> to: 2010  6  1  0 15  0   0
20260609 020536.275 INFO             PET2     OCN: Run extro.
20260609 020536.275 INFO             PET2     esm: RunSequence event loopLevel=   1  levelMember=   1  loopIteration=   2, current time: 2010  6  1  0 15  0   0
20260609 020536.275 INFO             PET2     ATM-TO-OCN: Run intro.
20260609 020536.275 INFO             PET2     ATM-TO-OCN: Run extro.
20260609 020536.275 INFO             PET2     OCN-TO-ATM: Run intro.
20260609 020536.276 INFO             PET2     OCN-TO-ATM: Run extro.
20260609 020536.276 INFO             PET2     OCN: Run intro.
20260609 020536.276 INFO             PET2       ------>Advancing OCN from: 2010  6  1  0 15  0   0
20260609 020536.276 INFO             PET2       ---------------------> to: 2010  6  1  0 20  0   0
20260609 020536.279 INFO             PET2       ------>Advancing OCN from: 2010  6  1  0 20  0   0
20260609 020536.279 INFO             PET2       ---------------------> to: 2010  6  1  0 25  0   0
20260609 020536.281 INFO             PET2       ------>Advancing OCN from: 2010  6  1  0 25  0   0
20260609 020536.281 INFO             PET2       ---------------------> to: 2010  6  1  0 30  0   0
20260609 020536.284 INFO             PET2     OCN: Run extro.
20260609 020536.284 INFO             PET2     esm: RunSequence event loopLevel=   1  levelMember=   1  loopIteration=   3, current time: 2010  6  1  0 30  0   0
20260609 020536.284 INFO             PET2     ATM-TO-OCN: Run intro.
20260609 020536.284 INFO             PET2     ATM-TO-OCN: Run extro.
20260609 020536.284 INFO             PET2     OCN-TO-ATM: Run intro.
20260609 020536.284 INFO             PET2     OCN-TO-ATM: Run extro.
20260609 020536.285 INFO             PET2     OCN: Run intro.
20260609 020536.285 INFO             PET2       ------>Advancing OCN from: 2010  6  1  0 30  0   0
20260609 020536.285 INFO             PET2       ---------------------> to: 2010  6  1  0 35  0   0
20260609 020536.287 INFO             PET2       ------>Advancing OCN from: 2010  6  1  0 35  0   0
20260609 020536.287 INFO             PET2       ---------------------> to: 2010  6  1  0 40  0   0
20260609 020536.290 INFO             PET2       ------>Advancing OCN from: 2010  6  1  0 40  0   0
20260609 020536.290 INFO             PET2       ---------------------> to: 2010  6  1  0 45  0   0
20260609 020536.292 INFO             PET2     OCN: Run extro.
20260609 020536.293 INFO             PET2     esm: RunSequence event loopLevel=   1  levelMember=   1  loopIteration=   4, current time: 2010  6  1  0 45  0   0
20260609 020536.293 INFO             PET2     ATM-TO-OCN: Run intro.
20260609 020536.293 INFO             PET2     ATM-TO-OCN: Run extro.
20260609 020536.293 INFO             PET2     OCN-TO-ATM: Run intro.
20260609 020536.293 INFO             PET2     OCN-TO-ATM: Run extro.
20260609 020536.293 INFO             PET2     OCN: Run intro.
20260609 020536.293 INFO             PET2       ------>Advancing OCN from: 2010  6  1  0 45  0   0
20260609 020536.293 INFO             PET2       ---------------------> to: 2010  6  1  0 50  0   0
20260609 020536.296 INFO             PET2       ------>Advancing OCN from: 2010  6  1  0 50  0   0
20260609 020536.296 INFO             PET2       ---------------------> to: 2010  6  1  0 55  0   0
20260609 020536.299 INFO             PET2       ------>Advancing OCN from: 2010  6  1  0 55  0   0
20260609 020536.299 INFO             PET2       ---------------------> to: 2010  6  1  1  0  0   0
20260609 020536.302 INFO             PET2     OCN: Run extro.
20260609 020536.302 INFO             PET2   esm: end <--------- RunSequence
20260609 020536.302 INFO             PET2   <<<esm: leaving Run (phase=RunPhase1) with current time: 2010  6  1  1  0  0   0
20260609 020536.302 INFO             PET2   esm: Run extro {IS}:--- StateLog() start -----------------
20260609 020536.302 INFO             PET2   esm: Run extro {IS}:State object is invalid! Not created or deleted!
20260609 020536.302 INFO             PET2   esm: Run extro {IS}:--- StateLog() end -------------------
20260609 020536.302 INFO             PET2   esm: Run extro {ES}:--- StateLog() start -----------------
20260609 020536.302 INFO             PET2   esm: Run extro {ES}:State object is invalid! Not created or deleted!
20260609 020536.302 INFO             PET2   esm: Run extro {ES}:--- StateLog() end -------------------
20260609 020536.302 INFO             PET2 esm: Run extro.
20260609 020536.302 INFO             PET2 esm: Finalize intro.
20260609 020536.302 INFO             PET2   esm: Finalize intro {IS}:--- StateLog() start -----------------
20260609 020536.302 INFO             PET2   esm: Finalize intro {IS}:State object is invalid! Not created or deleted!
20260609 020536.302 INFO             PET2   esm: Finalize intro {IS}:--- StateLog() end -------------------
20260609 020536.302 INFO             PET2   esm: Finalize intro {ES}:--- StateLog() start -----------------
20260609 020536.302 INFO             PET2   esm: Finalize intro {ES}:State object is invalid! Not created or deleted!
20260609 020536.302 INFO             PET2   esm: Finalize intro {ES}:--- StateLog() end -------------------
20260609 020536.302 INFO             PET2   >>>esm: entered Finalize (phase=FinalizePhase1) with current time: 2010  6  1  1  0  0   0
20260609 020536.302 INFO             PET2   Calling Finalize phase 1 for connectorComp: ATM-TO-OCN
20260609 020536.302 INFO             PET2   ATM-TO-OCN: Finalize intro.
20260609 020536.302 INFO             PET2   ATM-TO-OCN: Finalize extro.
20260609 020536.302 INFO             PET2   Calling Finalize phase 1 for connectorComp: OCN-TO-ATM
20260609 020536.302 INFO             PET2   OCN-TO-ATM: Finalize intro.
20260609 020536.302 INFO             PET2   OCN-TO-ATM: Finalize extro.
20260609 020536.302 INFO             PET2   Calling Finalize phase 1 for modelComp: ATM
20260609 020536.302 INFO             PET2   Calling Finalize phase 1 for modelComp: OCN
20260609 020536.302 INFO             PET2   OCN: Finalize intro.
20260609 020536.302 INFO             PET2   OCN: Finalize extro.
20260609 020536.302 INFO             PET2   Delete modelComp: ATM
20260609 020536.302 INFO             PET2   Delete Import-/Export State for modelComp: ATM
20260609 020536.302 INFO             PET2   Delete modelComp: OCN
20260609 020536.302 INFO             PET2   Delete Import-/Export State for modelComp: OCN
20260609 020536.302 INFO             PET2   Delete connectorComp: ATM-TO-OCN
20260609 020536.302 INFO             PET2   Delete connectorComp: OCN-TO-ATM
20260609 020536.303 INFO             PET2   <<<esm: leaving Finalize (phase=FinalizePhase1) with current time: 2010  6  1  1  0  0   0
20260609 020536.303 INFO             PET2 esm: Finalize extro.
20260609 020536.303 INFO             PET2 esmApp FINISHED
20260609 020536.303 INFO             PET2  Finalizing ESMF
20260609 020536.015 INFO             PET3 !!!!!!!!!!!!!!!!!!!!!!!!!!!!!!!!!!!!!!!!!!!!!!!!!!!!!!
20260609 020536.015 INFO             PET3 !!! THE ESMF_LOG IS SET TO OUTPUT ALL LOG MESSAGES !!!
20260609 020536.015 INFO             PET3 !!!     THIS MAY CAUSE SLOWDOWN IN PERFORMANCE     !!!
20260609 020536.015 INFO             PET3 !!! FOR PRODUCTION RUNS, USE:                      !!!
20260609 020536.015 INFO             PET3 !!!                   ESMF_LOGKIND_Multi_On_Error  !!!
20260609 020536.015 INFO             PET3 !!!!!!!!!!!!!!!!!!!!!!!!!!!!!!!!!!!!!!!!!!!!!!!!!!!!!!
20260609 020536.015 INFO             PET3 Running with ESMF Version   : develop+gf183dd1f0b
20260609 020536.015 INFO             PET3 ESMF library build date/time: "Jun  9 2026" "01:28:40"
20260609 020536.016 INFO             PET3 ESMF library build location : /glade/derecho/scratch/sacks/esmf-testing/intel_2024.2.1-oneAPI_mpi_g_develop/esmf
20260609 020536.016 INFO             PET3 ESMF_COMM                   : mpi
20260609 020536.016 INFO             PET3 ESMF_MOAB                   : enabled
20260609 020536.016 INFO             PET3 ESMF_LAPACK                 : enabled
20260609 020536.016 INFO             PET3 ESMF_NETCDF                 : enabled
20260609 020536.016 INFO             PET3 ESMF_PNETCDF                : disabled
20260609 020536.016 INFO             PET3 ESMF_PIO                    : enabled
20260609 020536.016 INFO             PET3 ESMF_YAMLCPP                : enabled
20260609 020536.016 INFO             PET3 esmApp STARTING
20260609 020536.021 INFO             PET3 esm: InitializeGeneric intro.
20260609 020536.021 INFO             PET3   esm: InitializeGeneric intro {IS}:--- StateLog() start -----------------
20260609 020536.021 INFO             PET3   esm: InitializeGeneric intro {IS}:State object is invalid! Not created or deleted!
20260609 020536.021 INFO             PET3   esm: InitializeGeneric intro {IS}:--- StateLog() end -------------------
20260609 020536.021 INFO             PET3   esm: InitializeGeneric intro {ES}:--- StateLog() start -----------------
20260609 020536.021 INFO             PET3   esm: InitializeGeneric intro {ES}:State object is invalid! Not created or deleted!
20260609 020536.021 INFO             PET3   esm: InitializeGeneric intro {ES}:--- StateLog() end -------------------
20260609 020536.021 INFO             PET3   >>>esm: entered Initialize (phase=<none>) without valid internal Clock.
20260609 020536.021 INFO             PET3   esm: InitializeP0 intro.
20260609 020536.021 INFO             PET3     esm: InitializeP0 intro {IS}:--- StateLog() start -----------------
20260609 020536.021 INFO             PET3     esm: InitializeP0 intro {IS}:State object is invalid! Not created or deleted!
20260609 020536.021 INFO             PET3     esm: InitializeP0 intro {IS}:--- StateLog() end -------------------
20260609 020536.021 INFO             PET3     esm: InitializeP0 intro {ES}:--- StateLog() start -----------------
20260609 020536.021 INFO             PET3     esm: InitializeP0 intro {ES}:State object is invalid! Not created or deleted!
20260609 020536.021 INFO             PET3     esm: InitializeP0 intro {ES}:--- StateLog() end -------------------
20260609 020536.021 INFO             PET3     >>>esm: entered Initialize (phase=<none>) without valid internal Clock.
20260609 020536.021 INFO             PET3     <<<esm: leaving Initialize (phase=<none>) without valid internal Clock.
20260609 020536.021 INFO             PET3     esm: InitializeP0 extro {IS}:--- StateLog() start -----------------
20260609 020536.021 INFO             PET3     esm: InitializeP0 extro {IS}:State object is invalid! Not created or deleted!
20260609 020536.021 INFO             PET3     esm: InitializeP0 extro {IS}:--- StateLog() end -------------------
20260609 020536.021 INFO             PET3     esm: InitializeP0 extro {ES}:--- StateLog() start -----------------
20260609 020536.021 INFO             PET3     esm: InitializeP0 extro {ES}:State object is invalid! Not created or deleted!
20260609 020536.021 INFO             PET3     esm: InitializeP0 extro {ES}:--- StateLog() end -------------------
20260609 020536.021 INFO             PET3   esm: InitializeP0 extro.
20260609 020536.021 INFO             PET3   esm: InitializeIPDv02p1 intro.
20260609 020536.021 INFO             PET3     esm: InitializeIPDv02p1 intro {IS}:--- StateLog() start -----------------
20260609 020536.021 INFO             PET3     esm: InitializeIPDv02p1 intro {IS}:State object is invalid! Not created or deleted!
20260609 020536.021 INFO             PET3     esm: InitializeIPDv02p1 intro {IS}:--- StateLog() end -------------------
20260609 020536.021 INFO             PET3     esm: InitializeIPDv02p1 intro {ES}:--- StateLog() start -----------------
20260609 020536.021 INFO             PET3     esm: InitializeIPDv02p1 intro {ES}:State object is invalid! Not created or deleted!
20260609 020536.021 INFO             PET3     esm: InitializeIPDv02p1 intro {ES}:--- StateLog() end -------------------
20260609 020536.021 INFO             PET3     >>>esm: entered Initialize (phase=<none>) without valid internal Clock.
20260609 020536.022 INFO             PET3     esm - Creating model component ATM with petList of size 2 :
20260609 020536.022 INFO             PET3           0      1
20260609 020536.023 INFO             PET3     esm - Creating model component OCN with petList of size 2 :
20260609 020536.023 INFO             PET3           2      3
20260609 020536.025 INFO             PET3     esm - Creating connector component ATM-TO-OCN with petList of size 4 :
20260609 020536.025 INFO             PET3           0      1      2      3
20260609 020536.028 INFO             PET3     esm - Creating connector component OCN-TO-ATM with petList of size 4 :
20260609 020536.028 INFO             PET3           2      3      0      1
20260609 020536.032 INFO             PET3     esm - Creating state: modelComp 1 Import State
20260609 020536.032 INFO             PET3     esm - Creating state: modelComp 1 Export State
20260609 020536.032 INFO             PET3     esm - Creating state: modelComp 2 Import State
20260609 020536.032 INFO             PET3     esm - Creating state: modelComp 2 Export State
20260609 020536.033 INFO             PET3     OCN: InitializeP0 intro.
20260609 020536.034 INFO             PET3     OCN: InitializeP0 extro.
20260609 020536.036 INFO             PET3     ATM-TO-OCN: InitializeP0 intro.
20260609 020536.036 INFO             PET3     ATM-TO-OCN: InitializeP0 extro.
20260609 020536.036 INFO             PET3     OCN-TO-ATM: InitializeP0 intro.
20260609 020536.037 INFO             PET3     OCN-TO-ATM: InitializeP0 extro.
20260609 020536.038 INFO             PET3     esm: IInitAdvertise intro.
20260609 020536.038 INFO             PET3       esm: IInitAdvertise intro {IS}:--- StateLog() start -----------------
20260609 020536.038 INFO             PET3       esm: IInitAdvertise intro {IS}:State object is invalid! Not created or deleted!
20260609 020536.038 INFO             PET3       esm: IInitAdvertise intro {IS}:--- StateLog() end -------------------
20260609 020536.038 INFO             PET3       esm: IInitAdvertise intro {ES}:--- StateLog() start -----------------
20260609 020536.038 INFO             PET3       esm: IInitAdvertise intro {ES}:State object is invalid! Not created or deleted!
20260609 020536.038 INFO             PET3       esm: IInitAdvertise intro {ES}:--- StateLog() end -------------------
20260609 020536.038 INFO             PET3       >>>esm: entered Initialize (phase=<none>) with current time: 2010  6  1  0  0  0   0
20260609 020536.038 INFO             PET3       <<<esm: leaving Initialize (phase=<none>) with current time: 2010  6  1  0  0  0   0
20260609 020536.038 INFO             PET3       esm: IInitAdvertise extro {IS}:--- StateLog() start -----------------
20260609 020536.038 INFO             PET3       esm: IInitAdvertise extro {IS}:State object is invalid! Not created or deleted!
20260609 020536.038 INFO             PET3       esm: IInitAdvertise extro {IS}:--- StateLog() end -------------------
20260609 020536.038 INFO             PET3       esm: IInitAdvertise extro {ES}:--- StateLog() start -----------------
20260609 020536.038 INFO             PET3       esm: IInitAdvertise extro {ES}:State object is invalid! Not created or deleted!
20260609 020536.038 INFO             PET3       esm: IInitAdvertise extro {ES}:--- StateLog() end -------------------
20260609 020536.038 INFO             PET3     esm: IInitAdvertise extro.
20260609 020536.038 INFO             PET3     OCN: InitializeIPDvXp01 intro.
20260609 020536.040 INFO             PET3     OCN: InitializeIPDvXp01 extro.
20260609 020536.041 INFO             PET3     ATM-TO-OCN: InitializeIPDv05p1 intro.
20260609 020536.046 INFO             PET3     ATM-TO-OCN: InitializeIPDv05p1 extro.
20260609 020536.046 INFO             PET3     OCN-TO-ATM: InitializeIPDv05p1 intro.
20260609 020536.050 INFO             PET3     OCN-TO-ATM: InitializeIPDv05p1 extro.
20260609 020536.050 INFO             PET3     esm: IInitAdvertiseFinish intro.
20260609 020536.050 INFO             PET3       esm: IInitAdvertiseFinish intro {IS}:--- StateLog() start -----------------
20260609 020536.050 INFO             PET3       esm: IInitAdvertiseFinish intro {IS}:State object is invalid! Not created or deleted!
20260609 020536.050 INFO             PET3       esm: IInitAdvertiseFinish intro {IS}:--- StateLog() end -------------------
20260609 020536.050 INFO             PET3       esm: IInitAdvertiseFinish intro {ES}:--- StateLog() start -----------------
20260609 020536.050 INFO             PET3       esm: IInitAdvertiseFinish intro {ES}:State object is invalid! Not created or deleted!
20260609 020536.050 INFO             PET3       esm: IInitAdvertiseFinish intro {ES}:--- StateLog() end -------------------
20260609 020536.050 INFO             PET3       >>>esm: entered Initialize (phase=<none>) with current time: 2010  6  1  0  0  0   0
20260609 020536.050 INFO             PET3       <<<esm: leaving Initialize (phase=<none>) with current time: 2010  6  1  0  0  0   0
20260609 020536.050 INFO             PET3       esm: IInitAdvertiseFinish extro {IS}:--- StateLog() start -----------------
20260609 020536.050 INFO             PET3       esm: IInitAdvertiseFinish extro {IS}:State object is invalid! Not created or deleted!
20260609 020536.050 INFO             PET3       esm: IInitAdvertiseFinish extro {IS}:--- StateLog() end -------------------
20260609 020536.050 INFO             PET3       esm: IInitAdvertiseFinish extro {ES}:--- StateLog() start -----------------
20260609 020536.050 INFO             PET3       esm: IInitAdvertiseFinish extro {ES}:State object is invalid! Not created or deleted!
20260609 020536.050 INFO             PET3       esm: IInitAdvertiseFinish extro {ES}:--- StateLog() end -------------------
20260609 020536.050 INFO             PET3     esm: IInitAdvertiseFinish extro.
20260609 020536.050 INFO             PET3     ATM-TO-OCN: InitializeIPDv05p2a intro.
20260609 020536.054 INFO             PET3     ATM-TO-OCN: InitializeIPDv05p2a extro.
20260609 020536.054 INFO             PET3     OCN-TO-ATM: InitializeIPDv05p2a intro.
20260609 020536.058 INFO             PET3     OCN-TO-ATM: InitializeIPDv05p2a extro.
20260609 020536.058 INFO             PET3     ATM-TO-OCN: InitializeIPDv05p2b intro.
20260609 020536.062 INFO             PET3     ATM-TO-OCN: InitializeIPDv05p2b extro.
20260609 020536.062 INFO             PET3     OCN-TO-ATM: InitializeIPDv05p2b intro.
20260609 020536.066 INFO             PET3     OCN-TO-ATM: InitializeIPDv05p2b extro.
20260609 020536.066 INFO             PET3     esm: IInitModifyCplLists intro.
20260609 020536.066 INFO             PET3       esm: IInitModifyCplLists intro {IS}:--- StateLog() start -----------------
20260609 020536.066 INFO             PET3       esm: IInitModifyCplLists intro {IS}:State object is invalid! Not created or deleted!
20260609 020536.066 INFO             PET3       esm: IInitModifyCplLists intro {IS}:--- StateLog() end -------------------
20260609 020536.066 INFO             PET3       esm: IInitModifyCplLists intro {ES}:--- StateLog() start -----------------
20260609 020536.066 INFO             PET3       esm: IInitModifyCplLists intro {ES}:State object is invalid! Not created or deleted!
20260609 020536.066 INFO             PET3       esm: IInitModifyCplLists intro {ES}:--- StateLog() end -------------------
20260609 020536.066 INFO             PET3       >>>esm: entered Initialize (phase=<none>) with current time: 2010  6  1  0  0  0   0
20260609 020536.066 INFO             PET3       Driver is in ModifyCplLists()
20260609 020536.066 INFO             PET3        Found            2  Connectors. Modifying CplList Attribute....
20260609 020536.067 INFO             PET3       <<<esm: leaving Initialize (phase=<none>) with current time: 2010  6  1  0  0  0   0
20260609 020536.067 INFO             PET3       esm: IInitModifyCplLists extro {IS}:--- StateLog() start -----------------
20260609 020536.067 INFO             PET3       esm: IInitModifyCplLists extro {IS}:State object is invalid! Not created or deleted!
20260609 020536.067 INFO             PET3       esm: IInitModifyCplLists extro {IS}:--- StateLog() end -------------------
20260609 020536.067 INFO             PET3       esm: IInitModifyCplLists extro {ES}:--- StateLog() start -----------------
20260609 020536.067 INFO             PET3       esm: IInitModifyCplLists extro {ES}:State object is invalid! Not created or deleted!
20260609 020536.067 INFO             PET3       esm: IInitModifyCplLists extro {ES}:--- StateLog() end -------------------
20260609 020536.067 INFO             PET3     esm: IInitModifyCplLists extro.
20260609 020536.067 INFO             PET3     ATM-TO-OCN: InitializeIPDv05p3 intro.
20260609 020536.071 INFO             PET3     ATM-TO-OCN: InitializeIPDv05p3 extro.
20260609 020536.071 INFO             PET3     OCN-TO-ATM: InitializeIPDv05p3 intro.
20260609 020536.075 INFO             PET3     OCN-TO-ATM: InitializeIPDv05p3 extro.
20260609 020536.075 INFO             PET3     <<<esm: leaving Initialize (phase=<none>) with current time: 2010  6  1  0  0  0   0
20260609 020536.075 INFO             PET3     esm: InitializeIPDv02p1 extro {IS}:--- StateLog() start -----------------
20260609 020536.075 INFO             PET3     esm: InitializeIPDv02p1 extro {IS}:State object is invalid! Not created or deleted!
20260609 020536.075 INFO             PET3     esm: InitializeIPDv02p1 extro {IS}:--- StateLog() end -------------------
20260609 020536.075 INFO             PET3     esm: InitializeIPDv02p1 extro {ES}:--- StateLog() start -----------------
20260609 020536.075 INFO             PET3     esm: InitializeIPDv02p1 extro {ES}:State object is invalid! Not created or deleted!
20260609 020536.075 INFO             PET3     esm: InitializeIPDv02p1 extro {ES}:--- StateLog() end -------------------
20260609 020536.075 INFO             PET3   esm: InitializeIPDv02p1 extro.
20260609 020536.075 INFO             PET3   esm: InitializeIPDv02p3 intro.
20260609 020536.075 INFO             PET3     esm: InitializeIPDv02p3 intro {IS}:--- StateLog() start -----------------
20260609 020536.075 INFO             PET3     esm: InitializeIPDv02p3 intro {IS}:State object is invalid! Not created or deleted!
20260609 020536.075 INFO             PET3     esm: InitializeIPDv02p3 intro {IS}:--- StateLog() end -------------------
20260609 020536.075 INFO             PET3     esm: InitializeIPDv02p3 intro {ES}:--- StateLog() start -----------------
20260609 020536.075 INFO             PET3     esm: InitializeIPDv02p3 intro {ES}:State object is invalid! Not created or deleted!
20260609 020536.075 INFO             PET3     esm: InitializeIPDv02p3 intro {ES}:--- StateLog() end -------------------
20260609 020536.075 INFO             PET3     >>>esm: entered Initialize (phase=<none>) with current time: 2010  6  1  0  0  0   0
20260609 020536.075 INFO             PET3     esm: IInitCheck intro.
20260609 020536.075 INFO             PET3       esm: IInitCheck intro {IS}:--- StateLog() start -----------------
20260609 020536.075 INFO             PET3       esm: IInitCheck intro {IS}:State object is invalid! Not created or deleted!
20260609 020536.075 INFO             PET3       esm: IInitCheck intro {IS}:--- StateLog() end -------------------
20260609 020536.075 INFO             PET3       esm: IInitCheck intro {ES}:--- StateLog() start -----------------
20260609 020536.075 INFO             PET3       esm: IInitCheck intro {ES}:State object is invalid! Not created or deleted!
20260609 020536.075 INFO             PET3       esm: IInitCheck intro {ES}:--- StateLog() end -------------------
20260609 020536.076 INFO             PET3       >>>esm: entered Initialize (phase=<none>) with current time: 2010  6  1  0  0  0   0
20260609 020536.076 INFO             PET3       <<<esm: leaving Initialize (phase=<none>) with current time: 2010  6  1  0  0  0   0
20260609 020536.076 INFO             PET3       esm: IInitCheck extro {IS}:--- StateLog() start -----------------
20260609 020536.076 INFO             PET3       esm: IInitCheck extro {IS}:State object is invalid! Not created or deleted!
20260609 020536.076 INFO             PET3       esm: IInitCheck extro {IS}:--- StateLog() end -------------------
20260609 020536.076 INFO             PET3       esm: IInitCheck extro {ES}:--- StateLog() start -----------------
20260609 020536.076 INFO             PET3       esm: IInitCheck extro {ES}:State object is invalid! Not created or deleted!
20260609 020536.076 INFO             PET3       esm: IInitCheck extro {ES}:--- StateLog() end -------------------
20260609 020536.076 INFO             PET3     esm: IInitCheck extro.
20260609 020536.076 INFO             PET3     OCN: InitializeIPDvXp04 intro.
20260609 020536.080 INFO             PET3     OCN: InitializeIPDvXp04 extro.
20260609 020536.081 INFO             PET3     ATM-TO-OCN: InitializeIPDv05p4 intro.
20260609 020536.088 INFO             PET3     ATM-TO-OCN: InitializeIPDv05p4 extro.
20260609 020536.088 INFO             PET3     OCN-TO-ATM: InitializeIPDv05p4 intro.
20260609 020536.094 INFO             PET3     OCN-TO-ATM: InitializeIPDv05p4 extro.
20260609 020536.094 INFO             PET3     ATM-TO-OCN: InitializeIPDv05p5 intro.
20260609 020536.100 INFO             PET3     ATM-TO-OCN: InitializeIPDv05p5 extro.
20260609 020536.100 INFO             PET3     OCN-TO-ATM: InitializeIPDv05p5 intro.
20260609 020536.106 INFO             PET3     OCN-TO-ATM: InitializeIPDv05p5 extro.
20260609 020536.106 INFO             PET3     esm: IInitRealize intro.
20260609 020536.106 INFO             PET3       esm: IInitRealize intro {IS}:--- StateLog() start -----------------
20260609 020536.106 INFO             PET3       esm: IInitRealize intro {IS}:State object is invalid! Not created or deleted!
20260609 020536.106 INFO             PET3       esm: IInitRealize intro {IS}:--- StateLog() end -------------------
20260609 020536.106 INFO             PET3       esm: IInitRealize intro {ES}:--- StateLog() start -----------------
20260609 020536.106 INFO             PET3       esm: IInitRealize intro {ES}:State object is invalid! Not created or deleted!
20260609 020536.106 INFO             PET3       esm: IInitRealize intro {ES}:--- StateLog() end -------------------
20260609 020536.106 INFO             PET3       >>>esm: entered Initialize (phase=<none>) with current time: 2010  6  1  0  0  0   0
20260609 020536.106 INFO             PET3       <<<esm: leaving Initialize (phase=<none>) with current time: 2010  6  1  0  0  0   0
20260609 020536.106 INFO             PET3       esm: IInitRealize extro {IS}:--- StateLog() start -----------------
20260609 020536.106 INFO             PET3       esm: IInitRealize extro {IS}:State object is invalid! Not created or deleted!
20260609 020536.106 INFO             PET3       esm: IInitRealize extro {IS}:--- StateLog() end -------------------
20260609 020536.106 INFO             PET3       esm: IInitRealize extro {ES}:--- StateLog() start -----------------
20260609 020536.106 INFO             PET3       esm: IInitRealize extro {ES}:State object is invalid! Not created or deleted!
20260609 020536.106 INFO             PET3       esm: IInitRealize extro {ES}:--- StateLog() end -------------------
20260609 020536.106 INFO             PET3     esm: IInitRealize extro.
20260609 020536.107 INFO             PET3     ATM-TO-OCN: InitializeIPDv05p6a intro.
20260609 020536.113 INFO             PET3     ATM-TO-OCN: InitializeIPDv05p6a extro.
20260609 020536.113 INFO             PET3     OCN-TO-ATM: InitializeIPDv05p6a intro.
20260609 020536.118 INFO             PET3     OCN-TO-ATM: InitializeIPDv05p6a extro.
20260609 020536.118 INFO             PET3     ATM-TO-OCN: InitializeIPDv05p6b intro.
20260609 020536.197 INFO             PET3     ATM-TO-OCN: InitializeIPDv05p6b extro.
20260609 020536.198 INFO             PET3     OCN-TO-ATM: InitializeIPDv05p6b intro.
20260609 020536.258 INFO             PET3     OCN-TO-ATM: InitializeIPDv05p6b extro.
20260609 020536.258 INFO             PET3     OCN: InitializeIPDvXp07 intro.
20260609 020536.259 INFO             PET3     OCN: InitializeIPDvXp07 extro.
20260609 020536.259 INFO             PET3     <<<esm: leaving Initialize (phase=<none>) with current time: 2010  6  1  0  0  0   0
20260609 020536.259 INFO             PET3     esm: InitializeIPDv02p3 extro {IS}:--- StateLog() start -----------------
20260609 020536.259 INFO             PET3     esm: InitializeIPDv02p3 extro {IS}:State object is invalid! Not created or deleted!
20260609 020536.259 INFO             PET3     esm: InitializeIPDv02p3 extro {IS}:--- StateLog() end -------------------
20260609 020536.259 INFO             PET3     esm: InitializeIPDv02p3 extro {ES}:--- StateLog() start -----------------
20260609 020536.259 INFO             PET3     esm: InitializeIPDv02p3 extro {ES}:State object is invalid! Not created or deleted!
20260609 020536.259 INFO             PET3     esm: InitializeIPDv02p3 extro {ES}:--- StateLog() end -------------------
20260609 020536.259 INFO             PET3   esm: InitializeIPDv02p3 extro.
20260609 020536.259 INFO             PET3   esm: InitializeIPDv02p5 intro.
20260609 020536.259 INFO             PET3     esm: InitializeIPDv02p5 intro {IS}:--- StateLog() start -----------------
20260609 020536.259 INFO             PET3     esm: InitializeIPDv02p5 intro {IS}:State object is invalid! Not created or deleted!
20260609 020536.259 INFO             PET3     esm: InitializeIPDv02p5 intro {IS}:--- StateLog() end -------------------
20260609 020536.259 INFO             PET3     esm: InitializeIPDv02p5 intro {ES}:--- StateLog() start -----------------
20260609 020536.259 INFO             PET3     esm: InitializeIPDv02p5 intro {ES}:State object is invalid! Not created or deleted!
20260609 020536.259 INFO             PET3     esm: InitializeIPDv02p5 intro {ES}:--- StateLog() end -------------------
20260609 020536.259 INFO             PET3     >>>esm: entered Initialize (phase=<none>) with current time: 2010  6  1  0  0  0   0
20260609 020536.259 INFO             PET3     esm: this is a top level driver, no 'Updated' and 'InitializeDataComplete' info on this level.
20260609 020536.259 INFO             PET3     esm: InitializeIPDv02p5Data intro.
20260609 020536.259 INFO             PET3       esm: InitializeIPDv02p5Data intro {IS}:--- StateLog() start -----------------
20260609 020536.259 INFO             PET3       esm: InitializeIPDv02p5Data intro {IS}:State object is invalid! Not created or deleted!
20260609 020536.259 INFO             PET3       esm: InitializeIPDv02p5Data intro {IS}:--- StateLog() end -------------------
20260609 020536.259 INFO             PET3       esm: InitializeIPDv02p5Data intro {ES}:--- StateLog() start -----------------
20260609 020536.259 INFO             PET3       esm: InitializeIPDv02p5Data intro {ES}:State object is invalid! Not created or deleted!
20260609 020536.259 INFO             PET3       esm: InitializeIPDv02p5Data intro {ES}:--- StateLog() end -------------------
20260609 020536.259 INFO             PET3       >>>esm: entered Initialize (phase=<none>) with current time: 2010  6  1  0  0  0   0
20260609 020536.259 INFO             PET3       esm: InternalInitializeComplete intro.
20260609 020536.259 INFO             PET3         esm: InternalInitializeComplete intro {IS}:--- StateLog() start -----------------
20260609 020536.259 INFO             PET3         esm: InternalInitializeComplete intro {IS}:State object is invalid! Not created or deleted!
20260609 020536.259 INFO             PET3         esm: InternalInitializeComplete intro {IS}:--- StateLog() end -------------------
20260609 020536.259 INFO             PET3         esm: InternalInitializeComplete intro {ES}:--- StateLog() start -----------------
20260609 020536.259 INFO             PET3         esm: InternalInitializeComplete intro {ES}:State object is invalid! Not created or deleted!
20260609 020536.259 INFO             PET3         esm: InternalInitializeComplete intro {ES}:--- StateLog() end -------------------
20260609 020536.259 INFO             PET3         >>>esm: entered Initialize (phase=<none>) with current time: 2010  6  1  0  0  0   0
20260609 020536.259 INFO             PET3         esm: InitializeDataComplete='true'
20260609 020536.259 INFO             PET3         <<<esm: leaving Initialize (phase=<none>) with current time: 2010  6  1  0  0  0   0
20260609 020536.259 INFO             PET3         esm: InternalInitializeComplete extro {IS}:--- StateLog() start -----------------
20260609 020536.259 INFO             PET3         esm: InternalInitializeComplete extro {IS}:State object is invalid! Not created or deleted!
20260609 020536.259 INFO             PET3         esm: InternalInitializeComplete extro {IS}:--- StateLog() end -------------------
20260609 020536.259 INFO             PET3         esm: InternalInitializeComplete extro {ES}:--- StateLog() start -----------------
20260609 020536.259 INFO             PET3         esm: InternalInitializeComplete extro {ES}:State object is invalid! Not created or deleted!
20260609 020536.259 INFO             PET3         esm: InternalInitializeComplete extro {ES}:--- StateLog() end -------------------
20260609 020536.259 INFO             PET3       esm: InternalInitializeComplete extro.
20260609 020536.260 INFO             PET3       OCN: InitializeIPDv01p5 intro.
20260609 020536.260 INFO             PET3       OCN: InitializeIPDv01p5 extro.
20260609 020536.261 INFO             PET3       esm: components present that trigger loopDataDependentInitialize().
20260609 020536.261 INFO             PET3       esm: loopDataDependentInitialize intro.
20260609 020536.261 INFO             PET3         esm: loopDataDependentInitialize intro {IS}:--- StateLog() start -----------------
20260609 020536.261 INFO             PET3         esm: loopDataDependentInitialize intro {IS}:State object is invalid! Not created or deleted!
20260609 020536.261 INFO             PET3         esm: loopDataDependentInitialize intro {IS}:--- StateLog() end -------------------
20260609 020536.261 INFO             PET3         esm: loopDataDependentInitialize intro {ES}:--- StateLog() start -----------------
20260609 020536.261 INFO             PET3         esm: loopDataDependentInitialize intro {ES}:State object is invalid! Not created or deleted!
20260609 020536.261 INFO             PET3         esm: loopDataDependentInitialize intro {ES}:--- StateLog() end -------------------
20260609 020536.261 INFO             PET3         >>>esm: entered Initialize (phase=<none>) with current time: 2010  6  1  0  0  0   0
20260609 020536.261 INFO             PET3         esm: component    0=esm, dataComplete (local): true
20260609 020536.261 INFO             PET3         esm: component    0=esm, dataComplete (global):  T
20260609 020536.261 INFO             PET3         esm: component    1=ATM, dataComplete (local): true
20260609 020536.261 INFO             PET3         esm: component    1=ATM, dataComplete (global):  T
20260609 020536.261 INFO             PET3         esm: component    2=OCN, dataComplete (local): true
20260609 020536.261 INFO             PET3         esm: component    2=OCN, dataComplete (global):  T
20260609 020536.261 INFO             PET3         esm: someProgress= F, allComplete= T, present(dataDepAllComplete)= T
20260609 020536.261 INFO             PET3         esm: finished resolving initialize data dependencies on this level.
20260609 020536.261 INFO             PET3         <<<esm: leaving Initialize (phase=<none>) with current time: 2010  6  1  0  0  0   0
20260609 020536.261 INFO             PET3         esm: loopDataDependentInitialize extro {IS}:--- StateLog() start -----------------
20260609 020536.261 INFO             PET3         esm: loopDataDependentInitialize extro {IS}:State object is invalid! Not created or deleted!
20260609 020536.261 INFO             PET3         esm: loopDataDependentInitialize extro {IS}:--- StateLog() end -------------------
20260609 020536.261 INFO             PET3         esm: loopDataDependentInitialize extro {ES}:--- StateLog() start -----------------
20260609 020536.261 INFO             PET3         esm: loopDataDependentInitialize extro {ES}:State object is invalid! Not created or deleted!
20260609 020536.261 INFO             PET3         esm: loopDataDependentInitialize extro {ES}:--- StateLog() end -------------------
20260609 020536.261 INFO             PET3       esm: loopDataDependentInitialize extro.
20260609 020536.261 INFO             PET3       esm: loopDataDependentInitialize() returned with dataDepAllComplete:  T
20260609 020536.261 INFO             PET3       <<<esm: leaving Initialize (phase=<none>) with current time: 2010  6  1  0  0  0   0
20260609 020536.261 INFO             PET3       esm: InitializeIPDv02p5Data extro {IS}:--- StateLog() start -----------------
20260609 020536.261 INFO             PET3       esm: InitializeIPDv02p5Data extro {IS}:State object is invalid! Not created or deleted!
20260609 020536.261 INFO             PET3       esm: InitializeIPDv02p5Data extro {IS}:--- StateLog() end -------------------
20260609 020536.261 INFO             PET3       esm: InitializeIPDv02p5Data extro {ES}:--- StateLog() start -----------------
20260609 020536.261 INFO             PET3       esm: InitializeIPDv02p5Data extro {ES}:State object is invalid! Not created or deleted!
20260609 020536.261 INFO             PET3       esm: InitializeIPDv02p5Data extro {ES}:--- StateLog() end -------------------
20260609 020536.261 INFO             PET3     esm: InitializeIPDv02p5Data extro.
20260609 020536.261 INFO             PET3     <<<esm: leaving Initialize (phase=<none>) with current time: 2010  6  1  0  0  0   0
20260609 020536.261 INFO             PET3     esm: InitializeIPDv02p5 extro {IS}:--- StateLog() start -----------------
20260609 020536.261 INFO             PET3     esm: InitializeIPDv02p5 extro {IS}:State object is invalid! Not created or deleted!
20260609 020536.261 INFO             PET3     esm: InitializeIPDv02p5 extro {IS}:--- StateLog() end -------------------
20260609 020536.261 INFO             PET3     esm: InitializeIPDv02p5 extro {ES}:--- StateLog() start -----------------
20260609 020536.261 INFO             PET3     esm: InitializeIPDv02p5 extro {ES}:State object is invalid! Not created or deleted!
20260609 020536.261 INFO             PET3     esm: InitializeIPDv02p5 extro {ES}:--- StateLog() end -------------------
20260609 020536.261 INFO             PET3   esm: InitializeIPDv02p5 extro.
20260609 020536.261 INFO             PET3   <<<esm: leaving Initialize (phase=<none>) with current time: 2010  6  1  0  0  0   0
20260609 020536.261 INFO             PET3   esm: InitializeGeneric extro {IS}:--- StateLog() start -----------------
20260609 020536.261 INFO             PET3   esm: InitializeGeneric extro {IS}:State object is invalid! Not created or deleted!
20260609 020536.261 INFO             PET3   esm: InitializeGeneric extro {IS}:--- StateLog() end -------------------
20260609 020536.261 INFO             PET3   esm: InitializeGeneric extro {ES}:--- StateLog() start -----------------
20260609 020536.261 INFO             PET3   esm: InitializeGeneric extro {ES}:State object is invalid! Not created or deleted!
20260609 020536.262 INFO             PET3   esm: InitializeGeneric extro {ES}:--- StateLog() end -------------------
20260609 020536.262 INFO             PET3 esm: InitializeGeneric extro.
20260609 020536.262 INFO             PET3 esm: Run intro.
20260609 020536.262 INFO             PET3   esm: Run intro {IS}:--- StateLog() start -----------------
20260609 020536.262 INFO             PET3   esm: Run intro {IS}:State object is invalid! Not created or deleted!
20260609 020536.262 INFO             PET3   esm: Run intro {IS}:--- StateLog() end -------------------
20260609 020536.262 INFO             PET3   esm: Run intro {ES}:--- StateLog() start -----------------
20260609 020536.262 INFO             PET3   esm: Run intro {ES}:State object is invalid! Not created or deleted!
20260609 020536.262 INFO             PET3   esm: Run intro {ES}:--- StateLog() end -------------------
20260609 020536.262 INFO             PET3   >>>esm: entered Run (phase=RunPhase1) with current time: 2010  6  1  0  0  0   0
20260609 020536.262 INFO             PET3   esm: after lable_SetRunClock, current time: 2010  6  1  0  0  0   0
20260609 020536.262 INFO             PET3   esm: begin -------> RunSequence.
20260609 020536.262 INFO             PET3     esm: RunSequence event loopLevel=   1  levelMember=   1  loopIteration=   1, current time: 2010  6  1  0  0  0   0
20260609 020536.262 INFO             PET3     ATM-TO-OCN: Run intro.
20260609 020536.263 INFO             PET3     ATM-TO-OCN: Run extro.
20260609 020536.263 INFO             PET3     OCN-TO-ATM: Run intro.
20260609 020536.263 INFO             PET3     OCN-TO-ATM: Run extro.
20260609 020536.263 INFO             PET3     OCN: Run intro.
20260609 020536.263 INFO             PET3       ------>Advancing OCN from: 2010  6  1  0  0  0   0
20260609 020536.263 INFO             PET3       ---------------------> to: 2010  6  1  0  5  0   0
20260609 020536.269 INFO             PET3       ------>Advancing OCN from: 2010  6  1  0  5  0   0
20260609 020536.269 INFO             PET3       ---------------------> to: 2010  6  1  0 10  0   0
20260609 020536.272 INFO             PET3       ------>Advancing OCN from: 2010  6  1  0 10  0   0
20260609 020536.272 INFO             PET3       ---------------------> to: 2010  6  1  0 15  0   0
20260609 020536.275 INFO             PET3     OCN: Run extro.
20260609 020536.275 INFO             PET3     esm: RunSequence event loopLevel=   1  levelMember=   1  loopIteration=   2, current time: 2010  6  1  0 15  0   0
20260609 020536.275 INFO             PET3     ATM-TO-OCN: Run intro.
20260609 020536.275 INFO             PET3     ATM-TO-OCN: Run extro.
20260609 020536.275 INFO             PET3     OCN-TO-ATM: Run intro.
20260609 020536.276 INFO             PET3     OCN-TO-ATM: Run extro.
20260609 020536.276 INFO             PET3     OCN: Run intro.
20260609 020536.276 INFO             PET3       ------>Advancing OCN from: 2010  6  1  0 15  0   0
20260609 020536.276 INFO             PET3       ---------------------> to: 2010  6  1  0 20  0   0
20260609 020536.279 INFO             PET3       ------>Advancing OCN from: 2010  6  1  0 20  0   0
20260609 020536.279 INFO             PET3       ---------------------> to: 2010  6  1  0 25  0   0
20260609 020536.281 INFO             PET3       ------>Advancing OCN from: 2010  6  1  0 25  0   0
20260609 020536.281 INFO             PET3       ---------------------> to: 2010  6  1  0 30  0   0
20260609 020536.284 INFO             PET3     OCN: Run extro.
20260609 020536.284 INFO             PET3     esm: RunSequence event loopLevel=   1  levelMember=   1  loopIteration=   3, current time: 2010  6  1  0 30  0   0
20260609 020536.284 INFO             PET3     ATM-TO-OCN: Run intro.
20260609 020536.284 INFO             PET3     ATM-TO-OCN: Run extro.
20260609 020536.284 INFO             PET3     OCN-TO-ATM: Run intro.
20260609 020536.284 INFO             PET3     OCN-TO-ATM: Run extro.
20260609 020536.285 INFO             PET3     OCN: Run intro.
20260609 020536.285 INFO             PET3       ------>Advancing OCN from: 2010  6  1  0 30  0   0
20260609 020536.285 INFO             PET3       ---------------------> to: 2010  6  1  0 35  0   0
20260609 020536.287 INFO             PET3       ------>Advancing OCN from: 2010  6  1  0 35  0   0
20260609 020536.287 INFO             PET3       ---------------------> to: 2010  6  1  0 40  0   0
20260609 020536.290 INFO             PET3       ------>Advancing OCN from: 2010  6  1  0 40  0   0
20260609 020536.290 INFO             PET3       ---------------------> to: 2010  6  1  0 45  0   0
20260609 020536.292 INFO             PET3     OCN: Run extro.
20260609 020536.293 INFO             PET3     esm: RunSequence event loopLevel=   1  levelMember=   1  loopIteration=   4, current time: 2010  6  1  0 45  0   0
20260609 020536.293 INFO             PET3     ATM-TO-OCN: Run intro.
20260609 020536.293 INFO             PET3     ATM-TO-OCN: Run extro.
20260609 020536.293 INFO             PET3     OCN-TO-ATM: Run intro.
20260609 020536.293 INFO             PET3     OCN-TO-ATM: Run extro.
20260609 020536.293 INFO             PET3     OCN: Run intro.
20260609 020536.293 INFO             PET3       ------>Advancing OCN from: 2010  6  1  0 45  0   0
20260609 020536.293 INFO             PET3       ---------------------> to: 2010  6  1  0 50  0   0
20260609 020536.296 INFO             PET3       ------>Advancing OCN from: 2010  6  1  0 50  0   0
20260609 020536.296 INFO             PET3       ---------------------> to: 2010  6  1  0 55  0   0
20260609 020536.299 INFO             PET3       ------>Advancing OCN from: 2010  6  1  0 55  0   0
20260609 020536.299 INFO             PET3       ---------------------> to: 2010  6  1  1  0  0   0
20260609 020536.301 INFO             PET3     OCN: Run extro.
20260609 020536.302 INFO             PET3   esm: end <--------- RunSequence
20260609 020536.302 INFO             PET3   <<<esm: leaving Run (phase=RunPhase1) with current time: 2010  6  1  1  0  0   0
20260609 020536.302 INFO             PET3   esm: Run extro {IS}:--- StateLog() start -----------------
20260609 020536.302 INFO             PET3   esm: Run extro {IS}:State object is invalid! Not created or deleted!
20260609 020536.302 INFO             PET3   esm: Run extro {IS}:--- StateLog() end -------------------
20260609 020536.302 INFO             PET3   esm: Run extro {ES}:--- StateLog() start -----------------
20260609 020536.302 INFO             PET3   esm: Run extro {ES}:State object is invalid! Not created or deleted!
20260609 020536.302 INFO             PET3   esm: Run extro {ES}:--- StateLog() end -------------------
20260609 020536.302 INFO             PET3 esm: Run extro.
20260609 020536.302 INFO             PET3 esm: Finalize intro.
20260609 020536.302 INFO             PET3   esm: Finalize intro {IS}:--- StateLog() start -----------------
20260609 020536.302 INFO             PET3   esm: Finalize intro {IS}:State object is invalid! Not created or deleted!
20260609 020536.302 INFO             PET3   esm: Finalize intro {IS}:--- StateLog() end -------------------
20260609 020536.302 INFO             PET3   esm: Finalize intro {ES}:--- StateLog() start -----------------
20260609 020536.302 INFO             PET3   esm: Finalize intro {ES}:State object is invalid! Not created or deleted!
20260609 020536.302 INFO             PET3   esm: Finalize intro {ES}:--- StateLog() end -------------------
20260609 020536.302 INFO             PET3   >>>esm: entered Finalize (phase=FinalizePhase1) with current time: 2010  6  1  1  0  0   0
20260609 020536.302 INFO             PET3   Calling Finalize phase 1 for connectorComp: ATM-TO-OCN
20260609 020536.302 INFO             PET3   ATM-TO-OCN: Finalize intro.
20260609 020536.302 INFO             PET3   ATM-TO-OCN: Finalize extro.
20260609 020536.302 INFO             PET3   Calling Finalize phase 1 for connectorComp: OCN-TO-ATM
20260609 020536.302 INFO             PET3   OCN-TO-ATM: Finalize intro.
20260609 020536.302 INFO             PET3   OCN-TO-ATM: Finalize extro.
20260609 020536.302 INFO             PET3   Calling Finalize phase 1 for modelComp: ATM
20260609 020536.302 INFO             PET3   Calling Finalize phase 1 for modelComp: OCN
20260609 020536.302 INFO             PET3   OCN: Finalize intro.
20260609 020536.302 INFO             PET3   OCN: Finalize extro.
20260609 020536.302 INFO             PET3   Delete modelComp: ATM
20260609 020536.302 INFO             PET3   Delete Import-/Export State for modelComp: ATM
20260609 020536.302 INFO             PET3   Delete modelComp: OCN
20260609 020536.302 INFO             PET3   Delete Import-/Export State for modelComp: OCN
20260609 020536.302 INFO             PET3   Delete connectorComp: ATM-TO-OCN
20260609 020536.303 INFO             PET3   Delete connectorComp: OCN-TO-ATM
20260609 020536.303 INFO             PET3   <<<esm: leaving Finalize (phase=FinalizePhase1) with current time: 2010  6  1  1  0  0   0
20260609 020536.303 INFO             PET3 esm: Finalize extro.
20260609 020536.303 INFO             PET3 esmApp FINISHED
20260609 020536.303 INFO             PET3  Finalizing ESMF
