2026-05-06 00:45:38
20260506 011015.213 INFO             PET0 !!!!!!!!!!!!!!!!!!!!!!!!!!!!!!!!!!!!!!!!!!!!!!!!!!!!!!
20260506 011015.213 INFO             PET0 !!! THE ESMF_LOG IS SET TO OUTPUT ALL LOG MESSAGES !!!
20260506 011015.214 INFO             PET0 !!!     THIS MAY CAUSE SLOWDOWN IN PERFORMANCE     !!!
20260506 011015.214 INFO             PET0 !!! FOR PRODUCTION RUNS, USE:                      !!!
20260506 011015.214 INFO             PET0 !!!                   ESMF_LOGKIND_Multi_On_Error  !!!
20260506 011015.214 INFO             PET0 !!!!!!!!!!!!!!!!!!!!!!!!!!!!!!!!!!!!!!!!!!!!!!!!!!!!!!
20260506 011015.214 INFO             PET0 Running with ESMF Version   : develop+g0ae3009ebf
20260506 011015.214 INFO             PET0 ESMF library build date/time: "May  6 2026" "00:44:24"
20260506 011015.214 INFO             PET0 ESMF library build location : /home/gerhard/ESMF-Nightly-Testing/gfortran_7.4.0_mpich_g_develop/esmf
20260506 011015.214 INFO             PET0 ESMF_COMM                   : mpich
20260506 011015.214 INFO             PET0 ESMF_MOAB                   : enabled
20260506 011015.214 INFO             PET0 ESMF_LAPACK                 : enabled
20260506 011015.214 INFO             PET0 ESMF_NETCDF                 : enabled
20260506 011015.214 INFO             PET0 ESMF_PNETCDF                : disabled
20260506 011015.214 INFO             PET0 ESMF_PIO                    : enabled
20260506 011015.214 INFO             PET0 ESMF_YAMLCPP                : enabled
20260506 011015.214 INFO             PET0 esmApp STARTING
20260506 011015.221 INFO             PET0 esm: InitializeGeneric intro.
20260506 011015.221 INFO             PET0   esm: InitializeGeneric intro {IS}:--- StateLog() start -----------------
20260506 011015.221 INFO             PET0   esm: InitializeGeneric intro {IS}:State object is invalid! Not created or deleted!
20260506 011015.221 INFO             PET0   esm: InitializeGeneric intro {IS}:--- StateLog() end -------------------
20260506 011015.221 INFO             PET0   esm: InitializeGeneric intro {ES}:--- StateLog() start -----------------
20260506 011015.221 INFO             PET0   esm: InitializeGeneric intro {ES}:State object is invalid! Not created or deleted!
20260506 011015.221 INFO             PET0   esm: InitializeGeneric intro {ES}:--- StateLog() end -------------------
20260506 011015.221 INFO             PET0   >>>esm: entered Initialize (phase=<none>) without valid internal Clock.
20260506 011015.221 INFO             PET0   esm: InitializeP0 intro.
20260506 011015.221 INFO             PET0     esm: InitializeP0 intro {IS}:--- StateLog() start -----------------
20260506 011015.221 INFO             PET0     esm: InitializeP0 intro {IS}:State object is invalid! Not created or deleted!
20260506 011015.221 INFO             PET0     esm: InitializeP0 intro {IS}:--- StateLog() end -------------------
20260506 011015.221 INFO             PET0     esm: InitializeP0 intro {ES}:--- StateLog() start -----------------
20260506 011015.221 INFO             PET0     esm: InitializeP0 intro {ES}:State object is invalid! Not created or deleted!
20260506 011015.221 INFO             PET0     esm: InitializeP0 intro {ES}:--- StateLog() end -------------------
20260506 011015.221 INFO             PET0     >>>esm: entered Initialize (phase=<none>) without valid internal Clock.
20260506 011015.221 INFO             PET0     <<<esm: leaving Initialize (phase=<none>) without valid internal Clock.
20260506 011015.221 INFO             PET0     esm: InitializeP0 extro {IS}:--- StateLog() start -----------------
20260506 011015.221 INFO             PET0     esm: InitializeP0 extro {IS}:State object is invalid! Not created or deleted!
20260506 011015.221 INFO             PET0     esm: InitializeP0 extro {IS}:--- StateLog() end -------------------
20260506 011015.221 INFO             PET0     esm: InitializeP0 extro {ES}:--- StateLog() start -----------------
20260506 011015.221 INFO             PET0     esm: InitializeP0 extro {ES}:State object is invalid! Not created or deleted!
20260506 011015.221 INFO             PET0     esm: InitializeP0 extro {ES}:--- StateLog() end -------------------
20260506 011015.221 INFO             PET0   esm: InitializeP0 extro.
20260506 011015.221 INFO             PET0   esm: InitializeIPDv02p1 intro.
20260506 011015.221 INFO             PET0     esm: InitializeIPDv02p1 intro {IS}:--- StateLog() start -----------------
20260506 011015.221 INFO             PET0     esm: InitializeIPDv02p1 intro {IS}:State object is invalid! Not created or deleted!
20260506 011015.221 INFO             PET0     esm: InitializeIPDv02p1 intro {IS}:--- StateLog() end -------------------
20260506 011015.221 INFO             PET0     esm: InitializeIPDv02p1 intro {ES}:--- StateLog() start -----------------
20260506 011015.221 INFO             PET0     esm: InitializeIPDv02p1 intro {ES}:State object is invalid! Not created or deleted!
20260506 011015.221 INFO             PET0     esm: InitializeIPDv02p1 intro {ES}:--- StateLog() end -------------------
20260506 011015.222 INFO             PET0     >>>esm: entered Initialize (phase=<none>) without valid internal Clock.
20260506 011015.223 INFO             PET0     esm - Creating model component ATM without petList.
20260506 011015.227 INFO             PET0     esm - Creating model component OCN without petList.
20260506 011015.230 INFO             PET0     esm - Creating connector component ATM-TO-OCN without petList.
20260506 011015.236 INFO             PET0     esm - Creating connector component OCN-TO-ATM without petList.
20260506 011015.243 INFO             PET0     esm - Creating state: modelComp 1 Import State
20260506 011015.243 INFO             PET0     esm - Creating state: modelComp 1 Export State
20260506 011015.244 INFO             PET0     esm - Creating state: modelComp 2 Import State
20260506 011015.244 INFO             PET0     esm - Creating state: modelComp 2 Export State
20260506 011015.246 INFO             PET0     ATM: InitializeP0 intro.
20260506 011015.247 INFO             PET0     ATM: InitializeP0 extro.
20260506 011015.247 INFO             PET0     OCN: InitializeP0 intro.
20260506 011015.249 INFO             PET0     OCN: InitializeP0 extro.
20260506 011015.251 INFO             PET0     ATM-TO-OCN: InitializeP0 intro.
20260506 011015.252 INFO             PET0     ATM-TO-OCN: InitializeP0 extro.
20260506 011015.252 INFO             PET0     OCN-TO-ATM: InitializeP0 intro.
20260506 011015.253 INFO             PET0     OCN-TO-ATM: InitializeP0 extro.
20260506 011015.255 INFO             PET0     esm: IInitAdvertise intro.
20260506 011015.255 INFO             PET0       esm: IInitAdvertise intro {IS}:--- StateLog() start -----------------
20260506 011015.255 INFO             PET0       esm: IInitAdvertise intro {IS}:State object is invalid! Not created or deleted!
20260506 011015.255 INFO             PET0       esm: IInitAdvertise intro {IS}:--- StateLog() end -------------------
20260506 011015.255 INFO             PET0       esm: IInitAdvertise intro {ES}:--- StateLog() start -----------------
20260506 011015.255 INFO             PET0       esm: IInitAdvertise intro {ES}:State object is invalid! Not created or deleted!
20260506 011015.255 INFO             PET0       esm: IInitAdvertise intro {ES}:--- StateLog() end -------------------
20260506 011015.255 INFO             PET0       >>>esm: entered Initialize (phase=<none>) with current time: 2010  6  1  0  0  0   0
20260506 011015.255 INFO             PET0       <<<esm: leaving Initialize (phase=<none>) with current time: 2010  6  1  0  0  0   0
20260506 011015.255 INFO             PET0       esm: IInitAdvertise extro {IS}:--- StateLog() start -----------------
20260506 011015.255 INFO             PET0       esm: IInitAdvertise extro {IS}:State object is invalid! Not created or deleted!
20260506 011015.255 INFO             PET0       esm: IInitAdvertise extro {IS}:--- StateLog() end -------------------
20260506 011015.255 INFO             PET0       esm: IInitAdvertise extro {ES}:--- StateLog() start -----------------
20260506 011015.255 INFO             PET0       esm: IInitAdvertise extro {ES}:State object is invalid! Not created or deleted!
20260506 011015.255 INFO             PET0       esm: IInitAdvertise extro {ES}:--- StateLog() end -------------------
20260506 011015.255 INFO             PET0     esm: IInitAdvertise extro.
20260506 011015.255 INFO             PET0     ATM: InitializeIPDvXp01 intro.
20260506 011015.259 INFO             PET0     ATM: InitializeIPDvXp01 extro.
20260506 011015.259 INFO             PET0     OCN: InitializeIPDvXp01 intro.
20260506 011015.262 INFO             PET0     OCN: InitializeIPDvXp01 extro.
20260506 011015.264 INFO             PET0     ATM-TO-OCN: InitializeIPDv05p1 intro.
20260506 011015.264 INFO             PET0     ATM-TO-OCN: InitializeIPDv05p1 extro.
20260506 011015.264 INFO             PET0     OCN-TO-ATM: InitializeIPDv05p1 intro.
20260506 011015.264 INFO             PET0     OCN-TO-ATM: InitializeIPDv05p1 extro.
20260506 011015.264 INFO             PET0     esm: IInitAdvertiseFinish intro.
20260506 011015.264 INFO             PET0       esm: IInitAdvertiseFinish intro {IS}:--- StateLog() start -----------------
20260506 011015.264 INFO             PET0       esm: IInitAdvertiseFinish intro {IS}:State object is invalid! Not created or deleted!
20260506 011015.264 INFO             PET0       esm: IInitAdvertiseFinish intro {IS}:--- StateLog() end -------------------
20260506 011015.264 INFO             PET0       esm: IInitAdvertiseFinish intro {ES}:--- StateLog() start -----------------
20260506 011015.264 INFO             PET0       esm: IInitAdvertiseFinish intro {ES}:State object is invalid! Not created or deleted!
20260506 011015.264 INFO             PET0       esm: IInitAdvertiseFinish intro {ES}:--- StateLog() end -------------------
20260506 011015.265 INFO             PET0       >>>esm: entered Initialize (phase=<none>) with current time: 2010  6  1  0  0  0   0
20260506 011015.265 INFO             PET0       <<<esm: leaving Initialize (phase=<none>) with current time: 2010  6  1  0  0  0   0
20260506 011015.265 INFO             PET0       esm: IInitAdvertiseFinish extro {IS}:--- StateLog() start -----------------
20260506 011015.265 INFO             PET0       esm: IInitAdvertiseFinish extro {IS}:State object is invalid! Not created or deleted!
20260506 011015.265 INFO             PET0       esm: IInitAdvertiseFinish extro {IS}:--- StateLog() end -------------------
20260506 011015.265 INFO             PET0       esm: IInitAdvertiseFinish extro {ES}:--- StateLog() start -----------------
20260506 011015.265 INFO             PET0       esm: IInitAdvertiseFinish extro {ES}:State object is invalid! Not created or deleted!
20260506 011015.265 INFO             PET0       esm: IInitAdvertiseFinish extro {ES}:--- StateLog() end -------------------
20260506 011015.265 INFO             PET0     esm: IInitAdvertiseFinish extro.
20260506 011015.265 INFO             PET0     ATM-TO-OCN: InitializeIPDv05p2a intro.
20260506 011015.265 INFO             PET0     ATM-TO-OCN: InitializeIPDv05p2a extro.
20260506 011015.266 INFO             PET0     OCN-TO-ATM: InitializeIPDv05p2a intro.
20260506 011015.266 INFO             PET0     OCN-TO-ATM: InitializeIPDv05p2a extro.
20260506 011015.266 INFO             PET0     ATM-TO-OCN: InitializeIPDv05p2b intro.
20260506 011015.266 INFO             PET0     ATM-TO-OCN: InitializeIPDv05p2b extro.
20260506 011015.267 INFO             PET0     OCN-TO-ATM: InitializeIPDv05p2b intro.
20260506 011015.267 INFO             PET0     OCN-TO-ATM: InitializeIPDv05p2b extro.
20260506 011015.267 INFO             PET0     esm: IInitModifyCplLists intro.
20260506 011015.267 INFO             PET0       esm: IInitModifyCplLists intro {IS}:--- StateLog() start -----------------
20260506 011015.267 INFO             PET0       esm: IInitModifyCplLists intro {IS}:State object is invalid! Not created or deleted!
20260506 011015.267 INFO             PET0       esm: IInitModifyCplLists intro {IS}:--- StateLog() end -------------------
20260506 011015.267 INFO             PET0       esm: IInitModifyCplLists intro {ES}:--- StateLog() start -----------------
20260506 011015.267 INFO             PET0       esm: IInitModifyCplLists intro {ES}:State object is invalid! Not created or deleted!
20260506 011015.267 INFO             PET0       esm: IInitModifyCplLists intro {ES}:--- StateLog() end -------------------
20260506 011015.267 INFO             PET0       >>>esm: entered Initialize (phase=<none>) with current time: 2010  6  1  0  0  0   0
20260506 011015.267 INFO             PET0       <<<esm: leaving Initialize (phase=<none>) with current time: 2010  6  1  0  0  0   0
20260506 011015.267 INFO             PET0       esm: IInitModifyCplLists extro {IS}:--- StateLog() start -----------------
20260506 011015.267 INFO             PET0       esm: IInitModifyCplLists extro {IS}:State object is invalid! Not created or deleted!
20260506 011015.267 INFO             PET0       esm: IInitModifyCplLists extro {IS}:--- StateLog() end -------------------
20260506 011015.267 INFO             PET0       esm: IInitModifyCplLists extro {ES}:--- StateLog() start -----------------
20260506 011015.268 INFO             PET0       esm: IInitModifyCplLists extro {ES}:State object is invalid! Not created or deleted!
20260506 011015.268 INFO             PET0       esm: IInitModifyCplLists extro {ES}:--- StateLog() end -------------------
20260506 011015.268 INFO             PET0     esm: IInitModifyCplLists extro.
20260506 011015.268 INFO             PET0     ATM-TO-OCN: InitializeIPDv05p3 intro.
20260506 011015.269 INFO             PET0     ATM-TO-OCN: InitializeIPDv05p3 extro.
20260506 011015.269 INFO             PET0     OCN-TO-ATM: InitializeIPDv05p3 intro.
20260506 011015.269 INFO             PET0     OCN-TO-ATM: InitializeIPDv05p3 extro.
20260506 011015.269 INFO             PET0     <<<esm: leaving Initialize (phase=<none>) with current time: 2010  6  1  0  0  0   0
20260506 011015.269 INFO             PET0     esm: InitializeIPDv02p1 extro {IS}:--- StateLog() start -----------------
20260506 011015.269 INFO             PET0     esm: InitializeIPDv02p1 extro {IS}:State object is invalid! Not created or deleted!
20260506 011015.270 INFO             PET0     esm: InitializeIPDv02p1 extro {IS}:--- StateLog() end -------------------
20260506 011015.270 INFO             PET0     esm: InitializeIPDv02p1 extro {ES}:--- StateLog() start -----------------
20260506 011015.270 INFO             PET0     esm: InitializeIPDv02p1 extro {ES}:State object is invalid! Not created or deleted!
20260506 011015.270 INFO             PET0     esm: InitializeIPDv02p1 extro {ES}:--- StateLog() end -------------------
20260506 011015.270 INFO             PET0   esm: InitializeIPDv02p1 extro.
20260506 011015.270 INFO             PET0   esm: InitializeIPDv02p3 intro.
20260506 011015.270 INFO             PET0     esm: InitializeIPDv02p3 intro {IS}:--- StateLog() start -----------------
20260506 011015.270 INFO             PET0     esm: InitializeIPDv02p3 intro {IS}:State object is invalid! Not created or deleted!
20260506 011015.270 INFO             PET0     esm: InitializeIPDv02p3 intro {IS}:--- StateLog() end -------------------
20260506 011015.270 INFO             PET0     esm: InitializeIPDv02p3 intro {ES}:--- StateLog() start -----------------
20260506 011015.270 INFO             PET0     esm: InitializeIPDv02p3 intro {ES}:State object is invalid! Not created or deleted!
20260506 011015.270 INFO             PET0     esm: InitializeIPDv02p3 intro {ES}:--- StateLog() end -------------------
20260506 011015.270 INFO             PET0     >>>esm: entered Initialize (phase=<none>) with current time: 2010  6  1  0  0  0   0
20260506 011015.270 INFO             PET0     esm: IInitCheck intro.
20260506 011015.270 INFO             PET0       esm: IInitCheck intro {IS}:--- StateLog() start -----------------
20260506 011015.270 INFO             PET0       esm: IInitCheck intro {IS}:State object is invalid! Not created or deleted!
20260506 011015.270 INFO             PET0       esm: IInitCheck intro {IS}:--- StateLog() end -------------------
20260506 011015.270 INFO             PET0       esm: IInitCheck intro {ES}:--- StateLog() start -----------------
20260506 011015.270 INFO             PET0       esm: IInitCheck intro {ES}:State object is invalid! Not created or deleted!
20260506 011015.270 INFO             PET0       esm: IInitCheck intro {ES}:--- StateLog() end -------------------
20260506 011015.270 INFO             PET0       >>>esm: entered Initialize (phase=<none>) with current time: 2010  6  1  0  0  0   0
20260506 011015.270 INFO             PET0       <<<esm: leaving Initialize (phase=<none>) with current time: 2010  6  1  0  0  0   0
20260506 011015.270 INFO             PET0       esm: IInitCheck extro {IS}:--- StateLog() start -----------------
20260506 011015.270 INFO             PET0       esm: IInitCheck extro {IS}:State object is invalid! Not created or deleted!
20260506 011015.270 INFO             PET0       esm: IInitCheck extro {IS}:--- StateLog() end -------------------
20260506 011015.270 INFO             PET0       esm: IInitCheck extro {ES}:--- StateLog() start -----------------
20260506 011015.270 INFO             PET0       esm: IInitCheck extro {ES}:State object is invalid! Not created or deleted!
20260506 011015.270 INFO             PET0       esm: IInitCheck extro {ES}:--- StateLog() end -------------------
20260506 011015.270 INFO             PET0     esm: IInitCheck extro.
20260506 011015.271 INFO             PET0     atmA: InitializeIPDvXp04 intro.
20260506 011015.276 INFO             PET0     atmA: InitializeIPDvXp04 extro.
20260506 011015.277 INFO             PET0     ocnA: InitializeIPDvXp04 intro.
20260506 011015.282 INFO             PET0     ocnA: InitializeIPDvXp04 extro.
20260506 011015.283 INFO             PET0     ATM-TO-OCN: InitializeIPDv05p4 intro.
20260506 011015.284 INFO             PET0     ATM-TO-OCN: InitializeIPDv05p4 extro.
20260506 011015.284 INFO             PET0     OCN-TO-ATM: InitializeIPDv05p4 intro.
20260506 011015.284 INFO             PET0     OCN-TO-ATM: InitializeIPDv05p4 extro.
20260506 011015.284 INFO             PET0     ATM-TO-OCN: InitializeIPDv05p5 intro.
20260506 011015.285 INFO             PET0     ATM-TO-OCN: InitializeIPDv05p5 extro.
20260506 011015.285 INFO             PET0     OCN-TO-ATM: InitializeIPDv05p5 intro.
20260506 011015.285 INFO             PET0     OCN-TO-ATM: InitializeIPDv05p5 extro.
20260506 011015.285 INFO             PET0     esm: IInitRealize intro.
20260506 011015.285 INFO             PET0       esm: IInitRealize intro {IS}:--- StateLog() start -----------------
20260506 011015.285 INFO             PET0       esm: IInitRealize intro {IS}:State object is invalid! Not created or deleted!
20260506 011015.285 INFO             PET0       esm: IInitRealize intro {IS}:--- StateLog() end -------------------
20260506 011015.285 INFO             PET0       esm: IInitRealize intro {ES}:--- StateLog() start -----------------
20260506 011015.285 INFO             PET0       esm: IInitRealize intro {ES}:State object is invalid! Not created or deleted!
20260506 011015.285 INFO             PET0       esm: IInitRealize intro {ES}:--- StateLog() end -------------------
20260506 011015.285 INFO             PET0       >>>esm: entered Initialize (phase=<none>) with current time: 2010  6  1  0  0  0   0
20260506 011015.285 INFO             PET0       <<<esm: leaving Initialize (phase=<none>) with current time: 2010  6  1  0  0  0   0
20260506 011015.285 INFO             PET0       esm: IInitRealize extro {IS}:--- StateLog() start -----------------
20260506 011015.285 INFO             PET0       esm: IInitRealize extro {IS}:State object is invalid! Not created or deleted!
20260506 011015.285 INFO             PET0       esm: IInitRealize extro {IS}:--- StateLog() end -------------------
20260506 011015.285 INFO             PET0       esm: IInitRealize extro {ES}:--- StateLog() start -----------------
20260506 011015.285 INFO             PET0       esm: IInitRealize extro {ES}:State object is invalid! Not created or deleted!
20260506 011015.285 INFO             PET0       esm: IInitRealize extro {ES}:--- StateLog() end -------------------
20260506 011015.285 INFO             PET0     esm: IInitRealize extro.
20260506 011015.285 INFO             PET0     ATM-TO-OCN: InitializeIPDv05p6a intro.
20260506 011015.285 INFO             PET0     ATM-TO-OCN: InitializeIPDv05p6a extro.
20260506 011015.286 INFO             PET0     OCN-TO-ATM: InitializeIPDv05p6a intro.
20260506 011015.286 INFO             PET0     OCN-TO-ATM: InitializeIPDv05p6a extro.
20260506 011015.286 INFO             PET0     ATM-TO-OCN: InitializeIPDv05p6b intro.
20260506 011015.328 INFO             PET0     ATM-TO-OCN: InitializeIPDv05p6b extro.
20260506 011015.328 INFO             PET0     OCN-TO-ATM: InitializeIPDv05p6b intro.
20260506 011015.367 INFO             PET0     OCN-TO-ATM: InitializeIPDv05p6b extro.
20260506 011015.367 INFO             PET0     atmA: InitializeIPDvXp07 intro.
20260506 011015.367 INFO             PET0     atmA: InitializeIPDvXp07 extro.
20260506 011015.367 INFO             PET0     ocnA: InitializeIPDvXp07 intro.
20260506 011015.367 INFO             PET0     ocnA: InitializeIPDvXp07 extro.
20260506 011015.367 INFO             PET0     <<<esm: leaving Initialize (phase=<none>) with current time: 2010  6  1  0  0  0   0
20260506 011015.367 INFO             PET0     esm: InitializeIPDv02p3 extro {IS}:--- StateLog() start -----------------
20260506 011015.367 INFO             PET0     esm: InitializeIPDv02p3 extro {IS}:State object is invalid! Not created or deleted!
20260506 011015.367 INFO             PET0     esm: InitializeIPDv02p3 extro {IS}:--- StateLog() end -------------------
20260506 011015.367 INFO             PET0     esm: InitializeIPDv02p3 extro {ES}:--- StateLog() start -----------------
20260506 011015.367 INFO             PET0     esm: InitializeIPDv02p3 extro {ES}:State object is invalid! Not created or deleted!
20260506 011015.367 INFO             PET0     esm: InitializeIPDv02p3 extro {ES}:--- StateLog() end -------------------
20260506 011015.367 INFO             PET0   esm: InitializeIPDv02p3 extro.
20260506 011015.368 INFO             PET0   esm: InitializeIPDv02p5 intro.
20260506 011015.368 INFO             PET0     esm: InitializeIPDv02p5 intro {IS}:--- StateLog() start -----------------
20260506 011015.368 INFO             PET0     esm: InitializeIPDv02p5 intro {IS}:State object is invalid! Not created or deleted!
20260506 011015.368 INFO             PET0     esm: InitializeIPDv02p5 intro {IS}:--- StateLog() end -------------------
20260506 011015.368 INFO             PET0     esm: InitializeIPDv02p5 intro {ES}:--- StateLog() start -----------------
20260506 011015.368 INFO             PET0     esm: InitializeIPDv02p5 intro {ES}:State object is invalid! Not created or deleted!
20260506 011015.368 INFO             PET0     esm: InitializeIPDv02p5 intro {ES}:--- StateLog() end -------------------
20260506 011015.368 INFO             PET0     >>>esm: entered Initialize (phase=<none>) with current time: 2010  6  1  0  0  0   0
20260506 011015.368 INFO             PET0     esm: this is a top level driver, no 'Updated' and 'InitializeDataComplete' info on this level.
20260506 011015.368 INFO             PET0     esm: InitializeIPDv02p5Data intro.
20260506 011015.368 INFO             PET0       esm: InitializeIPDv02p5Data intro {IS}:--- StateLog() start -----------------
20260506 011015.368 INFO             PET0       esm: InitializeIPDv02p5Data intro {IS}:State object is invalid! Not created or deleted!
20260506 011015.368 INFO             PET0       esm: InitializeIPDv02p5Data intro {IS}:--- StateLog() end -------------------
20260506 011015.368 INFO             PET0       esm: InitializeIPDv02p5Data intro {ES}:--- StateLog() start -----------------
20260506 011015.368 INFO             PET0       esm: InitializeIPDv02p5Data intro {ES}:State object is invalid! Not created or deleted!
20260506 011015.368 INFO             PET0       esm: InitializeIPDv02p5Data intro {ES}:--- StateLog() end -------------------
20260506 011015.368 INFO             PET0       >>>esm: entered Initialize (phase=<none>) with current time: 2010  6  1  0  0  0   0
20260506 011015.368 INFO             PET0       esm: InternalInitializeComplete intro.
20260506 011015.368 INFO             PET0         esm: InternalInitializeComplete intro {IS}:--- StateLog() start -----------------
20260506 011015.368 INFO             PET0         esm: InternalInitializeComplete intro {IS}:State object is invalid! Not created or deleted!
20260506 011015.368 INFO             PET0         esm: InternalInitializeComplete intro {IS}:--- StateLog() end -------------------
20260506 011015.368 INFO             PET0         esm: InternalInitializeComplete intro {ES}:--- StateLog() start -----------------
20260506 011015.368 INFO             PET0         esm: InternalInitializeComplete intro {ES}:State object is invalid! Not created or deleted!
20260506 011015.368 INFO             PET0         esm: InternalInitializeComplete intro {ES}:--- StateLog() end -------------------
20260506 011015.368 INFO             PET0         >>>esm: entered Initialize (phase=<none>) with current time: 2010  6  1  0  0  0   0
20260506 011015.368 INFO             PET0         esm: InitializeDataComplete='true'
20260506 011015.368 INFO             PET0         <<<esm: leaving Initialize (phase=<none>) with current time: 2010  6  1  0  0  0   0
20260506 011015.368 INFO             PET0         esm: InternalInitializeComplete extro {IS}:--- StateLog() start -----------------
20260506 011015.368 INFO             PET0         esm: InternalInitializeComplete extro {IS}:State object is invalid! Not created or deleted!
20260506 011015.368 INFO             PET0         esm: InternalInitializeComplete extro {IS}:--- StateLog() end -------------------
20260506 011015.368 INFO             PET0         esm: InternalInitializeComplete extro {ES}:--- StateLog() start -----------------
20260506 011015.368 INFO             PET0         esm: InternalInitializeComplete extro {ES}:State object is invalid! Not created or deleted!
20260506 011015.368 INFO             PET0         esm: InternalInitializeComplete extro {ES}:--- StateLog() end -------------------
20260506 011015.368 INFO             PET0       esm: InternalInitializeComplete extro.
20260506 011015.368 INFO             PET0       atmA: InitializeIPDv01p5 intro.
20260506 011015.368 INFO             PET0       atmA: InitializeIPDv01p5 extro.
20260506 011015.369 INFO             PET0       ocnA: InitializeIPDv01p5 intro.
20260506 011015.369 INFO             PET0       ocnA: InitializeIPDv01p5 extro.
20260506 011015.370 INFO             PET0       esm: components present that trigger loopDataDependentInitialize().
20260506 011015.370 INFO             PET0       esm: loopDataDependentInitialize intro.
20260506 011015.370 INFO             PET0         esm: loopDataDependentInitialize intro {IS}:--- StateLog() start -----------------
20260506 011015.370 INFO             PET0         esm: loopDataDependentInitialize intro {IS}:State object is invalid! Not created or deleted!
20260506 011015.370 INFO             PET0         esm: loopDataDependentInitialize intro {IS}:--- StateLog() end -------------------
20260506 011015.370 INFO             PET0         esm: loopDataDependentInitialize intro {ES}:--- StateLog() start -----------------
20260506 011015.370 INFO             PET0         esm: loopDataDependentInitialize intro {ES}:State object is invalid! Not created or deleted!
20260506 011015.370 INFO             PET0         esm: loopDataDependentInitialize intro {ES}:--- StateLog() end -------------------
20260506 011015.370 INFO             PET0         >>>esm: entered Initialize (phase=<none>) with current time: 2010  6  1  0  0  0   0
20260506 011015.370 INFO             PET0         esm: component    0=esm, dataComplete (local): true
20260506 011015.370 INFO             PET0         esm: component    0=esm, dataComplete (global):  T
20260506 011015.370 INFO             PET0         esm: component    1=atmA, dataComplete (local): true
20260506 011015.370 INFO             PET0         esm: component    1=atmA, dataComplete (global):  T
20260506 011015.370 INFO             PET0         esm: component    2=ocnA, dataComplete (local): true
20260506 011015.370 INFO             PET0         esm: component    2=ocnA, dataComplete (global):  T
20260506 011015.370 INFO             PET0         esm: someProgress= F, allComplete= T, present(dataDepAllComplete)= T
20260506 011015.370 INFO             PET0         esm: finished resolving initialize data dependencies on this level.
20260506 011015.371 INFO             PET0         <<<esm: leaving Initialize (phase=<none>) with current time: 2010  6  1  0  0  0   0
20260506 011015.371 INFO             PET0         esm: loopDataDependentInitialize extro {IS}:--- StateLog() start -----------------
20260506 011015.371 INFO             PET0         esm: loopDataDependentInitialize extro {IS}:State object is invalid! Not created or deleted!
20260506 011015.371 INFO             PET0         esm: loopDataDependentInitialize extro {IS}:--- StateLog() end -------------------
20260506 011015.371 INFO             PET0         esm: loopDataDependentInitialize extro {ES}:--- StateLog() start -----------------
20260506 011015.371 INFO             PET0         esm: loopDataDependentInitialize extro {ES}:State object is invalid! Not created or deleted!
20260506 011015.371 INFO             PET0         esm: loopDataDependentInitialize extro {ES}:--- StateLog() end -------------------
20260506 011015.371 INFO             PET0       esm: loopDataDependentInitialize extro.
20260506 011015.371 INFO             PET0       esm: loopDataDependentInitialize() returned with dataDepAllComplete:  T
20260506 011015.371 INFO             PET0       <<<esm: leaving Initialize (phase=<none>) with current time: 2010  6  1  0  0  0   0
20260506 011015.371 INFO             PET0       esm: InitializeIPDv02p5Data extro {IS}:--- StateLog() start -----------------
20260506 011015.371 INFO             PET0       esm: InitializeIPDv02p5Data extro {IS}:State object is invalid! Not created or deleted!
20260506 011015.371 INFO             PET0       esm: InitializeIPDv02p5Data extro {IS}:--- StateLog() end -------------------
20260506 011015.371 INFO             PET0       esm: InitializeIPDv02p5Data extro {ES}:--- StateLog() start -----------------
20260506 011015.371 INFO             PET0       esm: InitializeIPDv02p5Data extro {ES}:State object is invalid! Not created or deleted!
20260506 011015.371 INFO             PET0       esm: InitializeIPDv02p5Data extro {ES}:--- StateLog() end -------------------
20260506 011015.371 INFO             PET0     esm: InitializeIPDv02p5Data extro.
20260506 011015.371 INFO             PET0     <<<esm: leaving Initialize (phase=<none>) with current time: 2010  6  1  0  0  0   0
20260506 011015.371 INFO             PET0     esm: InitializeIPDv02p5 extro {IS}:--- StateLog() start -----------------
20260506 011015.371 INFO             PET0     esm: InitializeIPDv02p5 extro {IS}:State object is invalid! Not created or deleted!
20260506 011015.371 INFO             PET0     esm: InitializeIPDv02p5 extro {IS}:--- StateLog() end -------------------
20260506 011015.371 INFO             PET0     esm: InitializeIPDv02p5 extro {ES}:--- StateLog() start -----------------
20260506 011015.371 INFO             PET0     esm: InitializeIPDv02p5 extro {ES}:State object is invalid! Not created or deleted!
20260506 011015.371 INFO             PET0     esm: InitializeIPDv02p5 extro {ES}:--- StateLog() end -------------------
20260506 011015.371 INFO             PET0   esm: InitializeIPDv02p5 extro.
20260506 011015.371 INFO             PET0   <<<esm: leaving Initialize (phase=<none>) with current time: 2010  6  1  0  0  0   0
20260506 011015.371 INFO             PET0   esm: InitializeGeneric extro {IS}:--- StateLog() start -----------------
20260506 011015.371 INFO             PET0   esm: InitializeGeneric extro {IS}:State object is invalid! Not created or deleted!
20260506 011015.371 INFO             PET0   esm: InitializeGeneric extro {IS}:--- StateLog() end -------------------
20260506 011015.371 INFO             PET0   esm: InitializeGeneric extro {ES}:--- StateLog() start -----------------
20260506 011015.371 INFO             PET0   esm: InitializeGeneric extro {ES}:State object is invalid! Not created or deleted!
20260506 011015.371 INFO             PET0   esm: InitializeGeneric extro {ES}:--- StateLog() end -------------------
20260506 011015.371 INFO             PET0 esm: InitializeGeneric extro.
20260506 011015.371 INFO             PET0 esm: Run intro.
20260506 011015.371 INFO             PET0   esm: Run intro {IS}:--- StateLog() start -----------------
20260506 011015.371 INFO             PET0   esm: Run intro {IS}:State object is invalid! Not created or deleted!
20260506 011015.371 INFO             PET0   esm: Run intro {IS}:--- StateLog() end -------------------
20260506 011015.371 INFO             PET0   esm: Run intro {ES}:--- StateLog() start -----------------
20260506 011015.371 INFO             PET0   esm: Run intro {ES}:State object is invalid! Not created or deleted!
20260506 011015.371 INFO             PET0   esm: Run intro {ES}:--- StateLog() end -------------------
20260506 011015.371 INFO             PET0   >>>esm: entered Run (phase=RunPhase1) with current time: 2010  6  1  0  0  0   0
20260506 011015.371 INFO             PET0   esm: after lable_SetRunClock, current time: 2010  6  1  0  0  0   0
20260506 011015.371 INFO             PET0   esm: begin -------> RunSequence.
20260506 011015.371 INFO             PET0     esm: RunSequence event loopLevel=   1  levelMember=   1  loopIteration=   1, current time: 2010  6  1  0  0  0   0
20260506 011015.371 INFO             PET0     ATM-TO-OCN: Run intro.
20260506 011015.372 INFO             PET0     ATM-TO-OCN: Run extro.
20260506 011015.372 INFO             PET0     OCN-TO-ATM: Run intro.
20260506 011015.372 INFO             PET0     OCN-TO-ATM: Run extro.
20260506 011015.372 INFO             PET0     atmA: Run intro.
20260506 011015.372 INFO             PET0       ------>Advancing ATM from: 2010  6  1  0  0  0   0
20260506 011015.372 INFO             PET0       ---------------------> to: 2010  6  1  0 15  0   0
20260506 011015.372 INFO             PET0     atmA: Run extro.
20260506 011015.372 INFO             PET0     ocnA: Run intro.
20260506 011015.373 INFO             PET0       ------>Advancing OCN from: 2010  6  1  0  0  0   0
20260506 011015.373 INFO             PET0       ---------------------> to: 2010  6  1  0  5  0   0
20260506 011015.373 INFO             PET0       ------>Advancing OCN from: 2010  6  1  0  5  0   0
20260506 011015.373 INFO             PET0       ---------------------> to: 2010  6  1  0 10  0   0
20260506 011015.373 INFO             PET0       ------>Advancing OCN from: 2010  6  1  0 10  0   0
20260506 011015.373 INFO             PET0       ---------------------> to: 2010  6  1  0 15  0   0
20260506 011015.373 INFO             PET0     ocnA: Run extro.
20260506 011015.373 INFO             PET0     esm: RunSequence event loopLevel=   1  levelMember=   1  loopIteration=   2, current time: 2010  6  1  0 15  0   0
20260506 011015.373 INFO             PET0     ATM-TO-OCN: Run intro.
20260506 011015.373 INFO             PET0     ATM-TO-OCN: Run extro.
20260506 011015.373 INFO             PET0     OCN-TO-ATM: Run intro.
20260506 011015.373 INFO             PET0     OCN-TO-ATM: Run extro.
20260506 011015.373 INFO             PET0     atmA: Run intro.
20260506 011015.374 INFO             PET0       ------>Advancing ATM from: 2010  6  1  0 15  0   0
20260506 011015.374 INFO             PET0       ---------------------> to: 2010  6  1  0 30  0   0
20260506 011015.374 INFO             PET0     atmA: Run extro.
20260506 011015.374 INFO             PET0     ocnA: Run intro.
20260506 011015.374 INFO             PET0       ------>Advancing OCN from: 2010  6  1  0 15  0   0
20260506 011015.374 INFO             PET0       ---------------------> to: 2010  6  1  0 20  0   0
20260506 011015.374 INFO             PET0       ------>Advancing OCN from: 2010  6  1  0 20  0   0
20260506 011015.374 INFO             PET0       ---------------------> to: 2010  6  1  0 25  0   0
20260506 011015.374 INFO             PET0       ------>Advancing OCN from: 2010  6  1  0 25  0   0
20260506 011015.374 INFO             PET0       ---------------------> to: 2010  6  1  0 30  0   0
20260506 011015.374 INFO             PET0     ocnA: Run extro.
20260506 011015.374 INFO             PET0     esm: RunSequence event loopLevel=   1  levelMember=   1  loopIteration=   3, current time: 2010  6  1  0 30  0   0
20260506 011015.374 INFO             PET0     ATM-TO-OCN: Run intro.
20260506 011015.374 INFO             PET0     ATM-TO-OCN: Run extro.
20260506 011015.374 INFO             PET0     OCN-TO-ATM: Run intro.
20260506 011015.375 INFO             PET0     OCN-TO-ATM: Run extro.
20260506 011015.375 INFO             PET0     atmA: Run intro.
20260506 011015.375 INFO             PET0       ------>Advancing ATM from: 2010  6  1  0 30  0   0
20260506 011015.375 INFO             PET0       ---------------------> to: 2010  6  1  0 45  0   0
20260506 011015.375 INFO             PET0     atmA: Run extro.
20260506 011015.375 INFO             PET0     ocnA: Run intro.
20260506 011015.375 INFO             PET0       ------>Advancing OCN from: 2010  6  1  0 30  0   0
20260506 011015.375 INFO             PET0       ---------------------> to: 2010  6  1  0 35  0   0
20260506 011015.375 INFO             PET0       ------>Advancing OCN from: 2010  6  1  0 35  0   0
20260506 011015.375 INFO             PET0       ---------------------> to: 2010  6  1  0 40  0   0
20260506 011015.375 INFO             PET0       ------>Advancing OCN from: 2010  6  1  0 40  0   0
20260506 011015.375 INFO             PET0       ---------------------> to: 2010  6  1  0 45  0   0
20260506 011015.375 INFO             PET0     ocnA: Run extro.
20260506 011015.375 INFO             PET0     esm: RunSequence event loopLevel=   1  levelMember=   1  loopIteration=   4, current time: 2010  6  1  0 45  0   0
20260506 011015.375 INFO             PET0     ATM-TO-OCN: Run intro.
20260506 011015.376 INFO             PET0     ATM-TO-OCN: Run extro.
20260506 011015.376 INFO             PET0     OCN-TO-ATM: Run intro.
20260506 011015.376 INFO             PET0     OCN-TO-ATM: Run extro.
20260506 011015.376 INFO             PET0     atmA: Run intro.
20260506 011015.376 INFO             PET0       ------>Advancing ATM from: 2010  6  1  0 45  0   0
20260506 011015.376 INFO             PET0       ---------------------> to: 2010  6  1  1  0  0   0
20260506 011015.376 INFO             PET0     atmA: Run extro.
20260506 011015.376 INFO             PET0     ocnA: Run intro.
20260506 011015.376 INFO             PET0       ------>Advancing OCN from: 2010  6  1  0 45  0   0
20260506 011015.376 INFO             PET0       ---------------------> to: 2010  6  1  0 50  0   0
20260506 011015.376 INFO             PET0       ------>Advancing OCN from: 2010  6  1  0 50  0   0
20260506 011015.376 INFO             PET0       ---------------------> to: 2010  6  1  0 55  0   0
20260506 011015.376 INFO             PET0       ------>Advancing OCN from: 2010  6  1  0 55  0   0
20260506 011015.376 INFO             PET0       ---------------------> to: 2010  6  1  1  0  0   0
20260506 011015.376 INFO             PET0     ocnA: Run extro.
20260506 011015.376 INFO             PET0   esm: end <--------- RunSequence
20260506 011015.376 INFO             PET0   <<<esm: leaving Run (phase=RunPhase1) with current time: 2010  6  1  1  0  0   0
20260506 011015.376 INFO             PET0   esm: Run extro {IS}:--- StateLog() start -----------------
20260506 011015.376 INFO             PET0   esm: Run extro {IS}:State object is invalid! Not created or deleted!
20260506 011015.376 INFO             PET0   esm: Run extro {IS}:--- StateLog() end -------------------
20260506 011015.376 INFO             PET0   esm: Run extro {ES}:--- StateLog() start -----------------
20260506 011015.376 INFO             PET0   esm: Run extro {ES}:State object is invalid! Not created or deleted!
20260506 011015.377 INFO             PET0   esm: Run extro {ES}:--- StateLog() end -------------------
20260506 011015.377 INFO             PET0 esm: Run extro.
20260506 011015.377 INFO             PET0 esm: Finalize intro.
20260506 011015.377 INFO             PET0   esm: Finalize intro {IS}:--- StateLog() start -----------------
20260506 011015.377 INFO             PET0   esm: Finalize intro {IS}:State object is invalid! Not created or deleted!
20260506 011015.377 INFO             PET0   esm: Finalize intro {IS}:--- StateLog() end -------------------
20260506 011015.377 INFO             PET0   esm: Finalize intro {ES}:--- StateLog() start -----------------
20260506 011015.377 INFO             PET0   esm: Finalize intro {ES}:State object is invalid! Not created or deleted!
20260506 011015.377 INFO             PET0   esm: Finalize intro {ES}:--- StateLog() end -------------------
20260506 011015.377 INFO             PET0   >>>esm: entered Finalize (phase=FinalizePhase1) with current time: 2010  6  1  1  0  0   0
20260506 011015.377 INFO             PET0   Calling Finalize phase 1 for connectorComp: ATM-TO-OCN
20260506 011015.377 INFO             PET0   ATM-TO-OCN: Finalize intro.
20260506 011015.377 INFO             PET0   ATM-TO-OCN: Finalize extro.
20260506 011015.377 INFO             PET0   Calling Finalize phase 1 for connectorComp: OCN-TO-ATM
20260506 011015.377 INFO             PET0   OCN-TO-ATM: Finalize intro.
20260506 011015.377 INFO             PET0   OCN-TO-ATM: Finalize extro.
20260506 011015.377 INFO             PET0   Calling Finalize phase 1 for modelComp: atmA
20260506 011015.377 INFO             PET0   atmA: Finalize intro.
20260506 011015.377 INFO             PET0   atmA: Finalize extro.
20260506 011015.377 INFO             PET0   Calling Finalize phase 1 for modelComp: ocnA
20260506 011015.377 INFO             PET0   ocnA: Finalize intro.
20260506 011015.377 INFO             PET0   ocnA: Finalize extro.
20260506 011015.377 INFO             PET0   Delete modelComp: atmA
20260506 011015.377 INFO             PET0   Delete Import-/Export State for modelComp: atmA
20260506 011015.377 INFO             PET0   Delete modelComp: ocnA
20260506 011015.378 INFO             PET0   Delete Import-/Export State for modelComp: ocnA
20260506 011015.378 INFO             PET0   Delete connectorComp: ATM-TO-OCN
20260506 011015.378 INFO             PET0   Delete connectorComp: OCN-TO-ATM
20260506 011015.378 INFO             PET0   <<<esm: leaving Finalize (phase=FinalizePhase1) with current time: 2010  6  1  1  0  0   0
20260506 011015.378 INFO             PET0 esm: Finalize extro.
20260506 011015.378 INFO             PET0 esmApp FINISHED
20260506 011015.378 INFO             PET0  Finalizing ESMF
20260506 011019.630 INFO             PET0 !!!!!!!!!!!!!!!!!!!!!!!!!!!!!!!!!!!!!!!!!!!!!!!!!!!!!!
20260506 011019.630 INFO             PET0 !!! THE ESMF_LOG IS SET TO OUTPUT ALL LOG MESSAGES !!!
20260506 011019.630 INFO             PET0 !!!     THIS MAY CAUSE SLOWDOWN IN PERFORMANCE     !!!
20260506 011019.630 INFO             PET0 !!! FOR PRODUCTION RUNS, USE:                      !!!
20260506 011019.630 INFO             PET0 !!!                   ESMF_LOGKIND_Multi_On_Error  !!!
20260506 011019.630 INFO             PET0 !!!!!!!!!!!!!!!!!!!!!!!!!!!!!!!!!!!!!!!!!!!!!!!!!!!!!!
20260506 011019.630 INFO             PET0 Running with ESMF Version   : develop+g0ae3009ebf
20260506 011019.630 INFO             PET0 ESMF library build date/time: "May  6 2026" "00:44:24"
20260506 011019.630 INFO             PET0 ESMF library build location : /home/gerhard/ESMF-Nightly-Testing/gfortran_7.4.0_mpich_g_develop/esmf
20260506 011019.630 INFO             PET0 ESMF_COMM                   : mpich
20260506 011019.630 INFO             PET0 ESMF_MOAB                   : enabled
20260506 011019.630 INFO             PET0 ESMF_LAPACK                 : enabled
20260506 011019.630 INFO             PET0 ESMF_NETCDF                 : enabled
20260506 011019.630 INFO             PET0 ESMF_PNETCDF                : disabled
20260506 011019.630 INFO             PET0 ESMF_PIO                    : enabled
20260506 011019.630 INFO             PET0 ESMF_YAMLCPP                : enabled
20260506 011019.630 INFO             PET0 esmApp STARTING
20260506 011019.635 INFO             PET0 esm: InitializeGeneric intro.
20260506 011019.635 INFO             PET0   esm: InitializeGeneric intro {IS}:--- StateLog() start -----------------
20260506 011019.635 INFO             PET0   esm: InitializeGeneric intro {IS}:State object is invalid! Not created or deleted!
20260506 011019.635 INFO             PET0   esm: InitializeGeneric intro {IS}:--- StateLog() end -------------------
20260506 011019.635 INFO             PET0   esm: InitializeGeneric intro {ES}:--- StateLog() start -----------------
20260506 011019.635 INFO             PET0   esm: InitializeGeneric intro {ES}:State object is invalid! Not created or deleted!
20260506 011019.635 INFO             PET0   esm: InitializeGeneric intro {ES}:--- StateLog() end -------------------
20260506 011019.635 INFO             PET0   >>>esm: entered Initialize (phase=<none>) without valid internal Clock.
20260506 011019.635 INFO             PET0   esm: InitializeP0 intro.
20260506 011019.635 INFO             PET0     esm: InitializeP0 intro {IS}:--- StateLog() start -----------------
20260506 011019.635 INFO             PET0     esm: InitializeP0 intro {IS}:State object is invalid! Not created or deleted!
20260506 011019.635 INFO             PET0     esm: InitializeP0 intro {IS}:--- StateLog() end -------------------
20260506 011019.635 INFO             PET0     esm: InitializeP0 intro {ES}:--- StateLog() start -----------------
20260506 011019.635 INFO             PET0     esm: InitializeP0 intro {ES}:State object is invalid! Not created or deleted!
20260506 011019.635 INFO             PET0     esm: InitializeP0 intro {ES}:--- StateLog() end -------------------
20260506 011019.635 INFO             PET0     >>>esm: entered Initialize (phase=<none>) without valid internal Clock.
20260506 011019.635 INFO             PET0     <<<esm: leaving Initialize (phase=<none>) without valid internal Clock.
20260506 011019.635 INFO             PET0     esm: InitializeP0 extro {IS}:--- StateLog() start -----------------
20260506 011019.635 INFO             PET0     esm: InitializeP0 extro {IS}:State object is invalid! Not created or deleted!
20260506 011019.635 INFO             PET0     esm: InitializeP0 extro {IS}:--- StateLog() end -------------------
20260506 011019.635 INFO             PET0     esm: InitializeP0 extro {ES}:--- StateLog() start -----------------
20260506 011019.635 INFO             PET0     esm: InitializeP0 extro {ES}:State object is invalid! Not created or deleted!
20260506 011019.635 INFO             PET0     esm: InitializeP0 extro {ES}:--- StateLog() end -------------------
20260506 011019.635 INFO             PET0   esm: InitializeP0 extro.
20260506 011019.635 INFO             PET0   esm: InitializeIPDv02p1 intro.
20260506 011019.635 INFO             PET0     esm: InitializeIPDv02p1 intro {IS}:--- StateLog() start -----------------
20260506 011019.635 INFO             PET0     esm: InitializeIPDv02p1 intro {IS}:State object is invalid! Not created or deleted!
20260506 011019.635 INFO             PET0     esm: InitializeIPDv02p1 intro {IS}:--- StateLog() end -------------------
20260506 011019.635 INFO             PET0     esm: InitializeIPDv02p1 intro {ES}:--- StateLog() start -----------------
20260506 011019.635 INFO             PET0     esm: InitializeIPDv02p1 intro {ES}:State object is invalid! Not created or deleted!
20260506 011019.635 INFO             PET0     esm: InitializeIPDv02p1 intro {ES}:--- StateLog() end -------------------
20260506 011019.635 INFO             PET0     >>>esm: entered Initialize (phase=<none>) without valid internal Clock.
20260506 011019.636 INFO             PET0     esm - Creating model component ATM without petList.
20260506 011019.639 INFO             PET0     esm - Creating model component OCN without petList.
20260506 011019.641 INFO             PET0     esm - Creating connector component ATM-TO-OCN without petList.
20260506 011019.645 INFO             PET0     esm - Creating connector component OCN-TO-ATM without petList.
20260506 011019.650 INFO             PET0     esm - Creating state: modelComp 1 Import State
20260506 011019.650 INFO             PET0     esm - Creating state: modelComp 1 Export State
20260506 011019.650 INFO             PET0     esm - Creating state: modelComp 2 Import State
20260506 011019.650 INFO             PET0     esm - Creating state: modelComp 2 Export State
20260506 011019.651 INFO             PET0     ATM: InitializeP0 intro.
20260506 011019.652 INFO             PET0     ATM: InitializeP0 extro.
20260506 011019.652 INFO             PET0     OCN: InitializeP0 intro.
20260506 011019.653 INFO             PET0     OCN: InitializeP0 extro.
20260506 011019.654 INFO             PET0     ATM-TO-OCN: InitializeP0 intro.
20260506 011019.654 INFO             PET0     ATM-TO-OCN: InitializeP0 extro.
20260506 011019.655 INFO             PET0     OCN-TO-ATM: InitializeP0 intro.
20260506 011019.655 INFO             PET0     OCN-TO-ATM: InitializeP0 extro.
20260506 011019.656 INFO             PET0     esm: IInitAdvertise intro.
20260506 011019.656 INFO             PET0       esm: IInitAdvertise intro {IS}:--- StateLog() start -----------------
20260506 011019.656 INFO             PET0       esm: IInitAdvertise intro {IS}:State object is invalid! Not created or deleted!
20260506 011019.656 INFO             PET0       esm: IInitAdvertise intro {IS}:--- StateLog() end -------------------
20260506 011019.657 INFO             PET0       esm: IInitAdvertise intro {ES}:--- StateLog() start -----------------
20260506 011019.657 INFO             PET0       esm: IInitAdvertise intro {ES}:State object is invalid! Not created or deleted!
20260506 011019.657 INFO             PET0       esm: IInitAdvertise intro {ES}:--- StateLog() end -------------------
20260506 011019.657 INFO             PET0       >>>esm: entered Initialize (phase=<none>) with current time: 2010  6  1  0  0  0   0
20260506 011019.657 INFO             PET0       <<<esm: leaving Initialize (phase=<none>) with current time: 2010  6  1  0  0  0   0
20260506 011019.657 INFO             PET0       esm: IInitAdvertise extro {IS}:--- StateLog() start -----------------
20260506 011019.657 INFO             PET0       esm: IInitAdvertise extro {IS}:State object is invalid! Not created or deleted!
20260506 011019.657 INFO             PET0       esm: IInitAdvertise extro {IS}:--- StateLog() end -------------------
20260506 011019.657 INFO             PET0       esm: IInitAdvertise extro {ES}:--- StateLog() start -----------------
20260506 011019.657 INFO             PET0       esm: IInitAdvertise extro {ES}:State object is invalid! Not created or deleted!
20260506 011019.657 INFO             PET0       esm: IInitAdvertise extro {ES}:--- StateLog() end -------------------
20260506 011019.657 INFO             PET0     esm: IInitAdvertise extro.
20260506 011019.657 INFO             PET0     ATM: InitializeIPDvXp01 intro.
20260506 011019.659 INFO             PET0     ATM: InitializeIPDvXp01 extro.
20260506 011019.659 INFO             PET0     OCN: InitializeIPDvXp01 intro.
20260506 011019.660 INFO             PET0     OCN: InitializeIPDvXp01 extro.
20260506 011019.662 INFO             PET0     ATM-TO-OCN: InitializeIPDv05p1 intro.
20260506 011019.662 INFO             PET0     ATM-TO-OCN: InitializeIPDv05p1 extro.
20260506 011019.662 INFO             PET0     OCN-TO-ATM: InitializeIPDv05p1 intro.
20260506 011019.662 INFO             PET0     OCN-TO-ATM: InitializeIPDv05p1 extro.
20260506 011019.662 INFO             PET0     esm: IInitAdvertiseFinish intro.
20260506 011019.662 INFO             PET0       esm: IInitAdvertiseFinish intro {IS}:--- StateLog() start -----------------
20260506 011019.662 INFO             PET0       esm: IInitAdvertiseFinish intro {IS}:State object is invalid! Not created or deleted!
20260506 011019.662 INFO             PET0       esm: IInitAdvertiseFinish intro {IS}:--- StateLog() end -------------------
20260506 011019.662 INFO             PET0       esm: IInitAdvertiseFinish intro {ES}:--- StateLog() start -----------------
20260506 011019.662 INFO             PET0       esm: IInitAdvertiseFinish intro {ES}:State object is invalid! Not created or deleted!
20260506 011019.662 INFO             PET0       esm: IInitAdvertiseFinish intro {ES}:--- StateLog() end -------------------
20260506 011019.662 INFO             PET0       >>>esm: entered Initialize (phase=<none>) with current time: 2010  6  1  0  0  0   0
20260506 011019.662 INFO             PET0       <<<esm: leaving Initialize (phase=<none>) with current time: 2010  6  1  0  0  0   0
20260506 011019.662 INFO             PET0       esm: IInitAdvertiseFinish extro {IS}:--- StateLog() start -----------------
20260506 011019.662 INFO             PET0       esm: IInitAdvertiseFinish extro {IS}:State object is invalid! Not created or deleted!
20260506 011019.662 INFO             PET0       esm: IInitAdvertiseFinish extro {IS}:--- StateLog() end -------------------
20260506 011019.662 INFO             PET0       esm: IInitAdvertiseFinish extro {ES}:--- StateLog() start -----------------
20260506 011019.662 INFO             PET0       esm: IInitAdvertiseFinish extro {ES}:State object is invalid! Not created or deleted!
20260506 011019.662 INFO             PET0       esm: IInitAdvertiseFinish extro {ES}:--- StateLog() end -------------------
20260506 011019.662 INFO             PET0     esm: IInitAdvertiseFinish extro.
20260506 011019.663 INFO             PET0     ATM-TO-OCN: InitializeIPDv05p2a intro.
20260506 011019.663 INFO             PET0     ATM-TO-OCN: InitializeIPDv05p2a extro.
20260506 011019.663 INFO             PET0     OCN-TO-ATM: InitializeIPDv05p2a intro.
20260506 011019.663 INFO             PET0     OCN-TO-ATM: InitializeIPDv05p2a extro.
20260506 011019.663 INFO             PET0     ATM-TO-OCN: InitializeIPDv05p2b intro.
20260506 011019.663 INFO             PET0     ATM-TO-OCN: InitializeIPDv05p2b extro.
20260506 011019.664 INFO             PET0     OCN-TO-ATM: InitializeIPDv05p2b intro.
20260506 011019.664 INFO             PET0     OCN-TO-ATM: InitializeIPDv05p2b extro.
20260506 011019.664 INFO             PET0     esm: IInitModifyCplLists intro.
20260506 011019.664 INFO             PET0       esm: IInitModifyCplLists intro {IS}:--- StateLog() start -----------------
20260506 011019.664 INFO             PET0       esm: IInitModifyCplLists intro {IS}:State object is invalid! Not created or deleted!
20260506 011019.664 INFO             PET0       esm: IInitModifyCplLists intro {IS}:--- StateLog() end -------------------
20260506 011019.664 INFO             PET0       esm: IInitModifyCplLists intro {ES}:--- StateLog() start -----------------
20260506 011019.664 INFO             PET0       esm: IInitModifyCplLists intro {ES}:State object is invalid! Not created or deleted!
20260506 011019.664 INFO             PET0       esm: IInitModifyCplLists intro {ES}:--- StateLog() end -------------------
20260506 011019.664 INFO             PET0       >>>esm: entered Initialize (phase=<none>) with current time: 2010  6  1  0  0  0   0
20260506 011019.664 INFO             PET0       <<<esm: leaving Initialize (phase=<none>) with current time: 2010  6  1  0  0  0   0
20260506 011019.664 INFO             PET0       esm: IInitModifyCplLists extro {IS}:--- StateLog() start -----------------
20260506 011019.664 INFO             PET0       esm: IInitModifyCplLists extro {IS}:State object is invalid! Not created or deleted!
20260506 011019.664 INFO             PET0       esm: IInitModifyCplLists extro {IS}:--- StateLog() end -------------------
20260506 011019.664 INFO             PET0       esm: IInitModifyCplLists extro {ES}:--- StateLog() start -----------------
20260506 011019.664 INFO             PET0       esm: IInitModifyCplLists extro {ES}:State object is invalid! Not created or deleted!
20260506 011019.664 INFO             PET0       esm: IInitModifyCplLists extro {ES}:--- StateLog() end -------------------
20260506 011019.664 INFO             PET0     esm: IInitModifyCplLists extro.
20260506 011019.664 INFO             PET0     ATM-TO-OCN: InitializeIPDv05p3 intro.
20260506 011019.665 INFO             PET0     ATM-TO-OCN: InitializeIPDv05p3 extro.
20260506 011019.665 INFO             PET0     OCN-TO-ATM: InitializeIPDv05p3 intro.
20260506 011019.665 INFO             PET0     OCN-TO-ATM: InitializeIPDv05p3 extro.
20260506 011019.665 INFO             PET0     <<<esm: leaving Initialize (phase=<none>) with current time: 2010  6  1  0  0  0   0
20260506 011019.665 INFO             PET0     esm: InitializeIPDv02p1 extro {IS}:--- StateLog() start -----------------
20260506 011019.665 INFO             PET0     esm: InitializeIPDv02p1 extro {IS}:State object is invalid! Not created or deleted!
20260506 011019.665 INFO             PET0     esm: InitializeIPDv02p1 extro {IS}:--- StateLog() end -------------------
20260506 011019.665 INFO             PET0     esm: InitializeIPDv02p1 extro {ES}:--- StateLog() start -----------------
20260506 011019.665 INFO             PET0     esm: InitializeIPDv02p1 extro {ES}:State object is invalid! Not created or deleted!
20260506 011019.665 INFO             PET0     esm: InitializeIPDv02p1 extro {ES}:--- StateLog() end -------------------
20260506 011019.665 INFO             PET0   esm: InitializeIPDv02p1 extro.
20260506 011019.665 INFO             PET0   esm: InitializeIPDv02p3 intro.
20260506 011019.665 INFO             PET0     esm: InitializeIPDv02p3 intro {IS}:--- StateLog() start -----------------
20260506 011019.665 INFO             PET0     esm: InitializeIPDv02p3 intro {IS}:State object is invalid! Not created or deleted!
20260506 011019.665 INFO             PET0     esm: InitializeIPDv02p3 intro {IS}:--- StateLog() end -------------------
20260506 011019.665 INFO             PET0     esm: InitializeIPDv02p3 intro {ES}:--- StateLog() start -----------------
20260506 011019.665 INFO             PET0     esm: InitializeIPDv02p3 intro {ES}:State object is invalid! Not created or deleted!
20260506 011019.665 INFO             PET0     esm: InitializeIPDv02p3 intro {ES}:--- StateLog() end -------------------
20260506 011019.665 INFO             PET0     >>>esm: entered Initialize (phase=<none>) with current time: 2010  6  1  0  0  0   0
20260506 011019.666 INFO             PET0     esm: IInitCheck intro.
20260506 011019.666 INFO             PET0       esm: IInitCheck intro {IS}:--- StateLog() start -----------------
20260506 011019.666 INFO             PET0       esm: IInitCheck intro {IS}:State object is invalid! Not created or deleted!
20260506 011019.666 INFO             PET0       esm: IInitCheck intro {IS}:--- StateLog() end -------------------
20260506 011019.666 INFO             PET0       esm: IInitCheck intro {ES}:--- StateLog() start -----------------
20260506 011019.666 INFO             PET0       esm: IInitCheck intro {ES}:State object is invalid! Not created or deleted!
20260506 011019.666 INFO             PET0       esm: IInitCheck intro {ES}:--- StateLog() end -------------------
20260506 011019.666 INFO             PET0       >>>esm: entered Initialize (phase=<none>) with current time: 2010  6  1  0  0  0   0
20260506 011019.666 INFO             PET0       <<<esm: leaving Initialize (phase=<none>) with current time: 2010  6  1  0  0  0   0
20260506 011019.666 INFO             PET0       esm: IInitCheck extro {IS}:--- StateLog() start -----------------
20260506 011019.666 INFO             PET0       esm: IInitCheck extro {IS}:State object is invalid! Not created or deleted!
20260506 011019.666 INFO             PET0       esm: IInitCheck extro {IS}:--- StateLog() end -------------------
20260506 011019.666 INFO             PET0       esm: IInitCheck extro {ES}:--- StateLog() start -----------------
20260506 011019.666 INFO             PET0       esm: IInitCheck extro {ES}:State object is invalid! Not created or deleted!
20260506 011019.666 INFO             PET0       esm: IInitCheck extro {ES}:--- StateLog() end -------------------
20260506 011019.666 INFO             PET0     esm: IInitCheck extro.
20260506 011019.666 INFO             PET0     atmB: InitializeIPDvXp04 intro.
20260506 011019.669 INFO             PET0     atmB: InitializeIPDvXp04 extro.
20260506 011019.669 INFO             PET0     ocnA: InitializeIPDvXp04 intro.
20260506 011019.673 INFO             PET0     ocnA: InitializeIPDvXp04 extro.
20260506 011019.674 INFO             PET0     ATM-TO-OCN: InitializeIPDv05p4 intro.
20260506 011019.674 INFO             PET0     ATM-TO-OCN: InitializeIPDv05p4 extro.
20260506 011019.674 INFO             PET0     OCN-TO-ATM: InitializeIPDv05p4 intro.
20260506 011019.675 INFO             PET0     OCN-TO-ATM: InitializeIPDv05p4 extro.
20260506 011019.675 INFO             PET0     ATM-TO-OCN: InitializeIPDv05p5 intro.
20260506 011019.675 INFO             PET0     ATM-TO-OCN: InitializeIPDv05p5 extro.
20260506 011019.675 INFO             PET0     OCN-TO-ATM: InitializeIPDv05p5 intro.
20260506 011019.675 INFO             PET0     OCN-TO-ATM: InitializeIPDv05p5 extro.
20260506 011019.676 INFO             PET0     esm: IInitRealize intro.
20260506 011019.676 INFO             PET0       esm: IInitRealize intro {IS}:--- StateLog() start -----------------
20260506 011019.676 INFO             PET0       esm: IInitRealize intro {IS}:State object is invalid! Not created or deleted!
20260506 011019.676 INFO             PET0       esm: IInitRealize intro {IS}:--- StateLog() end -------------------
20260506 011019.676 INFO             PET0       esm: IInitRealize intro {ES}:--- StateLog() start -----------------
20260506 011019.676 INFO             PET0       esm: IInitRealize intro {ES}:State object is invalid! Not created or deleted!
20260506 011019.676 INFO             PET0       esm: IInitRealize intro {ES}:--- StateLog() end -------------------
20260506 011019.676 INFO             PET0       >>>esm: entered Initialize (phase=<none>) with current time: 2010  6  1  0  0  0   0
20260506 011019.676 INFO             PET0       <<<esm: leaving Initialize (phase=<none>) with current time: 2010  6  1  0  0  0   0
20260506 011019.676 INFO             PET0       esm: IInitRealize extro {IS}:--- StateLog() start -----------------
20260506 011019.676 INFO             PET0       esm: IInitRealize extro {IS}:State object is invalid! Not created or deleted!
20260506 011019.676 INFO             PET0       esm: IInitRealize extro {IS}:--- StateLog() end -------------------
20260506 011019.676 INFO             PET0       esm: IInitRealize extro {ES}:--- StateLog() start -----------------
20260506 011019.676 INFO             PET0       esm: IInitRealize extro {ES}:State object is invalid! Not created or deleted!
20260506 011019.676 INFO             PET0       esm: IInitRealize extro {ES}:--- StateLog() end -------------------
20260506 011019.676 INFO             PET0     esm: IInitRealize extro.
20260506 011019.676 INFO             PET0     ATM-TO-OCN: InitializeIPDv05p6a intro.
20260506 011019.676 INFO             PET0     ATM-TO-OCN: InitializeIPDv05p6a extro.
20260506 011019.676 INFO             PET0     OCN-TO-ATM: InitializeIPDv05p6a intro.
20260506 011019.676 INFO             PET0     OCN-TO-ATM: InitializeIPDv05p6a extro.
20260506 011019.676 INFO             PET0     ATM-TO-OCN: InitializeIPDv05p6b intro.
20260506 011019.718 INFO             PET0     ATM-TO-OCN: InitializeIPDv05p6b extro.
20260506 011019.718 INFO             PET0     OCN-TO-ATM: InitializeIPDv05p6b intro.
20260506 011019.756 INFO             PET0     OCN-TO-ATM: InitializeIPDv05p6b extro.
20260506 011019.756 INFO             PET0     atmB: InitializeIPDvXp07 intro.
20260506 011019.756 INFO             PET0     atmB: InitializeIPDvXp07 extro.
20260506 011019.756 INFO             PET0     ocnA: InitializeIPDvXp07 intro.
20260506 011019.756 INFO             PET0     ocnA: InitializeIPDvXp07 extro.
20260506 011019.756 INFO             PET0     <<<esm: leaving Initialize (phase=<none>) with current time: 2010  6  1  0  0  0   0
20260506 011019.756 INFO             PET0     esm: InitializeIPDv02p3 extro {IS}:--- StateLog() start -----------------
20260506 011019.756 INFO             PET0     esm: InitializeIPDv02p3 extro {IS}:State object is invalid! Not created or deleted!
20260506 011019.756 INFO             PET0     esm: InitializeIPDv02p3 extro {IS}:--- StateLog() end -------------------
20260506 011019.756 INFO             PET0     esm: InitializeIPDv02p3 extro {ES}:--- StateLog() start -----------------
20260506 011019.756 INFO             PET0     esm: InitializeIPDv02p3 extro {ES}:State object is invalid! Not created or deleted!
20260506 011019.756 INFO             PET0     esm: InitializeIPDv02p3 extro {ES}:--- StateLog() end -------------------
20260506 011019.756 INFO             PET0   esm: InitializeIPDv02p3 extro.
20260506 011019.756 INFO             PET0   esm: InitializeIPDv02p5 intro.
20260506 011019.756 INFO             PET0     esm: InitializeIPDv02p5 intro {IS}:--- StateLog() start -----------------
20260506 011019.756 INFO             PET0     esm: InitializeIPDv02p5 intro {IS}:State object is invalid! Not created or deleted!
20260506 011019.756 INFO             PET0     esm: InitializeIPDv02p5 intro {IS}:--- StateLog() end -------------------
20260506 011019.756 INFO             PET0     esm: InitializeIPDv02p5 intro {ES}:--- StateLog() start -----------------
20260506 011019.756 INFO             PET0     esm: InitializeIPDv02p5 intro {ES}:State object is invalid! Not created or deleted!
20260506 011019.756 INFO             PET0     esm: InitializeIPDv02p5 intro {ES}:--- StateLog() end -------------------
20260506 011019.756 INFO             PET0     >>>esm: entered Initialize (phase=<none>) with current time: 2010  6  1  0  0  0   0
20260506 011019.756 INFO             PET0     esm: this is a top level driver, no 'Updated' and 'InitializeDataComplete' info on this level.
20260506 011019.757 INFO             PET0     esm: InitializeIPDv02p5Data intro.
20260506 011019.757 INFO             PET0       esm: InitializeIPDv02p5Data intro {IS}:--- StateLog() start -----------------
20260506 011019.757 INFO             PET0       esm: InitializeIPDv02p5Data intro {IS}:State object is invalid! Not created or deleted!
20260506 011019.757 INFO             PET0       esm: InitializeIPDv02p5Data intro {IS}:--- StateLog() end -------------------
20260506 011019.757 INFO             PET0       esm: InitializeIPDv02p5Data intro {ES}:--- StateLog() start -----------------
20260506 011019.757 INFO             PET0       esm: InitializeIPDv02p5Data intro {ES}:State object is invalid! Not created or deleted!
20260506 011019.757 INFO             PET0       esm: InitializeIPDv02p5Data intro {ES}:--- StateLog() end -------------------
20260506 011019.757 INFO             PET0       >>>esm: entered Initialize (phase=<none>) with current time: 2010  6  1  0  0  0   0
20260506 011019.757 INFO             PET0       esm: InternalInitializeComplete intro.
20260506 011019.757 INFO             PET0         esm: InternalInitializeComplete intro {IS}:--- StateLog() start -----------------
20260506 011019.757 INFO             PET0         esm: InternalInitializeComplete intro {IS}:State object is invalid! Not created or deleted!
20260506 011019.757 INFO             PET0         esm: InternalInitializeComplete intro {IS}:--- StateLog() end -------------------
20260506 011019.757 INFO             PET0         esm: InternalInitializeComplete intro {ES}:--- StateLog() start -----------------
20260506 011019.757 INFO             PET0         esm: InternalInitializeComplete intro {ES}:State object is invalid! Not created or deleted!
20260506 011019.757 INFO             PET0         esm: InternalInitializeComplete intro {ES}:--- StateLog() end -------------------
20260506 011019.757 INFO             PET0         >>>esm: entered Initialize (phase=<none>) with current time: 2010  6  1  0  0  0   0
20260506 011019.757 INFO             PET0         esm: InitializeDataComplete='true'
20260506 011019.757 INFO             PET0         <<<esm: leaving Initialize (phase=<none>) with current time: 2010  6  1  0  0  0   0
20260506 011019.757 INFO             PET0         esm: InternalInitializeComplete extro {IS}:--- StateLog() start -----------------
20260506 011019.757 INFO             PET0         esm: InternalInitializeComplete extro {IS}:State object is invalid! Not created or deleted!
20260506 011019.757 INFO             PET0         esm: InternalInitializeComplete extro {IS}:--- StateLog() end -------------------
20260506 011019.757 INFO             PET0         esm: InternalInitializeComplete extro {ES}:--- StateLog() start -----------------
20260506 011019.757 INFO             PET0         esm: InternalInitializeComplete extro {ES}:State object is invalid! Not created or deleted!
20260506 011019.757 INFO             PET0         esm: InternalInitializeComplete extro {ES}:--- StateLog() end -------------------
20260506 011019.757 INFO             PET0       esm: InternalInitializeComplete extro.
20260506 011019.757 INFO             PET0       atmB: InitializeIPDv01p5 intro.
20260506 011019.757 INFO             PET0       atmB: InitializeIPDv01p5 extro.
20260506 011019.757 INFO             PET0       ocnA: InitializeIPDv01p5 intro.
20260506 011019.757 INFO             PET0       ocnA: InitializeIPDv01p5 extro.
20260506 011019.759 INFO             PET0       esm: components present that trigger loopDataDependentInitialize().
20260506 011019.759 INFO             PET0       esm: loopDataDependentInitialize intro.
20260506 011019.759 INFO             PET0         esm: loopDataDependentInitialize intro {IS}:--- StateLog() start -----------------
20260506 011019.759 INFO             PET0         esm: loopDataDependentInitialize intro {IS}:State object is invalid! Not created or deleted!
20260506 011019.759 INFO             PET0         esm: loopDataDependentInitialize intro {IS}:--- StateLog() end -------------------
20260506 011019.759 INFO             PET0         esm: loopDataDependentInitialize intro {ES}:--- StateLog() start -----------------
20260506 011019.759 INFO             PET0         esm: loopDataDependentInitialize intro {ES}:State object is invalid! Not created or deleted!
20260506 011019.759 INFO             PET0         esm: loopDataDependentInitialize intro {ES}:--- StateLog() end -------------------
20260506 011019.759 INFO             PET0         >>>esm: entered Initialize (phase=<none>) with current time: 2010  6  1  0  0  0   0
20260506 011019.759 INFO             PET0         esm: component    0=esm, dataComplete (local): true
20260506 011019.759 INFO             PET0         esm: component    0=esm, dataComplete (global):  T
20260506 011019.759 INFO             PET0         esm: component    1=atmB, dataComplete (local): true
20260506 011019.759 INFO             PET0         esm: component    1=atmB, dataComplete (global):  T
20260506 011019.759 INFO             PET0         esm: component    2=ocnA, dataComplete (local): true
20260506 011019.759 INFO             PET0         esm: component    2=ocnA, dataComplete (global):  T
20260506 011019.759 INFO             PET0         esm: someProgress= F, allComplete= T, present(dataDepAllComplete)= T
20260506 011019.759 INFO             PET0         esm: finished resolving initialize data dependencies on this level.
20260506 011019.759 INFO             PET0         <<<esm: leaving Initialize (phase=<none>) with current time: 2010  6  1  0  0  0   0
20260506 011019.759 INFO             PET0         esm: loopDataDependentInitialize extro {IS}:--- StateLog() start -----------------
20260506 011019.759 INFO             PET0         esm: loopDataDependentInitialize extro {IS}:State object is invalid! Not created or deleted!
20260506 011019.759 INFO             PET0         esm: loopDataDependentInitialize extro {IS}:--- StateLog() end -------------------
20260506 011019.759 INFO             PET0         esm: loopDataDependentInitialize extro {ES}:--- StateLog() start -----------------
20260506 011019.759 INFO             PET0         esm: loopDataDependentInitialize extro {ES}:State object is invalid! Not created or deleted!
20260506 011019.759 INFO             PET0         esm: loopDataDependentInitialize extro {ES}:--- StateLog() end -------------------
20260506 011019.759 INFO             PET0       esm: loopDataDependentInitialize extro.
20260506 011019.759 INFO             PET0       esm: loopDataDependentInitialize() returned with dataDepAllComplete:  T
20260506 011019.759 INFO             PET0       <<<esm: leaving Initialize (phase=<none>) with current time: 2010  6  1  0  0  0   0
20260506 011019.759 INFO             PET0       esm: InitializeIPDv02p5Data extro {IS}:--- StateLog() start -----------------
20260506 011019.759 INFO             PET0       esm: InitializeIPDv02p5Data extro {IS}:State object is invalid! Not created or deleted!
20260506 011019.759 INFO             PET0       esm: InitializeIPDv02p5Data extro {IS}:--- StateLog() end -------------------
20260506 011019.759 INFO             PET0       esm: InitializeIPDv02p5Data extro {ES}:--- StateLog() start -----------------
20260506 011019.759 INFO             PET0       esm: InitializeIPDv02p5Data extro {ES}:State object is invalid! Not created or deleted!
20260506 011019.759 INFO             PET0       esm: InitializeIPDv02p5Data extro {ES}:--- StateLog() end -------------------
20260506 011019.759 INFO             PET0     esm: InitializeIPDv02p5Data extro.
20260506 011019.759 INFO             PET0     <<<esm: leaving Initialize (phase=<none>) with current time: 2010  6  1  0  0  0   0
20260506 011019.759 INFO             PET0     esm: InitializeIPDv02p5 extro {IS}:--- StateLog() start -----------------
20260506 011019.759 INFO             PET0     esm: InitializeIPDv02p5 extro {IS}:State object is invalid! Not created or deleted!
20260506 011019.759 INFO             PET0     esm: InitializeIPDv02p5 extro {IS}:--- StateLog() end -------------------
20260506 011019.759 INFO             PET0     esm: InitializeIPDv02p5 extro {ES}:--- StateLog() start -----------------
20260506 011019.759 INFO             PET0     esm: InitializeIPDv02p5 extro {ES}:State object is invalid! Not created or deleted!
20260506 011019.759 INFO             PET0     esm: InitializeIPDv02p5 extro {ES}:--- StateLog() end -------------------
20260506 011019.759 INFO             PET0   esm: InitializeIPDv02p5 extro.
20260506 011019.759 INFO             PET0   <<<esm: leaving Initialize (phase=<none>) with current time: 2010  6  1  0  0  0   0
20260506 011019.759 INFO             PET0   esm: InitializeGeneric extro {IS}:--- StateLog() start -----------------
20260506 011019.759 INFO             PET0   esm: InitializeGeneric extro {IS}:State object is invalid! Not created or deleted!
20260506 011019.759 INFO             PET0   esm: InitializeGeneric extro {IS}:--- StateLog() end -------------------
20260506 011019.759 INFO             PET0   esm: InitializeGeneric extro {ES}:--- StateLog() start -----------------
20260506 011019.759 INFO             PET0   esm: InitializeGeneric extro {ES}:State object is invalid! Not created or deleted!
20260506 011019.759 INFO             PET0   esm: InitializeGeneric extro {ES}:--- StateLog() end -------------------
20260506 011019.759 INFO             PET0 esm: InitializeGeneric extro.
20260506 011019.760 INFO             PET0 esm: Run intro.
20260506 011019.760 INFO             PET0   esm: Run intro {IS}:--- StateLog() start -----------------
20260506 011019.760 INFO             PET0   esm: Run intro {IS}:State object is invalid! Not created or deleted!
20260506 011019.760 INFO             PET0   esm: Run intro {IS}:--- StateLog() end -------------------
20260506 011019.760 INFO             PET0   esm: Run intro {ES}:--- StateLog() start -----------------
20260506 011019.760 INFO             PET0   esm: Run intro {ES}:State object is invalid! Not created or deleted!
20260506 011019.760 INFO             PET0   esm: Run intro {ES}:--- StateLog() end -------------------
20260506 011019.760 INFO             PET0   >>>esm: entered Run (phase=RunPhase1) with current time: 2010  6  1  0  0  0   0
20260506 011019.760 INFO             PET0   esm: after lable_SetRunClock, current time: 2010  6  1  0  0  0   0
20260506 011019.760 INFO             PET0   esm: begin -------> RunSequence.
20260506 011019.760 INFO             PET0     esm: RunSequence event loopLevel=   1  levelMember=   1  loopIteration=   1, current time: 2010  6  1  0  0  0   0
20260506 011019.760 INFO             PET0     ATM-TO-OCN: Run intro.
20260506 011019.760 INFO             PET0     ATM-TO-OCN: Run extro.
20260506 011019.760 INFO             PET0     OCN-TO-ATM: Run intro.
20260506 011019.761 INFO             PET0     OCN-TO-ATM: Run extro.
20260506 011019.761 INFO             PET0     atmB: Run intro.
20260506 011019.761 INFO             PET0       ------>Advancing ATM from: 2010  6  1  0  0  0   0
20260506 011019.761 INFO             PET0       ---------------------> to: 2010  6  1  0 15  0   0
20260506 011019.761 INFO             PET0     atmB: Run extro.
20260506 011019.761 INFO             PET0     ocnA: Run intro.
20260506 011019.761 INFO             PET0       ------>Advancing OCN from: 2010  6  1  0  0  0   0
20260506 011019.761 INFO             PET0       ---------------------> to: 2010  6  1  0  5  0   0
20260506 011019.761 INFO             PET0       ------>Advancing OCN from: 2010  6  1  0  5  0   0
20260506 011019.761 INFO             PET0       ---------------------> to: 2010  6  1  0 10  0   0
20260506 011019.761 INFO             PET0       ------>Advancing OCN from: 2010  6  1  0 10  0   0
20260506 011019.761 INFO             PET0       ---------------------> to: 2010  6  1  0 15  0   0
20260506 011019.761 INFO             PET0     ocnA: Run extro.
20260506 011019.761 INFO             PET0     esm: RunSequence event loopLevel=   1  levelMember=   1  loopIteration=   2, current time: 2010  6  1  0 15  0   0
20260506 011019.761 INFO             PET0     ATM-TO-OCN: Run intro.
20260506 011019.762 INFO             PET0     ATM-TO-OCN: Run extro.
20260506 011019.762 INFO             PET0     OCN-TO-ATM: Run intro.
20260506 011019.762 INFO             PET0     OCN-TO-ATM: Run extro.
20260506 011019.762 INFO             PET0     atmB: Run intro.
20260506 011019.762 INFO             PET0       ------>Advancing ATM from: 2010  6  1  0 15  0   0
20260506 011019.762 INFO             PET0       ---------------------> to: 2010  6  1  0 30  0   0
20260506 011019.762 INFO             PET0     atmB: Run extro.
20260506 011019.762 INFO             PET0     ocnA: Run intro.
20260506 011019.762 INFO             PET0       ------>Advancing OCN from: 2010  6  1  0 15  0   0
20260506 011019.762 INFO             PET0       ---------------------> to: 2010  6  1  0 20  0   0
20260506 011019.762 INFO             PET0       ------>Advancing OCN from: 2010  6  1  0 20  0   0
20260506 011019.762 INFO             PET0       ---------------------> to: 2010  6  1  0 25  0   0
20260506 011019.762 INFO             PET0       ------>Advancing OCN from: 2010  6  1  0 25  0   0
20260506 011019.762 INFO             PET0       ---------------------> to: 2010  6  1  0 30  0   0
20260506 011019.762 INFO             PET0     ocnA: Run extro.
20260506 011019.762 INFO             PET0     esm: RunSequence event loopLevel=   1  levelMember=   1  loopIteration=   3, current time: 2010  6  1  0 30  0   0
20260506 011019.763 INFO             PET0     ATM-TO-OCN: Run intro.
20260506 011019.763 INFO             PET0     ATM-TO-OCN: Run extro.
20260506 011019.763 INFO             PET0     OCN-TO-ATM: Run intro.
20260506 011019.763 INFO             PET0     OCN-TO-ATM: Run extro.
20260506 011019.763 INFO             PET0     atmB: Run intro.
20260506 011019.763 INFO             PET0       ------>Advancing ATM from: 2010  6  1  0 30  0   0
20260506 011019.763 INFO             PET0       ---------------------> to: 2010  6  1  0 45  0   0
20260506 011019.763 INFO             PET0     atmB: Run extro.
20260506 011019.763 INFO             PET0     ocnA: Run intro.
20260506 011019.763 INFO             PET0       ------>Advancing OCN from: 2010  6  1  0 30  0   0
20260506 011019.764 INFO             PET0       ---------------------> to: 2010  6  1  0 35  0   0
20260506 011019.764 INFO             PET0       ------>Advancing OCN from: 2010  6  1  0 35  0   0
20260506 011019.764 INFO             PET0       ---------------------> to: 2010  6  1  0 40  0   0
20260506 011019.764 INFO             PET0       ------>Advancing OCN from: 2010  6  1  0 40  0   0
20260506 011019.764 INFO             PET0       ---------------------> to: 2010  6  1  0 45  0   0
20260506 011019.764 INFO             PET0     ocnA: Run extro.
20260506 011019.764 INFO             PET0     esm: RunSequence event loopLevel=   1  levelMember=   1  loopIteration=   4, current time: 2010  6  1  0 45  0   0
20260506 011019.764 INFO             PET0     ATM-TO-OCN: Run intro.
20260506 011019.764 INFO             PET0     ATM-TO-OCN: Run extro.
20260506 011019.764 INFO             PET0     OCN-TO-ATM: Run intro.
20260506 011019.764 INFO             PET0     OCN-TO-ATM: Run extro.
20260506 011019.764 INFO             PET0     atmB: Run intro.
20260506 011019.764 INFO             PET0       ------>Advancing ATM from: 2010  6  1  0 45  0   0
20260506 011019.764 INFO             PET0       ---------------------> to: 2010  6  1  1  0  0   0
20260506 011019.764 INFO             PET0     atmB: Run extro.
20260506 011019.765 INFO             PET0     ocnA: Run intro.
20260506 011019.765 INFO             PET0       ------>Advancing OCN from: 2010  6  1  0 45  0   0
20260506 011019.765 INFO             PET0       ---------------------> to: 2010  6  1  0 50  0   0
20260506 011019.765 INFO             PET0       ------>Advancing OCN from: 2010  6  1  0 50  0   0
20260506 011019.765 INFO             PET0       ---------------------> to: 2010  6  1  0 55  0   0
20260506 011019.765 INFO             PET0       ------>Advancing OCN from: 2010  6  1  0 55  0   0
20260506 011019.765 INFO             PET0       ---------------------> to: 2010  6  1  1  0  0   0
20260506 011019.765 INFO             PET0     ocnA: Run extro.
20260506 011019.765 INFO             PET0   esm: end <--------- RunSequence
20260506 011019.765 INFO             PET0   <<<esm: leaving Run (phase=RunPhase1) with current time: 2010  6  1  1  0  0   0
20260506 011019.765 INFO             PET0   esm: Run extro {IS}:--- StateLog() start -----------------
20260506 011019.765 INFO             PET0   esm: Run extro {IS}:State object is invalid! Not created or deleted!
20260506 011019.765 INFO             PET0   esm: Run extro {IS}:--- StateLog() end -------------------
20260506 011019.765 INFO             PET0   esm: Run extro {ES}:--- StateLog() start -----------------
20260506 011019.765 INFO             PET0   esm: Run extro {ES}:State object is invalid! Not created or deleted!
20260506 011019.765 INFO             PET0   esm: Run extro {ES}:--- StateLog() end -------------------
20260506 011019.765 INFO             PET0 esm: Run extro.
20260506 011019.765 INFO             PET0 esm: Finalize intro.
20260506 011019.765 INFO             PET0   esm: Finalize intro {IS}:--- StateLog() start -----------------
20260506 011019.765 INFO             PET0   esm: Finalize intro {IS}:State object is invalid! Not created or deleted!
20260506 011019.765 INFO             PET0   esm: Finalize intro {IS}:--- StateLog() end -------------------
20260506 011019.765 INFO             PET0   esm: Finalize intro {ES}:--- StateLog() start -----------------
20260506 011019.765 INFO             PET0   esm: Finalize intro {ES}:State object is invalid! Not created or deleted!
20260506 011019.765 INFO             PET0   esm: Finalize intro {ES}:--- StateLog() end -------------------
20260506 011019.765 INFO             PET0   >>>esm: entered Finalize (phase=FinalizePhase1) with current time: 2010  6  1  1  0  0   0
20260506 011019.765 INFO             PET0   Calling Finalize phase 1 for connectorComp: ATM-TO-OCN
20260506 011019.765 INFO             PET0   ATM-TO-OCN: Finalize intro.
20260506 011019.765 INFO             PET0   ATM-TO-OCN: Finalize extro.
20260506 011019.765 INFO             PET0   Calling Finalize phase 1 for connectorComp: OCN-TO-ATM
20260506 011019.765 INFO             PET0   OCN-TO-ATM: Finalize intro.
20260506 011019.765 INFO             PET0   OCN-TO-ATM: Finalize extro.
20260506 011019.765 INFO             PET0   Calling Finalize phase 1 for modelComp: atmB
20260506 011019.765 INFO             PET0   atmB: Finalize intro.
20260506 011019.765 INFO             PET0   atmB: Finalize extro.
20260506 011019.765 INFO             PET0   Calling Finalize phase 1 for modelComp: ocnA
20260506 011019.766 INFO             PET0   ocnA: Finalize intro.
20260506 011019.766 INFO             PET0   ocnA: Finalize extro.
20260506 011019.766 INFO             PET0   Delete modelComp: atmB
20260506 011019.766 INFO             PET0   Delete Import-/Export State for modelComp: atmB
20260506 011019.766 INFO             PET0   Delete modelComp: ocnA
20260506 011019.766 INFO             PET0   Delete Import-/Export State for modelComp: ocnA
20260506 011019.766 INFO             PET0   Delete connectorComp: ATM-TO-OCN
20260506 011019.766 INFO             PET0   Delete connectorComp: OCN-TO-ATM
20260506 011019.766 INFO             PET0   <<<esm: leaving Finalize (phase=FinalizePhase1) with current time: 2010  6  1  1  0  0   0
20260506 011019.766 INFO             PET0 esm: Finalize extro.
20260506 011019.766 INFO             PET0 esmApp FINISHED
20260506 011019.766 INFO             PET0  Finalizing ESMF
20260506 011023.966 INFO             PET0 !!!!!!!!!!!!!!!!!!!!!!!!!!!!!!!!!!!!!!!!!!!!!!!!!!!!!!
20260506 011023.966 INFO             PET0 !!! THE ESMF_LOG IS SET TO OUTPUT ALL LOG MESSAGES !!!
20260506 011023.966 INFO             PET0 !!!     THIS MAY CAUSE SLOWDOWN IN PERFORMANCE     !!!
20260506 011023.966 INFO             PET0 !!! FOR PRODUCTION RUNS, USE:                      !!!
20260506 011023.966 INFO             PET0 !!!                   ESMF_LOGKIND_Multi_On_Error  !!!
20260506 011023.966 INFO             PET0 !!!!!!!!!!!!!!!!!!!!!!!!!!!!!!!!!!!!!!!!!!!!!!!!!!!!!!
20260506 011023.966 INFO             PET0 Running with ESMF Version   : develop+g0ae3009ebf
20260506 011023.966 INFO             PET0 ESMF library build date/time: "May  6 2026" "00:44:24"
20260506 011023.966 INFO             PET0 ESMF library build location : /home/gerhard/ESMF-Nightly-Testing/gfortran_7.4.0_mpich_g_develop/esmf
20260506 011023.966 INFO             PET0 ESMF_COMM                   : mpich
20260506 011023.966 INFO             PET0 ESMF_MOAB                   : enabled
20260506 011023.966 INFO             PET0 ESMF_LAPACK                 : enabled
20260506 011023.966 INFO             PET0 ESMF_NETCDF                 : enabled
20260506 011023.966 INFO             PET0 ESMF_PNETCDF                : disabled
20260506 011023.966 INFO             PET0 ESMF_PIO                    : enabled
20260506 011023.966 INFO             PET0 ESMF_YAMLCPP                : enabled
20260506 011023.966 INFO             PET0 esmApp STARTING
20260506 011023.970 INFO             PET0 esm: InitializeGeneric intro.
20260506 011023.970 INFO             PET0   esm: InitializeGeneric intro {IS}:--- StateLog() start -----------------
20260506 011023.970 INFO             PET0   esm: InitializeGeneric intro {IS}:State object is invalid! Not created or deleted!
20260506 011023.970 INFO             PET0   esm: InitializeGeneric intro {IS}:--- StateLog() end -------------------
20260506 011023.970 INFO             PET0   esm: InitializeGeneric intro {ES}:--- StateLog() start -----------------
20260506 011023.970 INFO             PET0   esm: InitializeGeneric intro {ES}:State object is invalid! Not created or deleted!
20260506 011023.970 INFO             PET0   esm: InitializeGeneric intro {ES}:--- StateLog() end -------------------
20260506 011023.970 INFO             PET0   >>>esm: entered Initialize (phase=<none>) without valid internal Clock.
20260506 011023.970 INFO             PET0   esm: InitializeP0 intro.
20260506 011023.970 INFO             PET0     esm: InitializeP0 intro {IS}:--- StateLog() start -----------------
20260506 011023.970 INFO             PET0     esm: InitializeP0 intro {IS}:State object is invalid! Not created or deleted!
20260506 011023.970 INFO             PET0     esm: InitializeP0 intro {IS}:--- StateLog() end -------------------
20260506 011023.970 INFO             PET0     esm: InitializeP0 intro {ES}:--- StateLog() start -----------------
20260506 011023.970 INFO             PET0     esm: InitializeP0 intro {ES}:State object is invalid! Not created or deleted!
20260506 011023.970 INFO             PET0     esm: InitializeP0 intro {ES}:--- StateLog() end -------------------
20260506 011023.970 INFO             PET0     >>>esm: entered Initialize (phase=<none>) without valid internal Clock.
20260506 011023.970 INFO             PET0     <<<esm: leaving Initialize (phase=<none>) without valid internal Clock.
20260506 011023.970 INFO             PET0     esm: InitializeP0 extro {IS}:--- StateLog() start -----------------
20260506 011023.970 INFO             PET0     esm: InitializeP0 extro {IS}:State object is invalid! Not created or deleted!
20260506 011023.970 INFO             PET0     esm: InitializeP0 extro {IS}:--- StateLog() end -------------------
20260506 011023.970 INFO             PET0     esm: InitializeP0 extro {ES}:--- StateLog() start -----------------
20260506 011023.970 INFO             PET0     esm: InitializeP0 extro {ES}:State object is invalid! Not created or deleted!
20260506 011023.970 INFO             PET0     esm: InitializeP0 extro {ES}:--- StateLog() end -------------------
20260506 011023.970 INFO             PET0   esm: InitializeP0 extro.
20260506 011023.970 INFO             PET0   esm: InitializeIPDv02p1 intro.
20260506 011023.970 INFO             PET0     esm: InitializeIPDv02p1 intro {IS}:--- StateLog() start -----------------
20260506 011023.970 INFO             PET0     esm: InitializeIPDv02p1 intro {IS}:State object is invalid! Not created or deleted!
20260506 011023.970 INFO             PET0     esm: InitializeIPDv02p1 intro {IS}:--- StateLog() end -------------------
20260506 011023.970 INFO             PET0     esm: InitializeIPDv02p1 intro {ES}:--- StateLog() start -----------------
20260506 011023.970 INFO             PET0     esm: InitializeIPDv02p1 intro {ES}:State object is invalid! Not created or deleted!
20260506 011023.970 INFO             PET0     esm: InitializeIPDv02p1 intro {ES}:--- StateLog() end -------------------
20260506 011023.970 INFO             PET0     >>>esm: entered Initialize (phase=<none>) without valid internal Clock.
20260506 011023.974 INFO             PET0     esm - Creating model component ATM without petList.
20260506 011023.977 INFO             PET0     esm - Creating model component OCN without petList.
20260506 011023.979 INFO             PET0     esm - Creating connector component ATM-TO-OCN without petList.
20260506 011023.983 INFO             PET0     esm - Creating connector component OCN-TO-ATM without petList.
20260506 011023.987 INFO             PET0     esm - Creating state: modelComp 1 Import State
20260506 011023.987 INFO             PET0     esm - Creating state: modelComp 1 Export State
20260506 011023.987 INFO             PET0     esm - Creating state: modelComp 2 Import State
20260506 011023.988 INFO             PET0     esm - Creating state: modelComp 2 Export State
20260506 011023.988 INFO             PET0     ATM: InitializeP0 intro.
20260506 011023.989 INFO             PET0     ATM: InitializeP0 extro.
20260506 011023.989 INFO             PET0     OCN: InitializeP0 intro.
20260506 011023.990 INFO             PET0     OCN: InitializeP0 extro.
20260506 011023.992 INFO             PET0     ATM-TO-OCN: InitializeP0 intro.
20260506 011023.992 INFO             PET0     ATM-TO-OCN: InitializeP0 extro.
20260506 011023.992 INFO             PET0     OCN-TO-ATM: InitializeP0 intro.
20260506 011023.993 INFO             PET0     OCN-TO-ATM: InitializeP0 extro.
20260506 011023.994 INFO             PET0     esm: IInitAdvertise intro.
20260506 011023.994 INFO             PET0       esm: IInitAdvertise intro {IS}:--- StateLog() start -----------------
20260506 011023.994 INFO             PET0       esm: IInitAdvertise intro {IS}:State object is invalid! Not created or deleted!
20260506 011023.994 INFO             PET0       esm: IInitAdvertise intro {IS}:--- StateLog() end -------------------
20260506 011023.994 INFO             PET0       esm: IInitAdvertise intro {ES}:--- StateLog() start -----------------
20260506 011023.994 INFO             PET0       esm: IInitAdvertise intro {ES}:State object is invalid! Not created or deleted!
20260506 011023.994 INFO             PET0       esm: IInitAdvertise intro {ES}:--- StateLog() end -------------------
20260506 011023.994 INFO             PET0       >>>esm: entered Initialize (phase=<none>) with current time: 2010  6  1  0  0  0   0
20260506 011023.994 INFO             PET0       <<<esm: leaving Initialize (phase=<none>) with current time: 2010  6  1  0  0  0   0
20260506 011023.994 INFO             PET0       esm: IInitAdvertise extro {IS}:--- StateLog() start -----------------
20260506 011023.994 INFO             PET0       esm: IInitAdvertise extro {IS}:State object is invalid! Not created or deleted!
20260506 011023.994 INFO             PET0       esm: IInitAdvertise extro {IS}:--- StateLog() end -------------------
20260506 011023.994 INFO             PET0       esm: IInitAdvertise extro {ES}:--- StateLog() start -----------------
20260506 011023.994 INFO             PET0       esm: IInitAdvertise extro {ES}:State object is invalid! Not created or deleted!
20260506 011023.994 INFO             PET0       esm: IInitAdvertise extro {ES}:--- StateLog() end -------------------
20260506 011023.994 INFO             PET0     esm: IInitAdvertise extro.
20260506 011023.994 INFO             PET0     ATM: InitializeIPDvXp01 intro.
20260506 011023.996 INFO             PET0     ATM: InitializeIPDvXp01 extro.
20260506 011023.996 INFO             PET0     OCN: InitializeIPDvXp01 intro.
20260506 011023.998 INFO             PET0     OCN: InitializeIPDvXp01 extro.
20260506 011023.999 INFO             PET0     ATM-TO-OCN: InitializeIPDv05p1 intro.
20260506 011023.999 INFO             PET0     ATM-TO-OCN: InitializeIPDv05p1 extro.
20260506 011024.000 INFO             PET0     OCN-TO-ATM: InitializeIPDv05p1 intro.
20260506 011024.000 INFO             PET0     OCN-TO-ATM: InitializeIPDv05p1 extro.
20260506 011024.000 INFO             PET0     esm: IInitAdvertiseFinish intro.
20260506 011024.000 INFO             PET0       esm: IInitAdvertiseFinish intro {IS}:--- StateLog() start -----------------
20260506 011024.000 INFO             PET0       esm: IInitAdvertiseFinish intro {IS}:State object is invalid! Not created or deleted!
20260506 011024.000 INFO             PET0       esm: IInitAdvertiseFinish intro {IS}:--- StateLog() end -------------------
20260506 011024.000 INFO             PET0       esm: IInitAdvertiseFinish intro {ES}:--- StateLog() start -----------------
20260506 011024.000 INFO             PET0       esm: IInitAdvertiseFinish intro {ES}:State object is invalid! Not created or deleted!
20260506 011024.000 INFO             PET0       esm: IInitAdvertiseFinish intro {ES}:--- StateLog() end -------------------
20260506 011024.000 INFO             PET0       >>>esm: entered Initialize (phase=<none>) with current time: 2010  6  1  0  0  0   0
20260506 011024.000 INFO             PET0       <<<esm: leaving Initialize (phase=<none>) with current time: 2010  6  1  0  0  0   0
20260506 011024.000 INFO             PET0       esm: IInitAdvertiseFinish extro {IS}:--- StateLog() start -----------------
20260506 011024.000 INFO             PET0       esm: IInitAdvertiseFinish extro {IS}:State object is invalid! Not created or deleted!
20260506 011024.000 INFO             PET0       esm: IInitAdvertiseFinish extro {IS}:--- StateLog() end -------------------
20260506 011024.000 INFO             PET0       esm: IInitAdvertiseFinish extro {ES}:--- StateLog() start -----------------
20260506 011024.000 INFO             PET0       esm: IInitAdvertiseFinish extro {ES}:State object is invalid! Not created or deleted!
20260506 011024.000 INFO             PET0       esm: IInitAdvertiseFinish extro {ES}:--- StateLog() end -------------------
20260506 011024.000 INFO             PET0     esm: IInitAdvertiseFinish extro.
20260506 011024.000 INFO             PET0     ATM-TO-OCN: InitializeIPDv05p2a intro.
20260506 011024.000 INFO             PET0     ATM-TO-OCN: InitializeIPDv05p2a extro.
20260506 011024.000 INFO             PET0     OCN-TO-ATM: InitializeIPDv05p2a intro.
20260506 011024.000 INFO             PET0     OCN-TO-ATM: InitializeIPDv05p2a extro.
20260506 011024.001 INFO             PET0     ATM-TO-OCN: InitializeIPDv05p2b intro.
20260506 011024.001 INFO             PET0     ATM-TO-OCN: InitializeIPDv05p2b extro.
20260506 011024.001 INFO             PET0     OCN-TO-ATM: InitializeIPDv05p2b intro.
20260506 011024.001 INFO             PET0     OCN-TO-ATM: InitializeIPDv05p2b extro.
20260506 011024.001 INFO             PET0     esm: IInitModifyCplLists intro.
20260506 011024.001 INFO             PET0       esm: IInitModifyCplLists intro {IS}:--- StateLog() start -----------------
20260506 011024.001 INFO             PET0       esm: IInitModifyCplLists intro {IS}:State object is invalid! Not created or deleted!
20260506 011024.001 INFO             PET0       esm: IInitModifyCplLists intro {IS}:--- StateLog() end -------------------
20260506 011024.001 INFO             PET0       esm: IInitModifyCplLists intro {ES}:--- StateLog() start -----------------
20260506 011024.001 INFO             PET0       esm: IInitModifyCplLists intro {ES}:State object is invalid! Not created or deleted!
20260506 011024.001 INFO             PET0       esm: IInitModifyCplLists intro {ES}:--- StateLog() end -------------------
20260506 011024.001 INFO             PET0       >>>esm: entered Initialize (phase=<none>) with current time: 2010  6  1  0  0  0   0
20260506 011024.001 INFO             PET0       <<<esm: leaving Initialize (phase=<none>) with current time: 2010  6  1  0  0  0   0
20260506 011024.001 INFO             PET0       esm: IInitModifyCplLists extro {IS}:--- StateLog() start -----------------
20260506 011024.001 INFO             PET0       esm: IInitModifyCplLists extro {IS}:State object is invalid! Not created or deleted!
20260506 011024.001 INFO             PET0       esm: IInitModifyCplLists extro {IS}:--- StateLog() end -------------------
20260506 011024.001 INFO             PET0       esm: IInitModifyCplLists extro {ES}:--- StateLog() start -----------------
20260506 011024.001 INFO             PET0       esm: IInitModifyCplLists extro {ES}:State object is invalid! Not created or deleted!
20260506 011024.001 INFO             PET0       esm: IInitModifyCplLists extro {ES}:--- StateLog() end -------------------
20260506 011024.001 INFO             PET0     esm: IInitModifyCplLists extro.
20260506 011024.002 INFO             PET0     ATM-TO-OCN: InitializeIPDv05p3 intro.
20260506 011024.002 INFO             PET0     ATM-TO-OCN: InitializeIPDv05p3 extro.
20260506 011024.002 INFO             PET0     OCN-TO-ATM: InitializeIPDv05p3 intro.
20260506 011024.003 INFO             PET0     OCN-TO-ATM: InitializeIPDv05p3 extro.
20260506 011024.003 INFO             PET0     <<<esm: leaving Initialize (phase=<none>) with current time: 2010  6  1  0  0  0   0
20260506 011024.003 INFO             PET0     esm: InitializeIPDv02p1 extro {IS}:--- StateLog() start -----------------
20260506 011024.003 INFO             PET0     esm: InitializeIPDv02p1 extro {IS}:State object is invalid! Not created or deleted!
20260506 011024.003 INFO             PET0     esm: InitializeIPDv02p1 extro {IS}:--- StateLog() end -------------------
20260506 011024.003 INFO             PET0     esm: InitializeIPDv02p1 extro {ES}:--- StateLog() start -----------------
20260506 011024.003 INFO             PET0     esm: InitializeIPDv02p1 extro {ES}:State object is invalid! Not created or deleted!
20260506 011024.003 INFO             PET0     esm: InitializeIPDv02p1 extro {ES}:--- StateLog() end -------------------
20260506 011024.003 INFO             PET0   esm: InitializeIPDv02p1 extro.
20260506 011024.003 INFO             PET0   esm: InitializeIPDv02p3 intro.
20260506 011024.003 INFO             PET0     esm: InitializeIPDv02p3 intro {IS}:--- StateLog() start -----------------
20260506 011024.003 INFO             PET0     esm: InitializeIPDv02p3 intro {IS}:State object is invalid! Not created or deleted!
20260506 011024.003 INFO             PET0     esm: InitializeIPDv02p3 intro {IS}:--- StateLog() end -------------------
20260506 011024.003 INFO             PET0     esm: InitializeIPDv02p3 intro {ES}:--- StateLog() start -----------------
20260506 011024.003 INFO             PET0     esm: InitializeIPDv02p3 intro {ES}:State object is invalid! Not created or deleted!
20260506 011024.003 INFO             PET0     esm: InitializeIPDv02p3 intro {ES}:--- StateLog() end -------------------
20260506 011024.003 INFO             PET0     >>>esm: entered Initialize (phase=<none>) with current time: 2010  6  1  0  0  0   0
20260506 011024.003 INFO             PET0     esm: IInitCheck intro.
20260506 011024.003 INFO             PET0       esm: IInitCheck intro {IS}:--- StateLog() start -----------------
20260506 011024.003 INFO             PET0       esm: IInitCheck intro {IS}:State object is invalid! Not created or deleted!
20260506 011024.003 INFO             PET0       esm: IInitCheck intro {IS}:--- StateLog() end -------------------
20260506 011024.003 INFO             PET0       esm: IInitCheck intro {ES}:--- StateLog() start -----------------
20260506 011024.003 INFO             PET0       esm: IInitCheck intro {ES}:State object is invalid! Not created or deleted!
20260506 011024.003 INFO             PET0       esm: IInitCheck intro {ES}:--- StateLog() end -------------------
20260506 011024.003 INFO             PET0       >>>esm: entered Initialize (phase=<none>) with current time: 2010  6  1  0  0  0   0
20260506 011024.003 INFO             PET0       <<<esm: leaving Initialize (phase=<none>) with current time: 2010  6  1  0  0  0   0
20260506 011024.003 INFO             PET0       esm: IInitCheck extro {IS}:--- StateLog() start -----------------
20260506 011024.003 INFO             PET0       esm: IInitCheck extro {IS}:State object is invalid! Not created or deleted!
20260506 011024.003 INFO             PET0       esm: IInitCheck extro {IS}:--- StateLog() end -------------------
20260506 011024.003 INFO             PET0       esm: IInitCheck extro {ES}:--- StateLog() start -----------------
20260506 011024.003 INFO             PET0       esm: IInitCheck extro {ES}:State object is invalid! Not created or deleted!
20260506 011024.003 INFO             PET0       esm: IInitCheck extro {ES}:--- StateLog() end -------------------
20260506 011024.003 INFO             PET0     esm: IInitCheck extro.
20260506 011024.003 INFO             PET0     atmA: InitializeIPDvXp04 intro.
20260506 011024.007 INFO             PET0     atmA: InitializeIPDvXp04 extro.
20260506 011024.007 INFO             PET0     ocnB: InitializeIPDvXp04 intro.
20260506 011024.010 INFO             PET0     ocnB: InitializeIPDvXp04 extro.
20260506 011024.011 INFO             PET0     ATM-TO-OCN: InitializeIPDv05p4 intro.
20260506 011024.012 INFO             PET0     ATM-TO-OCN: InitializeIPDv05p4 extro.
20260506 011024.012 INFO             PET0     OCN-TO-ATM: InitializeIPDv05p4 intro.
20260506 011024.012 INFO             PET0     OCN-TO-ATM: InitializeIPDv05p4 extro.
20260506 011024.012 INFO             PET0     ATM-TO-OCN: InitializeIPDv05p5 intro.
20260506 011024.012 INFO             PET0     ATM-TO-OCN: InitializeIPDv05p5 extro.
20260506 011024.012 INFO             PET0     OCN-TO-ATM: InitializeIPDv05p5 intro.
20260506 011024.013 INFO             PET0     OCN-TO-ATM: InitializeIPDv05p5 extro.
20260506 011024.013 INFO             PET0     esm: IInitRealize intro.
20260506 011024.013 INFO             PET0       esm: IInitRealize intro {IS}:--- StateLog() start -----------------
20260506 011024.013 INFO             PET0       esm: IInitRealize intro {IS}:State object is invalid! Not created or deleted!
20260506 011024.013 INFO             PET0       esm: IInitRealize intro {IS}:--- StateLog() end -------------------
20260506 011024.013 INFO             PET0       esm: IInitRealize intro {ES}:--- StateLog() start -----------------
20260506 011024.013 INFO             PET0       esm: IInitRealize intro {ES}:State object is invalid! Not created or deleted!
20260506 011024.013 INFO             PET0       esm: IInitRealize intro {ES}:--- StateLog() end -------------------
20260506 011024.013 INFO             PET0       >>>esm: entered Initialize (phase=<none>) with current time: 2010  6  1  0  0  0   0
20260506 011024.013 INFO             PET0       <<<esm: leaving Initialize (phase=<none>) with current time: 2010  6  1  0  0  0   0
20260506 011024.013 INFO             PET0       esm: IInitRealize extro {IS}:--- StateLog() start -----------------
20260506 011024.013 INFO             PET0       esm: IInitRealize extro {IS}:State object is invalid! Not created or deleted!
20260506 011024.013 INFO             PET0       esm: IInitRealize extro {IS}:--- StateLog() end -------------------
20260506 011024.013 INFO             PET0       esm: IInitRealize extro {ES}:--- StateLog() start -----------------
20260506 011024.013 INFO             PET0       esm: IInitRealize extro {ES}:State object is invalid! Not created or deleted!
20260506 011024.013 INFO             PET0       esm: IInitRealize extro {ES}:--- StateLog() end -------------------
20260506 011024.013 INFO             PET0     esm: IInitRealize extro.
20260506 011024.013 INFO             PET0     ATM-TO-OCN: InitializeIPDv05p6a intro.
20260506 011024.013 INFO             PET0     ATM-TO-OCN: InitializeIPDv05p6a extro.
20260506 011024.013 INFO             PET0     OCN-TO-ATM: InitializeIPDv05p6a intro.
20260506 011024.013 INFO             PET0     OCN-TO-ATM: InitializeIPDv05p6a extro.
20260506 011024.014 INFO             PET0     ATM-TO-OCN: InitializeIPDv05p6b intro.
20260506 011024.054 INFO             PET0     ATM-TO-OCN: InitializeIPDv05p6b extro.
20260506 011024.054 INFO             PET0     OCN-TO-ATM: InitializeIPDv05p6b intro.
20260506 011024.091 INFO             PET0     OCN-TO-ATM: InitializeIPDv05p6b extro.
20260506 011024.092 INFO             PET0     atmA: InitializeIPDvXp07 intro.
20260506 011024.092 INFO             PET0     atmA: InitializeIPDvXp07 extro.
20260506 011024.092 INFO             PET0     ocnB: InitializeIPDvXp07 intro.
20260506 011024.092 INFO             PET0     ocnB: InitializeIPDvXp07 extro.
20260506 011024.092 INFO             PET0     <<<esm: leaving Initialize (phase=<none>) with current time: 2010  6  1  0  0  0   0
20260506 011024.092 INFO             PET0     esm: InitializeIPDv02p3 extro {IS}:--- StateLog() start -----------------
20260506 011024.092 INFO             PET0     esm: InitializeIPDv02p3 extro {IS}:State object is invalid! Not created or deleted!
20260506 011024.092 INFO             PET0     esm: InitializeIPDv02p3 extro {IS}:--- StateLog() end -------------------
20260506 011024.092 INFO             PET0     esm: InitializeIPDv02p3 extro {ES}:--- StateLog() start -----------------
20260506 011024.092 INFO             PET0     esm: InitializeIPDv02p3 extro {ES}:State object is invalid! Not created or deleted!
20260506 011024.092 INFO             PET0     esm: InitializeIPDv02p3 extro {ES}:--- StateLog() end -------------------
20260506 011024.092 INFO             PET0   esm: InitializeIPDv02p3 extro.
20260506 011024.092 INFO             PET0   esm: InitializeIPDv02p5 intro.
20260506 011024.092 INFO             PET0     esm: InitializeIPDv02p5 intro {IS}:--- StateLog() start -----------------
20260506 011024.092 INFO             PET0     esm: InitializeIPDv02p5 intro {IS}:State object is invalid! Not created or deleted!
20260506 011024.092 INFO             PET0     esm: InitializeIPDv02p5 intro {IS}:--- StateLog() end -------------------
20260506 011024.092 INFO             PET0     esm: InitializeIPDv02p5 intro {ES}:--- StateLog() start -----------------
20260506 011024.092 INFO             PET0     esm: InitializeIPDv02p5 intro {ES}:State object is invalid! Not created or deleted!
20260506 011024.092 INFO             PET0     esm: InitializeIPDv02p5 intro {ES}:--- StateLog() end -------------------
20260506 011024.092 INFO             PET0     >>>esm: entered Initialize (phase=<none>) with current time: 2010  6  1  0  0  0   0
20260506 011024.092 INFO             PET0     esm: this is a top level driver, no 'Updated' and 'InitializeDataComplete' info on this level.
20260506 011024.092 INFO             PET0     esm: InitializeIPDv02p5Data intro.
20260506 011024.092 INFO             PET0       esm: InitializeIPDv02p5Data intro {IS}:--- StateLog() start -----------------
20260506 011024.092 INFO             PET0       esm: InitializeIPDv02p5Data intro {IS}:State object is invalid! Not created or deleted!
20260506 011024.092 INFO             PET0       esm: InitializeIPDv02p5Data intro {IS}:--- StateLog() end -------------------
20260506 011024.092 INFO             PET0       esm: InitializeIPDv02p5Data intro {ES}:--- StateLog() start -----------------
20260506 011024.092 INFO             PET0       esm: InitializeIPDv02p5Data intro {ES}:State object is invalid! Not created or deleted!
20260506 011024.092 INFO             PET0       esm: InitializeIPDv02p5Data intro {ES}:--- StateLog() end -------------------
20260506 011024.092 INFO             PET0       >>>esm: entered Initialize (phase=<none>) with current time: 2010  6  1  0  0  0   0
20260506 011024.092 INFO             PET0       esm: InternalInitializeComplete intro.
20260506 011024.092 INFO             PET0         esm: InternalInitializeComplete intro {IS}:--- StateLog() start -----------------
20260506 011024.092 INFO             PET0         esm: InternalInitializeComplete intro {IS}:State object is invalid! Not created or deleted!
20260506 011024.092 INFO             PET0         esm: InternalInitializeComplete intro {IS}:--- StateLog() end -------------------
20260506 011024.092 INFO             PET0         esm: InternalInitializeComplete intro {ES}:--- StateLog() start -----------------
20260506 011024.092 INFO             PET0         esm: InternalInitializeComplete intro {ES}:State object is invalid! Not created or deleted!
20260506 011024.092 INFO             PET0         esm: InternalInitializeComplete intro {ES}:--- StateLog() end -------------------
20260506 011024.093 INFO             PET0         >>>esm: entered Initialize (phase=<none>) with current time: 2010  6  1  0  0  0   0
20260506 011024.093 INFO             PET0         esm: InitializeDataComplete='true'
20260506 011024.093 INFO             PET0         <<<esm: leaving Initialize (phase=<none>) with current time: 2010  6  1  0  0  0   0
20260506 011024.093 INFO             PET0         esm: InternalInitializeComplete extro {IS}:--- StateLog() start -----------------
20260506 011024.093 INFO             PET0         esm: InternalInitializeComplete extro {IS}:State object is invalid! Not created or deleted!
20260506 011024.093 INFO             PET0         esm: InternalInitializeComplete extro {IS}:--- StateLog() end -------------------
20260506 011024.093 INFO             PET0         esm: InternalInitializeComplete extro {ES}:--- StateLog() start -----------------
20260506 011024.093 INFO             PET0         esm: InternalInitializeComplete extro {ES}:State object is invalid! Not created or deleted!
20260506 011024.093 INFO             PET0         esm: InternalInitializeComplete extro {ES}:--- StateLog() end -------------------
20260506 011024.093 INFO             PET0       esm: InternalInitializeComplete extro.
20260506 011024.093 INFO             PET0       atmA: InitializeIPDv01p5 intro.
20260506 011024.093 INFO             PET0       atmA: InitializeIPDv01p5 extro.
20260506 011024.093 INFO             PET0       ocnB: InitializeIPDv01p5 intro.
20260506 011024.093 INFO             PET0       ocnB: InitializeIPDv01p5 extro.
20260506 011024.094 INFO             PET0       esm: components present that trigger loopDataDependentInitialize().
20260506 011024.094 INFO             PET0       esm: loopDataDependentInitialize intro.
20260506 011024.094 INFO             PET0         esm: loopDataDependentInitialize intro {IS}:--- StateLog() start -----------------
20260506 011024.094 INFO             PET0         esm: loopDataDependentInitialize intro {IS}:State object is invalid! Not created or deleted!
20260506 011024.094 INFO             PET0         esm: loopDataDependentInitialize intro {IS}:--- StateLog() end -------------------
20260506 011024.094 INFO             PET0         esm: loopDataDependentInitialize intro {ES}:--- StateLog() start -----------------
20260506 011024.094 INFO             PET0         esm: loopDataDependentInitialize intro {ES}:State object is invalid! Not created or deleted!
20260506 011024.094 INFO             PET0         esm: loopDataDependentInitialize intro {ES}:--- StateLog() end -------------------
20260506 011024.095 INFO             PET0         >>>esm: entered Initialize (phase=<none>) with current time: 2010  6  1  0  0  0   0
20260506 011024.095 INFO             PET0         esm: component    0=esm, dataComplete (local): true
20260506 011024.095 INFO             PET0         esm: component    0=esm, dataComplete (global):  T
20260506 011024.095 INFO             PET0         esm: component    1=atmA, dataComplete (local): true
20260506 011024.095 INFO             PET0         esm: component    1=atmA, dataComplete (global):  T
20260506 011024.095 INFO             PET0         esm: component    2=ocnB, dataComplete (local): true
20260506 011024.095 INFO             PET0         esm: component    2=ocnB, dataComplete (global):  T
20260506 011024.095 INFO             PET0         esm: someProgress= F, allComplete= T, present(dataDepAllComplete)= T
20260506 011024.095 INFO             PET0         esm: finished resolving initialize data dependencies on this level.
20260506 011024.095 INFO             PET0         <<<esm: leaving Initialize (phase=<none>) with current time: 2010  6  1  0  0  0   0
20260506 011024.095 INFO             PET0         esm: loopDataDependentInitialize extro {IS}:--- StateLog() start -----------------
20260506 011024.095 INFO             PET0         esm: loopDataDependentInitialize extro {IS}:State object is invalid! Not created or deleted!
20260506 011024.095 INFO             PET0         esm: loopDataDependentInitialize extro {IS}:--- StateLog() end -------------------
20260506 011024.095 INFO             PET0         esm: loopDataDependentInitialize extro {ES}:--- StateLog() start -----------------
20260506 011024.095 INFO             PET0         esm: loopDataDependentInitialize extro {ES}:State object is invalid! Not created or deleted!
20260506 011024.095 INFO             PET0         esm: loopDataDependentInitialize extro {ES}:--- StateLog() end -------------------
20260506 011024.095 INFO             PET0       esm: loopDataDependentInitialize extro.
20260506 011024.095 INFO             PET0       esm: loopDataDependentInitialize() returned with dataDepAllComplete:  T
20260506 011024.095 INFO             PET0       <<<esm: leaving Initialize (phase=<none>) with current time: 2010  6  1  0  0  0   0
20260506 011024.095 INFO             PET0       esm: InitializeIPDv02p5Data extro {IS}:--- StateLog() start -----------------
20260506 011024.095 INFO             PET0       esm: InitializeIPDv02p5Data extro {IS}:State object is invalid! Not created or deleted!
20260506 011024.095 INFO             PET0       esm: InitializeIPDv02p5Data extro {IS}:--- StateLog() end -------------------
20260506 011024.095 INFO             PET0       esm: InitializeIPDv02p5Data extro {ES}:--- StateLog() start -----------------
20260506 011024.095 INFO             PET0       esm: InitializeIPDv02p5Data extro {ES}:State object is invalid! Not created or deleted!
20260506 011024.095 INFO             PET0       esm: InitializeIPDv02p5Data extro {ES}:--- StateLog() end -------------------
20260506 011024.095 INFO             PET0     esm: InitializeIPDv02p5Data extro.
20260506 011024.095 INFO             PET0     <<<esm: leaving Initialize (phase=<none>) with current time: 2010  6  1  0  0  0   0
20260506 011024.095 INFO             PET0     esm: InitializeIPDv02p5 extro {IS}:--- StateLog() start -----------------
20260506 011024.095 INFO             PET0     esm: InitializeIPDv02p5 extro {IS}:State object is invalid! Not created or deleted!
20260506 011024.095 INFO             PET0     esm: InitializeIPDv02p5 extro {IS}:--- StateLog() end -------------------
20260506 011024.095 INFO             PET0     esm: InitializeIPDv02p5 extro {ES}:--- StateLog() start -----------------
20260506 011024.095 INFO             PET0     esm: InitializeIPDv02p5 extro {ES}:State object is invalid! Not created or deleted!
20260506 011024.095 INFO             PET0     esm: InitializeIPDv02p5 extro {ES}:--- StateLog() end -------------------
20260506 011024.095 INFO             PET0   esm: InitializeIPDv02p5 extro.
20260506 011024.095 INFO             PET0   <<<esm: leaving Initialize (phase=<none>) with current time: 2010  6  1  0  0  0   0
20260506 011024.095 INFO             PET0   esm: InitializeGeneric extro {IS}:--- StateLog() start -----------------
20260506 011024.095 INFO             PET0   esm: InitializeGeneric extro {IS}:State object is invalid! Not created or deleted!
20260506 011024.095 INFO             PET0   esm: InitializeGeneric extro {IS}:--- StateLog() end -------------------
20260506 011024.095 INFO             PET0   esm: InitializeGeneric extro {ES}:--- StateLog() start -----------------
20260506 011024.095 INFO             PET0   esm: InitializeGeneric extro {ES}:State object is invalid! Not created or deleted!
20260506 011024.095 INFO             PET0   esm: InitializeGeneric extro {ES}:--- StateLog() end -------------------
20260506 011024.095 INFO             PET0 esm: InitializeGeneric extro.
20260506 011024.095 INFO             PET0 esm: Run intro.
20260506 011024.095 INFO             PET0   esm: Run intro {IS}:--- StateLog() start -----------------
20260506 011024.095 INFO             PET0   esm: Run intro {IS}:State object is invalid! Not created or deleted!
20260506 011024.095 INFO             PET0   esm: Run intro {IS}:--- StateLog() end -------------------
20260506 011024.095 INFO             PET0   esm: Run intro {ES}:--- StateLog() start -----------------
20260506 011024.095 INFO             PET0   esm: Run intro {ES}:State object is invalid! Not created or deleted!
20260506 011024.095 INFO             PET0   esm: Run intro {ES}:--- StateLog() end -------------------
20260506 011024.095 INFO             PET0   >>>esm: entered Run (phase=RunPhase1) with current time: 2010  6  1  0  0  0   0
20260506 011024.095 INFO             PET0   esm: after lable_SetRunClock, current time: 2010  6  1  0  0  0   0
20260506 011024.095 INFO             PET0   esm: begin -------> RunSequence.
20260506 011024.095 INFO             PET0     esm: RunSequence event loopLevel=   1  levelMember=   1  loopIteration=   1, current time: 2010  6  1  0  0  0   0
20260506 011024.095 INFO             PET0     ATM-TO-OCN: Run intro.
20260506 011024.096 INFO             PET0     ATM-TO-OCN: Run extro.
20260506 011024.096 INFO             PET0     OCN-TO-ATM: Run intro.
20260506 011024.096 INFO             PET0     OCN-TO-ATM: Run extro.
20260506 011024.096 INFO             PET0     atmA: Run intro.
20260506 011024.096 INFO             PET0       ------>Advancing ATM from: 2010  6  1  0  0  0   0
20260506 011024.096 INFO             PET0       ---------------------> to: 2010  6  1  0 15  0   0
20260506 011024.096 INFO             PET0     atmA: Run extro.
20260506 011024.097 INFO             PET0     ocnB: Run intro.
20260506 011024.097 INFO             PET0       ------>Advancing OCN from: 2010  6  1  0  0  0   0
20260506 011024.097 INFO             PET0       ---------------------> to: 2010  6  1  0  5  0   0
20260506 011024.097 INFO             PET0       ------>Advancing OCN from: 2010  6  1  0  5  0   0
20260506 011024.097 INFO             PET0       ---------------------> to: 2010  6  1  0 10  0   0
20260506 011024.097 INFO             PET0       ------>Advancing OCN from: 2010  6  1  0 10  0   0
20260506 011024.097 INFO             PET0       ---------------------> to: 2010  6  1  0 15  0   0
20260506 011024.097 INFO             PET0     ocnB: Run extro.
20260506 011024.097 INFO             PET0     esm: RunSequence event loopLevel=   1  levelMember=   1  loopIteration=   2, current time: 2010  6  1  0 15  0   0
20260506 011024.097 INFO             PET0     ATM-TO-OCN: Run intro.
20260506 011024.097 INFO             PET0     ATM-TO-OCN: Run extro.
20260506 011024.097 INFO             PET0     OCN-TO-ATM: Run intro.
20260506 011024.097 INFO             PET0     OCN-TO-ATM: Run extro.
20260506 011024.097 INFO             PET0     atmA: Run intro.
20260506 011024.098 INFO             PET0       ------>Advancing ATM from: 2010  6  1  0 15  0   0
20260506 011024.098 INFO             PET0       ---------------------> to: 2010  6  1  0 30  0   0
20260506 011024.098 INFO             PET0     atmA: Run extro.
20260506 011024.098 INFO             PET0     ocnB: Run intro.
20260506 011024.098 INFO             PET0       ------>Advancing OCN from: 2010  6  1  0 15  0   0
20260506 011024.098 INFO             PET0       ---------------------> to: 2010  6  1  0 20  0   0
20260506 011024.098 INFO             PET0       ------>Advancing OCN from: 2010  6  1  0 20  0   0
20260506 011024.098 INFO             PET0       ---------------------> to: 2010  6  1  0 25  0   0
20260506 011024.098 INFO             PET0       ------>Advancing OCN from: 2010  6  1  0 25  0   0
20260506 011024.098 INFO             PET0       ---------------------> to: 2010  6  1  0 30  0   0
20260506 011024.098 INFO             PET0     ocnB: Run extro.
20260506 011024.098 INFO             PET0     esm: RunSequence event loopLevel=   1  levelMember=   1  loopIteration=   3, current time: 2010  6  1  0 30  0   0
20260506 011024.098 INFO             PET0     ATM-TO-OCN: Run intro.
20260506 011024.098 INFO             PET0     ATM-TO-OCN: Run extro.
20260506 011024.098 INFO             PET0     OCN-TO-ATM: Run intro.
20260506 011024.099 INFO             PET0     OCN-TO-ATM: Run extro.
20260506 011024.099 INFO             PET0     atmA: Run intro.
20260506 011024.099 INFO             PET0       ------>Advancing ATM from: 2010  6  1  0 30  0   0
20260506 011024.099 INFO             PET0       ---------------------> to: 2010  6  1  0 45  0   0
20260506 011024.099 INFO             PET0     atmA: Run extro.
20260506 011024.099 INFO             PET0     ocnB: Run intro.
20260506 011024.099 INFO             PET0       ------>Advancing OCN from: 2010  6  1  0 30  0   0
20260506 011024.099 INFO             PET0       ---------------------> to: 2010  6  1  0 35  0   0
20260506 011024.099 INFO             PET0       ------>Advancing OCN from: 2010  6  1  0 35  0   0
20260506 011024.099 INFO             PET0       ---------------------> to: 2010  6  1  0 40  0   0
20260506 011024.099 INFO             PET0       ------>Advancing OCN from: 2010  6  1  0 40  0   0
20260506 011024.099 INFO             PET0       ---------------------> to: 2010  6  1  0 45  0   0
20260506 011024.099 INFO             PET0     ocnB: Run extro.
20260506 011024.099 INFO             PET0     esm: RunSequence event loopLevel=   1  levelMember=   1  loopIteration=   4, current time: 2010  6  1  0 45  0   0
20260506 011024.099 INFO             PET0     ATM-TO-OCN: Run intro.
20260506 011024.099 INFO             PET0     ATM-TO-OCN: Run extro.
20260506 011024.099 INFO             PET0     OCN-TO-ATM: Run intro.
20260506 011024.100 INFO             PET0     OCN-TO-ATM: Run extro.
20260506 011024.100 INFO             PET0     atmA: Run intro.
20260506 011024.100 INFO             PET0       ------>Advancing ATM from: 2010  6  1  0 45  0   0
20260506 011024.100 INFO             PET0       ---------------------> to: 2010  6  1  1  0  0   0
20260506 011024.100 INFO             PET0     atmA: Run extro.
20260506 011024.100 INFO             PET0     ocnB: Run intro.
20260506 011024.100 INFO             PET0       ------>Advancing OCN from: 2010  6  1  0 45  0   0
20260506 011024.100 INFO             PET0       ---------------------> to: 2010  6  1  0 50  0   0
20260506 011024.100 INFO             PET0       ------>Advancing OCN from: 2010  6  1  0 50  0   0
20260506 011024.100 INFO             PET0       ---------------------> to: 2010  6  1  0 55  0   0
20260506 011024.100 INFO             PET0       ------>Advancing OCN from: 2010  6  1  0 55  0   0
20260506 011024.100 INFO             PET0       ---------------------> to: 2010  6  1  1  0  0   0
20260506 011024.100 INFO             PET0     ocnB: Run extro.
20260506 011024.100 INFO             PET0   esm: end <--------- RunSequence
20260506 011024.100 INFO             PET0   <<<esm: leaving Run (phase=RunPhase1) with current time: 2010  6  1  1  0  0   0
20260506 011024.100 INFO             PET0   esm: Run extro {IS}:--- StateLog() start -----------------
20260506 011024.100 INFO             PET0   esm: Run extro {IS}:State object is invalid! Not created or deleted!
20260506 011024.100 INFO             PET0   esm: Run extro {IS}:--- StateLog() end -------------------
20260506 011024.100 INFO             PET0   esm: Run extro {ES}:--- StateLog() start -----------------
20260506 011024.100 INFO             PET0   esm: Run extro {ES}:State object is invalid! Not created or deleted!
20260506 011024.100 INFO             PET0   esm: Run extro {ES}:--- StateLog() end -------------------
20260506 011024.100 INFO             PET0 esm: Run extro.
20260506 011024.100 INFO             PET0 esm: Finalize intro.
20260506 011024.100 INFO             PET0   esm: Finalize intro {IS}:--- StateLog() start -----------------
20260506 011024.100 INFO             PET0   esm: Finalize intro {IS}:State object is invalid! Not created or deleted!
20260506 011024.100 INFO             PET0   esm: Finalize intro {IS}:--- StateLog() end -------------------
20260506 011024.100 INFO             PET0   esm: Finalize intro {ES}:--- StateLog() start -----------------
20260506 011024.100 INFO             PET0   esm: Finalize intro {ES}:State object is invalid! Not created or deleted!
20260506 011024.100 INFO             PET0   esm: Finalize intro {ES}:--- StateLog() end -------------------
20260506 011024.100 INFO             PET0   >>>esm: entered Finalize (phase=FinalizePhase1) with current time: 2010  6  1  1  0  0   0
20260506 011024.100 INFO             PET0   Calling Finalize phase 1 for connectorComp: ATM-TO-OCN
20260506 011024.100 INFO             PET0   ATM-TO-OCN: Finalize intro.
20260506 011024.101 INFO             PET0   ATM-TO-OCN: Finalize extro.
20260506 011024.101 INFO             PET0   Calling Finalize phase 1 for connectorComp: OCN-TO-ATM
20260506 011024.101 INFO             PET0   OCN-TO-ATM: Finalize intro.
20260506 011024.101 INFO             PET0   OCN-TO-ATM: Finalize extro.
20260506 011024.101 INFO             PET0   Calling Finalize phase 1 for modelComp: atmA
20260506 011024.101 INFO             PET0   atmA: Finalize intro.
20260506 011024.101 INFO             PET0   atmA: Finalize extro.
20260506 011024.101 INFO             PET0   Calling Finalize phase 1 for modelComp: ocnB
20260506 011024.101 INFO             PET0   ocnB: Finalize intro.
20260506 011024.101 INFO             PET0   ocnB: Finalize extro.
20260506 011024.101 INFO             PET0   Delete modelComp: atmA
20260506 011024.101 INFO             PET0   Delete Import-/Export State for modelComp: atmA
20260506 011024.101 INFO             PET0   Delete modelComp: ocnB
20260506 011024.101 INFO             PET0   Delete Import-/Export State for modelComp: ocnB
20260506 011024.101 INFO             PET0   Delete connectorComp: ATM-TO-OCN
20260506 011024.101 INFO             PET0   Delete connectorComp: OCN-TO-ATM
20260506 011024.101 INFO             PET0   <<<esm: leaving Finalize (phase=FinalizePhase1) with current time: 2010  6  1  1  0  0   0
20260506 011024.101 INFO             PET0 esm: Finalize extro.
20260506 011024.101 INFO             PET0 esmApp FINISHED
20260506 011024.101 INFO             PET0  Finalizing ESMF
20260506 011015.213 INFO             PET1 !!!!!!!!!!!!!!!!!!!!!!!!!!!!!!!!!!!!!!!!!!!!!!!!!!!!!!
20260506 011015.213 INFO             PET1 !!! THE ESMF_LOG IS SET TO OUTPUT ALL LOG MESSAGES !!!
20260506 011015.213 INFO             PET1 !!!     THIS MAY CAUSE SLOWDOWN IN PERFORMANCE     !!!
20260506 011015.213 INFO             PET1 !!! FOR PRODUCTION RUNS, USE:                      !!!
20260506 011015.214 INFO             PET1 !!!                   ESMF_LOGKIND_Multi_On_Error  !!!
20260506 011015.214 INFO             PET1 !!!!!!!!!!!!!!!!!!!!!!!!!!!!!!!!!!!!!!!!!!!!!!!!!!!!!!
20260506 011015.214 INFO             PET1 Running with ESMF Version   : develop+g0ae3009ebf
20260506 011015.214 INFO             PET1 ESMF library build date/time: "May  6 2026" "00:44:24"
20260506 011015.214 INFO             PET1 ESMF library build location : /home/gerhard/ESMF-Nightly-Testing/gfortran_7.4.0_mpich_g_develop/esmf
20260506 011015.214 INFO             PET1 ESMF_COMM                   : mpich
20260506 011015.214 INFO             PET1 ESMF_MOAB                   : enabled
20260506 011015.214 INFO             PET1 ESMF_LAPACK                 : enabled
20260506 011015.214 INFO             PET1 ESMF_NETCDF                 : enabled
20260506 011015.214 INFO             PET1 ESMF_PNETCDF                : disabled
20260506 011015.214 INFO             PET1 ESMF_PIO                    : enabled
20260506 011015.214 INFO             PET1 ESMF_YAMLCPP                : enabled
20260506 011015.214 INFO             PET1 esmApp STARTING
20260506 011015.218 INFO             PET1 esm: InitializeGeneric intro.
20260506 011015.218 INFO             PET1   esm: InitializeGeneric intro {IS}:--- StateLog() start -----------------
20260506 011015.218 INFO             PET1   esm: InitializeGeneric intro {IS}:State object is invalid! Not created or deleted!
20260506 011015.218 INFO             PET1   esm: InitializeGeneric intro {IS}:--- StateLog() end -------------------
20260506 011015.218 INFO             PET1   esm: InitializeGeneric intro {ES}:--- StateLog() start -----------------
20260506 011015.218 INFO             PET1   esm: InitializeGeneric intro {ES}:State object is invalid! Not created or deleted!
20260506 011015.218 INFO             PET1   esm: InitializeGeneric intro {ES}:--- StateLog() end -------------------
20260506 011015.218 INFO             PET1   >>>esm: entered Initialize (phase=<none>) without valid internal Clock.
20260506 011015.218 INFO             PET1   esm: InitializeP0 intro.
20260506 011015.218 INFO             PET1     esm: InitializeP0 intro {IS}:--- StateLog() start -----------------
20260506 011015.218 INFO             PET1     esm: InitializeP0 intro {IS}:State object is invalid! Not created or deleted!
20260506 011015.218 INFO             PET1     esm: InitializeP0 intro {IS}:--- StateLog() end -------------------
20260506 011015.218 INFO             PET1     esm: InitializeP0 intro {ES}:--- StateLog() start -----------------
20260506 011015.218 INFO             PET1     esm: InitializeP0 intro {ES}:State object is invalid! Not created or deleted!
20260506 011015.218 INFO             PET1     esm: InitializeP0 intro {ES}:--- StateLog() end -------------------
20260506 011015.219 INFO             PET1     >>>esm: entered Initialize (phase=<none>) without valid internal Clock.
20260506 011015.219 INFO             PET1     <<<esm: leaving Initialize (phase=<none>) without valid internal Clock.
20260506 011015.219 INFO             PET1     esm: InitializeP0 extro {IS}:--- StateLog() start -----------------
20260506 011015.219 INFO             PET1     esm: InitializeP0 extro {IS}:State object is invalid! Not created or deleted!
20260506 011015.219 INFO             PET1     esm: InitializeP0 extro {IS}:--- StateLog() end -------------------
20260506 011015.219 INFO             PET1     esm: InitializeP0 extro {ES}:--- StateLog() start -----------------
20260506 011015.219 INFO             PET1     esm: InitializeP0 extro {ES}:State object is invalid! Not created or deleted!
20260506 011015.219 INFO             PET1     esm: InitializeP0 extro {ES}:--- StateLog() end -------------------
20260506 011015.219 INFO             PET1   esm: InitializeP0 extro.
20260506 011015.219 INFO             PET1   esm: InitializeIPDv02p1 intro.
20260506 011015.219 INFO             PET1     esm: InitializeIPDv02p1 intro {IS}:--- StateLog() start -----------------
20260506 011015.219 INFO             PET1     esm: InitializeIPDv02p1 intro {IS}:State object is invalid! Not created or deleted!
20260506 011015.219 INFO             PET1     esm: InitializeIPDv02p1 intro {IS}:--- StateLog() end -------------------
20260506 011015.219 INFO             PET1     esm: InitializeIPDv02p1 intro {ES}:--- StateLog() start -----------------
20260506 011015.219 INFO             PET1     esm: InitializeIPDv02p1 intro {ES}:State object is invalid! Not created or deleted!
20260506 011015.219 INFO             PET1     esm: InitializeIPDv02p1 intro {ES}:--- StateLog() end -------------------
20260506 011015.219 INFO             PET1     >>>esm: entered Initialize (phase=<none>) without valid internal Clock.
20260506 011015.223 INFO             PET1     esm - Creating model component ATM without petList.
20260506 011015.227 INFO             PET1     esm - Creating model component OCN without petList.
20260506 011015.229 INFO             PET1     esm - Creating connector component ATM-TO-OCN without petList.
20260506 011015.234 INFO             PET1     esm - Creating connector component OCN-TO-ATM without petList.
20260506 011015.240 INFO             PET1     esm - Creating state: modelComp 1 Import State
20260506 011015.240 INFO             PET1     esm - Creating state: modelComp 1 Export State
20260506 011015.241 INFO             PET1     esm - Creating state: modelComp 2 Import State
20260506 011015.241 INFO             PET1     esm - Creating state: modelComp 2 Export State
20260506 011015.242 INFO             PET1     ATM: InitializeP0 intro.
20260506 011015.242 INFO             PET1     ATM: InitializeP0 extro.
20260506 011015.243 INFO             PET1     OCN: InitializeP0 intro.
20260506 011015.243 INFO             PET1     OCN: InitializeP0 extro.
20260506 011015.251 INFO             PET1     ATM-TO-OCN: InitializeP0 intro.
20260506 011015.251 INFO             PET1     ATM-TO-OCN: InitializeP0 extro.
20260506 011015.252 INFO             PET1     OCN-TO-ATM: InitializeP0 intro.
20260506 011015.253 INFO             PET1     OCN-TO-ATM: InitializeP0 extro.
20260506 011015.254 INFO             PET1     esm: IInitAdvertise intro.
20260506 011015.254 INFO             PET1       esm: IInitAdvertise intro {IS}:--- StateLog() start -----------------
20260506 011015.254 INFO             PET1       esm: IInitAdvertise intro {IS}:State object is invalid! Not created or deleted!
20260506 011015.254 INFO             PET1       esm: IInitAdvertise intro {IS}:--- StateLog() end -------------------
20260506 011015.254 INFO             PET1       esm: IInitAdvertise intro {ES}:--- StateLog() start -----------------
20260506 011015.254 INFO             PET1       esm: IInitAdvertise intro {ES}:State object is invalid! Not created or deleted!
20260506 011015.254 INFO             PET1       esm: IInitAdvertise intro {ES}:--- StateLog() end -------------------
20260506 011015.254 INFO             PET1       >>>esm: entered Initialize (phase=<none>) with current time: 2010  6  1  0  0  0   0
20260506 011015.255 INFO             PET1       <<<esm: leaving Initialize (phase=<none>) with current time: 2010  6  1  0  0  0   0
20260506 011015.255 INFO             PET1       esm: IInitAdvertise extro {IS}:--- StateLog() start -----------------
20260506 011015.255 INFO             PET1       esm: IInitAdvertise extro {IS}:State object is invalid! Not created or deleted!
20260506 011015.255 INFO             PET1       esm: IInitAdvertise extro {IS}:--- StateLog() end -------------------
20260506 011015.255 INFO             PET1       esm: IInitAdvertise extro {ES}:--- StateLog() start -----------------
20260506 011015.255 INFO             PET1       esm: IInitAdvertise extro {ES}:State object is invalid! Not created or deleted!
20260506 011015.255 INFO             PET1       esm: IInitAdvertise extro {ES}:--- StateLog() end -------------------
20260506 011015.255 INFO             PET1     esm: IInitAdvertise extro.
20260506 011015.255 INFO             PET1     ATM: InitializeIPDvXp01 intro.
20260506 011015.256 INFO             PET1     ATM: InitializeIPDvXp01 extro.
20260506 011015.257 INFO             PET1     OCN: InitializeIPDvXp01 intro.
20260506 011015.258 INFO             PET1     OCN: InitializeIPDvXp01 extro.
20260506 011015.263 INFO             PET1     ATM-TO-OCN: InitializeIPDv05p1 intro.
20260506 011015.264 INFO             PET1     ATM-TO-OCN: InitializeIPDv05p1 extro.
20260506 011015.264 INFO             PET1     OCN-TO-ATM: InitializeIPDv05p1 intro.
20260506 011015.264 INFO             PET1     OCN-TO-ATM: InitializeIPDv05p1 extro.
20260506 011015.264 INFO             PET1     esm: IInitAdvertiseFinish intro.
20260506 011015.264 INFO             PET1       esm: IInitAdvertiseFinish intro {IS}:--- StateLog() start -----------------
20260506 011015.264 INFO             PET1       esm: IInitAdvertiseFinish intro {IS}:State object is invalid! Not created or deleted!
20260506 011015.264 INFO             PET1       esm: IInitAdvertiseFinish intro {IS}:--- StateLog() end -------------------
20260506 011015.264 INFO             PET1       esm: IInitAdvertiseFinish intro {ES}:--- StateLog() start -----------------
20260506 011015.264 INFO             PET1       esm: IInitAdvertiseFinish intro {ES}:State object is invalid! Not created or deleted!
20260506 011015.264 INFO             PET1       esm: IInitAdvertiseFinish intro {ES}:--- StateLog() end -------------------
20260506 011015.264 INFO             PET1       >>>esm: entered Initialize (phase=<none>) with current time: 2010  6  1  0  0  0   0
20260506 011015.265 INFO             PET1       <<<esm: leaving Initialize (phase=<none>) with current time: 2010  6  1  0  0  0   0
20260506 011015.265 INFO             PET1       esm: IInitAdvertiseFinish extro {IS}:--- StateLog() start -----------------
20260506 011015.265 INFO             PET1       esm: IInitAdvertiseFinish extro {IS}:State object is invalid! Not created or deleted!
20260506 011015.265 INFO             PET1       esm: IInitAdvertiseFinish extro {IS}:--- StateLog() end -------------------
20260506 011015.265 INFO             PET1       esm: IInitAdvertiseFinish extro {ES}:--- StateLog() start -----------------
20260506 011015.265 INFO             PET1       esm: IInitAdvertiseFinish extro {ES}:State object is invalid! Not created or deleted!
20260506 011015.265 INFO             PET1       esm: IInitAdvertiseFinish extro {ES}:--- StateLog() end -------------------
20260506 011015.265 INFO             PET1     esm: IInitAdvertiseFinish extro.
20260506 011015.265 INFO             PET1     ATM-TO-OCN: InitializeIPDv05p2a intro.
20260506 011015.265 INFO             PET1     ATM-TO-OCN: InitializeIPDv05p2a extro.
20260506 011015.265 INFO             PET1     OCN-TO-ATM: InitializeIPDv05p2a intro.
20260506 011015.266 INFO             PET1     OCN-TO-ATM: InitializeIPDv05p2a extro.
20260506 011015.266 INFO             PET1     ATM-TO-OCN: InitializeIPDv05p2b intro.
20260506 011015.266 INFO             PET1     ATM-TO-OCN: InitializeIPDv05p2b extro.
20260506 011015.266 INFO             PET1     OCN-TO-ATM: InitializeIPDv05p2b intro.
20260506 011015.267 INFO             PET1     OCN-TO-ATM: InitializeIPDv05p2b extro.
20260506 011015.267 INFO             PET1     esm: IInitModifyCplLists intro.
20260506 011015.267 INFO             PET1       esm: IInitModifyCplLists intro {IS}:--- StateLog() start -----------------
20260506 011015.267 INFO             PET1       esm: IInitModifyCplLists intro {IS}:State object is invalid! Not created or deleted!
20260506 011015.267 INFO             PET1       esm: IInitModifyCplLists intro {IS}:--- StateLog() end -------------------
20260506 011015.267 INFO             PET1       esm: IInitModifyCplLists intro {ES}:--- StateLog() start -----------------
20260506 011015.267 INFO             PET1       esm: IInitModifyCplLists intro {ES}:State object is invalid! Not created or deleted!
20260506 011015.267 INFO             PET1       esm: IInitModifyCplLists intro {ES}:--- StateLog() end -------------------
20260506 011015.267 INFO             PET1       >>>esm: entered Initialize (phase=<none>) with current time: 2010  6  1  0  0  0   0
20260506 011015.267 INFO             PET1       <<<esm: leaving Initialize (phase=<none>) with current time: 2010  6  1  0  0  0   0
20260506 011015.267 INFO             PET1       esm: IInitModifyCplLists extro {IS}:--- StateLog() start -----------------
20260506 011015.267 INFO             PET1       esm: IInitModifyCplLists extro {IS}:State object is invalid! Not created or deleted!
20260506 011015.267 INFO             PET1       esm: IInitModifyCplLists extro {IS}:--- StateLog() end -------------------
20260506 011015.267 INFO             PET1       esm: IInitModifyCplLists extro {ES}:--- StateLog() start -----------------
20260506 011015.267 INFO             PET1       esm: IInitModifyCplLists extro {ES}:State object is invalid! Not created or deleted!
20260506 011015.267 INFO             PET1       esm: IInitModifyCplLists extro {ES}:--- StateLog() end -------------------
20260506 011015.267 INFO             PET1     esm: IInitModifyCplLists extro.
20260506 011015.267 INFO             PET1     ATM-TO-OCN: InitializeIPDv05p3 intro.
20260506 011015.268 INFO             PET1     ATM-TO-OCN: InitializeIPDv05p3 extro.
20260506 011015.268 INFO             PET1     OCN-TO-ATM: InitializeIPDv05p3 intro.
20260506 011015.269 INFO             PET1     OCN-TO-ATM: InitializeIPDv05p3 extro.
20260506 011015.269 INFO             PET1     <<<esm: leaving Initialize (phase=<none>) with current time: 2010  6  1  0  0  0   0
20260506 011015.269 INFO             PET1     esm: InitializeIPDv02p1 extro {IS}:--- StateLog() start -----------------
20260506 011015.269 INFO             PET1     esm: InitializeIPDv02p1 extro {IS}:State object is invalid! Not created or deleted!
20260506 011015.269 INFO             PET1     esm: InitializeIPDv02p1 extro {IS}:--- StateLog() end -------------------
20260506 011015.269 INFO             PET1     esm: InitializeIPDv02p1 extro {ES}:--- StateLog() start -----------------
20260506 011015.269 INFO             PET1     esm: InitializeIPDv02p1 extro {ES}:State object is invalid! Not created or deleted!
20260506 011015.269 INFO             PET1     esm: InitializeIPDv02p1 extro {ES}:--- StateLog() end -------------------
20260506 011015.269 INFO             PET1   esm: InitializeIPDv02p1 extro.
20260506 011015.269 INFO             PET1   esm: InitializeIPDv02p3 intro.
20260506 011015.269 INFO             PET1     esm: InitializeIPDv02p3 intro {IS}:--- StateLog() start -----------------
20260506 011015.269 INFO             PET1     esm: InitializeIPDv02p3 intro {IS}:State object is invalid! Not created or deleted!
20260506 011015.269 INFO             PET1     esm: InitializeIPDv02p3 intro {IS}:--- StateLog() end -------------------
20260506 011015.269 INFO             PET1     esm: InitializeIPDv02p3 intro {ES}:--- StateLog() start -----------------
20260506 011015.269 INFO             PET1     esm: InitializeIPDv02p3 intro {ES}:State object is invalid! Not created or deleted!
20260506 011015.269 INFO             PET1     esm: InitializeIPDv02p3 intro {ES}:--- StateLog() end -------------------
20260506 011015.269 INFO             PET1     >>>esm: entered Initialize (phase=<none>) with current time: 2010  6  1  0  0  0   0
20260506 011015.270 INFO             PET1     esm: IInitCheck intro.
20260506 011015.270 INFO             PET1       esm: IInitCheck intro {IS}:--- StateLog() start -----------------
20260506 011015.270 INFO             PET1       esm: IInitCheck intro {IS}:State object is invalid! Not created or deleted!
20260506 011015.270 INFO             PET1       esm: IInitCheck intro {IS}:--- StateLog() end -------------------
20260506 011015.270 INFO             PET1       esm: IInitCheck intro {ES}:--- StateLog() start -----------------
20260506 011015.270 INFO             PET1       esm: IInitCheck intro {ES}:State object is invalid! Not created or deleted!
20260506 011015.270 INFO             PET1       esm: IInitCheck intro {ES}:--- StateLog() end -------------------
20260506 011015.270 INFO             PET1       >>>esm: entered Initialize (phase=<none>) with current time: 2010  6  1  0  0  0   0
20260506 011015.270 INFO             PET1       <<<esm: leaving Initialize (phase=<none>) with current time: 2010  6  1  0  0  0   0
20260506 011015.270 INFO             PET1       esm: IInitCheck extro {IS}:--- StateLog() start -----------------
20260506 011015.270 INFO             PET1       esm: IInitCheck extro {IS}:State object is invalid! Not created or deleted!
20260506 011015.270 INFO             PET1       esm: IInitCheck extro {IS}:--- StateLog() end -------------------
20260506 011015.270 INFO             PET1       esm: IInitCheck extro {ES}:--- StateLog() start -----------------
20260506 011015.270 INFO             PET1       esm: IInitCheck extro {ES}:State object is invalid! Not created or deleted!
20260506 011015.270 INFO             PET1       esm: IInitCheck extro {ES}:--- StateLog() end -------------------
20260506 011015.270 INFO             PET1     esm: IInitCheck extro.
20260506 011015.270 INFO             PET1     atmA: InitializeIPDvXp04 intro.
20260506 011015.273 INFO             PET1     atmA: InitializeIPDvXp04 extro.
20260506 011015.273 INFO             PET1     ocnA: InitializeIPDvXp04 intro.
20260506 011015.276 INFO             PET1     ocnA: InitializeIPDvXp04 extro.
20260506 011015.283 INFO             PET1     ATM-TO-OCN: InitializeIPDv05p4 intro.
20260506 011015.284 INFO             PET1     ATM-TO-OCN: InitializeIPDv05p4 extro.
20260506 011015.284 INFO             PET1     OCN-TO-ATM: InitializeIPDv05p4 intro.
20260506 011015.284 INFO             PET1     OCN-TO-ATM: InitializeIPDv05p4 extro.
20260506 011015.284 INFO             PET1     ATM-TO-OCN: InitializeIPDv05p5 intro.
20260506 011015.285 INFO             PET1     ATM-TO-OCN: InitializeIPDv05p5 extro.
20260506 011015.285 INFO             PET1     OCN-TO-ATM: InitializeIPDv05p5 intro.
20260506 011015.285 INFO             PET1     OCN-TO-ATM: InitializeIPDv05p5 extro.
20260506 011015.285 INFO             PET1     esm: IInitRealize intro.
20260506 011015.285 INFO             PET1       esm: IInitRealize intro {IS}:--- StateLog() start -----------------
20260506 011015.285 INFO             PET1       esm: IInitRealize intro {IS}:State object is invalid! Not created or deleted!
20260506 011015.285 INFO             PET1       esm: IInitRealize intro {IS}:--- StateLog() end -------------------
20260506 011015.285 INFO             PET1       esm: IInitRealize intro {ES}:--- StateLog() start -----------------
20260506 011015.285 INFO             PET1       esm: IInitRealize intro {ES}:State object is invalid! Not created or deleted!
20260506 011015.285 INFO             PET1       esm: IInitRealize intro {ES}:--- StateLog() end -------------------
20260506 011015.285 INFO             PET1       >>>esm: entered Initialize (phase=<none>) with current time: 2010  6  1  0  0  0   0
20260506 011015.285 INFO             PET1       <<<esm: leaving Initialize (phase=<none>) with current time: 2010  6  1  0  0  0   0
20260506 011015.285 INFO             PET1       esm: IInitRealize extro {IS}:--- StateLog() start -----------------
20260506 011015.285 INFO             PET1       esm: IInitRealize extro {IS}:State object is invalid! Not created or deleted!
20260506 011015.285 INFO             PET1       esm: IInitRealize extro {IS}:--- StateLog() end -------------------
20260506 011015.285 INFO             PET1       esm: IInitRealize extro {ES}:--- StateLog() start -----------------
20260506 011015.285 INFO             PET1       esm: IInitRealize extro {ES}:State object is invalid! Not created or deleted!
20260506 011015.285 INFO             PET1       esm: IInitRealize extro {ES}:--- StateLog() end -------------------
20260506 011015.285 INFO             PET1     esm: IInitRealize extro.
20260506 011015.285 INFO             PET1     ATM-TO-OCN: InitializeIPDv05p6a intro.
20260506 011015.285 INFO             PET1     ATM-TO-OCN: InitializeIPDv05p6a extro.
20260506 011015.286 INFO             PET1     OCN-TO-ATM: InitializeIPDv05p6a intro.
20260506 011015.286 INFO             PET1     OCN-TO-ATM: InitializeIPDv05p6a extro.
20260506 011015.286 INFO             PET1     ATM-TO-OCN: InitializeIPDv05p6b intro.
20260506 011015.328 INFO             PET1     ATM-TO-OCN: InitializeIPDv05p6b extro.
20260506 011015.328 INFO             PET1     OCN-TO-ATM: InitializeIPDv05p6b intro.
20260506 011015.367 INFO             PET1     OCN-TO-ATM: InitializeIPDv05p6b extro.
20260506 011015.367 INFO             PET1     atmA: InitializeIPDvXp07 intro.
20260506 011015.367 INFO             PET1     atmA: InitializeIPDvXp07 extro.
20260506 011015.367 INFO             PET1     ocnA: InitializeIPDvXp07 intro.
20260506 011015.367 INFO             PET1     ocnA: InitializeIPDvXp07 extro.
20260506 011015.367 INFO             PET1     <<<esm: leaving Initialize (phase=<none>) with current time: 2010  6  1  0  0  0   0
20260506 011015.367 INFO             PET1     esm: InitializeIPDv02p3 extro {IS}:--- StateLog() start -----------------
20260506 011015.367 INFO             PET1     esm: InitializeIPDv02p3 extro {IS}:State object is invalid! Not created or deleted!
20260506 011015.367 INFO             PET1     esm: InitializeIPDv02p3 extro {IS}:--- StateLog() end -------------------
20260506 011015.367 INFO             PET1     esm: InitializeIPDv02p3 extro {ES}:--- StateLog() start -----------------
20260506 011015.367 INFO             PET1     esm: InitializeIPDv02p3 extro {ES}:State object is invalid! Not created or deleted!
20260506 011015.367 INFO             PET1     esm: InitializeIPDv02p3 extro {ES}:--- StateLog() end -------------------
20260506 011015.367 INFO             PET1   esm: InitializeIPDv02p3 extro.
20260506 011015.368 INFO             PET1   esm: InitializeIPDv02p5 intro.
20260506 011015.368 INFO             PET1     esm: InitializeIPDv02p5 intro {IS}:--- StateLog() start -----------------
20260506 011015.368 INFO             PET1     esm: InitializeIPDv02p5 intro {IS}:State object is invalid! Not created or deleted!
20260506 011015.368 INFO             PET1     esm: InitializeIPDv02p5 intro {IS}:--- StateLog() end -------------------
20260506 011015.368 INFO             PET1     esm: InitializeIPDv02p5 intro {ES}:--- StateLog() start -----------------
20260506 011015.368 INFO             PET1     esm: InitializeIPDv02p5 intro {ES}:State object is invalid! Not created or deleted!
20260506 011015.368 INFO             PET1     esm: InitializeIPDv02p5 intro {ES}:--- StateLog() end -------------------
20260506 011015.368 INFO             PET1     >>>esm: entered Initialize (phase=<none>) with current time: 2010  6  1  0  0  0   0
20260506 011015.368 INFO             PET1     esm: this is a top level driver, no 'Updated' and 'InitializeDataComplete' info on this level.
20260506 011015.368 INFO             PET1     esm: InitializeIPDv02p5Data intro.
20260506 011015.368 INFO             PET1       esm: InitializeIPDv02p5Data intro {IS}:--- StateLog() start -----------------
20260506 011015.368 INFO             PET1       esm: InitializeIPDv02p5Data intro {IS}:State object is invalid! Not created or deleted!
20260506 011015.368 INFO             PET1       esm: InitializeIPDv02p5Data intro {IS}:--- StateLog() end -------------------
20260506 011015.368 INFO             PET1       esm: InitializeIPDv02p5Data intro {ES}:--- StateLog() start -----------------
20260506 011015.368 INFO             PET1       esm: InitializeIPDv02p5Data intro {ES}:State object is invalid! Not created or deleted!
20260506 011015.368 INFO             PET1       esm: InitializeIPDv02p5Data intro {ES}:--- StateLog() end -------------------
20260506 011015.368 INFO             PET1       >>>esm: entered Initialize (phase=<none>) with current time: 2010  6  1  0  0  0   0
20260506 011015.368 INFO             PET1       esm: InternalInitializeComplete intro.
20260506 011015.368 INFO             PET1         esm: InternalInitializeComplete intro {IS}:--- StateLog() start -----------------
20260506 011015.368 INFO             PET1         esm: InternalInitializeComplete intro {IS}:State object is invalid! Not created or deleted!
20260506 011015.368 INFO             PET1         esm: InternalInitializeComplete intro {IS}:--- StateLog() end -------------------
20260506 011015.368 INFO             PET1         esm: InternalInitializeComplete intro {ES}:--- StateLog() start -----------------
20260506 011015.368 INFO             PET1         esm: InternalInitializeComplete intro {ES}:State object is invalid! Not created or deleted!
20260506 011015.368 INFO             PET1         esm: InternalInitializeComplete intro {ES}:--- StateLog() end -------------------
20260506 011015.368 INFO             PET1         >>>esm: entered Initialize (phase=<none>) with current time: 2010  6  1  0  0  0   0
20260506 011015.368 INFO             PET1         esm: InitializeDataComplete='true'
20260506 011015.368 INFO             PET1         <<<esm: leaving Initialize (phase=<none>) with current time: 2010  6  1  0  0  0   0
20260506 011015.368 INFO             PET1         esm: InternalInitializeComplete extro {IS}:--- StateLog() start -----------------
20260506 011015.368 INFO             PET1         esm: InternalInitializeComplete extro {IS}:State object is invalid! Not created or deleted!
20260506 011015.368 INFO             PET1         esm: InternalInitializeComplete extro {IS}:--- StateLog() end -------------------
20260506 011015.368 INFO             PET1         esm: InternalInitializeComplete extro {ES}:--- StateLog() start -----------------
20260506 011015.368 INFO             PET1         esm: InternalInitializeComplete extro {ES}:State object is invalid! Not created or deleted!
20260506 011015.368 INFO             PET1         esm: InternalInitializeComplete extro {ES}:--- StateLog() end -------------------
20260506 011015.368 INFO             PET1       esm: InternalInitializeComplete extro.
20260506 011015.368 INFO             PET1       atmA: InitializeIPDv01p5 intro.
20260506 011015.368 INFO             PET1       atmA: InitializeIPDv01p5 extro.
20260506 011015.369 INFO             PET1       ocnA: InitializeIPDv01p5 intro.
20260506 011015.369 INFO             PET1       ocnA: InitializeIPDv01p5 extro.
20260506 011015.370 INFO             PET1       esm: components present that trigger loopDataDependentInitialize().
20260506 011015.370 INFO             PET1       esm: loopDataDependentInitialize intro.
20260506 011015.370 INFO             PET1         esm: loopDataDependentInitialize intro {IS}:--- StateLog() start -----------------
20260506 011015.370 INFO             PET1         esm: loopDataDependentInitialize intro {IS}:State object is invalid! Not created or deleted!
20260506 011015.370 INFO             PET1         esm: loopDataDependentInitialize intro {IS}:--- StateLog() end -------------------
20260506 011015.370 INFO             PET1         esm: loopDataDependentInitialize intro {ES}:--- StateLog() start -----------------
20260506 011015.370 INFO             PET1         esm: loopDataDependentInitialize intro {ES}:State object is invalid! Not created or deleted!
20260506 011015.370 INFO             PET1         esm: loopDataDependentInitialize intro {ES}:--- StateLog() end -------------------
20260506 011015.370 INFO             PET1         >>>esm: entered Initialize (phase=<none>) with current time: 2010  6  1  0  0  0   0
20260506 011015.370 INFO             PET1         esm: component    0=esm, dataComplete (local): true
20260506 011015.370 INFO             PET1         esm: component    0=esm, dataComplete (global):  T
20260506 011015.370 INFO             PET1         esm: component    1=atmA, dataComplete (local): true
20260506 011015.370 INFO             PET1         esm: component    1=atmA, dataComplete (global):  T
20260506 011015.370 INFO             PET1         esm: component    2=ocnA, dataComplete (local): true
20260506 011015.370 INFO             PET1         esm: component    2=ocnA, dataComplete (global):  T
20260506 011015.370 INFO             PET1         esm: someProgress= F, allComplete= T, present(dataDepAllComplete)= T
20260506 011015.370 INFO             PET1         esm: finished resolving initialize data dependencies on this level.
20260506 011015.371 INFO             PET1         <<<esm: leaving Initialize (phase=<none>) with current time: 2010  6  1  0  0  0   0
20260506 011015.371 INFO             PET1         esm: loopDataDependentInitialize extro {IS}:--- StateLog() start -----------------
20260506 011015.371 INFO             PET1         esm: loopDataDependentInitialize extro {IS}:State object is invalid! Not created or deleted!
20260506 011015.371 INFO             PET1         esm: loopDataDependentInitialize extro {IS}:--- StateLog() end -------------------
20260506 011015.371 INFO             PET1         esm: loopDataDependentInitialize extro {ES}:--- StateLog() start -----------------
20260506 011015.371 INFO             PET1         esm: loopDataDependentInitialize extro {ES}:State object is invalid! Not created or deleted!
20260506 011015.371 INFO             PET1         esm: loopDataDependentInitialize extro {ES}:--- StateLog() end -------------------
20260506 011015.371 INFO             PET1       esm: loopDataDependentInitialize extro.
20260506 011015.371 INFO             PET1       esm: loopDataDependentInitialize() returned with dataDepAllComplete:  T
20260506 011015.371 INFO             PET1       <<<esm: leaving Initialize (phase=<none>) with current time: 2010  6  1  0  0  0   0
20260506 011015.371 INFO             PET1       esm: InitializeIPDv02p5Data extro {IS}:--- StateLog() start -----------------
20260506 011015.371 INFO             PET1       esm: InitializeIPDv02p5Data extro {IS}:State object is invalid! Not created or deleted!
20260506 011015.371 INFO             PET1       esm: InitializeIPDv02p5Data extro {IS}:--- StateLog() end -------------------
20260506 011015.371 INFO             PET1       esm: InitializeIPDv02p5Data extro {ES}:--- StateLog() start -----------------
20260506 011015.371 INFO             PET1       esm: InitializeIPDv02p5Data extro {ES}:State object is invalid! Not created or deleted!
20260506 011015.371 INFO             PET1       esm: InitializeIPDv02p5Data extro {ES}:--- StateLog() end -------------------
20260506 011015.371 INFO             PET1     esm: InitializeIPDv02p5Data extro.
20260506 011015.371 INFO             PET1     <<<esm: leaving Initialize (phase=<none>) with current time: 2010  6  1  0  0  0   0
20260506 011015.371 INFO             PET1     esm: InitializeIPDv02p5 extro {IS}:--- StateLog() start -----------------
20260506 011015.371 INFO             PET1     esm: InitializeIPDv02p5 extro {IS}:State object is invalid! Not created or deleted!
20260506 011015.371 INFO             PET1     esm: InitializeIPDv02p5 extro {IS}:--- StateLog() end -------------------
20260506 011015.371 INFO             PET1     esm: InitializeIPDv02p5 extro {ES}:--- StateLog() start -----------------
20260506 011015.371 INFO             PET1     esm: InitializeIPDv02p5 extro {ES}:State object is invalid! Not created or deleted!
20260506 011015.371 INFO             PET1     esm: InitializeIPDv02p5 extro {ES}:--- StateLog() end -------------------
20260506 011015.371 INFO             PET1   esm: InitializeIPDv02p5 extro.
20260506 011015.371 INFO             PET1   <<<esm: leaving Initialize (phase=<none>) with current time: 2010  6  1  0  0  0   0
20260506 011015.371 INFO             PET1   esm: InitializeGeneric extro {IS}:--- StateLog() start -----------------
20260506 011015.371 INFO             PET1   esm: InitializeGeneric extro {IS}:State object is invalid! Not created or deleted!
20260506 011015.371 INFO             PET1   esm: InitializeGeneric extro {IS}:--- StateLog() end -------------------
20260506 011015.371 INFO             PET1   esm: InitializeGeneric extro {ES}:--- StateLog() start -----------------
20260506 011015.371 INFO             PET1   esm: InitializeGeneric extro {ES}:State object is invalid! Not created or deleted!
20260506 011015.371 INFO             PET1   esm: InitializeGeneric extro {ES}:--- StateLog() end -------------------
20260506 011015.371 INFO             PET1 esm: InitializeGeneric extro.
20260506 011015.371 INFO             PET1 esm: Run intro.
20260506 011015.371 INFO             PET1   esm: Run intro {IS}:--- StateLog() start -----------------
20260506 011015.371 INFO             PET1   esm: Run intro {IS}:State object is invalid! Not created or deleted!
20260506 011015.371 INFO             PET1   esm: Run intro {IS}:--- StateLog() end -------------------
20260506 011015.371 INFO             PET1   esm: Run intro {ES}:--- StateLog() start -----------------
20260506 011015.371 INFO             PET1   esm: Run intro {ES}:State object is invalid! Not created or deleted!
20260506 011015.371 INFO             PET1   esm: Run intro {ES}:--- StateLog() end -------------------
20260506 011015.371 INFO             PET1   >>>esm: entered Run (phase=RunPhase1) with current time: 2010  6  1  0  0  0   0
20260506 011015.371 INFO             PET1   esm: after lable_SetRunClock, current time: 2010  6  1  0  0  0   0
20260506 011015.371 INFO             PET1   esm: begin -------> RunSequence.
20260506 011015.371 INFO             PET1     esm: RunSequence event loopLevel=   1  levelMember=   1  loopIteration=   1, current time: 2010  6  1  0  0  0   0
20260506 011015.371 INFO             PET1     ATM-TO-OCN: Run intro.
20260506 011015.372 INFO             PET1     ATM-TO-OCN: Run extro.
20260506 011015.372 INFO             PET1     OCN-TO-ATM: Run intro.
20260506 011015.372 INFO             PET1     OCN-TO-ATM: Run extro.
20260506 011015.372 INFO             PET1     atmA: Run intro.
20260506 011015.372 INFO             PET1       ------>Advancing ATM from: 2010  6  1  0  0  0   0
20260506 011015.372 INFO             PET1       ---------------------> to: 2010  6  1  0 15  0   0
20260506 011015.372 INFO             PET1     atmA: Run extro.
20260506 011015.372 INFO             PET1     ocnA: Run intro.
20260506 011015.373 INFO             PET1       ------>Advancing OCN from: 2010  6  1  0  0  0   0
20260506 011015.373 INFO             PET1       ---------------------> to: 2010  6  1  0  5  0   0
20260506 011015.373 INFO             PET1       ------>Advancing OCN from: 2010  6  1  0  5  0   0
20260506 011015.373 INFO             PET1       ---------------------> to: 2010  6  1  0 10  0   0
20260506 011015.373 INFO             PET1       ------>Advancing OCN from: 2010  6  1  0 10  0   0
20260506 011015.373 INFO             PET1       ---------------------> to: 2010  6  1  0 15  0   0
20260506 011015.373 INFO             PET1     ocnA: Run extro.
20260506 011015.373 INFO             PET1     esm: RunSequence event loopLevel=   1  levelMember=   1  loopIteration=   2, current time: 2010  6  1  0 15  0   0
20260506 011015.373 INFO             PET1     ATM-TO-OCN: Run intro.
20260506 011015.373 INFO             PET1     ATM-TO-OCN: Run extro.
20260506 011015.373 INFO             PET1     OCN-TO-ATM: Run intro.
20260506 011015.373 INFO             PET1     OCN-TO-ATM: Run extro.
20260506 011015.373 INFO             PET1     atmA: Run intro.
20260506 011015.374 INFO             PET1       ------>Advancing ATM from: 2010  6  1  0 15  0   0
20260506 011015.374 INFO             PET1       ---------------------> to: 2010  6  1  0 30  0   0
20260506 011015.374 INFO             PET1     atmA: Run extro.
20260506 011015.374 INFO             PET1     ocnA: Run intro.
20260506 011015.374 INFO             PET1       ------>Advancing OCN from: 2010  6  1  0 15  0   0
20260506 011015.374 INFO             PET1       ---------------------> to: 2010  6  1  0 20  0   0
20260506 011015.374 INFO             PET1       ------>Advancing OCN from: 2010  6  1  0 20  0   0
20260506 011015.374 INFO             PET1       ---------------------> to: 2010  6  1  0 25  0   0
20260506 011015.374 INFO             PET1       ------>Advancing OCN from: 2010  6  1  0 25  0   0
20260506 011015.374 INFO             PET1       ---------------------> to: 2010  6  1  0 30  0   0
20260506 011015.374 INFO             PET1     ocnA: Run extro.
20260506 011015.374 INFO             PET1     esm: RunSequence event loopLevel=   1  levelMember=   1  loopIteration=   3, current time: 2010  6  1  0 30  0   0
20260506 011015.374 INFO             PET1     ATM-TO-OCN: Run intro.
20260506 011015.374 INFO             PET1     ATM-TO-OCN: Run extro.
20260506 011015.374 INFO             PET1     OCN-TO-ATM: Run intro.
20260506 011015.375 INFO             PET1     OCN-TO-ATM: Run extro.
20260506 011015.375 INFO             PET1     atmA: Run intro.
20260506 011015.375 INFO             PET1       ------>Advancing ATM from: 2010  6  1  0 30  0   0
20260506 011015.375 INFO             PET1       ---------------------> to: 2010  6  1  0 45  0   0
20260506 011015.375 INFO             PET1     atmA: Run extro.
20260506 011015.375 INFO             PET1     ocnA: Run intro.
20260506 011015.375 INFO             PET1       ------>Advancing OCN from: 2010  6  1  0 30  0   0
20260506 011015.375 INFO             PET1       ---------------------> to: 2010  6  1  0 35  0   0
20260506 011015.375 INFO             PET1       ------>Advancing OCN from: 2010  6  1  0 35  0   0
20260506 011015.375 INFO             PET1       ---------------------> to: 2010  6  1  0 40  0   0
20260506 011015.375 INFO             PET1       ------>Advancing OCN from: 2010  6  1  0 40  0   0
20260506 011015.375 INFO             PET1       ---------------------> to: 2010  6  1  0 45  0   0
20260506 011015.375 INFO             PET1     ocnA: Run extro.
20260506 011015.375 INFO             PET1     esm: RunSequence event loopLevel=   1  levelMember=   1  loopIteration=   4, current time: 2010  6  1  0 45  0   0
20260506 011015.375 INFO             PET1     ATM-TO-OCN: Run intro.
20260506 011015.376 INFO             PET1     ATM-TO-OCN: Run extro.
20260506 011015.376 INFO             PET1     OCN-TO-ATM: Run intro.
20260506 011015.376 INFO             PET1     OCN-TO-ATM: Run extro.
20260506 011015.376 INFO             PET1     atmA: Run intro.
20260506 011015.376 INFO             PET1       ------>Advancing ATM from: 2010  6  1  0 45  0   0
20260506 011015.376 INFO             PET1       ---------------------> to: 2010  6  1  1  0  0   0
20260506 011015.376 INFO             PET1     atmA: Run extro.
20260506 011015.376 INFO             PET1     ocnA: Run intro.
20260506 011015.376 INFO             PET1       ------>Advancing OCN from: 2010  6  1  0 45  0   0
20260506 011015.376 INFO             PET1       ---------------------> to: 2010  6  1  0 50  0   0
20260506 011015.376 INFO             PET1       ------>Advancing OCN from: 2010  6  1  0 50  0   0
20260506 011015.376 INFO             PET1       ---------------------> to: 2010  6  1  0 55  0   0
20260506 011015.376 INFO             PET1       ------>Advancing OCN from: 2010  6  1  0 55  0   0
20260506 011015.376 INFO             PET1       ---------------------> to: 2010  6  1  1  0  0   0
20260506 011015.376 INFO             PET1     ocnA: Run extro.
20260506 011015.377 INFO             PET1   esm: end <--------- RunSequence
20260506 011015.377 INFO             PET1   <<<esm: leaving Run (phase=RunPhase1) with current time: 2010  6  1  1  0  0   0
20260506 011015.377 INFO             PET1   esm: Run extro {IS}:--- StateLog() start -----------------
20260506 011015.377 INFO             PET1   esm: Run extro {IS}:State object is invalid! Not created or deleted!
20260506 011015.377 INFO             PET1   esm: Run extro {IS}:--- StateLog() end -------------------
20260506 011015.377 INFO             PET1   esm: Run extro {ES}:--- StateLog() start -----------------
20260506 011015.377 INFO             PET1   esm: Run extro {ES}:State object is invalid! Not created or deleted!
20260506 011015.377 INFO             PET1   esm: Run extro {ES}:--- StateLog() end -------------------
20260506 011015.377 INFO             PET1 esm: Run extro.
20260506 011015.377 INFO             PET1 esm: Finalize intro.
20260506 011015.377 INFO             PET1   esm: Finalize intro {IS}:--- StateLog() start -----------------
20260506 011015.377 INFO             PET1   esm: Finalize intro {IS}:State object is invalid! Not created or deleted!
20260506 011015.377 INFO             PET1   esm: Finalize intro {IS}:--- StateLog() end -------------------
20260506 011015.377 INFO             PET1   esm: Finalize intro {ES}:--- StateLog() start -----------------
20260506 011015.377 INFO             PET1   esm: Finalize intro {ES}:State object is invalid! Not created or deleted!
20260506 011015.377 INFO             PET1   esm: Finalize intro {ES}:--- StateLog() end -------------------
20260506 011015.377 INFO             PET1   >>>esm: entered Finalize (phase=FinalizePhase1) with current time: 2010  6  1  1  0  0   0
20260506 011015.377 INFO             PET1   Calling Finalize phase 1 for connectorComp: ATM-TO-OCN
20260506 011015.377 INFO             PET1   ATM-TO-OCN: Finalize intro.
20260506 011015.377 INFO             PET1   ATM-TO-OCN: Finalize extro.
20260506 011015.377 INFO             PET1   Calling Finalize phase 1 for connectorComp: OCN-TO-ATM
20260506 011015.377 INFO             PET1   OCN-TO-ATM: Finalize intro.
20260506 011015.377 INFO             PET1   OCN-TO-ATM: Finalize extro.
20260506 011015.377 INFO             PET1   Calling Finalize phase 1 for modelComp: atmA
20260506 011015.377 INFO             PET1   atmA: Finalize intro.
20260506 011015.377 INFO             PET1   atmA: Finalize extro.
20260506 011015.377 INFO             PET1   Calling Finalize phase 1 for modelComp: ocnA
20260506 011015.377 INFO             PET1   ocnA: Finalize intro.
20260506 011015.377 INFO             PET1   ocnA: Finalize extro.
20260506 011015.377 INFO             PET1   Delete modelComp: atmA
20260506 011015.377 INFO             PET1   Delete Import-/Export State for modelComp: atmA
20260506 011015.377 INFO             PET1   Delete modelComp: ocnA
20260506 011015.378 INFO             PET1   Delete Import-/Export State for modelComp: ocnA
20260506 011015.378 INFO             PET1   Delete connectorComp: ATM-TO-OCN
20260506 011015.378 INFO             PET1   Delete connectorComp: OCN-TO-ATM
20260506 011015.378 INFO             PET1   <<<esm: leaving Finalize (phase=FinalizePhase1) with current time: 2010  6  1  1  0  0   0
20260506 011015.378 INFO             PET1 esm: Finalize extro.
20260506 011015.378 INFO             PET1 esmApp FINISHED
20260506 011015.378 INFO             PET1  Finalizing ESMF
20260506 011019.630 INFO             PET1 !!!!!!!!!!!!!!!!!!!!!!!!!!!!!!!!!!!!!!!!!!!!!!!!!!!!!!
20260506 011019.630 INFO             PET1 !!! THE ESMF_LOG IS SET TO OUTPUT ALL LOG MESSAGES !!!
20260506 011019.630 INFO             PET1 !!!     THIS MAY CAUSE SLOWDOWN IN PERFORMANCE     !!!
20260506 011019.630 INFO             PET1 !!! FOR PRODUCTION RUNS, USE:                      !!!
20260506 011019.630 INFO             PET1 !!!                   ESMF_LOGKIND_Multi_On_Error  !!!
20260506 011019.630 INFO             PET1 !!!!!!!!!!!!!!!!!!!!!!!!!!!!!!!!!!!!!!!!!!!!!!!!!!!!!!
20260506 011019.630 INFO             PET1 Running with ESMF Version   : develop+g0ae3009ebf
20260506 011019.630 INFO             PET1 ESMF library build date/time: "May  6 2026" "00:44:24"
20260506 011019.630 INFO             PET1 ESMF library build location : /home/gerhard/ESMF-Nightly-Testing/gfortran_7.4.0_mpich_g_develop/esmf
20260506 011019.630 INFO             PET1 ESMF_COMM                   : mpich
20260506 011019.630 INFO             PET1 ESMF_MOAB                   : enabled
20260506 011019.630 INFO             PET1 ESMF_LAPACK                 : enabled
20260506 011019.630 INFO             PET1 ESMF_NETCDF                 : enabled
20260506 011019.630 INFO             PET1 ESMF_PNETCDF                : disabled
20260506 011019.630 INFO             PET1 ESMF_PIO                    : enabled
20260506 011019.630 INFO             PET1 ESMF_YAMLCPP                : enabled
20260506 011019.630 INFO             PET1 esmApp STARTING
20260506 011019.635 INFO             PET1 esm: InitializeGeneric intro.
20260506 011019.635 INFO             PET1   esm: InitializeGeneric intro {IS}:--- StateLog() start -----------------
20260506 011019.635 INFO             PET1   esm: InitializeGeneric intro {IS}:State object is invalid! Not created or deleted!
20260506 011019.635 INFO             PET1   esm: InitializeGeneric intro {IS}:--- StateLog() end -------------------
20260506 011019.635 INFO             PET1   esm: InitializeGeneric intro {ES}:--- StateLog() start -----------------
20260506 011019.635 INFO             PET1   esm: InitializeGeneric intro {ES}:State object is invalid! Not created or deleted!
20260506 011019.635 INFO             PET1   esm: InitializeGeneric intro {ES}:--- StateLog() end -------------------
20260506 011019.635 INFO             PET1   >>>esm: entered Initialize (phase=<none>) without valid internal Clock.
20260506 011019.635 INFO             PET1   esm: InitializeP0 intro.
20260506 011019.635 INFO             PET1     esm: InitializeP0 intro {IS}:--- StateLog() start -----------------
20260506 011019.635 INFO             PET1     esm: InitializeP0 intro {IS}:State object is invalid! Not created or deleted!
20260506 011019.635 INFO             PET1     esm: InitializeP0 intro {IS}:--- StateLog() end -------------------
20260506 011019.635 INFO             PET1     esm: InitializeP0 intro {ES}:--- StateLog() start -----------------
20260506 011019.635 INFO             PET1     esm: InitializeP0 intro {ES}:State object is invalid! Not created or deleted!
20260506 011019.635 INFO             PET1     esm: InitializeP0 intro {ES}:--- StateLog() end -------------------
20260506 011019.635 INFO             PET1     >>>esm: entered Initialize (phase=<none>) without valid internal Clock.
20260506 011019.635 INFO             PET1     <<<esm: leaving Initialize (phase=<none>) without valid internal Clock.
20260506 011019.635 INFO             PET1     esm: InitializeP0 extro {IS}:--- StateLog() start -----------------
20260506 011019.635 INFO             PET1     esm: InitializeP0 extro {IS}:State object is invalid! Not created or deleted!
20260506 011019.635 INFO             PET1     esm: InitializeP0 extro {IS}:--- StateLog() end -------------------
20260506 011019.635 INFO             PET1     esm: InitializeP0 extro {ES}:--- StateLog() start -----------------
20260506 011019.635 INFO             PET1     esm: InitializeP0 extro {ES}:State object is invalid! Not created or deleted!
20260506 011019.635 INFO             PET1     esm: InitializeP0 extro {ES}:--- StateLog() end -------------------
20260506 011019.635 INFO             PET1   esm: InitializeP0 extro.
20260506 011019.635 INFO             PET1   esm: InitializeIPDv02p1 intro.
20260506 011019.635 INFO             PET1     esm: InitializeIPDv02p1 intro {IS}:--- StateLog() start -----------------
20260506 011019.635 INFO             PET1     esm: InitializeIPDv02p1 intro {IS}:State object is invalid! Not created or deleted!
20260506 011019.635 INFO             PET1     esm: InitializeIPDv02p1 intro {IS}:--- StateLog() end -------------------
20260506 011019.635 INFO             PET1     esm: InitializeIPDv02p1 intro {ES}:--- StateLog() start -----------------
20260506 011019.635 INFO             PET1     esm: InitializeIPDv02p1 intro {ES}:State object is invalid! Not created or deleted!
20260506 011019.635 INFO             PET1     esm: InitializeIPDv02p1 intro {ES}:--- StateLog() end -------------------
20260506 011019.635 INFO             PET1     >>>esm: entered Initialize (phase=<none>) without valid internal Clock.
20260506 011019.636 INFO             PET1     esm - Creating model component ATM without petList.
20260506 011019.639 INFO             PET1     esm - Creating model component OCN without petList.
20260506 011019.641 INFO             PET1     esm - Creating connector component ATM-TO-OCN without petList.
20260506 011019.645 INFO             PET1     esm - Creating connector component OCN-TO-ATM without petList.
20260506 011019.650 INFO             PET1     esm - Creating state: modelComp 1 Import State
20260506 011019.650 INFO             PET1     esm - Creating state: modelComp 1 Export State
20260506 011019.650 INFO             PET1     esm - Creating state: modelComp 2 Import State
20260506 011019.650 INFO             PET1     esm - Creating state: modelComp 2 Export State
20260506 011019.651 INFO             PET1     ATM: InitializeP0 intro.
20260506 011019.652 INFO             PET1     ATM: InitializeP0 extro.
20260506 011019.652 INFO             PET1     OCN: InitializeP0 intro.
20260506 011019.653 INFO             PET1     OCN: InitializeP0 extro.
20260506 011019.654 INFO             PET1     ATM-TO-OCN: InitializeP0 intro.
20260506 011019.655 INFO             PET1     ATM-TO-OCN: InitializeP0 extro.
20260506 011019.655 INFO             PET1     OCN-TO-ATM: InitializeP0 intro.
20260506 011019.655 INFO             PET1     OCN-TO-ATM: InitializeP0 extro.
20260506 011019.657 INFO             PET1     esm: IInitAdvertise intro.
20260506 011019.657 INFO             PET1       esm: IInitAdvertise intro {IS}:--- StateLog() start -----------------
20260506 011019.657 INFO             PET1       esm: IInitAdvertise intro {IS}:State object is invalid! Not created or deleted!
20260506 011019.657 INFO             PET1       esm: IInitAdvertise intro {IS}:--- StateLog() end -------------------
20260506 011019.657 INFO             PET1       esm: IInitAdvertise intro {ES}:--- StateLog() start -----------------
20260506 011019.657 INFO             PET1       esm: IInitAdvertise intro {ES}:State object is invalid! Not created or deleted!
20260506 011019.657 INFO             PET1       esm: IInitAdvertise intro {ES}:--- StateLog() end -------------------
20260506 011019.657 INFO             PET1       >>>esm: entered Initialize (phase=<none>) with current time: 2010  6  1  0  0  0   0
20260506 011019.657 INFO             PET1       <<<esm: leaving Initialize (phase=<none>) with current time: 2010  6  1  0  0  0   0
20260506 011019.657 INFO             PET1       esm: IInitAdvertise extro {IS}:--- StateLog() start -----------------
20260506 011019.657 INFO             PET1       esm: IInitAdvertise extro {IS}:State object is invalid! Not created or deleted!
20260506 011019.657 INFO             PET1       esm: IInitAdvertise extro {IS}:--- StateLog() end -------------------
20260506 011019.657 INFO             PET1       esm: IInitAdvertise extro {ES}:--- StateLog() start -----------------
20260506 011019.657 INFO             PET1       esm: IInitAdvertise extro {ES}:State object is invalid! Not created or deleted!
20260506 011019.657 INFO             PET1       esm: IInitAdvertise extro {ES}:--- StateLog() end -------------------
20260506 011019.657 INFO             PET1     esm: IInitAdvertise extro.
20260506 011019.657 INFO             PET1     ATM: InitializeIPDvXp01 intro.
20260506 011019.659 INFO             PET1     ATM: InitializeIPDvXp01 extro.
20260506 011019.659 INFO             PET1     OCN: InitializeIPDvXp01 intro.
20260506 011019.661 INFO             PET1     OCN: InitializeIPDvXp01 extro.
20260506 011019.662 INFO             PET1     ATM-TO-OCN: InitializeIPDv05p1 intro.
20260506 011019.662 INFO             PET1     ATM-TO-OCN: InitializeIPDv05p1 extro.
20260506 011019.662 INFO             PET1     OCN-TO-ATM: InitializeIPDv05p1 intro.
20260506 011019.662 INFO             PET1     OCN-TO-ATM: InitializeIPDv05p1 extro.
20260506 011019.662 INFO             PET1     esm: IInitAdvertiseFinish intro.
20260506 011019.662 INFO             PET1       esm: IInitAdvertiseFinish intro {IS}:--- StateLog() start -----------------
20260506 011019.662 INFO             PET1       esm: IInitAdvertiseFinish intro {IS}:State object is invalid! Not created or deleted!
20260506 011019.662 INFO             PET1       esm: IInitAdvertiseFinish intro {IS}:--- StateLog() end -------------------
20260506 011019.662 INFO             PET1       esm: IInitAdvertiseFinish intro {ES}:--- StateLog() start -----------------
20260506 011019.662 INFO             PET1       esm: IInitAdvertiseFinish intro {ES}:State object is invalid! Not created or deleted!
20260506 011019.662 INFO             PET1       esm: IInitAdvertiseFinish intro {ES}:--- StateLog() end -------------------
20260506 011019.662 INFO             PET1       >>>esm: entered Initialize (phase=<none>) with current time: 2010  6  1  0  0  0   0
20260506 011019.662 INFO             PET1       <<<esm: leaving Initialize (phase=<none>) with current time: 2010  6  1  0  0  0   0
20260506 011019.662 INFO             PET1       esm: IInitAdvertiseFinish extro {IS}:--- StateLog() start -----------------
20260506 011019.662 INFO             PET1       esm: IInitAdvertiseFinish extro {IS}:State object is invalid! Not created or deleted!
20260506 011019.662 INFO             PET1       esm: IInitAdvertiseFinish extro {IS}:--- StateLog() end -------------------
20260506 011019.662 INFO             PET1       esm: IInitAdvertiseFinish extro {ES}:--- StateLog() start -----------------
20260506 011019.662 INFO             PET1       esm: IInitAdvertiseFinish extro {ES}:State object is invalid! Not created or deleted!
20260506 011019.662 INFO             PET1       esm: IInitAdvertiseFinish extro {ES}:--- StateLog() end -------------------
20260506 011019.662 INFO             PET1     esm: IInitAdvertiseFinish extro.
20260506 011019.663 INFO             PET1     ATM-TO-OCN: InitializeIPDv05p2a intro.
20260506 011019.663 INFO             PET1     ATM-TO-OCN: InitializeIPDv05p2a extro.
20260506 011019.663 INFO             PET1     OCN-TO-ATM: InitializeIPDv05p2a intro.
20260506 011019.663 INFO             PET1     OCN-TO-ATM: InitializeIPDv05p2a extro.
20260506 011019.663 INFO             PET1     ATM-TO-OCN: InitializeIPDv05p2b intro.
20260506 011019.663 INFO             PET1     ATM-TO-OCN: InitializeIPDv05p2b extro.
20260506 011019.664 INFO             PET1     OCN-TO-ATM: InitializeIPDv05p2b intro.
20260506 011019.664 INFO             PET1     OCN-TO-ATM: InitializeIPDv05p2b extro.
20260506 011019.664 INFO             PET1     esm: IInitModifyCplLists intro.
20260506 011019.664 INFO             PET1       esm: IInitModifyCplLists intro {IS}:--- StateLog() start -----------------
20260506 011019.664 INFO             PET1       esm: IInitModifyCplLists intro {IS}:State object is invalid! Not created or deleted!
20260506 011019.664 INFO             PET1       esm: IInitModifyCplLists intro {IS}:--- StateLog() end -------------------
20260506 011019.664 INFO             PET1       esm: IInitModifyCplLists intro {ES}:--- StateLog() start -----------------
20260506 011019.664 INFO             PET1       esm: IInitModifyCplLists intro {ES}:State object is invalid! Not created or deleted!
20260506 011019.664 INFO             PET1       esm: IInitModifyCplLists intro {ES}:--- StateLog() end -------------------
20260506 011019.664 INFO             PET1       >>>esm: entered Initialize (phase=<none>) with current time: 2010  6  1  0  0  0   0
20260506 011019.664 INFO             PET1       <<<esm: leaving Initialize (phase=<none>) with current time: 2010  6  1  0  0  0   0
20260506 011019.664 INFO             PET1       esm: IInitModifyCplLists extro {IS}:--- StateLog() start -----------------
20260506 011019.664 INFO             PET1       esm: IInitModifyCplLists extro {IS}:State object is invalid! Not created or deleted!
20260506 011019.664 INFO             PET1       esm: IInitModifyCplLists extro {IS}:--- StateLog() end -------------------
20260506 011019.664 INFO             PET1       esm: IInitModifyCplLists extro {ES}:--- StateLog() start -----------------
20260506 011019.664 INFO             PET1       esm: IInitModifyCplLists extro {ES}:State object is invalid! Not created or deleted!
20260506 011019.664 INFO             PET1       esm: IInitModifyCplLists extro {ES}:--- StateLog() end -------------------
20260506 011019.664 INFO             PET1     esm: IInitModifyCplLists extro.
20260506 011019.664 INFO             PET1     ATM-TO-OCN: InitializeIPDv05p3 intro.
20260506 011019.665 INFO             PET1     ATM-TO-OCN: InitializeIPDv05p3 extro.
20260506 011019.665 INFO             PET1     OCN-TO-ATM: InitializeIPDv05p3 intro.
20260506 011019.665 INFO             PET1     OCN-TO-ATM: InitializeIPDv05p3 extro.
20260506 011019.665 INFO             PET1     <<<esm: leaving Initialize (phase=<none>) with current time: 2010  6  1  0  0  0   0
20260506 011019.665 INFO             PET1     esm: InitializeIPDv02p1 extro {IS}:--- StateLog() start -----------------
20260506 011019.665 INFO             PET1     esm: InitializeIPDv02p1 extro {IS}:State object is invalid! Not created or deleted!
20260506 011019.665 INFO             PET1     esm: InitializeIPDv02p1 extro {IS}:--- StateLog() end -------------------
20260506 011019.665 INFO             PET1     esm: InitializeIPDv02p1 extro {ES}:--- StateLog() start -----------------
20260506 011019.665 INFO             PET1     esm: InitializeIPDv02p1 extro {ES}:State object is invalid! Not created or deleted!
20260506 011019.665 INFO             PET1     esm: InitializeIPDv02p1 extro {ES}:--- StateLog() end -------------------
20260506 011019.665 INFO             PET1   esm: InitializeIPDv02p1 extro.
20260506 011019.665 INFO             PET1   esm: InitializeIPDv02p3 intro.
20260506 011019.665 INFO             PET1     esm: InitializeIPDv02p3 intro {IS}:--- StateLog() start -----------------
20260506 011019.665 INFO             PET1     esm: InitializeIPDv02p3 intro {IS}:State object is invalid! Not created or deleted!
20260506 011019.665 INFO             PET1     esm: InitializeIPDv02p3 intro {IS}:--- StateLog() end -------------------
20260506 011019.665 INFO             PET1     esm: InitializeIPDv02p3 intro {ES}:--- StateLog() start -----------------
20260506 011019.665 INFO             PET1     esm: InitializeIPDv02p3 intro {ES}:State object is invalid! Not created or deleted!
20260506 011019.665 INFO             PET1     esm: InitializeIPDv02p3 intro {ES}:--- StateLog() end -------------------
20260506 011019.665 INFO             PET1     >>>esm: entered Initialize (phase=<none>) with current time: 2010  6  1  0  0  0   0
20260506 011019.666 INFO             PET1     esm: IInitCheck intro.
20260506 011019.666 INFO             PET1       esm: IInitCheck intro {IS}:--- StateLog() start -----------------
20260506 011019.666 INFO             PET1       esm: IInitCheck intro {IS}:State object is invalid! Not created or deleted!
20260506 011019.666 INFO             PET1       esm: IInitCheck intro {IS}:--- StateLog() end -------------------
20260506 011019.666 INFO             PET1       esm: IInitCheck intro {ES}:--- StateLog() start -----------------
20260506 011019.666 INFO             PET1       esm: IInitCheck intro {ES}:State object is invalid! Not created or deleted!
20260506 011019.666 INFO             PET1       esm: IInitCheck intro {ES}:--- StateLog() end -------------------
20260506 011019.666 INFO             PET1       >>>esm: entered Initialize (phase=<none>) with current time: 2010  6  1  0  0  0   0
20260506 011019.666 INFO             PET1       <<<esm: leaving Initialize (phase=<none>) with current time: 2010  6  1  0  0  0   0
20260506 011019.666 INFO             PET1       esm: IInitCheck extro {IS}:--- StateLog() start -----------------
20260506 011019.666 INFO             PET1       esm: IInitCheck extro {IS}:State object is invalid! Not created or deleted!
20260506 011019.666 INFO             PET1       esm: IInitCheck extro {IS}:--- StateLog() end -------------------
20260506 011019.666 INFO             PET1       esm: IInitCheck extro {ES}:--- StateLog() start -----------------
20260506 011019.666 INFO             PET1       esm: IInitCheck extro {ES}:State object is invalid! Not created or deleted!
20260506 011019.666 INFO             PET1       esm: IInitCheck extro {ES}:--- StateLog() end -------------------
20260506 011019.666 INFO             PET1     esm: IInitCheck extro.
20260506 011019.666 INFO             PET1     atmB: InitializeIPDvXp04 intro.
20260506 011019.669 INFO             PET1     atmB: InitializeIPDvXp04 extro.
20260506 011019.669 INFO             PET1     ocnA: InitializeIPDvXp04 intro.
20260506 011019.673 INFO             PET1     ocnA: InitializeIPDvXp04 extro.
20260506 011019.674 INFO             PET1     ATM-TO-OCN: InitializeIPDv05p4 intro.
20260506 011019.674 INFO             PET1     ATM-TO-OCN: InitializeIPDv05p4 extro.
20260506 011019.674 INFO             PET1     OCN-TO-ATM: InitializeIPDv05p4 intro.
20260506 011019.675 INFO             PET1     OCN-TO-ATM: InitializeIPDv05p4 extro.
20260506 011019.675 INFO             PET1     ATM-TO-OCN: InitializeIPDv05p5 intro.
20260506 011019.675 INFO             PET1     ATM-TO-OCN: InitializeIPDv05p5 extro.
20260506 011019.675 INFO             PET1     OCN-TO-ATM: InitializeIPDv05p5 intro.
20260506 011019.675 INFO             PET1     OCN-TO-ATM: InitializeIPDv05p5 extro.
20260506 011019.676 INFO             PET1     esm: IInitRealize intro.
20260506 011019.676 INFO             PET1       esm: IInitRealize intro {IS}:--- StateLog() start -----------------
20260506 011019.676 INFO             PET1       esm: IInitRealize intro {IS}:State object is invalid! Not created or deleted!
20260506 011019.676 INFO             PET1       esm: IInitRealize intro {IS}:--- StateLog() end -------------------
20260506 011019.676 INFO             PET1       esm: IInitRealize intro {ES}:--- StateLog() start -----------------
20260506 011019.676 INFO             PET1       esm: IInitRealize intro {ES}:State object is invalid! Not created or deleted!
20260506 011019.676 INFO             PET1       esm: IInitRealize intro {ES}:--- StateLog() end -------------------
20260506 011019.676 INFO             PET1       >>>esm: entered Initialize (phase=<none>) with current time: 2010  6  1  0  0  0   0
20260506 011019.676 INFO             PET1       <<<esm: leaving Initialize (phase=<none>) with current time: 2010  6  1  0  0  0   0
20260506 011019.676 INFO             PET1       esm: IInitRealize extro {IS}:--- StateLog() start -----------------
20260506 011019.676 INFO             PET1       esm: IInitRealize extro {IS}:State object is invalid! Not created or deleted!
20260506 011019.676 INFO             PET1       esm: IInitRealize extro {IS}:--- StateLog() end -------------------
20260506 011019.676 INFO             PET1       esm: IInitRealize extro {ES}:--- StateLog() start -----------------
20260506 011019.676 INFO             PET1       esm: IInitRealize extro {ES}:State object is invalid! Not created or deleted!
20260506 011019.676 INFO             PET1       esm: IInitRealize extro {ES}:--- StateLog() end -------------------
20260506 011019.676 INFO             PET1     esm: IInitRealize extro.
20260506 011019.676 INFO             PET1     ATM-TO-OCN: InitializeIPDv05p6a intro.
20260506 011019.676 INFO             PET1     ATM-TO-OCN: InitializeIPDv05p6a extro.
20260506 011019.676 INFO             PET1     OCN-TO-ATM: InitializeIPDv05p6a intro.
20260506 011019.676 INFO             PET1     OCN-TO-ATM: InitializeIPDv05p6a extro.
20260506 011019.676 INFO             PET1     ATM-TO-OCN: InitializeIPDv05p6b intro.
20260506 011019.718 INFO             PET1     ATM-TO-OCN: InitializeIPDv05p6b extro.
20260506 011019.718 INFO             PET1     OCN-TO-ATM: InitializeIPDv05p6b intro.
20260506 011019.756 INFO             PET1     OCN-TO-ATM: InitializeIPDv05p6b extro.
20260506 011019.756 INFO             PET1     atmB: InitializeIPDvXp07 intro.
20260506 011019.756 INFO             PET1     atmB: InitializeIPDvXp07 extro.
20260506 011019.756 INFO             PET1     ocnA: InitializeIPDvXp07 intro.
20260506 011019.756 INFO             PET1     ocnA: InitializeIPDvXp07 extro.
20260506 011019.756 INFO             PET1     <<<esm: leaving Initialize (phase=<none>) with current time: 2010  6  1  0  0  0   0
20260506 011019.756 INFO             PET1     esm: InitializeIPDv02p3 extro {IS}:--- StateLog() start -----------------
20260506 011019.756 INFO             PET1     esm: InitializeIPDv02p3 extro {IS}:State object is invalid! Not created or deleted!
20260506 011019.756 INFO             PET1     esm: InitializeIPDv02p3 extro {IS}:--- StateLog() end -------------------
20260506 011019.756 INFO             PET1     esm: InitializeIPDv02p3 extro {ES}:--- StateLog() start -----------------
20260506 011019.756 INFO             PET1     esm: InitializeIPDv02p3 extro {ES}:State object is invalid! Not created or deleted!
20260506 011019.756 INFO             PET1     esm: InitializeIPDv02p3 extro {ES}:--- StateLog() end -------------------
20260506 011019.756 INFO             PET1   esm: InitializeIPDv02p3 extro.
20260506 011019.756 INFO             PET1   esm: InitializeIPDv02p5 intro.
20260506 011019.756 INFO             PET1     esm: InitializeIPDv02p5 intro {IS}:--- StateLog() start -----------------
20260506 011019.756 INFO             PET1     esm: InitializeIPDv02p5 intro {IS}:State object is invalid! Not created or deleted!
20260506 011019.756 INFO             PET1     esm: InitializeIPDv02p5 intro {IS}:--- StateLog() end -------------------
20260506 011019.756 INFO             PET1     esm: InitializeIPDv02p5 intro {ES}:--- StateLog() start -----------------
20260506 011019.756 INFO             PET1     esm: InitializeIPDv02p5 intro {ES}:State object is invalid! Not created or deleted!
20260506 011019.756 INFO             PET1     esm: InitializeIPDv02p5 intro {ES}:--- StateLog() end -------------------
20260506 011019.756 INFO             PET1     >>>esm: entered Initialize (phase=<none>) with current time: 2010  6  1  0  0  0   0
20260506 011019.756 INFO             PET1     esm: this is a top level driver, no 'Updated' and 'InitializeDataComplete' info on this level.
20260506 011019.757 INFO             PET1     esm: InitializeIPDv02p5Data intro.
20260506 011019.757 INFO             PET1       esm: InitializeIPDv02p5Data intro {IS}:--- StateLog() start -----------------
20260506 011019.757 INFO             PET1       esm: InitializeIPDv02p5Data intro {IS}:State object is invalid! Not created or deleted!
20260506 011019.757 INFO             PET1       esm: InitializeIPDv02p5Data intro {IS}:--- StateLog() end -------------------
20260506 011019.757 INFO             PET1       esm: InitializeIPDv02p5Data intro {ES}:--- StateLog() start -----------------
20260506 011019.757 INFO             PET1       esm: InitializeIPDv02p5Data intro {ES}:State object is invalid! Not created or deleted!
20260506 011019.757 INFO             PET1       esm: InitializeIPDv02p5Data intro {ES}:--- StateLog() end -------------------
20260506 011019.757 INFO             PET1       >>>esm: entered Initialize (phase=<none>) with current time: 2010  6  1  0  0  0   0
20260506 011019.757 INFO             PET1       esm: InternalInitializeComplete intro.
20260506 011019.757 INFO             PET1         esm: InternalInitializeComplete intro {IS}:--- StateLog() start -----------------
20260506 011019.757 INFO             PET1         esm: InternalInitializeComplete intro {IS}:State object is invalid! Not created or deleted!
20260506 011019.757 INFO             PET1         esm: InternalInitializeComplete intro {IS}:--- StateLog() end -------------------
20260506 011019.757 INFO             PET1         esm: InternalInitializeComplete intro {ES}:--- StateLog() start -----------------
20260506 011019.757 INFO             PET1         esm: InternalInitializeComplete intro {ES}:State object is invalid! Not created or deleted!
20260506 011019.757 INFO             PET1         esm: InternalInitializeComplete intro {ES}:--- StateLog() end -------------------
20260506 011019.757 INFO             PET1         >>>esm: entered Initialize (phase=<none>) with current time: 2010  6  1  0  0  0   0
20260506 011019.757 INFO             PET1         esm: InitializeDataComplete='true'
20260506 011019.757 INFO             PET1         <<<esm: leaving Initialize (phase=<none>) with current time: 2010  6  1  0  0  0   0
20260506 011019.757 INFO             PET1         esm: InternalInitializeComplete extro {IS}:--- StateLog() start -----------------
20260506 011019.757 INFO             PET1         esm: InternalInitializeComplete extro {IS}:State object is invalid! Not created or deleted!
20260506 011019.757 INFO             PET1         esm: InternalInitializeComplete extro {IS}:--- StateLog() end -------------------
20260506 011019.757 INFO             PET1         esm: InternalInitializeComplete extro {ES}:--- StateLog() start -----------------
20260506 011019.757 INFO             PET1         esm: InternalInitializeComplete extro {ES}:State object is invalid! Not created or deleted!
20260506 011019.757 INFO             PET1         esm: InternalInitializeComplete extro {ES}:--- StateLog() end -------------------
20260506 011019.757 INFO             PET1       esm: InternalInitializeComplete extro.
20260506 011019.757 INFO             PET1       atmB: InitializeIPDv01p5 intro.
20260506 011019.757 INFO             PET1       atmB: InitializeIPDv01p5 extro.
20260506 011019.757 INFO             PET1       ocnA: InitializeIPDv01p5 intro.
20260506 011019.757 INFO             PET1       ocnA: InitializeIPDv01p5 extro.
20260506 011019.759 INFO             PET1       esm: components present that trigger loopDataDependentInitialize().
20260506 011019.759 INFO             PET1       esm: loopDataDependentInitialize intro.
20260506 011019.759 INFO             PET1         esm: loopDataDependentInitialize intro {IS}:--- StateLog() start -----------------
20260506 011019.759 INFO             PET1         esm: loopDataDependentInitialize intro {IS}:State object is invalid! Not created or deleted!
20260506 011019.759 INFO             PET1         esm: loopDataDependentInitialize intro {IS}:--- StateLog() end -------------------
20260506 011019.759 INFO             PET1         esm: loopDataDependentInitialize intro {ES}:--- StateLog() start -----------------
20260506 011019.759 INFO             PET1         esm: loopDataDependentInitialize intro {ES}:State object is invalid! Not created or deleted!
20260506 011019.759 INFO             PET1         esm: loopDataDependentInitialize intro {ES}:--- StateLog() end -------------------
20260506 011019.759 INFO             PET1         >>>esm: entered Initialize (phase=<none>) with current time: 2010  6  1  0  0  0   0
20260506 011019.759 INFO             PET1         esm: component    0=esm, dataComplete (local): true
20260506 011019.759 INFO             PET1         esm: component    0=esm, dataComplete (global):  T
20260506 011019.759 INFO             PET1         esm: component    1=atmB, dataComplete (local): true
20260506 011019.759 INFO             PET1         esm: component    1=atmB, dataComplete (global):  T
20260506 011019.759 INFO             PET1         esm: component    2=ocnA, dataComplete (local): true
20260506 011019.759 INFO             PET1         esm: component    2=ocnA, dataComplete (global):  T
20260506 011019.759 INFO             PET1         esm: someProgress= F, allComplete= T, present(dataDepAllComplete)= T
20260506 011019.759 INFO             PET1         esm: finished resolving initialize data dependencies on this level.
20260506 011019.759 INFO             PET1         <<<esm: leaving Initialize (phase=<none>) with current time: 2010  6  1  0  0  0   0
20260506 011019.759 INFO             PET1         esm: loopDataDependentInitialize extro {IS}:--- StateLog() start -----------------
20260506 011019.759 INFO             PET1         esm: loopDataDependentInitialize extro {IS}:State object is invalid! Not created or deleted!
20260506 011019.759 INFO             PET1         esm: loopDataDependentInitialize extro {IS}:--- StateLog() end -------------------
20260506 011019.759 INFO             PET1         esm: loopDataDependentInitialize extro {ES}:--- StateLog() start -----------------
20260506 011019.759 INFO             PET1         esm: loopDataDependentInitialize extro {ES}:State object is invalid! Not created or deleted!
20260506 011019.759 INFO             PET1         esm: loopDataDependentInitialize extro {ES}:--- StateLog() end -------------------
20260506 011019.759 INFO             PET1       esm: loopDataDependentInitialize extro.
20260506 011019.759 INFO             PET1       esm: loopDataDependentInitialize() returned with dataDepAllComplete:  T
20260506 011019.759 INFO             PET1       <<<esm: leaving Initialize (phase=<none>) with current time: 2010  6  1  0  0  0   0
20260506 011019.759 INFO             PET1       esm: InitializeIPDv02p5Data extro {IS}:--- StateLog() start -----------------
20260506 011019.759 INFO             PET1       esm: InitializeIPDv02p5Data extro {IS}:State object is invalid! Not created or deleted!
20260506 011019.759 INFO             PET1       esm: InitializeIPDv02p5Data extro {IS}:--- StateLog() end -------------------
20260506 011019.759 INFO             PET1       esm: InitializeIPDv02p5Data extro {ES}:--- StateLog() start -----------------
20260506 011019.759 INFO             PET1       esm: InitializeIPDv02p5Data extro {ES}:State object is invalid! Not created or deleted!
20260506 011019.759 INFO             PET1       esm: InitializeIPDv02p5Data extro {ES}:--- StateLog() end -------------------
20260506 011019.759 INFO             PET1     esm: InitializeIPDv02p5Data extro.
20260506 011019.759 INFO             PET1     <<<esm: leaving Initialize (phase=<none>) with current time: 2010  6  1  0  0  0   0
20260506 011019.759 INFO             PET1     esm: InitializeIPDv02p5 extro {IS}:--- StateLog() start -----------------
20260506 011019.759 INFO             PET1     esm: InitializeIPDv02p5 extro {IS}:State object is invalid! Not created or deleted!
20260506 011019.759 INFO             PET1     esm: InitializeIPDv02p5 extro {IS}:--- StateLog() end -------------------
20260506 011019.759 INFO             PET1     esm: InitializeIPDv02p5 extro {ES}:--- StateLog() start -----------------
20260506 011019.759 INFO             PET1     esm: InitializeIPDv02p5 extro {ES}:State object is invalid! Not created or deleted!
20260506 011019.759 INFO             PET1     esm: InitializeIPDv02p5 extro {ES}:--- StateLog() end -------------------
20260506 011019.759 INFO             PET1   esm: InitializeIPDv02p5 extro.
20260506 011019.759 INFO             PET1   <<<esm: leaving Initialize (phase=<none>) with current time: 2010  6  1  0  0  0   0
20260506 011019.759 INFO             PET1   esm: InitializeGeneric extro {IS}:--- StateLog() start -----------------
20260506 011019.759 INFO             PET1   esm: InitializeGeneric extro {IS}:State object is invalid! Not created or deleted!
20260506 011019.759 INFO             PET1   esm: InitializeGeneric extro {IS}:--- StateLog() end -------------------
20260506 011019.759 INFO             PET1   esm: InitializeGeneric extro {ES}:--- StateLog() start -----------------
20260506 011019.759 INFO             PET1   esm: InitializeGeneric extro {ES}:State object is invalid! Not created or deleted!
20260506 011019.759 INFO             PET1   esm: InitializeGeneric extro {ES}:--- StateLog() end -------------------
20260506 011019.759 INFO             PET1 esm: InitializeGeneric extro.
20260506 011019.760 INFO             PET1 esm: Run intro.
20260506 011019.760 INFO             PET1   esm: Run intro {IS}:--- StateLog() start -----------------
20260506 011019.760 INFO             PET1   esm: Run intro {IS}:State object is invalid! Not created or deleted!
20260506 011019.760 INFO             PET1   esm: Run intro {IS}:--- StateLog() end -------------------
20260506 011019.760 INFO             PET1   esm: Run intro {ES}:--- StateLog() start -----------------
20260506 011019.760 INFO             PET1   esm: Run intro {ES}:State object is invalid! Not created or deleted!
20260506 011019.760 INFO             PET1   esm: Run intro {ES}:--- StateLog() end -------------------
20260506 011019.760 INFO             PET1   >>>esm: entered Run (phase=RunPhase1) with current time: 2010  6  1  0  0  0   0
20260506 011019.760 INFO             PET1   esm: after lable_SetRunClock, current time: 2010  6  1  0  0  0   0
20260506 011019.760 INFO             PET1   esm: begin -------> RunSequence.
20260506 011019.760 INFO             PET1     esm: RunSequence event loopLevel=   1  levelMember=   1  loopIteration=   1, current time: 2010  6  1  0  0  0   0
20260506 011019.760 INFO             PET1     ATM-TO-OCN: Run intro.
20260506 011019.760 INFO             PET1     ATM-TO-OCN: Run extro.
20260506 011019.760 INFO             PET1     OCN-TO-ATM: Run intro.
20260506 011019.761 INFO             PET1     OCN-TO-ATM: Run extro.
20260506 011019.761 INFO             PET1     atmB: Run intro.
20260506 011019.761 INFO             PET1       ------>Advancing ATM from: 2010  6  1  0  0  0   0
20260506 011019.761 INFO             PET1       ---------------------> to: 2010  6  1  0 15  0   0
20260506 011019.761 INFO             PET1     atmB: Run extro.
20260506 011019.761 INFO             PET1     ocnA: Run intro.
20260506 011019.761 INFO             PET1       ------>Advancing OCN from: 2010  6  1  0  0  0   0
20260506 011019.761 INFO             PET1       ---------------------> to: 2010  6  1  0  5  0   0
20260506 011019.761 INFO             PET1       ------>Advancing OCN from: 2010  6  1  0  5  0   0
20260506 011019.761 INFO             PET1       ---------------------> to: 2010  6  1  0 10  0   0
20260506 011019.761 INFO             PET1       ------>Advancing OCN from: 2010  6  1  0 10  0   0
20260506 011019.761 INFO             PET1       ---------------------> to: 2010  6  1  0 15  0   0
20260506 011019.761 INFO             PET1     ocnA: Run extro.
20260506 011019.761 INFO             PET1     esm: RunSequence event loopLevel=   1  levelMember=   1  loopIteration=   2, current time: 2010  6  1  0 15  0   0
20260506 011019.761 INFO             PET1     ATM-TO-OCN: Run intro.
20260506 011019.762 INFO             PET1     ATM-TO-OCN: Run extro.
20260506 011019.762 INFO             PET1     OCN-TO-ATM: Run intro.
20260506 011019.762 INFO             PET1     OCN-TO-ATM: Run extro.
20260506 011019.762 INFO             PET1     atmB: Run intro.
20260506 011019.762 INFO             PET1       ------>Advancing ATM from: 2010  6  1  0 15  0   0
20260506 011019.762 INFO             PET1       ---------------------> to: 2010  6  1  0 30  0   0
20260506 011019.762 INFO             PET1     atmB: Run extro.
20260506 011019.762 INFO             PET1     ocnA: Run intro.
20260506 011019.762 INFO             PET1       ------>Advancing OCN from: 2010  6  1  0 15  0   0
20260506 011019.762 INFO             PET1       ---------------------> to: 2010  6  1  0 20  0   0
20260506 011019.762 INFO             PET1       ------>Advancing OCN from: 2010  6  1  0 20  0   0
20260506 011019.762 INFO             PET1       ---------------------> to: 2010  6  1  0 25  0   0
20260506 011019.762 INFO             PET1       ------>Advancing OCN from: 2010  6  1  0 25  0   0
20260506 011019.762 INFO             PET1       ---------------------> to: 2010  6  1  0 30  0   0
20260506 011019.762 INFO             PET1     ocnA: Run extro.
20260506 011019.762 INFO             PET1     esm: RunSequence event loopLevel=   1  levelMember=   1  loopIteration=   3, current time: 2010  6  1  0 30  0   0
20260506 011019.763 INFO             PET1     ATM-TO-OCN: Run intro.
20260506 011019.763 INFO             PET1     ATM-TO-OCN: Run extro.
20260506 011019.763 INFO             PET1     OCN-TO-ATM: Run intro.
20260506 011019.763 INFO             PET1     OCN-TO-ATM: Run extro.
20260506 011019.763 INFO             PET1     atmB: Run intro.
20260506 011019.763 INFO             PET1       ------>Advancing ATM from: 2010  6  1  0 30  0   0
20260506 011019.763 INFO             PET1       ---------------------> to: 2010  6  1  0 45  0   0
20260506 011019.763 INFO             PET1     atmB: Run extro.
20260506 011019.763 INFO             PET1     ocnA: Run intro.
20260506 011019.763 INFO             PET1       ------>Advancing OCN from: 2010  6  1  0 30  0   0
20260506 011019.764 INFO             PET1       ---------------------> to: 2010  6  1  0 35  0   0
20260506 011019.764 INFO             PET1       ------>Advancing OCN from: 2010  6  1  0 35  0   0
20260506 011019.764 INFO             PET1       ---------------------> to: 2010  6  1  0 40  0   0
20260506 011019.764 INFO             PET1       ------>Advancing OCN from: 2010  6  1  0 40  0   0
20260506 011019.764 INFO             PET1       ---------------------> to: 2010  6  1  0 45  0   0
20260506 011019.764 INFO             PET1     ocnA: Run extro.
20260506 011019.764 INFO             PET1     esm: RunSequence event loopLevel=   1  levelMember=   1  loopIteration=   4, current time: 2010  6  1  0 45  0   0
20260506 011019.764 INFO             PET1     ATM-TO-OCN: Run intro.
20260506 011019.764 INFO             PET1     ATM-TO-OCN: Run extro.
20260506 011019.764 INFO             PET1     OCN-TO-ATM: Run intro.
20260506 011019.764 INFO             PET1     OCN-TO-ATM: Run extro.
20260506 011019.764 INFO             PET1     atmB: Run intro.
20260506 011019.764 INFO             PET1       ------>Advancing ATM from: 2010  6  1  0 45  0   0
20260506 011019.764 INFO             PET1       ---------------------> to: 2010  6  1  1  0  0   0
20260506 011019.764 INFO             PET1     atmB: Run extro.
20260506 011019.765 INFO             PET1     ocnA: Run intro.
20260506 011019.765 INFO             PET1       ------>Advancing OCN from: 2010  6  1  0 45  0   0
20260506 011019.765 INFO             PET1       ---------------------> to: 2010  6  1  0 50  0   0
20260506 011019.765 INFO             PET1       ------>Advancing OCN from: 2010  6  1  0 50  0   0
20260506 011019.765 INFO             PET1       ---------------------> to: 2010  6  1  0 55  0   0
20260506 011019.765 INFO             PET1       ------>Advancing OCN from: 2010  6  1  0 55  0   0
20260506 011019.765 INFO             PET1       ---------------------> to: 2010  6  1  1  0  0   0
20260506 011019.765 INFO             PET1     ocnA: Run extro.
20260506 011019.765 INFO             PET1   esm: end <--------- RunSequence
20260506 011019.765 INFO             PET1   <<<esm: leaving Run (phase=RunPhase1) with current time: 2010  6  1  1  0  0   0
20260506 011019.765 INFO             PET1   esm: Run extro {IS}:--- StateLog() start -----------------
20260506 011019.765 INFO             PET1   esm: Run extro {IS}:State object is invalid! Not created or deleted!
20260506 011019.765 INFO             PET1   esm: Run extro {IS}:--- StateLog() end -------------------
20260506 011019.765 INFO             PET1   esm: Run extro {ES}:--- StateLog() start -----------------
20260506 011019.765 INFO             PET1   esm: Run extro {ES}:State object is invalid! Not created or deleted!
20260506 011019.765 INFO             PET1   esm: Run extro {ES}:--- StateLog() end -------------------
20260506 011019.765 INFO             PET1 esm: Run extro.
20260506 011019.765 INFO             PET1 esm: Finalize intro.
20260506 011019.765 INFO             PET1   esm: Finalize intro {IS}:--- StateLog() start -----------------
20260506 011019.765 INFO             PET1   esm: Finalize intro {IS}:State object is invalid! Not created or deleted!
20260506 011019.765 INFO             PET1   esm: Finalize intro {IS}:--- StateLog() end -------------------
20260506 011019.765 INFO             PET1   esm: Finalize intro {ES}:--- StateLog() start -----------------
20260506 011019.765 INFO             PET1   esm: Finalize intro {ES}:State object is invalid! Not created or deleted!
20260506 011019.765 INFO             PET1   esm: Finalize intro {ES}:--- StateLog() end -------------------
20260506 011019.765 INFO             PET1   >>>esm: entered Finalize (phase=FinalizePhase1) with current time: 2010  6  1  1  0  0   0
20260506 011019.765 INFO             PET1   Calling Finalize phase 1 for connectorComp: ATM-TO-OCN
20260506 011019.765 INFO             PET1   ATM-TO-OCN: Finalize intro.
20260506 011019.765 INFO             PET1   ATM-TO-OCN: Finalize extro.
20260506 011019.765 INFO             PET1   Calling Finalize phase 1 for connectorComp: OCN-TO-ATM
20260506 011019.765 INFO             PET1   OCN-TO-ATM: Finalize intro.
20260506 011019.765 INFO             PET1   OCN-TO-ATM: Finalize extro.
20260506 011019.765 INFO             PET1   Calling Finalize phase 1 for modelComp: atmB
20260506 011019.765 INFO             PET1   atmB: Finalize intro.
20260506 011019.765 INFO             PET1   atmB: Finalize extro.
20260506 011019.765 INFO             PET1   Calling Finalize phase 1 for modelComp: ocnA
20260506 011019.766 INFO             PET1   ocnA: Finalize intro.
20260506 011019.766 INFO             PET1   ocnA: Finalize extro.
20260506 011019.766 INFO             PET1   Delete modelComp: atmB
20260506 011019.766 INFO             PET1   Delete Import-/Export State for modelComp: atmB
20260506 011019.766 INFO             PET1   Delete modelComp: ocnA
20260506 011019.766 INFO             PET1   Delete Import-/Export State for modelComp: ocnA
20260506 011019.766 INFO             PET1   Delete connectorComp: ATM-TO-OCN
20260506 011019.766 INFO             PET1   Delete connectorComp: OCN-TO-ATM
20260506 011019.766 INFO             PET1   <<<esm: leaving Finalize (phase=FinalizePhase1) with current time: 2010  6  1  1  0  0   0
20260506 011019.766 INFO             PET1 esm: Finalize extro.
20260506 011019.766 INFO             PET1 esmApp FINISHED
20260506 011019.766 INFO             PET1  Finalizing ESMF
20260506 011023.966 INFO             PET1 !!!!!!!!!!!!!!!!!!!!!!!!!!!!!!!!!!!!!!!!!!!!!!!!!!!!!!
20260506 011023.966 INFO             PET1 !!! THE ESMF_LOG IS SET TO OUTPUT ALL LOG MESSAGES !!!
20260506 011023.966 INFO             PET1 !!!     THIS MAY CAUSE SLOWDOWN IN PERFORMANCE     !!!
20260506 011023.966 INFO             PET1 !!! FOR PRODUCTION RUNS, USE:                      !!!
20260506 011023.966 INFO             PET1 !!!                   ESMF_LOGKIND_Multi_On_Error  !!!
20260506 011023.966 INFO             PET1 !!!!!!!!!!!!!!!!!!!!!!!!!!!!!!!!!!!!!!!!!!!!!!!!!!!!!!
20260506 011023.966 INFO             PET1 Running with ESMF Version   : develop+g0ae3009ebf
20260506 011023.966 INFO             PET1 ESMF library build date/time: "May  6 2026" "00:44:24"
20260506 011023.966 INFO             PET1 ESMF library build location : /home/gerhard/ESMF-Nightly-Testing/gfortran_7.4.0_mpich_g_develop/esmf
20260506 011023.966 INFO             PET1 ESMF_COMM                   : mpich
20260506 011023.966 INFO             PET1 ESMF_MOAB                   : enabled
20260506 011023.966 INFO             PET1 ESMF_LAPACK                 : enabled
20260506 011023.966 INFO             PET1 ESMF_NETCDF                 : enabled
20260506 011023.966 INFO             PET1 ESMF_PNETCDF                : disabled
20260506 011023.966 INFO             PET1 ESMF_PIO                    : enabled
20260506 011023.966 INFO             PET1 ESMF_YAMLCPP                : enabled
20260506 011023.966 INFO             PET1 esmApp STARTING
20260506 011023.970 INFO             PET1 esm: InitializeGeneric intro.
20260506 011023.970 INFO             PET1   esm: InitializeGeneric intro {IS}:--- StateLog() start -----------------
20260506 011023.970 INFO             PET1   esm: InitializeGeneric intro {IS}:State object is invalid! Not created or deleted!
20260506 011023.970 INFO             PET1   esm: InitializeGeneric intro {IS}:--- StateLog() end -------------------
20260506 011023.970 INFO             PET1   esm: InitializeGeneric intro {ES}:--- StateLog() start -----------------
20260506 011023.970 INFO             PET1   esm: InitializeGeneric intro {ES}:State object is invalid! Not created or deleted!
20260506 011023.970 INFO             PET1   esm: InitializeGeneric intro {ES}:--- StateLog() end -------------------
20260506 011023.970 INFO             PET1   >>>esm: entered Initialize (phase=<none>) without valid internal Clock.
20260506 011023.970 INFO             PET1   esm: InitializeP0 intro.
20260506 011023.970 INFO             PET1     esm: InitializeP0 intro {IS}:--- StateLog() start -----------------
20260506 011023.970 INFO             PET1     esm: InitializeP0 intro {IS}:State object is invalid! Not created or deleted!
20260506 011023.970 INFO             PET1     esm: InitializeP0 intro {IS}:--- StateLog() end -------------------
20260506 011023.970 INFO             PET1     esm: InitializeP0 intro {ES}:--- StateLog() start -----------------
20260506 011023.970 INFO             PET1     esm: InitializeP0 intro {ES}:State object is invalid! Not created or deleted!
20260506 011023.970 INFO             PET1     esm: InitializeP0 intro {ES}:--- StateLog() end -------------------
20260506 011023.970 INFO             PET1     >>>esm: entered Initialize (phase=<none>) without valid internal Clock.
20260506 011023.970 INFO             PET1     <<<esm: leaving Initialize (phase=<none>) without valid internal Clock.
20260506 011023.970 INFO             PET1     esm: InitializeP0 extro {IS}:--- StateLog() start -----------------
20260506 011023.970 INFO             PET1     esm: InitializeP0 extro {IS}:State object is invalid! Not created or deleted!
20260506 011023.970 INFO             PET1     esm: InitializeP0 extro {IS}:--- StateLog() end -------------------
20260506 011023.970 INFO             PET1     esm: InitializeP0 extro {ES}:--- StateLog() start -----------------
20260506 011023.970 INFO             PET1     esm: InitializeP0 extro {ES}:State object is invalid! Not created or deleted!
20260506 011023.970 INFO             PET1     esm: InitializeP0 extro {ES}:--- StateLog() end -------------------
20260506 011023.970 INFO             PET1   esm: InitializeP0 extro.
20260506 011023.970 INFO             PET1   esm: InitializeIPDv02p1 intro.
20260506 011023.970 INFO             PET1     esm: InitializeIPDv02p1 intro {IS}:--- StateLog() start -----------------
20260506 011023.970 INFO             PET1     esm: InitializeIPDv02p1 intro {IS}:State object is invalid! Not created or deleted!
20260506 011023.970 INFO             PET1     esm: InitializeIPDv02p1 intro {IS}:--- StateLog() end -------------------
20260506 011023.970 INFO             PET1     esm: InitializeIPDv02p1 intro {ES}:--- StateLog() start -----------------
20260506 011023.970 INFO             PET1     esm: InitializeIPDv02p1 intro {ES}:State object is invalid! Not created or deleted!
20260506 011023.970 INFO             PET1     esm: InitializeIPDv02p1 intro {ES}:--- StateLog() end -------------------
20260506 011023.970 INFO             PET1     >>>esm: entered Initialize (phase=<none>) without valid internal Clock.
20260506 011023.974 INFO             PET1     esm - Creating model component ATM without petList.
20260506 011023.977 INFO             PET1     esm - Creating model component OCN without petList.
20260506 011023.979 INFO             PET1     esm - Creating connector component ATM-TO-OCN without petList.
20260506 011023.983 INFO             PET1     esm - Creating connector component OCN-TO-ATM without petList.
20260506 011023.987 INFO             PET1     esm - Creating state: modelComp 1 Import State
20260506 011023.987 INFO             PET1     esm - Creating state: modelComp 1 Export State
20260506 011023.987 INFO             PET1     esm - Creating state: modelComp 2 Import State
20260506 011023.988 INFO             PET1     esm - Creating state: modelComp 2 Export State
20260506 011023.988 INFO             PET1     ATM: InitializeP0 intro.
20260506 011023.989 INFO             PET1     ATM: InitializeP0 extro.
20260506 011023.989 INFO             PET1     OCN: InitializeP0 intro.
20260506 011023.990 INFO             PET1     OCN: InitializeP0 extro.
20260506 011023.992 INFO             PET1     ATM-TO-OCN: InitializeP0 intro.
20260506 011023.992 INFO             PET1     ATM-TO-OCN: InitializeP0 extro.
20260506 011023.993 INFO             PET1     OCN-TO-ATM: InitializeP0 intro.
20260506 011023.993 INFO             PET1     OCN-TO-ATM: InitializeP0 extro.
20260506 011023.994 INFO             PET1     esm: IInitAdvertise intro.
20260506 011023.994 INFO             PET1       esm: IInitAdvertise intro {IS}:--- StateLog() start -----------------
20260506 011023.994 INFO             PET1       esm: IInitAdvertise intro {IS}:State object is invalid! Not created or deleted!
20260506 011023.994 INFO             PET1       esm: IInitAdvertise intro {IS}:--- StateLog() end -------------------
20260506 011023.994 INFO             PET1       esm: IInitAdvertise intro {ES}:--- StateLog() start -----------------
20260506 011023.994 INFO             PET1       esm: IInitAdvertise intro {ES}:State object is invalid! Not created or deleted!
20260506 011023.994 INFO             PET1       esm: IInitAdvertise intro {ES}:--- StateLog() end -------------------
20260506 011023.994 INFO             PET1       >>>esm: entered Initialize (phase=<none>) with current time: 2010  6  1  0  0  0   0
20260506 011023.994 INFO             PET1       <<<esm: leaving Initialize (phase=<none>) with current time: 2010  6  1  0  0  0   0
20260506 011023.994 INFO             PET1       esm: IInitAdvertise extro {IS}:--- StateLog() start -----------------
20260506 011023.994 INFO             PET1       esm: IInitAdvertise extro {IS}:State object is invalid! Not created or deleted!
20260506 011023.994 INFO             PET1       esm: IInitAdvertise extro {IS}:--- StateLog() end -------------------
20260506 011023.994 INFO             PET1       esm: IInitAdvertise extro {ES}:--- StateLog() start -----------------
20260506 011023.994 INFO             PET1       esm: IInitAdvertise extro {ES}:State object is invalid! Not created or deleted!
20260506 011023.994 INFO             PET1       esm: IInitAdvertise extro {ES}:--- StateLog() end -------------------
20260506 011023.994 INFO             PET1     esm: IInitAdvertise extro.
20260506 011023.994 INFO             PET1     ATM: InitializeIPDvXp01 intro.
20260506 011023.996 INFO             PET1     ATM: InitializeIPDvXp01 extro.
20260506 011023.996 INFO             PET1     OCN: InitializeIPDvXp01 intro.
20260506 011023.998 INFO             PET1     OCN: InitializeIPDvXp01 extro.
20260506 011023.999 INFO             PET1     ATM-TO-OCN: InitializeIPDv05p1 intro.
20260506 011023.999 INFO             PET1     ATM-TO-OCN: InitializeIPDv05p1 extro.
20260506 011024.000 INFO             PET1     OCN-TO-ATM: InitializeIPDv05p1 intro.
20260506 011024.000 INFO             PET1     OCN-TO-ATM: InitializeIPDv05p1 extro.
20260506 011024.000 INFO             PET1     esm: IInitAdvertiseFinish intro.
20260506 011024.000 INFO             PET1       esm: IInitAdvertiseFinish intro {IS}:--- StateLog() start -----------------
20260506 011024.000 INFO             PET1       esm: IInitAdvertiseFinish intro {IS}:State object is invalid! Not created or deleted!
20260506 011024.000 INFO             PET1       esm: IInitAdvertiseFinish intro {IS}:--- StateLog() end -------------------
20260506 011024.000 INFO             PET1       esm: IInitAdvertiseFinish intro {ES}:--- StateLog() start -----------------
20260506 011024.000 INFO             PET1       esm: IInitAdvertiseFinish intro {ES}:State object is invalid! Not created or deleted!
20260506 011024.000 INFO             PET1       esm: IInitAdvertiseFinish intro {ES}:--- StateLog() end -------------------
20260506 011024.000 INFO             PET1       >>>esm: entered Initialize (phase=<none>) with current time: 2010  6  1  0  0  0   0
20260506 011024.000 INFO             PET1       <<<esm: leaving Initialize (phase=<none>) with current time: 2010  6  1  0  0  0   0
20260506 011024.000 INFO             PET1       esm: IInitAdvertiseFinish extro {IS}:--- StateLog() start -----------------
20260506 011024.000 INFO             PET1       esm: IInitAdvertiseFinish extro {IS}:State object is invalid! Not created or deleted!
20260506 011024.000 INFO             PET1       esm: IInitAdvertiseFinish extro {IS}:--- StateLog() end -------------------
20260506 011024.000 INFO             PET1       esm: IInitAdvertiseFinish extro {ES}:--- StateLog() start -----------------
20260506 011024.000 INFO             PET1       esm: IInitAdvertiseFinish extro {ES}:State object is invalid! Not created or deleted!
20260506 011024.000 INFO             PET1       esm: IInitAdvertiseFinish extro {ES}:--- StateLog() end -------------------
20260506 011024.000 INFO             PET1     esm: IInitAdvertiseFinish extro.
20260506 011024.000 INFO             PET1     ATM-TO-OCN: InitializeIPDv05p2a intro.
20260506 011024.000 INFO             PET1     ATM-TO-OCN: InitializeIPDv05p2a extro.
20260506 011024.000 INFO             PET1     OCN-TO-ATM: InitializeIPDv05p2a intro.
20260506 011024.000 INFO             PET1     OCN-TO-ATM: InitializeIPDv05p2a extro.
20260506 011024.001 INFO             PET1     ATM-TO-OCN: InitializeIPDv05p2b intro.
20260506 011024.001 INFO             PET1     ATM-TO-OCN: InitializeIPDv05p2b extro.
20260506 011024.001 INFO             PET1     OCN-TO-ATM: InitializeIPDv05p2b intro.
20260506 011024.001 INFO             PET1     OCN-TO-ATM: InitializeIPDv05p2b extro.
20260506 011024.001 INFO             PET1     esm: IInitModifyCplLists intro.
20260506 011024.001 INFO             PET1       esm: IInitModifyCplLists intro {IS}:--- StateLog() start -----------------
20260506 011024.001 INFO             PET1       esm: IInitModifyCplLists intro {IS}:State object is invalid! Not created or deleted!
20260506 011024.001 INFO             PET1       esm: IInitModifyCplLists intro {IS}:--- StateLog() end -------------------
20260506 011024.001 INFO             PET1       esm: IInitModifyCplLists intro {ES}:--- StateLog() start -----------------
20260506 011024.001 INFO             PET1       esm: IInitModifyCplLists intro {ES}:State object is invalid! Not created or deleted!
20260506 011024.001 INFO             PET1       esm: IInitModifyCplLists intro {ES}:--- StateLog() end -------------------
20260506 011024.001 INFO             PET1       >>>esm: entered Initialize (phase=<none>) with current time: 2010  6  1  0  0  0   0
20260506 011024.001 INFO             PET1       <<<esm: leaving Initialize (phase=<none>) with current time: 2010  6  1  0  0  0   0
20260506 011024.001 INFO             PET1       esm: IInitModifyCplLists extro {IS}:--- StateLog() start -----------------
20260506 011024.001 INFO             PET1       esm: IInitModifyCplLists extro {IS}:State object is invalid! Not created or deleted!
20260506 011024.001 INFO             PET1       esm: IInitModifyCplLists extro {IS}:--- StateLog() end -------------------
20260506 011024.001 INFO             PET1       esm: IInitModifyCplLists extro {ES}:--- StateLog() start -----------------
20260506 011024.001 INFO             PET1       esm: IInitModifyCplLists extro {ES}:State object is invalid! Not created or deleted!
20260506 011024.001 INFO             PET1       esm: IInitModifyCplLists extro {ES}:--- StateLog() end -------------------
20260506 011024.001 INFO             PET1     esm: IInitModifyCplLists extro.
20260506 011024.002 INFO             PET1     ATM-TO-OCN: InitializeIPDv05p3 intro.
20260506 011024.002 INFO             PET1     ATM-TO-OCN: InitializeIPDv05p3 extro.
20260506 011024.002 INFO             PET1     OCN-TO-ATM: InitializeIPDv05p3 intro.
20260506 011024.003 INFO             PET1     OCN-TO-ATM: InitializeIPDv05p3 extro.
20260506 011024.003 INFO             PET1     <<<esm: leaving Initialize (phase=<none>) with current time: 2010  6  1  0  0  0   0
20260506 011024.003 INFO             PET1     esm: InitializeIPDv02p1 extro {IS}:--- StateLog() start -----------------
20260506 011024.003 INFO             PET1     esm: InitializeIPDv02p1 extro {IS}:State object is invalid! Not created or deleted!
20260506 011024.003 INFO             PET1     esm: InitializeIPDv02p1 extro {IS}:--- StateLog() end -------------------
20260506 011024.003 INFO             PET1     esm: InitializeIPDv02p1 extro {ES}:--- StateLog() start -----------------
20260506 011024.003 INFO             PET1     esm: InitializeIPDv02p1 extro {ES}:State object is invalid! Not created or deleted!
20260506 011024.003 INFO             PET1     esm: InitializeIPDv02p1 extro {ES}:--- StateLog() end -------------------
20260506 011024.003 INFO             PET1   esm: InitializeIPDv02p1 extro.
20260506 011024.003 INFO             PET1   esm: InitializeIPDv02p3 intro.
20260506 011024.003 INFO             PET1     esm: InitializeIPDv02p3 intro {IS}:--- StateLog() start -----------------
20260506 011024.003 INFO             PET1     esm: InitializeIPDv02p3 intro {IS}:State object is invalid! Not created or deleted!
20260506 011024.003 INFO             PET1     esm: InitializeIPDv02p3 intro {IS}:--- StateLog() end -------------------
20260506 011024.003 INFO             PET1     esm: InitializeIPDv02p3 intro {ES}:--- StateLog() start -----------------
20260506 011024.003 INFO             PET1     esm: InitializeIPDv02p3 intro {ES}:State object is invalid! Not created or deleted!
20260506 011024.003 INFO             PET1     esm: InitializeIPDv02p3 intro {ES}:--- StateLog() end -------------------
20260506 011024.003 INFO             PET1     >>>esm: entered Initialize (phase=<none>) with current time: 2010  6  1  0  0  0   0
20260506 011024.003 INFO             PET1     esm: IInitCheck intro.
20260506 011024.003 INFO             PET1       esm: IInitCheck intro {IS}:--- StateLog() start -----------------
20260506 011024.003 INFO             PET1       esm: IInitCheck intro {IS}:State object is invalid! Not created or deleted!
20260506 011024.003 INFO             PET1       esm: IInitCheck intro {IS}:--- StateLog() end -------------------
20260506 011024.003 INFO             PET1       esm: IInitCheck intro {ES}:--- StateLog() start -----------------
20260506 011024.003 INFO             PET1       esm: IInitCheck intro {ES}:State object is invalid! Not created or deleted!
20260506 011024.003 INFO             PET1       esm: IInitCheck intro {ES}:--- StateLog() end -------------------
20260506 011024.003 INFO             PET1       >>>esm: entered Initialize (phase=<none>) with current time: 2010  6  1  0  0  0   0
20260506 011024.003 INFO             PET1       <<<esm: leaving Initialize (phase=<none>) with current time: 2010  6  1  0  0  0   0
20260506 011024.003 INFO             PET1       esm: IInitCheck extro {IS}:--- StateLog() start -----------------
20260506 011024.003 INFO             PET1       esm: IInitCheck extro {IS}:State object is invalid! Not created or deleted!
20260506 011024.003 INFO             PET1       esm: IInitCheck extro {IS}:--- StateLog() end -------------------
20260506 011024.003 INFO             PET1       esm: IInitCheck extro {ES}:--- StateLog() start -----------------
20260506 011024.003 INFO             PET1       esm: IInitCheck extro {ES}:State object is invalid! Not created or deleted!
20260506 011024.003 INFO             PET1       esm: IInitCheck extro {ES}:--- StateLog() end -------------------
20260506 011024.003 INFO             PET1     esm: IInitCheck extro.
20260506 011024.003 INFO             PET1     atmA: InitializeIPDvXp04 intro.
20260506 011024.007 INFO             PET1     atmA: InitializeIPDvXp04 extro.
20260506 011024.007 INFO             PET1     ocnB: InitializeIPDvXp04 intro.
20260506 011024.010 INFO             PET1     ocnB: InitializeIPDvXp04 extro.
20260506 011024.011 INFO             PET1     ATM-TO-OCN: InitializeIPDv05p4 intro.
20260506 011024.012 INFO             PET1     ATM-TO-OCN: InitializeIPDv05p4 extro.
20260506 011024.012 INFO             PET1     OCN-TO-ATM: InitializeIPDv05p4 intro.
20260506 011024.012 INFO             PET1     OCN-TO-ATM: InitializeIPDv05p4 extro.
20260506 011024.012 INFO             PET1     ATM-TO-OCN: InitializeIPDv05p5 intro.
20260506 011024.012 INFO             PET1     ATM-TO-OCN: InitializeIPDv05p5 extro.
20260506 011024.012 INFO             PET1     OCN-TO-ATM: InitializeIPDv05p5 intro.
20260506 011024.013 INFO             PET1     OCN-TO-ATM: InitializeIPDv05p5 extro.
20260506 011024.013 INFO             PET1     esm: IInitRealize intro.
20260506 011024.013 INFO             PET1       esm: IInitRealize intro {IS}:--- StateLog() start -----------------
20260506 011024.013 INFO             PET1       esm: IInitRealize intro {IS}:State object is invalid! Not created or deleted!
20260506 011024.013 INFO             PET1       esm: IInitRealize intro {IS}:--- StateLog() end -------------------
20260506 011024.013 INFO             PET1       esm: IInitRealize intro {ES}:--- StateLog() start -----------------
20260506 011024.013 INFO             PET1       esm: IInitRealize intro {ES}:State object is invalid! Not created or deleted!
20260506 011024.013 INFO             PET1       esm: IInitRealize intro {ES}:--- StateLog() end -------------------
20260506 011024.013 INFO             PET1       >>>esm: entered Initialize (phase=<none>) with current time: 2010  6  1  0  0  0   0
20260506 011024.013 INFO             PET1       <<<esm: leaving Initialize (phase=<none>) with current time: 2010  6  1  0  0  0   0
20260506 011024.013 INFO             PET1       esm: IInitRealize extro {IS}:--- StateLog() start -----------------
20260506 011024.013 INFO             PET1       esm: IInitRealize extro {IS}:State object is invalid! Not created or deleted!
20260506 011024.013 INFO             PET1       esm: IInitRealize extro {IS}:--- StateLog() end -------------------
20260506 011024.013 INFO             PET1       esm: IInitRealize extro {ES}:--- StateLog() start -----------------
20260506 011024.013 INFO             PET1       esm: IInitRealize extro {ES}:State object is invalid! Not created or deleted!
20260506 011024.013 INFO             PET1       esm: IInitRealize extro {ES}:--- StateLog() end -------------------
20260506 011024.013 INFO             PET1     esm: IInitRealize extro.
20260506 011024.013 INFO             PET1     ATM-TO-OCN: InitializeIPDv05p6a intro.
20260506 011024.013 INFO             PET1     ATM-TO-OCN: InitializeIPDv05p6a extro.
20260506 011024.013 INFO             PET1     OCN-TO-ATM: InitializeIPDv05p6a intro.
20260506 011024.013 INFO             PET1     OCN-TO-ATM: InitializeIPDv05p6a extro.
20260506 011024.014 INFO             PET1     ATM-TO-OCN: InitializeIPDv05p6b intro.
20260506 011024.054 INFO             PET1     ATM-TO-OCN: InitializeIPDv05p6b extro.
20260506 011024.054 INFO             PET1     OCN-TO-ATM: InitializeIPDv05p6b intro.
20260506 011024.091 INFO             PET1     OCN-TO-ATM: InitializeIPDv05p6b extro.
20260506 011024.092 INFO             PET1     atmA: InitializeIPDvXp07 intro.
20260506 011024.092 INFO             PET1     atmA: InitializeIPDvXp07 extro.
20260506 011024.092 INFO             PET1     ocnB: InitializeIPDvXp07 intro.
20260506 011024.092 INFO             PET1     ocnB: InitializeIPDvXp07 extro.
20260506 011024.092 INFO             PET1     <<<esm: leaving Initialize (phase=<none>) with current time: 2010  6  1  0  0  0   0
20260506 011024.092 INFO             PET1     esm: InitializeIPDv02p3 extro {IS}:--- StateLog() start -----------------
20260506 011024.092 INFO             PET1     esm: InitializeIPDv02p3 extro {IS}:State object is invalid! Not created or deleted!
20260506 011024.092 INFO             PET1     esm: InitializeIPDv02p3 extro {IS}:--- StateLog() end -------------------
20260506 011024.092 INFO             PET1     esm: InitializeIPDv02p3 extro {ES}:--- StateLog() start -----------------
20260506 011024.092 INFO             PET1     esm: InitializeIPDv02p3 extro {ES}:State object is invalid! Not created or deleted!
20260506 011024.092 INFO             PET1     esm: InitializeIPDv02p3 extro {ES}:--- StateLog() end -------------------
20260506 011024.092 INFO             PET1   esm: InitializeIPDv02p3 extro.
20260506 011024.092 INFO             PET1   esm: InitializeIPDv02p5 intro.
20260506 011024.092 INFO             PET1     esm: InitializeIPDv02p5 intro {IS}:--- StateLog() start -----------------
20260506 011024.092 INFO             PET1     esm: InitializeIPDv02p5 intro {IS}:State object is invalid! Not created or deleted!
20260506 011024.092 INFO             PET1     esm: InitializeIPDv02p5 intro {IS}:--- StateLog() end -------------------
20260506 011024.092 INFO             PET1     esm: InitializeIPDv02p5 intro {ES}:--- StateLog() start -----------------
20260506 011024.092 INFO             PET1     esm: InitializeIPDv02p5 intro {ES}:State object is invalid! Not created or deleted!
20260506 011024.092 INFO             PET1     esm: InitializeIPDv02p5 intro {ES}:--- StateLog() end -------------------
20260506 011024.092 INFO             PET1     >>>esm: entered Initialize (phase=<none>) with current time: 2010  6  1  0  0  0   0
20260506 011024.092 INFO             PET1     esm: this is a top level driver, no 'Updated' and 'InitializeDataComplete' info on this level.
20260506 011024.092 INFO             PET1     esm: InitializeIPDv02p5Data intro.
20260506 011024.092 INFO             PET1       esm: InitializeIPDv02p5Data intro {IS}:--- StateLog() start -----------------
20260506 011024.092 INFO             PET1       esm: InitializeIPDv02p5Data intro {IS}:State object is invalid! Not created or deleted!
20260506 011024.092 INFO             PET1       esm: InitializeIPDv02p5Data intro {IS}:--- StateLog() end -------------------
20260506 011024.092 INFO             PET1       esm: InitializeIPDv02p5Data intro {ES}:--- StateLog() start -----------------
20260506 011024.092 INFO             PET1       esm: InitializeIPDv02p5Data intro {ES}:State object is invalid! Not created or deleted!
20260506 011024.092 INFO             PET1       esm: InitializeIPDv02p5Data intro {ES}:--- StateLog() end -------------------
20260506 011024.092 INFO             PET1       >>>esm: entered Initialize (phase=<none>) with current time: 2010  6  1  0  0  0   0
20260506 011024.092 INFO             PET1       esm: InternalInitializeComplete intro.
20260506 011024.092 INFO             PET1         esm: InternalInitializeComplete intro {IS}:--- StateLog() start -----------------
20260506 011024.092 INFO             PET1         esm: InternalInitializeComplete intro {IS}:State object is invalid! Not created or deleted!
20260506 011024.092 INFO             PET1         esm: InternalInitializeComplete intro {IS}:--- StateLog() end -------------------
20260506 011024.092 INFO             PET1         esm: InternalInitializeComplete intro {ES}:--- StateLog() start -----------------
20260506 011024.092 INFO             PET1         esm: InternalInitializeComplete intro {ES}:State object is invalid! Not created or deleted!
20260506 011024.092 INFO             PET1         esm: InternalInitializeComplete intro {ES}:--- StateLog() end -------------------
20260506 011024.093 INFO             PET1         >>>esm: entered Initialize (phase=<none>) with current time: 2010  6  1  0  0  0   0
20260506 011024.093 INFO             PET1         esm: InitializeDataComplete='true'
20260506 011024.093 INFO             PET1         <<<esm: leaving Initialize (phase=<none>) with current time: 2010  6  1  0  0  0   0
20260506 011024.093 INFO             PET1         esm: InternalInitializeComplete extro {IS}:--- StateLog() start -----------------
20260506 011024.093 INFO             PET1         esm: InternalInitializeComplete extro {IS}:State object is invalid! Not created or deleted!
20260506 011024.093 INFO             PET1         esm: InternalInitializeComplete extro {IS}:--- StateLog() end -------------------
20260506 011024.093 INFO             PET1         esm: InternalInitializeComplete extro {ES}:--- StateLog() start -----------------
20260506 011024.093 INFO             PET1         esm: InternalInitializeComplete extro {ES}:State object is invalid! Not created or deleted!
20260506 011024.093 INFO             PET1         esm: InternalInitializeComplete extro {ES}:--- StateLog() end -------------------
20260506 011024.093 INFO             PET1       esm: InternalInitializeComplete extro.
20260506 011024.093 INFO             PET1       atmA: InitializeIPDv01p5 intro.
20260506 011024.093 INFO             PET1       atmA: InitializeIPDv01p5 extro.
20260506 011024.093 INFO             PET1       ocnB: InitializeIPDv01p5 intro.
20260506 011024.093 INFO             PET1       ocnB: InitializeIPDv01p5 extro.
20260506 011024.094 INFO             PET1       esm: components present that trigger loopDataDependentInitialize().
20260506 011024.094 INFO             PET1       esm: loopDataDependentInitialize intro.
20260506 011024.094 INFO             PET1         esm: loopDataDependentInitialize intro {IS}:--- StateLog() start -----------------
20260506 011024.094 INFO             PET1         esm: loopDataDependentInitialize intro {IS}:State object is invalid! Not created or deleted!
20260506 011024.094 INFO             PET1         esm: loopDataDependentInitialize intro {IS}:--- StateLog() end -------------------
20260506 011024.094 INFO             PET1         esm: loopDataDependentInitialize intro {ES}:--- StateLog() start -----------------
20260506 011024.094 INFO             PET1         esm: loopDataDependentInitialize intro {ES}:State object is invalid! Not created or deleted!
20260506 011024.094 INFO             PET1         esm: loopDataDependentInitialize intro {ES}:--- StateLog() end -------------------
20260506 011024.095 INFO             PET1         >>>esm: entered Initialize (phase=<none>) with current time: 2010  6  1  0  0  0   0
20260506 011024.095 INFO             PET1         esm: component    0=esm, dataComplete (local): true
20260506 011024.095 INFO             PET1         esm: component    0=esm, dataComplete (global):  T
20260506 011024.095 INFO             PET1         esm: component    1=atmA, dataComplete (local): true
20260506 011024.095 INFO             PET1         esm: component    1=atmA, dataComplete (global):  T
20260506 011024.095 INFO             PET1         esm: component    2=ocnB, dataComplete (local): true
20260506 011024.095 INFO             PET1         esm: component    2=ocnB, dataComplete (global):  T
20260506 011024.095 INFO             PET1         esm: someProgress= F, allComplete= T, present(dataDepAllComplete)= T
20260506 011024.095 INFO             PET1         esm: finished resolving initialize data dependencies on this level.
20260506 011024.095 INFO             PET1         <<<esm: leaving Initialize (phase=<none>) with current time: 2010  6  1  0  0  0   0
20260506 011024.095 INFO             PET1         esm: loopDataDependentInitialize extro {IS}:--- StateLog() start -----------------
20260506 011024.095 INFO             PET1         esm: loopDataDependentInitialize extro {IS}:State object is invalid! Not created or deleted!
20260506 011024.095 INFO             PET1         esm: loopDataDependentInitialize extro {IS}:--- StateLog() end -------------------
20260506 011024.095 INFO             PET1         esm: loopDataDependentInitialize extro {ES}:--- StateLog() start -----------------
20260506 011024.095 INFO             PET1         esm: loopDataDependentInitialize extro {ES}:State object is invalid! Not created or deleted!
20260506 011024.095 INFO             PET1         esm: loopDataDependentInitialize extro {ES}:--- StateLog() end -------------------
20260506 011024.095 INFO             PET1       esm: loopDataDependentInitialize extro.
20260506 011024.095 INFO             PET1       esm: loopDataDependentInitialize() returned with dataDepAllComplete:  T
20260506 011024.095 INFO             PET1       <<<esm: leaving Initialize (phase=<none>) with current time: 2010  6  1  0  0  0   0
20260506 011024.095 INFO             PET1       esm: InitializeIPDv02p5Data extro {IS}:--- StateLog() start -----------------
20260506 011024.095 INFO             PET1       esm: InitializeIPDv02p5Data extro {IS}:State object is invalid! Not created or deleted!
20260506 011024.095 INFO             PET1       esm: InitializeIPDv02p5Data extro {IS}:--- StateLog() end -------------------
20260506 011024.095 INFO             PET1       esm: InitializeIPDv02p5Data extro {ES}:--- StateLog() start -----------------
20260506 011024.095 INFO             PET1       esm: InitializeIPDv02p5Data extro {ES}:State object is invalid! Not created or deleted!
20260506 011024.095 INFO             PET1       esm: InitializeIPDv02p5Data extro {ES}:--- StateLog() end -------------------
20260506 011024.095 INFO             PET1     esm: InitializeIPDv02p5Data extro.
20260506 011024.095 INFO             PET1     <<<esm: leaving Initialize (phase=<none>) with current time: 2010  6  1  0  0  0   0
20260506 011024.095 INFO             PET1     esm: InitializeIPDv02p5 extro {IS}:--- StateLog() start -----------------
20260506 011024.095 INFO             PET1     esm: InitializeIPDv02p5 extro {IS}:State object is invalid! Not created or deleted!
20260506 011024.095 INFO             PET1     esm: InitializeIPDv02p5 extro {IS}:--- StateLog() end -------------------
20260506 011024.095 INFO             PET1     esm: InitializeIPDv02p5 extro {ES}:--- StateLog() start -----------------
20260506 011024.095 INFO             PET1     esm: InitializeIPDv02p5 extro {ES}:State object is invalid! Not created or deleted!
20260506 011024.095 INFO             PET1     esm: InitializeIPDv02p5 extro {ES}:--- StateLog() end -------------------
20260506 011024.095 INFO             PET1   esm: InitializeIPDv02p5 extro.
20260506 011024.095 INFO             PET1   <<<esm: leaving Initialize (phase=<none>) with current time: 2010  6  1  0  0  0   0
20260506 011024.095 INFO             PET1   esm: InitializeGeneric extro {IS}:--- StateLog() start -----------------
20260506 011024.095 INFO             PET1   esm: InitializeGeneric extro {IS}:State object is invalid! Not created or deleted!
20260506 011024.095 INFO             PET1   esm: InitializeGeneric extro {IS}:--- StateLog() end -------------------
20260506 011024.095 INFO             PET1   esm: InitializeGeneric extro {ES}:--- StateLog() start -----------------
20260506 011024.095 INFO             PET1   esm: InitializeGeneric extro {ES}:State object is invalid! Not created or deleted!
20260506 011024.095 INFO             PET1   esm: InitializeGeneric extro {ES}:--- StateLog() end -------------------
20260506 011024.095 INFO             PET1 esm: InitializeGeneric extro.
20260506 011024.095 INFO             PET1 esm: Run intro.
20260506 011024.095 INFO             PET1   esm: Run intro {IS}:--- StateLog() start -----------------
20260506 011024.095 INFO             PET1   esm: Run intro {IS}:State object is invalid! Not created or deleted!
20260506 011024.095 INFO             PET1   esm: Run intro {IS}:--- StateLog() end -------------------
20260506 011024.095 INFO             PET1   esm: Run intro {ES}:--- StateLog() start -----------------
20260506 011024.095 INFO             PET1   esm: Run intro {ES}:State object is invalid! Not created or deleted!
20260506 011024.095 INFO             PET1   esm: Run intro {ES}:--- StateLog() end -------------------
20260506 011024.095 INFO             PET1   >>>esm: entered Run (phase=RunPhase1) with current time: 2010  6  1  0  0  0   0
20260506 011024.095 INFO             PET1   esm: after lable_SetRunClock, current time: 2010  6  1  0  0  0   0
20260506 011024.095 INFO             PET1   esm: begin -------> RunSequence.
20260506 011024.095 INFO             PET1     esm: RunSequence event loopLevel=   1  levelMember=   1  loopIteration=   1, current time: 2010  6  1  0  0  0   0
20260506 011024.095 INFO             PET1     ATM-TO-OCN: Run intro.
20260506 011024.096 INFO             PET1     ATM-TO-OCN: Run extro.
20260506 011024.096 INFO             PET1     OCN-TO-ATM: Run intro.
20260506 011024.096 INFO             PET1     OCN-TO-ATM: Run extro.
20260506 011024.096 INFO             PET1     atmA: Run intro.
20260506 011024.096 INFO             PET1       ------>Advancing ATM from: 2010  6  1  0  0  0   0
20260506 011024.096 INFO             PET1       ---------------------> to: 2010  6  1  0 15  0   0
20260506 011024.096 INFO             PET1     atmA: Run extro.
20260506 011024.097 INFO             PET1     ocnB: Run intro.
20260506 011024.097 INFO             PET1       ------>Advancing OCN from: 2010  6  1  0  0  0   0
20260506 011024.097 INFO             PET1       ---------------------> to: 2010  6  1  0  5  0   0
20260506 011024.097 INFO             PET1       ------>Advancing OCN from: 2010  6  1  0  5  0   0
20260506 011024.097 INFO             PET1       ---------------------> to: 2010  6  1  0 10  0   0
20260506 011024.097 INFO             PET1       ------>Advancing OCN from: 2010  6  1  0 10  0   0
20260506 011024.097 INFO             PET1       ---------------------> to: 2010  6  1  0 15  0   0
20260506 011024.097 INFO             PET1     ocnB: Run extro.
20260506 011024.097 INFO             PET1     esm: RunSequence event loopLevel=   1  levelMember=   1  loopIteration=   2, current time: 2010  6  1  0 15  0   0
20260506 011024.097 INFO             PET1     ATM-TO-OCN: Run intro.
20260506 011024.097 INFO             PET1     ATM-TO-OCN: Run extro.
20260506 011024.097 INFO             PET1     OCN-TO-ATM: Run intro.
20260506 011024.097 INFO             PET1     OCN-TO-ATM: Run extro.
20260506 011024.097 INFO             PET1     atmA: Run intro.
20260506 011024.098 INFO             PET1       ------>Advancing ATM from: 2010  6  1  0 15  0   0
20260506 011024.098 INFO             PET1       ---------------------> to: 2010  6  1  0 30  0   0
20260506 011024.098 INFO             PET1     atmA: Run extro.
20260506 011024.098 INFO             PET1     ocnB: Run intro.
20260506 011024.098 INFO             PET1       ------>Advancing OCN from: 2010  6  1  0 15  0   0
20260506 011024.098 INFO             PET1       ---------------------> to: 2010  6  1  0 20  0   0
20260506 011024.098 INFO             PET1       ------>Advancing OCN from: 2010  6  1  0 20  0   0
20260506 011024.098 INFO             PET1       ---------------------> to: 2010  6  1  0 25  0   0
20260506 011024.098 INFO             PET1       ------>Advancing OCN from: 2010  6  1  0 25  0   0
20260506 011024.098 INFO             PET1       ---------------------> to: 2010  6  1  0 30  0   0
20260506 011024.098 INFO             PET1     ocnB: Run extro.
20260506 011024.098 INFO             PET1     esm: RunSequence event loopLevel=   1  levelMember=   1  loopIteration=   3, current time: 2010  6  1  0 30  0   0
20260506 011024.098 INFO             PET1     ATM-TO-OCN: Run intro.
20260506 011024.098 INFO             PET1     ATM-TO-OCN: Run extro.
20260506 011024.098 INFO             PET1     OCN-TO-ATM: Run intro.
20260506 011024.099 INFO             PET1     OCN-TO-ATM: Run extro.
20260506 011024.099 INFO             PET1     atmA: Run intro.
20260506 011024.099 INFO             PET1       ------>Advancing ATM from: 2010  6  1  0 30  0   0
20260506 011024.099 INFO             PET1       ---------------------> to: 2010  6  1  0 45  0   0
20260506 011024.099 INFO             PET1     atmA: Run extro.
20260506 011024.099 INFO             PET1     ocnB: Run intro.
20260506 011024.099 INFO             PET1       ------>Advancing OCN from: 2010  6  1  0 30  0   0
20260506 011024.099 INFO             PET1       ---------------------> to: 2010  6  1  0 35  0   0
20260506 011024.099 INFO             PET1       ------>Advancing OCN from: 2010  6  1  0 35  0   0
20260506 011024.099 INFO             PET1       ---------------------> to: 2010  6  1  0 40  0   0
20260506 011024.099 INFO             PET1       ------>Advancing OCN from: 2010  6  1  0 40  0   0
20260506 011024.099 INFO             PET1       ---------------------> to: 2010  6  1  0 45  0   0
20260506 011024.099 INFO             PET1     ocnB: Run extro.
20260506 011024.099 INFO             PET1     esm: RunSequence event loopLevel=   1  levelMember=   1  loopIteration=   4, current time: 2010  6  1  0 45  0   0
20260506 011024.099 INFO             PET1     ATM-TO-OCN: Run intro.
20260506 011024.099 INFO             PET1     ATM-TO-OCN: Run extro.
20260506 011024.099 INFO             PET1     OCN-TO-ATM: Run intro.
20260506 011024.100 INFO             PET1     OCN-TO-ATM: Run extro.
20260506 011024.100 INFO             PET1     atmA: Run intro.
20260506 011024.100 INFO             PET1       ------>Advancing ATM from: 2010  6  1  0 45  0   0
20260506 011024.100 INFO             PET1       ---------------------> to: 2010  6  1  1  0  0   0
20260506 011024.100 INFO             PET1     atmA: Run extro.
20260506 011024.100 INFO             PET1     ocnB: Run intro.
20260506 011024.100 INFO             PET1       ------>Advancing OCN from: 2010  6  1  0 45  0   0
20260506 011024.100 INFO             PET1       ---------------------> to: 2010  6  1  0 50  0   0
20260506 011024.100 INFO             PET1       ------>Advancing OCN from: 2010  6  1  0 50  0   0
20260506 011024.100 INFO             PET1       ---------------------> to: 2010  6  1  0 55  0   0
20260506 011024.100 INFO             PET1       ------>Advancing OCN from: 2010  6  1  0 55  0   0
20260506 011024.100 INFO             PET1       ---------------------> to: 2010  6  1  1  0  0   0
20260506 011024.100 INFO             PET1     ocnB: Run extro.
20260506 011024.100 INFO             PET1   esm: end <--------- RunSequence
20260506 011024.100 INFO             PET1   <<<esm: leaving Run (phase=RunPhase1) with current time: 2010  6  1  1  0  0   0
20260506 011024.100 INFO             PET1   esm: Run extro {IS}:--- StateLog() start -----------------
20260506 011024.100 INFO             PET1   esm: Run extro {IS}:State object is invalid! Not created or deleted!
20260506 011024.100 INFO             PET1   esm: Run extro {IS}:--- StateLog() end -------------------
20260506 011024.100 INFO             PET1   esm: Run extro {ES}:--- StateLog() start -----------------
20260506 011024.100 INFO             PET1   esm: Run extro {ES}:State object is invalid! Not created or deleted!
20260506 011024.100 INFO             PET1   esm: Run extro {ES}:--- StateLog() end -------------------
20260506 011024.100 INFO             PET1 esm: Run extro.
20260506 011024.100 INFO             PET1 esm: Finalize intro.
20260506 011024.100 INFO             PET1   esm: Finalize intro {IS}:--- StateLog() start -----------------
20260506 011024.100 INFO             PET1   esm: Finalize intro {IS}:State object is invalid! Not created or deleted!
20260506 011024.100 INFO             PET1   esm: Finalize intro {IS}:--- StateLog() end -------------------
20260506 011024.100 INFO             PET1   esm: Finalize intro {ES}:--- StateLog() start -----------------
20260506 011024.100 INFO             PET1   esm: Finalize intro {ES}:State object is invalid! Not created or deleted!
20260506 011024.100 INFO             PET1   esm: Finalize intro {ES}:--- StateLog() end -------------------
20260506 011024.100 INFO             PET1   >>>esm: entered Finalize (phase=FinalizePhase1) with current time: 2010  6  1  1  0  0   0
20260506 011024.100 INFO             PET1   Calling Finalize phase 1 for connectorComp: ATM-TO-OCN
20260506 011024.100 INFO             PET1   ATM-TO-OCN: Finalize intro.
20260506 011024.101 INFO             PET1   ATM-TO-OCN: Finalize extro.
20260506 011024.101 INFO             PET1   Calling Finalize phase 1 for connectorComp: OCN-TO-ATM
20260506 011024.101 INFO             PET1   OCN-TO-ATM: Finalize intro.
20260506 011024.101 INFO             PET1   OCN-TO-ATM: Finalize extro.
20260506 011024.101 INFO             PET1   Calling Finalize phase 1 for modelComp: atmA
20260506 011024.101 INFO             PET1   atmA: Finalize intro.
20260506 011024.101 INFO             PET1   atmA: Finalize extro.
20260506 011024.101 INFO             PET1   Calling Finalize phase 1 for modelComp: ocnB
20260506 011024.101 INFO             PET1   ocnB: Finalize intro.
20260506 011024.101 INFO             PET1   ocnB: Finalize extro.
20260506 011024.101 INFO             PET1   Delete modelComp: atmA
20260506 011024.101 INFO             PET1   Delete Import-/Export State for modelComp: atmA
20260506 011024.101 INFO             PET1   Delete modelComp: ocnB
20260506 011024.101 INFO             PET1   Delete Import-/Export State for modelComp: ocnB
20260506 011024.101 INFO             PET1   Delete connectorComp: ATM-TO-OCN
20260506 011024.101 INFO             PET1   Delete connectorComp: OCN-TO-ATM
20260506 011024.101 INFO             PET1   <<<esm: leaving Finalize (phase=FinalizePhase1) with current time: 2010  6  1  1  0  0   0
20260506 011024.101 INFO             PET1 esm: Finalize extro.
20260506 011024.101 INFO             PET1 esmApp FINISHED
20260506 011024.101 INFO             PET1  Finalizing ESMF
20260506 011015.213 INFO             PET2 !!!!!!!!!!!!!!!!!!!!!!!!!!!!!!!!!!!!!!!!!!!!!!!!!!!!!!
20260506 011015.214 INFO             PET2 !!! THE ESMF_LOG IS SET TO OUTPUT ALL LOG MESSAGES !!!
20260506 011015.214 INFO             PET2 !!!     THIS MAY CAUSE SLOWDOWN IN PERFORMANCE     !!!
20260506 011015.214 INFO             PET2 !!! FOR PRODUCTION RUNS, USE:                      !!!
20260506 011015.214 INFO             PET2 !!!                   ESMF_LOGKIND_Multi_On_Error  !!!
20260506 011015.214 INFO             PET2 !!!!!!!!!!!!!!!!!!!!!!!!!!!!!!!!!!!!!!!!!!!!!!!!!!!!!!
20260506 011015.214 INFO             PET2 Running with ESMF Version   : develop+g0ae3009ebf
20260506 011015.214 INFO             PET2 ESMF library build date/time: "May  6 2026" "00:44:24"
20260506 011015.214 INFO             PET2 ESMF library build location : /home/gerhard/ESMF-Nightly-Testing/gfortran_7.4.0_mpich_g_develop/esmf
20260506 011015.214 INFO             PET2 ESMF_COMM                   : mpich
20260506 011015.214 INFO             PET2 ESMF_MOAB                   : enabled
20260506 011015.214 INFO             PET2 ESMF_LAPACK                 : enabled
20260506 011015.214 INFO             PET2 ESMF_NETCDF                 : enabled
20260506 011015.214 INFO             PET2 ESMF_PNETCDF                : disabled
20260506 011015.214 INFO             PET2 ESMF_PIO                    : enabled
20260506 011015.214 INFO             PET2 ESMF_YAMLCPP                : enabled
20260506 011015.214 INFO             PET2 esmApp STARTING
20260506 011015.221 INFO             PET2 esm: InitializeGeneric intro.
20260506 011015.221 INFO             PET2   esm: InitializeGeneric intro {IS}:--- StateLog() start -----------------
20260506 011015.221 INFO             PET2   esm: InitializeGeneric intro {IS}:State object is invalid! Not created or deleted!
20260506 011015.221 INFO             PET2   esm: InitializeGeneric intro {IS}:--- StateLog() end -------------------
20260506 011015.221 INFO             PET2   esm: InitializeGeneric intro {ES}:--- StateLog() start -----------------
20260506 011015.221 INFO             PET2   esm: InitializeGeneric intro {ES}:State object is invalid! Not created or deleted!
20260506 011015.221 INFO             PET2   esm: InitializeGeneric intro {ES}:--- StateLog() end -------------------
20260506 011015.221 INFO             PET2   >>>esm: entered Initialize (phase=<none>) without valid internal Clock.
20260506 011015.221 INFO             PET2   esm: InitializeP0 intro.
20260506 011015.221 INFO             PET2     esm: InitializeP0 intro {IS}:--- StateLog() start -----------------
20260506 011015.221 INFO             PET2     esm: InitializeP0 intro {IS}:State object is invalid! Not created or deleted!
20260506 011015.221 INFO             PET2     esm: InitializeP0 intro {IS}:--- StateLog() end -------------------
20260506 011015.221 INFO             PET2     esm: InitializeP0 intro {ES}:--- StateLog() start -----------------
20260506 011015.221 INFO             PET2     esm: InitializeP0 intro {ES}:State object is invalid! Not created or deleted!
20260506 011015.221 INFO             PET2     esm: InitializeP0 intro {ES}:--- StateLog() end -------------------
20260506 011015.221 INFO             PET2     >>>esm: entered Initialize (phase=<none>) without valid internal Clock.
20260506 011015.221 INFO             PET2     <<<esm: leaving Initialize (phase=<none>) without valid internal Clock.
20260506 011015.221 INFO             PET2     esm: InitializeP0 extro {IS}:--- StateLog() start -----------------
20260506 011015.221 INFO             PET2     esm: InitializeP0 extro {IS}:State object is invalid! Not created or deleted!
20260506 011015.221 INFO             PET2     esm: InitializeP0 extro {IS}:--- StateLog() end -------------------
20260506 011015.221 INFO             PET2     esm: InitializeP0 extro {ES}:--- StateLog() start -----------------
20260506 011015.221 INFO             PET2     esm: InitializeP0 extro {ES}:State object is invalid! Not created or deleted!
20260506 011015.221 INFO             PET2     esm: InitializeP0 extro {ES}:--- StateLog() end -------------------
20260506 011015.221 INFO             PET2   esm: InitializeP0 extro.
20260506 011015.221 INFO             PET2   esm: InitializeIPDv02p1 intro.
20260506 011015.221 INFO             PET2     esm: InitializeIPDv02p1 intro {IS}:--- StateLog() start -----------------
20260506 011015.221 INFO             PET2     esm: InitializeIPDv02p1 intro {IS}:State object is invalid! Not created or deleted!
20260506 011015.221 INFO             PET2     esm: InitializeIPDv02p1 intro {IS}:--- StateLog() end -------------------
20260506 011015.221 INFO             PET2     esm: InitializeIPDv02p1 intro {ES}:--- StateLog() start -----------------
20260506 011015.221 INFO             PET2     esm: InitializeIPDv02p1 intro {ES}:State object is invalid! Not created or deleted!
20260506 011015.221 INFO             PET2     esm: InitializeIPDv02p1 intro {ES}:--- StateLog() end -------------------
20260506 011015.222 INFO             PET2     >>>esm: entered Initialize (phase=<none>) without valid internal Clock.
20260506 011015.223 INFO             PET2     esm - Creating model component ATM without petList.
20260506 011015.227 INFO             PET2     esm - Creating model component OCN without petList.
20260506 011015.230 INFO             PET2     esm - Creating connector component ATM-TO-OCN without petList.
20260506 011015.236 INFO             PET2     esm - Creating connector component OCN-TO-ATM without petList.
20260506 011015.243 INFO             PET2     esm - Creating state: modelComp 1 Import State
20260506 011015.243 INFO             PET2     esm - Creating state: modelComp 1 Export State
20260506 011015.244 INFO             PET2     esm - Creating state: modelComp 2 Import State
20260506 011015.244 INFO             PET2     esm - Creating state: modelComp 2 Export State
20260506 011015.246 INFO             PET2     ATM: InitializeP0 intro.
20260506 011015.247 INFO             PET2     ATM: InitializeP0 extro.
20260506 011015.247 INFO             PET2     OCN: InitializeP0 intro.
20260506 011015.249 INFO             PET2     OCN: InitializeP0 extro.
20260506 011015.251 INFO             PET2     ATM-TO-OCN: InitializeP0 intro.
20260506 011015.252 INFO             PET2     ATM-TO-OCN: InitializeP0 extro.
20260506 011015.253 INFO             PET2     OCN-TO-ATM: InitializeP0 intro.
20260506 011015.253 INFO             PET2     OCN-TO-ATM: InitializeP0 extro.
20260506 011015.255 INFO             PET2     esm: IInitAdvertise intro.
20260506 011015.255 INFO             PET2       esm: IInitAdvertise intro {IS}:--- StateLog() start -----------------
20260506 011015.255 INFO             PET2       esm: IInitAdvertise intro {IS}:State object is invalid! Not created or deleted!
20260506 011015.255 INFO             PET2       esm: IInitAdvertise intro {IS}:--- StateLog() end -------------------
20260506 011015.255 INFO             PET2       esm: IInitAdvertise intro {ES}:--- StateLog() start -----------------
20260506 011015.255 INFO             PET2       esm: IInitAdvertise intro {ES}:State object is invalid! Not created or deleted!
20260506 011015.255 INFO             PET2       esm: IInitAdvertise intro {ES}:--- StateLog() end -------------------
20260506 011015.255 INFO             PET2       >>>esm: entered Initialize (phase=<none>) with current time: 2010  6  1  0  0  0   0
20260506 011015.255 INFO             PET2       <<<esm: leaving Initialize (phase=<none>) with current time: 2010  6  1  0  0  0   0
20260506 011015.255 INFO             PET2       esm: IInitAdvertise extro {IS}:--- StateLog() start -----------------
20260506 011015.255 INFO             PET2       esm: IInitAdvertise extro {IS}:State object is invalid! Not created or deleted!
20260506 011015.255 INFO             PET2       esm: IInitAdvertise extro {IS}:--- StateLog() end -------------------
20260506 011015.255 INFO             PET2       esm: IInitAdvertise extro {ES}:--- StateLog() start -----------------
20260506 011015.255 INFO             PET2       esm: IInitAdvertise extro {ES}:State object is invalid! Not created or deleted!
20260506 011015.255 INFO             PET2       esm: IInitAdvertise extro {ES}:--- StateLog() end -------------------
20260506 011015.255 INFO             PET2     esm: IInitAdvertise extro.
20260506 011015.256 INFO             PET2     ATM: InitializeIPDvXp01 intro.
20260506 011015.259 INFO             PET2     ATM: InitializeIPDvXp01 extro.
20260506 011015.259 INFO             PET2     OCN: InitializeIPDvXp01 intro.
20260506 011015.262 INFO             PET2     OCN: InitializeIPDvXp01 extro.
20260506 011015.264 INFO             PET2     ATM-TO-OCN: InitializeIPDv05p1 intro.
20260506 011015.264 INFO             PET2     ATM-TO-OCN: InitializeIPDv05p1 extro.
20260506 011015.264 INFO             PET2     OCN-TO-ATM: InitializeIPDv05p1 intro.
20260506 011015.264 INFO             PET2     OCN-TO-ATM: InitializeIPDv05p1 extro.
20260506 011015.264 INFO             PET2     esm: IInitAdvertiseFinish intro.
20260506 011015.264 INFO             PET2       esm: IInitAdvertiseFinish intro {IS}:--- StateLog() start -----------------
20260506 011015.264 INFO             PET2       esm: IInitAdvertiseFinish intro {IS}:State object is invalid! Not created or deleted!
20260506 011015.264 INFO             PET2       esm: IInitAdvertiseFinish intro {IS}:--- StateLog() end -------------------
20260506 011015.264 INFO             PET2       esm: IInitAdvertiseFinish intro {ES}:--- StateLog() start -----------------
20260506 011015.264 INFO             PET2       esm: IInitAdvertiseFinish intro {ES}:State object is invalid! Not created or deleted!
20260506 011015.264 INFO             PET2       esm: IInitAdvertiseFinish intro {ES}:--- StateLog() end -------------------
20260506 011015.265 INFO             PET2       >>>esm: entered Initialize (phase=<none>) with current time: 2010  6  1  0  0  0   0
20260506 011015.265 INFO             PET2       <<<esm: leaving Initialize (phase=<none>) with current time: 2010  6  1  0  0  0   0
20260506 011015.265 INFO             PET2       esm: IInitAdvertiseFinish extro {IS}:--- StateLog() start -----------------
20260506 011015.265 INFO             PET2       esm: IInitAdvertiseFinish extro {IS}:State object is invalid! Not created or deleted!
20260506 011015.265 INFO             PET2       esm: IInitAdvertiseFinish extro {IS}:--- StateLog() end -------------------
20260506 011015.265 INFO             PET2       esm: IInitAdvertiseFinish extro {ES}:--- StateLog() start -----------------
20260506 011015.265 INFO             PET2       esm: IInitAdvertiseFinish extro {ES}:State object is invalid! Not created or deleted!
20260506 011015.265 INFO             PET2       esm: IInitAdvertiseFinish extro {ES}:--- StateLog() end -------------------
20260506 011015.265 INFO             PET2     esm: IInitAdvertiseFinish extro.
20260506 011015.265 INFO             PET2     ATM-TO-OCN: InitializeIPDv05p2a intro.
20260506 011015.265 INFO             PET2     ATM-TO-OCN: InitializeIPDv05p2a extro.
20260506 011015.266 INFO             PET2     OCN-TO-ATM: InitializeIPDv05p2a intro.
20260506 011015.266 INFO             PET2     OCN-TO-ATM: InitializeIPDv05p2a extro.
20260506 011015.266 INFO             PET2     ATM-TO-OCN: InitializeIPDv05p2b intro.
20260506 011015.266 INFO             PET2     ATM-TO-OCN: InitializeIPDv05p2b extro.
20260506 011015.267 INFO             PET2     OCN-TO-ATM: InitializeIPDv05p2b intro.
20260506 011015.267 INFO             PET2     OCN-TO-ATM: InitializeIPDv05p2b extro.
20260506 011015.267 INFO             PET2     esm: IInitModifyCplLists intro.
20260506 011015.267 INFO             PET2       esm: IInitModifyCplLists intro {IS}:--- StateLog() start -----------------
20260506 011015.267 INFO             PET2       esm: IInitModifyCplLists intro {IS}:State object is invalid! Not created or deleted!
20260506 011015.267 INFO             PET2       esm: IInitModifyCplLists intro {IS}:--- StateLog() end -------------------
20260506 011015.267 INFO             PET2       esm: IInitModifyCplLists intro {ES}:--- StateLog() start -----------------
20260506 011015.267 INFO             PET2       esm: IInitModifyCplLists intro {ES}:State object is invalid! Not created or deleted!
20260506 011015.267 INFO             PET2       esm: IInitModifyCplLists intro {ES}:--- StateLog() end -------------------
20260506 011015.267 INFO             PET2       >>>esm: entered Initialize (phase=<none>) with current time: 2010  6  1  0  0  0   0
20260506 011015.267 INFO             PET2       <<<esm: leaving Initialize (phase=<none>) with current time: 2010  6  1  0  0  0   0
20260506 011015.267 INFO             PET2       esm: IInitModifyCplLists extro {IS}:--- StateLog() start -----------------
20260506 011015.267 INFO             PET2       esm: IInitModifyCplLists extro {IS}:State object is invalid! Not created or deleted!
20260506 011015.267 INFO             PET2       esm: IInitModifyCplLists extro {IS}:--- StateLog() end -------------------
20260506 011015.267 INFO             PET2       esm: IInitModifyCplLists extro {ES}:--- StateLog() start -----------------
20260506 011015.268 INFO             PET2       esm: IInitModifyCplLists extro {ES}:State object is invalid! Not created or deleted!
20260506 011015.268 INFO             PET2       esm: IInitModifyCplLists extro {ES}:--- StateLog() end -------------------
20260506 011015.268 INFO             PET2     esm: IInitModifyCplLists extro.
20260506 011015.268 INFO             PET2     ATM-TO-OCN: InitializeIPDv05p3 intro.
20260506 011015.269 INFO             PET2     ATM-TO-OCN: InitializeIPDv05p3 extro.
20260506 011015.269 INFO             PET2     OCN-TO-ATM: InitializeIPDv05p3 intro.
20260506 011015.269 INFO             PET2     OCN-TO-ATM: InitializeIPDv05p3 extro.
20260506 011015.269 INFO             PET2     <<<esm: leaving Initialize (phase=<none>) with current time: 2010  6  1  0  0  0   0
20260506 011015.269 INFO             PET2     esm: InitializeIPDv02p1 extro {IS}:--- StateLog() start -----------------
20260506 011015.269 INFO             PET2     esm: InitializeIPDv02p1 extro {IS}:State object is invalid! Not created or deleted!
20260506 011015.270 INFO             PET2     esm: InitializeIPDv02p1 extro {IS}:--- StateLog() end -------------------
20260506 011015.270 INFO             PET2     esm: InitializeIPDv02p1 extro {ES}:--- StateLog() start -----------------
20260506 011015.270 INFO             PET2     esm: InitializeIPDv02p1 extro {ES}:State object is invalid! Not created or deleted!
20260506 011015.270 INFO             PET2     esm: InitializeIPDv02p1 extro {ES}:--- StateLog() end -------------------
20260506 011015.270 INFO             PET2   esm: InitializeIPDv02p1 extro.
20260506 011015.270 INFO             PET2   esm: InitializeIPDv02p3 intro.
20260506 011015.270 INFO             PET2     esm: InitializeIPDv02p3 intro {IS}:--- StateLog() start -----------------
20260506 011015.270 INFO             PET2     esm: InitializeIPDv02p3 intro {IS}:State object is invalid! Not created or deleted!
20260506 011015.270 INFO             PET2     esm: InitializeIPDv02p3 intro {IS}:--- StateLog() end -------------------
20260506 011015.270 INFO             PET2     esm: InitializeIPDv02p3 intro {ES}:--- StateLog() start -----------------
20260506 011015.270 INFO             PET2     esm: InitializeIPDv02p3 intro {ES}:State object is invalid! Not created or deleted!
20260506 011015.270 INFO             PET2     esm: InitializeIPDv02p3 intro {ES}:--- StateLog() end -------------------
20260506 011015.270 INFO             PET2     >>>esm: entered Initialize (phase=<none>) with current time: 2010  6  1  0  0  0   0
20260506 011015.270 INFO             PET2     esm: IInitCheck intro.
20260506 011015.270 INFO             PET2       esm: IInitCheck intro {IS}:--- StateLog() start -----------------
20260506 011015.270 INFO             PET2       esm: IInitCheck intro {IS}:State object is invalid! Not created or deleted!
20260506 011015.270 INFO             PET2       esm: IInitCheck intro {IS}:--- StateLog() end -------------------
20260506 011015.270 INFO             PET2       esm: IInitCheck intro {ES}:--- StateLog() start -----------------
20260506 011015.270 INFO             PET2       esm: IInitCheck intro {ES}:State object is invalid! Not created or deleted!
20260506 011015.270 INFO             PET2       esm: IInitCheck intro {ES}:--- StateLog() end -------------------
20260506 011015.270 INFO             PET2       >>>esm: entered Initialize (phase=<none>) with current time: 2010  6  1  0  0  0   0
20260506 011015.270 INFO             PET2       <<<esm: leaving Initialize (phase=<none>) with current time: 2010  6  1  0  0  0   0
20260506 011015.270 INFO             PET2       esm: IInitCheck extro {IS}:--- StateLog() start -----------------
20260506 011015.270 INFO             PET2       esm: IInitCheck extro {IS}:State object is invalid! Not created or deleted!
20260506 011015.270 INFO             PET2       esm: IInitCheck extro {IS}:--- StateLog() end -------------------
20260506 011015.270 INFO             PET2       esm: IInitCheck extro {ES}:--- StateLog() start -----------------
20260506 011015.270 INFO             PET2       esm: IInitCheck extro {ES}:State object is invalid! Not created or deleted!
20260506 011015.270 INFO             PET2       esm: IInitCheck extro {ES}:--- StateLog() end -------------------
20260506 011015.270 INFO             PET2     esm: IInitCheck extro.
20260506 011015.271 INFO             PET2     atmA: InitializeIPDvXp04 intro.
20260506 011015.276 INFO             PET2     atmA: InitializeIPDvXp04 extro.
20260506 011015.276 INFO             PET2     ocnA: InitializeIPDvXp04 intro.
20260506 011015.282 INFO             PET2     ocnA: InitializeIPDvXp04 extro.
20260506 011015.283 INFO             PET2     ATM-TO-OCN: InitializeIPDv05p4 intro.
20260506 011015.284 INFO             PET2     ATM-TO-OCN: InitializeIPDv05p4 extro.
20260506 011015.284 INFO             PET2     OCN-TO-ATM: InitializeIPDv05p4 intro.
20260506 011015.284 INFO             PET2     OCN-TO-ATM: InitializeIPDv05p4 extro.
20260506 011015.284 INFO             PET2     ATM-TO-OCN: InitializeIPDv05p5 intro.
20260506 011015.285 INFO             PET2     ATM-TO-OCN: InitializeIPDv05p5 extro.
20260506 011015.285 INFO             PET2     OCN-TO-ATM: InitializeIPDv05p5 intro.
20260506 011015.285 INFO             PET2     OCN-TO-ATM: InitializeIPDv05p5 extro.
20260506 011015.285 INFO             PET2     esm: IInitRealize intro.
20260506 011015.285 INFO             PET2       esm: IInitRealize intro {IS}:--- StateLog() start -----------------
20260506 011015.285 INFO             PET2       esm: IInitRealize intro {IS}:State object is invalid! Not created or deleted!
20260506 011015.285 INFO             PET2       esm: IInitRealize intro {IS}:--- StateLog() end -------------------
20260506 011015.285 INFO             PET2       esm: IInitRealize intro {ES}:--- StateLog() start -----------------
20260506 011015.285 INFO             PET2       esm: IInitRealize intro {ES}:State object is invalid! Not created or deleted!
20260506 011015.285 INFO             PET2       esm: IInitRealize intro {ES}:--- StateLog() end -------------------
20260506 011015.285 INFO             PET2       >>>esm: entered Initialize (phase=<none>) with current time: 2010  6  1  0  0  0   0
20260506 011015.285 INFO             PET2       <<<esm: leaving Initialize (phase=<none>) with current time: 2010  6  1  0  0  0   0
20260506 011015.285 INFO             PET2       esm: IInitRealize extro {IS}:--- StateLog() start -----------------
20260506 011015.285 INFO             PET2       esm: IInitRealize extro {IS}:State object is invalid! Not created or deleted!
20260506 011015.285 INFO             PET2       esm: IInitRealize extro {IS}:--- StateLog() end -------------------
20260506 011015.285 INFO             PET2       esm: IInitRealize extro {ES}:--- StateLog() start -----------------
20260506 011015.285 INFO             PET2       esm: IInitRealize extro {ES}:State object is invalid! Not created or deleted!
20260506 011015.285 INFO             PET2       esm: IInitRealize extro {ES}:--- StateLog() end -------------------
20260506 011015.285 INFO             PET2     esm: IInitRealize extro.
20260506 011015.285 INFO             PET2     ATM-TO-OCN: InitializeIPDv05p6a intro.
20260506 011015.285 INFO             PET2     ATM-TO-OCN: InitializeIPDv05p6a extro.
20260506 011015.286 INFO             PET2     OCN-TO-ATM: InitializeIPDv05p6a intro.
20260506 011015.286 INFO             PET2     OCN-TO-ATM: InitializeIPDv05p6a extro.
20260506 011015.286 INFO             PET2     ATM-TO-OCN: InitializeIPDv05p6b intro.
20260506 011015.328 INFO             PET2     ATM-TO-OCN: InitializeIPDv05p6b extro.
20260506 011015.328 INFO             PET2     OCN-TO-ATM: InitializeIPDv05p6b intro.
20260506 011015.367 INFO             PET2     OCN-TO-ATM: InitializeIPDv05p6b extro.
20260506 011015.367 INFO             PET2     atmA: InitializeIPDvXp07 intro.
20260506 011015.367 INFO             PET2     atmA: InitializeIPDvXp07 extro.
20260506 011015.367 INFO             PET2     ocnA: InitializeIPDvXp07 intro.
20260506 011015.367 INFO             PET2     ocnA: InitializeIPDvXp07 extro.
20260506 011015.367 INFO             PET2     <<<esm: leaving Initialize (phase=<none>) with current time: 2010  6  1  0  0  0   0
20260506 011015.367 INFO             PET2     esm: InitializeIPDv02p3 extro {IS}:--- StateLog() start -----------------
20260506 011015.367 INFO             PET2     esm: InitializeIPDv02p3 extro {IS}:State object is invalid! Not created or deleted!
20260506 011015.367 INFO             PET2     esm: InitializeIPDv02p3 extro {IS}:--- StateLog() end -------------------
20260506 011015.367 INFO             PET2     esm: InitializeIPDv02p3 extro {ES}:--- StateLog() start -----------------
20260506 011015.367 INFO             PET2     esm: InitializeIPDv02p3 extro {ES}:State object is invalid! Not created or deleted!
20260506 011015.367 INFO             PET2     esm: InitializeIPDv02p3 extro {ES}:--- StateLog() end -------------------
20260506 011015.367 INFO             PET2   esm: InitializeIPDv02p3 extro.
20260506 011015.368 INFO             PET2   esm: InitializeIPDv02p5 intro.
20260506 011015.368 INFO             PET2     esm: InitializeIPDv02p5 intro {IS}:--- StateLog() start -----------------
20260506 011015.368 INFO             PET2     esm: InitializeIPDv02p5 intro {IS}:State object is invalid! Not created or deleted!
20260506 011015.368 INFO             PET2     esm: InitializeIPDv02p5 intro {IS}:--- StateLog() end -------------------
20260506 011015.368 INFO             PET2     esm: InitializeIPDv02p5 intro {ES}:--- StateLog() start -----------------
20260506 011015.368 INFO             PET2     esm: InitializeIPDv02p5 intro {ES}:State object is invalid! Not created or deleted!
20260506 011015.368 INFO             PET2     esm: InitializeIPDv02p5 intro {ES}:--- StateLog() end -------------------
20260506 011015.368 INFO             PET2     >>>esm: entered Initialize (phase=<none>) with current time: 2010  6  1  0  0  0   0
20260506 011015.368 INFO             PET2     esm: this is a top level driver, no 'Updated' and 'InitializeDataComplete' info on this level.
20260506 011015.368 INFO             PET2     esm: InitializeIPDv02p5Data intro.
20260506 011015.368 INFO             PET2       esm: InitializeIPDv02p5Data intro {IS}:--- StateLog() start -----------------
20260506 011015.368 INFO             PET2       esm: InitializeIPDv02p5Data intro {IS}:State object is invalid! Not created or deleted!
20260506 011015.368 INFO             PET2       esm: InitializeIPDv02p5Data intro {IS}:--- StateLog() end -------------------
20260506 011015.368 INFO             PET2       esm: InitializeIPDv02p5Data intro {ES}:--- StateLog() start -----------------
20260506 011015.368 INFO             PET2       esm: InitializeIPDv02p5Data intro {ES}:State object is invalid! Not created or deleted!
20260506 011015.368 INFO             PET2       esm: InitializeIPDv02p5Data intro {ES}:--- StateLog() end -------------------
20260506 011015.368 INFO             PET2       >>>esm: entered Initialize (phase=<none>) with current time: 2010  6  1  0  0  0   0
20260506 011015.368 INFO             PET2       esm: InternalInitializeComplete intro.
20260506 011015.368 INFO             PET2         esm: InternalInitializeComplete intro {IS}:--- StateLog() start -----------------
20260506 011015.368 INFO             PET2         esm: InternalInitializeComplete intro {IS}:State object is invalid! Not created or deleted!
20260506 011015.368 INFO             PET2         esm: InternalInitializeComplete intro {IS}:--- StateLog() end -------------------
20260506 011015.368 INFO             PET2         esm: InternalInitializeComplete intro {ES}:--- StateLog() start -----------------
20260506 011015.368 INFO             PET2         esm: InternalInitializeComplete intro {ES}:State object is invalid! Not created or deleted!
20260506 011015.368 INFO             PET2         esm: InternalInitializeComplete intro {ES}:--- StateLog() end -------------------
20260506 011015.368 INFO             PET2         >>>esm: entered Initialize (phase=<none>) with current time: 2010  6  1  0  0  0   0
20260506 011015.368 INFO             PET2         esm: InitializeDataComplete='true'
20260506 011015.368 INFO             PET2         <<<esm: leaving Initialize (phase=<none>) with current time: 2010  6  1  0  0  0   0
20260506 011015.368 INFO             PET2         esm: InternalInitializeComplete extro {IS}:--- StateLog() start -----------------
20260506 011015.368 INFO             PET2         esm: InternalInitializeComplete extro {IS}:State object is invalid! Not created or deleted!
20260506 011015.368 INFO             PET2         esm: InternalInitializeComplete extro {IS}:--- StateLog() end -------------------
20260506 011015.368 INFO             PET2         esm: InternalInitializeComplete extro {ES}:--- StateLog() start -----------------
20260506 011015.368 INFO             PET2         esm: InternalInitializeComplete extro {ES}:State object is invalid! Not created or deleted!
20260506 011015.368 INFO             PET2         esm: InternalInitializeComplete extro {ES}:--- StateLog() end -------------------
20260506 011015.368 INFO             PET2       esm: InternalInitializeComplete extro.
20260506 011015.368 INFO             PET2       atmA: InitializeIPDv01p5 intro.
20260506 011015.368 INFO             PET2       atmA: InitializeIPDv01p5 extro.
20260506 011015.369 INFO             PET2       ocnA: InitializeIPDv01p5 intro.
20260506 011015.369 INFO             PET2       ocnA: InitializeIPDv01p5 extro.
20260506 011015.370 INFO             PET2       esm: components present that trigger loopDataDependentInitialize().
20260506 011015.370 INFO             PET2       esm: loopDataDependentInitialize intro.
20260506 011015.370 INFO             PET2         esm: loopDataDependentInitialize intro {IS}:--- StateLog() start -----------------
20260506 011015.370 INFO             PET2         esm: loopDataDependentInitialize intro {IS}:State object is invalid! Not created or deleted!
20260506 011015.370 INFO             PET2         esm: loopDataDependentInitialize intro {IS}:--- StateLog() end -------------------
20260506 011015.370 INFO             PET2         esm: loopDataDependentInitialize intro {ES}:--- StateLog() start -----------------
20260506 011015.370 INFO             PET2         esm: loopDataDependentInitialize intro {ES}:State object is invalid! Not created or deleted!
20260506 011015.370 INFO             PET2         esm: loopDataDependentInitialize intro {ES}:--- StateLog() end -------------------
20260506 011015.370 INFO             PET2         >>>esm: entered Initialize (phase=<none>) with current time: 2010  6  1  0  0  0   0
20260506 011015.370 INFO             PET2         esm: component    0=esm, dataComplete (local): true
20260506 011015.370 INFO             PET2         esm: component    0=esm, dataComplete (global):  T
20260506 011015.370 INFO             PET2         esm: component    1=atmA, dataComplete (local): true
20260506 011015.370 INFO             PET2         esm: component    1=atmA, dataComplete (global):  T
20260506 011015.370 INFO             PET2         esm: component    2=ocnA, dataComplete (local): true
20260506 011015.370 INFO             PET2         esm: component    2=ocnA, dataComplete (global):  T
20260506 011015.370 INFO             PET2         esm: someProgress= F, allComplete= T, present(dataDepAllComplete)= T
20260506 011015.370 INFO             PET2         esm: finished resolving initialize data dependencies on this level.
20260506 011015.371 INFO             PET2         <<<esm: leaving Initialize (phase=<none>) with current time: 2010  6  1  0  0  0   0
20260506 011015.371 INFO             PET2         esm: loopDataDependentInitialize extro {IS}:--- StateLog() start -----------------
20260506 011015.371 INFO             PET2         esm: loopDataDependentInitialize extro {IS}:State object is invalid! Not created or deleted!
20260506 011015.371 INFO             PET2         esm: loopDataDependentInitialize extro {IS}:--- StateLog() end -------------------
20260506 011015.371 INFO             PET2         esm: loopDataDependentInitialize extro {ES}:--- StateLog() start -----------------
20260506 011015.371 INFO             PET2         esm: loopDataDependentInitialize extro {ES}:State object is invalid! Not created or deleted!
20260506 011015.371 INFO             PET2         esm: loopDataDependentInitialize extro {ES}:--- StateLog() end -------------------
20260506 011015.371 INFO             PET2       esm: loopDataDependentInitialize extro.
20260506 011015.371 INFO             PET2       esm: loopDataDependentInitialize() returned with dataDepAllComplete:  T
20260506 011015.371 INFO             PET2       <<<esm: leaving Initialize (phase=<none>) with current time: 2010  6  1  0  0  0   0
20260506 011015.371 INFO             PET2       esm: InitializeIPDv02p5Data extro {IS}:--- StateLog() start -----------------
20260506 011015.371 INFO             PET2       esm: InitializeIPDv02p5Data extro {IS}:State object is invalid! Not created or deleted!
20260506 011015.371 INFO             PET2       esm: InitializeIPDv02p5Data extro {IS}:--- StateLog() end -------------------
20260506 011015.371 INFO             PET2       esm: InitializeIPDv02p5Data extro {ES}:--- StateLog() start -----------------
20260506 011015.371 INFO             PET2       esm: InitializeIPDv02p5Data extro {ES}:State object is invalid! Not created or deleted!
20260506 011015.371 INFO             PET2       esm: InitializeIPDv02p5Data extro {ES}:--- StateLog() end -------------------
20260506 011015.371 INFO             PET2     esm: InitializeIPDv02p5Data extro.
20260506 011015.371 INFO             PET2     <<<esm: leaving Initialize (phase=<none>) with current time: 2010  6  1  0  0  0   0
20260506 011015.371 INFO             PET2     esm: InitializeIPDv02p5 extro {IS}:--- StateLog() start -----------------
20260506 011015.371 INFO             PET2     esm: InitializeIPDv02p5 extro {IS}:State object is invalid! Not created or deleted!
20260506 011015.371 INFO             PET2     esm: InitializeIPDv02p5 extro {IS}:--- StateLog() end -------------------
20260506 011015.371 INFO             PET2     esm: InitializeIPDv02p5 extro {ES}:--- StateLog() start -----------------
20260506 011015.371 INFO             PET2     esm: InitializeIPDv02p5 extro {ES}:State object is invalid! Not created or deleted!
20260506 011015.371 INFO             PET2     esm: InitializeIPDv02p5 extro {ES}:--- StateLog() end -------------------
20260506 011015.371 INFO             PET2   esm: InitializeIPDv02p5 extro.
20260506 011015.371 INFO             PET2   <<<esm: leaving Initialize (phase=<none>) with current time: 2010  6  1  0  0  0   0
20260506 011015.371 INFO             PET2   esm: InitializeGeneric extro {IS}:--- StateLog() start -----------------
20260506 011015.371 INFO             PET2   esm: InitializeGeneric extro {IS}:State object is invalid! Not created or deleted!
20260506 011015.371 INFO             PET2   esm: InitializeGeneric extro {IS}:--- StateLog() end -------------------
20260506 011015.371 INFO             PET2   esm: InitializeGeneric extro {ES}:--- StateLog() start -----------------
20260506 011015.371 INFO             PET2   esm: InitializeGeneric extro {ES}:State object is invalid! Not created or deleted!
20260506 011015.371 INFO             PET2   esm: InitializeGeneric extro {ES}:--- StateLog() end -------------------
20260506 011015.371 INFO             PET2 esm: InitializeGeneric extro.
20260506 011015.371 INFO             PET2 esm: Run intro.
20260506 011015.371 INFO             PET2   esm: Run intro {IS}:--- StateLog() start -----------------
20260506 011015.371 INFO             PET2   esm: Run intro {IS}:State object is invalid! Not created or deleted!
20260506 011015.371 INFO             PET2   esm: Run intro {IS}:--- StateLog() end -------------------
20260506 011015.371 INFO             PET2   esm: Run intro {ES}:--- StateLog() start -----------------
20260506 011015.371 INFO             PET2   esm: Run intro {ES}:State object is invalid! Not created or deleted!
20260506 011015.371 INFO             PET2   esm: Run intro {ES}:--- StateLog() end -------------------
20260506 011015.371 INFO             PET2   >>>esm: entered Run (phase=RunPhase1) with current time: 2010  6  1  0  0  0   0
20260506 011015.371 INFO             PET2   esm: after lable_SetRunClock, current time: 2010  6  1  0  0  0   0
20260506 011015.371 INFO             PET2   esm: begin -------> RunSequence.
20260506 011015.371 INFO             PET2     esm: RunSequence event loopLevel=   1  levelMember=   1  loopIteration=   1, current time: 2010  6  1  0  0  0   0
20260506 011015.371 INFO             PET2     ATM-TO-OCN: Run intro.
20260506 011015.372 INFO             PET2     ATM-TO-OCN: Run extro.
20260506 011015.372 INFO             PET2     OCN-TO-ATM: Run intro.
20260506 011015.372 INFO             PET2     OCN-TO-ATM: Run extro.
20260506 011015.372 INFO             PET2     atmA: Run intro.
20260506 011015.372 INFO             PET2       ------>Advancing ATM from: 2010  6  1  0  0  0   0
20260506 011015.372 INFO             PET2       ---------------------> to: 2010  6  1  0 15  0   0
20260506 011015.372 INFO             PET2     atmA: Run extro.
20260506 011015.372 INFO             PET2     ocnA: Run intro.
20260506 011015.373 INFO             PET2       ------>Advancing OCN from: 2010  6  1  0  0  0   0
20260506 011015.373 INFO             PET2       ---------------------> to: 2010  6  1  0  5  0   0
20260506 011015.373 INFO             PET2       ------>Advancing OCN from: 2010  6  1  0  5  0   0
20260506 011015.373 INFO             PET2       ---------------------> to: 2010  6  1  0 10  0   0
20260506 011015.373 INFO             PET2       ------>Advancing OCN from: 2010  6  1  0 10  0   0
20260506 011015.373 INFO             PET2       ---------------------> to: 2010  6  1  0 15  0   0
20260506 011015.373 INFO             PET2     ocnA: Run extro.
20260506 011015.373 INFO             PET2     esm: RunSequence event loopLevel=   1  levelMember=   1  loopIteration=   2, current time: 2010  6  1  0 15  0   0
20260506 011015.373 INFO             PET2     ATM-TO-OCN: Run intro.
20260506 011015.373 INFO             PET2     ATM-TO-OCN: Run extro.
20260506 011015.373 INFO             PET2     OCN-TO-ATM: Run intro.
20260506 011015.373 INFO             PET2     OCN-TO-ATM: Run extro.
20260506 011015.373 INFO             PET2     atmA: Run intro.
20260506 011015.374 INFO             PET2       ------>Advancing ATM from: 2010  6  1  0 15  0   0
20260506 011015.374 INFO             PET2       ---------------------> to: 2010  6  1  0 30  0   0
20260506 011015.374 INFO             PET2     atmA: Run extro.
20260506 011015.374 INFO             PET2     ocnA: Run intro.
20260506 011015.374 INFO             PET2       ------>Advancing OCN from: 2010  6  1  0 15  0   0
20260506 011015.374 INFO             PET2       ---------------------> to: 2010  6  1  0 20  0   0
20260506 011015.374 INFO             PET2       ------>Advancing OCN from: 2010  6  1  0 20  0   0
20260506 011015.374 INFO             PET2       ---------------------> to: 2010  6  1  0 25  0   0
20260506 011015.374 INFO             PET2       ------>Advancing OCN from: 2010  6  1  0 25  0   0
20260506 011015.374 INFO             PET2       ---------------------> to: 2010  6  1  0 30  0   0
20260506 011015.374 INFO             PET2     ocnA: Run extro.
20260506 011015.374 INFO             PET2     esm: RunSequence event loopLevel=   1  levelMember=   1  loopIteration=   3, current time: 2010  6  1  0 30  0   0
20260506 011015.374 INFO             PET2     ATM-TO-OCN: Run intro.
20260506 011015.374 INFO             PET2     ATM-TO-OCN: Run extro.
20260506 011015.374 INFO             PET2     OCN-TO-ATM: Run intro.
20260506 011015.375 INFO             PET2     OCN-TO-ATM: Run extro.
20260506 011015.375 INFO             PET2     atmA: Run intro.
20260506 011015.375 INFO             PET2       ------>Advancing ATM from: 2010  6  1  0 30  0   0
20260506 011015.375 INFO             PET2       ---------------------> to: 2010  6  1  0 45  0   0
20260506 011015.375 INFO             PET2     atmA: Run extro.
20260506 011015.375 INFO             PET2     ocnA: Run intro.
20260506 011015.375 INFO             PET2       ------>Advancing OCN from: 2010  6  1  0 30  0   0
20260506 011015.375 INFO             PET2       ---------------------> to: 2010  6  1  0 35  0   0
20260506 011015.375 INFO             PET2       ------>Advancing OCN from: 2010  6  1  0 35  0   0
20260506 011015.375 INFO             PET2       ---------------------> to: 2010  6  1  0 40  0   0
20260506 011015.375 INFO             PET2       ------>Advancing OCN from: 2010  6  1  0 40  0   0
20260506 011015.375 INFO             PET2       ---------------------> to: 2010  6  1  0 45  0   0
20260506 011015.375 INFO             PET2     ocnA: Run extro.
20260506 011015.375 INFO             PET2     esm: RunSequence event loopLevel=   1  levelMember=   1  loopIteration=   4, current time: 2010  6  1  0 45  0   0
20260506 011015.375 INFO             PET2     ATM-TO-OCN: Run intro.
20260506 011015.376 INFO             PET2     ATM-TO-OCN: Run extro.
20260506 011015.376 INFO             PET2     OCN-TO-ATM: Run intro.
20260506 011015.376 INFO             PET2     OCN-TO-ATM: Run extro.
20260506 011015.376 INFO             PET2     atmA: Run intro.
20260506 011015.376 INFO             PET2       ------>Advancing ATM from: 2010  6  1  0 45  0   0
20260506 011015.376 INFO             PET2       ---------------------> to: 2010  6  1  1  0  0   0
20260506 011015.376 INFO             PET2     atmA: Run extro.
20260506 011015.376 INFO             PET2     ocnA: Run intro.
20260506 011015.376 INFO             PET2       ------>Advancing OCN from: 2010  6  1  0 45  0   0
20260506 011015.376 INFO             PET2       ---------------------> to: 2010  6  1  0 50  0   0
20260506 011015.376 INFO             PET2       ------>Advancing OCN from: 2010  6  1  0 50  0   0
20260506 011015.376 INFO             PET2       ---------------------> to: 2010  6  1  0 55  0   0
20260506 011015.376 INFO             PET2       ------>Advancing OCN from: 2010  6  1  0 55  0   0
20260506 011015.376 INFO             PET2       ---------------------> to: 2010  6  1  1  0  0   0
20260506 011015.376 INFO             PET2     ocnA: Run extro.
20260506 011015.376 INFO             PET2   esm: end <--------- RunSequence
20260506 011015.376 INFO             PET2   <<<esm: leaving Run (phase=RunPhase1) with current time: 2010  6  1  1  0  0   0
20260506 011015.376 INFO             PET2   esm: Run extro {IS}:--- StateLog() start -----------------
20260506 011015.376 INFO             PET2   esm: Run extro {IS}:State object is invalid! Not created or deleted!
20260506 011015.376 INFO             PET2   esm: Run extro {IS}:--- StateLog() end -------------------
20260506 011015.376 INFO             PET2   esm: Run extro {ES}:--- StateLog() start -----------------
20260506 011015.376 INFO             PET2   esm: Run extro {ES}:State object is invalid! Not created or deleted!
20260506 011015.377 INFO             PET2   esm: Run extro {ES}:--- StateLog() end -------------------
20260506 011015.377 INFO             PET2 esm: Run extro.
20260506 011015.377 INFO             PET2 esm: Finalize intro.
20260506 011015.377 INFO             PET2   esm: Finalize intro {IS}:--- StateLog() start -----------------
20260506 011015.377 INFO             PET2   esm: Finalize intro {IS}:State object is invalid! Not created or deleted!
20260506 011015.377 INFO             PET2   esm: Finalize intro {IS}:--- StateLog() end -------------------
20260506 011015.377 INFO             PET2   esm: Finalize intro {ES}:--- StateLog() start -----------------
20260506 011015.377 INFO             PET2   esm: Finalize intro {ES}:State object is invalid! Not created or deleted!
20260506 011015.377 INFO             PET2   esm: Finalize intro {ES}:--- StateLog() end -------------------
20260506 011015.377 INFO             PET2   >>>esm: entered Finalize (phase=FinalizePhase1) with current time: 2010  6  1  1  0  0   0
20260506 011015.377 INFO             PET2   Calling Finalize phase 1 for connectorComp: ATM-TO-OCN
20260506 011015.377 INFO             PET2   ATM-TO-OCN: Finalize intro.
20260506 011015.377 INFO             PET2   ATM-TO-OCN: Finalize extro.
20260506 011015.377 INFO             PET2   Calling Finalize phase 1 for connectorComp: OCN-TO-ATM
20260506 011015.377 INFO             PET2   OCN-TO-ATM: Finalize intro.
20260506 011015.377 INFO             PET2   OCN-TO-ATM: Finalize extro.
20260506 011015.377 INFO             PET2   Calling Finalize phase 1 for modelComp: atmA
20260506 011015.377 INFO             PET2   atmA: Finalize intro.
20260506 011015.377 INFO             PET2   atmA: Finalize extro.
20260506 011015.377 INFO             PET2   Calling Finalize phase 1 for modelComp: ocnA
20260506 011015.377 INFO             PET2   ocnA: Finalize intro.
20260506 011015.377 INFO             PET2   ocnA: Finalize extro.
20260506 011015.377 INFO             PET2   Delete modelComp: atmA
20260506 011015.377 INFO             PET2   Delete Import-/Export State for modelComp: atmA
20260506 011015.377 INFO             PET2   Delete modelComp: ocnA
20260506 011015.377 INFO             PET2   Delete Import-/Export State for modelComp: ocnA
20260506 011015.378 INFO             PET2   Delete connectorComp: ATM-TO-OCN
20260506 011015.378 INFO             PET2   Delete connectorComp: OCN-TO-ATM
20260506 011015.378 INFO             PET2   <<<esm: leaving Finalize (phase=FinalizePhase1) with current time: 2010  6  1  1  0  0   0
20260506 011015.378 INFO             PET2 esm: Finalize extro.
20260506 011015.378 INFO             PET2 esmApp FINISHED
20260506 011015.378 INFO             PET2  Finalizing ESMF
20260506 011019.630 INFO             PET2 !!!!!!!!!!!!!!!!!!!!!!!!!!!!!!!!!!!!!!!!!!!!!!!!!!!!!!
20260506 011019.630 INFO             PET2 !!! THE ESMF_LOG IS SET TO OUTPUT ALL LOG MESSAGES !!!
20260506 011019.630 INFO             PET2 !!!     THIS MAY CAUSE SLOWDOWN IN PERFORMANCE     !!!
20260506 011019.630 INFO             PET2 !!! FOR PRODUCTION RUNS, USE:                      !!!
20260506 011019.630 INFO             PET2 !!!                   ESMF_LOGKIND_Multi_On_Error  !!!
20260506 011019.630 INFO             PET2 !!!!!!!!!!!!!!!!!!!!!!!!!!!!!!!!!!!!!!!!!!!!!!!!!!!!!!
20260506 011019.630 INFO             PET2 Running with ESMF Version   : develop+g0ae3009ebf
20260506 011019.630 INFO             PET2 ESMF library build date/time: "May  6 2026" "00:44:24"
20260506 011019.630 INFO             PET2 ESMF library build location : /home/gerhard/ESMF-Nightly-Testing/gfortran_7.4.0_mpich_g_develop/esmf
20260506 011019.630 INFO             PET2 ESMF_COMM                   : mpich
20260506 011019.630 INFO             PET2 ESMF_MOAB                   : enabled
20260506 011019.630 INFO             PET2 ESMF_LAPACK                 : enabled
20260506 011019.630 INFO             PET2 ESMF_NETCDF                 : enabled
20260506 011019.630 INFO             PET2 ESMF_PNETCDF                : disabled
20260506 011019.630 INFO             PET2 ESMF_PIO                    : enabled
20260506 011019.630 INFO             PET2 ESMF_YAMLCPP                : enabled
20260506 011019.630 INFO             PET2 esmApp STARTING
20260506 011019.635 INFO             PET2 esm: InitializeGeneric intro.
20260506 011019.635 INFO             PET2   esm: InitializeGeneric intro {IS}:--- StateLog() start -----------------
20260506 011019.635 INFO             PET2   esm: InitializeGeneric intro {IS}:State object is invalid! Not created or deleted!
20260506 011019.635 INFO             PET2   esm: InitializeGeneric intro {IS}:--- StateLog() end -------------------
20260506 011019.635 INFO             PET2   esm: InitializeGeneric intro {ES}:--- StateLog() start -----------------
20260506 011019.635 INFO             PET2   esm: InitializeGeneric intro {ES}:State object is invalid! Not created or deleted!
20260506 011019.635 INFO             PET2   esm: InitializeGeneric intro {ES}:--- StateLog() end -------------------
20260506 011019.635 INFO             PET2   >>>esm: entered Initialize (phase=<none>) without valid internal Clock.
20260506 011019.635 INFO             PET2   esm: InitializeP0 intro.
20260506 011019.635 INFO             PET2     esm: InitializeP0 intro {IS}:--- StateLog() start -----------------
20260506 011019.635 INFO             PET2     esm: InitializeP0 intro {IS}:State object is invalid! Not created or deleted!
20260506 011019.635 INFO             PET2     esm: InitializeP0 intro {IS}:--- StateLog() end -------------------
20260506 011019.635 INFO             PET2     esm: InitializeP0 intro {ES}:--- StateLog() start -----------------
20260506 011019.635 INFO             PET2     esm: InitializeP0 intro {ES}:State object is invalid! Not created or deleted!
20260506 011019.635 INFO             PET2     esm: InitializeP0 intro {ES}:--- StateLog() end -------------------
20260506 011019.635 INFO             PET2     >>>esm: entered Initialize (phase=<none>) without valid internal Clock.
20260506 011019.635 INFO             PET2     <<<esm: leaving Initialize (phase=<none>) without valid internal Clock.
20260506 011019.635 INFO             PET2     esm: InitializeP0 extro {IS}:--- StateLog() start -----------------
20260506 011019.635 INFO             PET2     esm: InitializeP0 extro {IS}:State object is invalid! Not created or deleted!
20260506 011019.635 INFO             PET2     esm: InitializeP0 extro {IS}:--- StateLog() end -------------------
20260506 011019.635 INFO             PET2     esm: InitializeP0 extro {ES}:--- StateLog() start -----------------
20260506 011019.635 INFO             PET2     esm: InitializeP0 extro {ES}:State object is invalid! Not created or deleted!
20260506 011019.635 INFO             PET2     esm: InitializeP0 extro {ES}:--- StateLog() end -------------------
20260506 011019.635 INFO             PET2   esm: InitializeP0 extro.
20260506 011019.635 INFO             PET2   esm: InitializeIPDv02p1 intro.
20260506 011019.635 INFO             PET2     esm: InitializeIPDv02p1 intro {IS}:--- StateLog() start -----------------
20260506 011019.635 INFO             PET2     esm: InitializeIPDv02p1 intro {IS}:State object is invalid! Not created or deleted!
20260506 011019.635 INFO             PET2     esm: InitializeIPDv02p1 intro {IS}:--- StateLog() end -------------------
20260506 011019.635 INFO             PET2     esm: InitializeIPDv02p1 intro {ES}:--- StateLog() start -----------------
20260506 011019.635 INFO             PET2     esm: InitializeIPDv02p1 intro {ES}:State object is invalid! Not created or deleted!
20260506 011019.635 INFO             PET2     esm: InitializeIPDv02p1 intro {ES}:--- StateLog() end -------------------
20260506 011019.635 INFO             PET2     >>>esm: entered Initialize (phase=<none>) without valid internal Clock.
20260506 011019.636 INFO             PET2     esm - Creating model component ATM without petList.
20260506 011019.639 INFO             PET2     esm - Creating model component OCN without petList.
20260506 011019.641 INFO             PET2     esm - Creating connector component ATM-TO-OCN without petList.
20260506 011019.645 INFO             PET2     esm - Creating connector component OCN-TO-ATM without petList.
20260506 011019.650 INFO             PET2     esm - Creating state: modelComp 1 Import State
20260506 011019.650 INFO             PET2     esm - Creating state: modelComp 1 Export State
20260506 011019.650 INFO             PET2     esm - Creating state: modelComp 2 Import State
20260506 011019.650 INFO             PET2     esm - Creating state: modelComp 2 Export State
20260506 011019.651 INFO             PET2     ATM: InitializeP0 intro.
20260506 011019.652 INFO             PET2     ATM: InitializeP0 extro.
20260506 011019.652 INFO             PET2     OCN: InitializeP0 intro.
20260506 011019.653 INFO             PET2     OCN: InitializeP0 extro.
20260506 011019.654 INFO             PET2     ATM-TO-OCN: InitializeP0 intro.
20260506 011019.655 INFO             PET2     ATM-TO-OCN: InitializeP0 extro.
20260506 011019.655 INFO             PET2     OCN-TO-ATM: InitializeP0 intro.
20260506 011019.655 INFO             PET2     OCN-TO-ATM: InitializeP0 extro.
20260506 011019.657 INFO             PET2     esm: IInitAdvertise intro.
20260506 011019.657 INFO             PET2       esm: IInitAdvertise intro {IS}:--- StateLog() start -----------------
20260506 011019.657 INFO             PET2       esm: IInitAdvertise intro {IS}:State object is invalid! Not created or deleted!
20260506 011019.657 INFO             PET2       esm: IInitAdvertise intro {IS}:--- StateLog() end -------------------
20260506 011019.657 INFO             PET2       esm: IInitAdvertise intro {ES}:--- StateLog() start -----------------
20260506 011019.657 INFO             PET2       esm: IInitAdvertise intro {ES}:State object is invalid! Not created or deleted!
20260506 011019.657 INFO             PET2       esm: IInitAdvertise intro {ES}:--- StateLog() end -------------------
20260506 011019.657 INFO             PET2       >>>esm: entered Initialize (phase=<none>) with current time: 2010  6  1  0  0  0   0
20260506 011019.657 INFO             PET2       <<<esm: leaving Initialize (phase=<none>) with current time: 2010  6  1  0  0  0   0
20260506 011019.657 INFO             PET2       esm: IInitAdvertise extro {IS}:--- StateLog() start -----------------
20260506 011019.657 INFO             PET2       esm: IInitAdvertise extro {IS}:State object is invalid! Not created or deleted!
20260506 011019.657 INFO             PET2       esm: IInitAdvertise extro {IS}:--- StateLog() end -------------------
20260506 011019.657 INFO             PET2       esm: IInitAdvertise extro {ES}:--- StateLog() start -----------------
20260506 011019.657 INFO             PET2       esm: IInitAdvertise extro {ES}:State object is invalid! Not created or deleted!
20260506 011019.657 INFO             PET2       esm: IInitAdvertise extro {ES}:--- StateLog() end -------------------
20260506 011019.657 INFO             PET2     esm: IInitAdvertise extro.
20260506 011019.657 INFO             PET2     ATM: InitializeIPDvXp01 intro.
20260506 011019.659 INFO             PET2     ATM: InitializeIPDvXp01 extro.
20260506 011019.659 INFO             PET2     OCN: InitializeIPDvXp01 intro.
20260506 011019.661 INFO             PET2     OCN: InitializeIPDvXp01 extro.
20260506 011019.662 INFO             PET2     ATM-TO-OCN: InitializeIPDv05p1 intro.
20260506 011019.662 INFO             PET2     ATM-TO-OCN: InitializeIPDv05p1 extro.
20260506 011019.662 INFO             PET2     OCN-TO-ATM: InitializeIPDv05p1 intro.
20260506 011019.662 INFO             PET2     OCN-TO-ATM: InitializeIPDv05p1 extro.
20260506 011019.662 INFO             PET2     esm: IInitAdvertiseFinish intro.
20260506 011019.662 INFO             PET2       esm: IInitAdvertiseFinish intro {IS}:--- StateLog() start -----------------
20260506 011019.662 INFO             PET2       esm: IInitAdvertiseFinish intro {IS}:State object is invalid! Not created or deleted!
20260506 011019.662 INFO             PET2       esm: IInitAdvertiseFinish intro {IS}:--- StateLog() end -------------------
20260506 011019.662 INFO             PET2       esm: IInitAdvertiseFinish intro {ES}:--- StateLog() start -----------------
20260506 011019.662 INFO             PET2       esm: IInitAdvertiseFinish intro {ES}:State object is invalid! Not created or deleted!
20260506 011019.662 INFO             PET2       esm: IInitAdvertiseFinish intro {ES}:--- StateLog() end -------------------
20260506 011019.662 INFO             PET2       >>>esm: entered Initialize (phase=<none>) with current time: 2010  6  1  0  0  0   0
20260506 011019.662 INFO             PET2       <<<esm: leaving Initialize (phase=<none>) with current time: 2010  6  1  0  0  0   0
20260506 011019.662 INFO             PET2       esm: IInitAdvertiseFinish extro {IS}:--- StateLog() start -----------------
20260506 011019.662 INFO             PET2       esm: IInitAdvertiseFinish extro {IS}:State object is invalid! Not created or deleted!
20260506 011019.662 INFO             PET2       esm: IInitAdvertiseFinish extro {IS}:--- StateLog() end -------------------
20260506 011019.662 INFO             PET2       esm: IInitAdvertiseFinish extro {ES}:--- StateLog() start -----------------
20260506 011019.662 INFO             PET2       esm: IInitAdvertiseFinish extro {ES}:State object is invalid! Not created or deleted!
20260506 011019.662 INFO             PET2       esm: IInitAdvertiseFinish extro {ES}:--- StateLog() end -------------------
20260506 011019.662 INFO             PET2     esm: IInitAdvertiseFinish extro.
20260506 011019.663 INFO             PET2     ATM-TO-OCN: InitializeIPDv05p2a intro.
20260506 011019.663 INFO             PET2     ATM-TO-OCN: InitializeIPDv05p2a extro.
20260506 011019.663 INFO             PET2     OCN-TO-ATM: InitializeIPDv05p2a intro.
20260506 011019.663 INFO             PET2     OCN-TO-ATM: InitializeIPDv05p2a extro.
20260506 011019.663 INFO             PET2     ATM-TO-OCN: InitializeIPDv05p2b intro.
20260506 011019.663 INFO             PET2     ATM-TO-OCN: InitializeIPDv05p2b extro.
20260506 011019.664 INFO             PET2     OCN-TO-ATM: InitializeIPDv05p2b intro.
20260506 011019.664 INFO             PET2     OCN-TO-ATM: InitializeIPDv05p2b extro.
20260506 011019.664 INFO             PET2     esm: IInitModifyCplLists intro.
20260506 011019.664 INFO             PET2       esm: IInitModifyCplLists intro {IS}:--- StateLog() start -----------------
20260506 011019.664 INFO             PET2       esm: IInitModifyCplLists intro {IS}:State object is invalid! Not created or deleted!
20260506 011019.664 INFO             PET2       esm: IInitModifyCplLists intro {IS}:--- StateLog() end -------------------
20260506 011019.664 INFO             PET2       esm: IInitModifyCplLists intro {ES}:--- StateLog() start -----------------
20260506 011019.664 INFO             PET2       esm: IInitModifyCplLists intro {ES}:State object is invalid! Not created or deleted!
20260506 011019.664 INFO             PET2       esm: IInitModifyCplLists intro {ES}:--- StateLog() end -------------------
20260506 011019.664 INFO             PET2       >>>esm: entered Initialize (phase=<none>) with current time: 2010  6  1  0  0  0   0
20260506 011019.664 INFO             PET2       <<<esm: leaving Initialize (phase=<none>) with current time: 2010  6  1  0  0  0   0
20260506 011019.664 INFO             PET2       esm: IInitModifyCplLists extro {IS}:--- StateLog() start -----------------
20260506 011019.664 INFO             PET2       esm: IInitModifyCplLists extro {IS}:State object is invalid! Not created or deleted!
20260506 011019.664 INFO             PET2       esm: IInitModifyCplLists extro {IS}:--- StateLog() end -------------------
20260506 011019.664 INFO             PET2       esm: IInitModifyCplLists extro {ES}:--- StateLog() start -----------------
20260506 011019.664 INFO             PET2       esm: IInitModifyCplLists extro {ES}:State object is invalid! Not created or deleted!
20260506 011019.664 INFO             PET2       esm: IInitModifyCplLists extro {ES}:--- StateLog() end -------------------
20260506 011019.664 INFO             PET2     esm: IInitModifyCplLists extro.
20260506 011019.664 INFO             PET2     ATM-TO-OCN: InitializeIPDv05p3 intro.
20260506 011019.665 INFO             PET2     ATM-TO-OCN: InitializeIPDv05p3 extro.
20260506 011019.665 INFO             PET2     OCN-TO-ATM: InitializeIPDv05p3 intro.
20260506 011019.665 INFO             PET2     OCN-TO-ATM: InitializeIPDv05p3 extro.
20260506 011019.665 INFO             PET2     <<<esm: leaving Initialize (phase=<none>) with current time: 2010  6  1  0  0  0   0
20260506 011019.665 INFO             PET2     esm: InitializeIPDv02p1 extro {IS}:--- StateLog() start -----------------
20260506 011019.665 INFO             PET2     esm: InitializeIPDv02p1 extro {IS}:State object is invalid! Not created or deleted!
20260506 011019.665 INFO             PET2     esm: InitializeIPDv02p1 extro {IS}:--- StateLog() end -------------------
20260506 011019.665 INFO             PET2     esm: InitializeIPDv02p1 extro {ES}:--- StateLog() start -----------------
20260506 011019.665 INFO             PET2     esm: InitializeIPDv02p1 extro {ES}:State object is invalid! Not created or deleted!
20260506 011019.665 INFO             PET2     esm: InitializeIPDv02p1 extro {ES}:--- StateLog() end -------------------
20260506 011019.665 INFO             PET2   esm: InitializeIPDv02p1 extro.
20260506 011019.665 INFO             PET2   esm: InitializeIPDv02p3 intro.
20260506 011019.665 INFO             PET2     esm: InitializeIPDv02p3 intro {IS}:--- StateLog() start -----------------
20260506 011019.665 INFO             PET2     esm: InitializeIPDv02p3 intro {IS}:State object is invalid! Not created or deleted!
20260506 011019.665 INFO             PET2     esm: InitializeIPDv02p3 intro {IS}:--- StateLog() end -------------------
20260506 011019.665 INFO             PET2     esm: InitializeIPDv02p3 intro {ES}:--- StateLog() start -----------------
20260506 011019.665 INFO             PET2     esm: InitializeIPDv02p3 intro {ES}:State object is invalid! Not created or deleted!
20260506 011019.665 INFO             PET2     esm: InitializeIPDv02p3 intro {ES}:--- StateLog() end -------------------
20260506 011019.665 INFO             PET2     >>>esm: entered Initialize (phase=<none>) with current time: 2010  6  1  0  0  0   0
20260506 011019.666 INFO             PET2     esm: IInitCheck intro.
20260506 011019.666 INFO             PET2       esm: IInitCheck intro {IS}:--- StateLog() start -----------------
20260506 011019.666 INFO             PET2       esm: IInitCheck intro {IS}:State object is invalid! Not created or deleted!
20260506 011019.666 INFO             PET2       esm: IInitCheck intro {IS}:--- StateLog() end -------------------
20260506 011019.666 INFO             PET2       esm: IInitCheck intro {ES}:--- StateLog() start -----------------
20260506 011019.666 INFO             PET2       esm: IInitCheck intro {ES}:State object is invalid! Not created or deleted!
20260506 011019.666 INFO             PET2       esm: IInitCheck intro {ES}:--- StateLog() end -------------------
20260506 011019.666 INFO             PET2       >>>esm: entered Initialize (phase=<none>) with current time: 2010  6  1  0  0  0   0
20260506 011019.666 INFO             PET2       <<<esm: leaving Initialize (phase=<none>) with current time: 2010  6  1  0  0  0   0
20260506 011019.666 INFO             PET2       esm: IInitCheck extro {IS}:--- StateLog() start -----------------
20260506 011019.666 INFO             PET2       esm: IInitCheck extro {IS}:State object is invalid! Not created or deleted!
20260506 011019.666 INFO             PET2       esm: IInitCheck extro {IS}:--- StateLog() end -------------------
20260506 011019.666 INFO             PET2       esm: IInitCheck extro {ES}:--- StateLog() start -----------------
20260506 011019.666 INFO             PET2       esm: IInitCheck extro {ES}:State object is invalid! Not created or deleted!
20260506 011019.666 INFO             PET2       esm: IInitCheck extro {ES}:--- StateLog() end -------------------
20260506 011019.666 INFO             PET2     esm: IInitCheck extro.
20260506 011019.666 INFO             PET2     atmB: InitializeIPDvXp04 intro.
20260506 011019.669 INFO             PET2     atmB: InitializeIPDvXp04 extro.
20260506 011019.670 INFO             PET2     ocnA: InitializeIPDvXp04 intro.
20260506 011019.673 INFO             PET2     ocnA: InitializeIPDvXp04 extro.
20260506 011019.674 INFO             PET2     ATM-TO-OCN: InitializeIPDv05p4 intro.
20260506 011019.674 INFO             PET2     ATM-TO-OCN: InitializeIPDv05p4 extro.
20260506 011019.674 INFO             PET2     OCN-TO-ATM: InitializeIPDv05p4 intro.
20260506 011019.675 INFO             PET2     OCN-TO-ATM: InitializeIPDv05p4 extro.
20260506 011019.675 INFO             PET2     ATM-TO-OCN: InitializeIPDv05p5 intro.
20260506 011019.675 INFO             PET2     ATM-TO-OCN: InitializeIPDv05p5 extro.
20260506 011019.675 INFO             PET2     OCN-TO-ATM: InitializeIPDv05p5 intro.
20260506 011019.675 INFO             PET2     OCN-TO-ATM: InitializeIPDv05p5 extro.
20260506 011019.676 INFO             PET2     esm: IInitRealize intro.
20260506 011019.676 INFO             PET2       esm: IInitRealize intro {IS}:--- StateLog() start -----------------
20260506 011019.676 INFO             PET2       esm: IInitRealize intro {IS}:State object is invalid! Not created or deleted!
20260506 011019.676 INFO             PET2       esm: IInitRealize intro {IS}:--- StateLog() end -------------------
20260506 011019.676 INFO             PET2       esm: IInitRealize intro {ES}:--- StateLog() start -----------------
20260506 011019.676 INFO             PET2       esm: IInitRealize intro {ES}:State object is invalid! Not created or deleted!
20260506 011019.676 INFO             PET2       esm: IInitRealize intro {ES}:--- StateLog() end -------------------
20260506 011019.676 INFO             PET2       >>>esm: entered Initialize (phase=<none>) with current time: 2010  6  1  0  0  0   0
20260506 011019.676 INFO             PET2       <<<esm: leaving Initialize (phase=<none>) with current time: 2010  6  1  0  0  0   0
20260506 011019.676 INFO             PET2       esm: IInitRealize extro {IS}:--- StateLog() start -----------------
20260506 011019.676 INFO             PET2       esm: IInitRealize extro {IS}:State object is invalid! Not created or deleted!
20260506 011019.676 INFO             PET2       esm: IInitRealize extro {IS}:--- StateLog() end -------------------
20260506 011019.676 INFO             PET2       esm: IInitRealize extro {ES}:--- StateLog() start -----------------
20260506 011019.676 INFO             PET2       esm: IInitRealize extro {ES}:State object is invalid! Not created or deleted!
20260506 011019.676 INFO             PET2       esm: IInitRealize extro {ES}:--- StateLog() end -------------------
20260506 011019.676 INFO             PET2     esm: IInitRealize extro.
20260506 011019.676 INFO             PET2     ATM-TO-OCN: InitializeIPDv05p6a intro.
20260506 011019.676 INFO             PET2     ATM-TO-OCN: InitializeIPDv05p6a extro.
20260506 011019.676 INFO             PET2     OCN-TO-ATM: InitializeIPDv05p6a intro.
20260506 011019.676 INFO             PET2     OCN-TO-ATM: InitializeIPDv05p6a extro.
20260506 011019.676 INFO             PET2     ATM-TO-OCN: InitializeIPDv05p6b intro.
20260506 011019.718 INFO             PET2     ATM-TO-OCN: InitializeIPDv05p6b extro.
20260506 011019.718 INFO             PET2     OCN-TO-ATM: InitializeIPDv05p6b intro.
20260506 011019.756 INFO             PET2     OCN-TO-ATM: InitializeIPDv05p6b extro.
20260506 011019.756 INFO             PET2     atmB: InitializeIPDvXp07 intro.
20260506 011019.756 INFO             PET2     atmB: InitializeIPDvXp07 extro.
20260506 011019.756 INFO             PET2     ocnA: InitializeIPDvXp07 intro.
20260506 011019.756 INFO             PET2     ocnA: InitializeIPDvXp07 extro.
20260506 011019.756 INFO             PET2     <<<esm: leaving Initialize (phase=<none>) with current time: 2010  6  1  0  0  0   0
20260506 011019.756 INFO             PET2     esm: InitializeIPDv02p3 extro {IS}:--- StateLog() start -----------------
20260506 011019.756 INFO             PET2     esm: InitializeIPDv02p3 extro {IS}:State object is invalid! Not created or deleted!
20260506 011019.756 INFO             PET2     esm: InitializeIPDv02p3 extro {IS}:--- StateLog() end -------------------
20260506 011019.756 INFO             PET2     esm: InitializeIPDv02p3 extro {ES}:--- StateLog() start -----------------
20260506 011019.756 INFO             PET2     esm: InitializeIPDv02p3 extro {ES}:State object is invalid! Not created or deleted!
20260506 011019.756 INFO             PET2     esm: InitializeIPDv02p3 extro {ES}:--- StateLog() end -------------------
20260506 011019.756 INFO             PET2   esm: InitializeIPDv02p3 extro.
20260506 011019.756 INFO             PET2   esm: InitializeIPDv02p5 intro.
20260506 011019.756 INFO             PET2     esm: InitializeIPDv02p5 intro {IS}:--- StateLog() start -----------------
20260506 011019.756 INFO             PET2     esm: InitializeIPDv02p5 intro {IS}:State object is invalid! Not created or deleted!
20260506 011019.756 INFO             PET2     esm: InitializeIPDv02p5 intro {IS}:--- StateLog() end -------------------
20260506 011019.756 INFO             PET2     esm: InitializeIPDv02p5 intro {ES}:--- StateLog() start -----------------
20260506 011019.756 INFO             PET2     esm: InitializeIPDv02p5 intro {ES}:State object is invalid! Not created or deleted!
20260506 011019.756 INFO             PET2     esm: InitializeIPDv02p5 intro {ES}:--- StateLog() end -------------------
20260506 011019.756 INFO             PET2     >>>esm: entered Initialize (phase=<none>) with current time: 2010  6  1  0  0  0   0
20260506 011019.756 INFO             PET2     esm: this is a top level driver, no 'Updated' and 'InitializeDataComplete' info on this level.
20260506 011019.757 INFO             PET2     esm: InitializeIPDv02p5Data intro.
20260506 011019.757 INFO             PET2       esm: InitializeIPDv02p5Data intro {IS}:--- StateLog() start -----------------
20260506 011019.757 INFO             PET2       esm: InitializeIPDv02p5Data intro {IS}:State object is invalid! Not created or deleted!
20260506 011019.757 INFO             PET2       esm: InitializeIPDv02p5Data intro {IS}:--- StateLog() end -------------------
20260506 011019.757 INFO             PET2       esm: InitializeIPDv02p5Data intro {ES}:--- StateLog() start -----------------
20260506 011019.757 INFO             PET2       esm: InitializeIPDv02p5Data intro {ES}:State object is invalid! Not created or deleted!
20260506 011019.757 INFO             PET2       esm: InitializeIPDv02p5Data intro {ES}:--- StateLog() end -------------------
20260506 011019.757 INFO             PET2       >>>esm: entered Initialize (phase=<none>) with current time: 2010  6  1  0  0  0   0
20260506 011019.757 INFO             PET2       esm: InternalInitializeComplete intro.
20260506 011019.757 INFO             PET2         esm: InternalInitializeComplete intro {IS}:--- StateLog() start -----------------
20260506 011019.757 INFO             PET2         esm: InternalInitializeComplete intro {IS}:State object is invalid! Not created or deleted!
20260506 011019.757 INFO             PET2         esm: InternalInitializeComplete intro {IS}:--- StateLog() end -------------------
20260506 011019.757 INFO             PET2         esm: InternalInitializeComplete intro {ES}:--- StateLog() start -----------------
20260506 011019.757 INFO             PET2         esm: InternalInitializeComplete intro {ES}:State object is invalid! Not created or deleted!
20260506 011019.757 INFO             PET2         esm: InternalInitializeComplete intro {ES}:--- StateLog() end -------------------
20260506 011019.757 INFO             PET2         >>>esm: entered Initialize (phase=<none>) with current time: 2010  6  1  0  0  0   0
20260506 011019.757 INFO             PET2         esm: InitializeDataComplete='true'
20260506 011019.757 INFO             PET2         <<<esm: leaving Initialize (phase=<none>) with current time: 2010  6  1  0  0  0   0
20260506 011019.757 INFO             PET2         esm: InternalInitializeComplete extro {IS}:--- StateLog() start -----------------
20260506 011019.757 INFO             PET2         esm: InternalInitializeComplete extro {IS}:State object is invalid! Not created or deleted!
20260506 011019.757 INFO             PET2         esm: InternalInitializeComplete extro {IS}:--- StateLog() end -------------------
20260506 011019.757 INFO             PET2         esm: InternalInitializeComplete extro {ES}:--- StateLog() start -----------------
20260506 011019.757 INFO             PET2         esm: InternalInitializeComplete extro {ES}:State object is invalid! Not created or deleted!
20260506 011019.757 INFO             PET2         esm: InternalInitializeComplete extro {ES}:--- StateLog() end -------------------
20260506 011019.757 INFO             PET2       esm: InternalInitializeComplete extro.
20260506 011019.757 INFO             PET2       atmB: InitializeIPDv01p5 intro.
20260506 011019.757 INFO             PET2       atmB: InitializeIPDv01p5 extro.
20260506 011019.757 INFO             PET2       ocnA: InitializeIPDv01p5 intro.
20260506 011019.757 INFO             PET2       ocnA: InitializeIPDv01p5 extro.
20260506 011019.759 INFO             PET2       esm: components present that trigger loopDataDependentInitialize().
20260506 011019.759 INFO             PET2       esm: loopDataDependentInitialize intro.
20260506 011019.759 INFO             PET2         esm: loopDataDependentInitialize intro {IS}:--- StateLog() start -----------------
20260506 011019.759 INFO             PET2         esm: loopDataDependentInitialize intro {IS}:State object is invalid! Not created or deleted!
20260506 011019.759 INFO             PET2         esm: loopDataDependentInitialize intro {IS}:--- StateLog() end -------------------
20260506 011019.759 INFO             PET2         esm: loopDataDependentInitialize intro {ES}:--- StateLog() start -----------------
20260506 011019.759 INFO             PET2         esm: loopDataDependentInitialize intro {ES}:State object is invalid! Not created or deleted!
20260506 011019.759 INFO             PET2         esm: loopDataDependentInitialize intro {ES}:--- StateLog() end -------------------
20260506 011019.759 INFO             PET2         >>>esm: entered Initialize (phase=<none>) with current time: 2010  6  1  0  0  0   0
20260506 011019.759 INFO             PET2         esm: component    0=esm, dataComplete (local): true
20260506 011019.759 INFO             PET2         esm: component    0=esm, dataComplete (global):  T
20260506 011019.759 INFO             PET2         esm: component    1=atmB, dataComplete (local): true
20260506 011019.759 INFO             PET2         esm: component    1=atmB, dataComplete (global):  T
20260506 011019.759 INFO             PET2         esm: component    2=ocnA, dataComplete (local): true
20260506 011019.759 INFO             PET2         esm: component    2=ocnA, dataComplete (global):  T
20260506 011019.759 INFO             PET2         esm: someProgress= F, allComplete= T, present(dataDepAllComplete)= T
20260506 011019.759 INFO             PET2         esm: finished resolving initialize data dependencies on this level.
20260506 011019.759 INFO             PET2         <<<esm: leaving Initialize (phase=<none>) with current time: 2010  6  1  0  0  0   0
20260506 011019.759 INFO             PET2         esm: loopDataDependentInitialize extro {IS}:--- StateLog() start -----------------
20260506 011019.759 INFO             PET2         esm: loopDataDependentInitialize extro {IS}:State object is invalid! Not created or deleted!
20260506 011019.759 INFO             PET2         esm: loopDataDependentInitialize extro {IS}:--- StateLog() end -------------------
20260506 011019.759 INFO             PET2         esm: loopDataDependentInitialize extro {ES}:--- StateLog() start -----------------
20260506 011019.759 INFO             PET2         esm: loopDataDependentInitialize extro {ES}:State object is invalid! Not created or deleted!
20260506 011019.759 INFO             PET2         esm: loopDataDependentInitialize extro {ES}:--- StateLog() end -------------------
20260506 011019.759 INFO             PET2       esm: loopDataDependentInitialize extro.
20260506 011019.759 INFO             PET2       esm: loopDataDependentInitialize() returned with dataDepAllComplete:  T
20260506 011019.759 INFO             PET2       <<<esm: leaving Initialize (phase=<none>) with current time: 2010  6  1  0  0  0   0
20260506 011019.759 INFO             PET2       esm: InitializeIPDv02p5Data extro {IS}:--- StateLog() start -----------------
20260506 011019.759 INFO             PET2       esm: InitializeIPDv02p5Data extro {IS}:State object is invalid! Not created or deleted!
20260506 011019.759 INFO             PET2       esm: InitializeIPDv02p5Data extro {IS}:--- StateLog() end -------------------
20260506 011019.759 INFO             PET2       esm: InitializeIPDv02p5Data extro {ES}:--- StateLog() start -----------------
20260506 011019.759 INFO             PET2       esm: InitializeIPDv02p5Data extro {ES}:State object is invalid! Not created or deleted!
20260506 011019.759 INFO             PET2       esm: InitializeIPDv02p5Data extro {ES}:--- StateLog() end -------------------
20260506 011019.759 INFO             PET2     esm: InitializeIPDv02p5Data extro.
20260506 011019.759 INFO             PET2     <<<esm: leaving Initialize (phase=<none>) with current time: 2010  6  1  0  0  0   0
20260506 011019.759 INFO             PET2     esm: InitializeIPDv02p5 extro {IS}:--- StateLog() start -----------------
20260506 011019.759 INFO             PET2     esm: InitializeIPDv02p5 extro {IS}:State object is invalid! Not created or deleted!
20260506 011019.759 INFO             PET2     esm: InitializeIPDv02p5 extro {IS}:--- StateLog() end -------------------
20260506 011019.759 INFO             PET2     esm: InitializeIPDv02p5 extro {ES}:--- StateLog() start -----------------
20260506 011019.759 INFO             PET2     esm: InitializeIPDv02p5 extro {ES}:State object is invalid! Not created or deleted!
20260506 011019.759 INFO             PET2     esm: InitializeIPDv02p5 extro {ES}:--- StateLog() end -------------------
20260506 011019.759 INFO             PET2   esm: InitializeIPDv02p5 extro.
20260506 011019.759 INFO             PET2   <<<esm: leaving Initialize (phase=<none>) with current time: 2010  6  1  0  0  0   0
20260506 011019.759 INFO             PET2   esm: InitializeGeneric extro {IS}:--- StateLog() start -----------------
20260506 011019.759 INFO             PET2   esm: InitializeGeneric extro {IS}:State object is invalid! Not created or deleted!
20260506 011019.759 INFO             PET2   esm: InitializeGeneric extro {IS}:--- StateLog() end -------------------
20260506 011019.759 INFO             PET2   esm: InitializeGeneric extro {ES}:--- StateLog() start -----------------
20260506 011019.759 INFO             PET2   esm: InitializeGeneric extro {ES}:State object is invalid! Not created or deleted!
20260506 011019.759 INFO             PET2   esm: InitializeGeneric extro {ES}:--- StateLog() end -------------------
20260506 011019.759 INFO             PET2 esm: InitializeGeneric extro.
20260506 011019.760 INFO             PET2 esm: Run intro.
20260506 011019.760 INFO             PET2   esm: Run intro {IS}:--- StateLog() start -----------------
20260506 011019.760 INFO             PET2   esm: Run intro {IS}:State object is invalid! Not created or deleted!
20260506 011019.760 INFO             PET2   esm: Run intro {IS}:--- StateLog() end -------------------
20260506 011019.760 INFO             PET2   esm: Run intro {ES}:--- StateLog() start -----------------
20260506 011019.760 INFO             PET2   esm: Run intro {ES}:State object is invalid! Not created or deleted!
20260506 011019.760 INFO             PET2   esm: Run intro {ES}:--- StateLog() end -------------------
20260506 011019.760 INFO             PET2   >>>esm: entered Run (phase=RunPhase1) with current time: 2010  6  1  0  0  0   0
20260506 011019.760 INFO             PET2   esm: after lable_SetRunClock, current time: 2010  6  1  0  0  0   0
20260506 011019.760 INFO             PET2   esm: begin -------> RunSequence.
20260506 011019.760 INFO             PET2     esm: RunSequence event loopLevel=   1  levelMember=   1  loopIteration=   1, current time: 2010  6  1  0  0  0   0
20260506 011019.760 INFO             PET2     ATM-TO-OCN: Run intro.
20260506 011019.760 INFO             PET2     ATM-TO-OCN: Run extro.
20260506 011019.760 INFO             PET2     OCN-TO-ATM: Run intro.
20260506 011019.761 INFO             PET2     OCN-TO-ATM: Run extro.
20260506 011019.761 INFO             PET2     atmB: Run intro.
20260506 011019.761 INFO             PET2       ------>Advancing ATM from: 2010  6  1  0  0  0   0
20260506 011019.761 INFO             PET2       ---------------------> to: 2010  6  1  0 15  0   0
20260506 011019.761 INFO             PET2     atmB: Run extro.
20260506 011019.761 INFO             PET2     ocnA: Run intro.
20260506 011019.761 INFO             PET2       ------>Advancing OCN from: 2010  6  1  0  0  0   0
20260506 011019.761 INFO             PET2       ---------------------> to: 2010  6  1  0  5  0   0
20260506 011019.761 INFO             PET2       ------>Advancing OCN from: 2010  6  1  0  5  0   0
20260506 011019.761 INFO             PET2       ---------------------> to: 2010  6  1  0 10  0   0
20260506 011019.761 INFO             PET2       ------>Advancing OCN from: 2010  6  1  0 10  0   0
20260506 011019.761 INFO             PET2       ---------------------> to: 2010  6  1  0 15  0   0
20260506 011019.761 INFO             PET2     ocnA: Run extro.
20260506 011019.761 INFO             PET2     esm: RunSequence event loopLevel=   1  levelMember=   1  loopIteration=   2, current time: 2010  6  1  0 15  0   0
20260506 011019.761 INFO             PET2     ATM-TO-OCN: Run intro.
20260506 011019.762 INFO             PET2     ATM-TO-OCN: Run extro.
20260506 011019.762 INFO             PET2     OCN-TO-ATM: Run intro.
20260506 011019.762 INFO             PET2     OCN-TO-ATM: Run extro.
20260506 011019.762 INFO             PET2     atmB: Run intro.
20260506 011019.762 INFO             PET2       ------>Advancing ATM from: 2010  6  1  0 15  0   0
20260506 011019.762 INFO             PET2       ---------------------> to: 2010  6  1  0 30  0   0
20260506 011019.762 INFO             PET2     atmB: Run extro.
20260506 011019.762 INFO             PET2     ocnA: Run intro.
20260506 011019.762 INFO             PET2       ------>Advancing OCN from: 2010  6  1  0 15  0   0
20260506 011019.762 INFO             PET2       ---------------------> to: 2010  6  1  0 20  0   0
20260506 011019.762 INFO             PET2       ------>Advancing OCN from: 2010  6  1  0 20  0   0
20260506 011019.762 INFO             PET2       ---------------------> to: 2010  6  1  0 25  0   0
20260506 011019.762 INFO             PET2       ------>Advancing OCN from: 2010  6  1  0 25  0   0
20260506 011019.762 INFO             PET2       ---------------------> to: 2010  6  1  0 30  0   0
20260506 011019.762 INFO             PET2     ocnA: Run extro.
20260506 011019.762 INFO             PET2     esm: RunSequence event loopLevel=   1  levelMember=   1  loopIteration=   3, current time: 2010  6  1  0 30  0   0
20260506 011019.763 INFO             PET2     ATM-TO-OCN: Run intro.
20260506 011019.763 INFO             PET2     ATM-TO-OCN: Run extro.
20260506 011019.763 INFO             PET2     OCN-TO-ATM: Run intro.
20260506 011019.763 INFO             PET2     OCN-TO-ATM: Run extro.
20260506 011019.763 INFO             PET2     atmB: Run intro.
20260506 011019.763 INFO             PET2       ------>Advancing ATM from: 2010  6  1  0 30  0   0
20260506 011019.763 INFO             PET2       ---------------------> to: 2010  6  1  0 45  0   0
20260506 011019.763 INFO             PET2     atmB: Run extro.
20260506 011019.763 INFO             PET2     ocnA: Run intro.
20260506 011019.764 INFO             PET2       ------>Advancing OCN from: 2010  6  1  0 30  0   0
20260506 011019.764 INFO             PET2       ---------------------> to: 2010  6  1  0 35  0   0
20260506 011019.764 INFO             PET2       ------>Advancing OCN from: 2010  6  1  0 35  0   0
20260506 011019.764 INFO             PET2       ---------------------> to: 2010  6  1  0 40  0   0
20260506 011019.764 INFO             PET2       ------>Advancing OCN from: 2010  6  1  0 40  0   0
20260506 011019.764 INFO             PET2       ---------------------> to: 2010  6  1  0 45  0   0
20260506 011019.764 INFO             PET2     ocnA: Run extro.
20260506 011019.764 INFO             PET2     esm: RunSequence event loopLevel=   1  levelMember=   1  loopIteration=   4, current time: 2010  6  1  0 45  0   0
20260506 011019.764 INFO             PET2     ATM-TO-OCN: Run intro.
20260506 011019.764 INFO             PET2     ATM-TO-OCN: Run extro.
20260506 011019.764 INFO             PET2     OCN-TO-ATM: Run intro.
20260506 011019.764 INFO             PET2     OCN-TO-ATM: Run extro.
20260506 011019.764 INFO             PET2     atmB: Run intro.
20260506 011019.764 INFO             PET2       ------>Advancing ATM from: 2010  6  1  0 45  0   0
20260506 011019.764 INFO             PET2       ---------------------> to: 2010  6  1  1  0  0   0
20260506 011019.764 INFO             PET2     atmB: Run extro.
20260506 011019.765 INFO             PET2     ocnA: Run intro.
20260506 011019.765 INFO             PET2       ------>Advancing OCN from: 2010  6  1  0 45  0   0
20260506 011019.765 INFO             PET2       ---------------------> to: 2010  6  1  0 50  0   0
20260506 011019.765 INFO             PET2       ------>Advancing OCN from: 2010  6  1  0 50  0   0
20260506 011019.765 INFO             PET2       ---------------------> to: 2010  6  1  0 55  0   0
20260506 011019.765 INFO             PET2       ------>Advancing OCN from: 2010  6  1  0 55  0   0
20260506 011019.765 INFO             PET2       ---------------------> to: 2010  6  1  1  0  0   0
20260506 011019.765 INFO             PET2     ocnA: Run extro.
20260506 011019.765 INFO             PET2   esm: end <--------- RunSequence
20260506 011019.765 INFO             PET2   <<<esm: leaving Run (phase=RunPhase1) with current time: 2010  6  1  1  0  0   0
20260506 011019.765 INFO             PET2   esm: Run extro {IS}:--- StateLog() start -----------------
20260506 011019.765 INFO             PET2   esm: Run extro {IS}:State object is invalid! Not created or deleted!
20260506 011019.765 INFO             PET2   esm: Run extro {IS}:--- StateLog() end -------------------
20260506 011019.765 INFO             PET2   esm: Run extro {ES}:--- StateLog() start -----------------
20260506 011019.765 INFO             PET2   esm: Run extro {ES}:State object is invalid! Not created or deleted!
20260506 011019.765 INFO             PET2   esm: Run extro {ES}:--- StateLog() end -------------------
20260506 011019.765 INFO             PET2 esm: Run extro.
20260506 011019.765 INFO             PET2 esm: Finalize intro.
20260506 011019.765 INFO             PET2   esm: Finalize intro {IS}:--- StateLog() start -----------------
20260506 011019.765 INFO             PET2   esm: Finalize intro {IS}:State object is invalid! Not created or deleted!
20260506 011019.765 INFO             PET2   esm: Finalize intro {IS}:--- StateLog() end -------------------
20260506 011019.765 INFO             PET2   esm: Finalize intro {ES}:--- StateLog() start -----------------
20260506 011019.765 INFO             PET2   esm: Finalize intro {ES}:State object is invalid! Not created or deleted!
20260506 011019.765 INFO             PET2   esm: Finalize intro {ES}:--- StateLog() end -------------------
20260506 011019.765 INFO             PET2   >>>esm: entered Finalize (phase=FinalizePhase1) with current time: 2010  6  1  1  0  0   0
20260506 011019.765 INFO             PET2   Calling Finalize phase 1 for connectorComp: ATM-TO-OCN
20260506 011019.765 INFO             PET2   ATM-TO-OCN: Finalize intro.
20260506 011019.765 INFO             PET2   ATM-TO-OCN: Finalize extro.
20260506 011019.765 INFO             PET2   Calling Finalize phase 1 for connectorComp: OCN-TO-ATM
20260506 011019.765 INFO             PET2   OCN-TO-ATM: Finalize intro.
20260506 011019.765 INFO             PET2   OCN-TO-ATM: Finalize extro.
20260506 011019.765 INFO             PET2   Calling Finalize phase 1 for modelComp: atmB
20260506 011019.765 INFO             PET2   atmB: Finalize intro.
20260506 011019.765 INFO             PET2   atmB: Finalize extro.
20260506 011019.765 INFO             PET2   Calling Finalize phase 1 for modelComp: ocnA
20260506 011019.766 INFO             PET2   ocnA: Finalize intro.
20260506 011019.766 INFO             PET2   ocnA: Finalize extro.
20260506 011019.766 INFO             PET2   Delete modelComp: atmB
20260506 011019.766 INFO             PET2   Delete Import-/Export State for modelComp: atmB
20260506 011019.766 INFO             PET2   Delete modelComp: ocnA
20260506 011019.766 INFO             PET2   Delete Import-/Export State for modelComp: ocnA
20260506 011019.766 INFO             PET2   Delete connectorComp: ATM-TO-OCN
20260506 011019.766 INFO             PET2   Delete connectorComp: OCN-TO-ATM
20260506 011019.766 INFO             PET2   <<<esm: leaving Finalize (phase=FinalizePhase1) with current time: 2010  6  1  1  0  0   0
20260506 011019.766 INFO             PET2 esm: Finalize extro.
20260506 011019.766 INFO             PET2 esmApp FINISHED
20260506 011019.766 INFO             PET2  Finalizing ESMF
20260506 011023.966 INFO             PET2 !!!!!!!!!!!!!!!!!!!!!!!!!!!!!!!!!!!!!!!!!!!!!!!!!!!!!!
20260506 011023.966 INFO             PET2 !!! THE ESMF_LOG IS SET TO OUTPUT ALL LOG MESSAGES !!!
20260506 011023.966 INFO             PET2 !!!     THIS MAY CAUSE SLOWDOWN IN PERFORMANCE     !!!
20260506 011023.966 INFO             PET2 !!! FOR PRODUCTION RUNS, USE:                      !!!
20260506 011023.966 INFO             PET2 !!!                   ESMF_LOGKIND_Multi_On_Error  !!!
20260506 011023.966 INFO             PET2 !!!!!!!!!!!!!!!!!!!!!!!!!!!!!!!!!!!!!!!!!!!!!!!!!!!!!!
20260506 011023.966 INFO             PET2 Running with ESMF Version   : develop+g0ae3009ebf
20260506 011023.966 INFO             PET2 ESMF library build date/time: "May  6 2026" "00:44:24"
20260506 011023.966 INFO             PET2 ESMF library build location : /home/gerhard/ESMF-Nightly-Testing/gfortran_7.4.0_mpich_g_develop/esmf
20260506 011023.966 INFO             PET2 ESMF_COMM                   : mpich
20260506 011023.966 INFO             PET2 ESMF_MOAB                   : enabled
20260506 011023.966 INFO             PET2 ESMF_LAPACK                 : enabled
20260506 011023.966 INFO             PET2 ESMF_NETCDF                 : enabled
20260506 011023.966 INFO             PET2 ESMF_PNETCDF                : disabled
20260506 011023.966 INFO             PET2 ESMF_PIO                    : enabled
20260506 011023.966 INFO             PET2 ESMF_YAMLCPP                : enabled
20260506 011023.966 INFO             PET2 esmApp STARTING
20260506 011023.972 INFO             PET2 esm: InitializeGeneric intro.
20260506 011023.972 INFO             PET2   esm: InitializeGeneric intro {IS}:--- StateLog() start -----------------
20260506 011023.972 INFO             PET2   esm: InitializeGeneric intro {IS}:State object is invalid! Not created or deleted!
20260506 011023.972 INFO             PET2   esm: InitializeGeneric intro {IS}:--- StateLog() end -------------------
20260506 011023.972 INFO             PET2   esm: InitializeGeneric intro {ES}:--- StateLog() start -----------------
20260506 011023.972 INFO             PET2   esm: InitializeGeneric intro {ES}:State object is invalid! Not created or deleted!
20260506 011023.972 INFO             PET2   esm: InitializeGeneric intro {ES}:--- StateLog() end -------------------
20260506 011023.972 INFO             PET2   >>>esm: entered Initialize (phase=<none>) without valid internal Clock.
20260506 011023.972 INFO             PET2   esm: InitializeP0 intro.
20260506 011023.972 INFO             PET2     esm: InitializeP0 intro {IS}:--- StateLog() start -----------------
20260506 011023.972 INFO             PET2     esm: InitializeP0 intro {IS}:State object is invalid! Not created or deleted!
20260506 011023.972 INFO             PET2     esm: InitializeP0 intro {IS}:--- StateLog() end -------------------
20260506 011023.972 INFO             PET2     esm: InitializeP0 intro {ES}:--- StateLog() start -----------------
20260506 011023.972 INFO             PET2     esm: InitializeP0 intro {ES}:State object is invalid! Not created or deleted!
20260506 011023.972 INFO             PET2     esm: InitializeP0 intro {ES}:--- StateLog() end -------------------
20260506 011023.972 INFO             PET2     >>>esm: entered Initialize (phase=<none>) without valid internal Clock.
20260506 011023.972 INFO             PET2     <<<esm: leaving Initialize (phase=<none>) without valid internal Clock.
20260506 011023.972 INFO             PET2     esm: InitializeP0 extro {IS}:--- StateLog() start -----------------
20260506 011023.972 INFO             PET2     esm: InitializeP0 extro {IS}:State object is invalid! Not created or deleted!
20260506 011023.972 INFO             PET2     esm: InitializeP0 extro {IS}:--- StateLog() end -------------------
20260506 011023.972 INFO             PET2     esm: InitializeP0 extro {ES}:--- StateLog() start -----------------
20260506 011023.972 INFO             PET2     esm: InitializeP0 extro {ES}:State object is invalid! Not created or deleted!
20260506 011023.972 INFO             PET2     esm: InitializeP0 extro {ES}:--- StateLog() end -------------------
20260506 011023.972 INFO             PET2   esm: InitializeP0 extro.
20260506 011023.972 INFO             PET2   esm: InitializeIPDv02p1 intro.
20260506 011023.972 INFO             PET2     esm: InitializeIPDv02p1 intro {IS}:--- StateLog() start -----------------
20260506 011023.972 INFO             PET2     esm: InitializeIPDv02p1 intro {IS}:State object is invalid! Not created or deleted!
20260506 011023.972 INFO             PET2     esm: InitializeIPDv02p1 intro {IS}:--- StateLog() end -------------------
20260506 011023.972 INFO             PET2     esm: InitializeIPDv02p1 intro {ES}:--- StateLog() start -----------------
20260506 011023.972 INFO             PET2     esm: InitializeIPDv02p1 intro {ES}:State object is invalid! Not created or deleted!
20260506 011023.972 INFO             PET2     esm: InitializeIPDv02p1 intro {ES}:--- StateLog() end -------------------
20260506 011023.972 INFO             PET2     >>>esm: entered Initialize (phase=<none>) without valid internal Clock.
20260506 011023.974 INFO             PET2     esm - Creating model component ATM without petList.
20260506 011023.977 INFO             PET2     esm - Creating model component OCN without petList.
20260506 011023.979 INFO             PET2     esm - Creating connector component ATM-TO-OCN without petList.
20260506 011023.983 INFO             PET2     esm - Creating connector component OCN-TO-ATM without petList.
20260506 011023.987 INFO             PET2     esm - Creating state: modelComp 1 Import State
20260506 011023.987 INFO             PET2     esm - Creating state: modelComp 1 Export State
20260506 011023.987 INFO             PET2     esm - Creating state: modelComp 2 Import State
20260506 011023.988 INFO             PET2     esm - Creating state: modelComp 2 Export State
20260506 011023.988 INFO             PET2     ATM: InitializeP0 intro.
20260506 011023.989 INFO             PET2     ATM: InitializeP0 extro.
20260506 011023.989 INFO             PET2     OCN: InitializeP0 intro.
20260506 011023.990 INFO             PET2     OCN: InitializeP0 extro.
20260506 011023.992 INFO             PET2     ATM-TO-OCN: InitializeP0 intro.
20260506 011023.992 INFO             PET2     ATM-TO-OCN: InitializeP0 extro.
20260506 011023.993 INFO             PET2     OCN-TO-ATM: InitializeP0 intro.
20260506 011023.993 INFO             PET2     OCN-TO-ATM: InitializeP0 extro.
20260506 011023.994 INFO             PET2     esm: IInitAdvertise intro.
20260506 011023.994 INFO             PET2       esm: IInitAdvertise intro {IS}:--- StateLog() start -----------------
20260506 011023.994 INFO             PET2       esm: IInitAdvertise intro {IS}:State object is invalid! Not created or deleted!
20260506 011023.994 INFO             PET2       esm: IInitAdvertise intro {IS}:--- StateLog() end -------------------
20260506 011023.994 INFO             PET2       esm: IInitAdvertise intro {ES}:--- StateLog() start -----------------
20260506 011023.994 INFO             PET2       esm: IInitAdvertise intro {ES}:State object is invalid! Not created or deleted!
20260506 011023.994 INFO             PET2       esm: IInitAdvertise intro {ES}:--- StateLog() end -------------------
20260506 011023.994 INFO             PET2       >>>esm: entered Initialize (phase=<none>) with current time: 2010  6  1  0  0  0   0
20260506 011023.994 INFO             PET2       <<<esm: leaving Initialize (phase=<none>) with current time: 2010  6  1  0  0  0   0
20260506 011023.994 INFO             PET2       esm: IInitAdvertise extro {IS}:--- StateLog() start -----------------
20260506 011023.994 INFO             PET2       esm: IInitAdvertise extro {IS}:State object is invalid! Not created or deleted!
20260506 011023.994 INFO             PET2       esm: IInitAdvertise extro {IS}:--- StateLog() end -------------------
20260506 011023.994 INFO             PET2       esm: IInitAdvertise extro {ES}:--- StateLog() start -----------------
20260506 011023.994 INFO             PET2       esm: IInitAdvertise extro {ES}:State object is invalid! Not created or deleted!
20260506 011023.994 INFO             PET2       esm: IInitAdvertise extro {ES}:--- StateLog() end -------------------
20260506 011023.994 INFO             PET2     esm: IInitAdvertise extro.
20260506 011023.994 INFO             PET2     ATM: InitializeIPDvXp01 intro.
20260506 011023.996 INFO             PET2     ATM: InitializeIPDvXp01 extro.
20260506 011023.996 INFO             PET2     OCN: InitializeIPDvXp01 intro.
20260506 011023.998 INFO             PET2     OCN: InitializeIPDvXp01 extro.
20260506 011023.999 INFO             PET2     ATM-TO-OCN: InitializeIPDv05p1 intro.
20260506 011023.999 INFO             PET2     ATM-TO-OCN: InitializeIPDv05p1 extro.
20260506 011024.000 INFO             PET2     OCN-TO-ATM: InitializeIPDv05p1 intro.
20260506 011024.000 INFO             PET2     OCN-TO-ATM: InitializeIPDv05p1 extro.
20260506 011024.000 INFO             PET2     esm: IInitAdvertiseFinish intro.
20260506 011024.000 INFO             PET2       esm: IInitAdvertiseFinish intro {IS}:--- StateLog() start -----------------
20260506 011024.000 INFO             PET2       esm: IInitAdvertiseFinish intro {IS}:State object is invalid! Not created or deleted!
20260506 011024.000 INFO             PET2       esm: IInitAdvertiseFinish intro {IS}:--- StateLog() end -------------------
20260506 011024.000 INFO             PET2       esm: IInitAdvertiseFinish intro {ES}:--- StateLog() start -----------------
20260506 011024.000 INFO             PET2       esm: IInitAdvertiseFinish intro {ES}:State object is invalid! Not created or deleted!
20260506 011024.000 INFO             PET2       esm: IInitAdvertiseFinish intro {ES}:--- StateLog() end -------------------
20260506 011024.000 INFO             PET2       >>>esm: entered Initialize (phase=<none>) with current time: 2010  6  1  0  0  0   0
20260506 011024.000 INFO             PET2       <<<esm: leaving Initialize (phase=<none>) with current time: 2010  6  1  0  0  0   0
20260506 011024.000 INFO             PET2       esm: IInitAdvertiseFinish extro {IS}:--- StateLog() start -----------------
20260506 011024.000 INFO             PET2       esm: IInitAdvertiseFinish extro {IS}:State object is invalid! Not created or deleted!
20260506 011024.000 INFO             PET2       esm: IInitAdvertiseFinish extro {IS}:--- StateLog() end -------------------
20260506 011024.000 INFO             PET2       esm: IInitAdvertiseFinish extro {ES}:--- StateLog() start -----------------
20260506 011024.000 INFO             PET2       esm: IInitAdvertiseFinish extro {ES}:State object is invalid! Not created or deleted!
20260506 011024.000 INFO             PET2       esm: IInitAdvertiseFinish extro {ES}:--- StateLog() end -------------------
20260506 011024.000 INFO             PET2     esm: IInitAdvertiseFinish extro.
20260506 011024.000 INFO             PET2     ATM-TO-OCN: InitializeIPDv05p2a intro.
20260506 011024.000 INFO             PET2     ATM-TO-OCN: InitializeIPDv05p2a extro.
20260506 011024.000 INFO             PET2     OCN-TO-ATM: InitializeIPDv05p2a intro.
20260506 011024.000 INFO             PET2     OCN-TO-ATM: InitializeIPDv05p2a extro.
20260506 011024.001 INFO             PET2     ATM-TO-OCN: InitializeIPDv05p2b intro.
20260506 011024.001 INFO             PET2     ATM-TO-OCN: InitializeIPDv05p2b extro.
20260506 011024.001 INFO             PET2     OCN-TO-ATM: InitializeIPDv05p2b intro.
20260506 011024.001 INFO             PET2     OCN-TO-ATM: InitializeIPDv05p2b extro.
20260506 011024.001 INFO             PET2     esm: IInitModifyCplLists intro.
20260506 011024.001 INFO             PET2       esm: IInitModifyCplLists intro {IS}:--- StateLog() start -----------------
20260506 011024.001 INFO             PET2       esm: IInitModifyCplLists intro {IS}:State object is invalid! Not created or deleted!
20260506 011024.001 INFO             PET2       esm: IInitModifyCplLists intro {IS}:--- StateLog() end -------------------
20260506 011024.001 INFO             PET2       esm: IInitModifyCplLists intro {ES}:--- StateLog() start -----------------
20260506 011024.001 INFO             PET2       esm: IInitModifyCplLists intro {ES}:State object is invalid! Not created or deleted!
20260506 011024.001 INFO             PET2       esm: IInitModifyCplLists intro {ES}:--- StateLog() end -------------------
20260506 011024.001 INFO             PET2       >>>esm: entered Initialize (phase=<none>) with current time: 2010  6  1  0  0  0   0
20260506 011024.001 INFO             PET2       <<<esm: leaving Initialize (phase=<none>) with current time: 2010  6  1  0  0  0   0
20260506 011024.001 INFO             PET2       esm: IInitModifyCplLists extro {IS}:--- StateLog() start -----------------
20260506 011024.001 INFO             PET2       esm: IInitModifyCplLists extro {IS}:State object is invalid! Not created or deleted!
20260506 011024.001 INFO             PET2       esm: IInitModifyCplLists extro {IS}:--- StateLog() end -------------------
20260506 011024.001 INFO             PET2       esm: IInitModifyCplLists extro {ES}:--- StateLog() start -----------------
20260506 011024.001 INFO             PET2       esm: IInitModifyCplLists extro {ES}:State object is invalid! Not created or deleted!
20260506 011024.001 INFO             PET2       esm: IInitModifyCplLists extro {ES}:--- StateLog() end -------------------
20260506 011024.001 INFO             PET2     esm: IInitModifyCplLists extro.
20260506 011024.002 INFO             PET2     ATM-TO-OCN: InitializeIPDv05p3 intro.
20260506 011024.002 INFO             PET2     ATM-TO-OCN: InitializeIPDv05p3 extro.
20260506 011024.002 INFO             PET2     OCN-TO-ATM: InitializeIPDv05p3 intro.
20260506 011024.003 INFO             PET2     OCN-TO-ATM: InitializeIPDv05p3 extro.
20260506 011024.003 INFO             PET2     <<<esm: leaving Initialize (phase=<none>) with current time: 2010  6  1  0  0  0   0
20260506 011024.003 INFO             PET2     esm: InitializeIPDv02p1 extro {IS}:--- StateLog() start -----------------
20260506 011024.003 INFO             PET2     esm: InitializeIPDv02p1 extro {IS}:State object is invalid! Not created or deleted!
20260506 011024.003 INFO             PET2     esm: InitializeIPDv02p1 extro {IS}:--- StateLog() end -------------------
20260506 011024.003 INFO             PET2     esm: InitializeIPDv02p1 extro {ES}:--- StateLog() start -----------------
20260506 011024.003 INFO             PET2     esm: InitializeIPDv02p1 extro {ES}:State object is invalid! Not created or deleted!
20260506 011024.003 INFO             PET2     esm: InitializeIPDv02p1 extro {ES}:--- StateLog() end -------------------
20260506 011024.003 INFO             PET2   esm: InitializeIPDv02p1 extro.
20260506 011024.003 INFO             PET2   esm: InitializeIPDv02p3 intro.
20260506 011024.003 INFO             PET2     esm: InitializeIPDv02p3 intro {IS}:--- StateLog() start -----------------
20260506 011024.003 INFO             PET2     esm: InitializeIPDv02p3 intro {IS}:State object is invalid! Not created or deleted!
20260506 011024.003 INFO             PET2     esm: InitializeIPDv02p3 intro {IS}:--- StateLog() end -------------------
20260506 011024.003 INFO             PET2     esm: InitializeIPDv02p3 intro {ES}:--- StateLog() start -----------------
20260506 011024.003 INFO             PET2     esm: InitializeIPDv02p3 intro {ES}:State object is invalid! Not created or deleted!
20260506 011024.003 INFO             PET2     esm: InitializeIPDv02p3 intro {ES}:--- StateLog() end -------------------
20260506 011024.003 INFO             PET2     >>>esm: entered Initialize (phase=<none>) with current time: 2010  6  1  0  0  0   0
20260506 011024.003 INFO             PET2     esm: IInitCheck intro.
20260506 011024.003 INFO             PET2       esm: IInitCheck intro {IS}:--- StateLog() start -----------------
20260506 011024.003 INFO             PET2       esm: IInitCheck intro {IS}:State object is invalid! Not created or deleted!
20260506 011024.003 INFO             PET2       esm: IInitCheck intro {IS}:--- StateLog() end -------------------
20260506 011024.003 INFO             PET2       esm: IInitCheck intro {ES}:--- StateLog() start -----------------
20260506 011024.003 INFO             PET2       esm: IInitCheck intro {ES}:State object is invalid! Not created or deleted!
20260506 011024.003 INFO             PET2       esm: IInitCheck intro {ES}:--- StateLog() end -------------------
20260506 011024.003 INFO             PET2       >>>esm: entered Initialize (phase=<none>) with current time: 2010  6  1  0  0  0   0
20260506 011024.003 INFO             PET2       <<<esm: leaving Initialize (phase=<none>) with current time: 2010  6  1  0  0  0   0
20260506 011024.003 INFO             PET2       esm: IInitCheck extro {IS}:--- StateLog() start -----------------
20260506 011024.003 INFO             PET2       esm: IInitCheck extro {IS}:State object is invalid! Not created or deleted!
20260506 011024.003 INFO             PET2       esm: IInitCheck extro {IS}:--- StateLog() end -------------------
20260506 011024.003 INFO             PET2       esm: IInitCheck extro {ES}:--- StateLog() start -----------------
20260506 011024.003 INFO             PET2       esm: IInitCheck extro {ES}:State object is invalid! Not created or deleted!
20260506 011024.003 INFO             PET2       esm: IInitCheck extro {ES}:--- StateLog() end -------------------
20260506 011024.003 INFO             PET2     esm: IInitCheck extro.
20260506 011024.003 INFO             PET2     atmA: InitializeIPDvXp04 intro.
20260506 011024.007 INFO             PET2     atmA: InitializeIPDvXp04 extro.
20260506 011024.007 INFO             PET2     ocnB: InitializeIPDvXp04 intro.
20260506 011024.010 INFO             PET2     ocnB: InitializeIPDvXp04 extro.
20260506 011024.011 INFO             PET2     ATM-TO-OCN: InitializeIPDv05p4 intro.
20260506 011024.012 INFO             PET2     ATM-TO-OCN: InitializeIPDv05p4 extro.
20260506 011024.012 INFO             PET2     OCN-TO-ATM: InitializeIPDv05p4 intro.
20260506 011024.012 INFO             PET2     OCN-TO-ATM: InitializeIPDv05p4 extro.
20260506 011024.012 INFO             PET2     ATM-TO-OCN: InitializeIPDv05p5 intro.
20260506 011024.012 INFO             PET2     ATM-TO-OCN: InitializeIPDv05p5 extro.
20260506 011024.012 INFO             PET2     OCN-TO-ATM: InitializeIPDv05p5 intro.
20260506 011024.013 INFO             PET2     OCN-TO-ATM: InitializeIPDv05p5 extro.
20260506 011024.013 INFO             PET2     esm: IInitRealize intro.
20260506 011024.013 INFO             PET2       esm: IInitRealize intro {IS}:--- StateLog() start -----------------
20260506 011024.013 INFO             PET2       esm: IInitRealize intro {IS}:State object is invalid! Not created or deleted!
20260506 011024.013 INFO             PET2       esm: IInitRealize intro {IS}:--- StateLog() end -------------------
20260506 011024.013 INFO             PET2       esm: IInitRealize intro {ES}:--- StateLog() start -----------------
20260506 011024.013 INFO             PET2       esm: IInitRealize intro {ES}:State object is invalid! Not created or deleted!
20260506 011024.013 INFO             PET2       esm: IInitRealize intro {ES}:--- StateLog() end -------------------
20260506 011024.013 INFO             PET2       >>>esm: entered Initialize (phase=<none>) with current time: 2010  6  1  0  0  0   0
20260506 011024.013 INFO             PET2       <<<esm: leaving Initialize (phase=<none>) with current time: 2010  6  1  0  0  0   0
20260506 011024.013 INFO             PET2       esm: IInitRealize extro {IS}:--- StateLog() start -----------------
20260506 011024.013 INFO             PET2       esm: IInitRealize extro {IS}:State object is invalid! Not created or deleted!
20260506 011024.013 INFO             PET2       esm: IInitRealize extro {IS}:--- StateLog() end -------------------
20260506 011024.013 INFO             PET2       esm: IInitRealize extro {ES}:--- StateLog() start -----------------
20260506 011024.013 INFO             PET2       esm: IInitRealize extro {ES}:State object is invalid! Not created or deleted!
20260506 011024.013 INFO             PET2       esm: IInitRealize extro {ES}:--- StateLog() end -------------------
20260506 011024.013 INFO             PET2     esm: IInitRealize extro.
20260506 011024.013 INFO             PET2     ATM-TO-OCN: InitializeIPDv05p6a intro.
20260506 011024.013 INFO             PET2     ATM-TO-OCN: InitializeIPDv05p6a extro.
20260506 011024.013 INFO             PET2     OCN-TO-ATM: InitializeIPDv05p6a intro.
20260506 011024.013 INFO             PET2     OCN-TO-ATM: InitializeIPDv05p6a extro.
20260506 011024.014 INFO             PET2     ATM-TO-OCN: InitializeIPDv05p6b intro.
20260506 011024.054 INFO             PET2     ATM-TO-OCN: InitializeIPDv05p6b extro.
20260506 011024.054 INFO             PET2     OCN-TO-ATM: InitializeIPDv05p6b intro.
20260506 011024.091 INFO             PET2     OCN-TO-ATM: InitializeIPDv05p6b extro.
20260506 011024.092 INFO             PET2     atmA: InitializeIPDvXp07 intro.
20260506 011024.092 INFO             PET2     atmA: InitializeIPDvXp07 extro.
20260506 011024.092 INFO             PET2     ocnB: InitializeIPDvXp07 intro.
20260506 011024.092 INFO             PET2     ocnB: InitializeIPDvXp07 extro.
20260506 011024.092 INFO             PET2     <<<esm: leaving Initialize (phase=<none>) with current time: 2010  6  1  0  0  0   0
20260506 011024.092 INFO             PET2     esm: InitializeIPDv02p3 extro {IS}:--- StateLog() start -----------------
20260506 011024.092 INFO             PET2     esm: InitializeIPDv02p3 extro {IS}:State object is invalid! Not created or deleted!
20260506 011024.092 INFO             PET2     esm: InitializeIPDv02p3 extro {IS}:--- StateLog() end -------------------
20260506 011024.092 INFO             PET2     esm: InitializeIPDv02p3 extro {ES}:--- StateLog() start -----------------
20260506 011024.092 INFO             PET2     esm: InitializeIPDv02p3 extro {ES}:State object is invalid! Not created or deleted!
20260506 011024.092 INFO             PET2     esm: InitializeIPDv02p3 extro {ES}:--- StateLog() end -------------------
20260506 011024.092 INFO             PET2   esm: InitializeIPDv02p3 extro.
20260506 011024.092 INFO             PET2   esm: InitializeIPDv02p5 intro.
20260506 011024.092 INFO             PET2     esm: InitializeIPDv02p5 intro {IS}:--- StateLog() start -----------------
20260506 011024.092 INFO             PET2     esm: InitializeIPDv02p5 intro {IS}:State object is invalid! Not created or deleted!
20260506 011024.092 INFO             PET2     esm: InitializeIPDv02p5 intro {IS}:--- StateLog() end -------------------
20260506 011024.092 INFO             PET2     esm: InitializeIPDv02p5 intro {ES}:--- StateLog() start -----------------
20260506 011024.092 INFO             PET2     esm: InitializeIPDv02p5 intro {ES}:State object is invalid! Not created or deleted!
20260506 011024.092 INFO             PET2     esm: InitializeIPDv02p5 intro {ES}:--- StateLog() end -------------------
20260506 011024.092 INFO             PET2     >>>esm: entered Initialize (phase=<none>) with current time: 2010  6  1  0  0  0   0
20260506 011024.092 INFO             PET2     esm: this is a top level driver, no 'Updated' and 'InitializeDataComplete' info on this level.
20260506 011024.092 INFO             PET2     esm: InitializeIPDv02p5Data intro.
20260506 011024.092 INFO             PET2       esm: InitializeIPDv02p5Data intro {IS}:--- StateLog() start -----------------
20260506 011024.092 INFO             PET2       esm: InitializeIPDv02p5Data intro {IS}:State object is invalid! Not created or deleted!
20260506 011024.092 INFO             PET2       esm: InitializeIPDv02p5Data intro {IS}:--- StateLog() end -------------------
20260506 011024.092 INFO             PET2       esm: InitializeIPDv02p5Data intro {ES}:--- StateLog() start -----------------
20260506 011024.092 INFO             PET2       esm: InitializeIPDv02p5Data intro {ES}:State object is invalid! Not created or deleted!
20260506 011024.092 INFO             PET2       esm: InitializeIPDv02p5Data intro {ES}:--- StateLog() end -------------------
20260506 011024.092 INFO             PET2       >>>esm: entered Initialize (phase=<none>) with current time: 2010  6  1  0  0  0   0
20260506 011024.092 INFO             PET2       esm: InternalInitializeComplete intro.
20260506 011024.092 INFO             PET2         esm: InternalInitializeComplete intro {IS}:--- StateLog() start -----------------
20260506 011024.092 INFO             PET2         esm: InternalInitializeComplete intro {IS}:State object is invalid! Not created or deleted!
20260506 011024.092 INFO             PET2         esm: InternalInitializeComplete intro {IS}:--- StateLog() end -------------------
20260506 011024.092 INFO             PET2         esm: InternalInitializeComplete intro {ES}:--- StateLog() start -----------------
20260506 011024.092 INFO             PET2         esm: InternalInitializeComplete intro {ES}:State object is invalid! Not created or deleted!
20260506 011024.092 INFO             PET2         esm: InternalInitializeComplete intro {ES}:--- StateLog() end -------------------
20260506 011024.093 INFO             PET2         >>>esm: entered Initialize (phase=<none>) with current time: 2010  6  1  0  0  0   0
20260506 011024.093 INFO             PET2         esm: InitializeDataComplete='true'
20260506 011024.093 INFO             PET2         <<<esm: leaving Initialize (phase=<none>) with current time: 2010  6  1  0  0  0   0
20260506 011024.093 INFO             PET2         esm: InternalInitializeComplete extro {IS}:--- StateLog() start -----------------
20260506 011024.093 INFO             PET2         esm: InternalInitializeComplete extro {IS}:State object is invalid! Not created or deleted!
20260506 011024.093 INFO             PET2         esm: InternalInitializeComplete extro {IS}:--- StateLog() end -------------------
20260506 011024.093 INFO             PET2         esm: InternalInitializeComplete extro {ES}:--- StateLog() start -----------------
20260506 011024.093 INFO             PET2         esm: InternalInitializeComplete extro {ES}:State object is invalid! Not created or deleted!
20260506 011024.093 INFO             PET2         esm: InternalInitializeComplete extro {ES}:--- StateLog() end -------------------
20260506 011024.093 INFO             PET2       esm: InternalInitializeComplete extro.
20260506 011024.093 INFO             PET2       atmA: InitializeIPDv01p5 intro.
20260506 011024.093 INFO             PET2       atmA: InitializeIPDv01p5 extro.
20260506 011024.093 INFO             PET2       ocnB: InitializeIPDv01p5 intro.
20260506 011024.093 INFO             PET2       ocnB: InitializeIPDv01p5 extro.
20260506 011024.094 INFO             PET2       esm: components present that trigger loopDataDependentInitialize().
20260506 011024.094 INFO             PET2       esm: loopDataDependentInitialize intro.
20260506 011024.094 INFO             PET2         esm: loopDataDependentInitialize intro {IS}:--- StateLog() start -----------------
20260506 011024.094 INFO             PET2         esm: loopDataDependentInitialize intro {IS}:State object is invalid! Not created or deleted!
20260506 011024.094 INFO             PET2         esm: loopDataDependentInitialize intro {IS}:--- StateLog() end -------------------
20260506 011024.094 INFO             PET2         esm: loopDataDependentInitialize intro {ES}:--- StateLog() start -----------------
20260506 011024.094 INFO             PET2         esm: loopDataDependentInitialize intro {ES}:State object is invalid! Not created or deleted!
20260506 011024.094 INFO             PET2         esm: loopDataDependentInitialize intro {ES}:--- StateLog() end -------------------
20260506 011024.095 INFO             PET2         >>>esm: entered Initialize (phase=<none>) with current time: 2010  6  1  0  0  0   0
20260506 011024.095 INFO             PET2         esm: component    0=esm, dataComplete (local): true
20260506 011024.095 INFO             PET2         esm: component    0=esm, dataComplete (global):  T
20260506 011024.095 INFO             PET2         esm: component    1=atmA, dataComplete (local): true
20260506 011024.095 INFO             PET2         esm: component    1=atmA, dataComplete (global):  T
20260506 011024.095 INFO             PET2         esm: component    2=ocnB, dataComplete (local): true
20260506 011024.095 INFO             PET2         esm: component    2=ocnB, dataComplete (global):  T
20260506 011024.095 INFO             PET2         esm: someProgress= F, allComplete= T, present(dataDepAllComplete)= T
20260506 011024.095 INFO             PET2         esm: finished resolving initialize data dependencies on this level.
20260506 011024.095 INFO             PET2         <<<esm: leaving Initialize (phase=<none>) with current time: 2010  6  1  0  0  0   0
20260506 011024.095 INFO             PET2         esm: loopDataDependentInitialize extro {IS}:--- StateLog() start -----------------
20260506 011024.095 INFO             PET2         esm: loopDataDependentInitialize extro {IS}:State object is invalid! Not created or deleted!
20260506 011024.095 INFO             PET2         esm: loopDataDependentInitialize extro {IS}:--- StateLog() end -------------------
20260506 011024.095 INFO             PET2         esm: loopDataDependentInitialize extro {ES}:--- StateLog() start -----------------
20260506 011024.095 INFO             PET2         esm: loopDataDependentInitialize extro {ES}:State object is invalid! Not created or deleted!
20260506 011024.095 INFO             PET2         esm: loopDataDependentInitialize extro {ES}:--- StateLog() end -------------------
20260506 011024.095 INFO             PET2       esm: loopDataDependentInitialize extro.
20260506 011024.095 INFO             PET2       esm: loopDataDependentInitialize() returned with dataDepAllComplete:  T
20260506 011024.095 INFO             PET2       <<<esm: leaving Initialize (phase=<none>) with current time: 2010  6  1  0  0  0   0
20260506 011024.095 INFO             PET2       esm: InitializeIPDv02p5Data extro {IS}:--- StateLog() start -----------------
20260506 011024.095 INFO             PET2       esm: InitializeIPDv02p5Data extro {IS}:State object is invalid! Not created or deleted!
20260506 011024.095 INFO             PET2       esm: InitializeIPDv02p5Data extro {IS}:--- StateLog() end -------------------
20260506 011024.095 INFO             PET2       esm: InitializeIPDv02p5Data extro {ES}:--- StateLog() start -----------------
20260506 011024.095 INFO             PET2       esm: InitializeIPDv02p5Data extro {ES}:State object is invalid! Not created or deleted!
20260506 011024.095 INFO             PET2       esm: InitializeIPDv02p5Data extro {ES}:--- StateLog() end -------------------
20260506 011024.095 INFO             PET2     esm: InitializeIPDv02p5Data extro.
20260506 011024.095 INFO             PET2     <<<esm: leaving Initialize (phase=<none>) with current time: 2010  6  1  0  0  0   0
20260506 011024.095 INFO             PET2     esm: InitializeIPDv02p5 extro {IS}:--- StateLog() start -----------------
20260506 011024.095 INFO             PET2     esm: InitializeIPDv02p5 extro {IS}:State object is invalid! Not created or deleted!
20260506 011024.095 INFO             PET2     esm: InitializeIPDv02p5 extro {IS}:--- StateLog() end -------------------
20260506 011024.095 INFO             PET2     esm: InitializeIPDv02p5 extro {ES}:--- StateLog() start -----------------
20260506 011024.095 INFO             PET2     esm: InitializeIPDv02p5 extro {ES}:State object is invalid! Not created or deleted!
20260506 011024.095 INFO             PET2     esm: InitializeIPDv02p5 extro {ES}:--- StateLog() end -------------------
20260506 011024.095 INFO             PET2   esm: InitializeIPDv02p5 extro.
20260506 011024.095 INFO             PET2   <<<esm: leaving Initialize (phase=<none>) with current time: 2010  6  1  0  0  0   0
20260506 011024.095 INFO             PET2   esm: InitializeGeneric extro {IS}:--- StateLog() start -----------------
20260506 011024.095 INFO             PET2   esm: InitializeGeneric extro {IS}:State object is invalid! Not created or deleted!
20260506 011024.095 INFO             PET2   esm: InitializeGeneric extro {IS}:--- StateLog() end -------------------
20260506 011024.095 INFO             PET2   esm: InitializeGeneric extro {ES}:--- StateLog() start -----------------
20260506 011024.095 INFO             PET2   esm: InitializeGeneric extro {ES}:State object is invalid! Not created or deleted!
20260506 011024.095 INFO             PET2   esm: InitializeGeneric extro {ES}:--- StateLog() end -------------------
20260506 011024.095 INFO             PET2 esm: InitializeGeneric extro.
20260506 011024.095 INFO             PET2 esm: Run intro.
20260506 011024.095 INFO             PET2   esm: Run intro {IS}:--- StateLog() start -----------------
20260506 011024.095 INFO             PET2   esm: Run intro {IS}:State object is invalid! Not created or deleted!
20260506 011024.095 INFO             PET2   esm: Run intro {IS}:--- StateLog() end -------------------
20260506 011024.095 INFO             PET2   esm: Run intro {ES}:--- StateLog() start -----------------
20260506 011024.095 INFO             PET2   esm: Run intro {ES}:State object is invalid! Not created or deleted!
20260506 011024.095 INFO             PET2   esm: Run intro {ES}:--- StateLog() end -------------------
20260506 011024.095 INFO             PET2   >>>esm: entered Run (phase=RunPhase1) with current time: 2010  6  1  0  0  0   0
20260506 011024.095 INFO             PET2   esm: after lable_SetRunClock, current time: 2010  6  1  0  0  0   0
20260506 011024.095 INFO             PET2   esm: begin -------> RunSequence.
20260506 011024.095 INFO             PET2     esm: RunSequence event loopLevel=   1  levelMember=   1  loopIteration=   1, current time: 2010  6  1  0  0  0   0
20260506 011024.095 INFO             PET2     ATM-TO-OCN: Run intro.
20260506 011024.096 INFO             PET2     ATM-TO-OCN: Run extro.
20260506 011024.096 INFO             PET2     OCN-TO-ATM: Run intro.
20260506 011024.096 INFO             PET2     OCN-TO-ATM: Run extro.
20260506 011024.096 INFO             PET2     atmA: Run intro.
20260506 011024.096 INFO             PET2       ------>Advancing ATM from: 2010  6  1  0  0  0   0
20260506 011024.096 INFO             PET2       ---------------------> to: 2010  6  1  0 15  0   0
20260506 011024.096 INFO             PET2     atmA: Run extro.
20260506 011024.097 INFO             PET2     ocnB: Run intro.
20260506 011024.097 INFO             PET2       ------>Advancing OCN from: 2010  6  1  0  0  0   0
20260506 011024.097 INFO             PET2       ---------------------> to: 2010  6  1  0  5  0   0
20260506 011024.097 INFO             PET2       ------>Advancing OCN from: 2010  6  1  0  5  0   0
20260506 011024.097 INFO             PET2       ---------------------> to: 2010  6  1  0 10  0   0
20260506 011024.097 INFO             PET2       ------>Advancing OCN from: 2010  6  1  0 10  0   0
20260506 011024.097 INFO             PET2       ---------------------> to: 2010  6  1  0 15  0   0
20260506 011024.097 INFO             PET2     ocnB: Run extro.
20260506 011024.097 INFO             PET2     esm: RunSequence event loopLevel=   1  levelMember=   1  loopIteration=   2, current time: 2010  6  1  0 15  0   0
20260506 011024.097 INFO             PET2     ATM-TO-OCN: Run intro.
20260506 011024.097 INFO             PET2     ATM-TO-OCN: Run extro.
20260506 011024.097 INFO             PET2     OCN-TO-ATM: Run intro.
20260506 011024.097 INFO             PET2     OCN-TO-ATM: Run extro.
20260506 011024.097 INFO             PET2     atmA: Run intro.
20260506 011024.098 INFO             PET2       ------>Advancing ATM from: 2010  6  1  0 15  0   0
20260506 011024.098 INFO             PET2       ---------------------> to: 2010  6  1  0 30  0   0
20260506 011024.098 INFO             PET2     atmA: Run extro.
20260506 011024.098 INFO             PET2     ocnB: Run intro.
20260506 011024.098 INFO             PET2       ------>Advancing OCN from: 2010  6  1  0 15  0   0
20260506 011024.098 INFO             PET2       ---------------------> to: 2010  6  1  0 20  0   0
20260506 011024.098 INFO             PET2       ------>Advancing OCN from: 2010  6  1  0 20  0   0
20260506 011024.098 INFO             PET2       ---------------------> to: 2010  6  1  0 25  0   0
20260506 011024.098 INFO             PET2       ------>Advancing OCN from: 2010  6  1  0 25  0   0
20260506 011024.098 INFO             PET2       ---------------------> to: 2010  6  1  0 30  0   0
20260506 011024.098 INFO             PET2     ocnB: Run extro.
20260506 011024.098 INFO             PET2     esm: RunSequence event loopLevel=   1  levelMember=   1  loopIteration=   3, current time: 2010  6  1  0 30  0   0
20260506 011024.098 INFO             PET2     ATM-TO-OCN: Run intro.
20260506 011024.098 INFO             PET2     ATM-TO-OCN: Run extro.
20260506 011024.098 INFO             PET2     OCN-TO-ATM: Run intro.
20260506 011024.099 INFO             PET2     OCN-TO-ATM: Run extro.
20260506 011024.099 INFO             PET2     atmA: Run intro.
20260506 011024.099 INFO             PET2       ------>Advancing ATM from: 2010  6  1  0 30  0   0
20260506 011024.099 INFO             PET2       ---------------------> to: 2010  6  1  0 45  0   0
20260506 011024.099 INFO             PET2     atmA: Run extro.
20260506 011024.099 INFO             PET2     ocnB: Run intro.
20260506 011024.099 INFO             PET2       ------>Advancing OCN from: 2010  6  1  0 30  0   0
20260506 011024.099 INFO             PET2       ---------------------> to: 2010  6  1  0 35  0   0
20260506 011024.099 INFO             PET2       ------>Advancing OCN from: 2010  6  1  0 35  0   0
20260506 011024.099 INFO             PET2       ---------------------> to: 2010  6  1  0 40  0   0
20260506 011024.099 INFO             PET2       ------>Advancing OCN from: 2010  6  1  0 40  0   0
20260506 011024.099 INFO             PET2       ---------------------> to: 2010  6  1  0 45  0   0
20260506 011024.099 INFO             PET2     ocnB: Run extro.
20260506 011024.099 INFO             PET2     esm: RunSequence event loopLevel=   1  levelMember=   1  loopIteration=   4, current time: 2010  6  1  0 45  0   0
20260506 011024.099 INFO             PET2     ATM-TO-OCN: Run intro.
20260506 011024.099 INFO             PET2     ATM-TO-OCN: Run extro.
20260506 011024.099 INFO             PET2     OCN-TO-ATM: Run intro.
20260506 011024.100 INFO             PET2     OCN-TO-ATM: Run extro.
20260506 011024.100 INFO             PET2     atmA: Run intro.
20260506 011024.100 INFO             PET2       ------>Advancing ATM from: 2010  6  1  0 45  0   0
20260506 011024.100 INFO             PET2       ---------------------> to: 2010  6  1  1  0  0   0
20260506 011024.100 INFO             PET2     atmA: Run extro.
20260506 011024.100 INFO             PET2     ocnB: Run intro.
20260506 011024.100 INFO             PET2       ------>Advancing OCN from: 2010  6  1  0 45  0   0
20260506 011024.100 INFO             PET2       ---------------------> to: 2010  6  1  0 50  0   0
20260506 011024.100 INFO             PET2       ------>Advancing OCN from: 2010  6  1  0 50  0   0
20260506 011024.100 INFO             PET2       ---------------------> to: 2010  6  1  0 55  0   0
20260506 011024.100 INFO             PET2       ------>Advancing OCN from: 2010  6  1  0 55  0   0
20260506 011024.100 INFO             PET2       ---------------------> to: 2010  6  1  1  0  0   0
20260506 011024.100 INFO             PET2     ocnB: Run extro.
20260506 011024.100 INFO             PET2   esm: end <--------- RunSequence
20260506 011024.100 INFO             PET2   <<<esm: leaving Run (phase=RunPhase1) with current time: 2010  6  1  1  0  0   0
20260506 011024.100 INFO             PET2   esm: Run extro {IS}:--- StateLog() start -----------------
20260506 011024.100 INFO             PET2   esm: Run extro {IS}:State object is invalid! Not created or deleted!
20260506 011024.100 INFO             PET2   esm: Run extro {IS}:--- StateLog() end -------------------
20260506 011024.100 INFO             PET2   esm: Run extro {ES}:--- StateLog() start -----------------
20260506 011024.100 INFO             PET2   esm: Run extro {ES}:State object is invalid! Not created or deleted!
20260506 011024.100 INFO             PET2   esm: Run extro {ES}:--- StateLog() end -------------------
20260506 011024.100 INFO             PET2 esm: Run extro.
20260506 011024.100 INFO             PET2 esm: Finalize intro.
20260506 011024.100 INFO             PET2   esm: Finalize intro {IS}:--- StateLog() start -----------------
20260506 011024.100 INFO             PET2   esm: Finalize intro {IS}:State object is invalid! Not created or deleted!
20260506 011024.100 INFO             PET2   esm: Finalize intro {IS}:--- StateLog() end -------------------
20260506 011024.100 INFO             PET2   esm: Finalize intro {ES}:--- StateLog() start -----------------
20260506 011024.100 INFO             PET2   esm: Finalize intro {ES}:State object is invalid! Not created or deleted!
20260506 011024.100 INFO             PET2   esm: Finalize intro {ES}:--- StateLog() end -------------------
20260506 011024.100 INFO             PET2   >>>esm: entered Finalize (phase=FinalizePhase1) with current time: 2010  6  1  1  0  0   0
20260506 011024.100 INFO             PET2   Calling Finalize phase 1 for connectorComp: ATM-TO-OCN
20260506 011024.100 INFO             PET2   ATM-TO-OCN: Finalize intro.
20260506 011024.101 INFO             PET2   ATM-TO-OCN: Finalize extro.
20260506 011024.101 INFO             PET2   Calling Finalize phase 1 for connectorComp: OCN-TO-ATM
20260506 011024.101 INFO             PET2   OCN-TO-ATM: Finalize intro.
20260506 011024.101 INFO             PET2   OCN-TO-ATM: Finalize extro.
20260506 011024.101 INFO             PET2   Calling Finalize phase 1 for modelComp: atmA
20260506 011024.101 INFO             PET2   atmA: Finalize intro.
20260506 011024.101 INFO             PET2   atmA: Finalize extro.
20260506 011024.101 INFO             PET2   Calling Finalize phase 1 for modelComp: ocnB
20260506 011024.101 INFO             PET2   ocnB: Finalize intro.
20260506 011024.101 INFO             PET2   ocnB: Finalize extro.
20260506 011024.101 INFO             PET2   Delete modelComp: atmA
20260506 011024.101 INFO             PET2   Delete Import-/Export State for modelComp: atmA
20260506 011024.101 INFO             PET2   Delete modelComp: ocnB
20260506 011024.101 INFO             PET2   Delete Import-/Export State for modelComp: ocnB
20260506 011024.101 INFO             PET2   Delete connectorComp: ATM-TO-OCN
20260506 011024.101 INFO             PET2   Delete connectorComp: OCN-TO-ATM
20260506 011024.101 INFO             PET2   <<<esm: leaving Finalize (phase=FinalizePhase1) with current time: 2010  6  1  1  0  0   0
20260506 011024.101 INFO             PET2 esm: Finalize extro.
20260506 011024.101 INFO             PET2 esmApp FINISHED
20260506 011024.101 INFO             PET2  Finalizing ESMF
20260506 011015.213 INFO             PET3 !!!!!!!!!!!!!!!!!!!!!!!!!!!!!!!!!!!!!!!!!!!!!!!!!!!!!!
20260506 011015.213 INFO             PET3 !!! THE ESMF_LOG IS SET TO OUTPUT ALL LOG MESSAGES !!!
20260506 011015.213 INFO             PET3 !!!     THIS MAY CAUSE SLOWDOWN IN PERFORMANCE     !!!
20260506 011015.213 INFO             PET3 !!! FOR PRODUCTION RUNS, USE:                      !!!
20260506 011015.213 INFO             PET3 !!!                   ESMF_LOGKIND_Multi_On_Error  !!!
20260506 011015.213 INFO             PET3 !!!!!!!!!!!!!!!!!!!!!!!!!!!!!!!!!!!!!!!!!!!!!!!!!!!!!!
20260506 011015.214 INFO             PET3 Running with ESMF Version   : develop+g0ae3009ebf
20260506 011015.214 INFO             PET3 ESMF library build date/time: "May  6 2026" "00:44:24"
20260506 011015.214 INFO             PET3 ESMF library build location : /home/gerhard/ESMF-Nightly-Testing/gfortran_7.4.0_mpich_g_develop/esmf
20260506 011015.214 INFO             PET3 ESMF_COMM                   : mpich
20260506 011015.214 INFO             PET3 ESMF_MOAB                   : enabled
20260506 011015.214 INFO             PET3 ESMF_LAPACK                 : enabled
20260506 011015.214 INFO             PET3 ESMF_NETCDF                 : enabled
20260506 011015.214 INFO             PET3 ESMF_PNETCDF                : disabled
20260506 011015.214 INFO             PET3 ESMF_PIO                    : enabled
20260506 011015.214 INFO             PET3 ESMF_YAMLCPP                : enabled
20260506 011015.214 INFO             PET3 esmApp STARTING
20260506 011015.218 INFO             PET3 esm: InitializeGeneric intro.
20260506 011015.218 INFO             PET3   esm: InitializeGeneric intro {IS}:--- StateLog() start -----------------
20260506 011015.218 INFO             PET3   esm: InitializeGeneric intro {IS}:State object is invalid! Not created or deleted!
20260506 011015.218 INFO             PET3   esm: InitializeGeneric intro {IS}:--- StateLog() end -------------------
20260506 011015.218 INFO             PET3   esm: InitializeGeneric intro {ES}:--- StateLog() start -----------------
20260506 011015.218 INFO             PET3   esm: InitializeGeneric intro {ES}:State object is invalid! Not created or deleted!
20260506 011015.218 INFO             PET3   esm: InitializeGeneric intro {ES}:--- StateLog() end -------------------
20260506 011015.218 INFO             PET3   >>>esm: entered Initialize (phase=<none>) without valid internal Clock.
20260506 011015.218 INFO             PET3   esm: InitializeP0 intro.
20260506 011015.218 INFO             PET3     esm: InitializeP0 intro {IS}:--- StateLog() start -----------------
20260506 011015.218 INFO             PET3     esm: InitializeP0 intro {IS}:State object is invalid! Not created or deleted!
20260506 011015.218 INFO             PET3     esm: InitializeP0 intro {IS}:--- StateLog() end -------------------
20260506 011015.218 INFO             PET3     esm: InitializeP0 intro {ES}:--- StateLog() start -----------------
20260506 011015.218 INFO             PET3     esm: InitializeP0 intro {ES}:State object is invalid! Not created or deleted!
20260506 011015.218 INFO             PET3     esm: InitializeP0 intro {ES}:--- StateLog() end -------------------
20260506 011015.218 INFO             PET3     >>>esm: entered Initialize (phase=<none>) without valid internal Clock.
20260506 011015.219 INFO             PET3     <<<esm: leaving Initialize (phase=<none>) without valid internal Clock.
20260506 011015.219 INFO             PET3     esm: InitializeP0 extro {IS}:--- StateLog() start -----------------
20260506 011015.219 INFO             PET3     esm: InitializeP0 extro {IS}:State object is invalid! Not created or deleted!
20260506 011015.219 INFO             PET3     esm: InitializeP0 extro {IS}:--- StateLog() end -------------------
20260506 011015.219 INFO             PET3     esm: InitializeP0 extro {ES}:--- StateLog() start -----------------
20260506 011015.219 INFO             PET3     esm: InitializeP0 extro {ES}:State object is invalid! Not created or deleted!
20260506 011015.219 INFO             PET3     esm: InitializeP0 extro {ES}:--- StateLog() end -------------------
20260506 011015.219 INFO             PET3   esm: InitializeP0 extro.
20260506 011015.219 INFO             PET3   esm: InitializeIPDv02p1 intro.
20260506 011015.219 INFO             PET3     esm: InitializeIPDv02p1 intro {IS}:--- StateLog() start -----------------
20260506 011015.219 INFO             PET3     esm: InitializeIPDv02p1 intro {IS}:State object is invalid! Not created or deleted!
20260506 011015.219 INFO             PET3     esm: InitializeIPDv02p1 intro {IS}:--- StateLog() end -------------------
20260506 011015.219 INFO             PET3     esm: InitializeIPDv02p1 intro {ES}:--- StateLog() start -----------------
20260506 011015.219 INFO             PET3     esm: InitializeIPDv02p1 intro {ES}:State object is invalid! Not created or deleted!
20260506 011015.219 INFO             PET3     esm: InitializeIPDv02p1 intro {ES}:--- StateLog() end -------------------
20260506 011015.219 INFO             PET3     >>>esm: entered Initialize (phase=<none>) without valid internal Clock.
20260506 011015.223 INFO             PET3     esm - Creating model component ATM without petList.
20260506 011015.227 INFO             PET3     esm - Creating model component OCN without petList.
20260506 011015.229 INFO             PET3     esm - Creating connector component ATM-TO-OCN without petList.
20260506 011015.234 INFO             PET3     esm - Creating connector component OCN-TO-ATM without petList.
20260506 011015.240 INFO             PET3     esm - Creating state: modelComp 1 Import State
20260506 011015.240 INFO             PET3     esm - Creating state: modelComp 1 Export State
20260506 011015.241 INFO             PET3     esm - Creating state: modelComp 2 Import State
20260506 011015.241 INFO             PET3     esm - Creating state: modelComp 2 Export State
20260506 011015.242 INFO             PET3     ATM: InitializeP0 intro.
20260506 011015.243 INFO             PET3     ATM: InitializeP0 extro.
20260506 011015.243 INFO             PET3     OCN: InitializeP0 intro.
20260506 011015.243 INFO             PET3     OCN: InitializeP0 extro.
20260506 011015.251 INFO             PET3     ATM-TO-OCN: InitializeP0 intro.
20260506 011015.251 INFO             PET3     ATM-TO-OCN: InitializeP0 extro.
20260506 011015.252 INFO             PET3     OCN-TO-ATM: InitializeP0 intro.
20260506 011015.253 INFO             PET3     OCN-TO-ATM: InitializeP0 extro.
20260506 011015.254 INFO             PET3     esm: IInitAdvertise intro.
20260506 011015.254 INFO             PET3       esm: IInitAdvertise intro {IS}:--- StateLog() start -----------------
20260506 011015.255 INFO             PET3       esm: IInitAdvertise intro {IS}:State object is invalid! Not created or deleted!
20260506 011015.255 INFO             PET3       esm: IInitAdvertise intro {IS}:--- StateLog() end -------------------
20260506 011015.255 INFO             PET3       esm: IInitAdvertise intro {ES}:--- StateLog() start -----------------
20260506 011015.255 INFO             PET3       esm: IInitAdvertise intro {ES}:State object is invalid! Not created or deleted!
20260506 011015.255 INFO             PET3       esm: IInitAdvertise intro {ES}:--- StateLog() end -------------------
20260506 011015.255 INFO             PET3       >>>esm: entered Initialize (phase=<none>) with current time: 2010  6  1  0  0  0   0
20260506 011015.255 INFO             PET3       <<<esm: leaving Initialize (phase=<none>) with current time: 2010  6  1  0  0  0   0
20260506 011015.255 INFO             PET3       esm: IInitAdvertise extro {IS}:--- StateLog() start -----------------
20260506 011015.255 INFO             PET3       esm: IInitAdvertise extro {IS}:State object is invalid! Not created or deleted!
20260506 011015.255 INFO             PET3       esm: IInitAdvertise extro {IS}:--- StateLog() end -------------------
20260506 011015.255 INFO             PET3       esm: IInitAdvertise extro {ES}:--- StateLog() start -----------------
20260506 011015.255 INFO             PET3       esm: IInitAdvertise extro {ES}:State object is invalid! Not created or deleted!
20260506 011015.255 INFO             PET3       esm: IInitAdvertise extro {ES}:--- StateLog() end -------------------
20260506 011015.255 INFO             PET3     esm: IInitAdvertise extro.
20260506 011015.255 INFO             PET3     ATM: InitializeIPDvXp01 intro.
20260506 011015.257 INFO             PET3     ATM: InitializeIPDvXp01 extro.
20260506 011015.257 INFO             PET3     OCN: InitializeIPDvXp01 intro.
20260506 011015.258 INFO             PET3     OCN: InitializeIPDvXp01 extro.
20260506 011015.263 INFO             PET3     ATM-TO-OCN: InitializeIPDv05p1 intro.
20260506 011015.264 INFO             PET3     ATM-TO-OCN: InitializeIPDv05p1 extro.
20260506 011015.264 INFO             PET3     OCN-TO-ATM: InitializeIPDv05p1 intro.
20260506 011015.264 INFO             PET3     OCN-TO-ATM: InitializeIPDv05p1 extro.
20260506 011015.264 INFO             PET3     esm: IInitAdvertiseFinish intro.
20260506 011015.264 INFO             PET3       esm: IInitAdvertiseFinish intro {IS}:--- StateLog() start -----------------
20260506 011015.264 INFO             PET3       esm: IInitAdvertiseFinish intro {IS}:State object is invalid! Not created or deleted!
20260506 011015.264 INFO             PET3       esm: IInitAdvertiseFinish intro {IS}:--- StateLog() end -------------------
20260506 011015.264 INFO             PET3       esm: IInitAdvertiseFinish intro {ES}:--- StateLog() start -----------------
20260506 011015.264 INFO             PET3       esm: IInitAdvertiseFinish intro {ES}:State object is invalid! Not created or deleted!
20260506 011015.264 INFO             PET3       esm: IInitAdvertiseFinish intro {ES}:--- StateLog() end -------------------
20260506 011015.264 INFO             PET3       >>>esm: entered Initialize (phase=<none>) with current time: 2010  6  1  0  0  0   0
20260506 011015.265 INFO             PET3       <<<esm: leaving Initialize (phase=<none>) with current time: 2010  6  1  0  0  0   0
20260506 011015.265 INFO             PET3       esm: IInitAdvertiseFinish extro {IS}:--- StateLog() start -----------------
20260506 011015.265 INFO             PET3       esm: IInitAdvertiseFinish extro {IS}:State object is invalid! Not created or deleted!
20260506 011015.265 INFO             PET3       esm: IInitAdvertiseFinish extro {IS}:--- StateLog() end -------------------
20260506 011015.265 INFO             PET3       esm: IInitAdvertiseFinish extro {ES}:--- StateLog() start -----------------
20260506 011015.265 INFO             PET3       esm: IInitAdvertiseFinish extro {ES}:State object is invalid! Not created or deleted!
20260506 011015.265 INFO             PET3       esm: IInitAdvertiseFinish extro {ES}:--- StateLog() end -------------------
20260506 011015.265 INFO             PET3     esm: IInitAdvertiseFinish extro.
20260506 011015.265 INFO             PET3     ATM-TO-OCN: InitializeIPDv05p2a intro.
20260506 011015.265 INFO             PET3     ATM-TO-OCN: InitializeIPDv05p2a extro.
20260506 011015.265 INFO             PET3     OCN-TO-ATM: InitializeIPDv05p2a intro.
20260506 011015.266 INFO             PET3     OCN-TO-ATM: InitializeIPDv05p2a extro.
20260506 011015.266 INFO             PET3     ATM-TO-OCN: InitializeIPDv05p2b intro.
20260506 011015.266 INFO             PET3     ATM-TO-OCN: InitializeIPDv05p2b extro.
20260506 011015.266 INFO             PET3     OCN-TO-ATM: InitializeIPDv05p2b intro.
20260506 011015.267 INFO             PET3     OCN-TO-ATM: InitializeIPDv05p2b extro.
20260506 011015.267 INFO             PET3     esm: IInitModifyCplLists intro.
20260506 011015.267 INFO             PET3       esm: IInitModifyCplLists intro {IS}:--- StateLog() start -----------------
20260506 011015.267 INFO             PET3       esm: IInitModifyCplLists intro {IS}:State object is invalid! Not created or deleted!
20260506 011015.267 INFO             PET3       esm: IInitModifyCplLists intro {IS}:--- StateLog() end -------------------
20260506 011015.267 INFO             PET3       esm: IInitModifyCplLists intro {ES}:--- StateLog() start -----------------
20260506 011015.267 INFO             PET3       esm: IInitModifyCplLists intro {ES}:State object is invalid! Not created or deleted!
20260506 011015.267 INFO             PET3       esm: IInitModifyCplLists intro {ES}:--- StateLog() end -------------------
20260506 011015.267 INFO             PET3       >>>esm: entered Initialize (phase=<none>) with current time: 2010  6  1  0  0  0   0
20260506 011015.267 INFO             PET3       <<<esm: leaving Initialize (phase=<none>) with current time: 2010  6  1  0  0  0   0
20260506 011015.267 INFO             PET3       esm: IInitModifyCplLists extro {IS}:--- StateLog() start -----------------
20260506 011015.267 INFO             PET3       esm: IInitModifyCplLists extro {IS}:State object is invalid! Not created or deleted!
20260506 011015.267 INFO             PET3       esm: IInitModifyCplLists extro {IS}:--- StateLog() end -------------------
20260506 011015.267 INFO             PET3       esm: IInitModifyCplLists extro {ES}:--- StateLog() start -----------------
20260506 011015.267 INFO             PET3       esm: IInitModifyCplLists extro {ES}:State object is invalid! Not created or deleted!
20260506 011015.267 INFO             PET3       esm: IInitModifyCplLists extro {ES}:--- StateLog() end -------------------
20260506 011015.267 INFO             PET3     esm: IInitModifyCplLists extro.
20260506 011015.267 INFO             PET3     ATM-TO-OCN: InitializeIPDv05p3 intro.
20260506 011015.268 INFO             PET3     ATM-TO-OCN: InitializeIPDv05p3 extro.
20260506 011015.268 INFO             PET3     OCN-TO-ATM: InitializeIPDv05p3 intro.
20260506 011015.269 INFO             PET3     OCN-TO-ATM: InitializeIPDv05p3 extro.
20260506 011015.269 INFO             PET3     <<<esm: leaving Initialize (phase=<none>) with current time: 2010  6  1  0  0  0   0
20260506 011015.269 INFO             PET3     esm: InitializeIPDv02p1 extro {IS}:--- StateLog() start -----------------
20260506 011015.269 INFO             PET3     esm: InitializeIPDv02p1 extro {IS}:State object is invalid! Not created or deleted!
20260506 011015.269 INFO             PET3     esm: InitializeIPDv02p1 extro {IS}:--- StateLog() end -------------------
20260506 011015.269 INFO             PET3     esm: InitializeIPDv02p1 extro {ES}:--- StateLog() start -----------------
20260506 011015.269 INFO             PET3     esm: InitializeIPDv02p1 extro {ES}:State object is invalid! Not created or deleted!
20260506 011015.269 INFO             PET3     esm: InitializeIPDv02p1 extro {ES}:--- StateLog() end -------------------
20260506 011015.269 INFO             PET3   esm: InitializeIPDv02p1 extro.
20260506 011015.269 INFO             PET3   esm: InitializeIPDv02p3 intro.
20260506 011015.269 INFO             PET3     esm: InitializeIPDv02p3 intro {IS}:--- StateLog() start -----------------
20260506 011015.269 INFO             PET3     esm: InitializeIPDv02p3 intro {IS}:State object is invalid! Not created or deleted!
20260506 011015.269 INFO             PET3     esm: InitializeIPDv02p3 intro {IS}:--- StateLog() end -------------------
20260506 011015.269 INFO             PET3     esm: InitializeIPDv02p3 intro {ES}:--- StateLog() start -----------------
20260506 011015.269 INFO             PET3     esm: InitializeIPDv02p3 intro {ES}:State object is invalid! Not created or deleted!
20260506 011015.269 INFO             PET3     esm: InitializeIPDv02p3 intro {ES}:--- StateLog() end -------------------
20260506 011015.269 INFO             PET3     >>>esm: entered Initialize (phase=<none>) with current time: 2010  6  1  0  0  0   0
20260506 011015.270 INFO             PET3     esm: IInitCheck intro.
20260506 011015.270 INFO             PET3       esm: IInitCheck intro {IS}:--- StateLog() start -----------------
20260506 011015.270 INFO             PET3       esm: IInitCheck intro {IS}:State object is invalid! Not created or deleted!
20260506 011015.270 INFO             PET3       esm: IInitCheck intro {IS}:--- StateLog() end -------------------
20260506 011015.270 INFO             PET3       esm: IInitCheck intro {ES}:--- StateLog() start -----------------
20260506 011015.270 INFO             PET3       esm: IInitCheck intro {ES}:State object is invalid! Not created or deleted!
20260506 011015.270 INFO             PET3       esm: IInitCheck intro {ES}:--- StateLog() end -------------------
20260506 011015.270 INFO             PET3       >>>esm: entered Initialize (phase=<none>) with current time: 2010  6  1  0  0  0   0
20260506 011015.270 INFO             PET3       <<<esm: leaving Initialize (phase=<none>) with current time: 2010  6  1  0  0  0   0
20260506 011015.270 INFO             PET3       esm: IInitCheck extro {IS}:--- StateLog() start -----------------
20260506 011015.270 INFO             PET3       esm: IInitCheck extro {IS}:State object is invalid! Not created or deleted!
20260506 011015.270 INFO             PET3       esm: IInitCheck extro {IS}:--- StateLog() end -------------------
20260506 011015.270 INFO             PET3       esm: IInitCheck extro {ES}:--- StateLog() start -----------------
20260506 011015.270 INFO             PET3       esm: IInitCheck extro {ES}:State object is invalid! Not created or deleted!
20260506 011015.270 INFO             PET3       esm: IInitCheck extro {ES}:--- StateLog() end -------------------
20260506 011015.270 INFO             PET3     esm: IInitCheck extro.
20260506 011015.270 INFO             PET3     atmA: InitializeIPDvXp04 intro.
20260506 011015.273 INFO             PET3     atmA: InitializeIPDvXp04 extro.
20260506 011015.273 INFO             PET3     ocnA: InitializeIPDvXp04 intro.
20260506 011015.276 INFO             PET3     ocnA: InitializeIPDvXp04 extro.
20260506 011015.283 INFO             PET3     ATM-TO-OCN: InitializeIPDv05p4 intro.
20260506 011015.284 INFO             PET3     ATM-TO-OCN: InitializeIPDv05p4 extro.
20260506 011015.284 INFO             PET3     OCN-TO-ATM: InitializeIPDv05p4 intro.
20260506 011015.284 INFO             PET3     OCN-TO-ATM: InitializeIPDv05p4 extro.
20260506 011015.284 INFO             PET3     ATM-TO-OCN: InitializeIPDv05p5 intro.
20260506 011015.285 INFO             PET3     ATM-TO-OCN: InitializeIPDv05p5 extro.
20260506 011015.285 INFO             PET3     OCN-TO-ATM: InitializeIPDv05p5 intro.
20260506 011015.285 INFO             PET3     OCN-TO-ATM: InitializeIPDv05p5 extro.
20260506 011015.285 INFO             PET3     esm: IInitRealize intro.
20260506 011015.285 INFO             PET3       esm: IInitRealize intro {IS}:--- StateLog() start -----------------
20260506 011015.285 INFO             PET3       esm: IInitRealize intro {IS}:State object is invalid! Not created or deleted!
20260506 011015.285 INFO             PET3       esm: IInitRealize intro {IS}:--- StateLog() end -------------------
20260506 011015.285 INFO             PET3       esm: IInitRealize intro {ES}:--- StateLog() start -----------------
20260506 011015.285 INFO             PET3       esm: IInitRealize intro {ES}:State object is invalid! Not created or deleted!
20260506 011015.285 INFO             PET3       esm: IInitRealize intro {ES}:--- StateLog() end -------------------
20260506 011015.285 INFO             PET3       >>>esm: entered Initialize (phase=<none>) with current time: 2010  6  1  0  0  0   0
20260506 011015.285 INFO             PET3       <<<esm: leaving Initialize (phase=<none>) with current time: 2010  6  1  0  0  0   0
20260506 011015.285 INFO             PET3       esm: IInitRealize extro {IS}:--- StateLog() start -----------------
20260506 011015.285 INFO             PET3       esm: IInitRealize extro {IS}:State object is invalid! Not created or deleted!
20260506 011015.285 INFO             PET3       esm: IInitRealize extro {IS}:--- StateLog() end -------------------
20260506 011015.285 INFO             PET3       esm: IInitRealize extro {ES}:--- StateLog() start -----------------
20260506 011015.285 INFO             PET3       esm: IInitRealize extro {ES}:State object is invalid! Not created or deleted!
20260506 011015.285 INFO             PET3       esm: IInitRealize extro {ES}:--- StateLog() end -------------------
20260506 011015.285 INFO             PET3     esm: IInitRealize extro.
20260506 011015.285 INFO             PET3     ATM-TO-OCN: InitializeIPDv05p6a intro.
20260506 011015.285 INFO             PET3     ATM-TO-OCN: InitializeIPDv05p6a extro.
20260506 011015.286 INFO             PET3     OCN-TO-ATM: InitializeIPDv05p6a intro.
20260506 011015.286 INFO             PET3     OCN-TO-ATM: InitializeIPDv05p6a extro.
20260506 011015.286 INFO             PET3     ATM-TO-OCN: InitializeIPDv05p6b intro.
20260506 011015.328 INFO             PET3     ATM-TO-OCN: InitializeIPDv05p6b extro.
20260506 011015.328 INFO             PET3     OCN-TO-ATM: InitializeIPDv05p6b intro.
20260506 011015.367 INFO             PET3     OCN-TO-ATM: InitializeIPDv05p6b extro.
20260506 011015.367 INFO             PET3     atmA: InitializeIPDvXp07 intro.
20260506 011015.367 INFO             PET3     atmA: InitializeIPDvXp07 extro.
20260506 011015.367 INFO             PET3     ocnA: InitializeIPDvXp07 intro.
20260506 011015.367 INFO             PET3     ocnA: InitializeIPDvXp07 extro.
20260506 011015.367 INFO             PET3     <<<esm: leaving Initialize (phase=<none>) with current time: 2010  6  1  0  0  0   0
20260506 011015.367 INFO             PET3     esm: InitializeIPDv02p3 extro {IS}:--- StateLog() start -----------------
20260506 011015.367 INFO             PET3     esm: InitializeIPDv02p3 extro {IS}:State object is invalid! Not created or deleted!
20260506 011015.367 INFO             PET3     esm: InitializeIPDv02p3 extro {IS}:--- StateLog() end -------------------
20260506 011015.367 INFO             PET3     esm: InitializeIPDv02p3 extro {ES}:--- StateLog() start -----------------
20260506 011015.367 INFO             PET3     esm: InitializeIPDv02p3 extro {ES}:State object is invalid! Not created or deleted!
20260506 011015.367 INFO             PET3     esm: InitializeIPDv02p3 extro {ES}:--- StateLog() end -------------------
20260506 011015.367 INFO             PET3   esm: InitializeIPDv02p3 extro.
20260506 011015.368 INFO             PET3   esm: InitializeIPDv02p5 intro.
20260506 011015.368 INFO             PET3     esm: InitializeIPDv02p5 intro {IS}:--- StateLog() start -----------------
20260506 011015.368 INFO             PET3     esm: InitializeIPDv02p5 intro {IS}:State object is invalid! Not created or deleted!
20260506 011015.368 INFO             PET3     esm: InitializeIPDv02p5 intro {IS}:--- StateLog() end -------------------
20260506 011015.368 INFO             PET3     esm: InitializeIPDv02p5 intro {ES}:--- StateLog() start -----------------
20260506 011015.368 INFO             PET3     esm: InitializeIPDv02p5 intro {ES}:State object is invalid! Not created or deleted!
20260506 011015.368 INFO             PET3     esm: InitializeIPDv02p5 intro {ES}:--- StateLog() end -------------------
20260506 011015.368 INFO             PET3     >>>esm: entered Initialize (phase=<none>) with current time: 2010  6  1  0  0  0   0
20260506 011015.368 INFO             PET3     esm: this is a top level driver, no 'Updated' and 'InitializeDataComplete' info on this level.
20260506 011015.368 INFO             PET3     esm: InitializeIPDv02p5Data intro.
20260506 011015.368 INFO             PET3       esm: InitializeIPDv02p5Data intro {IS}:--- StateLog() start -----------------
20260506 011015.368 INFO             PET3       esm: InitializeIPDv02p5Data intro {IS}:State object is invalid! Not created or deleted!
20260506 011015.368 INFO             PET3       esm: InitializeIPDv02p5Data intro {IS}:--- StateLog() end -------------------
20260506 011015.368 INFO             PET3       esm: InitializeIPDv02p5Data intro {ES}:--- StateLog() start -----------------
20260506 011015.368 INFO             PET3       esm: InitializeIPDv02p5Data intro {ES}:State object is invalid! Not created or deleted!
20260506 011015.368 INFO             PET3       esm: InitializeIPDv02p5Data intro {ES}:--- StateLog() end -------------------
20260506 011015.368 INFO             PET3       >>>esm: entered Initialize (phase=<none>) with current time: 2010  6  1  0  0  0   0
20260506 011015.368 INFO             PET3       esm: InternalInitializeComplete intro.
20260506 011015.368 INFO             PET3         esm: InternalInitializeComplete intro {IS}:--- StateLog() start -----------------
20260506 011015.368 INFO             PET3         esm: InternalInitializeComplete intro {IS}:State object is invalid! Not created or deleted!
20260506 011015.368 INFO             PET3         esm: InternalInitializeComplete intro {IS}:--- StateLog() end -------------------
20260506 011015.368 INFO             PET3         esm: InternalInitializeComplete intro {ES}:--- StateLog() start -----------------
20260506 011015.368 INFO             PET3         esm: InternalInitializeComplete intro {ES}:State object is invalid! Not created or deleted!
20260506 011015.368 INFO             PET3         esm: InternalInitializeComplete intro {ES}:--- StateLog() end -------------------
20260506 011015.368 INFO             PET3         >>>esm: entered Initialize (phase=<none>) with current time: 2010  6  1  0  0  0   0
20260506 011015.368 INFO             PET3         esm: InitializeDataComplete='true'
20260506 011015.368 INFO             PET3         <<<esm: leaving Initialize (phase=<none>) with current time: 2010  6  1  0  0  0   0
20260506 011015.368 INFO             PET3         esm: InternalInitializeComplete extro {IS}:--- StateLog() start -----------------
20260506 011015.368 INFO             PET3         esm: InternalInitializeComplete extro {IS}:State object is invalid! Not created or deleted!
20260506 011015.368 INFO             PET3         esm: InternalInitializeComplete extro {IS}:--- StateLog() end -------------------
20260506 011015.368 INFO             PET3         esm: InternalInitializeComplete extro {ES}:--- StateLog() start -----------------
20260506 011015.368 INFO             PET3         esm: InternalInitializeComplete extro {ES}:State object is invalid! Not created or deleted!
20260506 011015.368 INFO             PET3         esm: InternalInitializeComplete extro {ES}:--- StateLog() end -------------------
20260506 011015.368 INFO             PET3       esm: InternalInitializeComplete extro.
20260506 011015.368 INFO             PET3       atmA: InitializeIPDv01p5 intro.
20260506 011015.368 INFO             PET3       atmA: InitializeIPDv01p5 extro.
20260506 011015.369 INFO             PET3       ocnA: InitializeIPDv01p5 intro.
20260506 011015.369 INFO             PET3       ocnA: InitializeIPDv01p5 extro.
20260506 011015.370 INFO             PET3       esm: components present that trigger loopDataDependentInitialize().
20260506 011015.370 INFO             PET3       esm: loopDataDependentInitialize intro.
20260506 011015.370 INFO             PET3         esm: loopDataDependentInitialize intro {IS}:--- StateLog() start -----------------
20260506 011015.370 INFO             PET3         esm: loopDataDependentInitialize intro {IS}:State object is invalid! Not created or deleted!
20260506 011015.370 INFO             PET3         esm: loopDataDependentInitialize intro {IS}:--- StateLog() end -------------------
20260506 011015.370 INFO             PET3         esm: loopDataDependentInitialize intro {ES}:--- StateLog() start -----------------
20260506 011015.370 INFO             PET3         esm: loopDataDependentInitialize intro {ES}:State object is invalid! Not created or deleted!
20260506 011015.370 INFO             PET3         esm: loopDataDependentInitialize intro {ES}:--- StateLog() end -------------------
20260506 011015.370 INFO             PET3         >>>esm: entered Initialize (phase=<none>) with current time: 2010  6  1  0  0  0   0
20260506 011015.370 INFO             PET3         esm: component    0=esm, dataComplete (local): true
20260506 011015.370 INFO             PET3         esm: component    0=esm, dataComplete (global):  T
20260506 011015.370 INFO             PET3         esm: component    1=atmA, dataComplete (local): true
20260506 011015.370 INFO             PET3         esm: component    1=atmA, dataComplete (global):  T
20260506 011015.370 INFO             PET3         esm: component    2=ocnA, dataComplete (local): true
20260506 011015.370 INFO             PET3         esm: component    2=ocnA, dataComplete (global):  T
20260506 011015.370 INFO             PET3         esm: someProgress= F, allComplete= T, present(dataDepAllComplete)= T
20260506 011015.370 INFO             PET3         esm: finished resolving initialize data dependencies on this level.
20260506 011015.371 INFO             PET3         <<<esm: leaving Initialize (phase=<none>) with current time: 2010  6  1  0  0  0   0
20260506 011015.371 INFO             PET3         esm: loopDataDependentInitialize extro {IS}:--- StateLog() start -----------------
20260506 011015.371 INFO             PET3         esm: loopDataDependentInitialize extro {IS}:State object is invalid! Not created or deleted!
20260506 011015.371 INFO             PET3         esm: loopDataDependentInitialize extro {IS}:--- StateLog() end -------------------
20260506 011015.371 INFO             PET3         esm: loopDataDependentInitialize extro {ES}:--- StateLog() start -----------------
20260506 011015.371 INFO             PET3         esm: loopDataDependentInitialize extro {ES}:State object is invalid! Not created or deleted!
20260506 011015.371 INFO             PET3         esm: loopDataDependentInitialize extro {ES}:--- StateLog() end -------------------
20260506 011015.371 INFO             PET3       esm: loopDataDependentInitialize extro.
20260506 011015.371 INFO             PET3       esm: loopDataDependentInitialize() returned with dataDepAllComplete:  T
20260506 011015.371 INFO             PET3       <<<esm: leaving Initialize (phase=<none>) with current time: 2010  6  1  0  0  0   0
20260506 011015.371 INFO             PET3       esm: InitializeIPDv02p5Data extro {IS}:--- StateLog() start -----------------
20260506 011015.371 INFO             PET3       esm: InitializeIPDv02p5Data extro {IS}:State object is invalid! Not created or deleted!
20260506 011015.371 INFO             PET3       esm: InitializeIPDv02p5Data extro {IS}:--- StateLog() end -------------------
20260506 011015.371 INFO             PET3       esm: InitializeIPDv02p5Data extro {ES}:--- StateLog() start -----------------
20260506 011015.371 INFO             PET3       esm: InitializeIPDv02p5Data extro {ES}:State object is invalid! Not created or deleted!
20260506 011015.371 INFO             PET3       esm: InitializeIPDv02p5Data extro {ES}:--- StateLog() end -------------------
20260506 011015.371 INFO             PET3     esm: InitializeIPDv02p5Data extro.
20260506 011015.371 INFO             PET3     <<<esm: leaving Initialize (phase=<none>) with current time: 2010  6  1  0  0  0   0
20260506 011015.371 INFO             PET3     esm: InitializeIPDv02p5 extro {IS}:--- StateLog() start -----------------
20260506 011015.371 INFO             PET3     esm: InitializeIPDv02p5 extro {IS}:State object is invalid! Not created or deleted!
20260506 011015.371 INFO             PET3     esm: InitializeIPDv02p5 extro {IS}:--- StateLog() end -------------------
20260506 011015.371 INFO             PET3     esm: InitializeIPDv02p5 extro {ES}:--- StateLog() start -----------------
20260506 011015.371 INFO             PET3     esm: InitializeIPDv02p5 extro {ES}:State object is invalid! Not created or deleted!
20260506 011015.371 INFO             PET3     esm: InitializeIPDv02p5 extro {ES}:--- StateLog() end -------------------
20260506 011015.371 INFO             PET3   esm: InitializeIPDv02p5 extro.
20260506 011015.371 INFO             PET3   <<<esm: leaving Initialize (phase=<none>) with current time: 2010  6  1  0  0  0   0
20260506 011015.371 INFO             PET3   esm: InitializeGeneric extro {IS}:--- StateLog() start -----------------
20260506 011015.371 INFO             PET3   esm: InitializeGeneric extro {IS}:State object is invalid! Not created or deleted!
20260506 011015.371 INFO             PET3   esm: InitializeGeneric extro {IS}:--- StateLog() end -------------------
20260506 011015.371 INFO             PET3   esm: InitializeGeneric extro {ES}:--- StateLog() start -----------------
20260506 011015.371 INFO             PET3   esm: InitializeGeneric extro {ES}:State object is invalid! Not created or deleted!
20260506 011015.371 INFO             PET3   esm: InitializeGeneric extro {ES}:--- StateLog() end -------------------
20260506 011015.371 INFO             PET3 esm: InitializeGeneric extro.
20260506 011015.371 INFO             PET3 esm: Run intro.
20260506 011015.371 INFO             PET3   esm: Run intro {IS}:--- StateLog() start -----------------
20260506 011015.371 INFO             PET3   esm: Run intro {IS}:State object is invalid! Not created or deleted!
20260506 011015.371 INFO             PET3   esm: Run intro {IS}:--- StateLog() end -------------------
20260506 011015.371 INFO             PET3   esm: Run intro {ES}:--- StateLog() start -----------------
20260506 011015.371 INFO             PET3   esm: Run intro {ES}:State object is invalid! Not created or deleted!
20260506 011015.371 INFO             PET3   esm: Run intro {ES}:--- StateLog() end -------------------
20260506 011015.371 INFO             PET3   >>>esm: entered Run (phase=RunPhase1) with current time: 2010  6  1  0  0  0   0
20260506 011015.371 INFO             PET3   esm: after lable_SetRunClock, current time: 2010  6  1  0  0  0   0
20260506 011015.371 INFO             PET3   esm: begin -------> RunSequence.
20260506 011015.371 INFO             PET3     esm: RunSequence event loopLevel=   1  levelMember=   1  loopIteration=   1, current time: 2010  6  1  0  0  0   0
20260506 011015.371 INFO             PET3     ATM-TO-OCN: Run intro.
20260506 011015.372 INFO             PET3     ATM-TO-OCN: Run extro.
20260506 011015.372 INFO             PET3     OCN-TO-ATM: Run intro.
20260506 011015.372 INFO             PET3     OCN-TO-ATM: Run extro.
20260506 011015.372 INFO             PET3     atmA: Run intro.
20260506 011015.372 INFO             PET3       ------>Advancing ATM from: 2010  6  1  0  0  0   0
20260506 011015.372 INFO             PET3       ---------------------> to: 2010  6  1  0 15  0   0
20260506 011015.372 INFO             PET3     atmA: Run extro.
20260506 011015.372 INFO             PET3     ocnA: Run intro.
20260506 011015.373 INFO             PET3       ------>Advancing OCN from: 2010  6  1  0  0  0   0
20260506 011015.373 INFO             PET3       ---------------------> to: 2010  6  1  0  5  0   0
20260506 011015.373 INFO             PET3       ------>Advancing OCN from: 2010  6  1  0  5  0   0
20260506 011015.373 INFO             PET3       ---------------------> to: 2010  6  1  0 10  0   0
20260506 011015.373 INFO             PET3       ------>Advancing OCN from: 2010  6  1  0 10  0   0
20260506 011015.373 INFO             PET3       ---------------------> to: 2010  6  1  0 15  0   0
20260506 011015.373 INFO             PET3     ocnA: Run extro.
20260506 011015.373 INFO             PET3     esm: RunSequence event loopLevel=   1  levelMember=   1  loopIteration=   2, current time: 2010  6  1  0 15  0   0
20260506 011015.373 INFO             PET3     ATM-TO-OCN: Run intro.
20260506 011015.373 INFO             PET3     ATM-TO-OCN: Run extro.
20260506 011015.373 INFO             PET3     OCN-TO-ATM: Run intro.
20260506 011015.373 INFO             PET3     OCN-TO-ATM: Run extro.
20260506 011015.373 INFO             PET3     atmA: Run intro.
20260506 011015.374 INFO             PET3       ------>Advancing ATM from: 2010  6  1  0 15  0   0
20260506 011015.374 INFO             PET3       ---------------------> to: 2010  6  1  0 30  0   0
20260506 011015.374 INFO             PET3     atmA: Run extro.
20260506 011015.374 INFO             PET3     ocnA: Run intro.
20260506 011015.374 INFO             PET3       ------>Advancing OCN from: 2010  6  1  0 15  0   0
20260506 011015.374 INFO             PET3       ---------------------> to: 2010  6  1  0 20  0   0
20260506 011015.374 INFO             PET3       ------>Advancing OCN from: 2010  6  1  0 20  0   0
20260506 011015.374 INFO             PET3       ---------------------> to: 2010  6  1  0 25  0   0
20260506 011015.374 INFO             PET3       ------>Advancing OCN from: 2010  6  1  0 25  0   0
20260506 011015.374 INFO             PET3       ---------------------> to: 2010  6  1  0 30  0   0
20260506 011015.374 INFO             PET3     ocnA: Run extro.
20260506 011015.374 INFO             PET3     esm: RunSequence event loopLevel=   1  levelMember=   1  loopIteration=   3, current time: 2010  6  1  0 30  0   0
20260506 011015.374 INFO             PET3     ATM-TO-OCN: Run intro.
20260506 011015.374 INFO             PET3     ATM-TO-OCN: Run extro.
20260506 011015.374 INFO             PET3     OCN-TO-ATM: Run intro.
20260506 011015.375 INFO             PET3     OCN-TO-ATM: Run extro.
20260506 011015.375 INFO             PET3     atmA: Run intro.
20260506 011015.375 INFO             PET3       ------>Advancing ATM from: 2010  6  1  0 30  0   0
20260506 011015.375 INFO             PET3       ---------------------> to: 2010  6  1  0 45  0   0
20260506 011015.375 INFO             PET3     atmA: Run extro.
20260506 011015.375 INFO             PET3     ocnA: Run intro.
20260506 011015.375 INFO             PET3       ------>Advancing OCN from: 2010  6  1  0 30  0   0
20260506 011015.375 INFO             PET3       ---------------------> to: 2010  6  1  0 35  0   0
20260506 011015.375 INFO             PET3       ------>Advancing OCN from: 2010  6  1  0 35  0   0
20260506 011015.375 INFO             PET3       ---------------------> to: 2010  6  1  0 40  0   0
20260506 011015.375 INFO             PET3       ------>Advancing OCN from: 2010  6  1  0 40  0   0
20260506 011015.375 INFO             PET3       ---------------------> to: 2010  6  1  0 45  0   0
20260506 011015.375 INFO             PET3     ocnA: Run extro.
20260506 011015.375 INFO             PET3     esm: RunSequence event loopLevel=   1  levelMember=   1  loopIteration=   4, current time: 2010  6  1  0 45  0   0
20260506 011015.375 INFO             PET3     ATM-TO-OCN: Run intro.
20260506 011015.376 INFO             PET3     ATM-TO-OCN: Run extro.
20260506 011015.376 INFO             PET3     OCN-TO-ATM: Run intro.
20260506 011015.376 INFO             PET3     OCN-TO-ATM: Run extro.
20260506 011015.376 INFO             PET3     atmA: Run intro.
20260506 011015.376 INFO             PET3       ------>Advancing ATM from: 2010  6  1  0 45  0   0
20260506 011015.376 INFO             PET3       ---------------------> to: 2010  6  1  1  0  0   0
20260506 011015.376 INFO             PET3     atmA: Run extro.
20260506 011015.376 INFO             PET3     ocnA: Run intro.
20260506 011015.376 INFO             PET3       ------>Advancing OCN from: 2010  6  1  0 45  0   0
20260506 011015.376 INFO             PET3       ---------------------> to: 2010  6  1  0 50  0   0
20260506 011015.376 INFO             PET3       ------>Advancing OCN from: 2010  6  1  0 50  0   0
20260506 011015.376 INFO             PET3       ---------------------> to: 2010  6  1  0 55  0   0
20260506 011015.376 INFO             PET3       ------>Advancing OCN from: 2010  6  1  0 55  0   0
20260506 011015.376 INFO             PET3       ---------------------> to: 2010  6  1  1  0  0   0
20260506 011015.376 INFO             PET3     ocnA: Run extro.
20260506 011015.376 INFO             PET3   esm: end <--------- RunSequence
20260506 011015.376 INFO             PET3   <<<esm: leaving Run (phase=RunPhase1) with current time: 2010  6  1  1  0  0   0
20260506 011015.376 INFO             PET3   esm: Run extro {IS}:--- StateLog() start -----------------
20260506 011015.376 INFO             PET3   esm: Run extro {IS}:State object is invalid! Not created or deleted!
20260506 011015.376 INFO             PET3   esm: Run extro {IS}:--- StateLog() end -------------------
20260506 011015.376 INFO             PET3   esm: Run extro {ES}:--- StateLog() start -----------------
20260506 011015.376 INFO             PET3   esm: Run extro {ES}:State object is invalid! Not created or deleted!
20260506 011015.377 INFO             PET3   esm: Run extro {ES}:--- StateLog() end -------------------
20260506 011015.377 INFO             PET3 esm: Run extro.
20260506 011015.377 INFO             PET3 esm: Finalize intro.
20260506 011015.377 INFO             PET3   esm: Finalize intro {IS}:--- StateLog() start -----------------
20260506 011015.377 INFO             PET3   esm: Finalize intro {IS}:State object is invalid! Not created or deleted!
20260506 011015.377 INFO             PET3   esm: Finalize intro {IS}:--- StateLog() end -------------------
20260506 011015.377 INFO             PET3   esm: Finalize intro {ES}:--- StateLog() start -----------------
20260506 011015.377 INFO             PET3   esm: Finalize intro {ES}:State object is invalid! Not created or deleted!
20260506 011015.377 INFO             PET3   esm: Finalize intro {ES}:--- StateLog() end -------------------
20260506 011015.377 INFO             PET3   >>>esm: entered Finalize (phase=FinalizePhase1) with current time: 2010  6  1  1  0  0   0
20260506 011015.377 INFO             PET3   Calling Finalize phase 1 for connectorComp: ATM-TO-OCN
20260506 011015.377 INFO             PET3   ATM-TO-OCN: Finalize intro.
20260506 011015.377 INFO             PET3   ATM-TO-OCN: Finalize extro.
20260506 011015.377 INFO             PET3   Calling Finalize phase 1 for connectorComp: OCN-TO-ATM
20260506 011015.377 INFO             PET3   OCN-TO-ATM: Finalize intro.
20260506 011015.377 INFO             PET3   OCN-TO-ATM: Finalize extro.
20260506 011015.377 INFO             PET3   Calling Finalize phase 1 for modelComp: atmA
20260506 011015.377 INFO             PET3   atmA: Finalize intro.
20260506 011015.377 INFO             PET3   atmA: Finalize extro.
20260506 011015.377 INFO             PET3   Calling Finalize phase 1 for modelComp: ocnA
20260506 011015.377 INFO             PET3   ocnA: Finalize intro.
20260506 011015.377 INFO             PET3   ocnA: Finalize extro.
20260506 011015.377 INFO             PET3   Delete modelComp: atmA
20260506 011015.377 INFO             PET3   Delete Import-/Export State for modelComp: atmA
20260506 011015.377 INFO             PET3   Delete modelComp: ocnA
20260506 011015.377 INFO             PET3   Delete Import-/Export State for modelComp: ocnA
20260506 011015.378 INFO             PET3   Delete connectorComp: ATM-TO-OCN
20260506 011015.378 INFO             PET3   Delete connectorComp: OCN-TO-ATM
20260506 011015.378 INFO             PET3   <<<esm: leaving Finalize (phase=FinalizePhase1) with current time: 2010  6  1  1  0  0   0
20260506 011015.378 INFO             PET3 esm: Finalize extro.
20260506 011015.378 INFO             PET3 esmApp FINISHED
20260506 011015.378 INFO             PET3  Finalizing ESMF
20260506 011019.630 INFO             PET3 !!!!!!!!!!!!!!!!!!!!!!!!!!!!!!!!!!!!!!!!!!!!!!!!!!!!!!
20260506 011019.630 INFO             PET3 !!! THE ESMF_LOG IS SET TO OUTPUT ALL LOG MESSAGES !!!
20260506 011019.630 INFO             PET3 !!!     THIS MAY CAUSE SLOWDOWN IN PERFORMANCE     !!!
20260506 011019.630 INFO             PET3 !!! FOR PRODUCTION RUNS, USE:                      !!!
20260506 011019.630 INFO             PET3 !!!                   ESMF_LOGKIND_Multi_On_Error  !!!
20260506 011019.630 INFO             PET3 !!!!!!!!!!!!!!!!!!!!!!!!!!!!!!!!!!!!!!!!!!!!!!!!!!!!!!
20260506 011019.630 INFO             PET3 Running with ESMF Version   : develop+g0ae3009ebf
20260506 011019.630 INFO             PET3 ESMF library build date/time: "May  6 2026" "00:44:24"
20260506 011019.630 INFO             PET3 ESMF library build location : /home/gerhard/ESMF-Nightly-Testing/gfortran_7.4.0_mpich_g_develop/esmf
20260506 011019.630 INFO             PET3 ESMF_COMM                   : mpich
20260506 011019.630 INFO             PET3 ESMF_MOAB                   : enabled
20260506 011019.630 INFO             PET3 ESMF_LAPACK                 : enabled
20260506 011019.630 INFO             PET3 ESMF_NETCDF                 : enabled
20260506 011019.630 INFO             PET3 ESMF_PNETCDF                : disabled
20260506 011019.630 INFO             PET3 ESMF_PIO                    : enabled
20260506 011019.630 INFO             PET3 ESMF_YAMLCPP                : enabled
20260506 011019.630 INFO             PET3 esmApp STARTING
20260506 011019.635 INFO             PET3 esm: InitializeGeneric intro.
20260506 011019.635 INFO             PET3   esm: InitializeGeneric intro {IS}:--- StateLog() start -----------------
20260506 011019.635 INFO             PET3   esm: InitializeGeneric intro {IS}:State object is invalid! Not created or deleted!
20260506 011019.635 INFO             PET3   esm: InitializeGeneric intro {IS}:--- StateLog() end -------------------
20260506 011019.635 INFO             PET3   esm: InitializeGeneric intro {ES}:--- StateLog() start -----------------
20260506 011019.635 INFO             PET3   esm: InitializeGeneric intro {ES}:State object is invalid! Not created or deleted!
20260506 011019.635 INFO             PET3   esm: InitializeGeneric intro {ES}:--- StateLog() end -------------------
20260506 011019.635 INFO             PET3   >>>esm: entered Initialize (phase=<none>) without valid internal Clock.
20260506 011019.635 INFO             PET3   esm: InitializeP0 intro.
20260506 011019.635 INFO             PET3     esm: InitializeP0 intro {IS}:--- StateLog() start -----------------
20260506 011019.635 INFO             PET3     esm: InitializeP0 intro {IS}:State object is invalid! Not created or deleted!
20260506 011019.635 INFO             PET3     esm: InitializeP0 intro {IS}:--- StateLog() end -------------------
20260506 011019.635 INFO             PET3     esm: InitializeP0 intro {ES}:--- StateLog() start -----------------
20260506 011019.635 INFO             PET3     esm: InitializeP0 intro {ES}:State object is invalid! Not created or deleted!
20260506 011019.635 INFO             PET3     esm: InitializeP0 intro {ES}:--- StateLog() end -------------------
20260506 011019.635 INFO             PET3     >>>esm: entered Initialize (phase=<none>) without valid internal Clock.
20260506 011019.635 INFO             PET3     <<<esm: leaving Initialize (phase=<none>) without valid internal Clock.
20260506 011019.635 INFO             PET3     esm: InitializeP0 extro {IS}:--- StateLog() start -----------------
20260506 011019.635 INFO             PET3     esm: InitializeP0 extro {IS}:State object is invalid! Not created or deleted!
20260506 011019.635 INFO             PET3     esm: InitializeP0 extro {IS}:--- StateLog() end -------------------
20260506 011019.635 INFO             PET3     esm: InitializeP0 extro {ES}:--- StateLog() start -----------------
20260506 011019.635 INFO             PET3     esm: InitializeP0 extro {ES}:State object is invalid! Not created or deleted!
20260506 011019.635 INFO             PET3     esm: InitializeP0 extro {ES}:--- StateLog() end -------------------
20260506 011019.635 INFO             PET3   esm: InitializeP0 extro.
20260506 011019.635 INFO             PET3   esm: InitializeIPDv02p1 intro.
20260506 011019.635 INFO             PET3     esm: InitializeIPDv02p1 intro {IS}:--- StateLog() start -----------------
20260506 011019.635 INFO             PET3     esm: InitializeIPDv02p1 intro {IS}:State object is invalid! Not created or deleted!
20260506 011019.635 INFO             PET3     esm: InitializeIPDv02p1 intro {IS}:--- StateLog() end -------------------
20260506 011019.635 INFO             PET3     esm: InitializeIPDv02p1 intro {ES}:--- StateLog() start -----------------
20260506 011019.635 INFO             PET3     esm: InitializeIPDv02p1 intro {ES}:State object is invalid! Not created or deleted!
20260506 011019.635 INFO             PET3     esm: InitializeIPDv02p1 intro {ES}:--- StateLog() end -------------------
20260506 011019.635 INFO             PET3     >>>esm: entered Initialize (phase=<none>) without valid internal Clock.
20260506 011019.636 INFO             PET3     esm - Creating model component ATM without petList.
20260506 011019.639 INFO             PET3     esm - Creating model component OCN without petList.
20260506 011019.641 INFO             PET3     esm - Creating connector component ATM-TO-OCN without petList.
20260506 011019.645 INFO             PET3     esm - Creating connector component OCN-TO-ATM without petList.
20260506 011019.650 INFO             PET3     esm - Creating state: modelComp 1 Import State
20260506 011019.650 INFO             PET3     esm - Creating state: modelComp 1 Export State
20260506 011019.650 INFO             PET3     esm - Creating state: modelComp 2 Import State
20260506 011019.650 INFO             PET3     esm - Creating state: modelComp 2 Export State
20260506 011019.651 INFO             PET3     ATM: InitializeP0 intro.
20260506 011019.652 INFO             PET3     ATM: InitializeP0 extro.
20260506 011019.652 INFO             PET3     OCN: InitializeP0 intro.
20260506 011019.653 INFO             PET3     OCN: InitializeP0 extro.
20260506 011019.654 INFO             PET3     ATM-TO-OCN: InitializeP0 intro.
20260506 011019.655 INFO             PET3     ATM-TO-OCN: InitializeP0 extro.
20260506 011019.655 INFO             PET3     OCN-TO-ATM: InitializeP0 intro.
20260506 011019.655 INFO             PET3     OCN-TO-ATM: InitializeP0 extro.
20260506 011019.657 INFO             PET3     esm: IInitAdvertise intro.
20260506 011019.657 INFO             PET3       esm: IInitAdvertise intro {IS}:--- StateLog() start -----------------
20260506 011019.657 INFO             PET3       esm: IInitAdvertise intro {IS}:State object is invalid! Not created or deleted!
20260506 011019.657 INFO             PET3       esm: IInitAdvertise intro {IS}:--- StateLog() end -------------------
20260506 011019.657 INFO             PET3       esm: IInitAdvertise intro {ES}:--- StateLog() start -----------------
20260506 011019.657 INFO             PET3       esm: IInitAdvertise intro {ES}:State object is invalid! Not created or deleted!
20260506 011019.657 INFO             PET3       esm: IInitAdvertise intro {ES}:--- StateLog() end -------------------
20260506 011019.657 INFO             PET3       >>>esm: entered Initialize (phase=<none>) with current time: 2010  6  1  0  0  0   0
20260506 011019.657 INFO             PET3       <<<esm: leaving Initialize (phase=<none>) with current time: 2010  6  1  0  0  0   0
20260506 011019.657 INFO             PET3       esm: IInitAdvertise extro {IS}:--- StateLog() start -----------------
20260506 011019.657 INFO             PET3       esm: IInitAdvertise extro {IS}:State object is invalid! Not created or deleted!
20260506 011019.657 INFO             PET3       esm: IInitAdvertise extro {IS}:--- StateLog() end -------------------
20260506 011019.657 INFO             PET3       esm: IInitAdvertise extro {ES}:--- StateLog() start -----------------
20260506 011019.657 INFO             PET3       esm: IInitAdvertise extro {ES}:State object is invalid! Not created or deleted!
20260506 011019.657 INFO             PET3       esm: IInitAdvertise extro {ES}:--- StateLog() end -------------------
20260506 011019.657 INFO             PET3     esm: IInitAdvertise extro.
20260506 011019.657 INFO             PET3     ATM: InitializeIPDvXp01 intro.
20260506 011019.659 INFO             PET3     ATM: InitializeIPDvXp01 extro.
20260506 011019.659 INFO             PET3     OCN: InitializeIPDvXp01 intro.
20260506 011019.661 INFO             PET3     OCN: InitializeIPDvXp01 extro.
20260506 011019.662 INFO             PET3     ATM-TO-OCN: InitializeIPDv05p1 intro.
20260506 011019.662 INFO             PET3     ATM-TO-OCN: InitializeIPDv05p1 extro.
20260506 011019.662 INFO             PET3     OCN-TO-ATM: InitializeIPDv05p1 intro.
20260506 011019.662 INFO             PET3     OCN-TO-ATM: InitializeIPDv05p1 extro.
20260506 011019.662 INFO             PET3     esm: IInitAdvertiseFinish intro.
20260506 011019.662 INFO             PET3       esm: IInitAdvertiseFinish intro {IS}:--- StateLog() start -----------------
20260506 011019.662 INFO             PET3       esm: IInitAdvertiseFinish intro {IS}:State object is invalid! Not created or deleted!
20260506 011019.662 INFO             PET3       esm: IInitAdvertiseFinish intro {IS}:--- StateLog() end -------------------
20260506 011019.662 INFO             PET3       esm: IInitAdvertiseFinish intro {ES}:--- StateLog() start -----------------
20260506 011019.662 INFO             PET3       esm: IInitAdvertiseFinish intro {ES}:State object is invalid! Not created or deleted!
20260506 011019.662 INFO             PET3       esm: IInitAdvertiseFinish intro {ES}:--- StateLog() end -------------------
20260506 011019.662 INFO             PET3       >>>esm: entered Initialize (phase=<none>) with current time: 2010  6  1  0  0  0   0
20260506 011019.662 INFO             PET3       <<<esm: leaving Initialize (phase=<none>) with current time: 2010  6  1  0  0  0   0
20260506 011019.662 INFO             PET3       esm: IInitAdvertiseFinish extro {IS}:--- StateLog() start -----------------
20260506 011019.662 INFO             PET3       esm: IInitAdvertiseFinish extro {IS}:State object is invalid! Not created or deleted!
20260506 011019.662 INFO             PET3       esm: IInitAdvertiseFinish extro {IS}:--- StateLog() end -------------------
20260506 011019.662 INFO             PET3       esm: IInitAdvertiseFinish extro {ES}:--- StateLog() start -----------------
20260506 011019.662 INFO             PET3       esm: IInitAdvertiseFinish extro {ES}:State object is invalid! Not created or deleted!
20260506 011019.662 INFO             PET3       esm: IInitAdvertiseFinish extro {ES}:--- StateLog() end -------------------
20260506 011019.662 INFO             PET3     esm: IInitAdvertiseFinish extro.
20260506 011019.663 INFO             PET3     ATM-TO-OCN: InitializeIPDv05p2a intro.
20260506 011019.663 INFO             PET3     ATM-TO-OCN: InitializeIPDv05p2a extro.
20260506 011019.663 INFO             PET3     OCN-TO-ATM: InitializeIPDv05p2a intro.
20260506 011019.663 INFO             PET3     OCN-TO-ATM: InitializeIPDv05p2a extro.
20260506 011019.663 INFO             PET3     ATM-TO-OCN: InitializeIPDv05p2b intro.
20260506 011019.663 INFO             PET3     ATM-TO-OCN: InitializeIPDv05p2b extro.
20260506 011019.664 INFO             PET3     OCN-TO-ATM: InitializeIPDv05p2b intro.
20260506 011019.664 INFO             PET3     OCN-TO-ATM: InitializeIPDv05p2b extro.
20260506 011019.664 INFO             PET3     esm: IInitModifyCplLists intro.
20260506 011019.664 INFO             PET3       esm: IInitModifyCplLists intro {IS}:--- StateLog() start -----------------
20260506 011019.664 INFO             PET3       esm: IInitModifyCplLists intro {IS}:State object is invalid! Not created or deleted!
20260506 011019.664 INFO             PET3       esm: IInitModifyCplLists intro {IS}:--- StateLog() end -------------------
20260506 011019.664 INFO             PET3       esm: IInitModifyCplLists intro {ES}:--- StateLog() start -----------------
20260506 011019.664 INFO             PET3       esm: IInitModifyCplLists intro {ES}:State object is invalid! Not created or deleted!
20260506 011019.664 INFO             PET3       esm: IInitModifyCplLists intro {ES}:--- StateLog() end -------------------
20260506 011019.664 INFO             PET3       >>>esm: entered Initialize (phase=<none>) with current time: 2010  6  1  0  0  0   0
20260506 011019.664 INFO             PET3       <<<esm: leaving Initialize (phase=<none>) with current time: 2010  6  1  0  0  0   0
20260506 011019.664 INFO             PET3       esm: IInitModifyCplLists extro {IS}:--- StateLog() start -----------------
20260506 011019.664 INFO             PET3       esm: IInitModifyCplLists extro {IS}:State object is invalid! Not created or deleted!
20260506 011019.664 INFO             PET3       esm: IInitModifyCplLists extro {IS}:--- StateLog() end -------------------
20260506 011019.664 INFO             PET3       esm: IInitModifyCplLists extro {ES}:--- StateLog() start -----------------
20260506 011019.664 INFO             PET3       esm: IInitModifyCplLists extro {ES}:State object is invalid! Not created or deleted!
20260506 011019.664 INFO             PET3       esm: IInitModifyCplLists extro {ES}:--- StateLog() end -------------------
20260506 011019.664 INFO             PET3     esm: IInitModifyCplLists extro.
20260506 011019.664 INFO             PET3     ATM-TO-OCN: InitializeIPDv05p3 intro.
20260506 011019.665 INFO             PET3     ATM-TO-OCN: InitializeIPDv05p3 extro.
20260506 011019.665 INFO             PET3     OCN-TO-ATM: InitializeIPDv05p3 intro.
20260506 011019.665 INFO             PET3     OCN-TO-ATM: InitializeIPDv05p3 extro.
20260506 011019.665 INFO             PET3     <<<esm: leaving Initialize (phase=<none>) with current time: 2010  6  1  0  0  0   0
20260506 011019.665 INFO             PET3     esm: InitializeIPDv02p1 extro {IS}:--- StateLog() start -----------------
20260506 011019.665 INFO             PET3     esm: InitializeIPDv02p1 extro {IS}:State object is invalid! Not created or deleted!
20260506 011019.665 INFO             PET3     esm: InitializeIPDv02p1 extro {IS}:--- StateLog() end -------------------
20260506 011019.665 INFO             PET3     esm: InitializeIPDv02p1 extro {ES}:--- StateLog() start -----------------
20260506 011019.665 INFO             PET3     esm: InitializeIPDv02p1 extro {ES}:State object is invalid! Not created or deleted!
20260506 011019.665 INFO             PET3     esm: InitializeIPDv02p1 extro {ES}:--- StateLog() end -------------------
20260506 011019.665 INFO             PET3   esm: InitializeIPDv02p1 extro.
20260506 011019.665 INFO             PET3   esm: InitializeIPDv02p3 intro.
20260506 011019.665 INFO             PET3     esm: InitializeIPDv02p3 intro {IS}:--- StateLog() start -----------------
20260506 011019.665 INFO             PET3     esm: InitializeIPDv02p3 intro {IS}:State object is invalid! Not created or deleted!
20260506 011019.665 INFO             PET3     esm: InitializeIPDv02p3 intro {IS}:--- StateLog() end -------------------
20260506 011019.665 INFO             PET3     esm: InitializeIPDv02p3 intro {ES}:--- StateLog() start -----------------
20260506 011019.665 INFO             PET3     esm: InitializeIPDv02p3 intro {ES}:State object is invalid! Not created or deleted!
20260506 011019.665 INFO             PET3     esm: InitializeIPDv02p3 intro {ES}:--- StateLog() end -------------------
20260506 011019.665 INFO             PET3     >>>esm: entered Initialize (phase=<none>) with current time: 2010  6  1  0  0  0   0
20260506 011019.666 INFO             PET3     esm: IInitCheck intro.
20260506 011019.666 INFO             PET3       esm: IInitCheck intro {IS}:--- StateLog() start -----------------
20260506 011019.666 INFO             PET3       esm: IInitCheck intro {IS}:State object is invalid! Not created or deleted!
20260506 011019.666 INFO             PET3       esm: IInitCheck intro {IS}:--- StateLog() end -------------------
20260506 011019.666 INFO             PET3       esm: IInitCheck intro {ES}:--- StateLog() start -----------------
20260506 011019.666 INFO             PET3       esm: IInitCheck intro {ES}:State object is invalid! Not created or deleted!
20260506 011019.666 INFO             PET3       esm: IInitCheck intro {ES}:--- StateLog() end -------------------
20260506 011019.666 INFO             PET3       >>>esm: entered Initialize (phase=<none>) with current time: 2010  6  1  0  0  0   0
20260506 011019.666 INFO             PET3       <<<esm: leaving Initialize (phase=<none>) with current time: 2010  6  1  0  0  0   0
20260506 011019.666 INFO             PET3       esm: IInitCheck extro {IS}:--- StateLog() start -----------------
20260506 011019.666 INFO             PET3       esm: IInitCheck extro {IS}:State object is invalid! Not created or deleted!
20260506 011019.666 INFO             PET3       esm: IInitCheck extro {IS}:--- StateLog() end -------------------
20260506 011019.666 INFO             PET3       esm: IInitCheck extro {ES}:--- StateLog() start -----------------
20260506 011019.666 INFO             PET3       esm: IInitCheck extro {ES}:State object is invalid! Not created or deleted!
20260506 011019.666 INFO             PET3       esm: IInitCheck extro {ES}:--- StateLog() end -------------------
20260506 011019.666 INFO             PET3     esm: IInitCheck extro.
20260506 011019.666 INFO             PET3     atmB: InitializeIPDvXp04 intro.
20260506 011019.669 INFO             PET3     atmB: InitializeIPDvXp04 extro.
20260506 011019.670 INFO             PET3     ocnA: InitializeIPDvXp04 intro.
20260506 011019.673 INFO             PET3     ocnA: InitializeIPDvXp04 extro.
20260506 011019.674 INFO             PET3     ATM-TO-OCN: InitializeIPDv05p4 intro.
20260506 011019.674 INFO             PET3     ATM-TO-OCN: InitializeIPDv05p4 extro.
20260506 011019.674 INFO             PET3     OCN-TO-ATM: InitializeIPDv05p4 intro.
20260506 011019.675 INFO             PET3     OCN-TO-ATM: InitializeIPDv05p4 extro.
20260506 011019.675 INFO             PET3     ATM-TO-OCN: InitializeIPDv05p5 intro.
20260506 011019.675 INFO             PET3     ATM-TO-OCN: InitializeIPDv05p5 extro.
20260506 011019.675 INFO             PET3     OCN-TO-ATM: InitializeIPDv05p5 intro.
20260506 011019.675 INFO             PET3     OCN-TO-ATM: InitializeIPDv05p5 extro.
20260506 011019.676 INFO             PET3     esm: IInitRealize intro.
20260506 011019.676 INFO             PET3       esm: IInitRealize intro {IS}:--- StateLog() start -----------------
20260506 011019.676 INFO             PET3       esm: IInitRealize intro {IS}:State object is invalid! Not created or deleted!
20260506 011019.676 INFO             PET3       esm: IInitRealize intro {IS}:--- StateLog() end -------------------
20260506 011019.676 INFO             PET3       esm: IInitRealize intro {ES}:--- StateLog() start -----------------
20260506 011019.676 INFO             PET3       esm: IInitRealize intro {ES}:State object is invalid! Not created or deleted!
20260506 011019.676 INFO             PET3       esm: IInitRealize intro {ES}:--- StateLog() end -------------------
20260506 011019.676 INFO             PET3       >>>esm: entered Initialize (phase=<none>) with current time: 2010  6  1  0  0  0   0
20260506 011019.676 INFO             PET3       <<<esm: leaving Initialize (phase=<none>) with current time: 2010  6  1  0  0  0   0
20260506 011019.676 INFO             PET3       esm: IInitRealize extro {IS}:--- StateLog() start -----------------
20260506 011019.676 INFO             PET3       esm: IInitRealize extro {IS}:State object is invalid! Not created or deleted!
20260506 011019.676 INFO             PET3       esm: IInitRealize extro {IS}:--- StateLog() end -------------------
20260506 011019.676 INFO             PET3       esm: IInitRealize extro {ES}:--- StateLog() start -----------------
20260506 011019.676 INFO             PET3       esm: IInitRealize extro {ES}:State object is invalid! Not created or deleted!
20260506 011019.676 INFO             PET3       esm: IInitRealize extro {ES}:--- StateLog() end -------------------
20260506 011019.676 INFO             PET3     esm: IInitRealize extro.
20260506 011019.676 INFO             PET3     ATM-TO-OCN: InitializeIPDv05p6a intro.
20260506 011019.676 INFO             PET3     ATM-TO-OCN: InitializeIPDv05p6a extro.
20260506 011019.676 INFO             PET3     OCN-TO-ATM: InitializeIPDv05p6a intro.
20260506 011019.676 INFO             PET3     OCN-TO-ATM: InitializeIPDv05p6a extro.
20260506 011019.676 INFO             PET3     ATM-TO-OCN: InitializeIPDv05p6b intro.
20260506 011019.718 INFO             PET3     ATM-TO-OCN: InitializeIPDv05p6b extro.
20260506 011019.718 INFO             PET3     OCN-TO-ATM: InitializeIPDv05p6b intro.
20260506 011019.756 INFO             PET3     OCN-TO-ATM: InitializeIPDv05p6b extro.
20260506 011019.756 INFO             PET3     atmB: InitializeIPDvXp07 intro.
20260506 011019.756 INFO             PET3     atmB: InitializeIPDvXp07 extro.
20260506 011019.756 INFO             PET3     ocnA: InitializeIPDvXp07 intro.
20260506 011019.756 INFO             PET3     ocnA: InitializeIPDvXp07 extro.
20260506 011019.756 INFO             PET3     <<<esm: leaving Initialize (phase=<none>) with current time: 2010  6  1  0  0  0   0
20260506 011019.756 INFO             PET3     esm: InitializeIPDv02p3 extro {IS}:--- StateLog() start -----------------
20260506 011019.756 INFO             PET3     esm: InitializeIPDv02p3 extro {IS}:State object is invalid! Not created or deleted!
20260506 011019.756 INFO             PET3     esm: InitializeIPDv02p3 extro {IS}:--- StateLog() end -------------------
20260506 011019.756 INFO             PET3     esm: InitializeIPDv02p3 extro {ES}:--- StateLog() start -----------------
20260506 011019.756 INFO             PET3     esm: InitializeIPDv02p3 extro {ES}:State object is invalid! Not created or deleted!
20260506 011019.756 INFO             PET3     esm: InitializeIPDv02p3 extro {ES}:--- StateLog() end -------------------
20260506 011019.756 INFO             PET3   esm: InitializeIPDv02p3 extro.
20260506 011019.756 INFO             PET3   esm: InitializeIPDv02p5 intro.
20260506 011019.756 INFO             PET3     esm: InitializeIPDv02p5 intro {IS}:--- StateLog() start -----------------
20260506 011019.756 INFO             PET3     esm: InitializeIPDv02p5 intro {IS}:State object is invalid! Not created or deleted!
20260506 011019.756 INFO             PET3     esm: InitializeIPDv02p5 intro {IS}:--- StateLog() end -------------------
20260506 011019.756 INFO             PET3     esm: InitializeIPDv02p5 intro {ES}:--- StateLog() start -----------------
20260506 011019.756 INFO             PET3     esm: InitializeIPDv02p5 intro {ES}:State object is invalid! Not created or deleted!
20260506 011019.756 INFO             PET3     esm: InitializeIPDv02p5 intro {ES}:--- StateLog() end -------------------
20260506 011019.756 INFO             PET3     >>>esm: entered Initialize (phase=<none>) with current time: 2010  6  1  0  0  0   0
20260506 011019.756 INFO             PET3     esm: this is a top level driver, no 'Updated' and 'InitializeDataComplete' info on this level.
20260506 011019.757 INFO             PET3     esm: InitializeIPDv02p5Data intro.
20260506 011019.757 INFO             PET3       esm: InitializeIPDv02p5Data intro {IS}:--- StateLog() start -----------------
20260506 011019.757 INFO             PET3       esm: InitializeIPDv02p5Data intro {IS}:State object is invalid! Not created or deleted!
20260506 011019.757 INFO             PET3       esm: InitializeIPDv02p5Data intro {IS}:--- StateLog() end -------------------
20260506 011019.757 INFO             PET3       esm: InitializeIPDv02p5Data intro {ES}:--- StateLog() start -----------------
20260506 011019.757 INFO             PET3       esm: InitializeIPDv02p5Data intro {ES}:State object is invalid! Not created or deleted!
20260506 011019.757 INFO             PET3       esm: InitializeIPDv02p5Data intro {ES}:--- StateLog() end -------------------
20260506 011019.757 INFO             PET3       >>>esm: entered Initialize (phase=<none>) with current time: 2010  6  1  0  0  0   0
20260506 011019.757 INFO             PET3       esm: InternalInitializeComplete intro.
20260506 011019.757 INFO             PET3         esm: InternalInitializeComplete intro {IS}:--- StateLog() start -----------------
20260506 011019.757 INFO             PET3         esm: InternalInitializeComplete intro {IS}:State object is invalid! Not created or deleted!
20260506 011019.757 INFO             PET3         esm: InternalInitializeComplete intro {IS}:--- StateLog() end -------------------
20260506 011019.757 INFO             PET3         esm: InternalInitializeComplete intro {ES}:--- StateLog() start -----------------
20260506 011019.757 INFO             PET3         esm: InternalInitializeComplete intro {ES}:State object is invalid! Not created or deleted!
20260506 011019.757 INFO             PET3         esm: InternalInitializeComplete intro {ES}:--- StateLog() end -------------------
20260506 011019.757 INFO             PET3         >>>esm: entered Initialize (phase=<none>) with current time: 2010  6  1  0  0  0   0
20260506 011019.757 INFO             PET3         esm: InitializeDataComplete='true'
20260506 011019.757 INFO             PET3         <<<esm: leaving Initialize (phase=<none>) with current time: 2010  6  1  0  0  0   0
20260506 011019.757 INFO             PET3         esm: InternalInitializeComplete extro {IS}:--- StateLog() start -----------------
20260506 011019.757 INFO             PET3         esm: InternalInitializeComplete extro {IS}:State object is invalid! Not created or deleted!
20260506 011019.757 INFO             PET3         esm: InternalInitializeComplete extro {IS}:--- StateLog() end -------------------
20260506 011019.757 INFO             PET3         esm: InternalInitializeComplete extro {ES}:--- StateLog() start -----------------
20260506 011019.757 INFO             PET3         esm: InternalInitializeComplete extro {ES}:State object is invalid! Not created or deleted!
20260506 011019.757 INFO             PET3         esm: InternalInitializeComplete extro {ES}:--- StateLog() end -------------------
20260506 011019.757 INFO             PET3       esm: InternalInitializeComplete extro.
20260506 011019.757 INFO             PET3       atmB: InitializeIPDv01p5 intro.
20260506 011019.757 INFO             PET3       atmB: InitializeIPDv01p5 extro.
20260506 011019.757 INFO             PET3       ocnA: InitializeIPDv01p5 intro.
20260506 011019.757 INFO             PET3       ocnA: InitializeIPDv01p5 extro.
20260506 011019.759 INFO             PET3       esm: components present that trigger loopDataDependentInitialize().
20260506 011019.759 INFO             PET3       esm: loopDataDependentInitialize intro.
20260506 011019.759 INFO             PET3         esm: loopDataDependentInitialize intro {IS}:--- StateLog() start -----------------
20260506 011019.759 INFO             PET3         esm: loopDataDependentInitialize intro {IS}:State object is invalid! Not created or deleted!
20260506 011019.759 INFO             PET3         esm: loopDataDependentInitialize intro {IS}:--- StateLog() end -------------------
20260506 011019.759 INFO             PET3         esm: loopDataDependentInitialize intro {ES}:--- StateLog() start -----------------
20260506 011019.759 INFO             PET3         esm: loopDataDependentInitialize intro {ES}:State object is invalid! Not created or deleted!
20260506 011019.759 INFO             PET3         esm: loopDataDependentInitialize intro {ES}:--- StateLog() end -------------------
20260506 011019.759 INFO             PET3         >>>esm: entered Initialize (phase=<none>) with current time: 2010  6  1  0  0  0   0
20260506 011019.759 INFO             PET3         esm: component    0=esm, dataComplete (local): true
20260506 011019.759 INFO             PET3         esm: component    0=esm, dataComplete (global):  T
20260506 011019.759 INFO             PET3         esm: component    1=atmB, dataComplete (local): true
20260506 011019.759 INFO             PET3         esm: component    1=atmB, dataComplete (global):  T
20260506 011019.759 INFO             PET3         esm: component    2=ocnA, dataComplete (local): true
20260506 011019.759 INFO             PET3         esm: component    2=ocnA, dataComplete (global):  T
20260506 011019.759 INFO             PET3         esm: someProgress= F, allComplete= T, present(dataDepAllComplete)= T
20260506 011019.759 INFO             PET3         esm: finished resolving initialize data dependencies on this level.
20260506 011019.759 INFO             PET3         <<<esm: leaving Initialize (phase=<none>) with current time: 2010  6  1  0  0  0   0
20260506 011019.759 INFO             PET3         esm: loopDataDependentInitialize extro {IS}:--- StateLog() start -----------------
20260506 011019.759 INFO             PET3         esm: loopDataDependentInitialize extro {IS}:State object is invalid! Not created or deleted!
20260506 011019.759 INFO             PET3         esm: loopDataDependentInitialize extro {IS}:--- StateLog() end -------------------
20260506 011019.759 INFO             PET3         esm: loopDataDependentInitialize extro {ES}:--- StateLog() start -----------------
20260506 011019.759 INFO             PET3         esm: loopDataDependentInitialize extro {ES}:State object is invalid! Not created or deleted!
20260506 011019.759 INFO             PET3         esm: loopDataDependentInitialize extro {ES}:--- StateLog() end -------------------
20260506 011019.759 INFO             PET3       esm: loopDataDependentInitialize extro.
20260506 011019.759 INFO             PET3       esm: loopDataDependentInitialize() returned with dataDepAllComplete:  T
20260506 011019.759 INFO             PET3       <<<esm: leaving Initialize (phase=<none>) with current time: 2010  6  1  0  0  0   0
20260506 011019.759 INFO             PET3       esm: InitializeIPDv02p5Data extro {IS}:--- StateLog() start -----------------
20260506 011019.759 INFO             PET3       esm: InitializeIPDv02p5Data extro {IS}:State object is invalid! Not created or deleted!
20260506 011019.759 INFO             PET3       esm: InitializeIPDv02p5Data extro {IS}:--- StateLog() end -------------------
20260506 011019.759 INFO             PET3       esm: InitializeIPDv02p5Data extro {ES}:--- StateLog() start -----------------
20260506 011019.759 INFO             PET3       esm: InitializeIPDv02p5Data extro {ES}:State object is invalid! Not created or deleted!
20260506 011019.759 INFO             PET3       esm: InitializeIPDv02p5Data extro {ES}:--- StateLog() end -------------------
20260506 011019.759 INFO             PET3     esm: InitializeIPDv02p5Data extro.
20260506 011019.759 INFO             PET3     <<<esm: leaving Initialize (phase=<none>) with current time: 2010  6  1  0  0  0   0
20260506 011019.759 INFO             PET3     esm: InitializeIPDv02p5 extro {IS}:--- StateLog() start -----------------
20260506 011019.759 INFO             PET3     esm: InitializeIPDv02p5 extro {IS}:State object is invalid! Not created or deleted!
20260506 011019.759 INFO             PET3     esm: InitializeIPDv02p5 extro {IS}:--- StateLog() end -------------------
20260506 011019.759 INFO             PET3     esm: InitializeIPDv02p5 extro {ES}:--- StateLog() start -----------------
20260506 011019.759 INFO             PET3     esm: InitializeIPDv02p5 extro {ES}:State object is invalid! Not created or deleted!
20260506 011019.759 INFO             PET3     esm: InitializeIPDv02p5 extro {ES}:--- StateLog() end -------------------
20260506 011019.759 INFO             PET3   esm: InitializeIPDv02p5 extro.
20260506 011019.759 INFO             PET3   <<<esm: leaving Initialize (phase=<none>) with current time: 2010  6  1  0  0  0   0
20260506 011019.759 INFO             PET3   esm: InitializeGeneric extro {IS}:--- StateLog() start -----------------
20260506 011019.759 INFO             PET3   esm: InitializeGeneric extro {IS}:State object is invalid! Not created or deleted!
20260506 011019.759 INFO             PET3   esm: InitializeGeneric extro {IS}:--- StateLog() end -------------------
20260506 011019.759 INFO             PET3   esm: InitializeGeneric extro {ES}:--- StateLog() start -----------------
20260506 011019.759 INFO             PET3   esm: InitializeGeneric extro {ES}:State object is invalid! Not created or deleted!
20260506 011019.759 INFO             PET3   esm: InitializeGeneric extro {ES}:--- StateLog() end -------------------
20260506 011019.759 INFO             PET3 esm: InitializeGeneric extro.
20260506 011019.760 INFO             PET3 esm: Run intro.
20260506 011019.760 INFO             PET3   esm: Run intro {IS}:--- StateLog() start -----------------
20260506 011019.760 INFO             PET3   esm: Run intro {IS}:State object is invalid! Not created or deleted!
20260506 011019.760 INFO             PET3   esm: Run intro {IS}:--- StateLog() end -------------------
20260506 011019.760 INFO             PET3   esm: Run intro {ES}:--- StateLog() start -----------------
20260506 011019.760 INFO             PET3   esm: Run intro {ES}:State object is invalid! Not created or deleted!
20260506 011019.760 INFO             PET3   esm: Run intro {ES}:--- StateLog() end -------------------
20260506 011019.760 INFO             PET3   >>>esm: entered Run (phase=RunPhase1) with current time: 2010  6  1  0  0  0   0
20260506 011019.760 INFO             PET3   esm: after lable_SetRunClock, current time: 2010  6  1  0  0  0   0
20260506 011019.760 INFO             PET3   esm: begin -------> RunSequence.
20260506 011019.760 INFO             PET3     esm: RunSequence event loopLevel=   1  levelMember=   1  loopIteration=   1, current time: 2010  6  1  0  0  0   0
20260506 011019.760 INFO             PET3     ATM-TO-OCN: Run intro.
20260506 011019.760 INFO             PET3     ATM-TO-OCN: Run extro.
20260506 011019.760 INFO             PET3     OCN-TO-ATM: Run intro.
20260506 011019.761 INFO             PET3     OCN-TO-ATM: Run extro.
20260506 011019.761 INFO             PET3     atmB: Run intro.
20260506 011019.761 INFO             PET3       ------>Advancing ATM from: 2010  6  1  0  0  0   0
20260506 011019.761 INFO             PET3       ---------------------> to: 2010  6  1  0 15  0   0
20260506 011019.761 INFO             PET3     atmB: Run extro.
20260506 011019.761 INFO             PET3     ocnA: Run intro.
20260506 011019.761 INFO             PET3       ------>Advancing OCN from: 2010  6  1  0  0  0   0
20260506 011019.761 INFO             PET3       ---------------------> to: 2010  6  1  0  5  0   0
20260506 011019.761 INFO             PET3       ------>Advancing OCN from: 2010  6  1  0  5  0   0
20260506 011019.761 INFO             PET3       ---------------------> to: 2010  6  1  0 10  0   0
20260506 011019.761 INFO             PET3       ------>Advancing OCN from: 2010  6  1  0 10  0   0
20260506 011019.761 INFO             PET3       ---------------------> to: 2010  6  1  0 15  0   0
20260506 011019.761 INFO             PET3     ocnA: Run extro.
20260506 011019.761 INFO             PET3     esm: RunSequence event loopLevel=   1  levelMember=   1  loopIteration=   2, current time: 2010  6  1  0 15  0   0
20260506 011019.761 INFO             PET3     ATM-TO-OCN: Run intro.
20260506 011019.762 INFO             PET3     ATM-TO-OCN: Run extro.
20260506 011019.762 INFO             PET3     OCN-TO-ATM: Run intro.
20260506 011019.762 INFO             PET3     OCN-TO-ATM: Run extro.
20260506 011019.762 INFO             PET3     atmB: Run intro.
20260506 011019.762 INFO             PET3       ------>Advancing ATM from: 2010  6  1  0 15  0   0
20260506 011019.762 INFO             PET3       ---------------------> to: 2010  6  1  0 30  0   0
20260506 011019.762 INFO             PET3     atmB: Run extro.
20260506 011019.762 INFO             PET3     ocnA: Run intro.
20260506 011019.762 INFO             PET3       ------>Advancing OCN from: 2010  6  1  0 15  0   0
20260506 011019.762 INFO             PET3       ---------------------> to: 2010  6  1  0 20  0   0
20260506 011019.762 INFO             PET3       ------>Advancing OCN from: 2010  6  1  0 20  0   0
20260506 011019.762 INFO             PET3       ---------------------> to: 2010  6  1  0 25  0   0
20260506 011019.762 INFO             PET3       ------>Advancing OCN from: 2010  6  1  0 25  0   0
20260506 011019.762 INFO             PET3       ---------------------> to: 2010  6  1  0 30  0   0
20260506 011019.762 INFO             PET3     ocnA: Run extro.
20260506 011019.762 INFO             PET3     esm: RunSequence event loopLevel=   1  levelMember=   1  loopIteration=   3, current time: 2010  6  1  0 30  0   0
20260506 011019.763 INFO             PET3     ATM-TO-OCN: Run intro.
20260506 011019.763 INFO             PET3     ATM-TO-OCN: Run extro.
20260506 011019.763 INFO             PET3     OCN-TO-ATM: Run intro.
20260506 011019.763 INFO             PET3     OCN-TO-ATM: Run extro.
20260506 011019.763 INFO             PET3     atmB: Run intro.
20260506 011019.763 INFO             PET3       ------>Advancing ATM from: 2010  6  1  0 30  0   0
20260506 011019.763 INFO             PET3       ---------------------> to: 2010  6  1  0 45  0   0
20260506 011019.763 INFO             PET3     atmB: Run extro.
20260506 011019.763 INFO             PET3     ocnA: Run intro.
20260506 011019.763 INFO             PET3       ------>Advancing OCN from: 2010  6  1  0 30  0   0
20260506 011019.764 INFO             PET3       ---------------------> to: 2010  6  1  0 35  0   0
20260506 011019.764 INFO             PET3       ------>Advancing OCN from: 2010  6  1  0 35  0   0
20260506 011019.764 INFO             PET3       ---------------------> to: 2010  6  1  0 40  0   0
20260506 011019.764 INFO             PET3       ------>Advancing OCN from: 2010  6  1  0 40  0   0
20260506 011019.764 INFO             PET3       ---------------------> to: 2010  6  1  0 45  0   0
20260506 011019.764 INFO             PET3     ocnA: Run extro.
20260506 011019.764 INFO             PET3     esm: RunSequence event loopLevel=   1  levelMember=   1  loopIteration=   4, current time: 2010  6  1  0 45  0   0
20260506 011019.764 INFO             PET3     ATM-TO-OCN: Run intro.
20260506 011019.764 INFO             PET3     ATM-TO-OCN: Run extro.
20260506 011019.764 INFO             PET3     OCN-TO-ATM: Run intro.
20260506 011019.764 INFO             PET3     OCN-TO-ATM: Run extro.
20260506 011019.764 INFO             PET3     atmB: Run intro.
20260506 011019.764 INFO             PET3       ------>Advancing ATM from: 2010  6  1  0 45  0   0
20260506 011019.764 INFO             PET3       ---------------------> to: 2010  6  1  1  0  0   0
20260506 011019.764 INFO             PET3     atmB: Run extro.
20260506 011019.765 INFO             PET3     ocnA: Run intro.
20260506 011019.765 INFO             PET3       ------>Advancing OCN from: 2010  6  1  0 45  0   0
20260506 011019.765 INFO             PET3       ---------------------> to: 2010  6  1  0 50  0   0
20260506 011019.765 INFO             PET3       ------>Advancing OCN from: 2010  6  1  0 50  0   0
20260506 011019.765 INFO             PET3       ---------------------> to: 2010  6  1  0 55  0   0
20260506 011019.765 INFO             PET3       ------>Advancing OCN from: 2010  6  1  0 55  0   0
20260506 011019.765 INFO             PET3       ---------------------> to: 2010  6  1  1  0  0   0
20260506 011019.765 INFO             PET3     ocnA: Run extro.
20260506 011019.765 INFO             PET3   esm: end <--------- RunSequence
20260506 011019.765 INFO             PET3   <<<esm: leaving Run (phase=RunPhase1) with current time: 2010  6  1  1  0  0   0
20260506 011019.765 INFO             PET3   esm: Run extro {IS}:--- StateLog() start -----------------
20260506 011019.765 INFO             PET3   esm: Run extro {IS}:State object is invalid! Not created or deleted!
20260506 011019.765 INFO             PET3   esm: Run extro {IS}:--- StateLog() end -------------------
20260506 011019.765 INFO             PET3   esm: Run extro {ES}:--- StateLog() start -----------------
20260506 011019.765 INFO             PET3   esm: Run extro {ES}:State object is invalid! Not created or deleted!
20260506 011019.765 INFO             PET3   esm: Run extro {ES}:--- StateLog() end -------------------
20260506 011019.765 INFO             PET3 esm: Run extro.
20260506 011019.765 INFO             PET3 esm: Finalize intro.
20260506 011019.765 INFO             PET3   esm: Finalize intro {IS}:--- StateLog() start -----------------
20260506 011019.765 INFO             PET3   esm: Finalize intro {IS}:State object is invalid! Not created or deleted!
20260506 011019.765 INFO             PET3   esm: Finalize intro {IS}:--- StateLog() end -------------------
20260506 011019.765 INFO             PET3   esm: Finalize intro {ES}:--- StateLog() start -----------------
20260506 011019.765 INFO             PET3   esm: Finalize intro {ES}:State object is invalid! Not created or deleted!
20260506 011019.765 INFO             PET3   esm: Finalize intro {ES}:--- StateLog() end -------------------
20260506 011019.765 INFO             PET3   >>>esm: entered Finalize (phase=FinalizePhase1) with current time: 2010  6  1  1  0  0   0
20260506 011019.765 INFO             PET3   Calling Finalize phase 1 for connectorComp: ATM-TO-OCN
20260506 011019.765 INFO             PET3   ATM-TO-OCN: Finalize intro.
20260506 011019.765 INFO             PET3   ATM-TO-OCN: Finalize extro.
20260506 011019.765 INFO             PET3   Calling Finalize phase 1 for connectorComp: OCN-TO-ATM
20260506 011019.765 INFO             PET3   OCN-TO-ATM: Finalize intro.
20260506 011019.765 INFO             PET3   OCN-TO-ATM: Finalize extro.
20260506 011019.765 INFO             PET3   Calling Finalize phase 1 for modelComp: atmB
20260506 011019.765 INFO             PET3   atmB: Finalize intro.
20260506 011019.765 INFO             PET3   atmB: Finalize extro.
20260506 011019.765 INFO             PET3   Calling Finalize phase 1 for modelComp: ocnA
20260506 011019.766 INFO             PET3   ocnA: Finalize intro.
20260506 011019.766 INFO             PET3   ocnA: Finalize extro.
20260506 011019.766 INFO             PET3   Delete modelComp: atmB
20260506 011019.766 INFO             PET3   Delete Import-/Export State for modelComp: atmB
20260506 011019.766 INFO             PET3   Delete modelComp: ocnA
20260506 011019.766 INFO             PET3   Delete Import-/Export State for modelComp: ocnA
20260506 011019.766 INFO             PET3   Delete connectorComp: ATM-TO-OCN
20260506 011019.766 INFO             PET3   Delete connectorComp: OCN-TO-ATM
20260506 011019.766 INFO             PET3   <<<esm: leaving Finalize (phase=FinalizePhase1) with current time: 2010  6  1  1  0  0   0
20260506 011019.766 INFO             PET3 esm: Finalize extro.
20260506 011019.766 INFO             PET3 esmApp FINISHED
20260506 011019.766 INFO             PET3  Finalizing ESMF
20260506 011023.966 INFO             PET3 !!!!!!!!!!!!!!!!!!!!!!!!!!!!!!!!!!!!!!!!!!!!!!!!!!!!!!
20260506 011023.966 INFO             PET3 !!! THE ESMF_LOG IS SET TO OUTPUT ALL LOG MESSAGES !!!
20260506 011023.966 INFO             PET3 !!!     THIS MAY CAUSE SLOWDOWN IN PERFORMANCE     !!!
20260506 011023.966 INFO             PET3 !!! FOR PRODUCTION RUNS, USE:                      !!!
20260506 011023.966 INFO             PET3 !!!                   ESMF_LOGKIND_Multi_On_Error  !!!
20260506 011023.966 INFO             PET3 !!!!!!!!!!!!!!!!!!!!!!!!!!!!!!!!!!!!!!!!!!!!!!!!!!!!!!
20260506 011023.966 INFO             PET3 Running with ESMF Version   : develop+g0ae3009ebf
20260506 011023.966 INFO             PET3 ESMF library build date/time: "May  6 2026" "00:44:24"
20260506 011023.966 INFO             PET3 ESMF library build location : /home/gerhard/ESMF-Nightly-Testing/gfortran_7.4.0_mpich_g_develop/esmf
20260506 011023.966 INFO             PET3 ESMF_COMM                   : mpich
20260506 011023.966 INFO             PET3 ESMF_MOAB                   : enabled
20260506 011023.966 INFO             PET3 ESMF_LAPACK                 : enabled
20260506 011023.966 INFO             PET3 ESMF_NETCDF                 : enabled
20260506 011023.966 INFO             PET3 ESMF_PNETCDF                : disabled
20260506 011023.966 INFO             PET3 ESMF_PIO                    : enabled
20260506 011023.966 INFO             PET3 ESMF_YAMLCPP                : enabled
20260506 011023.966 INFO             PET3 esmApp STARTING
20260506 011023.972 INFO             PET3 esm: InitializeGeneric intro.
20260506 011023.972 INFO             PET3   esm: InitializeGeneric intro {IS}:--- StateLog() start -----------------
20260506 011023.972 INFO             PET3   esm: InitializeGeneric intro {IS}:State object is invalid! Not created or deleted!
20260506 011023.972 INFO             PET3   esm: InitializeGeneric intro {IS}:--- StateLog() end -------------------
20260506 011023.972 INFO             PET3   esm: InitializeGeneric intro {ES}:--- StateLog() start -----------------
20260506 011023.972 INFO             PET3   esm: InitializeGeneric intro {ES}:State object is invalid! Not created or deleted!
20260506 011023.972 INFO             PET3   esm: InitializeGeneric intro {ES}:--- StateLog() end -------------------
20260506 011023.972 INFO             PET3   >>>esm: entered Initialize (phase=<none>) without valid internal Clock.
20260506 011023.972 INFO             PET3   esm: InitializeP0 intro.
20260506 011023.972 INFO             PET3     esm: InitializeP0 intro {IS}:--- StateLog() start -----------------
20260506 011023.972 INFO             PET3     esm: InitializeP0 intro {IS}:State object is invalid! Not created or deleted!
20260506 011023.972 INFO             PET3     esm: InitializeP0 intro {IS}:--- StateLog() end -------------------
20260506 011023.972 INFO             PET3     esm: InitializeP0 intro {ES}:--- StateLog() start -----------------
20260506 011023.972 INFO             PET3     esm: InitializeP0 intro {ES}:State object is invalid! Not created or deleted!
20260506 011023.972 INFO             PET3     esm: InitializeP0 intro {ES}:--- StateLog() end -------------------
20260506 011023.972 INFO             PET3     >>>esm: entered Initialize (phase=<none>) without valid internal Clock.
20260506 011023.972 INFO             PET3     <<<esm: leaving Initialize (phase=<none>) without valid internal Clock.
20260506 011023.972 INFO             PET3     esm: InitializeP0 extro {IS}:--- StateLog() start -----------------
20260506 011023.972 INFO             PET3     esm: InitializeP0 extro {IS}:State object is invalid! Not created or deleted!
20260506 011023.972 INFO             PET3     esm: InitializeP0 extro {IS}:--- StateLog() end -------------------
20260506 011023.972 INFO             PET3     esm: InitializeP0 extro {ES}:--- StateLog() start -----------------
20260506 011023.972 INFO             PET3     esm: InitializeP0 extro {ES}:State object is invalid! Not created or deleted!
20260506 011023.972 INFO             PET3     esm: InitializeP0 extro {ES}:--- StateLog() end -------------------
20260506 011023.972 INFO             PET3   esm: InitializeP0 extro.
20260506 011023.972 INFO             PET3   esm: InitializeIPDv02p1 intro.
20260506 011023.972 INFO             PET3     esm: InitializeIPDv02p1 intro {IS}:--- StateLog() start -----------------
20260506 011023.972 INFO             PET3     esm: InitializeIPDv02p1 intro {IS}:State object is invalid! Not created or deleted!
20260506 011023.972 INFO             PET3     esm: InitializeIPDv02p1 intro {IS}:--- StateLog() end -------------------
20260506 011023.972 INFO             PET3     esm: InitializeIPDv02p1 intro {ES}:--- StateLog() start -----------------
20260506 011023.972 INFO             PET3     esm: InitializeIPDv02p1 intro {ES}:State object is invalid! Not created or deleted!
20260506 011023.972 INFO             PET3     esm: InitializeIPDv02p1 intro {ES}:--- StateLog() end -------------------
20260506 011023.972 INFO             PET3     >>>esm: entered Initialize (phase=<none>) without valid internal Clock.
20260506 011023.974 INFO             PET3     esm - Creating model component ATM without petList.
20260506 011023.977 INFO             PET3     esm - Creating model component OCN without petList.
20260506 011023.979 INFO             PET3     esm - Creating connector component ATM-TO-OCN without petList.
20260506 011023.983 INFO             PET3     esm - Creating connector component OCN-TO-ATM without petList.
20260506 011023.987 INFO             PET3     esm - Creating state: modelComp 1 Import State
20260506 011023.987 INFO             PET3     esm - Creating state: modelComp 1 Export State
20260506 011023.987 INFO             PET3     esm - Creating state: modelComp 2 Import State
20260506 011023.988 INFO             PET3     esm - Creating state: modelComp 2 Export State
20260506 011023.988 INFO             PET3     ATM: InitializeP0 intro.
20260506 011023.989 INFO             PET3     ATM: InitializeP0 extro.
20260506 011023.989 INFO             PET3     OCN: InitializeP0 intro.
20260506 011023.990 INFO             PET3     OCN: InitializeP0 extro.
20260506 011023.992 INFO             PET3     ATM-TO-OCN: InitializeP0 intro.
20260506 011023.992 INFO             PET3     ATM-TO-OCN: InitializeP0 extro.
20260506 011023.993 INFO             PET3     OCN-TO-ATM: InitializeP0 intro.
20260506 011023.993 INFO             PET3     OCN-TO-ATM: InitializeP0 extro.
20260506 011023.994 INFO             PET3     esm: IInitAdvertise intro.
20260506 011023.994 INFO             PET3       esm: IInitAdvertise intro {IS}:--- StateLog() start -----------------
20260506 011023.994 INFO             PET3       esm: IInitAdvertise intro {IS}:State object is invalid! Not created or deleted!
20260506 011023.994 INFO             PET3       esm: IInitAdvertise intro {IS}:--- StateLog() end -------------------
20260506 011023.994 INFO             PET3       esm: IInitAdvertise intro {ES}:--- StateLog() start -----------------
20260506 011023.994 INFO             PET3       esm: IInitAdvertise intro {ES}:State object is invalid! Not created or deleted!
20260506 011023.994 INFO             PET3       esm: IInitAdvertise intro {ES}:--- StateLog() end -------------------
20260506 011023.994 INFO             PET3       >>>esm: entered Initialize (phase=<none>) with current time: 2010  6  1  0  0  0   0
20260506 011023.994 INFO             PET3       <<<esm: leaving Initialize (phase=<none>) with current time: 2010  6  1  0  0  0   0
20260506 011023.994 INFO             PET3       esm: IInitAdvertise extro {IS}:--- StateLog() start -----------------
20260506 011023.994 INFO             PET3       esm: IInitAdvertise extro {IS}:State object is invalid! Not created or deleted!
20260506 011023.994 INFO             PET3       esm: IInitAdvertise extro {IS}:--- StateLog() end -------------------
20260506 011023.994 INFO             PET3       esm: IInitAdvertise extro {ES}:--- StateLog() start -----------------
20260506 011023.994 INFO             PET3       esm: IInitAdvertise extro {ES}:State object is invalid! Not created or deleted!
20260506 011023.994 INFO             PET3       esm: IInitAdvertise extro {ES}:--- StateLog() end -------------------
20260506 011023.994 INFO             PET3     esm: IInitAdvertise extro.
20260506 011023.994 INFO             PET3     ATM: InitializeIPDvXp01 intro.
20260506 011023.996 INFO             PET3     ATM: InitializeIPDvXp01 extro.
20260506 011023.996 INFO             PET3     OCN: InitializeIPDvXp01 intro.
20260506 011023.998 INFO             PET3     OCN: InitializeIPDvXp01 extro.
20260506 011023.999 INFO             PET3     ATM-TO-OCN: InitializeIPDv05p1 intro.
20260506 011023.999 INFO             PET3     ATM-TO-OCN: InitializeIPDv05p1 extro.
20260506 011024.000 INFO             PET3     OCN-TO-ATM: InitializeIPDv05p1 intro.
20260506 011024.000 INFO             PET3     OCN-TO-ATM: InitializeIPDv05p1 extro.
20260506 011024.000 INFO             PET3     esm: IInitAdvertiseFinish intro.
20260506 011024.000 INFO             PET3       esm: IInitAdvertiseFinish intro {IS}:--- StateLog() start -----------------
20260506 011024.000 INFO             PET3       esm: IInitAdvertiseFinish intro {IS}:State object is invalid! Not created or deleted!
20260506 011024.000 INFO             PET3       esm: IInitAdvertiseFinish intro {IS}:--- StateLog() end -------------------
20260506 011024.000 INFO             PET3       esm: IInitAdvertiseFinish intro {ES}:--- StateLog() start -----------------
20260506 011024.000 INFO             PET3       esm: IInitAdvertiseFinish intro {ES}:State object is invalid! Not created or deleted!
20260506 011024.000 INFO             PET3       esm: IInitAdvertiseFinish intro {ES}:--- StateLog() end -------------------
20260506 011024.000 INFO             PET3       >>>esm: entered Initialize (phase=<none>) with current time: 2010  6  1  0  0  0   0
20260506 011024.000 INFO             PET3       <<<esm: leaving Initialize (phase=<none>) with current time: 2010  6  1  0  0  0   0
20260506 011024.000 INFO             PET3       esm: IInitAdvertiseFinish extro {IS}:--- StateLog() start -----------------
20260506 011024.000 INFO             PET3       esm: IInitAdvertiseFinish extro {IS}:State object is invalid! Not created or deleted!
20260506 011024.000 INFO             PET3       esm: IInitAdvertiseFinish extro {IS}:--- StateLog() end -------------------
20260506 011024.000 INFO             PET3       esm: IInitAdvertiseFinish extro {ES}:--- StateLog() start -----------------
20260506 011024.000 INFO             PET3       esm: IInitAdvertiseFinish extro {ES}:State object is invalid! Not created or deleted!
20260506 011024.000 INFO             PET3       esm: IInitAdvertiseFinish extro {ES}:--- StateLog() end -------------------
20260506 011024.000 INFO             PET3     esm: IInitAdvertiseFinish extro.
20260506 011024.000 INFO             PET3     ATM-TO-OCN: InitializeIPDv05p2a intro.
20260506 011024.000 INFO             PET3     ATM-TO-OCN: InitializeIPDv05p2a extro.
20260506 011024.000 INFO             PET3     OCN-TO-ATM: InitializeIPDv05p2a intro.
20260506 011024.000 INFO             PET3     OCN-TO-ATM: InitializeIPDv05p2a extro.
20260506 011024.001 INFO             PET3     ATM-TO-OCN: InitializeIPDv05p2b intro.
20260506 011024.001 INFO             PET3     ATM-TO-OCN: InitializeIPDv05p2b extro.
20260506 011024.001 INFO             PET3     OCN-TO-ATM: InitializeIPDv05p2b intro.
20260506 011024.001 INFO             PET3     OCN-TO-ATM: InitializeIPDv05p2b extro.
20260506 011024.001 INFO             PET3     esm: IInitModifyCplLists intro.
20260506 011024.001 INFO             PET3       esm: IInitModifyCplLists intro {IS}:--- StateLog() start -----------------
20260506 011024.001 INFO             PET3       esm: IInitModifyCplLists intro {IS}:State object is invalid! Not created or deleted!
20260506 011024.001 INFO             PET3       esm: IInitModifyCplLists intro {IS}:--- StateLog() end -------------------
20260506 011024.001 INFO             PET3       esm: IInitModifyCplLists intro {ES}:--- StateLog() start -----------------
20260506 011024.001 INFO             PET3       esm: IInitModifyCplLists intro {ES}:State object is invalid! Not created or deleted!
20260506 011024.001 INFO             PET3       esm: IInitModifyCplLists intro {ES}:--- StateLog() end -------------------
20260506 011024.001 INFO             PET3       >>>esm: entered Initialize (phase=<none>) with current time: 2010  6  1  0  0  0   0
20260506 011024.001 INFO             PET3       <<<esm: leaving Initialize (phase=<none>) with current time: 2010  6  1  0  0  0   0
20260506 011024.001 INFO             PET3       esm: IInitModifyCplLists extro {IS}:--- StateLog() start -----------------
20260506 011024.001 INFO             PET3       esm: IInitModifyCplLists extro {IS}:State object is invalid! Not created or deleted!
20260506 011024.001 INFO             PET3       esm: IInitModifyCplLists extro {IS}:--- StateLog() end -------------------
20260506 011024.001 INFO             PET3       esm: IInitModifyCplLists extro {ES}:--- StateLog() start -----------------
20260506 011024.001 INFO             PET3       esm: IInitModifyCplLists extro {ES}:State object is invalid! Not created or deleted!
20260506 011024.001 INFO             PET3       esm: IInitModifyCplLists extro {ES}:--- StateLog() end -------------------
20260506 011024.001 INFO             PET3     esm: IInitModifyCplLists extro.
20260506 011024.002 INFO             PET3     ATM-TO-OCN: InitializeIPDv05p3 intro.
20260506 011024.002 INFO             PET3     ATM-TO-OCN: InitializeIPDv05p3 extro.
20260506 011024.002 INFO             PET3     OCN-TO-ATM: InitializeIPDv05p3 intro.
20260506 011024.003 INFO             PET3     OCN-TO-ATM: InitializeIPDv05p3 extro.
20260506 011024.003 INFO             PET3     <<<esm: leaving Initialize (phase=<none>) with current time: 2010  6  1  0  0  0   0
20260506 011024.003 INFO             PET3     esm: InitializeIPDv02p1 extro {IS}:--- StateLog() start -----------------
20260506 011024.003 INFO             PET3     esm: InitializeIPDv02p1 extro {IS}:State object is invalid! Not created or deleted!
20260506 011024.003 INFO             PET3     esm: InitializeIPDv02p1 extro {IS}:--- StateLog() end -------------------
20260506 011024.003 INFO             PET3     esm: InitializeIPDv02p1 extro {ES}:--- StateLog() start -----------------
20260506 011024.003 INFO             PET3     esm: InitializeIPDv02p1 extro {ES}:State object is invalid! Not created or deleted!
20260506 011024.003 INFO             PET3     esm: InitializeIPDv02p1 extro {ES}:--- StateLog() end -------------------
20260506 011024.003 INFO             PET3   esm: InitializeIPDv02p1 extro.
20260506 011024.003 INFO             PET3   esm: InitializeIPDv02p3 intro.
20260506 011024.003 INFO             PET3     esm: InitializeIPDv02p3 intro {IS}:--- StateLog() start -----------------
20260506 011024.003 INFO             PET3     esm: InitializeIPDv02p3 intro {IS}:State object is invalid! Not created or deleted!
20260506 011024.003 INFO             PET3     esm: InitializeIPDv02p3 intro {IS}:--- StateLog() end -------------------
20260506 011024.003 INFO             PET3     esm: InitializeIPDv02p3 intro {ES}:--- StateLog() start -----------------
20260506 011024.003 INFO             PET3     esm: InitializeIPDv02p3 intro {ES}:State object is invalid! Not created or deleted!
20260506 011024.003 INFO             PET3     esm: InitializeIPDv02p3 intro {ES}:--- StateLog() end -------------------
20260506 011024.003 INFO             PET3     >>>esm: entered Initialize (phase=<none>) with current time: 2010  6  1  0  0  0   0
20260506 011024.003 INFO             PET3     esm: IInitCheck intro.
20260506 011024.003 INFO             PET3       esm: IInitCheck intro {IS}:--- StateLog() start -----------------
20260506 011024.003 INFO             PET3       esm: IInitCheck intro {IS}:State object is invalid! Not created or deleted!
20260506 011024.003 INFO             PET3       esm: IInitCheck intro {IS}:--- StateLog() end -------------------
20260506 011024.003 INFO             PET3       esm: IInitCheck intro {ES}:--- StateLog() start -----------------
20260506 011024.003 INFO             PET3       esm: IInitCheck intro {ES}:State object is invalid! Not created or deleted!
20260506 011024.003 INFO             PET3       esm: IInitCheck intro {ES}:--- StateLog() end -------------------
20260506 011024.003 INFO             PET3       >>>esm: entered Initialize (phase=<none>) with current time: 2010  6  1  0  0  0   0
20260506 011024.003 INFO             PET3       <<<esm: leaving Initialize (phase=<none>) with current time: 2010  6  1  0  0  0   0
20260506 011024.003 INFO             PET3       esm: IInitCheck extro {IS}:--- StateLog() start -----------------
20260506 011024.003 INFO             PET3       esm: IInitCheck extro {IS}:State object is invalid! Not created or deleted!
20260506 011024.003 INFO             PET3       esm: IInitCheck extro {IS}:--- StateLog() end -------------------
20260506 011024.003 INFO             PET3       esm: IInitCheck extro {ES}:--- StateLog() start -----------------
20260506 011024.003 INFO             PET3       esm: IInitCheck extro {ES}:State object is invalid! Not created or deleted!
20260506 011024.003 INFO             PET3       esm: IInitCheck extro {ES}:--- StateLog() end -------------------
20260506 011024.003 INFO             PET3     esm: IInitCheck extro.
20260506 011024.003 INFO             PET3     atmA: InitializeIPDvXp04 intro.
20260506 011024.007 INFO             PET3     atmA: InitializeIPDvXp04 extro.
20260506 011024.007 INFO             PET3     ocnB: InitializeIPDvXp04 intro.
20260506 011024.010 INFO             PET3     ocnB: InitializeIPDvXp04 extro.
20260506 011024.011 INFO             PET3     ATM-TO-OCN: InitializeIPDv05p4 intro.
20260506 011024.012 INFO             PET3     ATM-TO-OCN: InitializeIPDv05p4 extro.
20260506 011024.012 INFO             PET3     OCN-TO-ATM: InitializeIPDv05p4 intro.
20260506 011024.012 INFO             PET3     OCN-TO-ATM: InitializeIPDv05p4 extro.
20260506 011024.012 INFO             PET3     ATM-TO-OCN: InitializeIPDv05p5 intro.
20260506 011024.012 INFO             PET3     ATM-TO-OCN: InitializeIPDv05p5 extro.
20260506 011024.012 INFO             PET3     OCN-TO-ATM: InitializeIPDv05p5 intro.
20260506 011024.013 INFO             PET3     OCN-TO-ATM: InitializeIPDv05p5 extro.
20260506 011024.013 INFO             PET3     esm: IInitRealize intro.
20260506 011024.013 INFO             PET3       esm: IInitRealize intro {IS}:--- StateLog() start -----------------
20260506 011024.013 INFO             PET3       esm: IInitRealize intro {IS}:State object is invalid! Not created or deleted!
20260506 011024.013 INFO             PET3       esm: IInitRealize intro {IS}:--- StateLog() end -------------------
20260506 011024.013 INFO             PET3       esm: IInitRealize intro {ES}:--- StateLog() start -----------------
20260506 011024.013 INFO             PET3       esm: IInitRealize intro {ES}:State object is invalid! Not created or deleted!
20260506 011024.013 INFO             PET3       esm: IInitRealize intro {ES}:--- StateLog() end -------------------
20260506 011024.013 INFO             PET3       >>>esm: entered Initialize (phase=<none>) with current time: 2010  6  1  0  0  0   0
20260506 011024.013 INFO             PET3       <<<esm: leaving Initialize (phase=<none>) with current time: 2010  6  1  0  0  0   0
20260506 011024.013 INFO             PET3       esm: IInitRealize extro {IS}:--- StateLog() start -----------------
20260506 011024.013 INFO             PET3       esm: IInitRealize extro {IS}:State object is invalid! Not created or deleted!
20260506 011024.013 INFO             PET3       esm: IInitRealize extro {IS}:--- StateLog() end -------------------
20260506 011024.013 INFO             PET3       esm: IInitRealize extro {ES}:--- StateLog() start -----------------
20260506 011024.013 INFO             PET3       esm: IInitRealize extro {ES}:State object is invalid! Not created or deleted!
20260506 011024.013 INFO             PET3       esm: IInitRealize extro {ES}:--- StateLog() end -------------------
20260506 011024.013 INFO             PET3     esm: IInitRealize extro.
20260506 011024.013 INFO             PET3     ATM-TO-OCN: InitializeIPDv05p6a intro.
20260506 011024.013 INFO             PET3     ATM-TO-OCN: InitializeIPDv05p6a extro.
20260506 011024.013 INFO             PET3     OCN-TO-ATM: InitializeIPDv05p6a intro.
20260506 011024.013 INFO             PET3     OCN-TO-ATM: InitializeIPDv05p6a extro.
20260506 011024.014 INFO             PET3     ATM-TO-OCN: InitializeIPDv05p6b intro.
20260506 011024.054 INFO             PET3     ATM-TO-OCN: InitializeIPDv05p6b extro.
20260506 011024.054 INFO             PET3     OCN-TO-ATM: InitializeIPDv05p6b intro.
20260506 011024.091 INFO             PET3     OCN-TO-ATM: InitializeIPDv05p6b extro.
20260506 011024.092 INFO             PET3     atmA: InitializeIPDvXp07 intro.
20260506 011024.092 INFO             PET3     atmA: InitializeIPDvXp07 extro.
20260506 011024.092 INFO             PET3     ocnB: InitializeIPDvXp07 intro.
20260506 011024.092 INFO             PET3     ocnB: InitializeIPDvXp07 extro.
20260506 011024.092 INFO             PET3     <<<esm: leaving Initialize (phase=<none>) with current time: 2010  6  1  0  0  0   0
20260506 011024.092 INFO             PET3     esm: InitializeIPDv02p3 extro {IS}:--- StateLog() start -----------------
20260506 011024.092 INFO             PET3     esm: InitializeIPDv02p3 extro {IS}:State object is invalid! Not created or deleted!
20260506 011024.092 INFO             PET3     esm: InitializeIPDv02p3 extro {IS}:--- StateLog() end -------------------
20260506 011024.092 INFO             PET3     esm: InitializeIPDv02p3 extro {ES}:--- StateLog() start -----------------
20260506 011024.092 INFO             PET3     esm: InitializeIPDv02p3 extro {ES}:State object is invalid! Not created or deleted!
20260506 011024.092 INFO             PET3     esm: InitializeIPDv02p3 extro {ES}:--- StateLog() end -------------------
20260506 011024.092 INFO             PET3   esm: InitializeIPDv02p3 extro.
20260506 011024.092 INFO             PET3   esm: InitializeIPDv02p5 intro.
20260506 011024.092 INFO             PET3     esm: InitializeIPDv02p5 intro {IS}:--- StateLog() start -----------------
20260506 011024.092 INFO             PET3     esm: InitializeIPDv02p5 intro {IS}:State object is invalid! Not created or deleted!
20260506 011024.092 INFO             PET3     esm: InitializeIPDv02p5 intro {IS}:--- StateLog() end -------------------
20260506 011024.092 INFO             PET3     esm: InitializeIPDv02p5 intro {ES}:--- StateLog() start -----------------
20260506 011024.092 INFO             PET3     esm: InitializeIPDv02p5 intro {ES}:State object is invalid! Not created or deleted!
20260506 011024.092 INFO             PET3     esm: InitializeIPDv02p5 intro {ES}:--- StateLog() end -------------------
20260506 011024.092 INFO             PET3     >>>esm: entered Initialize (phase=<none>) with current time: 2010  6  1  0  0  0   0
20260506 011024.092 INFO             PET3     esm: this is a top level driver, no 'Updated' and 'InitializeDataComplete' info on this level.
20260506 011024.092 INFO             PET3     esm: InitializeIPDv02p5Data intro.
20260506 011024.092 INFO             PET3       esm: InitializeIPDv02p5Data intro {IS}:--- StateLog() start -----------------
20260506 011024.092 INFO             PET3       esm: InitializeIPDv02p5Data intro {IS}:State object is invalid! Not created or deleted!
20260506 011024.092 INFO             PET3       esm: InitializeIPDv02p5Data intro {IS}:--- StateLog() end -------------------
20260506 011024.092 INFO             PET3       esm: InitializeIPDv02p5Data intro {ES}:--- StateLog() start -----------------
20260506 011024.092 INFO             PET3       esm: InitializeIPDv02p5Data intro {ES}:State object is invalid! Not created or deleted!
20260506 011024.092 INFO             PET3       esm: InitializeIPDv02p5Data intro {ES}:--- StateLog() end -------------------
20260506 011024.092 INFO             PET3       >>>esm: entered Initialize (phase=<none>) with current time: 2010  6  1  0  0  0   0
20260506 011024.092 INFO             PET3       esm: InternalInitializeComplete intro.
20260506 011024.092 INFO             PET3         esm: InternalInitializeComplete intro {IS}:--- StateLog() start -----------------
20260506 011024.092 INFO             PET3         esm: InternalInitializeComplete intro {IS}:State object is invalid! Not created or deleted!
20260506 011024.092 INFO             PET3         esm: InternalInitializeComplete intro {IS}:--- StateLog() end -------------------
20260506 011024.092 INFO             PET3         esm: InternalInitializeComplete intro {ES}:--- StateLog() start -----------------
20260506 011024.092 INFO             PET3         esm: InternalInitializeComplete intro {ES}:State object is invalid! Not created or deleted!
20260506 011024.092 INFO             PET3         esm: InternalInitializeComplete intro {ES}:--- StateLog() end -------------------
20260506 011024.093 INFO             PET3         >>>esm: entered Initialize (phase=<none>) with current time: 2010  6  1  0  0  0   0
20260506 011024.093 INFO             PET3         esm: InitializeDataComplete='true'
20260506 011024.093 INFO             PET3         <<<esm: leaving Initialize (phase=<none>) with current time: 2010  6  1  0  0  0   0
20260506 011024.093 INFO             PET3         esm: InternalInitializeComplete extro {IS}:--- StateLog() start -----------------
20260506 011024.093 INFO             PET3         esm: InternalInitializeComplete extro {IS}:State object is invalid! Not created or deleted!
20260506 011024.093 INFO             PET3         esm: InternalInitializeComplete extro {IS}:--- StateLog() end -------------------
20260506 011024.093 INFO             PET3         esm: InternalInitializeComplete extro {ES}:--- StateLog() start -----------------
20260506 011024.093 INFO             PET3         esm: InternalInitializeComplete extro {ES}:State object is invalid! Not created or deleted!
20260506 011024.093 INFO             PET3         esm: InternalInitializeComplete extro {ES}:--- StateLog() end -------------------
20260506 011024.093 INFO             PET3       esm: InternalInitializeComplete extro.
20260506 011024.093 INFO             PET3       atmA: InitializeIPDv01p5 intro.
20260506 011024.093 INFO             PET3       atmA: InitializeIPDv01p5 extro.
20260506 011024.093 INFO             PET3       ocnB: InitializeIPDv01p5 intro.
20260506 011024.093 INFO             PET3       ocnB: InitializeIPDv01p5 extro.
20260506 011024.094 INFO             PET3       esm: components present that trigger loopDataDependentInitialize().
20260506 011024.094 INFO             PET3       esm: loopDataDependentInitialize intro.
20260506 011024.094 INFO             PET3         esm: loopDataDependentInitialize intro {IS}:--- StateLog() start -----------------
20260506 011024.094 INFO             PET3         esm: loopDataDependentInitialize intro {IS}:State object is invalid! Not created or deleted!
20260506 011024.094 INFO             PET3         esm: loopDataDependentInitialize intro {IS}:--- StateLog() end -------------------
20260506 011024.094 INFO             PET3         esm: loopDataDependentInitialize intro {ES}:--- StateLog() start -----------------
20260506 011024.094 INFO             PET3         esm: loopDataDependentInitialize intro {ES}:State object is invalid! Not created or deleted!
20260506 011024.094 INFO             PET3         esm: loopDataDependentInitialize intro {ES}:--- StateLog() end -------------------
20260506 011024.095 INFO             PET3         >>>esm: entered Initialize (phase=<none>) with current time: 2010  6  1  0  0  0   0
20260506 011024.095 INFO             PET3         esm: component    0=esm, dataComplete (local): true
20260506 011024.095 INFO             PET3         esm: component    0=esm, dataComplete (global):  T
20260506 011024.095 INFO             PET3         esm: component    1=atmA, dataComplete (local): true
20260506 011024.095 INFO             PET3         esm: component    1=atmA, dataComplete (global):  T
20260506 011024.095 INFO             PET3         esm: component    2=ocnB, dataComplete (local): true
20260506 011024.095 INFO             PET3         esm: component    2=ocnB, dataComplete (global):  T
20260506 011024.095 INFO             PET3         esm: someProgress= F, allComplete= T, present(dataDepAllComplete)= T
20260506 011024.095 INFO             PET3         esm: finished resolving initialize data dependencies on this level.
20260506 011024.095 INFO             PET3         <<<esm: leaving Initialize (phase=<none>) with current time: 2010  6  1  0  0  0   0
20260506 011024.095 INFO             PET3         esm: loopDataDependentInitialize extro {IS}:--- StateLog() start -----------------
20260506 011024.095 INFO             PET3         esm: loopDataDependentInitialize extro {IS}:State object is invalid! Not created or deleted!
20260506 011024.095 INFO             PET3         esm: loopDataDependentInitialize extro {IS}:--- StateLog() end -------------------
20260506 011024.095 INFO             PET3         esm: loopDataDependentInitialize extro {ES}:--- StateLog() start -----------------
20260506 011024.095 INFO             PET3         esm: loopDataDependentInitialize extro {ES}:State object is invalid! Not created or deleted!
20260506 011024.095 INFO             PET3         esm: loopDataDependentInitialize extro {ES}:--- StateLog() end -------------------
20260506 011024.095 INFO             PET3       esm: loopDataDependentInitialize extro.
20260506 011024.095 INFO             PET3       esm: loopDataDependentInitialize() returned with dataDepAllComplete:  T
20260506 011024.095 INFO             PET3       <<<esm: leaving Initialize (phase=<none>) with current time: 2010  6  1  0  0  0   0
20260506 011024.095 INFO             PET3       esm: InitializeIPDv02p5Data extro {IS}:--- StateLog() start -----------------
20260506 011024.095 INFO             PET3       esm: InitializeIPDv02p5Data extro {IS}:State object is invalid! Not created or deleted!
20260506 011024.095 INFO             PET3       esm: InitializeIPDv02p5Data extro {IS}:--- StateLog() end -------------------
20260506 011024.095 INFO             PET3       esm: InitializeIPDv02p5Data extro {ES}:--- StateLog() start -----------------
20260506 011024.095 INFO             PET3       esm: InitializeIPDv02p5Data extro {ES}:State object is invalid! Not created or deleted!
20260506 011024.095 INFO             PET3       esm: InitializeIPDv02p5Data extro {ES}:--- StateLog() end -------------------
20260506 011024.095 INFO             PET3     esm: InitializeIPDv02p5Data extro.
20260506 011024.095 INFO             PET3     <<<esm: leaving Initialize (phase=<none>) with current time: 2010  6  1  0  0  0   0
20260506 011024.095 INFO             PET3     esm: InitializeIPDv02p5 extro {IS}:--- StateLog() start -----------------
20260506 011024.095 INFO             PET3     esm: InitializeIPDv02p5 extro {IS}:State object is invalid! Not created or deleted!
20260506 011024.095 INFO             PET3     esm: InitializeIPDv02p5 extro {IS}:--- StateLog() end -------------------
20260506 011024.095 INFO             PET3     esm: InitializeIPDv02p5 extro {ES}:--- StateLog() start -----------------
20260506 011024.095 INFO             PET3     esm: InitializeIPDv02p5 extro {ES}:State object is invalid! Not created or deleted!
20260506 011024.095 INFO             PET3     esm: InitializeIPDv02p5 extro {ES}:--- StateLog() end -------------------
20260506 011024.095 INFO             PET3   esm: InitializeIPDv02p5 extro.
20260506 011024.095 INFO             PET3   <<<esm: leaving Initialize (phase=<none>) with current time: 2010  6  1  0  0  0   0
20260506 011024.095 INFO             PET3   esm: InitializeGeneric extro {IS}:--- StateLog() start -----------------
20260506 011024.095 INFO             PET3   esm: InitializeGeneric extro {IS}:State object is invalid! Not created or deleted!
20260506 011024.095 INFO             PET3   esm: InitializeGeneric extro {IS}:--- StateLog() end -------------------
20260506 011024.095 INFO             PET3   esm: InitializeGeneric extro {ES}:--- StateLog() start -----------------
20260506 011024.095 INFO             PET3   esm: InitializeGeneric extro {ES}:State object is invalid! Not created or deleted!
20260506 011024.095 INFO             PET3   esm: InitializeGeneric extro {ES}:--- StateLog() end -------------------
20260506 011024.095 INFO             PET3 esm: InitializeGeneric extro.
20260506 011024.095 INFO             PET3 esm: Run intro.
20260506 011024.095 INFO             PET3   esm: Run intro {IS}:--- StateLog() start -----------------
20260506 011024.095 INFO             PET3   esm: Run intro {IS}:State object is invalid! Not created or deleted!
20260506 011024.095 INFO             PET3   esm: Run intro {IS}:--- StateLog() end -------------------
20260506 011024.095 INFO             PET3   esm: Run intro {ES}:--- StateLog() start -----------------
20260506 011024.095 INFO             PET3   esm: Run intro {ES}:State object is invalid! Not created or deleted!
20260506 011024.095 INFO             PET3   esm: Run intro {ES}:--- StateLog() end -------------------
20260506 011024.095 INFO             PET3   >>>esm: entered Run (phase=RunPhase1) with current time: 2010  6  1  0  0  0   0
20260506 011024.095 INFO             PET3   esm: after lable_SetRunClock, current time: 2010  6  1  0  0  0   0
20260506 011024.095 INFO             PET3   esm: begin -------> RunSequence.
20260506 011024.095 INFO             PET3     esm: RunSequence event loopLevel=   1  levelMember=   1  loopIteration=   1, current time: 2010  6  1  0  0  0   0
20260506 011024.095 INFO             PET3     ATM-TO-OCN: Run intro.
20260506 011024.096 INFO             PET3     ATM-TO-OCN: Run extro.
20260506 011024.096 INFO             PET3     OCN-TO-ATM: Run intro.
20260506 011024.096 INFO             PET3     OCN-TO-ATM: Run extro.
20260506 011024.096 INFO             PET3     atmA: Run intro.
20260506 011024.096 INFO             PET3       ------>Advancing ATM from: 2010  6  1  0  0  0   0
20260506 011024.096 INFO             PET3       ---------------------> to: 2010  6  1  0 15  0   0
20260506 011024.096 INFO             PET3     atmA: Run extro.
20260506 011024.097 INFO             PET3     ocnB: Run intro.
20260506 011024.097 INFO             PET3       ------>Advancing OCN from: 2010  6  1  0  0  0   0
20260506 011024.097 INFO             PET3       ---------------------> to: 2010  6  1  0  5  0   0
20260506 011024.097 INFO             PET3       ------>Advancing OCN from: 2010  6  1  0  5  0   0
20260506 011024.097 INFO             PET3       ---------------------> to: 2010  6  1  0 10  0   0
20260506 011024.097 INFO             PET3       ------>Advancing OCN from: 2010  6  1  0 10  0   0
20260506 011024.097 INFO             PET3       ---------------------> to: 2010  6  1  0 15  0   0
20260506 011024.097 INFO             PET3     ocnB: Run extro.
20260506 011024.097 INFO             PET3     esm: RunSequence event loopLevel=   1  levelMember=   1  loopIteration=   2, current time: 2010  6  1  0 15  0   0
20260506 011024.097 INFO             PET3     ATM-TO-OCN: Run intro.
20260506 011024.097 INFO             PET3     ATM-TO-OCN: Run extro.
20260506 011024.097 INFO             PET3     OCN-TO-ATM: Run intro.
20260506 011024.097 INFO             PET3     OCN-TO-ATM: Run extro.
20260506 011024.097 INFO             PET3     atmA: Run intro.
20260506 011024.098 INFO             PET3       ------>Advancing ATM from: 2010  6  1  0 15  0   0
20260506 011024.098 INFO             PET3       ---------------------> to: 2010  6  1  0 30  0   0
20260506 011024.098 INFO             PET3     atmA: Run extro.
20260506 011024.098 INFO             PET3     ocnB: Run intro.
20260506 011024.098 INFO             PET3       ------>Advancing OCN from: 2010  6  1  0 15  0   0
20260506 011024.098 INFO             PET3       ---------------------> to: 2010  6  1  0 20  0   0
20260506 011024.098 INFO             PET3       ------>Advancing OCN from: 2010  6  1  0 20  0   0
20260506 011024.098 INFO             PET3       ---------------------> to: 2010  6  1  0 25  0   0
20260506 011024.098 INFO             PET3       ------>Advancing OCN from: 2010  6  1  0 25  0   0
20260506 011024.098 INFO             PET3       ---------------------> to: 2010  6  1  0 30  0   0
20260506 011024.098 INFO             PET3     ocnB: Run extro.
20260506 011024.098 INFO             PET3     esm: RunSequence event loopLevel=   1  levelMember=   1  loopIteration=   3, current time: 2010  6  1  0 30  0   0
20260506 011024.098 INFO             PET3     ATM-TO-OCN: Run intro.
20260506 011024.098 INFO             PET3     ATM-TO-OCN: Run extro.
20260506 011024.098 INFO             PET3     OCN-TO-ATM: Run intro.
20260506 011024.099 INFO             PET3     OCN-TO-ATM: Run extro.
20260506 011024.099 INFO             PET3     atmA: Run intro.
20260506 011024.099 INFO             PET3       ------>Advancing ATM from: 2010  6  1  0 30  0   0
20260506 011024.099 INFO             PET3       ---------------------> to: 2010  6  1  0 45  0   0
20260506 011024.099 INFO             PET3     atmA: Run extro.
20260506 011024.099 INFO             PET3     ocnB: Run intro.
20260506 011024.099 INFO             PET3       ------>Advancing OCN from: 2010  6  1  0 30  0   0
20260506 011024.099 INFO             PET3       ---------------------> to: 2010  6  1  0 35  0   0
20260506 011024.099 INFO             PET3       ------>Advancing OCN from: 2010  6  1  0 35  0   0
20260506 011024.099 INFO             PET3       ---------------------> to: 2010  6  1  0 40  0   0
20260506 011024.099 INFO             PET3       ------>Advancing OCN from: 2010  6  1  0 40  0   0
20260506 011024.099 INFO             PET3       ---------------------> to: 2010  6  1  0 45  0   0
20260506 011024.099 INFO             PET3     ocnB: Run extro.
20260506 011024.099 INFO             PET3     esm: RunSequence event loopLevel=   1  levelMember=   1  loopIteration=   4, current time: 2010  6  1  0 45  0   0
20260506 011024.099 INFO             PET3     ATM-TO-OCN: Run intro.
20260506 011024.099 INFO             PET3     ATM-TO-OCN: Run extro.
20260506 011024.099 INFO             PET3     OCN-TO-ATM: Run intro.
20260506 011024.100 INFO             PET3     OCN-TO-ATM: Run extro.
20260506 011024.100 INFO             PET3     atmA: Run intro.
20260506 011024.100 INFO             PET3       ------>Advancing ATM from: 2010  6  1  0 45  0   0
20260506 011024.100 INFO             PET3       ---------------------> to: 2010  6  1  1  0  0   0
20260506 011024.100 INFO             PET3     atmA: Run extro.
20260506 011024.100 INFO             PET3     ocnB: Run intro.
20260506 011024.100 INFO             PET3       ------>Advancing OCN from: 2010  6  1  0 45  0   0
20260506 011024.100 INFO             PET3       ---------------------> to: 2010  6  1  0 50  0   0
20260506 011024.100 INFO             PET3       ------>Advancing OCN from: 2010  6  1  0 50  0   0
20260506 011024.100 INFO             PET3       ---------------------> to: 2010  6  1  0 55  0   0
20260506 011024.100 INFO             PET3       ------>Advancing OCN from: 2010  6  1  0 55  0   0
20260506 011024.100 INFO             PET3       ---------------------> to: 2010  6  1  1  0  0   0
20260506 011024.100 INFO             PET3     ocnB: Run extro.
20260506 011024.100 INFO             PET3   esm: end <--------- RunSequence
20260506 011024.100 INFO             PET3   <<<esm: leaving Run (phase=RunPhase1) with current time: 2010  6  1  1  0  0   0
20260506 011024.100 INFO             PET3   esm: Run extro {IS}:--- StateLog() start -----------------
20260506 011024.100 INFO             PET3   esm: Run extro {IS}:State object is invalid! Not created or deleted!
20260506 011024.100 INFO             PET3   esm: Run extro {IS}:--- StateLog() end -------------------
20260506 011024.100 INFO             PET3   esm: Run extro {ES}:--- StateLog() start -----------------
20260506 011024.100 INFO             PET3   esm: Run extro {ES}:State object is invalid! Not created or deleted!
20260506 011024.100 INFO             PET3   esm: Run extro {ES}:--- StateLog() end -------------------
20260506 011024.100 INFO             PET3 esm: Run extro.
20260506 011024.100 INFO             PET3 esm: Finalize intro.
20260506 011024.100 INFO             PET3   esm: Finalize intro {IS}:--- StateLog() start -----------------
20260506 011024.100 INFO             PET3   esm: Finalize intro {IS}:State object is invalid! Not created or deleted!
20260506 011024.100 INFO             PET3   esm: Finalize intro {IS}:--- StateLog() end -------------------
20260506 011024.100 INFO             PET3   esm: Finalize intro {ES}:--- StateLog() start -----------------
20260506 011024.100 INFO             PET3   esm: Finalize intro {ES}:State object is invalid! Not created or deleted!
20260506 011024.100 INFO             PET3   esm: Finalize intro {ES}:--- StateLog() end -------------------
20260506 011024.100 INFO             PET3   >>>esm: entered Finalize (phase=FinalizePhase1) with current time: 2010  6  1  1  0  0   0
20260506 011024.100 INFO             PET3   Calling Finalize phase 1 for connectorComp: ATM-TO-OCN
20260506 011024.100 INFO             PET3   ATM-TO-OCN: Finalize intro.
20260506 011024.101 INFO             PET3   ATM-TO-OCN: Finalize extro.
20260506 011024.101 INFO             PET3   Calling Finalize phase 1 for connectorComp: OCN-TO-ATM
20260506 011024.101 INFO             PET3   OCN-TO-ATM: Finalize intro.
20260506 011024.101 INFO             PET3   OCN-TO-ATM: Finalize extro.
20260506 011024.101 INFO             PET3   Calling Finalize phase 1 for modelComp: atmA
20260506 011024.101 INFO             PET3   atmA: Finalize intro.
20260506 011024.101 INFO             PET3   atmA: Finalize extro.
20260506 011024.101 INFO             PET3   Calling Finalize phase 1 for modelComp: ocnB
20260506 011024.101 INFO             PET3   ocnB: Finalize intro.
20260506 011024.101 INFO             PET3   ocnB: Finalize extro.
20260506 011024.101 INFO             PET3   Delete modelComp: atmA
20260506 011024.101 INFO             PET3   Delete Import-/Export State for modelComp: atmA
20260506 011024.101 INFO             PET3   Delete modelComp: ocnB
20260506 011024.101 INFO             PET3   Delete Import-/Export State for modelComp: ocnB
20260506 011024.101 INFO             PET3   Delete connectorComp: ATM-TO-OCN
20260506 011024.101 INFO             PET3   Delete connectorComp: OCN-TO-ATM
20260506 011024.101 INFO             PET3   <<<esm: leaving Finalize (phase=FinalizePhase1) with current time: 2010  6  1  1  0  0   0
20260506 011024.101 INFO             PET3 esm: Finalize extro.
20260506 011024.101 INFO             PET3 esmApp FINISHED
20260506 011024.101 INFO             PET3  Finalizing ESMF
