2026-05-29 22:46:39
20260530 002620.467 INFO             PET0 !!!!!!!!!!!!!!!!!!!!!!!!!!!!!!!!!!!!!!!!!!!!!!!!!!!!!!
20260530 002620.467 INFO             PET0 !!! THE ESMF_LOG IS SET TO OUTPUT ALL LOG MESSAGES !!!
20260530 002620.467 INFO             PET0 !!!     THIS MAY CAUSE SLOWDOWN IN PERFORMANCE     !!!
20260530 002620.467 INFO             PET0 !!! FOR PRODUCTION RUNS, USE:                      !!!
20260530 002620.467 INFO             PET0 !!!                   ESMF_LOGKIND_Multi_On_Error  !!!
20260530 002620.467 INFO             PET0 !!!!!!!!!!!!!!!!!!!!!!!!!!!!!!!!!!!!!!!!!!!!!!!!!!!!!!
20260530 002620.467 INFO             PET0 Running with ESMF Version   : develop+gf183dd1f0b
20260530 002620.467 INFO             PET0 ESMF library build date/time: "May 29 2026" "22:44:33"
20260530 002620.467 INFO             PET0 ESMF library build location : /discover/nobackup/projects/gmao/SIteam/ESMF_Testing/gfortran_14.2.0_openmpi_g_develop/esmf
20260530 002620.467 INFO             PET0 ESMF_COMM                   : openmpi
20260530 002620.467 INFO             PET0 ESMF_MOAB                   : enabled
20260530 002620.467 INFO             PET0 ESMF_LAPACK                 : enabled
20260530 002620.467 INFO             PET0 ESMF_NETCDF                 : enabled
20260530 002620.467 INFO             PET0 ESMF_PNETCDF                : disabled
20260530 002620.467 INFO             PET0 ESMF_PIO                    : enabled
20260530 002620.467 INFO             PET0 ESMF_YAMLCPP                : enabled
20260530 002620.468 INFO             PET0 externalApp STARTING
20260530 002620.491 INFO             PET0 ESMX_Driver - Creating model component ATM with petList of size 2 :
20260530 002620.491 INFO             PET0       0      1
20260530 002620.491 DEBUG            PET0 Generic SetVM() is executing for: ATM
20260530 002620.491 DEBUG            PET0 Generic SetVM() found no NUOPC Hint for: ATM
20260530 002620.492 DEBUG            PET0 Generic SetVM() therefore is NOT calling ESMF_GridCompSetVMMaxPEs() for: ATM
20260530 002620.497 INFO             PET0 ESMX_Driver - Creating model component OCN with petList of size 2 :
20260530 002620.497 INFO             PET0       2      3
20260530 002620.497 DEBUG            PET0 Generic SetVM() is executing for: OCN
20260530 002620.497 DEBUG            PET0 Generic SetVM() found no NUOPC Hint for: OCN
20260530 002620.497 DEBUG            PET0 Generic SetVM() therefore is NOT calling ESMF_GridCompSetVMMaxPEs() for: OCN
20260530 002620.498 INFO             PET0 ESMX_Driver - Creating connector component ESMX_Driver-TO-ATM without petList.
20260530 002620.506 INFO             PET0 ESMX_Driver - Creating connector component ESMX_Driver-TO-OCN without petList.
20260530 002620.510 INFO             PET0 ESMX_Driver - Creating connector component ATM-TO-ESMX_Driver without petList.
20260530 002620.515 INFO             PET0 ESMX_Driver - Creating connector component OCN-TO-ESMX_Driver without petList.
20260530 002620.521 INFO             PET0 ATM: InitializeP0 intro.
20260530 002620.521 INFO             PET0   >>>ATM: entered Initialize (phase=<none>) without valid internal Clock.
20260530 002620.522 INFO             PET0   <<<ATM: leaving Initialize (phase=<none>) without valid internal Clock.
20260530 002620.522 INFO             PET0 ATM: InitializeP0 extro.
20260530 002620.524 INFO             PET0 ESMX_Driver-TO-ATM: InitializeP0 intro.
20260530 002620.525 INFO             PET0 ESMX_Driver-TO-ATM: InitializeP0 extro.
20260530 002620.525 INFO             PET0 ESMX_Driver-TO-OCN: InitializeP0 intro.
20260530 002620.526 INFO             PET0 ESMX_Driver-TO-OCN: InitializeP0 extro.
20260530 002620.526 INFO             PET0 ATM-TO-ESMX_Driver: InitializeP0 intro.
20260530 002620.527 INFO             PET0 ATM-TO-ESMX_Driver: InitializeP0 extro.
20260530 002620.528 INFO             PET0 OCN-TO-ESMX_Driver: InitializeP0 intro.
20260530 002620.528 INFO             PET0 OCN-TO-ESMX_Driver: InitializeP0 extro.
20260530 002620.531 INFO             PET0 ESMX_Driver - Creating connector component ATM-TO-OCN with petList of size 4 :
20260530 002620.531 INFO             PET0       0      1      2      3
20260530 002620.537 INFO             PET0 ESMX_Driver - Setting Verbosity on created component to: low
20260530 002620.537 INFO             PET0 ESMX_Driver - Setting Profiling on created component to:          0
20260530 002620.537 INFO             PET0 ESMX_Driver - Creating connector component OCN-TO-ATM with petList of size 4 :
20260530 002620.537 INFO             PET0       2      3      0      1
20260530 002620.542 INFO             PET0 ESMX_Driver - Setting Verbosity on created component to: low
20260530 002620.543 INFO             PET0 ESMX_Driver - Setting Profiling on created component to:          0
20260530 002620.545 INFO             PET0 ESMX_Driver: IInitAdvertise intro.
20260530 002620.545 INFO             PET0   >>>ESMX_Driver: entered Initialize (phase=<none>) with current time: 2010  6  1  0  0  0   0
20260530 002620.545 INFO             PET0   <<<ESMX_Driver: leaving Initialize (phase=<none>) with current time: 2010  6  1  0  0  0   0
20260530 002620.545 INFO             PET0 ESMX_Driver: IInitAdvertise extro.
20260530 002620.545 INFO             PET0 ATM: InitializeIPDvXp01 intro.
20260530 002620.545 INFO             PET0   >>>ATM: entered Initialize (phase=IPDvXp01) without valid internal Clock.
20260530 002620.548 INFO             PET0   <<<ATM: leaving Initialize (phase=IPDvXp01) without valid internal Clock.
20260530 002620.548 INFO             PET0 ATM: InitializeIPDvXp01 extro.
20260530 002620.551 INFO             PET0 ATM-TO-ESMX_Driver: InitializeIPDv05p1 intro.
20260530 002620.555 INFO             PET0 ATM-TO-ESMX_Driver: InitializeIPDv05p1 extro.
20260530 002620.555 INFO             PET0 ATM-TO-OCN: InitializeIPDv05p1 intro.
20260530 002620.561 INFO             PET0 ATM-TO-OCN: InitializeIPDv05p1 extro.
20260530 002620.561 INFO             PET0 OCN-TO-ESMX_Driver: InitializeIPDv05p1 intro.
20260530 002620.564 INFO             PET0 OCN-TO-ESMX_Driver: InitializeIPDv05p1 extro.
20260530 002620.564 INFO             PET0 OCN-TO-ATM: InitializeIPDv05p1 intro.
20260530 002620.568 INFO             PET0 OCN-TO-ATM: InitializeIPDv05p1 extro.
20260530 002620.568 INFO             PET0 ESMX_Driver-TO-ATM: InitializeIPDv05p1 intro.
20260530 002620.570 INFO             PET0 ESMX_Driver-TO-ATM: InitializeIPDv05p1 extro.
20260530 002620.570 INFO             PET0 ESMX_Driver-TO-OCN: InitializeIPDv05p1 intro.
20260530 002620.574 INFO             PET0 ESMX_Driver-TO-OCN: InitializeIPDv05p1 extro.
20260530 002620.575 INFO             PET0 ESMX_Driver: IInitAdvertiseFinish intro.
20260530 002620.575 INFO             PET0   >>>ESMX_Driver: entered Initialize (phase=<none>) with current time: 2010  6  1  0  0  0   0
20260530 002620.575 INFO             PET0   <<<ESMX_Driver: leaving Initialize (phase=<none>) with current time: 2010  6  1  0  0  0   0
20260530 002620.575 INFO             PET0 ESMX_Driver: IInitAdvertiseFinish extro.
20260530 002620.575 INFO             PET0 ATM-TO-ESMX_Driver: InitializeIPDv05p2a intro.
20260530 002620.578 INFO             PET0 ATM-TO-ESMX_Driver: InitializeIPDv05p2a extro.
20260530 002620.578 INFO             PET0 ATM-TO-OCN: InitializeIPDv05p2a intro.
20260530 002620.585 INFO             PET0 ATM-TO-OCN: InitializeIPDv05p2a extro.
20260530 002620.585 INFO             PET0 OCN-TO-ESMX_Driver: InitializeIPDv05p2a intro.
20260530 002620.588 INFO             PET0 OCN-TO-ESMX_Driver: InitializeIPDv05p2a extro.
20260530 002620.588 INFO             PET0 OCN-TO-ATM: InitializeIPDv05p2a intro.
20260530 002620.592 INFO             PET0 OCN-TO-ATM: InitializeIPDv05p2a extro.
20260530 002620.592 INFO             PET0 ESMX_Driver-TO-ATM: InitializeIPDv05p2a intro.
20260530 002620.594 INFO             PET0 ESMX_Driver-TO-ATM: InitializeIPDv05p2a extro.
20260530 002620.595 INFO             PET0 ESMX_Driver-TO-OCN: InitializeIPDv05p2a intro.
20260530 002620.599 INFO             PET0 ESMX_Driver-TO-OCN: InitializeIPDv05p2a extro.
20260530 002620.599 INFO             PET0 ATM-TO-ESMX_Driver: InitializeIPDv05p2b intro.
20260530 002620.602 INFO             PET0 ATM-TO-ESMX_Driver: InitializeIPDv05p2b extro.
20260530 002620.602 INFO             PET0 ATM-TO-OCN: InitializeIPDv05p2b intro.
20260530 002620.609 INFO             PET0 ATM-TO-OCN: InitializeIPDv05p2b extro.
20260530 002620.609 INFO             PET0 OCN-TO-ESMX_Driver: InitializeIPDv05p2b intro.
20260530 002620.612 INFO             PET0 OCN-TO-ESMX_Driver: InitializeIPDv05p2b extro.
20260530 002620.612 INFO             PET0 OCN-TO-ATM: InitializeIPDv05p2b intro.
20260530 002620.616 INFO             PET0 OCN-TO-ATM: InitializeIPDv05p2b extro.
20260530 002620.616 INFO             PET0 ESMX_Driver-TO-ATM: InitializeIPDv05p2b intro.
20260530 002620.618 INFO             PET0 ESMX_Driver-TO-ATM: InitializeIPDv05p2b extro.
20260530 002620.618 INFO             PET0 ESMX_Driver-TO-OCN: InitializeIPDv05p2b intro.
20260530 002620.622 INFO             PET0 ESMX_Driver-TO-OCN: InitializeIPDv05p2b extro.
20260530 002620.622 INFO             PET0 ESMX_Driver: IInitModifyCplLists intro.
20260530 002620.622 INFO             PET0   >>>ESMX_Driver: entered Initialize (phase=<none>) with current time: 2010  6  1  0  0  0   0
20260530 002620.623 INFO             PET0   <<<ESMX_Driver: leaving Initialize (phase=<none>) with current time: 2010  6  1  0  0  0   0
20260530 002620.624 INFO             PET0 ESMX_Driver: IInitModifyCplLists extro.
20260530 002620.624 INFO             PET0 ATM-TO-ESMX_Driver: InitializeIPDv05p3 intro.
20260530 002620.628 INFO             PET0 ATM-TO-ESMX_Driver: InitializeIPDv05p3 extro.
20260530 002620.628 INFO             PET0 ATM-TO-OCN: InitializeIPDv05p3 intro.
20260530 002620.634 INFO             PET0 ATM-TO-OCN: InitializeIPDv05p3 extro.
20260530 002620.634 INFO             PET0 OCN-TO-ESMX_Driver: InitializeIPDv05p3 intro.
20260530 002620.638 INFO             PET0 OCN-TO-ESMX_Driver: InitializeIPDv05p3 extro.
20260530 002620.638 INFO             PET0 OCN-TO-ATM: InitializeIPDv05p3 intro.
20260530 002620.642 INFO             PET0 OCN-TO-ATM: InitializeIPDv05p3 extro.
20260530 002620.642 INFO             PET0 ESMX_Driver-TO-ATM: InitializeIPDv05p3 intro.
20260530 002620.644 INFO             PET0 ESMX_Driver-TO-ATM: InitializeIPDv05p3 extro.
20260530 002620.645 INFO             PET0 ESMX_Driver-TO-OCN: InitializeIPDv05p3 intro.
20260530 002620.649 INFO             PET0 ESMX_Driver-TO-OCN: InitializeIPDv05p3 extro.
20260530 002620.650 INFO             PET0 ESMX_Driver: InitializeIPDv02p3 intro.
20260530 002620.650 INFO             PET0   >>>ESMX_Driver: entered Initialize (phase=ExternalRealize) with current time: 2010  6  1  0  0  0   0
20260530 002620.650 INFO             PET0   ESMX_Driver: IInitCheck intro.
20260530 002620.650 INFO             PET0     >>>ESMX_Driver: entered Initialize (phase=<none>) with current time: 2010  6  1  0  0  0   0
20260530 002620.651 INFO             PET0     <<<ESMX_Driver: leaving Initialize (phase=<none>) with current time: 2010  6  1  0  0  0   0
20260530 002620.651 INFO             PET0   ESMX_Driver: IInitCheck extro.
20260530 002620.651 INFO             PET0   ATM: InitializeIPDvXp04 intro.
20260530 002620.651 INFO             PET0     >>>ATM: entered Initialize (phase=IPDvXp04) without valid internal Clock.
20260530 002620.700 INFO             PET0     <<<ATM: leaving Initialize (phase=IPDvXp04) without valid internal Clock.
20260530 002620.700 INFO             PET0   ATM: InitializeIPDvXp04 extro.
20260530 002620.736 INFO             PET0   ATM-TO-ESMX_Driver: InitializeIPDv05p4 intro.
20260530 002620.743 INFO             PET0   ATM-TO-ESMX_Driver: InitializeIPDv05p4 extro.
20260530 002620.744 INFO             PET0   ATM-TO-OCN: InitializeIPDv05p4 intro.
20260530 002620.757 INFO             PET0   ATM-TO-OCN: InitializeIPDv05p4 extro.
20260530 002620.757 INFO             PET0   OCN-TO-ESMX_Driver: InitializeIPDv05p4 intro.
20260530 002620.764 INFO             PET0   OCN-TO-ESMX_Driver: InitializeIPDv05p4 extro.
20260530 002620.764 INFO             PET0   OCN-TO-ATM: InitializeIPDv05p4 intro.
20260530 002620.772 INFO             PET0   OCN-TO-ATM: InitializeIPDv05p4 extro.
20260530 002620.772 INFO             PET0   ESMX_Driver-TO-ATM: InitializeIPDv05p4 intro.
20260530 002620.776 INFO             PET0   ESMX_Driver-TO-ATM: InitializeIPDv05p4 extro.
20260530 002620.777 INFO             PET0   ESMX_Driver-TO-OCN: InitializeIPDv05p4 intro.
20260530 002620.784 INFO             PET0   ESMX_Driver-TO-OCN: InitializeIPDv05p4 extro.
20260530 002620.784 INFO             PET0   ATM-TO-ESMX_Driver: InitializeIPDv05p5 intro.
20260530 002620.814 INFO             PET0   ATM-TO-ESMX_Driver: InitializeIPDv05p5 extro.
20260530 002620.814 INFO             PET0   ATM-TO-OCN: InitializeIPDv05p5 intro.
20260530 002620.828 INFO             PET0   ATM-TO-OCN: InitializeIPDv05p5 extro.
20260530 002620.828 INFO             PET0   OCN-TO-ESMX_Driver: InitializeIPDv05p5 intro.
20260530 002620.870 INFO             PET0   OCN-TO-ESMX_Driver: InitializeIPDv05p5 extro.
20260530 002620.871 INFO             PET0   OCN-TO-ATM: InitializeIPDv05p5 intro.
20260530 002620.881 INFO             PET0   OCN-TO-ATM: InitializeIPDv05p5 extro.
20260530 002620.881 INFO             PET0   ESMX_Driver-TO-ATM: InitializeIPDv05p5 intro.
20260530 002620.885 INFO             PET0   ESMX_Driver-TO-ATM: InitializeIPDv05p5 extro.
20260530 002620.885 INFO             PET0   ESMX_Driver-TO-OCN: InitializeIPDv05p5 intro.
20260530 002620.893 INFO             PET0   ESMX_Driver-TO-OCN: InitializeIPDv05p5 extro.
20260530 002620.893 INFO             PET0   ESMX_Driver: IInitRealize intro.
20260530 002620.893 INFO             PET0     >>>ESMX_Driver: entered Initialize (phase=<none>) with current time: 2010  6  1  0  0  0   0
20260530 002620.894 INFO             PET0     <<<ESMX_Driver: leaving Initialize (phase=<none>) with current time: 2010  6  1  0  0  0   0
20260530 002620.894 INFO             PET0   ESMX_Driver: IInitRealize extro.
20260530 002620.894 INFO             PET0   ATM-TO-ESMX_Driver: InitializeIPDv05p6a intro.
20260530 002620.901 INFO             PET0   ATM-TO-ESMX_Driver: InitializeIPDv05p6a extro.
20260530 002620.901 INFO             PET0   ATM-TO-OCN: InitializeIPDv05p6a intro.
20260530 002620.912 INFO             PET0   ATM-TO-OCN: InitializeIPDv05p6a extro.
20260530 002620.913 INFO             PET0   OCN-TO-ESMX_Driver: InitializeIPDv05p6a intro.
20260530 002620.919 INFO             PET0   OCN-TO-ESMX_Driver: InitializeIPDv05p6a extro.
20260530 002620.919 INFO             PET0   OCN-TO-ATM: InitializeIPDv05p6a intro.
20260530 002620.926 INFO             PET0   OCN-TO-ATM: InitializeIPDv05p6a extro.
20260530 002620.926 INFO             PET0   ESMX_Driver-TO-ATM: InitializeIPDv05p6a intro.
20260530 002620.930 INFO             PET0   ESMX_Driver-TO-ATM: InitializeIPDv05p6a extro.
20260530 002620.930 INFO             PET0   ESMX_Driver-TO-OCN: InitializeIPDv05p6a intro.
20260530 002620.938 INFO             PET0   ESMX_Driver-TO-OCN: InitializeIPDv05p6a extro.
20260530 002620.938 INFO             PET0   ATM-TO-ESMX_Driver: InitializeIPDv05p6b intro.
20260530 002620.948 INFO             PET0   ATM-TO-ESMX_Driver: InitializeIPDv05p6b extro.
20260530 002620.948 INFO             PET0   ATM-TO-OCN: InitializeIPDv05p6b intro.
20260530 002621.153 INFO             PET0   ATM-TO-OCN: InitializeIPDv05p6b extro.
20260530 002621.153 INFO             PET0   OCN-TO-ESMX_Driver: InitializeIPDv05p6b intro.
20260530 002621.168 INFO             PET0   OCN-TO-ESMX_Driver: InitializeIPDv05p6b extro.
20260530 002621.169 INFO             PET0   OCN-TO-ATM: InitializeIPDv05p6b intro.
20260530 002621.337 INFO             PET0   OCN-TO-ATM: InitializeIPDv05p6b extro.
20260530 002621.337 INFO             PET0   ESMX_Driver-TO-ATM: InitializeIPDv05p6b intro.
20260530 002621.337 INFO             PET0   ESMX_Driver-TO-ATM: InitializeIPDv05p6b extro.
20260530 002621.338 INFO             PET0   ESMX_Driver-TO-OCN: InitializeIPDv05p6b intro.
20260530 002621.338 INFO             PET0   ESMX_Driver-TO-OCN: InitializeIPDv05p6b extro.
20260530 002621.338 INFO             PET0   ATM: InitializeIPDvXp07 intro.
20260530 002621.338 INFO             PET0     >>>ATM: entered Initialize (phase=IPDvXp07) without valid internal Clock.
20260530 002621.339 INFO             PET0     <<<ATM: leaving Initialize (phase=IPDvXp07) with current time: 2010  6  1  0  0  0   0
20260530 002621.339 INFO             PET0   ATM: InitializeIPDvXp07 extro.
20260530 002621.339 INFO             PET0   <<<ESMX_Driver: leaving Initialize (phase=ExternalRealize) with current time: 2010  6  1  0  0  0   0
20260530 002621.339 INFO             PET0 ESMX_Driver: InitializeIPDv02p3 extro.
20260530 002621.339 INFO             PET0 ESMX_Driver: InitializeIPDv02p5 intro.
20260530 002621.339 INFO             PET0   >>>ESMX_Driver: entered Initialize (phase=ExternalDataInitialize) with current time: 2010  6  1  0  0  0   0
20260530 002621.339 INFO             PET0   ESMX_Driver: InitializeIPDv02p5Data intro.
20260530 002621.339 INFO             PET0     >>>ESMX_Driver: entered Initialize (phase=ExternalDataInitialize) with current time: 2010  6  1  0  0  0   0
20260530 002621.340 INFO             PET0     ESMX_Driver: InternalInitializeComplete intro.
20260530 002621.340 INFO             PET0       >>>ESMX_Driver: entered Initialize (phase=<none>) with current time: 2010  6  1  0  0  0   0
20260530 002621.340 INFO             PET0       <<<ESMX_Driver: leaving Initialize (phase=<none>) with current time: 2010  6  1  0  0  0   0
20260530 002621.340 INFO             PET0     ESMX_Driver: InternalInitializeComplete extro.
20260530 002621.340 INFO             PET0     ATM: InitializeIPDv01p5 intro.
20260530 002621.340 INFO             PET0       >>>ATM: entered Initialize (phase=IPDvXp08) with current time: 2010  6  1  0  0  0   0
20260530 002621.340 INFO             PET0       <<<ATM: leaving Initialize (phase=IPDvXp08) with current time: 2010  6  1  0  0  0   0
20260530 002621.340 INFO             PET0     ATM: InitializeIPDv01p5 extro.
20260530 002621.342 INFO             PET0     ESMX_Driver: loopDataDependentInitialize intro.
20260530 002621.342 INFO             PET0       >>>ESMX_Driver: entered Initialize (phase=ExternalDataInitialize) with current time: 2010  6  1  0  0  0   0
20260530 002621.342 INFO             PET0       ATM-TO-ESMX_Driver: Run intro.
20260530 002621.342 INFO             PET0         >>>ATM-TO-ESMX_Driver entered Run (phase=RunPhase1)
20260530 002621.343 INFO             PET0         <<<ATM-TO-ESMX_Driver leaving Run (phase=RunPhase1)
20260530 002621.343 INFO             PET0       ATM-TO-ESMX_Driver: Run extro.
20260530 002621.343 INFO             PET0       OCN-TO-ESMX_Driver: Run intro.
20260530 002621.343 INFO             PET0         >>>OCN-TO-ESMX_Driver entered Run (phase=RunPhase1)
20260530 002621.343 INFO             PET0         <<<OCN-TO-ESMX_Driver leaving Run (phase=RunPhase1)
20260530 002621.343 INFO             PET0       OCN-TO-ESMX_Driver: Run extro.
20260530 002621.343 INFO             PET0       ESMX_Driver: InternalInitializeComplete intro.
20260530 002621.343 INFO             PET0         >>>ESMX_Driver: entered Initialize (phase=<none>) with current time: 2010  6  1  0  0  0   0
20260530 002621.344 INFO             PET0         <<<ESMX_Driver: leaving Initialize (phase=<none>) with current time: 2010  6  1  0  0  0   0
20260530 002621.344 INFO             PET0       ESMX_Driver: InternalInitializeComplete extro.
20260530 002621.344 INFO             PET0       <<<ESMX_Driver: leaving Initialize (phase=ExternalDataInitialize) with current time: 2010  6  1  0  0  0   0
20260530 002621.344 INFO             PET0     ESMX_Driver: loopDataDependentInitialize extro.
20260530 002621.344 INFO             PET0     <<<ESMX_Driver: leaving Initialize (phase=ExternalDataInitialize) with current time: 2010  6  1  0  0  0   0
20260530 002621.344 INFO             PET0   ESMX_Driver: InitializeIPDv02p5Data extro.
20260530 002621.344 INFO             PET0   <<<ESMX_Driver: leaving Initialize (phase=ExternalDataInitialize) with current time: 2010  6  1  0  0  0   0
20260530 002621.344 INFO             PET0 ESMX_Driver: InitializeIPDv02p5 extro.
20260530 002621.376 INFO             PET0 ESMX_Driver: Run intro.
20260530 002621.376 INFO             PET0   >>>ESMX_Driver: entered Run (phase=RunPhase1) with current time: 2010  6  1  0  0  0   0
20260530 002621.377 INFO             PET0   ESMX_Driver-TO-ATM: Run intro.
20260530 002621.377 INFO             PET0     >>>ESMX_Driver-TO-ATM entered Run (phase=RunPhase1)
20260530 002621.377 INFO             PET0     <<<ESMX_Driver-TO-ATM leaving Run (phase=RunPhase1)
20260530 002621.377 INFO             PET0   ESMX_Driver-TO-ATM: Run extro.
20260530 002621.377 INFO             PET0   ESMX_Driver-TO-OCN: Run intro.
20260530 002621.377 INFO             PET0     >>>ESMX_Driver-TO-OCN entered Run (phase=RunPhase1)
20260530 002621.377 INFO             PET0     <<<ESMX_Driver-TO-OCN leaving Run (phase=RunPhase1)
20260530 002621.377 INFO             PET0   ESMX_Driver-TO-OCN: Run extro.
20260530 002621.377 INFO             PET0   ATM-TO-OCN: Run intro.
20260530 002621.377 INFO             PET0     >>>ATM-TO-OCN entered Run (phase=RunPhase1)
20260530 002621.378 INFO             PET0     <<<ATM-TO-OCN leaving Run (phase=RunPhase1)
20260530 002621.378 INFO             PET0   ATM-TO-OCN: Run extro.
20260530 002621.379 INFO             PET0   OCN-TO-ATM: Run intro.
20260530 002621.379 INFO             PET0     >>>OCN-TO-ATM entered Run (phase=RunPhase1)
20260530 002621.379 INFO             PET0     <<<OCN-TO-ATM leaving Run (phase=RunPhase1)
20260530 002621.379 INFO             PET0   OCN-TO-ATM: Run extro.
20260530 002621.379 INFO             PET0   ATM: Run intro.
20260530 002621.380 INFO             PET0     >>>ATM: entered Run (phase=RunPhase1) with current time: 2010  6  1  0  0  0   0
20260530 002621.380 INFO             PET0     TAWAS Advance(): --- VMK::log() start -------------------------------------
20260530 002621.380 INFO             PET0     TAWAS Advance(): vm located at: 0x22bf5d0
20260530 002621.380 INFO             PET0     TAWAS Advance(): mpionly=1 threadsflag=0
20260530 002621.380 INFO             PET0     TAWAS Advance(): ssiCount=1 localSsi=0
20260530 002621.380 INFO             PET0     TAWAS Advance(): devCount=0 ssiLocalDevCount=0
20260530 002621.380 INFO             PET0     TAWAS Advance(): petCount=2 ssiLocalPetCount=2
20260530 002621.380 INFO             PET0     TAWAS Advance(): localPet=0 mypthid=23256558512384 ssiLocalPet=0 currentSsiPe=0
20260530 002621.380 INFO             PET0     TAWAS Advance(): Current system level affinity pinning for local PET:
20260530 002621.380 INFO             PET0     TAWAS Advance():  SSIPE=0
20260530 002621.380 INFO             PET0     TAWAS Advance(): Current system level OMP_NUM_THREADS setting for local PET: 1
20260530 002621.380 INFO             PET0     TAWAS Advance(): Current system level OMP_NUM_PROCS setting for local PET: 1
20260530 002621.380 INFO             PET0     TAWAS Advance(): ESMF level logical PET->PE association (but consider system level affinity pinning!):
20260530 002621.380 INFO             PET0     TAWAS Advance(): PET=0 lpid=0 tid=0 pid=0 peCount=1 accCount=0
20260530 002621.380 INFO             PET0     TAWAS Advance():  PE=0 SSI=0 SSIPE=0
20260530 002621.380 INFO             PET0     TAWAS Advance(): PET=1 lpid=1 tid=0 pid=1 peCount=1 accCount=0
20260530 002621.380 INFO             PET0     TAWAS Advance():  PE=1 SSI=0 SSIPE=1
20260530 002621.380 INFO             PET0     TAWAS Advance(): --- VMK::log() end ---------------------------------------
20260530 002621.380 INFO             PET0     thread_num=   0   currentSsiPe=   0   num_threads=   1   max_threads=   1   num_procs=   1
20260530 002621.380 INFO             PET0     ------>Advancing TAWAS from: 2010  6  1  0  0  0   0
20260530 002621.380 INFO             PET0     ---------------------> to: 2010  6  1  0 15  0   0
20260530 002621.380 INFO             PET0     <<<ATM: leaving Run (phase=RunPhase1) with current time: 2010  6  1  0 15  0   0
20260530 002621.380 INFO             PET0   ATM: Run extro.
20260530 002621.380 INFO             PET0   ATM-TO-ESMX_Driver: Run intro.
20260530 002621.380 INFO             PET0     >>>ATM-TO-ESMX_Driver entered Run (phase=RunPhase1)
20260530 002621.381 INFO             PET0     <<<ATM-TO-ESMX_Driver leaving Run (phase=RunPhase1)
20260530 002621.381 INFO             PET0   ATM-TO-ESMX_Driver: Run extro.
20260530 002621.381 INFO             PET0   OCN-TO-ESMX_Driver: Run intro.
20260530 002621.381 INFO             PET0     >>>OCN-TO-ESMX_Driver entered Run (phase=RunPhase1)
20260530 002621.382 INFO             PET0     <<<OCN-TO-ESMX_Driver leaving Run (phase=RunPhase1)
20260530 002621.382 INFO             PET0   OCN-TO-ESMX_Driver: Run extro.
20260530 002621.382 INFO             PET0   <<<ESMX_Driver: leaving Run (phase=RunPhase1) with current time: 2010  6  1  0 15  0   0
20260530 002621.382 INFO             PET0 ESMX_Driver: Run extro.
20260530 002621.386 INFO             PET0 ESMX_Driver: Run intro.
20260530 002621.386 INFO             PET0   >>>ESMX_Driver: entered Run (phase=RunPhase1) with current time: 2010  6  1  0 15  0   0
20260530 002621.386 INFO             PET0   ESMX_Driver-TO-ATM: Run intro.
20260530 002621.386 INFO             PET0     >>>ESMX_Driver-TO-ATM entered Run (phase=RunPhase1)
20260530 002621.386 INFO             PET0     <<<ESMX_Driver-TO-ATM leaving Run (phase=RunPhase1)
20260530 002621.386 INFO             PET0   ESMX_Driver-TO-ATM: Run extro.
20260530 002621.386 INFO             PET0   ESMX_Driver-TO-OCN: Run intro.
20260530 002621.386 INFO             PET0     >>>ESMX_Driver-TO-OCN entered Run (phase=RunPhase1)
20260530 002621.386 INFO             PET0     <<<ESMX_Driver-TO-OCN leaving Run (phase=RunPhase1)
20260530 002621.386 INFO             PET0   ESMX_Driver-TO-OCN: Run extro.
20260530 002621.387 INFO             PET0   ATM-TO-OCN: Run intro.
20260530 002621.387 INFO             PET0     >>>ATM-TO-OCN entered Run (phase=RunPhase1)
20260530 002621.387 INFO             PET0     <<<ATM-TO-OCN leaving Run (phase=RunPhase1)
20260530 002621.387 INFO             PET0   ATM-TO-OCN: Run extro.
20260530 002621.387 INFO             PET0   OCN-TO-ATM: Run intro.
20260530 002621.387 INFO             PET0     >>>OCN-TO-ATM entered Run (phase=RunPhase1)
20260530 002621.388 INFO             PET0     <<<OCN-TO-ATM leaving Run (phase=RunPhase1)
20260530 002621.388 INFO             PET0   OCN-TO-ATM: Run extro.
20260530 002621.388 INFO             PET0   ATM: Run intro.
20260530 002621.388 INFO             PET0     >>>ATM: entered Run (phase=RunPhase1) with current time: 2010  6  1  0 15  0   0
20260530 002621.388 INFO             PET0     TAWAS Advance(): --- VMK::log() start -------------------------------------
20260530 002621.388 INFO             PET0     TAWAS Advance(): vm located at: 0x22bf5d0
20260530 002621.388 INFO             PET0     TAWAS Advance(): mpionly=1 threadsflag=0
20260530 002621.388 INFO             PET0     TAWAS Advance(): ssiCount=1 localSsi=0
20260530 002621.388 INFO             PET0     TAWAS Advance(): devCount=0 ssiLocalDevCount=0
20260530 002621.388 INFO             PET0     TAWAS Advance(): petCount=2 ssiLocalPetCount=2
20260530 002621.388 INFO             PET0     TAWAS Advance(): localPet=0 mypthid=23256558512384 ssiLocalPet=0 currentSsiPe=0
20260530 002621.388 INFO             PET0     TAWAS Advance(): Current system level affinity pinning for local PET:
20260530 002621.388 INFO             PET0     TAWAS Advance():  SSIPE=0
20260530 002621.388 INFO             PET0     TAWAS Advance(): Current system level OMP_NUM_THREADS setting for local PET: 1
20260530 002621.388 INFO             PET0     TAWAS Advance(): Current system level OMP_NUM_PROCS setting for local PET: 1
20260530 002621.388 INFO             PET0     TAWAS Advance(): ESMF level logical PET->PE association (but consider system level affinity pinning!):
20260530 002621.388 INFO             PET0     TAWAS Advance(): PET=0 lpid=0 tid=0 pid=0 peCount=1 accCount=0
20260530 002621.388 INFO             PET0     TAWAS Advance():  PE=0 SSI=0 SSIPE=0
20260530 002621.388 INFO             PET0     TAWAS Advance(): PET=1 lpid=1 tid=0 pid=1 peCount=1 accCount=0
20260530 002621.388 INFO             PET0     TAWAS Advance():  PE=1 SSI=0 SSIPE=1
20260530 002621.388 INFO             PET0     TAWAS Advance(): --- VMK::log() end ---------------------------------------
20260530 002621.388 INFO             PET0     thread_num=   0   currentSsiPe=   0   num_threads=   1   max_threads=   1   num_procs=   1
20260530 002621.388 INFO             PET0     ------>Advancing TAWAS from: 2010  6  1  0 15  0   0
20260530 002621.388 INFO             PET0     ---------------------> to: 2010  6  1  0 30  0   0
20260530 002621.388 INFO             PET0     <<<ATM: leaving Run (phase=RunPhase1) with current time: 2010  6  1  0 30  0   0
20260530 002621.388 INFO             PET0   ATM: Run extro.
20260530 002621.389 INFO             PET0   ATM-TO-ESMX_Driver: Run intro.
20260530 002621.389 INFO             PET0     >>>ATM-TO-ESMX_Driver entered Run (phase=RunPhase1)
20260530 002621.389 INFO             PET0     <<<ATM-TO-ESMX_Driver leaving Run (phase=RunPhase1)
20260530 002621.389 INFO             PET0   ATM-TO-ESMX_Driver: Run extro.
20260530 002621.389 INFO             PET0   OCN-TO-ESMX_Driver: Run intro.
20260530 002621.389 INFO             PET0     >>>OCN-TO-ESMX_Driver entered Run (phase=RunPhase1)
20260530 002621.390 INFO             PET0     <<<OCN-TO-ESMX_Driver leaving Run (phase=RunPhase1)
20260530 002621.390 INFO             PET0   OCN-TO-ESMX_Driver: Run extro.
20260530 002621.390 INFO             PET0   <<<ESMX_Driver: leaving Run (phase=RunPhase1) with current time: 2010  6  1  0 30  0   0
20260530 002621.390 INFO             PET0 ESMX_Driver: Run extro.
20260530 002621.392 INFO             PET0 ESMX_Driver: Run intro.
20260530 002621.393 INFO             PET0   >>>ESMX_Driver: entered Run (phase=RunPhase1) with current time: 2010  6  1  0 30  0   0
20260530 002621.393 INFO             PET0   ESMX_Driver-TO-ATM: Run intro.
20260530 002621.393 INFO             PET0     >>>ESMX_Driver-TO-ATM entered Run (phase=RunPhase1)
20260530 002621.393 INFO             PET0     <<<ESMX_Driver-TO-ATM leaving Run (phase=RunPhase1)
20260530 002621.393 INFO             PET0   ESMX_Driver-TO-ATM: Run extro.
20260530 002621.393 INFO             PET0   ESMX_Driver-TO-OCN: Run intro.
20260530 002621.393 INFO             PET0     >>>ESMX_Driver-TO-OCN entered Run (phase=RunPhase1)
20260530 002621.393 INFO             PET0     <<<ESMX_Driver-TO-OCN leaving Run (phase=RunPhase1)
20260530 002621.393 INFO             PET0   ESMX_Driver-TO-OCN: Run extro.
20260530 002621.393 INFO             PET0   ATM-TO-OCN: Run intro.
20260530 002621.393 INFO             PET0     >>>ATM-TO-OCN entered Run (phase=RunPhase1)
20260530 002621.394 INFO             PET0     <<<ATM-TO-OCN leaving Run (phase=RunPhase1)
20260530 002621.394 INFO             PET0   ATM-TO-OCN: Run extro.
20260530 002621.394 INFO             PET0   OCN-TO-ATM: Run intro.
20260530 002621.394 INFO             PET0     >>>OCN-TO-ATM entered Run (phase=RunPhase1)
20260530 002621.394 INFO             PET0     <<<OCN-TO-ATM leaving Run (phase=RunPhase1)
20260530 002621.394 INFO             PET0   OCN-TO-ATM: Run extro.
20260530 002621.394 INFO             PET0   ATM: Run intro.
20260530 002621.395 INFO             PET0     >>>ATM: entered Run (phase=RunPhase1) with current time: 2010  6  1  0 30  0   0
20260530 002621.395 INFO             PET0     TAWAS Advance(): --- VMK::log() start -------------------------------------
20260530 002621.395 INFO             PET0     TAWAS Advance(): vm located at: 0x22bf5d0
20260530 002621.395 INFO             PET0     TAWAS Advance(): mpionly=1 threadsflag=0
20260530 002621.395 INFO             PET0     TAWAS Advance(): ssiCount=1 localSsi=0
20260530 002621.395 INFO             PET0     TAWAS Advance(): devCount=0 ssiLocalDevCount=0
20260530 002621.395 INFO             PET0     TAWAS Advance(): petCount=2 ssiLocalPetCount=2
20260530 002621.395 INFO             PET0     TAWAS Advance(): localPet=0 mypthid=23256558512384 ssiLocalPet=0 currentSsiPe=0
20260530 002621.395 INFO             PET0     TAWAS Advance(): Current system level affinity pinning for local PET:
20260530 002621.395 INFO             PET0     TAWAS Advance():  SSIPE=0
20260530 002621.395 INFO             PET0     TAWAS Advance(): Current system level OMP_NUM_THREADS setting for local PET: 1
20260530 002621.395 INFO             PET0     TAWAS Advance(): Current system level OMP_NUM_PROCS setting for local PET: 1
20260530 002621.395 INFO             PET0     TAWAS Advance(): ESMF level logical PET->PE association (but consider system level affinity pinning!):
20260530 002621.395 INFO             PET0     TAWAS Advance(): PET=0 lpid=0 tid=0 pid=0 peCount=1 accCount=0
20260530 002621.395 INFO             PET0     TAWAS Advance():  PE=0 SSI=0 SSIPE=0
20260530 002621.395 INFO             PET0     TAWAS Advance(): PET=1 lpid=1 tid=0 pid=1 peCount=1 accCount=0
20260530 002621.395 INFO             PET0     TAWAS Advance():  PE=1 SSI=0 SSIPE=1
20260530 002621.395 INFO             PET0     TAWAS Advance(): --- VMK::log() end ---------------------------------------
20260530 002621.395 INFO             PET0     thread_num=   0   currentSsiPe=   0   num_threads=   1   max_threads=   1   num_procs=   1
20260530 002621.395 INFO             PET0     ------>Advancing TAWAS from: 2010  6  1  0 30  0   0
20260530 002621.395 INFO             PET0     ---------------------> to: 2010  6  1  0 45  0   0
20260530 002621.395 INFO             PET0     <<<ATM: leaving Run (phase=RunPhase1) with current time: 2010  6  1  0 45  0   0
20260530 002621.395 INFO             PET0   ATM: Run extro.
20260530 002621.395 INFO             PET0   ATM-TO-ESMX_Driver: Run intro.
20260530 002621.395 INFO             PET0     >>>ATM-TO-ESMX_Driver entered Run (phase=RunPhase1)
20260530 002621.396 INFO             PET0     <<<ATM-TO-ESMX_Driver leaving Run (phase=RunPhase1)
20260530 002621.396 INFO             PET0   ATM-TO-ESMX_Driver: Run extro.
20260530 002621.396 INFO             PET0   OCN-TO-ESMX_Driver: Run intro.
20260530 002621.396 INFO             PET0     >>>OCN-TO-ESMX_Driver entered Run (phase=RunPhase1)
20260530 002621.397 INFO             PET0     <<<OCN-TO-ESMX_Driver leaving Run (phase=RunPhase1)
20260530 002621.397 INFO             PET0   OCN-TO-ESMX_Driver: Run extro.
20260530 002621.397 INFO             PET0   <<<ESMX_Driver: leaving Run (phase=RunPhase1) with current time: 2010  6  1  0 45  0   0
20260530 002621.397 INFO             PET0 ESMX_Driver: Run extro.
20260530 002621.399 INFO             PET0 ESMX_Driver: Run intro.
20260530 002621.399 INFO             PET0   >>>ESMX_Driver: entered Run (phase=RunPhase1) with current time: 2010  6  1  0 45  0   0
20260530 002621.400 INFO             PET0   ESMX_Driver-TO-ATM: Run intro.
20260530 002621.400 INFO             PET0     >>>ESMX_Driver-TO-ATM entered Run (phase=RunPhase1)
20260530 002621.400 INFO             PET0     <<<ESMX_Driver-TO-ATM leaving Run (phase=RunPhase1)
20260530 002621.400 INFO             PET0   ESMX_Driver-TO-ATM: Run extro.
20260530 002621.400 INFO             PET0   ESMX_Driver-TO-OCN: Run intro.
20260530 002621.400 INFO             PET0     >>>ESMX_Driver-TO-OCN entered Run (phase=RunPhase1)
20260530 002621.400 INFO             PET0     <<<ESMX_Driver-TO-OCN leaving Run (phase=RunPhase1)
20260530 002621.400 INFO             PET0   ESMX_Driver-TO-OCN: Run extro.
20260530 002621.400 INFO             PET0   ATM-TO-OCN: Run intro.
20260530 002621.400 INFO             PET0     >>>ATM-TO-OCN entered Run (phase=RunPhase1)
20260530 002621.400 INFO             PET0     <<<ATM-TO-OCN leaving Run (phase=RunPhase1)
20260530 002621.401 INFO             PET0   ATM-TO-OCN: Run extro.
20260530 002621.401 INFO             PET0   OCN-TO-ATM: Run intro.
20260530 002621.401 INFO             PET0     >>>OCN-TO-ATM entered Run (phase=RunPhase1)
20260530 002621.401 INFO             PET0     <<<OCN-TO-ATM leaving Run (phase=RunPhase1)
20260530 002621.401 INFO             PET0   OCN-TO-ATM: Run extro.
20260530 002621.401 INFO             PET0   ATM: Run intro.
20260530 002621.401 INFO             PET0     >>>ATM: entered Run (phase=RunPhase1) with current time: 2010  6  1  0 45  0   0
20260530 002621.402 INFO             PET0     TAWAS Advance(): --- VMK::log() start -------------------------------------
20260530 002621.402 INFO             PET0     TAWAS Advance(): vm located at: 0x22bf5d0
20260530 002621.402 INFO             PET0     TAWAS Advance(): mpionly=1 threadsflag=0
20260530 002621.402 INFO             PET0     TAWAS Advance(): ssiCount=1 localSsi=0
20260530 002621.402 INFO             PET0     TAWAS Advance(): devCount=0 ssiLocalDevCount=0
20260530 002621.402 INFO             PET0     TAWAS Advance(): petCount=2 ssiLocalPetCount=2
20260530 002621.402 INFO             PET0     TAWAS Advance(): localPet=0 mypthid=23256558512384 ssiLocalPet=0 currentSsiPe=0
20260530 002621.402 INFO             PET0     TAWAS Advance(): Current system level affinity pinning for local PET:
20260530 002621.402 INFO             PET0     TAWAS Advance():  SSIPE=0
20260530 002621.402 INFO             PET0     TAWAS Advance(): Current system level OMP_NUM_THREADS setting for local PET: 1
20260530 002621.402 INFO             PET0     TAWAS Advance(): Current system level OMP_NUM_PROCS setting for local PET: 1
20260530 002621.402 INFO             PET0     TAWAS Advance(): ESMF level logical PET->PE association (but consider system level affinity pinning!):
20260530 002621.402 INFO             PET0     TAWAS Advance(): PET=0 lpid=0 tid=0 pid=0 peCount=1 accCount=0
20260530 002621.402 INFO             PET0     TAWAS Advance():  PE=0 SSI=0 SSIPE=0
20260530 002621.402 INFO             PET0     TAWAS Advance(): PET=1 lpid=1 tid=0 pid=1 peCount=1 accCount=0
20260530 002621.402 INFO             PET0     TAWAS Advance():  PE=1 SSI=0 SSIPE=1
20260530 002621.402 INFO             PET0     TAWAS Advance(): --- VMK::log() end ---------------------------------------
20260530 002621.402 INFO             PET0     thread_num=   0   currentSsiPe=   0   num_threads=   1   max_threads=   1   num_procs=   1
20260530 002621.402 INFO             PET0     ------>Advancing TAWAS from: 2010  6  1  0 45  0   0
20260530 002621.402 INFO             PET0     ---------------------> to: 2010  6  1  1  0  0   0
20260530 002621.402 INFO             PET0     <<<ATM: leaving Run (phase=RunPhase1) with current time: 2010  6  1  1  0  0   0
20260530 002621.402 INFO             PET0   ATM: Run extro.
20260530 002621.402 INFO             PET0   ATM-TO-ESMX_Driver: Run intro.
20260530 002621.402 INFO             PET0     >>>ATM-TO-ESMX_Driver entered Run (phase=RunPhase1)
20260530 002621.402 INFO             PET0     <<<ATM-TO-ESMX_Driver leaving Run (phase=RunPhase1)
20260530 002621.402 INFO             PET0   ATM-TO-ESMX_Driver: Run extro.
20260530 002621.403 INFO             PET0   OCN-TO-ESMX_Driver: Run intro.
20260530 002621.403 INFO             PET0     >>>OCN-TO-ESMX_Driver entered Run (phase=RunPhase1)
20260530 002621.403 INFO             PET0     <<<OCN-TO-ESMX_Driver leaving Run (phase=RunPhase1)
20260530 002621.403 INFO             PET0   OCN-TO-ESMX_Driver: Run extro.
20260530 002621.403 INFO             PET0   <<<ESMX_Driver: leaving Run (phase=RunPhase1) with current time: 2010  6  1  1  0  0   0
20260530 002621.403 INFO             PET0 ESMX_Driver: Run extro.
20260530 002621.406 INFO             PET0 ESMX_Driver: Finalize intro.
20260530 002621.406 INFO             PET0   >>>ESMX_Driver: entered Finalize (phase=FinalizePhase1) with current time: 2010  6  1  1  0  0   0
20260530 002621.406 INFO             PET0   Calling Finalize phase 1 for connectorComp: ESMX_Driver-TO-ATM
20260530 002621.406 INFO             PET0   ESMX_Driver-TO-ATM: Finalize intro.
20260530 002621.407 INFO             PET0   ESMX_Driver-TO-ATM: Finalize extro.
20260530 002621.407 INFO             PET0   Calling Finalize phase 1 for connectorComp: ESMX_Driver-TO-OCN
20260530 002621.407 INFO             PET0   ESMX_Driver-TO-OCN: Finalize intro.
20260530 002621.407 INFO             PET0   ESMX_Driver-TO-OCN: Finalize extro.
20260530 002621.407 INFO             PET0   Calling Finalize phase 1 for connectorComp: ATM-TO-ESMX_Driver
20260530 002621.407 INFO             PET0   ATM-TO-ESMX_Driver: Finalize intro.
20260530 002621.407 INFO             PET0   ATM-TO-ESMX_Driver: Finalize extro.
20260530 002621.407 INFO             PET0   Calling Finalize phase 1 for connectorComp: ATM-TO-OCN
20260530 002621.407 INFO             PET0   ATM-TO-OCN: Finalize intro.
20260530 002621.407 INFO             PET0   ATM-TO-OCN: Finalize extro.
20260530 002621.408 INFO             PET0   Calling Finalize phase 1 for connectorComp: OCN-TO-ESMX_Driver
20260530 002621.408 INFO             PET0   OCN-TO-ESMX_Driver: Finalize intro.
20260530 002621.408 INFO             PET0   OCN-TO-ESMX_Driver: Finalize extro.
20260530 002621.408 INFO             PET0   Calling Finalize phase 1 for connectorComp: OCN-TO-ATM
20260530 002621.408 INFO             PET0   OCN-TO-ATM: Finalize intro.
20260530 002621.408 INFO             PET0   OCN-TO-ATM: Finalize extro.
20260530 002621.408 INFO             PET0   Calling Finalize phase 1 for modelComp: ATM
20260530 002621.408 INFO             PET0   ATM: Finalize intro.
20260530 002621.408 INFO             PET0     >>>ATM: entered Finalize (phase=FinalizePhase1) with current time: 2010  6  1  1  0  0   0
20260530 002621.408 INFO             PET0     <<<ATM: leaving Finalize (phase=FinalizePhase1) with current time: 2010  6  1  1  0  0   0
20260530 002621.408 INFO             PET0   ATM: Finalize extro.
20260530 002621.408 INFO             PET0   Calling Finalize phase 1 for modelComp: OCN
20260530 002621.408 INFO             PET0   Delete modelComp: ATM
20260530 002621.409 INFO             PET0   Delete modelComp: OCN
20260530 002621.409 INFO             PET0   Delete connectorComp: ESMX_Driver-TO-ATM
20260530 002621.409 INFO             PET0   Delete connectorComp: ESMX_Driver-TO-OCN
20260530 002621.409 INFO             PET0   Delete connectorComp: ATM-TO-ESMX_Driver
20260530 002621.409 INFO             PET0   Delete connectorComp: OCN-TO-ESMX_Driver
20260530 002621.409 INFO             PET0   Delete connectorComp: ATM-TO-OCN
20260530 002621.409 INFO             PET0   Delete connectorComp: OCN-TO-ATM
20260530 002621.409 INFO             PET0   <<<ESMX_Driver: leaving Finalize (phase=FinalizePhase1) with current time: 2010  6  1  1  0  0   0
20260530 002621.409 INFO             PET0 ESMX_Driver: Finalize extro.
20260530 002621.409 INFO             PET0 externalApp FINISHED
20260530 002621.409 INFO             PET0  Finalizing ESMF
20260530 002620.467 INFO             PET1 !!!!!!!!!!!!!!!!!!!!!!!!!!!!!!!!!!!!!!!!!!!!!!!!!!!!!!
20260530 002620.467 INFO             PET1 !!! THE ESMF_LOG IS SET TO OUTPUT ALL LOG MESSAGES !!!
20260530 002620.467 INFO             PET1 !!!     THIS MAY CAUSE SLOWDOWN IN PERFORMANCE     !!!
20260530 002620.467 INFO             PET1 !!! FOR PRODUCTION RUNS, USE:                      !!!
20260530 002620.467 INFO             PET1 !!!                   ESMF_LOGKIND_Multi_On_Error  !!!
20260530 002620.467 INFO             PET1 !!!!!!!!!!!!!!!!!!!!!!!!!!!!!!!!!!!!!!!!!!!!!!!!!!!!!!
20260530 002620.467 INFO             PET1 Running with ESMF Version   : develop+gf183dd1f0b
20260530 002620.467 INFO             PET1 ESMF library build date/time: "May 29 2026" "22:44:33"
20260530 002620.467 INFO             PET1 ESMF library build location : /discover/nobackup/projects/gmao/SIteam/ESMF_Testing/gfortran_14.2.0_openmpi_g_develop/esmf
20260530 002620.467 INFO             PET1 ESMF_COMM                   : openmpi
20260530 002620.467 INFO             PET1 ESMF_MOAB                   : enabled
20260530 002620.467 INFO             PET1 ESMF_LAPACK                 : enabled
20260530 002620.467 INFO             PET1 ESMF_NETCDF                 : enabled
20260530 002620.467 INFO             PET1 ESMF_PNETCDF                : disabled
20260530 002620.467 INFO             PET1 ESMF_PIO                    : enabled
20260530 002620.467 INFO             PET1 ESMF_YAMLCPP                : enabled
20260530 002620.468 INFO             PET1 externalApp STARTING
20260530 002620.491 INFO             PET1 ESMX_Driver - Creating model component ATM with petList of size 2 :
20260530 002620.491 INFO             PET1       0      1
20260530 002620.491 DEBUG            PET1 Generic SetVM() is executing for: ATM
20260530 002620.491 DEBUG            PET1 Generic SetVM() found no NUOPC Hint for: ATM
20260530 002620.492 DEBUG            PET1 Generic SetVM() therefore is NOT calling ESMF_GridCompSetVMMaxPEs() for: ATM
20260530 002620.497 INFO             PET1 ESMX_Driver - Creating model component OCN with petList of size 2 :
20260530 002620.497 INFO             PET1       2      3
20260530 002620.497 DEBUG            PET1 Generic SetVM() is executing for: OCN
20260530 002620.497 DEBUG            PET1 Generic SetVM() found no NUOPC Hint for: OCN
20260530 002620.497 DEBUG            PET1 Generic SetVM() therefore is NOT calling ESMF_GridCompSetVMMaxPEs() for: OCN
20260530 002620.498 INFO             PET1 ESMX_Driver - Creating connector component ESMX_Driver-TO-ATM without petList.
20260530 002620.506 INFO             PET1 ESMX_Driver - Creating connector component ESMX_Driver-TO-OCN without petList.
20260530 002620.510 INFO             PET1 ESMX_Driver - Creating connector component ATM-TO-ESMX_Driver without petList.
20260530 002620.515 INFO             PET1 ESMX_Driver - Creating connector component OCN-TO-ESMX_Driver without petList.
20260530 002620.521 INFO             PET1 ATM: InitializeP0 intro.
20260530 002620.521 INFO             PET1   >>>ATM: entered Initialize (phase=<none>) without valid internal Clock.
20260530 002620.522 INFO             PET1   <<<ATM: leaving Initialize (phase=<none>) without valid internal Clock.
20260530 002620.522 INFO             PET1 ATM: InitializeP0 extro.
20260530 002620.524 INFO             PET1 ESMX_Driver-TO-ATM: InitializeP0 intro.
20260530 002620.525 INFO             PET1 ESMX_Driver-TO-ATM: InitializeP0 extro.
20260530 002620.526 INFO             PET1 ESMX_Driver-TO-OCN: InitializeP0 intro.
20260530 002620.526 INFO             PET1 ESMX_Driver-TO-OCN: InitializeP0 extro.
20260530 002620.527 INFO             PET1 ATM-TO-ESMX_Driver: InitializeP0 intro.
20260530 002620.527 INFO             PET1 ATM-TO-ESMX_Driver: InitializeP0 extro.
20260530 002620.528 INFO             PET1 OCN-TO-ESMX_Driver: InitializeP0 intro.
20260530 002620.528 INFO             PET1 OCN-TO-ESMX_Driver: InitializeP0 extro.
20260530 002620.531 INFO             PET1 ESMX_Driver - Creating connector component ATM-TO-OCN with petList of size 4 :
20260530 002620.531 INFO             PET1       0      1      2      3
20260530 002620.537 INFO             PET1 ESMX_Driver - Setting Verbosity on created component to: low
20260530 002620.537 INFO             PET1 ESMX_Driver - Setting Profiling on created component to:          0
20260530 002620.537 INFO             PET1 ESMX_Driver - Creating connector component OCN-TO-ATM with petList of size 4 :
20260530 002620.537 INFO             PET1       2      3      0      1
20260530 002620.542 INFO             PET1 ESMX_Driver - Setting Verbosity on created component to: low
20260530 002620.543 INFO             PET1 ESMX_Driver - Setting Profiling on created component to:          0
20260530 002620.545 INFO             PET1 ESMX_Driver: IInitAdvertise intro.
20260530 002620.545 INFO             PET1   >>>ESMX_Driver: entered Initialize (phase=<none>) with current time: 2010  6  1  0  0  0   0
20260530 002620.545 INFO             PET1   <<<ESMX_Driver: leaving Initialize (phase=<none>) with current time: 2010  6  1  0  0  0   0
20260530 002620.545 INFO             PET1 ESMX_Driver: IInitAdvertise extro.
20260530 002620.545 INFO             PET1 ATM: InitializeIPDvXp01 intro.
20260530 002620.545 INFO             PET1   >>>ATM: entered Initialize (phase=IPDvXp01) without valid internal Clock.
20260530 002620.548 INFO             PET1   <<<ATM: leaving Initialize (phase=IPDvXp01) without valid internal Clock.
20260530 002620.548 INFO             PET1 ATM: InitializeIPDvXp01 extro.
20260530 002620.551 INFO             PET1 ATM-TO-ESMX_Driver: InitializeIPDv05p1 intro.
20260530 002620.555 INFO             PET1 ATM-TO-ESMX_Driver: InitializeIPDv05p1 extro.
20260530 002620.555 INFO             PET1 ATM-TO-OCN: InitializeIPDv05p1 intro.
20260530 002620.561 INFO             PET1 ATM-TO-OCN: InitializeIPDv05p1 extro.
20260530 002620.561 INFO             PET1 OCN-TO-ESMX_Driver: InitializeIPDv05p1 intro.
20260530 002620.564 INFO             PET1 OCN-TO-ESMX_Driver: InitializeIPDv05p1 extro.
20260530 002620.564 INFO             PET1 OCN-TO-ATM: InitializeIPDv05p1 intro.
20260530 002620.568 INFO             PET1 OCN-TO-ATM: InitializeIPDv05p1 extro.
20260530 002620.568 INFO             PET1 ESMX_Driver-TO-ATM: InitializeIPDv05p1 intro.
20260530 002620.570 INFO             PET1 ESMX_Driver-TO-ATM: InitializeIPDv05p1 extro.
20260530 002620.570 INFO             PET1 ESMX_Driver-TO-OCN: InitializeIPDv05p1 intro.
20260530 002620.574 INFO             PET1 ESMX_Driver-TO-OCN: InitializeIPDv05p1 extro.
20260530 002620.575 INFO             PET1 ESMX_Driver: IInitAdvertiseFinish intro.
20260530 002620.575 INFO             PET1   >>>ESMX_Driver: entered Initialize (phase=<none>) with current time: 2010  6  1  0  0  0   0
20260530 002620.575 INFO             PET1   <<<ESMX_Driver: leaving Initialize (phase=<none>) with current time: 2010  6  1  0  0  0   0
20260530 002620.575 INFO             PET1 ESMX_Driver: IInitAdvertiseFinish extro.
20260530 002620.575 INFO             PET1 ATM-TO-ESMX_Driver: InitializeIPDv05p2a intro.
20260530 002620.578 INFO             PET1 ATM-TO-ESMX_Driver: InitializeIPDv05p2a extro.
20260530 002620.578 INFO             PET1 ATM-TO-OCN: InitializeIPDv05p2a intro.
20260530 002620.585 INFO             PET1 ATM-TO-OCN: InitializeIPDv05p2a extro.
20260530 002620.585 INFO             PET1 OCN-TO-ESMX_Driver: InitializeIPDv05p2a intro.
20260530 002620.588 INFO             PET1 OCN-TO-ESMX_Driver: InitializeIPDv05p2a extro.
20260530 002620.588 INFO             PET1 OCN-TO-ATM: InitializeIPDv05p2a intro.
20260530 002620.592 INFO             PET1 OCN-TO-ATM: InitializeIPDv05p2a extro.
20260530 002620.592 INFO             PET1 ESMX_Driver-TO-ATM: InitializeIPDv05p2a intro.
20260530 002620.595 INFO             PET1 ESMX_Driver-TO-ATM: InitializeIPDv05p2a extro.
20260530 002620.595 INFO             PET1 ESMX_Driver-TO-OCN: InitializeIPDv05p2a intro.
20260530 002620.599 INFO             PET1 ESMX_Driver-TO-OCN: InitializeIPDv05p2a extro.
20260530 002620.599 INFO             PET1 ATM-TO-ESMX_Driver: InitializeIPDv05p2b intro.
20260530 002620.602 INFO             PET1 ATM-TO-ESMX_Driver: InitializeIPDv05p2b extro.
20260530 002620.602 INFO             PET1 ATM-TO-OCN: InitializeIPDv05p2b intro.
20260530 002620.609 INFO             PET1 ATM-TO-OCN: InitializeIPDv05p2b extro.
20260530 002620.609 INFO             PET1 OCN-TO-ESMX_Driver: InitializeIPDv05p2b intro.
20260530 002620.612 INFO             PET1 OCN-TO-ESMX_Driver: InitializeIPDv05p2b extro.
20260530 002620.612 INFO             PET1 OCN-TO-ATM: InitializeIPDv05p2b intro.
20260530 002620.616 INFO             PET1 OCN-TO-ATM: InitializeIPDv05p2b extro.
20260530 002620.616 INFO             PET1 ESMX_Driver-TO-ATM: InitializeIPDv05p2b intro.
20260530 002620.618 INFO             PET1 ESMX_Driver-TO-ATM: InitializeIPDv05p2b extro.
20260530 002620.618 INFO             PET1 ESMX_Driver-TO-OCN: InitializeIPDv05p2b intro.
20260530 002620.622 INFO             PET1 ESMX_Driver-TO-OCN: InitializeIPDv05p2b extro.
20260530 002620.622 INFO             PET1 ESMX_Driver: IInitModifyCplLists intro.
20260530 002620.622 INFO             PET1   >>>ESMX_Driver: entered Initialize (phase=<none>) with current time: 2010  6  1  0  0  0   0
20260530 002620.624 INFO             PET1   <<<ESMX_Driver: leaving Initialize (phase=<none>) with current time: 2010  6  1  0  0  0   0
20260530 002620.624 INFO             PET1 ESMX_Driver: IInitModifyCplLists extro.
20260530 002620.624 INFO             PET1 ATM-TO-ESMX_Driver: InitializeIPDv05p3 intro.
20260530 002620.628 INFO             PET1 ATM-TO-ESMX_Driver: InitializeIPDv05p3 extro.
20260530 002620.628 INFO             PET1 ATM-TO-OCN: InitializeIPDv05p3 intro.
20260530 002620.634 INFO             PET1 ATM-TO-OCN: InitializeIPDv05p3 extro.
20260530 002620.634 INFO             PET1 OCN-TO-ESMX_Driver: InitializeIPDv05p3 intro.
20260530 002620.638 INFO             PET1 OCN-TO-ESMX_Driver: InitializeIPDv05p3 extro.
20260530 002620.638 INFO             PET1 OCN-TO-ATM: InitializeIPDv05p3 intro.
20260530 002620.642 INFO             PET1 OCN-TO-ATM: InitializeIPDv05p3 extro.
20260530 002620.642 INFO             PET1 ESMX_Driver-TO-ATM: InitializeIPDv05p3 intro.
20260530 002620.644 INFO             PET1 ESMX_Driver-TO-ATM: InitializeIPDv05p3 extro.
20260530 002620.645 INFO             PET1 ESMX_Driver-TO-OCN: InitializeIPDv05p3 intro.
20260530 002620.649 INFO             PET1 ESMX_Driver-TO-OCN: InitializeIPDv05p3 extro.
20260530 002620.650 INFO             PET1 ESMX_Driver: InitializeIPDv02p3 intro.
20260530 002620.650 INFO             PET1   >>>ESMX_Driver: entered Initialize (phase=ExternalRealize) with current time: 2010  6  1  0  0  0   0
20260530 002620.650 INFO             PET1   ESMX_Driver: IInitCheck intro.
20260530 002620.650 INFO             PET1     >>>ESMX_Driver: entered Initialize (phase=<none>) with current time: 2010  6  1  0  0  0   0
20260530 002620.651 INFO             PET1     <<<ESMX_Driver: leaving Initialize (phase=<none>) with current time: 2010  6  1  0  0  0   0
20260530 002620.651 INFO             PET1   ESMX_Driver: IInitCheck extro.
20260530 002620.651 INFO             PET1   ATM: InitializeIPDvXp04 intro.
20260530 002620.651 INFO             PET1     >>>ATM: entered Initialize (phase=IPDvXp04) without valid internal Clock.
20260530 002620.700 INFO             PET1     <<<ATM: leaving Initialize (phase=IPDvXp04) without valid internal Clock.
20260530 002620.700 INFO             PET1   ATM: InitializeIPDvXp04 extro.
20260530 002620.736 INFO             PET1   ATM-TO-ESMX_Driver: InitializeIPDv05p4 intro.
20260530 002620.743 INFO             PET1   ATM-TO-ESMX_Driver: InitializeIPDv05p4 extro.
20260530 002620.744 INFO             PET1   ATM-TO-OCN: InitializeIPDv05p4 intro.
20260530 002620.757 INFO             PET1   ATM-TO-OCN: InitializeIPDv05p4 extro.
20260530 002620.757 INFO             PET1   OCN-TO-ESMX_Driver: InitializeIPDv05p4 intro.
20260530 002620.764 INFO             PET1   OCN-TO-ESMX_Driver: InitializeIPDv05p4 extro.
20260530 002620.764 INFO             PET1   OCN-TO-ATM: InitializeIPDv05p4 intro.
20260530 002620.772 INFO             PET1   OCN-TO-ATM: InitializeIPDv05p4 extro.
20260530 002620.772 INFO             PET1   ESMX_Driver-TO-ATM: InitializeIPDv05p4 intro.
20260530 002620.776 INFO             PET1   ESMX_Driver-TO-ATM: InitializeIPDv05p4 extro.
20260530 002620.777 INFO             PET1   ESMX_Driver-TO-OCN: InitializeIPDv05p4 intro.
20260530 002620.784 INFO             PET1   ESMX_Driver-TO-OCN: InitializeIPDv05p4 extro.
20260530 002620.784 INFO             PET1   ATM-TO-ESMX_Driver: InitializeIPDv05p5 intro.
20260530 002620.814 INFO             PET1   ATM-TO-ESMX_Driver: InitializeIPDv05p5 extro.
20260530 002620.814 INFO             PET1   ATM-TO-OCN: InitializeIPDv05p5 intro.
20260530 002620.828 INFO             PET1   ATM-TO-OCN: InitializeIPDv05p5 extro.
20260530 002620.828 INFO             PET1   OCN-TO-ESMX_Driver: InitializeIPDv05p5 intro.
20260530 002620.870 INFO             PET1   OCN-TO-ESMX_Driver: InitializeIPDv05p5 extro.
20260530 002620.871 INFO             PET1   OCN-TO-ATM: InitializeIPDv05p5 intro.
20260530 002620.879 INFO             PET1   OCN-TO-ATM: InitializeIPDv05p5 extro.
20260530 002620.879 INFO             PET1   ESMX_Driver-TO-ATM: InitializeIPDv05p5 intro.
20260530 002620.885 INFO             PET1   ESMX_Driver-TO-ATM: InitializeIPDv05p5 extro.
20260530 002620.885 INFO             PET1   ESMX_Driver-TO-OCN: InitializeIPDv05p5 intro.
20260530 002620.893 INFO             PET1   ESMX_Driver-TO-OCN: InitializeIPDv05p5 extro.
20260530 002620.894 INFO             PET1   ESMX_Driver: IInitRealize intro.
20260530 002620.894 INFO             PET1     >>>ESMX_Driver: entered Initialize (phase=<none>) with current time: 2010  6  1  0  0  0   0
20260530 002620.895 INFO             PET1     <<<ESMX_Driver: leaving Initialize (phase=<none>) with current time: 2010  6  1  0  0  0   0
20260530 002620.895 INFO             PET1   ESMX_Driver: IInitRealize extro.
20260530 002620.895 INFO             PET1   ATM-TO-ESMX_Driver: InitializeIPDv05p6a intro.
20260530 002620.901 INFO             PET1   ATM-TO-ESMX_Driver: InitializeIPDv05p6a extro.
20260530 002620.901 INFO             PET1   ATM-TO-OCN: InitializeIPDv05p6a intro.
20260530 002620.912 INFO             PET1   ATM-TO-OCN: InitializeIPDv05p6a extro.
20260530 002620.913 INFO             PET1   OCN-TO-ESMX_Driver: InitializeIPDv05p6a intro.
20260530 002620.919 INFO             PET1   OCN-TO-ESMX_Driver: InitializeIPDv05p6a extro.
20260530 002620.919 INFO             PET1   OCN-TO-ATM: InitializeIPDv05p6a intro.
20260530 002620.926 INFO             PET1   OCN-TO-ATM: InitializeIPDv05p6a extro.
20260530 002620.926 INFO             PET1   ESMX_Driver-TO-ATM: InitializeIPDv05p6a intro.
20260530 002620.930 INFO             PET1   ESMX_Driver-TO-ATM: InitializeIPDv05p6a extro.
20260530 002620.930 INFO             PET1   ESMX_Driver-TO-OCN: InitializeIPDv05p6a intro.
20260530 002620.938 INFO             PET1   ESMX_Driver-TO-OCN: InitializeIPDv05p6a extro.
20260530 002620.938 INFO             PET1   ATM-TO-ESMX_Driver: InitializeIPDv05p6b intro.
20260530 002620.948 INFO             PET1   ATM-TO-ESMX_Driver: InitializeIPDv05p6b extro.
20260530 002620.948 INFO             PET1   ATM-TO-OCN: InitializeIPDv05p6b intro.
20260530 002621.153 INFO             PET1   ATM-TO-OCN: InitializeIPDv05p6b extro.
20260530 002621.153 INFO             PET1   OCN-TO-ESMX_Driver: InitializeIPDv05p6b intro.
20260530 002621.168 INFO             PET1   OCN-TO-ESMX_Driver: InitializeIPDv05p6b extro.
20260530 002621.169 INFO             PET1   OCN-TO-ATM: InitializeIPDv05p6b intro.
20260530 002621.337 INFO             PET1   OCN-TO-ATM: InitializeIPDv05p6b extro.
20260530 002621.337 INFO             PET1   ESMX_Driver-TO-ATM: InitializeIPDv05p6b intro.
20260530 002621.337 INFO             PET1   ESMX_Driver-TO-ATM: InitializeIPDv05p6b extro.
20260530 002621.338 INFO             PET1   ESMX_Driver-TO-OCN: InitializeIPDv05p6b intro.
20260530 002621.338 INFO             PET1   ESMX_Driver-TO-OCN: InitializeIPDv05p6b extro.
20260530 002621.338 INFO             PET1   ATM: InitializeIPDvXp07 intro.
20260530 002621.338 INFO             PET1     >>>ATM: entered Initialize (phase=IPDvXp07) without valid internal Clock.
20260530 002621.339 INFO             PET1     <<<ATM: leaving Initialize (phase=IPDvXp07) with current time: 2010  6  1  0  0  0   0
20260530 002621.339 INFO             PET1   ATM: InitializeIPDvXp07 extro.
20260530 002621.339 INFO             PET1   <<<ESMX_Driver: leaving Initialize (phase=ExternalRealize) with current time: 2010  6  1  0  0  0   0
20260530 002621.339 INFO             PET1 ESMX_Driver: InitializeIPDv02p3 extro.
20260530 002621.339 INFO             PET1 ESMX_Driver: InitializeIPDv02p5 intro.
20260530 002621.339 INFO             PET1   >>>ESMX_Driver: entered Initialize (phase=ExternalDataInitialize) with current time: 2010  6  1  0  0  0   0
20260530 002621.339 INFO             PET1   ESMX_Driver: InitializeIPDv02p5Data intro.
20260530 002621.339 INFO             PET1     >>>ESMX_Driver: entered Initialize (phase=ExternalDataInitialize) with current time: 2010  6  1  0  0  0   0
20260530 002621.340 INFO             PET1     ESMX_Driver: InternalInitializeComplete intro.
20260530 002621.340 INFO             PET1       >>>ESMX_Driver: entered Initialize (phase=<none>) with current time: 2010  6  1  0  0  0   0
20260530 002621.340 INFO             PET1       <<<ESMX_Driver: leaving Initialize (phase=<none>) with current time: 2010  6  1  0  0  0   0
20260530 002621.340 INFO             PET1     ESMX_Driver: InternalInitializeComplete extro.
20260530 002621.340 INFO             PET1     ATM: InitializeIPDv01p5 intro.
20260530 002621.340 INFO             PET1       >>>ATM: entered Initialize (phase=IPDvXp08) with current time: 2010  6  1  0  0  0   0
20260530 002621.340 INFO             PET1       <<<ATM: leaving Initialize (phase=IPDvXp08) with current time: 2010  6  1  0  0  0   0
20260530 002621.340 INFO             PET1     ATM: InitializeIPDv01p5 extro.
20260530 002621.342 INFO             PET1     ESMX_Driver: loopDataDependentInitialize intro.
20260530 002621.342 INFO             PET1       >>>ESMX_Driver: entered Initialize (phase=ExternalDataInitialize) with current time: 2010  6  1  0  0  0   0
20260530 002621.342 INFO             PET1       ATM-TO-ESMX_Driver: Run intro.
20260530 002621.342 INFO             PET1         >>>ATM-TO-ESMX_Driver entered Run (phase=RunPhase1)
20260530 002621.343 INFO             PET1         <<<ATM-TO-ESMX_Driver leaving Run (phase=RunPhase1)
20260530 002621.343 INFO             PET1       ATM-TO-ESMX_Driver: Run extro.
20260530 002621.343 INFO             PET1       OCN-TO-ESMX_Driver: Run intro.
20260530 002621.343 INFO             PET1         >>>OCN-TO-ESMX_Driver entered Run (phase=RunPhase1)
20260530 002621.343 INFO             PET1         <<<OCN-TO-ESMX_Driver leaving Run (phase=RunPhase1)
20260530 002621.343 INFO             PET1       OCN-TO-ESMX_Driver: Run extro.
20260530 002621.343 INFO             PET1       ESMX_Driver: InternalInitializeComplete intro.
20260530 002621.343 INFO             PET1         >>>ESMX_Driver: entered Initialize (phase=<none>) with current time: 2010  6  1  0  0  0   0
20260530 002621.344 INFO             PET1         <<<ESMX_Driver: leaving Initialize (phase=<none>) with current time: 2010  6  1  0  0  0   0
20260530 002621.344 INFO             PET1       ESMX_Driver: InternalInitializeComplete extro.
20260530 002621.344 INFO             PET1       <<<ESMX_Driver: leaving Initialize (phase=ExternalDataInitialize) with current time: 2010  6  1  0  0  0   0
20260530 002621.344 INFO             PET1     ESMX_Driver: loopDataDependentInitialize extro.
20260530 002621.344 INFO             PET1     <<<ESMX_Driver: leaving Initialize (phase=ExternalDataInitialize) with current time: 2010  6  1  0  0  0   0
20260530 002621.344 INFO             PET1   ESMX_Driver: InitializeIPDv02p5Data extro.
20260530 002621.344 INFO             PET1   <<<ESMX_Driver: leaving Initialize (phase=ExternalDataInitialize) with current time: 2010  6  1  0  0  0   0
20260530 002621.344 INFO             PET1 ESMX_Driver: InitializeIPDv02p5 extro.
20260530 002621.376 INFO             PET1 ESMX_Driver: Run intro.
20260530 002621.376 INFO             PET1   >>>ESMX_Driver: entered Run (phase=RunPhase1) with current time: 2010  6  1  0  0  0   0
20260530 002621.377 INFO             PET1   ESMX_Driver-TO-ATM: Run intro.
20260530 002621.377 INFO             PET1     >>>ESMX_Driver-TO-ATM entered Run (phase=RunPhase1)
20260530 002621.377 INFO             PET1     <<<ESMX_Driver-TO-ATM leaving Run (phase=RunPhase1)
20260530 002621.377 INFO             PET1   ESMX_Driver-TO-ATM: Run extro.
20260530 002621.377 INFO             PET1   ESMX_Driver-TO-OCN: Run intro.
20260530 002621.377 INFO             PET1     >>>ESMX_Driver-TO-OCN entered Run (phase=RunPhase1)
20260530 002621.377 INFO             PET1     <<<ESMX_Driver-TO-OCN leaving Run (phase=RunPhase1)
20260530 002621.377 INFO             PET1   ESMX_Driver-TO-OCN: Run extro.
20260530 002621.377 INFO             PET1   ATM-TO-OCN: Run intro.
20260530 002621.377 INFO             PET1     >>>ATM-TO-OCN entered Run (phase=RunPhase1)
20260530 002621.379 INFO             PET1     <<<ATM-TO-OCN leaving Run (phase=RunPhase1)
20260530 002621.379 INFO             PET1   ATM-TO-OCN: Run extro.
20260530 002621.379 INFO             PET1   OCN-TO-ATM: Run intro.
20260530 002621.379 INFO             PET1     >>>OCN-TO-ATM entered Run (phase=RunPhase1)
20260530 002621.380 INFO             PET1     <<<OCN-TO-ATM leaving Run (phase=RunPhase1)
20260530 002621.380 INFO             PET1   OCN-TO-ATM: Run extro.
20260530 002621.380 INFO             PET1   ATM: Run intro.
20260530 002621.381 INFO             PET1     >>>ATM: entered Run (phase=RunPhase1) with current time: 2010  6  1  0  0  0   0
20260530 002621.381 INFO             PET1     TAWAS Advance(): --- VMK::log() start -------------------------------------
20260530 002621.381 INFO             PET1     TAWAS Advance(): vm located at: 0x2999c40
20260530 002621.381 INFO             PET1     TAWAS Advance(): mpionly=1 threadsflag=0
20260530 002621.381 INFO             PET1     TAWAS Advance(): ssiCount=1 localSsi=0
20260530 002621.381 INFO             PET1     TAWAS Advance(): devCount=0 ssiLocalDevCount=0
20260530 002621.381 INFO             PET1     TAWAS Advance(): petCount=2 ssiLocalPetCount=2
20260530 002621.381 INFO             PET1     TAWAS Advance(): localPet=1 mypthid=23383465122048 ssiLocalPet=1 currentSsiPe=1
20260530 002621.381 INFO             PET1     TAWAS Advance(): Current system level affinity pinning for local PET:
20260530 002621.381 INFO             PET1     TAWAS Advance():  SSIPE=1
20260530 002621.381 INFO             PET1     TAWAS Advance(): Current system level OMP_NUM_THREADS setting for local PET: 1
20260530 002621.381 INFO             PET1     TAWAS Advance(): Current system level OMP_NUM_PROCS setting for local PET: 1
20260530 002621.381 INFO             PET1     TAWAS Advance(): ESMF level logical PET->PE association (but consider system level affinity pinning!):
20260530 002621.381 INFO             PET1     TAWAS Advance(): PET=0 lpid=0 tid=0 pid=0 peCount=1 accCount=0
20260530 002621.381 INFO             PET1     TAWAS Advance():  PE=0 SSI=0 SSIPE=0
20260530 002621.381 INFO             PET1     TAWAS Advance(): PET=1 lpid=1 tid=0 pid=1 peCount=1 accCount=0
20260530 002621.381 INFO             PET1     TAWAS Advance():  PE=1 SSI=0 SSIPE=1
20260530 002621.381 INFO             PET1     TAWAS Advance(): --- VMK::log() end ---------------------------------------
20260530 002621.381 INFO             PET1     thread_num=   0   currentSsiPe=   1   num_threads=   1   max_threads=   1   num_procs=   1
20260530 002621.381 INFO             PET1     ------>Advancing TAWAS from: 2010  6  1  0  0  0   0
20260530 002621.381 INFO             PET1     ---------------------> to: 2010  6  1  0 15  0   0
20260530 002621.381 INFO             PET1     <<<ATM: leaving Run (phase=RunPhase1) with current time: 2010  6  1  0 15  0   0
20260530 002621.381 INFO             PET1   ATM: Run extro.
20260530 002621.381 INFO             PET1   ATM-TO-ESMX_Driver: Run intro.
20260530 002621.381 INFO             PET1     >>>ATM-TO-ESMX_Driver entered Run (phase=RunPhase1)
20260530 002621.382 INFO             PET1     <<<ATM-TO-ESMX_Driver leaving Run (phase=RunPhase1)
20260530 002621.382 INFO             PET1   ATM-TO-ESMX_Driver: Run extro.
20260530 002621.382 INFO             PET1   OCN-TO-ESMX_Driver: Run intro.
20260530 002621.382 INFO             PET1     >>>OCN-TO-ESMX_Driver entered Run (phase=RunPhase1)
20260530 002621.383 INFO             PET1     <<<OCN-TO-ESMX_Driver leaving Run (phase=RunPhase1)
20260530 002621.383 INFO             PET1   OCN-TO-ESMX_Driver: Run extro.
20260530 002621.383 INFO             PET1   <<<ESMX_Driver: leaving Run (phase=RunPhase1) with current time: 2010  6  1  0 15  0   0
20260530 002621.383 INFO             PET1 ESMX_Driver: Run extro.
20260530 002621.386 INFO             PET1 ESMX_Driver: Run intro.
20260530 002621.386 INFO             PET1   >>>ESMX_Driver: entered Run (phase=RunPhase1) with current time: 2010  6  1  0 15  0   0
20260530 002621.386 INFO             PET1   ESMX_Driver-TO-ATM: Run intro.
20260530 002621.386 INFO             PET1     >>>ESMX_Driver-TO-ATM entered Run (phase=RunPhase1)
20260530 002621.386 INFO             PET1     <<<ESMX_Driver-TO-ATM leaving Run (phase=RunPhase1)
20260530 002621.386 INFO             PET1   ESMX_Driver-TO-ATM: Run extro.
20260530 002621.386 INFO             PET1   ESMX_Driver-TO-OCN: Run intro.
20260530 002621.386 INFO             PET1     >>>ESMX_Driver-TO-OCN entered Run (phase=RunPhase1)
20260530 002621.386 INFO             PET1     <<<ESMX_Driver-TO-OCN leaving Run (phase=RunPhase1)
20260530 002621.386 INFO             PET1   ESMX_Driver-TO-OCN: Run extro.
20260530 002621.387 INFO             PET1   ATM-TO-OCN: Run intro.
20260530 002621.387 INFO             PET1     >>>ATM-TO-OCN entered Run (phase=RunPhase1)
20260530 002621.387 INFO             PET1     <<<ATM-TO-OCN leaving Run (phase=RunPhase1)
20260530 002621.387 INFO             PET1   ATM-TO-OCN: Run extro.
20260530 002621.387 INFO             PET1   OCN-TO-ATM: Run intro.
20260530 002621.387 INFO             PET1     >>>OCN-TO-ATM entered Run (phase=RunPhase1)
20260530 002621.388 INFO             PET1     <<<OCN-TO-ATM leaving Run (phase=RunPhase1)
20260530 002621.388 INFO             PET1   OCN-TO-ATM: Run extro.
20260530 002621.388 INFO             PET1   ATM: Run intro.
20260530 002621.388 INFO             PET1     >>>ATM: entered Run (phase=RunPhase1) with current time: 2010  6  1  0 15  0   0
20260530 002621.388 INFO             PET1     TAWAS Advance(): --- VMK::log() start -------------------------------------
20260530 002621.388 INFO             PET1     TAWAS Advance(): vm located at: 0x2999c40
20260530 002621.388 INFO             PET1     TAWAS Advance(): mpionly=1 threadsflag=0
20260530 002621.388 INFO             PET1     TAWAS Advance(): ssiCount=1 localSsi=0
20260530 002621.388 INFO             PET1     TAWAS Advance(): devCount=0 ssiLocalDevCount=0
20260530 002621.388 INFO             PET1     TAWAS Advance(): petCount=2 ssiLocalPetCount=2
20260530 002621.388 INFO             PET1     TAWAS Advance(): localPet=1 mypthid=23383465122048 ssiLocalPet=1 currentSsiPe=1
20260530 002621.388 INFO             PET1     TAWAS Advance(): Current system level affinity pinning for local PET:
20260530 002621.388 INFO             PET1     TAWAS Advance():  SSIPE=1
20260530 002621.388 INFO             PET1     TAWAS Advance(): Current system level OMP_NUM_THREADS setting for local PET: 1
20260530 002621.388 INFO             PET1     TAWAS Advance(): Current system level OMP_NUM_PROCS setting for local PET: 1
20260530 002621.388 INFO             PET1     TAWAS Advance(): ESMF level logical PET->PE association (but consider system level affinity pinning!):
20260530 002621.388 INFO             PET1     TAWAS Advance(): PET=0 lpid=0 tid=0 pid=0 peCount=1 accCount=0
20260530 002621.388 INFO             PET1     TAWAS Advance():  PE=0 SSI=0 SSIPE=0
20260530 002621.388 INFO             PET1     TAWAS Advance(): PET=1 lpid=1 tid=0 pid=1 peCount=1 accCount=0
20260530 002621.388 INFO             PET1     TAWAS Advance():  PE=1 SSI=0 SSIPE=1
20260530 002621.388 INFO             PET1     TAWAS Advance(): --- VMK::log() end ---------------------------------------
20260530 002621.388 INFO             PET1     thread_num=   0   currentSsiPe=   1   num_threads=   1   max_threads=   1   num_procs=   1
20260530 002621.388 INFO             PET1     ------>Advancing TAWAS from: 2010  6  1  0 15  0   0
20260530 002621.388 INFO             PET1     ---------------------> to: 2010  6  1  0 30  0   0
20260530 002621.388 INFO             PET1     <<<ATM: leaving Run (phase=RunPhase1) with current time: 2010  6  1  0 30  0   0
20260530 002621.388 INFO             PET1   ATM: Run extro.
20260530 002621.389 INFO             PET1   ATM-TO-ESMX_Driver: Run intro.
20260530 002621.389 INFO             PET1     >>>ATM-TO-ESMX_Driver entered Run (phase=RunPhase1)
20260530 002621.389 INFO             PET1     <<<ATM-TO-ESMX_Driver leaving Run (phase=RunPhase1)
20260530 002621.389 INFO             PET1   ATM-TO-ESMX_Driver: Run extro.
20260530 002621.389 INFO             PET1   OCN-TO-ESMX_Driver: Run intro.
20260530 002621.389 INFO             PET1     >>>OCN-TO-ESMX_Driver entered Run (phase=RunPhase1)
20260530 002621.390 INFO             PET1     <<<OCN-TO-ESMX_Driver leaving Run (phase=RunPhase1)
20260530 002621.390 INFO             PET1   OCN-TO-ESMX_Driver: Run extro.
20260530 002621.390 INFO             PET1   <<<ESMX_Driver: leaving Run (phase=RunPhase1) with current time: 2010  6  1  0 30  0   0
20260530 002621.390 INFO             PET1 ESMX_Driver: Run extro.
20260530 002621.392 INFO             PET1 ESMX_Driver: Run intro.
20260530 002621.393 INFO             PET1   >>>ESMX_Driver: entered Run (phase=RunPhase1) with current time: 2010  6  1  0 30  0   0
20260530 002621.393 INFO             PET1   ESMX_Driver-TO-ATM: Run intro.
20260530 002621.393 INFO             PET1     >>>ESMX_Driver-TO-ATM entered Run (phase=RunPhase1)
20260530 002621.393 INFO             PET1     <<<ESMX_Driver-TO-ATM leaving Run (phase=RunPhase1)
20260530 002621.393 INFO             PET1   ESMX_Driver-TO-ATM: Run extro.
20260530 002621.393 INFO             PET1   ESMX_Driver-TO-OCN: Run intro.
20260530 002621.393 INFO             PET1     >>>ESMX_Driver-TO-OCN entered Run (phase=RunPhase1)
20260530 002621.393 INFO             PET1     <<<ESMX_Driver-TO-OCN leaving Run (phase=RunPhase1)
20260530 002621.393 INFO             PET1   ESMX_Driver-TO-OCN: Run extro.
20260530 002621.393 INFO             PET1   ATM-TO-OCN: Run intro.
20260530 002621.393 INFO             PET1     >>>ATM-TO-OCN entered Run (phase=RunPhase1)
20260530 002621.394 INFO             PET1     <<<ATM-TO-OCN leaving Run (phase=RunPhase1)
20260530 002621.394 INFO             PET1   ATM-TO-OCN: Run extro.
20260530 002621.394 INFO             PET1   OCN-TO-ATM: Run intro.
20260530 002621.394 INFO             PET1     >>>OCN-TO-ATM entered Run (phase=RunPhase1)
20260530 002621.394 INFO             PET1     <<<OCN-TO-ATM leaving Run (phase=RunPhase1)
20260530 002621.394 INFO             PET1   OCN-TO-ATM: Run extro.
20260530 002621.395 INFO             PET1   ATM: Run intro.
20260530 002621.395 INFO             PET1     >>>ATM: entered Run (phase=RunPhase1) with current time: 2010  6  1  0 30  0   0
20260530 002621.395 INFO             PET1     TAWAS Advance(): --- VMK::log() start -------------------------------------
20260530 002621.395 INFO             PET1     TAWAS Advance(): vm located at: 0x2999c40
20260530 002621.395 INFO             PET1     TAWAS Advance(): mpionly=1 threadsflag=0
20260530 002621.395 INFO             PET1     TAWAS Advance(): ssiCount=1 localSsi=0
20260530 002621.395 INFO             PET1     TAWAS Advance(): devCount=0 ssiLocalDevCount=0
20260530 002621.395 INFO             PET1     TAWAS Advance(): petCount=2 ssiLocalPetCount=2
20260530 002621.395 INFO             PET1     TAWAS Advance(): localPet=1 mypthid=23383465122048 ssiLocalPet=1 currentSsiPe=1
20260530 002621.395 INFO             PET1     TAWAS Advance(): Current system level affinity pinning for local PET:
20260530 002621.395 INFO             PET1     TAWAS Advance():  SSIPE=1
20260530 002621.395 INFO             PET1     TAWAS Advance(): Current system level OMP_NUM_THREADS setting for local PET: 1
20260530 002621.395 INFO             PET1     TAWAS Advance(): Current system level OMP_NUM_PROCS setting for local PET: 1
20260530 002621.395 INFO             PET1     TAWAS Advance(): ESMF level logical PET->PE association (but consider system level affinity pinning!):
20260530 002621.395 INFO             PET1     TAWAS Advance(): PET=0 lpid=0 tid=0 pid=0 peCount=1 accCount=0
20260530 002621.395 INFO             PET1     TAWAS Advance():  PE=0 SSI=0 SSIPE=0
20260530 002621.395 INFO             PET1     TAWAS Advance(): PET=1 lpid=1 tid=0 pid=1 peCount=1 accCount=0
20260530 002621.395 INFO             PET1     TAWAS Advance():  PE=1 SSI=0 SSIPE=1
20260530 002621.395 INFO             PET1     TAWAS Advance(): --- VMK::log() end ---------------------------------------
20260530 002621.395 INFO             PET1     thread_num=   0   currentSsiPe=   1   num_threads=   1   max_threads=   1   num_procs=   1
20260530 002621.395 INFO             PET1     ------>Advancing TAWAS from: 2010  6  1  0 30  0   0
20260530 002621.395 INFO             PET1     ---------------------> to: 2010  6  1  0 45  0   0
20260530 002621.395 INFO             PET1     <<<ATM: leaving Run (phase=RunPhase1) with current time: 2010  6  1  0 45  0   0
20260530 002621.395 INFO             PET1   ATM: Run extro.
20260530 002621.395 INFO             PET1   ATM-TO-ESMX_Driver: Run intro.
20260530 002621.395 INFO             PET1     >>>ATM-TO-ESMX_Driver entered Run (phase=RunPhase1)
20260530 002621.396 INFO             PET1     <<<ATM-TO-ESMX_Driver leaving Run (phase=RunPhase1)
20260530 002621.396 INFO             PET1   ATM-TO-ESMX_Driver: Run extro.
20260530 002621.396 INFO             PET1   OCN-TO-ESMX_Driver: Run intro.
20260530 002621.396 INFO             PET1     >>>OCN-TO-ESMX_Driver entered Run (phase=RunPhase1)
20260530 002621.396 INFO             PET1     <<<OCN-TO-ESMX_Driver leaving Run (phase=RunPhase1)
20260530 002621.397 INFO             PET1   OCN-TO-ESMX_Driver: Run extro.
20260530 002621.397 INFO             PET1   <<<ESMX_Driver: leaving Run (phase=RunPhase1) with current time: 2010  6  1  0 45  0   0
20260530 002621.397 INFO             PET1 ESMX_Driver: Run extro.
20260530 002621.399 INFO             PET1 ESMX_Driver: Run intro.
20260530 002621.399 INFO             PET1   >>>ESMX_Driver: entered Run (phase=RunPhase1) with current time: 2010  6  1  0 45  0   0
20260530 002621.400 INFO             PET1   ESMX_Driver-TO-ATM: Run intro.
20260530 002621.400 INFO             PET1     >>>ESMX_Driver-TO-ATM entered Run (phase=RunPhase1)
20260530 002621.400 INFO             PET1     <<<ESMX_Driver-TO-ATM leaving Run (phase=RunPhase1)
20260530 002621.400 INFO             PET1   ESMX_Driver-TO-ATM: Run extro.
20260530 002621.400 INFO             PET1   ESMX_Driver-TO-OCN: Run intro.
20260530 002621.400 INFO             PET1     >>>ESMX_Driver-TO-OCN entered Run (phase=RunPhase1)
20260530 002621.400 INFO             PET1     <<<ESMX_Driver-TO-OCN leaving Run (phase=RunPhase1)
20260530 002621.400 INFO             PET1   ESMX_Driver-TO-OCN: Run extro.
20260530 002621.400 INFO             PET1   ATM-TO-OCN: Run intro.
20260530 002621.400 INFO             PET1     >>>ATM-TO-OCN entered Run (phase=RunPhase1)
20260530 002621.400 INFO             PET1     <<<ATM-TO-OCN leaving Run (phase=RunPhase1)
20260530 002621.401 INFO             PET1   ATM-TO-OCN: Run extro.
20260530 002621.401 INFO             PET1   OCN-TO-ATM: Run intro.
20260530 002621.401 INFO             PET1     >>>OCN-TO-ATM entered Run (phase=RunPhase1)
20260530 002621.401 INFO             PET1     <<<OCN-TO-ATM leaving Run (phase=RunPhase1)
20260530 002621.401 INFO             PET1   OCN-TO-ATM: Run extro.
20260530 002621.401 INFO             PET1   ATM: Run intro.
20260530 002621.402 INFO             PET1     >>>ATM: entered Run (phase=RunPhase1) with current time: 2010  6  1  0 45  0   0
20260530 002621.402 INFO             PET1     TAWAS Advance(): --- VMK::log() start -------------------------------------
20260530 002621.402 INFO             PET1     TAWAS Advance(): vm located at: 0x2999c40
20260530 002621.402 INFO             PET1     TAWAS Advance(): mpionly=1 threadsflag=0
20260530 002621.402 INFO             PET1     TAWAS Advance(): ssiCount=1 localSsi=0
20260530 002621.402 INFO             PET1     TAWAS Advance(): devCount=0 ssiLocalDevCount=0
20260530 002621.402 INFO             PET1     TAWAS Advance(): petCount=2 ssiLocalPetCount=2
20260530 002621.402 INFO             PET1     TAWAS Advance(): localPet=1 mypthid=23383465122048 ssiLocalPet=1 currentSsiPe=1
20260530 002621.402 INFO             PET1     TAWAS Advance(): Current system level affinity pinning for local PET:
20260530 002621.402 INFO             PET1     TAWAS Advance():  SSIPE=1
20260530 002621.402 INFO             PET1     TAWAS Advance(): Current system level OMP_NUM_THREADS setting for local PET: 1
20260530 002621.402 INFO             PET1     TAWAS Advance(): Current system level OMP_NUM_PROCS setting for local PET: 1
20260530 002621.402 INFO             PET1     TAWAS Advance(): ESMF level logical PET->PE association (but consider system level affinity pinning!):
20260530 002621.402 INFO             PET1     TAWAS Advance(): PET=0 lpid=0 tid=0 pid=0 peCount=1 accCount=0
20260530 002621.402 INFO             PET1     TAWAS Advance():  PE=0 SSI=0 SSIPE=0
20260530 002621.402 INFO             PET1     TAWAS Advance(): PET=1 lpid=1 tid=0 pid=1 peCount=1 accCount=0
20260530 002621.402 INFO             PET1     TAWAS Advance():  PE=1 SSI=0 SSIPE=1
20260530 002621.402 INFO             PET1     TAWAS Advance(): --- VMK::log() end ---------------------------------------
20260530 002621.402 INFO             PET1     thread_num=   0   currentSsiPe=   1   num_threads=   1   max_threads=   1   num_procs=   1
20260530 002621.402 INFO             PET1     ------>Advancing TAWAS from: 2010  6  1  0 45  0   0
20260530 002621.402 INFO             PET1     ---------------------> to: 2010  6  1  1  0  0   0
20260530 002621.402 INFO             PET1     <<<ATM: leaving Run (phase=RunPhase1) with current time: 2010  6  1  1  0  0   0
20260530 002621.402 INFO             PET1   ATM: Run extro.
20260530 002621.402 INFO             PET1   ATM-TO-ESMX_Driver: Run intro.
20260530 002621.402 INFO             PET1     >>>ATM-TO-ESMX_Driver entered Run (phase=RunPhase1)
20260530 002621.402 INFO             PET1     <<<ATM-TO-ESMX_Driver leaving Run (phase=RunPhase1)
20260530 002621.402 INFO             PET1   ATM-TO-ESMX_Driver: Run extro.
20260530 002621.403 INFO             PET1   OCN-TO-ESMX_Driver: Run intro.
20260530 002621.403 INFO             PET1     >>>OCN-TO-ESMX_Driver entered Run (phase=RunPhase1)
20260530 002621.403 INFO             PET1     <<<OCN-TO-ESMX_Driver leaving Run (phase=RunPhase1)
20260530 002621.403 INFO             PET1   OCN-TO-ESMX_Driver: Run extro.
20260530 002621.403 INFO             PET1   <<<ESMX_Driver: leaving Run (phase=RunPhase1) with current time: 2010  6  1  1  0  0   0
20260530 002621.403 INFO             PET1 ESMX_Driver: Run extro.
20260530 002621.406 INFO             PET1 ESMX_Driver: Finalize intro.
20260530 002621.406 INFO             PET1   >>>ESMX_Driver: entered Finalize (phase=FinalizePhase1) with current time: 2010  6  1  1  0  0   0
20260530 002621.406 INFO             PET1   Calling Finalize phase 1 for connectorComp: ESMX_Driver-TO-ATM
20260530 002621.406 INFO             PET1   ESMX_Driver-TO-ATM: Finalize intro.
20260530 002621.407 INFO             PET1   ESMX_Driver-TO-ATM: Finalize extro.
20260530 002621.407 INFO             PET1   Calling Finalize phase 1 for connectorComp: ESMX_Driver-TO-OCN
20260530 002621.407 INFO             PET1   ESMX_Driver-TO-OCN: Finalize intro.
20260530 002621.407 INFO             PET1   ESMX_Driver-TO-OCN: Finalize extro.
20260530 002621.407 INFO             PET1   Calling Finalize phase 1 for connectorComp: ATM-TO-ESMX_Driver
20260530 002621.407 INFO             PET1   ATM-TO-ESMX_Driver: Finalize intro.
20260530 002621.407 INFO             PET1   ATM-TO-ESMX_Driver: Finalize extro.
20260530 002621.407 INFO             PET1   Calling Finalize phase 1 for connectorComp: ATM-TO-OCN
20260530 002621.407 INFO             PET1   ATM-TO-OCN: Finalize intro.
20260530 002621.407 INFO             PET1   ATM-TO-OCN: Finalize extro.
20260530 002621.408 INFO             PET1   Calling Finalize phase 1 for connectorComp: OCN-TO-ESMX_Driver
20260530 002621.408 INFO             PET1   OCN-TO-ESMX_Driver: Finalize intro.
20260530 002621.408 INFO             PET1   OCN-TO-ESMX_Driver: Finalize extro.
20260530 002621.408 INFO             PET1   Calling Finalize phase 1 for connectorComp: OCN-TO-ATM
20260530 002621.408 INFO             PET1   OCN-TO-ATM: Finalize intro.
20260530 002621.408 INFO             PET1   OCN-TO-ATM: Finalize extro.
20260530 002621.408 INFO             PET1   Calling Finalize phase 1 for modelComp: ATM
20260530 002621.408 INFO             PET1   ATM: Finalize intro.
20260530 002621.408 INFO             PET1     >>>ATM: entered Finalize (phase=FinalizePhase1) with current time: 2010  6  1  1  0  0   0
20260530 002621.408 INFO             PET1     <<<ATM: leaving Finalize (phase=FinalizePhase1) with current time: 2010  6  1  1  0  0   0
20260530 002621.408 INFO             PET1   ATM: Finalize extro.
20260530 002621.408 INFO             PET1   Calling Finalize phase 1 for modelComp: OCN
20260530 002621.408 INFO             PET1   Delete modelComp: ATM
20260530 002621.409 INFO             PET1   Delete modelComp: OCN
20260530 002621.409 INFO             PET1   Delete connectorComp: ESMX_Driver-TO-ATM
20260530 002621.409 INFO             PET1   Delete connectorComp: ESMX_Driver-TO-OCN
20260530 002621.409 INFO             PET1   Delete connectorComp: ATM-TO-ESMX_Driver
20260530 002621.409 INFO             PET1   Delete connectorComp: OCN-TO-ESMX_Driver
20260530 002621.409 INFO             PET1   Delete connectorComp: ATM-TO-OCN
20260530 002621.409 INFO             PET1   Delete connectorComp: OCN-TO-ATM
20260530 002621.409 INFO             PET1   <<<ESMX_Driver: leaving Finalize (phase=FinalizePhase1) with current time: 2010  6  1  1  0  0   0
20260530 002621.409 INFO             PET1 ESMX_Driver: Finalize extro.
20260530 002621.409 INFO             PET1 externalApp FINISHED
20260530 002621.409 INFO             PET1  Finalizing ESMF
20260530 002620.467 INFO             PET2 !!!!!!!!!!!!!!!!!!!!!!!!!!!!!!!!!!!!!!!!!!!!!!!!!!!!!!
20260530 002620.467 INFO             PET2 !!! THE ESMF_LOG IS SET TO OUTPUT ALL LOG MESSAGES !!!
20260530 002620.467 INFO             PET2 !!!     THIS MAY CAUSE SLOWDOWN IN PERFORMANCE     !!!
20260530 002620.467 INFO             PET2 !!! FOR PRODUCTION RUNS, USE:                      !!!
20260530 002620.467 INFO             PET2 !!!                   ESMF_LOGKIND_Multi_On_Error  !!!
20260530 002620.467 INFO             PET2 !!!!!!!!!!!!!!!!!!!!!!!!!!!!!!!!!!!!!!!!!!!!!!!!!!!!!!
20260530 002620.467 INFO             PET2 Running with ESMF Version   : develop+gf183dd1f0b
20260530 002620.467 INFO             PET2 ESMF library build date/time: "May 29 2026" "22:44:33"
20260530 002620.467 INFO             PET2 ESMF library build location : /discover/nobackup/projects/gmao/SIteam/ESMF_Testing/gfortran_14.2.0_openmpi_g_develop/esmf
20260530 002620.467 INFO             PET2 ESMF_COMM                   : openmpi
20260530 002620.468 INFO             PET2 ESMF_MOAB                   : enabled
20260530 002620.468 INFO             PET2 ESMF_LAPACK                 : enabled
20260530 002620.468 INFO             PET2 ESMF_NETCDF                 : enabled
20260530 002620.468 INFO             PET2 ESMF_PNETCDF                : disabled
20260530 002620.468 INFO             PET2 ESMF_PIO                    : enabled
20260530 002620.468 INFO             PET2 ESMF_YAMLCPP                : enabled
20260530 002620.468 INFO             PET2 externalApp STARTING
20260530 002620.491 INFO             PET2 ESMX_Driver - Creating model component ATM with petList of size 2 :
20260530 002620.491 INFO             PET2       0      1
20260530 002620.491 DEBUG            PET2 Generic SetVM() is executing for: ATM
20260530 002620.491 DEBUG            PET2 Generic SetVM() found no NUOPC Hint for: ATM
20260530 002620.491 DEBUG            PET2 Generic SetVM() therefore is NOT calling ESMF_GridCompSetVMMaxPEs() for: ATM
20260530 002620.497 INFO             PET2 ESMX_Driver - Creating model component OCN with petList of size 2 :
20260530 002620.497 INFO             PET2       2      3
20260530 002620.497 DEBUG            PET2 Generic SetVM() is executing for: OCN
20260530 002620.497 DEBUG            PET2 Generic SetVM() found no NUOPC Hint for: OCN
20260530 002620.497 DEBUG            PET2 Generic SetVM() therefore is NOT calling ESMF_GridCompSetVMMaxPEs() for: OCN
20260530 002620.501 INFO             PET2 ESMX_Driver - Creating connector component ESMX_Driver-TO-ATM without petList.
20260530 002620.506 INFO             PET2 ESMX_Driver - Creating connector component ESMX_Driver-TO-OCN without petList.
20260530 002620.510 INFO             PET2 ESMX_Driver - Creating connector component ATM-TO-ESMX_Driver without petList.
20260530 002620.515 INFO             PET2 ESMX_Driver - Creating connector component OCN-TO-ESMX_Driver without petList.
20260530 002620.521 INFO             PET2 OCN: InitializeP0 intro.
20260530 002620.521 INFO             PET2   >>>OCN: entered Initialize (phase=<none>) without valid internal Clock.
20260530 002620.522 INFO             PET2   <<<OCN: leaving Initialize (phase=<none>) without valid internal Clock.
20260530 002620.522 INFO             PET2 OCN: InitializeP0 extro.
20260530 002620.524 INFO             PET2 ESMX_Driver-TO-ATM: InitializeP0 intro.
20260530 002620.525 INFO             PET2 ESMX_Driver-TO-ATM: InitializeP0 extro.
20260530 002620.526 INFO             PET2 ESMX_Driver-TO-OCN: InitializeP0 intro.
20260530 002620.526 INFO             PET2 ESMX_Driver-TO-OCN: InitializeP0 extro.
20260530 002620.527 INFO             PET2 ATM-TO-ESMX_Driver: InitializeP0 intro.
20260530 002620.527 INFO             PET2 ATM-TO-ESMX_Driver: InitializeP0 extro.
20260530 002620.528 INFO             PET2 OCN-TO-ESMX_Driver: InitializeP0 intro.
20260530 002620.528 INFO             PET2 OCN-TO-ESMX_Driver: InitializeP0 extro.
20260530 002620.531 INFO             PET2 ESMX_Driver - Creating connector component ATM-TO-OCN with petList of size 4 :
20260530 002620.531 INFO             PET2       0      1      2      3
20260530 002620.537 INFO             PET2 ESMX_Driver - Setting Verbosity on created component to: low
20260530 002620.537 INFO             PET2 ESMX_Driver - Setting Profiling on created component to:          0
20260530 002620.537 INFO             PET2 ESMX_Driver - Creating connector component OCN-TO-ATM with petList of size 4 :
20260530 002620.537 INFO             PET2       2      3      0      1
20260530 002620.542 INFO             PET2 ESMX_Driver - Setting Verbosity on created component to: low
20260530 002620.542 INFO             PET2 ESMX_Driver - Setting Profiling on created component to:          0
20260530 002620.545 INFO             PET2 ESMX_Driver: IInitAdvertise intro.
20260530 002620.545 INFO             PET2   >>>ESMX_Driver: entered Initialize (phase=<none>) with current time: 2010  6  1  0  0  0   0
20260530 002620.545 INFO             PET2   <<<ESMX_Driver: leaving Initialize (phase=<none>) with current time: 2010  6  1  0  0  0   0
20260530 002620.545 INFO             PET2 ESMX_Driver: IInitAdvertise extro.
20260530 002620.545 INFO             PET2 OCN: InitializeIPDvXp01 intro.
20260530 002620.545 INFO             PET2   >>>OCN: entered Initialize (phase=IPDvXp01) without valid internal Clock.
20260530 002620.549 INFO             PET2   <<<OCN: leaving Initialize (phase=IPDvXp01) without valid internal Clock.
20260530 002620.549 INFO             PET2 OCN: InitializeIPDvXp01 extro.
20260530 002620.550 INFO             PET2 ATM-TO-ESMX_Driver: InitializeIPDv05p1 intro.
20260530 002620.555 INFO             PET2 ATM-TO-ESMX_Driver: InitializeIPDv05p1 extro.
20260530 002620.555 INFO             PET2 ATM-TO-OCN: InitializeIPDv05p1 intro.
20260530 002620.560 INFO             PET2 ATM-TO-OCN: InitializeIPDv05p1 extro.
20260530 002620.560 INFO             PET2 OCN-TO-ESMX_Driver: InitializeIPDv05p1 intro.
20260530 002620.564 INFO             PET2 OCN-TO-ESMX_Driver: InitializeIPDv05p1 extro.
20260530 002620.564 INFO             PET2 OCN-TO-ATM: InitializeIPDv05p1 intro.
20260530 002620.569 INFO             PET2 OCN-TO-ATM: InitializeIPDv05p1 extro.
20260530 002620.569 INFO             PET2 ESMX_Driver-TO-ATM: InitializeIPDv05p1 intro.
20260530 002620.571 INFO             PET2 ESMX_Driver-TO-ATM: InitializeIPDv05p1 extro.
20260530 002620.571 INFO             PET2 ESMX_Driver-TO-OCN: InitializeIPDv05p1 intro.
20260530 002620.573 INFO             PET2 ESMX_Driver-TO-OCN: InitializeIPDv05p1 extro.
20260530 002620.574 INFO             PET2 ESMX_Driver: IInitAdvertiseFinish intro.
20260530 002620.574 INFO             PET2   >>>ESMX_Driver: entered Initialize (phase=<none>) with current time: 2010  6  1  0  0  0   0
20260530 002620.574 INFO             PET2   <<<ESMX_Driver: leaving Initialize (phase=<none>) with current time: 2010  6  1  0  0  0   0
20260530 002620.574 INFO             PET2 ESMX_Driver: IInitAdvertiseFinish extro.
20260530 002620.574 INFO             PET2 ATM-TO-ESMX_Driver: InitializeIPDv05p2a intro.
20260530 002620.578 INFO             PET2 ATM-TO-ESMX_Driver: InitializeIPDv05p2a extro.
20260530 002620.578 INFO             PET2 ATM-TO-OCN: InitializeIPDv05p2a intro.
20260530 002620.584 INFO             PET2 ATM-TO-OCN: InitializeIPDv05p2a extro.
20260530 002620.584 INFO             PET2 OCN-TO-ESMX_Driver: InitializeIPDv05p2a intro.
20260530 002620.588 INFO             PET2 OCN-TO-ESMX_Driver: InitializeIPDv05p2a extro.
20260530 002620.588 INFO             PET2 OCN-TO-ATM: InitializeIPDv05p2a intro.
20260530 002620.593 INFO             PET2 OCN-TO-ATM: InitializeIPDv05p2a extro.
20260530 002620.593 INFO             PET2 ESMX_Driver-TO-ATM: InitializeIPDv05p2a intro.
20260530 002620.595 INFO             PET2 ESMX_Driver-TO-ATM: InitializeIPDv05p2a extro.
20260530 002620.596 INFO             PET2 ESMX_Driver-TO-OCN: InitializeIPDv05p2a intro.
20260530 002620.598 INFO             PET2 ESMX_Driver-TO-OCN: InitializeIPDv05p2a extro.
20260530 002620.598 INFO             PET2 ATM-TO-ESMX_Driver: InitializeIPDv05p2b intro.
20260530 002620.602 INFO             PET2 ATM-TO-ESMX_Driver: InitializeIPDv05p2b extro.
20260530 002620.602 INFO             PET2 ATM-TO-OCN: InitializeIPDv05p2b intro.
20260530 002620.608 INFO             PET2 ATM-TO-OCN: InitializeIPDv05p2b extro.
20260530 002620.608 INFO             PET2 OCN-TO-ESMX_Driver: InitializeIPDv05p2b intro.
20260530 002620.612 INFO             PET2 OCN-TO-ESMX_Driver: InitializeIPDv05p2b extro.
20260530 002620.612 INFO             PET2 OCN-TO-ATM: InitializeIPDv05p2b intro.
20260530 002620.617 INFO             PET2 OCN-TO-ATM: InitializeIPDv05p2b extro.
20260530 002620.617 INFO             PET2 ESMX_Driver-TO-ATM: InitializeIPDv05p2b intro.
20260530 002620.619 INFO             PET2 ESMX_Driver-TO-ATM: InitializeIPDv05p2b extro.
20260530 002620.619 INFO             PET2 ESMX_Driver-TO-OCN: InitializeIPDv05p2b intro.
20260530 002620.621 INFO             PET2 ESMX_Driver-TO-OCN: InitializeIPDv05p2b extro.
20260530 002620.621 INFO             PET2 ESMX_Driver: IInitModifyCplLists intro.
20260530 002620.621 INFO             PET2   >>>ESMX_Driver: entered Initialize (phase=<none>) with current time: 2010  6  1  0  0  0   0
20260530 002620.622 INFO             PET2   <<<ESMX_Driver: leaving Initialize (phase=<none>) with current time: 2010  6  1  0  0  0   0
20260530 002620.622 INFO             PET2 ESMX_Driver: IInitModifyCplLists extro.
20260530 002620.623 INFO             PET2 ATM-TO-ESMX_Driver: InitializeIPDv05p3 intro.
20260530 002620.628 INFO             PET2 ATM-TO-ESMX_Driver: InitializeIPDv05p3 extro.
20260530 002620.628 INFO             PET2 ATM-TO-OCN: InitializeIPDv05p3 intro.
20260530 002620.632 INFO             PET2 ATM-TO-OCN: InitializeIPDv05p3 extro.
20260530 002620.633 INFO             PET2 OCN-TO-ESMX_Driver: InitializeIPDv05p3 intro.
20260530 002620.638 INFO             PET2 OCN-TO-ESMX_Driver: InitializeIPDv05p3 extro.
20260530 002620.638 INFO             PET2 OCN-TO-ATM: InitializeIPDv05p3 intro.
20260530 002620.643 INFO             PET2 OCN-TO-ATM: InitializeIPDv05p3 extro.
20260530 002620.643 INFO             PET2 ESMX_Driver-TO-ATM: InitializeIPDv05p3 intro.
20260530 002620.645 INFO             PET2 ESMX_Driver-TO-ATM: InitializeIPDv05p3 extro.
20260530 002620.645 INFO             PET2 ESMX_Driver-TO-OCN: InitializeIPDv05p3 intro.
20260530 002620.648 INFO             PET2 ESMX_Driver-TO-OCN: InitializeIPDv05p3 extro.
20260530 002620.648 INFO             PET2 ESMX_Driver: InitializeIPDv02p3 intro.
20260530 002620.649 INFO             PET2   >>>ESMX_Driver: entered Initialize (phase=ExternalRealize) with current time: 2010  6  1  0  0  0   0
20260530 002620.649 INFO             PET2   ESMX_Driver: IInitCheck intro.
20260530 002620.649 INFO             PET2     >>>ESMX_Driver: entered Initialize (phase=<none>) with current time: 2010  6  1  0  0  0   0
20260530 002620.650 INFO             PET2     <<<ESMX_Driver: leaving Initialize (phase=<none>) with current time: 2010  6  1  0  0  0   0
20260530 002620.650 INFO             PET2   ESMX_Driver: IInitCheck extro.
20260530 002620.650 INFO             PET2   OCN: InitializeIPDvXp04 intro.
20260530 002620.650 INFO             PET2     >>>OCN: entered Initialize (phase=IPDvXp04) without valid internal Clock.
20260530 002620.734 INFO             PET2     <<<OCN: leaving Initialize (phase=IPDvXp04) without valid internal Clock.
20260530 002620.734 INFO             PET2   OCN: InitializeIPDvXp04 extro.
20260530 002620.736 INFO             PET2   ATM-TO-ESMX_Driver: InitializeIPDv05p4 intro.
20260530 002620.743 INFO             PET2   ATM-TO-ESMX_Driver: InitializeIPDv05p4 extro.
20260530 002620.744 INFO             PET2   ATM-TO-OCN: InitializeIPDv05p4 intro.
20260530 002620.754 INFO             PET2   ATM-TO-OCN: InitializeIPDv05p4 extro.
20260530 002620.755 INFO             PET2   OCN-TO-ESMX_Driver: InitializeIPDv05p4 intro.
20260530 002620.764 INFO             PET2   OCN-TO-ESMX_Driver: InitializeIPDv05p4 extro.
20260530 002620.764 INFO             PET2   OCN-TO-ATM: InitializeIPDv05p4 intro.
20260530 002620.774 INFO             PET2   OCN-TO-ATM: InitializeIPDv05p4 extro.
20260530 002620.774 INFO             PET2   ESMX_Driver-TO-ATM: InitializeIPDv05p4 intro.
20260530 002620.778 INFO             PET2   ESMX_Driver-TO-ATM: InitializeIPDv05p4 extro.
20260530 002620.779 INFO             PET2   ESMX_Driver-TO-OCN: InitializeIPDv05p4 intro.
20260530 002620.781 INFO             PET2   ESMX_Driver-TO-OCN: InitializeIPDv05p4 extro.
20260530 002620.782 INFO             PET2   ATM-TO-ESMX_Driver: InitializeIPDv05p5 intro.
20260530 002620.814 INFO             PET2   ATM-TO-ESMX_Driver: InitializeIPDv05p5 extro.
20260530 002620.814 INFO             PET2   ATM-TO-OCN: InitializeIPDv05p5 intro.
20260530 002620.826 INFO             PET2   ATM-TO-OCN: InitializeIPDv05p5 extro.
20260530 002620.826 INFO             PET2   OCN-TO-ESMX_Driver: InitializeIPDv05p5 intro.
20260530 002620.870 INFO             PET2   OCN-TO-ESMX_Driver: InitializeIPDv05p5 extro.
20260530 002620.870 INFO             PET2   OCN-TO-ATM: InitializeIPDv05p5 intro.
20260530 002620.883 INFO             PET2   OCN-TO-ATM: InitializeIPDv05p5 extro.
20260530 002620.883 INFO             PET2   ESMX_Driver-TO-ATM: InitializeIPDv05p5 intro.
20260530 002620.887 INFO             PET2   ESMX_Driver-TO-ATM: InitializeIPDv05p5 extro.
20260530 002620.887 INFO             PET2   ESMX_Driver-TO-OCN: InitializeIPDv05p5 intro.
20260530 002620.891 INFO             PET2   ESMX_Driver-TO-OCN: InitializeIPDv05p5 extro.
20260530 002620.891 INFO             PET2   ESMX_Driver: IInitRealize intro.
20260530 002620.891 INFO             PET2     >>>ESMX_Driver: entered Initialize (phase=<none>) with current time: 2010  6  1  0  0  0   0
20260530 002620.892 INFO             PET2     <<<ESMX_Driver: leaving Initialize (phase=<none>) with current time: 2010  6  1  0  0  0   0
20260530 002620.892 INFO             PET2   ESMX_Driver: IInitRealize extro.
20260530 002620.892 INFO             PET2   ATM-TO-ESMX_Driver: InitializeIPDv05p6a intro.
20260530 002620.901 INFO             PET2   ATM-TO-ESMX_Driver: InitializeIPDv05p6a extro.
20260530 002620.901 INFO             PET2   ATM-TO-OCN: InitializeIPDv05p6a intro.
20260530 002620.910 INFO             PET2   ATM-TO-OCN: InitializeIPDv05p6a extro.
20260530 002620.910 INFO             PET2   OCN-TO-ESMX_Driver: InitializeIPDv05p6a intro.
20260530 002620.919 INFO             PET2   OCN-TO-ESMX_Driver: InitializeIPDv05p6a extro.
20260530 002620.919 INFO             PET2   OCN-TO-ATM: InitializeIPDv05p6a intro.
20260530 002620.928 INFO             PET2   OCN-TO-ATM: InitializeIPDv05p6a extro.
20260530 002620.928 INFO             PET2   ESMX_Driver-TO-ATM: InitializeIPDv05p6a intro.
20260530 002620.932 INFO             PET2   ESMX_Driver-TO-ATM: InitializeIPDv05p6a extro.
20260530 002620.932 INFO             PET2   ESMX_Driver-TO-OCN: InitializeIPDv05p6a intro.
20260530 002620.935 INFO             PET2   ESMX_Driver-TO-OCN: InitializeIPDv05p6a extro.
20260530 002620.935 INFO             PET2   ATM-TO-ESMX_Driver: InitializeIPDv05p6b intro.
20260530 002620.948 INFO             PET2   ATM-TO-ESMX_Driver: InitializeIPDv05p6b extro.
20260530 002620.948 INFO             PET2   ATM-TO-OCN: InitializeIPDv05p6b intro.
20260530 002621.153 INFO             PET2   ATM-TO-OCN: InitializeIPDv05p6b extro.
20260530 002621.153 INFO             PET2   OCN-TO-ESMX_Driver: InitializeIPDv05p6b intro.
20260530 002621.168 INFO             PET2   OCN-TO-ESMX_Driver: InitializeIPDv05p6b extro.
20260530 002621.169 INFO             PET2   OCN-TO-ATM: InitializeIPDv05p6b intro.
20260530 002621.337 INFO             PET2   OCN-TO-ATM: InitializeIPDv05p6b extro.
20260530 002621.337 INFO             PET2   ESMX_Driver-TO-ATM: InitializeIPDv05p6b intro.
20260530 002621.337 INFO             PET2   ESMX_Driver-TO-ATM: InitializeIPDv05p6b extro.
20260530 002621.338 INFO             PET2   ESMX_Driver-TO-OCN: InitializeIPDv05p6b intro.
20260530 002621.338 INFO             PET2   ESMX_Driver-TO-OCN: InitializeIPDv05p6b extro.
20260530 002621.338 INFO             PET2   OCN: InitializeIPDvXp07 intro.
20260530 002621.338 INFO             PET2     >>>OCN: entered Initialize (phase=IPDvXp07) without valid internal Clock.
20260530 002621.339 INFO             PET2     <<<OCN: leaving Initialize (phase=IPDvXp07) with current time: 2010  6  1  0  0  0   0
20260530 002621.339 INFO             PET2   OCN: InitializeIPDvXp07 extro.
20260530 002621.339 INFO             PET2   <<<ESMX_Driver: leaving Initialize (phase=ExternalRealize) with current time: 2010  6  1  0  0  0   0
20260530 002621.339 INFO             PET2 ESMX_Driver: InitializeIPDv02p3 extro.
20260530 002621.339 INFO             PET2 ESMX_Driver: InitializeIPDv02p5 intro.
20260530 002621.339 INFO             PET2   >>>ESMX_Driver: entered Initialize (phase=ExternalDataInitialize) with current time: 2010  6  1  0  0  0   0
20260530 002621.339 INFO             PET2   ESMX_Driver: InitializeIPDv02p5Data intro.
20260530 002621.340 INFO             PET2     >>>ESMX_Driver: entered Initialize (phase=ExternalDataInitialize) with current time: 2010  6  1  0  0  0   0
20260530 002621.340 INFO             PET2     ESMX_Driver: InternalInitializeComplete intro.
20260530 002621.340 INFO             PET2       >>>ESMX_Driver: entered Initialize (phase=<none>) with current time: 2010  6  1  0  0  0   0
20260530 002621.340 INFO             PET2       <<<ESMX_Driver: leaving Initialize (phase=<none>) with current time: 2010  6  1  0  0  0   0
20260530 002621.340 INFO             PET2     ESMX_Driver: InternalInitializeComplete extro.
20260530 002621.340 INFO             PET2     OCN: InitializeIPDv01p5 intro.
20260530 002621.340 INFO             PET2       >>>OCN: entered Initialize (phase=IPDvXp08) with current time: 2010  6  1  0  0  0   0
20260530 002621.340 INFO             PET2       <<<OCN: leaving Initialize (phase=IPDvXp08) with current time: 2010  6  1  0  0  0   0
20260530 002621.341 INFO             PET2     OCN: InitializeIPDv01p5 extro.
20260530 002621.342 INFO             PET2     ESMX_Driver: loopDataDependentInitialize intro.
20260530 002621.342 INFO             PET2       >>>ESMX_Driver: entered Initialize (phase=ExternalDataInitialize) with current time: 2010  6  1  0  0  0   0
20260530 002621.342 INFO             PET2       ATM-TO-ESMX_Driver: Run intro.
20260530 002621.342 INFO             PET2         >>>ATM-TO-ESMX_Driver entered Run (phase=RunPhase1)
20260530 002621.343 INFO             PET2         <<<ATM-TO-ESMX_Driver leaving Run (phase=RunPhase1)
20260530 002621.343 INFO             PET2       ATM-TO-ESMX_Driver: Run extro.
20260530 002621.343 INFO             PET2       OCN-TO-ESMX_Driver: Run intro.
20260530 002621.343 INFO             PET2         >>>OCN-TO-ESMX_Driver entered Run (phase=RunPhase1)
20260530 002621.343 INFO             PET2         <<<OCN-TO-ESMX_Driver leaving Run (phase=RunPhase1)
20260530 002621.343 INFO             PET2       OCN-TO-ESMX_Driver: Run extro.
20260530 002621.343 INFO             PET2       ESMX_Driver: InternalInitializeComplete intro.
20260530 002621.343 INFO             PET2         >>>ESMX_Driver: entered Initialize (phase=<none>) with current time: 2010  6  1  0  0  0   0
20260530 002621.344 INFO             PET2         <<<ESMX_Driver: leaving Initialize (phase=<none>) with current time: 2010  6  1  0  0  0   0
20260530 002621.344 INFO             PET2       ESMX_Driver: InternalInitializeComplete extro.
20260530 002621.344 INFO             PET2       <<<ESMX_Driver: leaving Initialize (phase=ExternalDataInitialize) with current time: 2010  6  1  0  0  0   0
20260530 002621.344 INFO             PET2     ESMX_Driver: loopDataDependentInitialize extro.
20260530 002621.344 INFO             PET2     <<<ESMX_Driver: leaving Initialize (phase=ExternalDataInitialize) with current time: 2010  6  1  0  0  0   0
20260530 002621.344 INFO             PET2   ESMX_Driver: InitializeIPDv02p5Data extro.
20260530 002621.344 INFO             PET2   <<<ESMX_Driver: leaving Initialize (phase=ExternalDataInitialize) with current time: 2010  6  1  0  0  0   0
20260530 002621.344 INFO             PET2 ESMX_Driver: InitializeIPDv02p5 extro.
20260530 002621.376 INFO             PET2 ESMX_Driver: Run intro.
20260530 002621.376 INFO             PET2   >>>ESMX_Driver: entered Run (phase=RunPhase1) with current time: 2010  6  1  0  0  0   0
20260530 002621.377 INFO             PET2   ESMX_Driver-TO-ATM: Run intro.
20260530 002621.377 INFO             PET2     >>>ESMX_Driver-TO-ATM entered Run (phase=RunPhase1)
20260530 002621.377 INFO             PET2     <<<ESMX_Driver-TO-ATM leaving Run (phase=RunPhase1)
20260530 002621.377 INFO             PET2   ESMX_Driver-TO-ATM: Run extro.
20260530 002621.377 INFO             PET2   ESMX_Driver-TO-OCN: Run intro.
20260530 002621.377 INFO             PET2     >>>ESMX_Driver-TO-OCN entered Run (phase=RunPhase1)
20260530 002621.377 INFO             PET2     <<<ESMX_Driver-TO-OCN leaving Run (phase=RunPhase1)
20260530 002621.377 INFO             PET2   ESMX_Driver-TO-OCN: Run extro.
20260530 002621.377 INFO             PET2   ATM-TO-OCN: Run intro.
20260530 002621.377 INFO             PET2     >>>ATM-TO-OCN entered Run (phase=RunPhase1)
20260530 002621.379 INFO             PET2     <<<ATM-TO-OCN leaving Run (phase=RunPhase1)
20260530 002621.379 INFO             PET2   ATM-TO-OCN: Run extro.
20260530 002621.379 INFO             PET2   OCN-TO-ATM: Run intro.
20260530 002621.379 INFO             PET2     >>>OCN-TO-ATM entered Run (phase=RunPhase1)
20260530 002621.379 INFO             PET2     <<<OCN-TO-ATM leaving Run (phase=RunPhase1)
20260530 002621.379 INFO             PET2   OCN-TO-ATM: Run extro.
20260530 002621.379 INFO             PET2   OCN: Run intro.
20260530 002621.380 INFO             PET2     >>>OCN: entered Run (phase=RunPhase1) with current time: 2010  6  1  0  0  0   0
20260530 002621.380 INFO             PET2     LUMO Advance(): --- VMK::log() start -------------------------------------
20260530 002621.380 INFO             PET2     LUMO Advance(): vm located at: 0x263b770
20260530 002621.380 INFO             PET2     LUMO Advance(): mpionly=1 threadsflag=0
20260530 002621.380 INFO             PET2     LUMO Advance(): ssiCount=1 localSsi=0
20260530 002621.380 INFO             PET2     LUMO Advance(): devCount=0 ssiLocalDevCount=0
20260530 002621.380 INFO             PET2     LUMO Advance(): petCount=2 ssiLocalPetCount=2
20260530 002621.380 INFO             PET2     LUMO Advance(): localPet=0 mypthid=23126249376000 ssiLocalPet=0 currentSsiPe=2
20260530 002621.380 INFO             PET2     LUMO Advance(): Current system level affinity pinning for local PET:
20260530 002621.380 INFO             PET2     LUMO Advance():  SSIPE=2
20260530 002621.380 INFO             PET2     LUMO Advance(): Current system level OMP_NUM_THREADS setting for local PET: 1
20260530 002621.380 INFO             PET2     LUMO Advance(): Current system level OMP_NUM_PROCS setting for local PET: 1
20260530 002621.380 INFO             PET2     LUMO Advance(): ESMF level logical PET->PE association (but consider system level affinity pinning!):
20260530 002621.380 INFO             PET2     LUMO Advance(): PET=0 lpid=0 tid=0 pid=2 peCount=1 accCount=0
20260530 002621.380 INFO             PET2     LUMO Advance():  PE=2 SSI=0 SSIPE=2
20260530 002621.380 INFO             PET2     LUMO Advance(): PET=1 lpid=1 tid=0 pid=3 peCount=1 accCount=0
20260530 002621.380 INFO             PET2     LUMO Advance():  PE=3 SSI=0 SSIPE=3
20260530 002621.380 INFO             PET2     LUMO Advance(): --- VMK::log() end ---------------------------------------
20260530 002621.380 INFO             PET2     thread_num=   0   currentSsiPe=   2   num_threads=   1   max_threads=   1   num_procs=   1
20260530 002621.380 INFO             PET2     ------>Advancing LUMO from: 2010  6  1  0  0  0   0
20260530 002621.380 INFO             PET2     ---------------------> to: 2010  6  1  0  5  0   0
20260530 002621.380 INFO             PET2     LUMO Advance(): --- VMK::log() start -------------------------------------
20260530 002621.380 INFO             PET2     LUMO Advance(): vm located at: 0x263b770
20260530 002621.380 INFO             PET2     LUMO Advance(): mpionly=1 threadsflag=0
20260530 002621.380 INFO             PET2     LUMO Advance(): ssiCount=1 localSsi=0
20260530 002621.380 INFO             PET2     LUMO Advance(): devCount=0 ssiLocalDevCount=0
20260530 002621.380 INFO             PET2     LUMO Advance(): petCount=2 ssiLocalPetCount=2
20260530 002621.380 INFO             PET2     LUMO Advance(): localPet=0 mypthid=23126249376000 ssiLocalPet=0 currentSsiPe=2
20260530 002621.380 INFO             PET2     LUMO Advance(): Current system level affinity pinning for local PET:
20260530 002621.380 INFO             PET2     LUMO Advance():  SSIPE=2
20260530 002621.380 INFO             PET2     LUMO Advance(): Current system level OMP_NUM_THREADS setting for local PET: 1
20260530 002621.380 INFO             PET2     LUMO Advance(): Current system level OMP_NUM_PROCS setting for local PET: 1
20260530 002621.380 INFO             PET2     LUMO Advance(): ESMF level logical PET->PE association (but consider system level affinity pinning!):
20260530 002621.380 INFO             PET2     LUMO Advance(): PET=0 lpid=0 tid=0 pid=2 peCount=1 accCount=0
20260530 002621.380 INFO             PET2     LUMO Advance():  PE=2 SSI=0 SSIPE=2
20260530 002621.380 INFO             PET2     LUMO Advance(): PET=1 lpid=1 tid=0 pid=3 peCount=1 accCount=0
20260530 002621.380 INFO             PET2     LUMO Advance():  PE=3 SSI=0 SSIPE=3
20260530 002621.380 INFO             PET2     LUMO Advance(): --- VMK::log() end ---------------------------------------
20260530 002621.380 INFO             PET2     thread_num=   0   currentSsiPe=   2   num_threads=   1   max_threads=   1   num_procs=   1
20260530 002621.380 INFO             PET2     ------>Advancing LUMO from: 2010  6  1  0  5  0   0
20260530 002621.380 INFO             PET2     ---------------------> to: 2010  6  1  0 10  0   0
20260530 002621.380 INFO             PET2     LUMO Advance(): --- VMK::log() start -------------------------------------
20260530 002621.380 INFO             PET2     LUMO Advance(): vm located at: 0x263b770
20260530 002621.380 INFO             PET2     LUMO Advance(): mpionly=1 threadsflag=0
20260530 002621.380 INFO             PET2     LUMO Advance(): ssiCount=1 localSsi=0
20260530 002621.380 INFO             PET2     LUMO Advance(): devCount=0 ssiLocalDevCount=0
20260530 002621.380 INFO             PET2     LUMO Advance(): petCount=2 ssiLocalPetCount=2
20260530 002621.380 INFO             PET2     LUMO Advance(): localPet=0 mypthid=23126249376000 ssiLocalPet=0 currentSsiPe=2
20260530 002621.380 INFO             PET2     LUMO Advance(): Current system level affinity pinning for local PET:
20260530 002621.381 INFO             PET2     LUMO Advance():  SSIPE=2
20260530 002621.381 INFO             PET2     LUMO Advance(): Current system level OMP_NUM_THREADS setting for local PET: 1
20260530 002621.381 INFO             PET2     LUMO Advance(): Current system level OMP_NUM_PROCS setting for local PET: 1
20260530 002621.381 INFO             PET2     LUMO Advance(): ESMF level logical PET->PE association (but consider system level affinity pinning!):
20260530 002621.381 INFO             PET2     LUMO Advance(): PET=0 lpid=0 tid=0 pid=2 peCount=1 accCount=0
20260530 002621.381 INFO             PET2     LUMO Advance():  PE=2 SSI=0 SSIPE=2
20260530 002621.381 INFO             PET2     LUMO Advance(): PET=1 lpid=1 tid=0 pid=3 peCount=1 accCount=0
20260530 002621.381 INFO             PET2     LUMO Advance():  PE=3 SSI=0 SSIPE=3
20260530 002621.381 INFO             PET2     LUMO Advance(): --- VMK::log() end ---------------------------------------
20260530 002621.381 INFO             PET2     thread_num=   0   currentSsiPe=   2   num_threads=   1   max_threads=   1   num_procs=   1
20260530 002621.381 INFO             PET2     ------>Advancing LUMO from: 2010  6  1  0 10  0   0
20260530 002621.381 INFO             PET2     ---------------------> to: 2010  6  1  0 15  0   0
20260530 002621.381 INFO             PET2     <<<OCN: leaving Run (phase=RunPhase1) with current time: 2010  6  1  0 15  0   0
20260530 002621.381 INFO             PET2   OCN: Run extro.
20260530 002621.381 INFO             PET2   ATM-TO-ESMX_Driver: Run intro.
20260530 002621.381 INFO             PET2     >>>ATM-TO-ESMX_Driver entered Run (phase=RunPhase1)
20260530 002621.381 INFO             PET2     <<<ATM-TO-ESMX_Driver leaving Run (phase=RunPhase1)
20260530 002621.381 INFO             PET2   ATM-TO-ESMX_Driver: Run extro.
20260530 002621.381 INFO             PET2   OCN-TO-ESMX_Driver: Run intro.
20260530 002621.381 INFO             PET2     >>>OCN-TO-ESMX_Driver entered Run (phase=RunPhase1)
20260530 002621.382 INFO             PET2     <<<OCN-TO-ESMX_Driver leaving Run (phase=RunPhase1)
20260530 002621.382 INFO             PET2   OCN-TO-ESMX_Driver: Run extro.
20260530 002621.382 INFO             PET2   <<<ESMX_Driver: leaving Run (phase=RunPhase1) with current time: 2010  6  1  0 15  0   0
20260530 002621.382 INFO             PET2 ESMX_Driver: Run extro.
20260530 002621.386 INFO             PET2 ESMX_Driver: Run intro.
20260530 002621.386 INFO             PET2   >>>ESMX_Driver: entered Run (phase=RunPhase1) with current time: 2010  6  1  0 15  0   0
20260530 002621.386 INFO             PET2   ESMX_Driver-TO-ATM: Run intro.
20260530 002621.386 INFO             PET2     >>>ESMX_Driver-TO-ATM entered Run (phase=RunPhase1)
20260530 002621.386 INFO             PET2     <<<ESMX_Driver-TO-ATM leaving Run (phase=RunPhase1)
20260530 002621.386 INFO             PET2   ESMX_Driver-TO-ATM: Run extro.
20260530 002621.386 INFO             PET2   ESMX_Driver-TO-OCN: Run intro.
20260530 002621.386 INFO             PET2     >>>ESMX_Driver-TO-OCN entered Run (phase=RunPhase1)
20260530 002621.386 INFO             PET2     <<<ESMX_Driver-TO-OCN leaving Run (phase=RunPhase1)
20260530 002621.386 INFO             PET2   ESMX_Driver-TO-OCN: Run extro.
20260530 002621.387 INFO             PET2   ATM-TO-OCN: Run intro.
20260530 002621.387 INFO             PET2     >>>ATM-TO-OCN entered Run (phase=RunPhase1)
20260530 002621.387 INFO             PET2     <<<ATM-TO-OCN leaving Run (phase=RunPhase1)
20260530 002621.387 INFO             PET2   ATM-TO-OCN: Run extro.
20260530 002621.387 INFO             PET2   OCN-TO-ATM: Run intro.
20260530 002621.387 INFO             PET2     >>>OCN-TO-ATM entered Run (phase=RunPhase1)
20260530 002621.388 INFO             PET2     <<<OCN-TO-ATM leaving Run (phase=RunPhase1)
20260530 002621.388 INFO             PET2   OCN-TO-ATM: Run extro.
20260530 002621.388 INFO             PET2   OCN: Run intro.
20260530 002621.388 INFO             PET2     >>>OCN: entered Run (phase=RunPhase1) with current time: 2010  6  1  0 15  0   0
20260530 002621.388 INFO             PET2     LUMO Advance(): --- VMK::log() start -------------------------------------
20260530 002621.388 INFO             PET2     LUMO Advance(): vm located at: 0x263b770
20260530 002621.388 INFO             PET2     LUMO Advance(): mpionly=1 threadsflag=0
20260530 002621.388 INFO             PET2     LUMO Advance(): ssiCount=1 localSsi=0
20260530 002621.388 INFO             PET2     LUMO Advance(): devCount=0 ssiLocalDevCount=0
20260530 002621.388 INFO             PET2     LUMO Advance(): petCount=2 ssiLocalPetCount=2
20260530 002621.388 INFO             PET2     LUMO Advance(): localPet=0 mypthid=23126249376000 ssiLocalPet=0 currentSsiPe=2
20260530 002621.388 INFO             PET2     LUMO Advance(): Current system level affinity pinning for local PET:
20260530 002621.388 INFO             PET2     LUMO Advance():  SSIPE=2
20260530 002621.388 INFO             PET2     LUMO Advance(): Current system level OMP_NUM_THREADS setting for local PET: 1
20260530 002621.388 INFO             PET2     LUMO Advance(): Current system level OMP_NUM_PROCS setting for local PET: 1
20260530 002621.388 INFO             PET2     LUMO Advance(): ESMF level logical PET->PE association (but consider system level affinity pinning!):
20260530 002621.388 INFO             PET2     LUMO Advance(): PET=0 lpid=0 tid=0 pid=2 peCount=1 accCount=0
20260530 002621.388 INFO             PET2     LUMO Advance():  PE=2 SSI=0 SSIPE=2
20260530 002621.388 INFO             PET2     LUMO Advance(): PET=1 lpid=1 tid=0 pid=3 peCount=1 accCount=0
20260530 002621.388 INFO             PET2     LUMO Advance():  PE=3 SSI=0 SSIPE=3
20260530 002621.388 INFO             PET2     LUMO Advance(): --- VMK::log() end ---------------------------------------
20260530 002621.388 INFO             PET2     thread_num=   0   currentSsiPe=   2   num_threads=   1   max_threads=   1   num_procs=   1
20260530 002621.388 INFO             PET2     ------>Advancing LUMO from: 2010  6  1  0 15  0   0
20260530 002621.388 INFO             PET2     ---------------------> to: 2010  6  1  0 20  0   0
20260530 002621.388 INFO             PET2     LUMO Advance(): --- VMK::log() start -------------------------------------
20260530 002621.388 INFO             PET2     LUMO Advance(): vm located at: 0x263b770
20260530 002621.388 INFO             PET2     LUMO Advance(): mpionly=1 threadsflag=0
20260530 002621.388 INFO             PET2     LUMO Advance(): ssiCount=1 localSsi=0
20260530 002621.388 INFO             PET2     LUMO Advance(): devCount=0 ssiLocalDevCount=0
20260530 002621.388 INFO             PET2     LUMO Advance(): petCount=2 ssiLocalPetCount=2
20260530 002621.388 INFO             PET2     LUMO Advance(): localPet=0 mypthid=23126249376000 ssiLocalPet=0 currentSsiPe=2
20260530 002621.388 INFO             PET2     LUMO Advance(): Current system level affinity pinning for local PET:
20260530 002621.388 INFO             PET2     LUMO Advance():  SSIPE=2
20260530 002621.388 INFO             PET2     LUMO Advance(): Current system level OMP_NUM_THREADS setting for local PET: 1
20260530 002621.388 INFO             PET2     LUMO Advance(): Current system level OMP_NUM_PROCS setting for local PET: 1
20260530 002621.388 INFO             PET2     LUMO Advance(): ESMF level logical PET->PE association (but consider system level affinity pinning!):
20260530 002621.388 INFO             PET2     LUMO Advance(): PET=0 lpid=0 tid=0 pid=2 peCount=1 accCount=0
20260530 002621.389 INFO             PET2     LUMO Advance():  PE=2 SSI=0 SSIPE=2
20260530 002621.389 INFO             PET2     LUMO Advance(): PET=1 lpid=1 tid=0 pid=3 peCount=1 accCount=0
20260530 002621.389 INFO             PET2     LUMO Advance():  PE=3 SSI=0 SSIPE=3
20260530 002621.389 INFO             PET2     LUMO Advance(): --- VMK::log() end ---------------------------------------
20260530 002621.389 INFO             PET2     thread_num=   0   currentSsiPe=   2   num_threads=   1   max_threads=   1   num_procs=   1
20260530 002621.389 INFO             PET2     ------>Advancing LUMO from: 2010  6  1  0 20  0   0
20260530 002621.389 INFO             PET2     ---------------------> to: 2010  6  1  0 25  0   0
20260530 002621.389 INFO             PET2     LUMO Advance(): --- VMK::log() start -------------------------------------
20260530 002621.389 INFO             PET2     LUMO Advance(): vm located at: 0x263b770
20260530 002621.389 INFO             PET2     LUMO Advance(): mpionly=1 threadsflag=0
20260530 002621.389 INFO             PET2     LUMO Advance(): ssiCount=1 localSsi=0
20260530 002621.389 INFO             PET2     LUMO Advance(): devCount=0 ssiLocalDevCount=0
20260530 002621.389 INFO             PET2     LUMO Advance(): petCount=2 ssiLocalPetCount=2
20260530 002621.389 INFO             PET2     LUMO Advance(): localPet=0 mypthid=23126249376000 ssiLocalPet=0 currentSsiPe=2
20260530 002621.389 INFO             PET2     LUMO Advance(): Current system level affinity pinning for local PET:
20260530 002621.389 INFO             PET2     LUMO Advance():  SSIPE=2
20260530 002621.389 INFO             PET2     LUMO Advance(): Current system level OMP_NUM_THREADS setting for local PET: 1
20260530 002621.389 INFO             PET2     LUMO Advance(): Current system level OMP_NUM_PROCS setting for local PET: 1
20260530 002621.389 INFO             PET2     LUMO Advance(): ESMF level logical PET->PE association (but consider system level affinity pinning!):
20260530 002621.389 INFO             PET2     LUMO Advance(): PET=0 lpid=0 tid=0 pid=2 peCount=1 accCount=0
20260530 002621.389 INFO             PET2     LUMO Advance():  PE=2 SSI=0 SSIPE=2
20260530 002621.389 INFO             PET2     LUMO Advance(): PET=1 lpid=1 tid=0 pid=3 peCount=1 accCount=0
20260530 002621.389 INFO             PET2     LUMO Advance():  PE=3 SSI=0 SSIPE=3
20260530 002621.389 INFO             PET2     LUMO Advance(): --- VMK::log() end ---------------------------------------
20260530 002621.389 INFO             PET2     thread_num=   0   currentSsiPe=   2   num_threads=   1   max_threads=   1   num_procs=   1
20260530 002621.389 INFO             PET2     ------>Advancing LUMO from: 2010  6  1  0 25  0   0
20260530 002621.389 INFO             PET2     ---------------------> to: 2010  6  1  0 30  0   0
20260530 002621.389 INFO             PET2     <<<OCN: leaving Run (phase=RunPhase1) with current time: 2010  6  1  0 30  0   0
20260530 002621.389 INFO             PET2   OCN: Run extro.
20260530 002621.389 INFO             PET2   ATM-TO-ESMX_Driver: Run intro.
20260530 002621.389 INFO             PET2     >>>ATM-TO-ESMX_Driver entered Run (phase=RunPhase1)
20260530 002621.389 INFO             PET2     <<<ATM-TO-ESMX_Driver leaving Run (phase=RunPhase1)
20260530 002621.389 INFO             PET2   ATM-TO-ESMX_Driver: Run extro.
20260530 002621.390 INFO             PET2   OCN-TO-ESMX_Driver: Run intro.
20260530 002621.390 INFO             PET2     >>>OCN-TO-ESMX_Driver entered Run (phase=RunPhase1)
20260530 002621.390 INFO             PET2     <<<OCN-TO-ESMX_Driver leaving Run (phase=RunPhase1)
20260530 002621.390 INFO             PET2   OCN-TO-ESMX_Driver: Run extro.
20260530 002621.390 INFO             PET2   <<<ESMX_Driver: leaving Run (phase=RunPhase1) with current time: 2010  6  1  0 30  0   0
20260530 002621.390 INFO             PET2 ESMX_Driver: Run extro.
20260530 002621.392 INFO             PET2 ESMX_Driver: Run intro.
20260530 002621.393 INFO             PET2   >>>ESMX_Driver: entered Run (phase=RunPhase1) with current time: 2010  6  1  0 30  0   0
20260530 002621.393 INFO             PET2   ESMX_Driver-TO-ATM: Run intro.
20260530 002621.393 INFO             PET2     >>>ESMX_Driver-TO-ATM entered Run (phase=RunPhase1)
20260530 002621.393 INFO             PET2     <<<ESMX_Driver-TO-ATM leaving Run (phase=RunPhase1)
20260530 002621.393 INFO             PET2   ESMX_Driver-TO-ATM: Run extro.
20260530 002621.393 INFO             PET2   ESMX_Driver-TO-OCN: Run intro.
20260530 002621.393 INFO             PET2     >>>ESMX_Driver-TO-OCN entered Run (phase=RunPhase1)
20260530 002621.393 INFO             PET2     <<<ESMX_Driver-TO-OCN leaving Run (phase=RunPhase1)
20260530 002621.393 INFO             PET2   ESMX_Driver-TO-OCN: Run extro.
20260530 002621.393 INFO             PET2   ATM-TO-OCN: Run intro.
20260530 002621.393 INFO             PET2     >>>ATM-TO-OCN entered Run (phase=RunPhase1)
20260530 002621.394 INFO             PET2     <<<ATM-TO-OCN leaving Run (phase=RunPhase1)
20260530 002621.394 INFO             PET2   ATM-TO-OCN: Run extro.
20260530 002621.394 INFO             PET2   OCN-TO-ATM: Run intro.
20260530 002621.394 INFO             PET2     >>>OCN-TO-ATM entered Run (phase=RunPhase1)
20260530 002621.394 INFO             PET2     <<<OCN-TO-ATM leaving Run (phase=RunPhase1)
20260530 002621.394 INFO             PET2   OCN-TO-ATM: Run extro.
20260530 002621.394 INFO             PET2   OCN: Run intro.
20260530 002621.395 INFO             PET2     >>>OCN: entered Run (phase=RunPhase1) with current time: 2010  6  1  0 30  0   0
20260530 002621.395 INFO             PET2     LUMO Advance(): --- VMK::log() start -------------------------------------
20260530 002621.395 INFO             PET2     LUMO Advance(): vm located at: 0x263b770
20260530 002621.395 INFO             PET2     LUMO Advance(): mpionly=1 threadsflag=0
20260530 002621.395 INFO             PET2     LUMO Advance(): ssiCount=1 localSsi=0
20260530 002621.395 INFO             PET2     LUMO Advance(): devCount=0 ssiLocalDevCount=0
20260530 002621.395 INFO             PET2     LUMO Advance(): petCount=2 ssiLocalPetCount=2
20260530 002621.395 INFO             PET2     LUMO Advance(): localPet=0 mypthid=23126249376000 ssiLocalPet=0 currentSsiPe=2
20260530 002621.395 INFO             PET2     LUMO Advance(): Current system level affinity pinning for local PET:
20260530 002621.395 INFO             PET2     LUMO Advance():  SSIPE=2
20260530 002621.395 INFO             PET2     LUMO Advance(): Current system level OMP_NUM_THREADS setting for local PET: 1
20260530 002621.395 INFO             PET2     LUMO Advance(): Current system level OMP_NUM_PROCS setting for local PET: 1
20260530 002621.395 INFO             PET2     LUMO Advance(): ESMF level logical PET->PE association (but consider system level affinity pinning!):
20260530 002621.395 INFO             PET2     LUMO Advance(): PET=0 lpid=0 tid=0 pid=2 peCount=1 accCount=0
20260530 002621.395 INFO             PET2     LUMO Advance():  PE=2 SSI=0 SSIPE=2
20260530 002621.395 INFO             PET2     LUMO Advance(): PET=1 lpid=1 tid=0 pid=3 peCount=1 accCount=0
20260530 002621.395 INFO             PET2     LUMO Advance():  PE=3 SSI=0 SSIPE=3
20260530 002621.395 INFO             PET2     LUMO Advance(): --- VMK::log() end ---------------------------------------
20260530 002621.395 INFO             PET2     thread_num=   0   currentSsiPe=   2   num_threads=   1   max_threads=   1   num_procs=   1
20260530 002621.395 INFO             PET2     ------>Advancing LUMO from: 2010  6  1  0 30  0   0
20260530 002621.395 INFO             PET2     ---------------------> to: 2010  6  1  0 35  0   0
20260530 002621.395 INFO             PET2     LUMO Advance(): --- VMK::log() start -------------------------------------
20260530 002621.395 INFO             PET2     LUMO Advance(): vm located at: 0x263b770
20260530 002621.395 INFO             PET2     LUMO Advance(): mpionly=1 threadsflag=0
20260530 002621.395 INFO             PET2     LUMO Advance(): ssiCount=1 localSsi=0
20260530 002621.395 INFO             PET2     LUMO Advance(): devCount=0 ssiLocalDevCount=0
20260530 002621.395 INFO             PET2     LUMO Advance(): petCount=2 ssiLocalPetCount=2
20260530 002621.395 INFO             PET2     LUMO Advance(): localPet=0 mypthid=23126249376000 ssiLocalPet=0 currentSsiPe=2
20260530 002621.395 INFO             PET2     LUMO Advance(): Current system level affinity pinning for local PET:
20260530 002621.395 INFO             PET2     LUMO Advance():  SSIPE=2
20260530 002621.395 INFO             PET2     LUMO Advance(): Current system level OMP_NUM_THREADS setting for local PET: 1
20260530 002621.395 INFO             PET2     LUMO Advance(): Current system level OMP_NUM_PROCS setting for local PET: 1
20260530 002621.395 INFO             PET2     LUMO Advance(): ESMF level logical PET->PE association (but consider system level affinity pinning!):
20260530 002621.395 INFO             PET2     LUMO Advance(): PET=0 lpid=0 tid=0 pid=2 peCount=1 accCount=0
20260530 002621.395 INFO             PET2     LUMO Advance():  PE=2 SSI=0 SSIPE=2
20260530 002621.395 INFO             PET2     LUMO Advance(): PET=1 lpid=1 tid=0 pid=3 peCount=1 accCount=0
20260530 002621.395 INFO             PET2     LUMO Advance():  PE=3 SSI=0 SSIPE=3
20260530 002621.395 INFO             PET2     LUMO Advance(): --- VMK::log() end ---------------------------------------
20260530 002621.395 INFO             PET2     thread_num=   0   currentSsiPe=   2   num_threads=   1   max_threads=   1   num_procs=   1
20260530 002621.395 INFO             PET2     ------>Advancing LUMO from: 2010  6  1  0 35  0   0
20260530 002621.395 INFO             PET2     ---------------------> to: 2010  6  1  0 40  0   0
20260530 002621.395 INFO             PET2     LUMO Advance(): --- VMK::log() start -------------------------------------
20260530 002621.395 INFO             PET2     LUMO Advance(): vm located at: 0x263b770
20260530 002621.395 INFO             PET2     LUMO Advance(): mpionly=1 threadsflag=0
20260530 002621.395 INFO             PET2     LUMO Advance(): ssiCount=1 localSsi=0
20260530 002621.395 INFO             PET2     LUMO Advance(): devCount=0 ssiLocalDevCount=0
20260530 002621.395 INFO             PET2     LUMO Advance(): petCount=2 ssiLocalPetCount=2
20260530 002621.395 INFO             PET2     LUMO Advance(): localPet=0 mypthid=23126249376000 ssiLocalPet=0 currentSsiPe=2
20260530 002621.395 INFO             PET2     LUMO Advance(): Current system level affinity pinning for local PET:
20260530 002621.395 INFO             PET2     LUMO Advance():  SSIPE=2
20260530 002621.395 INFO             PET2     LUMO Advance(): Current system level OMP_NUM_THREADS setting for local PET: 1
20260530 002621.395 INFO             PET2     LUMO Advance(): Current system level OMP_NUM_PROCS setting for local PET: 1
20260530 002621.395 INFO             PET2     LUMO Advance(): ESMF level logical PET->PE association (but consider system level affinity pinning!):
20260530 002621.395 INFO             PET2     LUMO Advance(): PET=0 lpid=0 tid=0 pid=2 peCount=1 accCount=0
20260530 002621.395 INFO             PET2     LUMO Advance():  PE=2 SSI=0 SSIPE=2
20260530 002621.396 INFO             PET2     LUMO Advance(): PET=1 lpid=1 tid=0 pid=3 peCount=1 accCount=0
20260530 002621.396 INFO             PET2     LUMO Advance():  PE=3 SSI=0 SSIPE=3
20260530 002621.396 INFO             PET2     LUMO Advance(): --- VMK::log() end ---------------------------------------
20260530 002621.396 INFO             PET2     thread_num=   0   currentSsiPe=   2   num_threads=   1   max_threads=   1   num_procs=   1
20260530 002621.396 INFO             PET2     ------>Advancing LUMO from: 2010  6  1  0 40  0   0
20260530 002621.396 INFO             PET2     ---------------------> to: 2010  6  1  0 45  0   0
20260530 002621.396 INFO             PET2     <<<OCN: leaving Run (phase=RunPhase1) with current time: 2010  6  1  0 45  0   0
20260530 002621.396 INFO             PET2   OCN: Run extro.
20260530 002621.396 INFO             PET2   ATM-TO-ESMX_Driver: Run intro.
20260530 002621.396 INFO             PET2     >>>ATM-TO-ESMX_Driver entered Run (phase=RunPhase1)
20260530 002621.396 INFO             PET2     <<<ATM-TO-ESMX_Driver leaving Run (phase=RunPhase1)
20260530 002621.396 INFO             PET2   ATM-TO-ESMX_Driver: Run extro.
20260530 002621.396 INFO             PET2   OCN-TO-ESMX_Driver: Run intro.
20260530 002621.396 INFO             PET2     >>>OCN-TO-ESMX_Driver entered Run (phase=RunPhase1)
20260530 002621.397 INFO             PET2     <<<OCN-TO-ESMX_Driver leaving Run (phase=RunPhase1)
20260530 002621.397 INFO             PET2   OCN-TO-ESMX_Driver: Run extro.
20260530 002621.397 INFO             PET2   <<<ESMX_Driver: leaving Run (phase=RunPhase1) with current time: 2010  6  1  0 45  0   0
20260530 002621.397 INFO             PET2 ESMX_Driver: Run extro.
20260530 002621.399 INFO             PET2 ESMX_Driver: Run intro.
20260530 002621.399 INFO             PET2   >>>ESMX_Driver: entered Run (phase=RunPhase1) with current time: 2010  6  1  0 45  0   0
20260530 002621.400 INFO             PET2   ESMX_Driver-TO-ATM: Run intro.
20260530 002621.400 INFO             PET2     >>>ESMX_Driver-TO-ATM entered Run (phase=RunPhase1)
20260530 002621.400 INFO             PET2     <<<ESMX_Driver-TO-ATM leaving Run (phase=RunPhase1)
20260530 002621.400 INFO             PET2   ESMX_Driver-TO-ATM: Run extro.
20260530 002621.400 INFO             PET2   ESMX_Driver-TO-OCN: Run intro.
20260530 002621.400 INFO             PET2     >>>ESMX_Driver-TO-OCN entered Run (phase=RunPhase1)
20260530 002621.400 INFO             PET2     <<<ESMX_Driver-TO-OCN leaving Run (phase=RunPhase1)
20260530 002621.400 INFO             PET2   ESMX_Driver-TO-OCN: Run extro.
20260530 002621.400 INFO             PET2   ATM-TO-OCN: Run intro.
20260530 002621.400 INFO             PET2     >>>ATM-TO-OCN entered Run (phase=RunPhase1)
20260530 002621.401 INFO             PET2     <<<ATM-TO-OCN leaving Run (phase=RunPhase1)
20260530 002621.401 INFO             PET2   ATM-TO-OCN: Run extro.
20260530 002621.401 INFO             PET2   OCN-TO-ATM: Run intro.
20260530 002621.401 INFO             PET2     >>>OCN-TO-ATM entered Run (phase=RunPhase1)
20260530 002621.401 INFO             PET2     <<<OCN-TO-ATM leaving Run (phase=RunPhase1)
20260530 002621.401 INFO             PET2   OCN-TO-ATM: Run extro.
20260530 002621.401 INFO             PET2   OCN: Run intro.
20260530 002621.401 INFO             PET2     >>>OCN: entered Run (phase=RunPhase1) with current time: 2010  6  1  0 45  0   0
20260530 002621.402 INFO             PET2     LUMO Advance(): --- VMK::log() start -------------------------------------
20260530 002621.402 INFO             PET2     LUMO Advance(): vm located at: 0x263b770
20260530 002621.402 INFO             PET2     LUMO Advance(): mpionly=1 threadsflag=0
20260530 002621.402 INFO             PET2     LUMO Advance(): ssiCount=1 localSsi=0
20260530 002621.402 INFO             PET2     LUMO Advance(): devCount=0 ssiLocalDevCount=0
20260530 002621.402 INFO             PET2     LUMO Advance(): petCount=2 ssiLocalPetCount=2
20260530 002621.402 INFO             PET2     LUMO Advance(): localPet=0 mypthid=23126249376000 ssiLocalPet=0 currentSsiPe=2
20260530 002621.402 INFO             PET2     LUMO Advance(): Current system level affinity pinning for local PET:
20260530 002621.402 INFO             PET2     LUMO Advance():  SSIPE=2
20260530 002621.402 INFO             PET2     LUMO Advance(): Current system level OMP_NUM_THREADS setting for local PET: 1
20260530 002621.402 INFO             PET2     LUMO Advance(): Current system level OMP_NUM_PROCS setting for local PET: 1
20260530 002621.402 INFO             PET2     LUMO Advance(): ESMF level logical PET->PE association (but consider system level affinity pinning!):
20260530 002621.402 INFO             PET2     LUMO Advance(): PET=0 lpid=0 tid=0 pid=2 peCount=1 accCount=0
20260530 002621.402 INFO             PET2     LUMO Advance():  PE=2 SSI=0 SSIPE=2
20260530 002621.402 INFO             PET2     LUMO Advance(): PET=1 lpid=1 tid=0 pid=3 peCount=1 accCount=0
20260530 002621.402 INFO             PET2     LUMO Advance():  PE=3 SSI=0 SSIPE=3
20260530 002621.402 INFO             PET2     LUMO Advance(): --- VMK::log() end ---------------------------------------
20260530 002621.402 INFO             PET2     thread_num=   0   currentSsiPe=   2   num_threads=   1   max_threads=   1   num_procs=   1
20260530 002621.402 INFO             PET2     ------>Advancing LUMO from: 2010  6  1  0 45  0   0
20260530 002621.402 INFO             PET2     ---------------------> to: 2010  6  1  0 50  0   0
20260530 002621.402 INFO             PET2     LUMO Advance(): --- VMK::log() start -------------------------------------
20260530 002621.402 INFO             PET2     LUMO Advance(): vm located at: 0x263b770
20260530 002621.402 INFO             PET2     LUMO Advance(): mpionly=1 threadsflag=0
20260530 002621.402 INFO             PET2     LUMO Advance(): ssiCount=1 localSsi=0
20260530 002621.402 INFO             PET2     LUMO Advance(): devCount=0 ssiLocalDevCount=0
20260530 002621.402 INFO             PET2     LUMO Advance(): petCount=2 ssiLocalPetCount=2
20260530 002621.402 INFO             PET2     LUMO Advance(): localPet=0 mypthid=23126249376000 ssiLocalPet=0 currentSsiPe=2
20260530 002621.402 INFO             PET2     LUMO Advance(): Current system level affinity pinning for local PET:
20260530 002621.402 INFO             PET2     LUMO Advance():  SSIPE=2
20260530 002621.402 INFO             PET2     LUMO Advance(): Current system level OMP_NUM_THREADS setting for local PET: 1
20260530 002621.402 INFO             PET2     LUMO Advance(): Current system level OMP_NUM_PROCS setting for local PET: 1
20260530 002621.402 INFO             PET2     LUMO Advance(): ESMF level logical PET->PE association (but consider system level affinity pinning!):
20260530 002621.402 INFO             PET2     LUMO Advance(): PET=0 lpid=0 tid=0 pid=2 peCount=1 accCount=0
20260530 002621.402 INFO             PET2     LUMO Advance():  PE=2 SSI=0 SSIPE=2
20260530 002621.402 INFO             PET2     LUMO Advance(): PET=1 lpid=1 tid=0 pid=3 peCount=1 accCount=0
20260530 002621.402 INFO             PET2     LUMO Advance():  PE=3 SSI=0 SSIPE=3
20260530 002621.402 INFO             PET2     LUMO Advance(): --- VMK::log() end ---------------------------------------
20260530 002621.402 INFO             PET2     thread_num=   0   currentSsiPe=   2   num_threads=   1   max_threads=   1   num_procs=   1
20260530 002621.402 INFO             PET2     ------>Advancing LUMO from: 2010  6  1  0 50  0   0
20260530 002621.402 INFO             PET2     ---------------------> to: 2010  6  1  0 55  0   0
20260530 002621.402 INFO             PET2     LUMO Advance(): --- VMK::log() start -------------------------------------
20260530 002621.402 INFO             PET2     LUMO Advance(): vm located at: 0x263b770
20260530 002621.402 INFO             PET2     LUMO Advance(): mpionly=1 threadsflag=0
20260530 002621.402 INFO             PET2     LUMO Advance(): ssiCount=1 localSsi=0
20260530 002621.402 INFO             PET2     LUMO Advance(): devCount=0 ssiLocalDevCount=0
20260530 002621.402 INFO             PET2     LUMO Advance(): petCount=2 ssiLocalPetCount=2
20260530 002621.402 INFO             PET2     LUMO Advance(): localPet=0 mypthid=23126249376000 ssiLocalPet=0 currentSsiPe=2
20260530 002621.402 INFO             PET2     LUMO Advance(): Current system level affinity pinning for local PET:
20260530 002621.402 INFO             PET2     LUMO Advance():  SSIPE=2
20260530 002621.402 INFO             PET2     LUMO Advance(): Current system level OMP_NUM_THREADS setting for local PET: 1
20260530 002621.402 INFO             PET2     LUMO Advance(): Current system level OMP_NUM_PROCS setting for local PET: 1
20260530 002621.402 INFO             PET2     LUMO Advance(): ESMF level logical PET->PE association (but consider system level affinity pinning!):
20260530 002621.402 INFO             PET2     LUMO Advance(): PET=0 lpid=0 tid=0 pid=2 peCount=1 accCount=0
20260530 002621.402 INFO             PET2     LUMO Advance():  PE=2 SSI=0 SSIPE=2
20260530 002621.402 INFO             PET2     LUMO Advance(): PET=1 lpid=1 tid=0 pid=3 peCount=1 accCount=0
20260530 002621.402 INFO             PET2     LUMO Advance():  PE=3 SSI=0 SSIPE=3
20260530 002621.402 INFO             PET2     LUMO Advance(): --- VMK::log() end ---------------------------------------
20260530 002621.402 INFO             PET2     thread_num=   0   currentSsiPe=   2   num_threads=   1   max_threads=   1   num_procs=   1
20260530 002621.402 INFO             PET2     ------>Advancing LUMO from: 2010  6  1  0 55  0   0
20260530 002621.402 INFO             PET2     ---------------------> to: 2010  6  1  1  0  0   0
20260530 002621.402 INFO             PET2     <<<OCN: leaving Run (phase=RunPhase1) with current time: 2010  6  1  1  0  0   0
20260530 002621.402 INFO             PET2   OCN: Run extro.
20260530 002621.403 INFO             PET2   ATM-TO-ESMX_Driver: Run intro.
20260530 002621.403 INFO             PET2     >>>ATM-TO-ESMX_Driver entered Run (phase=RunPhase1)
20260530 002621.403 INFO             PET2     <<<ATM-TO-ESMX_Driver leaving Run (phase=RunPhase1)
20260530 002621.403 INFO             PET2   ATM-TO-ESMX_Driver: Run extro.
20260530 002621.403 INFO             PET2   OCN-TO-ESMX_Driver: Run intro.
20260530 002621.403 INFO             PET2     >>>OCN-TO-ESMX_Driver entered Run (phase=RunPhase1)
20260530 002621.403 INFO             PET2     <<<OCN-TO-ESMX_Driver leaving Run (phase=RunPhase1)
20260530 002621.403 INFO             PET2   OCN-TO-ESMX_Driver: Run extro.
20260530 002621.403 INFO             PET2   <<<ESMX_Driver: leaving Run (phase=RunPhase1) with current time: 2010  6  1  1  0  0   0
20260530 002621.403 INFO             PET2 ESMX_Driver: Run extro.
20260530 002621.406 INFO             PET2 ESMX_Driver: Finalize intro.
20260530 002621.406 INFO             PET2   >>>ESMX_Driver: entered Finalize (phase=FinalizePhase1) with current time: 2010  6  1  1  0  0   0
20260530 002621.406 INFO             PET2   Calling Finalize phase 1 for connectorComp: ESMX_Driver-TO-ATM
20260530 002621.406 INFO             PET2   ESMX_Driver-TO-ATM: Finalize intro.
20260530 002621.407 INFO             PET2   ESMX_Driver-TO-ATM: Finalize extro.
20260530 002621.407 INFO             PET2   Calling Finalize phase 1 for connectorComp: ESMX_Driver-TO-OCN
20260530 002621.407 INFO             PET2   ESMX_Driver-TO-OCN: Finalize intro.
20260530 002621.407 INFO             PET2   ESMX_Driver-TO-OCN: Finalize extro.
20260530 002621.407 INFO             PET2   Calling Finalize phase 1 for connectorComp: ATM-TO-ESMX_Driver
20260530 002621.407 INFO             PET2   ATM-TO-ESMX_Driver: Finalize intro.
20260530 002621.407 INFO             PET2   ATM-TO-ESMX_Driver: Finalize extro.
20260530 002621.407 INFO             PET2   Calling Finalize phase 1 for connectorComp: ATM-TO-OCN
20260530 002621.407 INFO             PET2   ATM-TO-OCN: Finalize intro.
20260530 002621.407 INFO             PET2   ATM-TO-OCN: Finalize extro.
20260530 002621.408 INFO             PET2   Calling Finalize phase 1 for connectorComp: OCN-TO-ESMX_Driver
20260530 002621.408 INFO             PET2   OCN-TO-ESMX_Driver: Finalize intro.
20260530 002621.408 INFO             PET2   OCN-TO-ESMX_Driver: Finalize extro.
20260530 002621.408 INFO             PET2   Calling Finalize phase 1 for connectorComp: OCN-TO-ATM
20260530 002621.408 INFO             PET2   OCN-TO-ATM: Finalize intro.
20260530 002621.408 INFO             PET2   OCN-TO-ATM: Finalize extro.
20260530 002621.408 INFO             PET2   Calling Finalize phase 1 for modelComp: ATM
20260530 002621.408 INFO             PET2   Calling Finalize phase 1 for modelComp: OCN
20260530 002621.408 INFO             PET2   OCN: Finalize intro.
20260530 002621.408 INFO             PET2     >>>OCN: entered Finalize (phase=FinalizePhase1) with current time: 2010  6  1  1  0  0   0
20260530 002621.408 INFO             PET2     <<<OCN: leaving Finalize (phase=FinalizePhase1) with current time: 2010  6  1  1  0  0   0
20260530 002621.408 INFO             PET2   OCN: Finalize extro.
20260530 002621.408 INFO             PET2   Delete modelComp: ATM
20260530 002621.409 INFO             PET2   Delete modelComp: OCN
20260530 002621.409 INFO             PET2   Delete connectorComp: ESMX_Driver-TO-ATM
20260530 002621.409 INFO             PET2   Delete connectorComp: ESMX_Driver-TO-OCN
20260530 002621.409 INFO             PET2   Delete connectorComp: ATM-TO-ESMX_Driver
20260530 002621.409 INFO             PET2   Delete connectorComp: OCN-TO-ESMX_Driver
20260530 002621.409 INFO             PET2   Delete connectorComp: ATM-TO-OCN
20260530 002621.409 INFO             PET2   Delete connectorComp: OCN-TO-ATM
20260530 002621.409 INFO             PET2   <<<ESMX_Driver: leaving Finalize (phase=FinalizePhase1) with current time: 2010  6  1  1  0  0   0
20260530 002621.409 INFO             PET2 ESMX_Driver: Finalize extro.
20260530 002621.409 INFO             PET2 externalApp FINISHED
20260530 002621.409 INFO             PET2  Finalizing ESMF
20260530 002620.467 INFO             PET3 !!!!!!!!!!!!!!!!!!!!!!!!!!!!!!!!!!!!!!!!!!!!!!!!!!!!!!
20260530 002620.468 INFO             PET3 !!! THE ESMF_LOG IS SET TO OUTPUT ALL LOG MESSAGES !!!
20260530 002620.468 INFO             PET3 !!!     THIS MAY CAUSE SLOWDOWN IN PERFORMANCE     !!!
20260530 002620.468 INFO             PET3 !!! FOR PRODUCTION RUNS, USE:                      !!!
20260530 002620.468 INFO             PET3 !!!                   ESMF_LOGKIND_Multi_On_Error  !!!
20260530 002620.468 INFO             PET3 !!!!!!!!!!!!!!!!!!!!!!!!!!!!!!!!!!!!!!!!!!!!!!!!!!!!!!
20260530 002620.468 INFO             PET3 Running with ESMF Version   : develop+gf183dd1f0b
20260530 002620.468 INFO             PET3 ESMF library build date/time: "May 29 2026" "22:44:33"
20260530 002620.468 INFO             PET3 ESMF library build location : /discover/nobackup/projects/gmao/SIteam/ESMF_Testing/gfortran_14.2.0_openmpi_g_develop/esmf
20260530 002620.468 INFO             PET3 ESMF_COMM                   : openmpi
20260530 002620.468 INFO             PET3 ESMF_MOAB                   : enabled
20260530 002620.468 INFO             PET3 ESMF_LAPACK                 : enabled
20260530 002620.468 INFO             PET3 ESMF_NETCDF                 : enabled
20260530 002620.468 INFO             PET3 ESMF_PNETCDF                : disabled
20260530 002620.468 INFO             PET3 ESMF_PIO                    : enabled
20260530 002620.468 INFO             PET3 ESMF_YAMLCPP                : enabled
20260530 002620.468 INFO             PET3 externalApp STARTING
20260530 002620.491 INFO             PET3 ESMX_Driver - Creating model component ATM with petList of size 2 :
20260530 002620.491 INFO             PET3       0      1
20260530 002620.491 DEBUG            PET3 Generic SetVM() is executing for: ATM
20260530 002620.491 DEBUG            PET3 Generic SetVM() found no NUOPC Hint for: ATM
20260530 002620.491 DEBUG            PET3 Generic SetVM() therefore is NOT calling ESMF_GridCompSetVMMaxPEs() for: ATM
20260530 002620.497 INFO             PET3 ESMX_Driver - Creating model component OCN with petList of size 2 :
20260530 002620.497 INFO             PET3       2      3
20260530 002620.497 DEBUG            PET3 Generic SetVM() is executing for: OCN
20260530 002620.497 DEBUG            PET3 Generic SetVM() found no NUOPC Hint for: OCN
20260530 002620.497 DEBUG            PET3 Generic SetVM() therefore is NOT calling ESMF_GridCompSetVMMaxPEs() for: OCN
20260530 002620.501 INFO             PET3 ESMX_Driver - Creating connector component ESMX_Driver-TO-ATM without petList.
20260530 002620.506 INFO             PET3 ESMX_Driver - Creating connector component ESMX_Driver-TO-OCN without petList.
20260530 002620.510 INFO             PET3 ESMX_Driver - Creating connector component ATM-TO-ESMX_Driver without petList.
20260530 002620.515 INFO             PET3 ESMX_Driver - Creating connector component OCN-TO-ESMX_Driver without petList.
20260530 002620.521 INFO             PET3 OCN: InitializeP0 intro.
20260530 002620.521 INFO             PET3   >>>OCN: entered Initialize (phase=<none>) without valid internal Clock.
20260530 002620.522 INFO             PET3   <<<OCN: leaving Initialize (phase=<none>) without valid internal Clock.
20260530 002620.522 INFO             PET3 OCN: InitializeP0 extro.
20260530 002620.524 INFO             PET3 ESMX_Driver-TO-ATM: InitializeP0 intro.
20260530 002620.525 INFO             PET3 ESMX_Driver-TO-ATM: InitializeP0 extro.
20260530 002620.526 INFO             PET3 ESMX_Driver-TO-OCN: InitializeP0 intro.
20260530 002620.526 INFO             PET3 ESMX_Driver-TO-OCN: InitializeP0 extro.
20260530 002620.527 INFO             PET3 ATM-TO-ESMX_Driver: InitializeP0 intro.
20260530 002620.527 INFO             PET3 ATM-TO-ESMX_Driver: InitializeP0 extro.
20260530 002620.528 INFO             PET3 OCN-TO-ESMX_Driver: InitializeP0 intro.
20260530 002620.528 INFO             PET3 OCN-TO-ESMX_Driver: InitializeP0 extro.
20260530 002620.531 INFO             PET3 ESMX_Driver - Creating connector component ATM-TO-OCN with petList of size 4 :
20260530 002620.531 INFO             PET3       0      1      2      3
20260530 002620.537 INFO             PET3 ESMX_Driver - Setting Verbosity on created component to: low
20260530 002620.537 INFO             PET3 ESMX_Driver - Setting Profiling on created component to:          0
20260530 002620.537 INFO             PET3 ESMX_Driver - Creating connector component OCN-TO-ATM with petList of size 4 :
20260530 002620.537 INFO             PET3       2      3      0      1
20260530 002620.542 INFO             PET3 ESMX_Driver - Setting Verbosity on created component to: low
20260530 002620.543 INFO             PET3 ESMX_Driver - Setting Profiling on created component to:          0
20260530 002620.545 INFO             PET3 ESMX_Driver: IInitAdvertise intro.
20260530 002620.545 INFO             PET3   >>>ESMX_Driver: entered Initialize (phase=<none>) with current time: 2010  6  1  0  0  0   0
20260530 002620.545 INFO             PET3   <<<ESMX_Driver: leaving Initialize (phase=<none>) with current time: 2010  6  1  0  0  0   0
20260530 002620.545 INFO             PET3 ESMX_Driver: IInitAdvertise extro.
20260530 002620.545 INFO             PET3 OCN: InitializeIPDvXp01 intro.
20260530 002620.545 INFO             PET3   >>>OCN: entered Initialize (phase=IPDvXp01) without valid internal Clock.
20260530 002620.549 INFO             PET3   <<<OCN: leaving Initialize (phase=IPDvXp01) without valid internal Clock.
20260530 002620.549 INFO             PET3 OCN: InitializeIPDvXp01 extro.
20260530 002620.551 INFO             PET3 ATM-TO-ESMX_Driver: InitializeIPDv05p1 intro.
20260530 002620.555 INFO             PET3 ATM-TO-ESMX_Driver: InitializeIPDv05p1 extro.
20260530 002620.555 INFO             PET3 ATM-TO-OCN: InitializeIPDv05p1 intro.
20260530 002620.560 INFO             PET3 ATM-TO-OCN: InitializeIPDv05p1 extro.
20260530 002620.560 INFO             PET3 OCN-TO-ESMX_Driver: InitializeIPDv05p1 intro.
20260530 002620.564 INFO             PET3 OCN-TO-ESMX_Driver: InitializeIPDv05p1 extro.
20260530 002620.564 INFO             PET3 OCN-TO-ATM: InitializeIPDv05p1 intro.
20260530 002620.569 INFO             PET3 OCN-TO-ATM: InitializeIPDv05p1 extro.
20260530 002620.569 INFO             PET3 ESMX_Driver-TO-ATM: InitializeIPDv05p1 intro.
20260530 002620.571 INFO             PET3 ESMX_Driver-TO-ATM: InitializeIPDv05p1 extro.
20260530 002620.571 INFO             PET3 ESMX_Driver-TO-OCN: InitializeIPDv05p1 intro.
20260530 002620.573 INFO             PET3 ESMX_Driver-TO-OCN: InitializeIPDv05p1 extro.
20260530 002620.574 INFO             PET3 ESMX_Driver: IInitAdvertiseFinish intro.
20260530 002620.574 INFO             PET3   >>>ESMX_Driver: entered Initialize (phase=<none>) with current time: 2010  6  1  0  0  0   0
20260530 002620.574 INFO             PET3   <<<ESMX_Driver: leaving Initialize (phase=<none>) with current time: 2010  6  1  0  0  0   0
20260530 002620.574 INFO             PET3 ESMX_Driver: IInitAdvertiseFinish extro.
20260530 002620.574 INFO             PET3 ATM-TO-ESMX_Driver: InitializeIPDv05p2a intro.
20260530 002620.578 INFO             PET3 ATM-TO-ESMX_Driver: InitializeIPDv05p2a extro.
20260530 002620.578 INFO             PET3 ATM-TO-OCN: InitializeIPDv05p2a intro.
20260530 002620.583 INFO             PET3 ATM-TO-OCN: InitializeIPDv05p2a extro.
20260530 002620.584 INFO             PET3 OCN-TO-ESMX_Driver: InitializeIPDv05p2a intro.
20260530 002620.588 INFO             PET3 OCN-TO-ESMX_Driver: InitializeIPDv05p2a extro.
20260530 002620.588 INFO             PET3 OCN-TO-ATM: InitializeIPDv05p2a intro.
20260530 002620.593 INFO             PET3 OCN-TO-ATM: InitializeIPDv05p2a extro.
20260530 002620.593 INFO             PET3 ESMX_Driver-TO-ATM: InitializeIPDv05p2a intro.
20260530 002620.595 INFO             PET3 ESMX_Driver-TO-ATM: InitializeIPDv05p2a extro.
20260530 002620.596 INFO             PET3 ESMX_Driver-TO-OCN: InitializeIPDv05p2a intro.
20260530 002620.598 INFO             PET3 ESMX_Driver-TO-OCN: InitializeIPDv05p2a extro.
20260530 002620.598 INFO             PET3 ATM-TO-ESMX_Driver: InitializeIPDv05p2b intro.
20260530 002620.602 INFO             PET3 ATM-TO-ESMX_Driver: InitializeIPDv05p2b extro.
20260530 002620.602 INFO             PET3 ATM-TO-OCN: InitializeIPDv05p2b intro.
20260530 002620.608 INFO             PET3 ATM-TO-OCN: InitializeIPDv05p2b extro.
20260530 002620.608 INFO             PET3 OCN-TO-ESMX_Driver: InitializeIPDv05p2b intro.
20260530 002620.612 INFO             PET3 OCN-TO-ESMX_Driver: InitializeIPDv05p2b extro.
20260530 002620.612 INFO             PET3 OCN-TO-ATM: InitializeIPDv05p2b intro.
20260530 002620.617 INFO             PET3 OCN-TO-ATM: InitializeIPDv05p2b extro.
20260530 002620.617 INFO             PET3 ESMX_Driver-TO-ATM: InitializeIPDv05p2b intro.
20260530 002620.619 INFO             PET3 ESMX_Driver-TO-ATM: InitializeIPDv05p2b extro.
20260530 002620.619 INFO             PET3 ESMX_Driver-TO-OCN: InitializeIPDv05p2b intro.
20260530 002620.621 INFO             PET3 ESMX_Driver-TO-OCN: InitializeIPDv05p2b extro.
20260530 002620.621 INFO             PET3 ESMX_Driver: IInitModifyCplLists intro.
20260530 002620.621 INFO             PET3   >>>ESMX_Driver: entered Initialize (phase=<none>) with current time: 2010  6  1  0  0  0   0
20260530 002620.622 INFO             PET3   <<<ESMX_Driver: leaving Initialize (phase=<none>) with current time: 2010  6  1  0  0  0   0
20260530 002620.622 INFO             PET3 ESMX_Driver: IInitModifyCplLists extro.
20260530 002620.623 INFO             PET3 ATM-TO-ESMX_Driver: InitializeIPDv05p3 intro.
20260530 002620.628 INFO             PET3 ATM-TO-ESMX_Driver: InitializeIPDv05p3 extro.
20260530 002620.628 INFO             PET3 ATM-TO-OCN: InitializeIPDv05p3 intro.
20260530 002620.633 INFO             PET3 ATM-TO-OCN: InitializeIPDv05p3 extro.
20260530 002620.633 INFO             PET3 OCN-TO-ESMX_Driver: InitializeIPDv05p3 intro.
20260530 002620.638 INFO             PET3 OCN-TO-ESMX_Driver: InitializeIPDv05p3 extro.
20260530 002620.638 INFO             PET3 OCN-TO-ATM: InitializeIPDv05p3 intro.
20260530 002620.643 INFO             PET3 OCN-TO-ATM: InitializeIPDv05p3 extro.
20260530 002620.643 INFO             PET3 ESMX_Driver-TO-ATM: InitializeIPDv05p3 intro.
20260530 002620.645 INFO             PET3 ESMX_Driver-TO-ATM: InitializeIPDv05p3 extro.
20260530 002620.645 INFO             PET3 ESMX_Driver-TO-OCN: InitializeIPDv05p3 intro.
20260530 002620.648 INFO             PET3 ESMX_Driver-TO-OCN: InitializeIPDv05p3 extro.
20260530 002620.648 INFO             PET3 ESMX_Driver: InitializeIPDv02p3 intro.
20260530 002620.649 INFO             PET3   >>>ESMX_Driver: entered Initialize (phase=ExternalRealize) with current time: 2010  6  1  0  0  0   0
20260530 002620.649 INFO             PET3   ESMX_Driver: IInitCheck intro.
20260530 002620.649 INFO             PET3     >>>ESMX_Driver: entered Initialize (phase=<none>) with current time: 2010  6  1  0  0  0   0
20260530 002620.650 INFO             PET3     <<<ESMX_Driver: leaving Initialize (phase=<none>) with current time: 2010  6  1  0  0  0   0
20260530 002620.650 INFO             PET3   ESMX_Driver: IInitCheck extro.
20260530 002620.650 INFO             PET3   OCN: InitializeIPDvXp04 intro.
20260530 002620.650 INFO             PET3     >>>OCN: entered Initialize (phase=IPDvXp04) without valid internal Clock.
20260530 002620.734 INFO             PET3     <<<OCN: leaving Initialize (phase=IPDvXp04) without valid internal Clock.
20260530 002620.734 INFO             PET3   OCN: InitializeIPDvXp04 extro.
20260530 002620.736 INFO             PET3   ATM-TO-ESMX_Driver: InitializeIPDv05p4 intro.
20260530 002620.743 INFO             PET3   ATM-TO-ESMX_Driver: InitializeIPDv05p4 extro.
20260530 002620.744 INFO             PET3   ATM-TO-OCN: InitializeIPDv05p4 intro.
20260530 002620.754 INFO             PET3   ATM-TO-OCN: InitializeIPDv05p4 extro.
20260530 002620.755 INFO             PET3   OCN-TO-ESMX_Driver: InitializeIPDv05p4 intro.
20260530 002620.764 INFO             PET3   OCN-TO-ESMX_Driver: InitializeIPDv05p4 extro.
20260530 002620.764 INFO             PET3   OCN-TO-ATM: InitializeIPDv05p4 intro.
20260530 002620.774 INFO             PET3   OCN-TO-ATM: InitializeIPDv05p4 extro.
20260530 002620.774 INFO             PET3   ESMX_Driver-TO-ATM: InitializeIPDv05p4 intro.
20260530 002620.778 INFO             PET3   ESMX_Driver-TO-ATM: InitializeIPDv05p4 extro.
20260530 002620.779 INFO             PET3   ESMX_Driver-TO-OCN: InitializeIPDv05p4 intro.
20260530 002620.781 INFO             PET3   ESMX_Driver-TO-OCN: InitializeIPDv05p4 extro.
20260530 002620.782 INFO             PET3   ATM-TO-ESMX_Driver: InitializeIPDv05p5 intro.
20260530 002620.814 INFO             PET3   ATM-TO-ESMX_Driver: InitializeIPDv05p5 extro.
20260530 002620.814 INFO             PET3   ATM-TO-OCN: InitializeIPDv05p5 intro.
20260530 002620.825 INFO             PET3   ATM-TO-OCN: InitializeIPDv05p5 extro.
20260530 002620.825 INFO             PET3   OCN-TO-ESMX_Driver: InitializeIPDv05p5 intro.
20260530 002620.870 INFO             PET3   OCN-TO-ESMX_Driver: InitializeIPDv05p5 extro.
20260530 002620.870 INFO             PET3   OCN-TO-ATM: InitializeIPDv05p5 intro.
20260530 002620.881 INFO             PET3   OCN-TO-ATM: InitializeIPDv05p5 extro.
20260530 002620.881 INFO             PET3   ESMX_Driver-TO-ATM: InitializeIPDv05p5 intro.
20260530 002620.887 INFO             PET3   ESMX_Driver-TO-ATM: InitializeIPDv05p5 extro.
20260530 002620.887 INFO             PET3   ESMX_Driver-TO-OCN: InitializeIPDv05p5 intro.
20260530 002620.890 INFO             PET3   ESMX_Driver-TO-OCN: InitializeIPDv05p5 extro.
20260530 002620.890 INFO             PET3   ESMX_Driver: IInitRealize intro.
20260530 002620.890 INFO             PET3     >>>ESMX_Driver: entered Initialize (phase=<none>) with current time: 2010  6  1  0  0  0   0
20260530 002620.891 INFO             PET3     <<<ESMX_Driver: leaving Initialize (phase=<none>) with current time: 2010  6  1  0  0  0   0
20260530 002620.891 INFO             PET3   ESMX_Driver: IInitRealize extro.
20260530 002620.892 INFO             PET3   ATM-TO-ESMX_Driver: InitializeIPDv05p6a intro.
20260530 002620.901 INFO             PET3   ATM-TO-ESMX_Driver: InitializeIPDv05p6a extro.
20260530 002620.901 INFO             PET3   ATM-TO-OCN: InitializeIPDv05p6a intro.
20260530 002620.910 INFO             PET3   ATM-TO-OCN: InitializeIPDv05p6a extro.
20260530 002620.910 INFO             PET3   OCN-TO-ESMX_Driver: InitializeIPDv05p6a intro.
20260530 002620.919 INFO             PET3   OCN-TO-ESMX_Driver: InitializeIPDv05p6a extro.
20260530 002620.919 INFO             PET3   OCN-TO-ATM: InitializeIPDv05p6a intro.
20260530 002620.928 INFO             PET3   OCN-TO-ATM: InitializeIPDv05p6a extro.
20260530 002620.928 INFO             PET3   ESMX_Driver-TO-ATM: InitializeIPDv05p6a intro.
20260530 002620.932 INFO             PET3   ESMX_Driver-TO-ATM: InitializeIPDv05p6a extro.
20260530 002620.932 INFO             PET3   ESMX_Driver-TO-OCN: InitializeIPDv05p6a intro.
20260530 002620.935 INFO             PET3   ESMX_Driver-TO-OCN: InitializeIPDv05p6a extro.
20260530 002620.935 INFO             PET3   ATM-TO-ESMX_Driver: InitializeIPDv05p6b intro.
20260530 002620.948 INFO             PET3   ATM-TO-ESMX_Driver: InitializeIPDv05p6b extro.
20260530 002620.948 INFO             PET3   ATM-TO-OCN: InitializeIPDv05p6b intro.
20260530 002621.153 INFO             PET3   ATM-TO-OCN: InitializeIPDv05p6b extro.
20260530 002621.153 INFO             PET3   OCN-TO-ESMX_Driver: InitializeIPDv05p6b intro.
20260530 002621.168 INFO             PET3   OCN-TO-ESMX_Driver: InitializeIPDv05p6b extro.
20260530 002621.169 INFO             PET3   OCN-TO-ATM: InitializeIPDv05p6b intro.
20260530 002621.337 INFO             PET3   OCN-TO-ATM: InitializeIPDv05p6b extro.
20260530 002621.337 INFO             PET3   ESMX_Driver-TO-ATM: InitializeIPDv05p6b intro.
20260530 002621.337 INFO             PET3   ESMX_Driver-TO-ATM: InitializeIPDv05p6b extro.
20260530 002621.338 INFO             PET3   ESMX_Driver-TO-OCN: InitializeIPDv05p6b intro.
20260530 002621.338 INFO             PET3   ESMX_Driver-TO-OCN: InitializeIPDv05p6b extro.
20260530 002621.338 INFO             PET3   OCN: InitializeIPDvXp07 intro.
20260530 002621.338 INFO             PET3     >>>OCN: entered Initialize (phase=IPDvXp07) without valid internal Clock.
20260530 002621.339 INFO             PET3     <<<OCN: leaving Initialize (phase=IPDvXp07) with current time: 2010  6  1  0  0  0   0
20260530 002621.339 INFO             PET3   OCN: InitializeIPDvXp07 extro.
20260530 002621.339 INFO             PET3   <<<ESMX_Driver: leaving Initialize (phase=ExternalRealize) with current time: 2010  6  1  0  0  0   0
20260530 002621.339 INFO             PET3 ESMX_Driver: InitializeIPDv02p3 extro.
20260530 002621.339 INFO             PET3 ESMX_Driver: InitializeIPDv02p5 intro.
20260530 002621.339 INFO             PET3   >>>ESMX_Driver: entered Initialize (phase=ExternalDataInitialize) with current time: 2010  6  1  0  0  0   0
20260530 002621.339 INFO             PET3   ESMX_Driver: InitializeIPDv02p5Data intro.
20260530 002621.340 INFO             PET3     >>>ESMX_Driver: entered Initialize (phase=ExternalDataInitialize) with current time: 2010  6  1  0  0  0   0
20260530 002621.340 INFO             PET3     ESMX_Driver: InternalInitializeComplete intro.
20260530 002621.340 INFO             PET3       >>>ESMX_Driver: entered Initialize (phase=<none>) with current time: 2010  6  1  0  0  0   0
20260530 002621.340 INFO             PET3       <<<ESMX_Driver: leaving Initialize (phase=<none>) with current time: 2010  6  1  0  0  0   0
20260530 002621.340 INFO             PET3     ESMX_Driver: InternalInitializeComplete extro.
20260530 002621.340 INFO             PET3     OCN: InitializeIPDv01p5 intro.
20260530 002621.340 INFO             PET3       >>>OCN: entered Initialize (phase=IPDvXp08) with current time: 2010  6  1  0  0  0   0
20260530 002621.340 INFO             PET3       <<<OCN: leaving Initialize (phase=IPDvXp08) with current time: 2010  6  1  0  0  0   0
20260530 002621.340 INFO             PET3     OCN: InitializeIPDv01p5 extro.
20260530 002621.342 INFO             PET3     ESMX_Driver: loopDataDependentInitialize intro.
20260530 002621.342 INFO             PET3       >>>ESMX_Driver: entered Initialize (phase=ExternalDataInitialize) with current time: 2010  6  1  0  0  0   0
20260530 002621.342 INFO             PET3       ATM-TO-ESMX_Driver: Run intro.
20260530 002621.342 INFO             PET3         >>>ATM-TO-ESMX_Driver entered Run (phase=RunPhase1)
20260530 002621.343 INFO             PET3         <<<ATM-TO-ESMX_Driver leaving Run (phase=RunPhase1)
20260530 002621.343 INFO             PET3       ATM-TO-ESMX_Driver: Run extro.
20260530 002621.343 INFO             PET3       OCN-TO-ESMX_Driver: Run intro.
20260530 002621.343 INFO             PET3         >>>OCN-TO-ESMX_Driver entered Run (phase=RunPhase1)
20260530 002621.343 INFO             PET3         <<<OCN-TO-ESMX_Driver leaving Run (phase=RunPhase1)
20260530 002621.343 INFO             PET3       OCN-TO-ESMX_Driver: Run extro.
20260530 002621.343 INFO             PET3       ESMX_Driver: InternalInitializeComplete intro.
20260530 002621.343 INFO             PET3         >>>ESMX_Driver: entered Initialize (phase=<none>) with current time: 2010  6  1  0  0  0   0
20260530 002621.344 INFO             PET3         <<<ESMX_Driver: leaving Initialize (phase=<none>) with current time: 2010  6  1  0  0  0   0
20260530 002621.344 INFO             PET3       ESMX_Driver: InternalInitializeComplete extro.
20260530 002621.344 INFO             PET3       <<<ESMX_Driver: leaving Initialize (phase=ExternalDataInitialize) with current time: 2010  6  1  0  0  0   0
20260530 002621.344 INFO             PET3     ESMX_Driver: loopDataDependentInitialize extro.
20260530 002621.344 INFO             PET3     <<<ESMX_Driver: leaving Initialize (phase=ExternalDataInitialize) with current time: 2010  6  1  0  0  0   0
20260530 002621.344 INFO             PET3   ESMX_Driver: InitializeIPDv02p5Data extro.
20260530 002621.344 INFO             PET3   <<<ESMX_Driver: leaving Initialize (phase=ExternalDataInitialize) with current time: 2010  6  1  0  0  0   0
20260530 002621.344 INFO             PET3 ESMX_Driver: InitializeIPDv02p5 extro.
20260530 002621.376 INFO             PET3 ESMX_Driver: Run intro.
20260530 002621.376 INFO             PET3   >>>ESMX_Driver: entered Run (phase=RunPhase1) with current time: 2010  6  1  0  0  0   0
20260530 002621.377 INFO             PET3   ESMX_Driver-TO-ATM: Run intro.
20260530 002621.377 INFO             PET3     >>>ESMX_Driver-TO-ATM entered Run (phase=RunPhase1)
20260530 002621.377 INFO             PET3     <<<ESMX_Driver-TO-ATM leaving Run (phase=RunPhase1)
20260530 002621.377 INFO             PET3   ESMX_Driver-TO-ATM: Run extro.
20260530 002621.377 INFO             PET3   ESMX_Driver-TO-OCN: Run intro.
20260530 002621.377 INFO             PET3     >>>ESMX_Driver-TO-OCN entered Run (phase=RunPhase1)
20260530 002621.377 INFO             PET3     <<<ESMX_Driver-TO-OCN leaving Run (phase=RunPhase1)
20260530 002621.377 INFO             PET3   ESMX_Driver-TO-OCN: Run extro.
20260530 002621.377 INFO             PET3   ATM-TO-OCN: Run intro.
20260530 002621.377 INFO             PET3     >>>ATM-TO-OCN entered Run (phase=RunPhase1)
20260530 002621.379 INFO             PET3     <<<ATM-TO-OCN leaving Run (phase=RunPhase1)
20260530 002621.379 INFO             PET3   ATM-TO-OCN: Run extro.
20260530 002621.379 INFO             PET3   OCN-TO-ATM: Run intro.
20260530 002621.379 INFO             PET3     >>>OCN-TO-ATM entered Run (phase=RunPhase1)
20260530 002621.380 INFO             PET3     <<<OCN-TO-ATM leaving Run (phase=RunPhase1)
20260530 002621.380 INFO             PET3   OCN-TO-ATM: Run extro.
20260530 002621.380 INFO             PET3   OCN: Run intro.
20260530 002621.381 INFO             PET3     >>>OCN: entered Run (phase=RunPhase1) with current time: 2010  6  1  0  0  0   0
20260530 002621.381 INFO             PET3     LUMO Advance(): --- VMK::log() start -------------------------------------
20260530 002621.381 INFO             PET3     LUMO Advance(): vm located at: 0x2e863d0
20260530 002621.381 INFO             PET3     LUMO Advance(): mpionly=1 threadsflag=0
20260530 002621.381 INFO             PET3     LUMO Advance(): ssiCount=1 localSsi=0
20260530 002621.381 INFO             PET3     LUMO Advance(): devCount=0 ssiLocalDevCount=0
20260530 002621.381 INFO             PET3     LUMO Advance(): petCount=2 ssiLocalPetCount=2
20260530 002621.381 INFO             PET3     LUMO Advance(): localPet=1 mypthid=22552477190400 ssiLocalPet=1 currentSsiPe=3
20260530 002621.381 INFO             PET3     LUMO Advance(): Current system level affinity pinning for local PET:
20260530 002621.381 INFO             PET3     LUMO Advance():  SSIPE=3
20260530 002621.381 INFO             PET3     LUMO Advance(): Current system level OMP_NUM_THREADS setting for local PET: 1
20260530 002621.381 INFO             PET3     LUMO Advance(): Current system level OMP_NUM_PROCS setting for local PET: 1
20260530 002621.381 INFO             PET3     LUMO Advance(): ESMF level logical PET->PE association (but consider system level affinity pinning!):
20260530 002621.381 INFO             PET3     LUMO Advance(): PET=0 lpid=0 tid=0 pid=2 peCount=1 accCount=0
20260530 002621.381 INFO             PET3     LUMO Advance():  PE=2 SSI=0 SSIPE=2
20260530 002621.381 INFO             PET3     LUMO Advance(): PET=1 lpid=1 tid=0 pid=3 peCount=1 accCount=0
20260530 002621.381 INFO             PET3     LUMO Advance():  PE=3 SSI=0 SSIPE=3
20260530 002621.381 INFO             PET3     LUMO Advance(): --- VMK::log() end ---------------------------------------
20260530 002621.381 INFO             PET3     thread_num=   0   currentSsiPe=   3   num_threads=   1   max_threads=   1   num_procs=   1
20260530 002621.381 INFO             PET3     ------>Advancing LUMO from: 2010  6  1  0  0  0   0
20260530 002621.381 INFO             PET3     ---------------------> to: 2010  6  1  0  5  0   0
20260530 002621.381 INFO             PET3     LUMO Advance(): --- VMK::log() start -------------------------------------
20260530 002621.381 INFO             PET3     LUMO Advance(): vm located at: 0x2e863d0
20260530 002621.381 INFO             PET3     LUMO Advance(): mpionly=1 threadsflag=0
20260530 002621.381 INFO             PET3     LUMO Advance(): ssiCount=1 localSsi=0
20260530 002621.381 INFO             PET3     LUMO Advance(): devCount=0 ssiLocalDevCount=0
20260530 002621.381 INFO             PET3     LUMO Advance(): petCount=2 ssiLocalPetCount=2
20260530 002621.381 INFO             PET3     LUMO Advance(): localPet=1 mypthid=22552477190400 ssiLocalPet=1 currentSsiPe=3
20260530 002621.381 INFO             PET3     LUMO Advance(): Current system level affinity pinning for local PET:
20260530 002621.381 INFO             PET3     LUMO Advance():  SSIPE=3
20260530 002621.381 INFO             PET3     LUMO Advance(): Current system level OMP_NUM_THREADS setting for local PET: 1
20260530 002621.381 INFO             PET3     LUMO Advance(): Current system level OMP_NUM_PROCS setting for local PET: 1
20260530 002621.381 INFO             PET3     LUMO Advance(): ESMF level logical PET->PE association (but consider system level affinity pinning!):
20260530 002621.381 INFO             PET3     LUMO Advance(): PET=0 lpid=0 tid=0 pid=2 peCount=1 accCount=0
20260530 002621.381 INFO             PET3     LUMO Advance():  PE=2 SSI=0 SSIPE=2
20260530 002621.381 INFO             PET3     LUMO Advance(): PET=1 lpid=1 tid=0 pid=3 peCount=1 accCount=0
20260530 002621.381 INFO             PET3     LUMO Advance():  PE=3 SSI=0 SSIPE=3
20260530 002621.381 INFO             PET3     LUMO Advance(): --- VMK::log() end ---------------------------------------
20260530 002621.381 INFO             PET3     thread_num=   0   currentSsiPe=   3   num_threads=   1   max_threads=   1   num_procs=   1
20260530 002621.381 INFO             PET3     ------>Advancing LUMO from: 2010  6  1  0  5  0   0
20260530 002621.381 INFO             PET3     ---------------------> to: 2010  6  1  0 10  0   0
20260530 002621.381 INFO             PET3     LUMO Advance(): --- VMK::log() start -------------------------------------
20260530 002621.381 INFO             PET3     LUMO Advance(): vm located at: 0x2e863d0
20260530 002621.381 INFO             PET3     LUMO Advance(): mpionly=1 threadsflag=0
20260530 002621.381 INFO             PET3     LUMO Advance(): ssiCount=1 localSsi=0
20260530 002621.381 INFO             PET3     LUMO Advance(): devCount=0 ssiLocalDevCount=0
20260530 002621.381 INFO             PET3     LUMO Advance(): petCount=2 ssiLocalPetCount=2
20260530 002621.381 INFO             PET3     LUMO Advance(): localPet=1 mypthid=22552477190400 ssiLocalPet=1 currentSsiPe=3
20260530 002621.381 INFO             PET3     LUMO Advance(): Current system level affinity pinning for local PET:
20260530 002621.381 INFO             PET3     LUMO Advance():  SSIPE=3
20260530 002621.381 INFO             PET3     LUMO Advance(): Current system level OMP_NUM_THREADS setting for local PET: 1
20260530 002621.381 INFO             PET3     LUMO Advance(): Current system level OMP_NUM_PROCS setting for local PET: 1
20260530 002621.381 INFO             PET3     LUMO Advance(): ESMF level logical PET->PE association (but consider system level affinity pinning!):
20260530 002621.382 INFO             PET3     LUMO Advance(): PET=0 lpid=0 tid=0 pid=2 peCount=1 accCount=0
20260530 002621.382 INFO             PET3     LUMO Advance():  PE=2 SSI=0 SSIPE=2
20260530 002621.382 INFO             PET3     LUMO Advance(): PET=1 lpid=1 tid=0 pid=3 peCount=1 accCount=0
20260530 002621.382 INFO             PET3     LUMO Advance():  PE=3 SSI=0 SSIPE=3
20260530 002621.382 INFO             PET3     LUMO Advance(): --- VMK::log() end ---------------------------------------
20260530 002621.382 INFO             PET3     thread_num=   0   currentSsiPe=   3   num_threads=   1   max_threads=   1   num_procs=   1
20260530 002621.382 INFO             PET3     ------>Advancing LUMO from: 2010  6  1  0 10  0   0
20260530 002621.382 INFO             PET3     ---------------------> to: 2010  6  1  0 15  0   0
20260530 002621.382 INFO             PET3     <<<OCN: leaving Run (phase=RunPhase1) with current time: 2010  6  1  0 15  0   0
20260530 002621.382 INFO             PET3   OCN: Run extro.
20260530 002621.382 INFO             PET3   ATM-TO-ESMX_Driver: Run intro.
20260530 002621.382 INFO             PET3     >>>ATM-TO-ESMX_Driver entered Run (phase=RunPhase1)
20260530 002621.382 INFO             PET3     <<<ATM-TO-ESMX_Driver leaving Run (phase=RunPhase1)
20260530 002621.382 INFO             PET3   ATM-TO-ESMX_Driver: Run extro.
20260530 002621.382 INFO             PET3   OCN-TO-ESMX_Driver: Run intro.
20260530 002621.382 INFO             PET3     >>>OCN-TO-ESMX_Driver entered Run (phase=RunPhase1)
20260530 002621.383 INFO             PET3     <<<OCN-TO-ESMX_Driver leaving Run (phase=RunPhase1)
20260530 002621.383 INFO             PET3   OCN-TO-ESMX_Driver: Run extro.
20260530 002621.383 INFO             PET3   <<<ESMX_Driver: leaving Run (phase=RunPhase1) with current time: 2010  6  1  0 15  0   0
20260530 002621.383 INFO             PET3 ESMX_Driver: Run extro.
20260530 002621.386 INFO             PET3 ESMX_Driver: Run intro.
20260530 002621.386 INFO             PET3   >>>ESMX_Driver: entered Run (phase=RunPhase1) with current time: 2010  6  1  0 15  0   0
20260530 002621.386 INFO             PET3   ESMX_Driver-TO-ATM: Run intro.
20260530 002621.386 INFO             PET3     >>>ESMX_Driver-TO-ATM entered Run (phase=RunPhase1)
20260530 002621.386 INFO             PET3     <<<ESMX_Driver-TO-ATM leaving Run (phase=RunPhase1)
20260530 002621.386 INFO             PET3   ESMX_Driver-TO-ATM: Run extro.
20260530 002621.386 INFO             PET3   ESMX_Driver-TO-OCN: Run intro.
20260530 002621.386 INFO             PET3     >>>ESMX_Driver-TO-OCN entered Run (phase=RunPhase1)
20260530 002621.386 INFO             PET3     <<<ESMX_Driver-TO-OCN leaving Run (phase=RunPhase1)
20260530 002621.386 INFO             PET3   ESMX_Driver-TO-OCN: Run extro.
20260530 002621.387 INFO             PET3   ATM-TO-OCN: Run intro.
20260530 002621.387 INFO             PET3     >>>ATM-TO-OCN entered Run (phase=RunPhase1)
20260530 002621.387 INFO             PET3     <<<ATM-TO-OCN leaving Run (phase=RunPhase1)
20260530 002621.387 INFO             PET3   ATM-TO-OCN: Run extro.
20260530 002621.387 INFO             PET3   OCN-TO-ATM: Run intro.
20260530 002621.387 INFO             PET3     >>>OCN-TO-ATM entered Run (phase=RunPhase1)
20260530 002621.388 INFO             PET3     <<<OCN-TO-ATM leaving Run (phase=RunPhase1)
20260530 002621.388 INFO             PET3   OCN-TO-ATM: Run extro.
20260530 002621.388 INFO             PET3   OCN: Run intro.
20260530 002621.388 INFO             PET3     >>>OCN: entered Run (phase=RunPhase1) with current time: 2010  6  1  0 15  0   0
20260530 002621.388 INFO             PET3     LUMO Advance(): --- VMK::log() start -------------------------------------
20260530 002621.388 INFO             PET3     LUMO Advance(): vm located at: 0x2e863d0
20260530 002621.388 INFO             PET3     LUMO Advance(): mpionly=1 threadsflag=0
20260530 002621.388 INFO             PET3     LUMO Advance(): ssiCount=1 localSsi=0
20260530 002621.388 INFO             PET3     LUMO Advance(): devCount=0 ssiLocalDevCount=0
20260530 002621.388 INFO             PET3     LUMO Advance(): petCount=2 ssiLocalPetCount=2
20260530 002621.388 INFO             PET3     LUMO Advance(): localPet=1 mypthid=22552477190400 ssiLocalPet=1 currentSsiPe=3
20260530 002621.388 INFO             PET3     LUMO Advance(): Current system level affinity pinning for local PET:
20260530 002621.388 INFO             PET3     LUMO Advance():  SSIPE=3
20260530 002621.388 INFO             PET3     LUMO Advance(): Current system level OMP_NUM_THREADS setting for local PET: 1
20260530 002621.388 INFO             PET3     LUMO Advance(): Current system level OMP_NUM_PROCS setting for local PET: 1
20260530 002621.388 INFO             PET3     LUMO Advance(): ESMF level logical PET->PE association (but consider system level affinity pinning!):
20260530 002621.388 INFO             PET3     LUMO Advance(): PET=0 lpid=0 tid=0 pid=2 peCount=1 accCount=0
20260530 002621.388 INFO             PET3     LUMO Advance():  PE=2 SSI=0 SSIPE=2
20260530 002621.388 INFO             PET3     LUMO Advance(): PET=1 lpid=1 tid=0 pid=3 peCount=1 accCount=0
20260530 002621.388 INFO             PET3     LUMO Advance():  PE=3 SSI=0 SSIPE=3
20260530 002621.388 INFO             PET3     LUMO Advance(): --- VMK::log() end ---------------------------------------
20260530 002621.388 INFO             PET3     thread_num=   0   currentSsiPe=   3   num_threads=   1   max_threads=   1   num_procs=   1
20260530 002621.388 INFO             PET3     ------>Advancing LUMO from: 2010  6  1  0 15  0   0
20260530 002621.388 INFO             PET3     ---------------------> to: 2010  6  1  0 20  0   0
20260530 002621.388 INFO             PET3     LUMO Advance(): --- VMK::log() start -------------------------------------
20260530 002621.388 INFO             PET3     LUMO Advance(): vm located at: 0x2e863d0
20260530 002621.388 INFO             PET3     LUMO Advance(): mpionly=1 threadsflag=0
20260530 002621.388 INFO             PET3     LUMO Advance(): ssiCount=1 localSsi=0
20260530 002621.388 INFO             PET3     LUMO Advance(): devCount=0 ssiLocalDevCount=0
20260530 002621.388 INFO             PET3     LUMO Advance(): petCount=2 ssiLocalPetCount=2
20260530 002621.388 INFO             PET3     LUMO Advance(): localPet=1 mypthid=22552477190400 ssiLocalPet=1 currentSsiPe=3
20260530 002621.388 INFO             PET3     LUMO Advance(): Current system level affinity pinning for local PET:
20260530 002621.388 INFO             PET3     LUMO Advance():  SSIPE=3
20260530 002621.388 INFO             PET3     LUMO Advance(): Current system level OMP_NUM_THREADS setting for local PET: 1
20260530 002621.388 INFO             PET3     LUMO Advance(): Current system level OMP_NUM_PROCS setting for local PET: 1
20260530 002621.388 INFO             PET3     LUMO Advance(): ESMF level logical PET->PE association (but consider system level affinity pinning!):
20260530 002621.388 INFO             PET3     LUMO Advance(): PET=0 lpid=0 tid=0 pid=2 peCount=1 accCount=0
20260530 002621.388 INFO             PET3     LUMO Advance():  PE=2 SSI=0 SSIPE=2
20260530 002621.389 INFO             PET3     LUMO Advance(): PET=1 lpid=1 tid=0 pid=3 peCount=1 accCount=0
20260530 002621.389 INFO             PET3     LUMO Advance():  PE=3 SSI=0 SSIPE=3
20260530 002621.389 INFO             PET3     LUMO Advance(): --- VMK::log() end ---------------------------------------
20260530 002621.389 INFO             PET3     thread_num=   0   currentSsiPe=   3   num_threads=   1   max_threads=   1   num_procs=   1
20260530 002621.389 INFO             PET3     ------>Advancing LUMO from: 2010  6  1  0 20  0   0
20260530 002621.389 INFO             PET3     ---------------------> to: 2010  6  1  0 25  0   0
20260530 002621.389 INFO             PET3     LUMO Advance(): --- VMK::log() start -------------------------------------
20260530 002621.389 INFO             PET3     LUMO Advance(): vm located at: 0x2e863d0
20260530 002621.389 INFO             PET3     LUMO Advance(): mpionly=1 threadsflag=0
20260530 002621.389 INFO             PET3     LUMO Advance(): ssiCount=1 localSsi=0
20260530 002621.389 INFO             PET3     LUMO Advance(): devCount=0 ssiLocalDevCount=0
20260530 002621.389 INFO             PET3     LUMO Advance(): petCount=2 ssiLocalPetCount=2
20260530 002621.389 INFO             PET3     LUMO Advance(): localPet=1 mypthid=22552477190400 ssiLocalPet=1 currentSsiPe=3
20260530 002621.389 INFO             PET3     LUMO Advance(): Current system level affinity pinning for local PET:
20260530 002621.389 INFO             PET3     LUMO Advance():  SSIPE=3
20260530 002621.389 INFO             PET3     LUMO Advance(): Current system level OMP_NUM_THREADS setting for local PET: 1
20260530 002621.389 INFO             PET3     LUMO Advance(): Current system level OMP_NUM_PROCS setting for local PET: 1
20260530 002621.389 INFO             PET3     LUMO Advance(): ESMF level logical PET->PE association (but consider system level affinity pinning!):
20260530 002621.389 INFO             PET3     LUMO Advance(): PET=0 lpid=0 tid=0 pid=2 peCount=1 accCount=0
20260530 002621.389 INFO             PET3     LUMO Advance():  PE=2 SSI=0 SSIPE=2
20260530 002621.389 INFO             PET3     LUMO Advance(): PET=1 lpid=1 tid=0 pid=3 peCount=1 accCount=0
20260530 002621.389 INFO             PET3     LUMO Advance():  PE=3 SSI=0 SSIPE=3
20260530 002621.389 INFO             PET3     LUMO Advance(): --- VMK::log() end ---------------------------------------
20260530 002621.389 INFO             PET3     thread_num=   0   currentSsiPe=   3   num_threads=   1   max_threads=   1   num_procs=   1
20260530 002621.389 INFO             PET3     ------>Advancing LUMO from: 2010  6  1  0 25  0   0
20260530 002621.389 INFO             PET3     ---------------------> to: 2010  6  1  0 30  0   0
20260530 002621.389 INFO             PET3     <<<OCN: leaving Run (phase=RunPhase1) with current time: 2010  6  1  0 30  0   0
20260530 002621.389 INFO             PET3   OCN: Run extro.
20260530 002621.389 INFO             PET3   ATM-TO-ESMX_Driver: Run intro.
20260530 002621.389 INFO             PET3     >>>ATM-TO-ESMX_Driver entered Run (phase=RunPhase1)
20260530 002621.389 INFO             PET3     <<<ATM-TO-ESMX_Driver leaving Run (phase=RunPhase1)
20260530 002621.389 INFO             PET3   ATM-TO-ESMX_Driver: Run extro.
20260530 002621.390 INFO             PET3   OCN-TO-ESMX_Driver: Run intro.
20260530 002621.390 INFO             PET3     >>>OCN-TO-ESMX_Driver entered Run (phase=RunPhase1)
20260530 002621.390 INFO             PET3     <<<OCN-TO-ESMX_Driver leaving Run (phase=RunPhase1)
20260530 002621.390 INFO             PET3   OCN-TO-ESMX_Driver: Run extro.
20260530 002621.390 INFO             PET3   <<<ESMX_Driver: leaving Run (phase=RunPhase1) with current time: 2010  6  1  0 30  0   0
20260530 002621.390 INFO             PET3 ESMX_Driver: Run extro.
20260530 002621.392 INFO             PET3 ESMX_Driver: Run intro.
20260530 002621.393 INFO             PET3   >>>ESMX_Driver: entered Run (phase=RunPhase1) with current time: 2010  6  1  0 30  0   0
20260530 002621.393 INFO             PET3   ESMX_Driver-TO-ATM: Run intro.
20260530 002621.393 INFO             PET3     >>>ESMX_Driver-TO-ATM entered Run (phase=RunPhase1)
20260530 002621.393 INFO             PET3     <<<ESMX_Driver-TO-ATM leaving Run (phase=RunPhase1)
20260530 002621.393 INFO             PET3   ESMX_Driver-TO-ATM: Run extro.
20260530 002621.393 INFO             PET3   ESMX_Driver-TO-OCN: Run intro.
20260530 002621.393 INFO             PET3     >>>ESMX_Driver-TO-OCN entered Run (phase=RunPhase1)
20260530 002621.393 INFO             PET3     <<<ESMX_Driver-TO-OCN leaving Run (phase=RunPhase1)
20260530 002621.393 INFO             PET3   ESMX_Driver-TO-OCN: Run extro.
20260530 002621.393 INFO             PET3   ATM-TO-OCN: Run intro.
20260530 002621.393 INFO             PET3     >>>ATM-TO-OCN entered Run (phase=RunPhase1)
20260530 002621.394 INFO             PET3     <<<ATM-TO-OCN leaving Run (phase=RunPhase1)
20260530 002621.394 INFO             PET3   ATM-TO-OCN: Run extro.
20260530 002621.394 INFO             PET3   OCN-TO-ATM: Run intro.
20260530 002621.394 INFO             PET3     >>>OCN-TO-ATM entered Run (phase=RunPhase1)
20260530 002621.394 INFO             PET3     <<<OCN-TO-ATM leaving Run (phase=RunPhase1)
20260530 002621.394 INFO             PET3   OCN-TO-ATM: Run extro.
20260530 002621.394 INFO             PET3   OCN: Run intro.
20260530 002621.395 INFO             PET3     >>>OCN: entered Run (phase=RunPhase1) with current time: 2010  6  1  0 30  0   0
20260530 002621.395 INFO             PET3     LUMO Advance(): --- VMK::log() start -------------------------------------
20260530 002621.395 INFO             PET3     LUMO Advance(): vm located at: 0x2e863d0
20260530 002621.395 INFO             PET3     LUMO Advance(): mpionly=1 threadsflag=0
20260530 002621.395 INFO             PET3     LUMO Advance(): ssiCount=1 localSsi=0
20260530 002621.395 INFO             PET3     LUMO Advance(): devCount=0 ssiLocalDevCount=0
20260530 002621.395 INFO             PET3     LUMO Advance(): petCount=2 ssiLocalPetCount=2
20260530 002621.395 INFO             PET3     LUMO Advance(): localPet=1 mypthid=22552477190400 ssiLocalPet=1 currentSsiPe=3
20260530 002621.395 INFO             PET3     LUMO Advance(): Current system level affinity pinning for local PET:
20260530 002621.395 INFO             PET3     LUMO Advance():  SSIPE=3
20260530 002621.395 INFO             PET3     LUMO Advance(): Current system level OMP_NUM_THREADS setting for local PET: 1
20260530 002621.395 INFO             PET3     LUMO Advance(): Current system level OMP_NUM_PROCS setting for local PET: 1
20260530 002621.395 INFO             PET3     LUMO Advance(): ESMF level logical PET->PE association (but consider system level affinity pinning!):
20260530 002621.395 INFO             PET3     LUMO Advance(): PET=0 lpid=0 tid=0 pid=2 peCount=1 accCount=0
20260530 002621.395 INFO             PET3     LUMO Advance():  PE=2 SSI=0 SSIPE=2
20260530 002621.395 INFO             PET3     LUMO Advance(): PET=1 lpid=1 tid=0 pid=3 peCount=1 accCount=0
20260530 002621.395 INFO             PET3     LUMO Advance():  PE=3 SSI=0 SSIPE=3
20260530 002621.395 INFO             PET3     LUMO Advance(): --- VMK::log() end ---------------------------------------
20260530 002621.395 INFO             PET3     thread_num=   0   currentSsiPe=   3   num_threads=   1   max_threads=   1   num_procs=   1
20260530 002621.395 INFO             PET3     ------>Advancing LUMO from: 2010  6  1  0 30  0   0
20260530 002621.395 INFO             PET3     ---------------------> to: 2010  6  1  0 35  0   0
20260530 002621.395 INFO             PET3     LUMO Advance(): --- VMK::log() start -------------------------------------
20260530 002621.395 INFO             PET3     LUMO Advance(): vm located at: 0x2e863d0
20260530 002621.395 INFO             PET3     LUMO Advance(): mpionly=1 threadsflag=0
20260530 002621.395 INFO             PET3     LUMO Advance(): ssiCount=1 localSsi=0
20260530 002621.395 INFO             PET3     LUMO Advance(): devCount=0 ssiLocalDevCount=0
20260530 002621.395 INFO             PET3     LUMO Advance(): petCount=2 ssiLocalPetCount=2
20260530 002621.395 INFO             PET3     LUMO Advance(): localPet=1 mypthid=22552477190400 ssiLocalPet=1 currentSsiPe=3
20260530 002621.395 INFO             PET3     LUMO Advance(): Current system level affinity pinning for local PET:
20260530 002621.395 INFO             PET3     LUMO Advance():  SSIPE=3
20260530 002621.395 INFO             PET3     LUMO Advance(): Current system level OMP_NUM_THREADS setting for local PET: 1
20260530 002621.395 INFO             PET3     LUMO Advance(): Current system level OMP_NUM_PROCS setting for local PET: 1
20260530 002621.395 INFO             PET3     LUMO Advance(): ESMF level logical PET->PE association (but consider system level affinity pinning!):
20260530 002621.395 INFO             PET3     LUMO Advance(): PET=0 lpid=0 tid=0 pid=2 peCount=1 accCount=0
20260530 002621.395 INFO             PET3     LUMO Advance():  PE=2 SSI=0 SSIPE=2
20260530 002621.395 INFO             PET3     LUMO Advance(): PET=1 lpid=1 tid=0 pid=3 peCount=1 accCount=0
20260530 002621.395 INFO             PET3     LUMO Advance():  PE=3 SSI=0 SSIPE=3
20260530 002621.395 INFO             PET3     LUMO Advance(): --- VMK::log() end ---------------------------------------
20260530 002621.395 INFO             PET3     thread_num=   0   currentSsiPe=   3   num_threads=   1   max_threads=   1   num_procs=   1
20260530 002621.395 INFO             PET3     ------>Advancing LUMO from: 2010  6  1  0 35  0   0
20260530 002621.395 INFO             PET3     ---------------------> to: 2010  6  1  0 40  0   0
20260530 002621.395 INFO             PET3     LUMO Advance(): --- VMK::log() start -------------------------------------
20260530 002621.395 INFO             PET3     LUMO Advance(): vm located at: 0x2e863d0
20260530 002621.395 INFO             PET3     LUMO Advance(): mpionly=1 threadsflag=0
20260530 002621.395 INFO             PET3     LUMO Advance(): ssiCount=1 localSsi=0
20260530 002621.395 INFO             PET3     LUMO Advance(): devCount=0 ssiLocalDevCount=0
20260530 002621.395 INFO             PET3     LUMO Advance(): petCount=2 ssiLocalPetCount=2
20260530 002621.395 INFO             PET3     LUMO Advance(): localPet=1 mypthid=22552477190400 ssiLocalPet=1 currentSsiPe=3
20260530 002621.395 INFO             PET3     LUMO Advance(): Current system level affinity pinning for local PET:
20260530 002621.395 INFO             PET3     LUMO Advance():  SSIPE=3
20260530 002621.395 INFO             PET3     LUMO Advance(): Current system level OMP_NUM_THREADS setting for local PET: 1
20260530 002621.395 INFO             PET3     LUMO Advance(): Current system level OMP_NUM_PROCS setting for local PET: 1
20260530 002621.395 INFO             PET3     LUMO Advance(): ESMF level logical PET->PE association (but consider system level affinity pinning!):
20260530 002621.395 INFO             PET3     LUMO Advance(): PET=0 lpid=0 tid=0 pid=2 peCount=1 accCount=0
20260530 002621.395 INFO             PET3     LUMO Advance():  PE=2 SSI=0 SSIPE=2
20260530 002621.395 INFO             PET3     LUMO Advance(): PET=1 lpid=1 tid=0 pid=3 peCount=1 accCount=0
20260530 002621.395 INFO             PET3     LUMO Advance():  PE=3 SSI=0 SSIPE=3
20260530 002621.396 INFO             PET3     LUMO Advance(): --- VMK::log() end ---------------------------------------
20260530 002621.396 INFO             PET3     thread_num=   0   currentSsiPe=   3   num_threads=   1   max_threads=   1   num_procs=   1
20260530 002621.396 INFO             PET3     ------>Advancing LUMO from: 2010  6  1  0 40  0   0
20260530 002621.396 INFO             PET3     ---------------------> to: 2010  6  1  0 45  0   0
20260530 002621.396 INFO             PET3     <<<OCN: leaving Run (phase=RunPhase1) with current time: 2010  6  1  0 45  0   0
20260530 002621.396 INFO             PET3   OCN: Run extro.
20260530 002621.396 INFO             PET3   ATM-TO-ESMX_Driver: Run intro.
20260530 002621.396 INFO             PET3     >>>ATM-TO-ESMX_Driver entered Run (phase=RunPhase1)
20260530 002621.396 INFO             PET3     <<<ATM-TO-ESMX_Driver leaving Run (phase=RunPhase1)
20260530 002621.396 INFO             PET3   ATM-TO-ESMX_Driver: Run extro.
20260530 002621.396 INFO             PET3   OCN-TO-ESMX_Driver: Run intro.
20260530 002621.396 INFO             PET3     >>>OCN-TO-ESMX_Driver entered Run (phase=RunPhase1)
20260530 002621.396 INFO             PET3     <<<OCN-TO-ESMX_Driver leaving Run (phase=RunPhase1)
20260530 002621.397 INFO             PET3   OCN-TO-ESMX_Driver: Run extro.
20260530 002621.397 INFO             PET3   <<<ESMX_Driver: leaving Run (phase=RunPhase1) with current time: 2010  6  1  0 45  0   0
20260530 002621.397 INFO             PET3 ESMX_Driver: Run extro.
20260530 002621.399 INFO             PET3 ESMX_Driver: Run intro.
20260530 002621.399 INFO             PET3   >>>ESMX_Driver: entered Run (phase=RunPhase1) with current time: 2010  6  1  0 45  0   0
20260530 002621.400 INFO             PET3   ESMX_Driver-TO-ATM: Run intro.
20260530 002621.400 INFO             PET3     >>>ESMX_Driver-TO-ATM entered Run (phase=RunPhase1)
20260530 002621.400 INFO             PET3     <<<ESMX_Driver-TO-ATM leaving Run (phase=RunPhase1)
20260530 002621.400 INFO             PET3   ESMX_Driver-TO-ATM: Run extro.
20260530 002621.400 INFO             PET3   ESMX_Driver-TO-OCN: Run intro.
20260530 002621.400 INFO             PET3     >>>ESMX_Driver-TO-OCN entered Run (phase=RunPhase1)
20260530 002621.400 INFO             PET3     <<<ESMX_Driver-TO-OCN leaving Run (phase=RunPhase1)
20260530 002621.400 INFO             PET3   ESMX_Driver-TO-OCN: Run extro.
20260530 002621.400 INFO             PET3   ATM-TO-OCN: Run intro.
20260530 002621.400 INFO             PET3     >>>ATM-TO-OCN entered Run (phase=RunPhase1)
20260530 002621.401 INFO             PET3     <<<ATM-TO-OCN leaving Run (phase=RunPhase1)
20260530 002621.401 INFO             PET3   ATM-TO-OCN: Run extro.
20260530 002621.401 INFO             PET3   OCN-TO-ATM: Run intro.
20260530 002621.401 INFO             PET3     >>>OCN-TO-ATM entered Run (phase=RunPhase1)
20260530 002621.401 INFO             PET3     <<<OCN-TO-ATM leaving Run (phase=RunPhase1)
20260530 002621.401 INFO             PET3   OCN-TO-ATM: Run extro.
20260530 002621.401 INFO             PET3   OCN: Run intro.
20260530 002621.401 INFO             PET3     >>>OCN: entered Run (phase=RunPhase1) with current time: 2010  6  1  0 45  0   0
20260530 002621.402 INFO             PET3     LUMO Advance(): --- VMK::log() start -------------------------------------
20260530 002621.402 INFO             PET3     LUMO Advance(): vm located at: 0x2e863d0
20260530 002621.402 INFO             PET3     LUMO Advance(): mpionly=1 threadsflag=0
20260530 002621.402 INFO             PET3     LUMO Advance(): ssiCount=1 localSsi=0
20260530 002621.402 INFO             PET3     LUMO Advance(): devCount=0 ssiLocalDevCount=0
20260530 002621.402 INFO             PET3     LUMO Advance(): petCount=2 ssiLocalPetCount=2
20260530 002621.402 INFO             PET3     LUMO Advance(): localPet=1 mypthid=22552477190400 ssiLocalPet=1 currentSsiPe=3
20260530 002621.402 INFO             PET3     LUMO Advance(): Current system level affinity pinning for local PET:
20260530 002621.402 INFO             PET3     LUMO Advance():  SSIPE=3
20260530 002621.402 INFO             PET3     LUMO Advance(): Current system level OMP_NUM_THREADS setting for local PET: 1
20260530 002621.402 INFO             PET3     LUMO Advance(): Current system level OMP_NUM_PROCS setting for local PET: 1
20260530 002621.402 INFO             PET3     LUMO Advance(): ESMF level logical PET->PE association (but consider system level affinity pinning!):
20260530 002621.402 INFO             PET3     LUMO Advance(): PET=0 lpid=0 tid=0 pid=2 peCount=1 accCount=0
20260530 002621.402 INFO             PET3     LUMO Advance():  PE=2 SSI=0 SSIPE=2
20260530 002621.402 INFO             PET3     LUMO Advance(): PET=1 lpid=1 tid=0 pid=3 peCount=1 accCount=0
20260530 002621.402 INFO             PET3     LUMO Advance():  PE=3 SSI=0 SSIPE=3
20260530 002621.402 INFO             PET3     LUMO Advance(): --- VMK::log() end ---------------------------------------
20260530 002621.402 INFO             PET3     thread_num=   0   currentSsiPe=   3   num_threads=   1   max_threads=   1   num_procs=   1
20260530 002621.402 INFO             PET3     ------>Advancing LUMO from: 2010  6  1  0 45  0   0
20260530 002621.402 INFO             PET3     ---------------------> to: 2010  6  1  0 50  0   0
20260530 002621.402 INFO             PET3     LUMO Advance(): --- VMK::log() start -------------------------------------
20260530 002621.402 INFO             PET3     LUMO Advance(): vm located at: 0x2e863d0
20260530 002621.402 INFO             PET3     LUMO Advance(): mpionly=1 threadsflag=0
20260530 002621.402 INFO             PET3     LUMO Advance(): ssiCount=1 localSsi=0
20260530 002621.402 INFO             PET3     LUMO Advance(): devCount=0 ssiLocalDevCount=0
20260530 002621.402 INFO             PET3     LUMO Advance(): petCount=2 ssiLocalPetCount=2
20260530 002621.402 INFO             PET3     LUMO Advance(): localPet=1 mypthid=22552477190400 ssiLocalPet=1 currentSsiPe=3
20260530 002621.402 INFO             PET3     LUMO Advance(): Current system level affinity pinning for local PET:
20260530 002621.402 INFO             PET3     LUMO Advance():  SSIPE=3
20260530 002621.402 INFO             PET3     LUMO Advance(): Current system level OMP_NUM_THREADS setting for local PET: 1
20260530 002621.402 INFO             PET3     LUMO Advance(): Current system level OMP_NUM_PROCS setting for local PET: 1
20260530 002621.402 INFO             PET3     LUMO Advance(): ESMF level logical PET->PE association (but consider system level affinity pinning!):
20260530 002621.402 INFO             PET3     LUMO Advance(): PET=0 lpid=0 tid=0 pid=2 peCount=1 accCount=0
20260530 002621.402 INFO             PET3     LUMO Advance():  PE=2 SSI=0 SSIPE=2
20260530 002621.402 INFO             PET3     LUMO Advance(): PET=1 lpid=1 tid=0 pid=3 peCount=1 accCount=0
20260530 002621.402 INFO             PET3     LUMO Advance():  PE=3 SSI=0 SSIPE=3
20260530 002621.402 INFO             PET3     LUMO Advance(): --- VMK::log() end ---------------------------------------
20260530 002621.402 INFO             PET3     thread_num=   0   currentSsiPe=   3   num_threads=   1   max_threads=   1   num_procs=   1
20260530 002621.402 INFO             PET3     ------>Advancing LUMO from: 2010  6  1  0 50  0   0
20260530 002621.402 INFO             PET3     ---------------------> to: 2010  6  1  0 55  0   0
20260530 002621.402 INFO             PET3     LUMO Advance(): --- VMK::log() start -------------------------------------
20260530 002621.402 INFO             PET3     LUMO Advance(): vm located at: 0x2e863d0
20260530 002621.402 INFO             PET3     LUMO Advance(): mpionly=1 threadsflag=0
20260530 002621.402 INFO             PET3     LUMO Advance(): ssiCount=1 localSsi=0
20260530 002621.402 INFO             PET3     LUMO Advance(): devCount=0 ssiLocalDevCount=0
20260530 002621.402 INFO             PET3     LUMO Advance(): petCount=2 ssiLocalPetCount=2
20260530 002621.402 INFO             PET3     LUMO Advance(): localPet=1 mypthid=22552477190400 ssiLocalPet=1 currentSsiPe=3
20260530 002621.402 INFO             PET3     LUMO Advance(): Current system level affinity pinning for local PET:
20260530 002621.402 INFO             PET3     LUMO Advance():  SSIPE=3
20260530 002621.402 INFO             PET3     LUMO Advance(): Current system level OMP_NUM_THREADS setting for local PET: 1
20260530 002621.402 INFO             PET3     LUMO Advance(): Current system level OMP_NUM_PROCS setting for local PET: 1
20260530 002621.402 INFO             PET3     LUMO Advance(): ESMF level logical PET->PE association (but consider system level affinity pinning!):
20260530 002621.402 INFO             PET3     LUMO Advance(): PET=0 lpid=0 tid=0 pid=2 peCount=1 accCount=0
20260530 002621.402 INFO             PET3     LUMO Advance():  PE=2 SSI=0 SSIPE=2
20260530 002621.402 INFO             PET3     LUMO Advance(): PET=1 lpid=1 tid=0 pid=3 peCount=1 accCount=0
20260530 002621.402 INFO             PET3     LUMO Advance():  PE=3 SSI=0 SSIPE=3
20260530 002621.402 INFO             PET3     LUMO Advance(): --- VMK::log() end ---------------------------------------
20260530 002621.402 INFO             PET3     thread_num=   0   currentSsiPe=   3   num_threads=   1   max_threads=   1   num_procs=   1
20260530 002621.402 INFO             PET3     ------>Advancing LUMO from: 2010  6  1  0 55  0   0
20260530 002621.402 INFO             PET3     ---------------------> to: 2010  6  1  1  0  0   0
20260530 002621.402 INFO             PET3     <<<OCN: leaving Run (phase=RunPhase1) with current time: 2010  6  1  1  0  0   0
20260530 002621.402 INFO             PET3   OCN: Run extro.
20260530 002621.403 INFO             PET3   ATM-TO-ESMX_Driver: Run intro.
20260530 002621.403 INFO             PET3     >>>ATM-TO-ESMX_Driver entered Run (phase=RunPhase1)
20260530 002621.403 INFO             PET3     <<<ATM-TO-ESMX_Driver leaving Run (phase=RunPhase1)
20260530 002621.403 INFO             PET3   ATM-TO-ESMX_Driver: Run extro.
20260530 002621.403 INFO             PET3   OCN-TO-ESMX_Driver: Run intro.
20260530 002621.403 INFO             PET3     >>>OCN-TO-ESMX_Driver entered Run (phase=RunPhase1)
20260530 002621.403 INFO             PET3     <<<OCN-TO-ESMX_Driver leaving Run (phase=RunPhase1)
20260530 002621.403 INFO             PET3   OCN-TO-ESMX_Driver: Run extro.
20260530 002621.403 INFO             PET3   <<<ESMX_Driver: leaving Run (phase=RunPhase1) with current time: 2010  6  1  1  0  0   0
20260530 002621.403 INFO             PET3 ESMX_Driver: Run extro.
20260530 002621.406 INFO             PET3 ESMX_Driver: Finalize intro.
20260530 002621.406 INFO             PET3   >>>ESMX_Driver: entered Finalize (phase=FinalizePhase1) with current time: 2010  6  1  1  0  0   0
20260530 002621.406 INFO             PET3   Calling Finalize phase 1 for connectorComp: ESMX_Driver-TO-ATM
20260530 002621.406 INFO             PET3   ESMX_Driver-TO-ATM: Finalize intro.
20260530 002621.407 INFO             PET3   ESMX_Driver-TO-ATM: Finalize extro.
20260530 002621.407 INFO             PET3   Calling Finalize phase 1 for connectorComp: ESMX_Driver-TO-OCN
20260530 002621.407 INFO             PET3   ESMX_Driver-TO-OCN: Finalize intro.
20260530 002621.407 INFO             PET3   ESMX_Driver-TO-OCN: Finalize extro.
20260530 002621.407 INFO             PET3   Calling Finalize phase 1 for connectorComp: ATM-TO-ESMX_Driver
20260530 002621.407 INFO             PET3   ATM-TO-ESMX_Driver: Finalize intro.
20260530 002621.407 INFO             PET3   ATM-TO-ESMX_Driver: Finalize extro.
20260530 002621.407 INFO             PET3   Calling Finalize phase 1 for connectorComp: ATM-TO-OCN
20260530 002621.407 INFO             PET3   ATM-TO-OCN: Finalize intro.
20260530 002621.407 INFO             PET3   ATM-TO-OCN: Finalize extro.
20260530 002621.407 INFO             PET3   Calling Finalize phase 1 for connectorComp: OCN-TO-ESMX_Driver
20260530 002621.408 INFO             PET3   OCN-TO-ESMX_Driver: Finalize intro.
20260530 002621.408 INFO             PET3   OCN-TO-ESMX_Driver: Finalize extro.
20260530 002621.408 INFO             PET3   Calling Finalize phase 1 for connectorComp: OCN-TO-ATM
20260530 002621.408 INFO             PET3   OCN-TO-ATM: Finalize intro.
20260530 002621.408 INFO             PET3   OCN-TO-ATM: Finalize extro.
20260530 002621.408 INFO             PET3   Calling Finalize phase 1 for modelComp: ATM
20260530 002621.408 INFO             PET3   Calling Finalize phase 1 for modelComp: OCN
20260530 002621.408 INFO             PET3   OCN: Finalize intro.
20260530 002621.408 INFO             PET3     >>>OCN: entered Finalize (phase=FinalizePhase1) with current time: 2010  6  1  1  0  0   0
20260530 002621.408 INFO             PET3     <<<OCN: leaving Finalize (phase=FinalizePhase1) with current time: 2010  6  1  1  0  0   0
20260530 002621.408 INFO             PET3   OCN: Finalize extro.
20260530 002621.408 INFO             PET3   Delete modelComp: ATM
20260530 002621.408 INFO             PET3   Delete modelComp: OCN
20260530 002621.409 INFO             PET3   Delete connectorComp: ESMX_Driver-TO-ATM
20260530 002621.409 INFO             PET3   Delete connectorComp: ESMX_Driver-TO-OCN
20260530 002621.409 INFO             PET3   Delete connectorComp: ATM-TO-ESMX_Driver
20260530 002621.409 INFO             PET3   Delete connectorComp: OCN-TO-ESMX_Driver
20260530 002621.409 INFO             PET3   Delete connectorComp: ATM-TO-OCN
20260530 002621.409 INFO             PET3   Delete connectorComp: OCN-TO-ATM
20260530 002621.409 INFO             PET3   <<<ESMX_Driver: leaving Finalize (phase=FinalizePhase1) with current time: 2010  6  1  1  0  0   0
20260530 002621.409 INFO             PET3 ESMX_Driver: Finalize extro.
20260530 002621.409 INFO             PET3 externalApp FINISHED
20260530 002621.409 INFO             PET3  Finalizing ESMF
