2026-06-09 22:56:44
20260610 010429.736 INFO             PET0 !!!!!!!!!!!!!!!!!!!!!!!!!!!!!!!!!!!!!!!!!!!!!!!!!!!!!!
20260610 010429.736 INFO             PET0 !!! THE ESMF_LOG IS SET TO OUTPUT ALL LOG MESSAGES !!!
20260610 010429.736 INFO             PET0 !!!     THIS MAY CAUSE SLOWDOWN IN PERFORMANCE     !!!
20260610 010429.736 INFO             PET0 !!! FOR PRODUCTION RUNS, USE:                      !!!
20260610 010429.736 INFO             PET0 !!!                   ESMF_LOGKIND_Multi_On_Error  !!!
20260610 010429.736 INFO             PET0 !!!!!!!!!!!!!!!!!!!!!!!!!!!!!!!!!!!!!!!!!!!!!!!!!!!!!!
20260610 010429.736 INFO             PET0 Running with ESMF Version   : develop+ge382cba19b
20260610 010429.736 INFO             PET0 ESMF library build date/time: "Jun  9 2026" "22:53:00"
20260610 010429.736 INFO             PET0 ESMF library build location : /discover/nobackup/projects/gmao/SIteam/ESMF_Testing/llvm_22.1.0_mpich_g_develop/esmf
20260610 010429.736 INFO             PET0 ESMF_COMM                   : mpich
20260610 010429.737 INFO             PET0 ESMF_MOAB                   : enabled
20260610 010429.737 INFO             PET0 ESMF_LAPACK                 : enabled
20260610 010429.737 INFO             PET0 ESMF_NETCDF                 : disabled
20260610 010429.737 INFO             PET0 ESMF_PNETCDF                : disabled
20260610 010429.737 INFO             PET0 ESMF_PIO                    : disabled
20260610 010429.737 INFO             PET0 ESMF_YAMLCPP                : enabled
20260610 010429.737 INFO             PET0 mainApp STARTING
20260610 010429.746 INFO             PET0 driver: InitializeGeneric intro.
20260610 010429.746 INFO             PET0   driver: InitializeGeneric intro {IS}:--- StateLog() start -----------------
20260610 010429.746 INFO             PET0   driver: InitializeGeneric intro {IS}:State object is invalid! Not created or deleted!
20260610 010429.746 INFO             PET0   driver: InitializeGeneric intro {IS}:--- StateLog() end -------------------
20260610 010429.746 INFO             PET0   driver: InitializeGeneric intro {ES}:--- StateLog() start -----------------
20260610 010429.746 INFO             PET0   driver: InitializeGeneric intro {ES}:State object is invalid! Not created or deleted!
20260610 010429.746 INFO             PET0   driver: InitializeGeneric intro {ES}:--- StateLog() end -------------------
20260610 010429.746 INFO             PET0   >>>driver: entered Initialize (phase=<none>) without valid internal Clock.
20260610 010429.746 INFO             PET0   driver: InitializeP0 intro.
20260610 010429.746 INFO             PET0     driver: InitializeP0 intro {IS}:--- StateLog() start -----------------
20260610 010429.746 INFO             PET0     driver: InitializeP0 intro {IS}:State object is invalid! Not created or deleted!
20260610 010429.746 INFO             PET0     driver: InitializeP0 intro {IS}:--- StateLog() end -------------------
20260610 010429.746 INFO             PET0     driver: InitializeP0 intro {ES}:--- StateLog() start -----------------
20260610 010429.746 INFO             PET0     driver: InitializeP0 intro {ES}:State object is invalid! Not created or deleted!
20260610 010429.746 INFO             PET0     driver: InitializeP0 intro {ES}:--- StateLog() end -------------------
20260610 010429.746 INFO             PET0     >>>driver: entered Initialize (phase=<none>) without valid internal Clock.
20260610 010429.746 INFO             PET0     <<<driver: leaving Initialize (phase=<none>) without valid internal Clock.
20260610 010429.746 INFO             PET0     driver: InitializeP0 extro {IS}:--- StateLog() start -----------------
20260610 010429.746 INFO             PET0     driver: InitializeP0 extro {IS}:State object is invalid! Not created or deleted!
20260610 010429.746 INFO             PET0     driver: InitializeP0 extro {IS}:--- StateLog() end -------------------
20260610 010429.746 INFO             PET0     driver: InitializeP0 extro {ES}:--- StateLog() start -----------------
20260610 010429.746 INFO             PET0     driver: InitializeP0 extro {ES}:State object is invalid! Not created or deleted!
20260610 010429.746 INFO             PET0     driver: InitializeP0 extro {ES}:--- StateLog() end -------------------
20260610 010429.747 INFO             PET0   driver: InitializeP0 extro.
20260610 010429.747 INFO             PET0   driver: InitializeIPDv02p1 intro.
20260610 010429.747 INFO             PET0     driver: InitializeIPDv02p1 intro {IS}:--- StateLog() start -----------------
20260610 010429.747 INFO             PET0     driver: InitializeIPDv02p1 intro {IS}:State object is invalid! Not created or deleted!
20260610 010429.747 INFO             PET0     driver: InitializeIPDv02p1 intro {IS}:--- StateLog() end -------------------
20260610 010429.747 INFO             PET0     driver: InitializeIPDv02p1 intro {ES}:--- StateLog() start -----------------
20260610 010429.747 INFO             PET0     driver: InitializeIPDv02p1 intro {ES}:State object is invalid! Not created or deleted!
20260610 010429.747 INFO             PET0     driver: InitializeIPDv02p1 intro {ES}:--- StateLog() end -------------------
20260610 010429.747 INFO             PET0     >>>driver: entered Initialize (phase=<none>) without valid internal Clock.
20260610 010429.747 INFO             PET0     driver - Creating model component MODEL without petList.
20260610 010429.750 INFO             PET0      GridCompIsPetLocal:  T
20260610 010429.750 INFO             PET0      VmIsCreated:  T
20260610 010429.750 INFO             PET0      valid MPI_COMM with size= 4
20260610 010429.751 INFO             PET0     driver - Creating state: modelComp 1 Import State
20260610 010429.751 INFO             PET0     driver - Creating state: modelComp 1 Export State
20260610 010429.752 INFO             PET0     MODEL: InitializeP0 intro.
20260610 010429.752 INFO             PET0       MODEL: InitializeP0 intro {IS}:--- StateLog() start -----------------
20260610 010429.752 INFO             PET0       MODEL: InitializeP0 intro {IS}:<name: MODEL-ImportState> <intent: ESMF_STATEINTENT_IMPORT> <itemCount:    0>
20260610 010429.752 INFO             PET0       MODEL: InitializeP0 intro {IS}:--- StateLog() end -------------------
20260610 010429.752 INFO             PET0       MODEL: InitializeP0 intro {ES}:--- StateLog() start -----------------
20260610 010429.752 INFO             PET0       MODEL: InitializeP0 intro {ES}:<name: MODEL-ExportState> <intent: ESMF_STATEINTENT_EXPORT> <itemCount:    0>
20260610 010429.752 INFO             PET0       MODEL: InitializeP0 intro {ES}:--- StateLog() end -------------------
20260610 010429.753 INFO             PET0       >>>MODEL: entered Initialize (phase=<none>) without valid internal Clock.
20260610 010429.754 INFO             PET0       <<<MODEL: leaving Initialize (phase=<none>) without valid internal Clock.
20260610 010429.754 INFO             PET0       MODEL: InitializeP0 extro {IS}:--- StateLog() start -----------------
20260610 010429.754 INFO             PET0       MODEL: InitializeP0 extro {IS}:<name: MODEL-ImportState> <intent: ESMF_STATEINTENT_IMPORT> <itemCount:    0>
20260610 010429.754 INFO             PET0       MODEL: InitializeP0 extro {IS}:--- StateLog() end -------------------
20260610 010429.754 INFO             PET0       MODEL: InitializeP0 extro {ES}:--- StateLog() start -----------------
20260610 010429.754 INFO             PET0       MODEL: InitializeP0 extro {ES}:<name: MODEL-ExportState> <intent: ESMF_STATEINTENT_EXPORT> <itemCount:    0>
20260610 010429.754 INFO             PET0       MODEL: InitializeP0 extro {ES}:--- StateLog() end -------------------
20260610 010429.754 INFO             PET0     MODEL: InitializeP0 extro.
20260610 010429.756 INFO             PET0     driver: IInitAdvertise intro.
20260610 010429.756 INFO             PET0       driver: IInitAdvertise intro {IS}:--- StateLog() start -----------------
20260610 010429.756 INFO             PET0       driver: IInitAdvertise intro {IS}:State object is invalid! Not created or deleted!
20260610 010429.756 INFO             PET0       driver: IInitAdvertise intro {IS}:--- StateLog() end -------------------
20260610 010429.756 INFO             PET0       driver: IInitAdvertise intro {ES}:--- StateLog() start -----------------
20260610 010429.756 INFO             PET0       driver: IInitAdvertise intro {ES}:State object is invalid! Not created or deleted!
20260610 010429.756 INFO             PET0       driver: IInitAdvertise intro {ES}:--- StateLog() end -------------------
20260610 010429.756 INFO             PET0       >>>driver: entered Initialize (phase=<none>) with current time:    0  1  1  0  0  0   0
20260610 010429.756 INFO             PET0       <<<driver: leaving Initialize (phase=<none>) with current time:    0  1  1  0  0  0   0
20260610 010429.756 INFO             PET0       driver: IInitAdvertise extro {IS}:--- StateLog() start -----------------
20260610 010429.756 INFO             PET0       driver: IInitAdvertise extro {IS}:State object is invalid! Not created or deleted!
20260610 010429.756 INFO             PET0       driver: IInitAdvertise extro {IS}:--- StateLog() end -------------------
20260610 010429.756 INFO             PET0       driver: IInitAdvertise extro {ES}:--- StateLog() start -----------------
20260610 010429.756 INFO             PET0       driver: IInitAdvertise extro {ES}:State object is invalid! Not created or deleted!
20260610 010429.756 INFO             PET0       driver: IInitAdvertise extro {ES}:--- StateLog() end -------------------
20260610 010429.756 INFO             PET0     driver: IInitAdvertise extro.
20260610 010429.757 INFO             PET0     MODEL: InitializeIPDvXp01 intro.
20260610 010429.757 INFO             PET0       MODEL: InitializeIPDvXp01 intro {IS}:--- StateLog() start -----------------
20260610 010429.757 INFO             PET0       MODEL: InitializeIPDvXp01 intro {IS}:<name: MODEL-ImportState> <intent: ESMF_STATEINTENT_IMPORT> <itemCount:    0>
20260610 010429.757 INFO             PET0       MODEL: InitializeIPDvXp01 intro {IS}:--- StateLog() end -------------------
20260610 010429.757 INFO             PET0       MODEL: InitializeIPDvXp01 intro {ES}:--- StateLog() start -----------------
20260610 010429.757 INFO             PET0       MODEL: InitializeIPDvXp01 intro {ES}:<name: MODEL-ExportState> <intent: ESMF_STATEINTENT_EXPORT> <itemCount:    0>
20260610 010429.757 INFO             PET0       MODEL: InitializeIPDvXp01 intro {ES}:--- StateLog() end -------------------
20260610 010429.757 INFO             PET0       >>>MODEL: entered Initialize (phase=IPDvXp01) without valid internal Clock.
20260610 010429.759 INFO             PET0       <<<MODEL: leaving Initialize (phase=IPDvXp01) without valid internal Clock.
20260610 010429.759 INFO             PET0       MODEL: InitializeIPDvXp01 extro {IS}:--- StateLog() start -----------------
20260610 010429.759 INFO             PET0       MODEL: InitializeIPDvXp01 extro {IS}:<name: MODEL-ImportState> <intent: ESMF_STATEINTENT_IMPORT> <itemCount:    0>
20260610 010429.759 INFO             PET0       MODEL: InitializeIPDvXp01 extro {IS}:--- StateLog() end -------------------
20260610 010429.759 INFO             PET0       MODEL: InitializeIPDvXp01 extro {ES}:--- StateLog() start -----------------
20260610 010429.759 INFO             PET0       MODEL: InitializeIPDvXp01 extro {ES}:<name: MODEL-ExportState> <intent: ESMF_STATEINTENT_EXPORT> <itemCount:    2>
20260610 010429.759 INFO             PET0       MODEL: InitializeIPDvXp01 extro {ES}:+-<item: 0001> <itemType: Field> <itemName: pmsl>
20260610 010429.760 INFO             PET0       MODEL: InitializeIPDvXp01 extro {ES}:!--- FieldLog() start -----------------
20260610 010429.760 INFO             PET0       MODEL: InitializeIPDvXp01 extro {ES}:! <name: pmsl> <fieldStatus: ESMF_FIELDSTATUS_EMPTY>
20260610 010429.760 INFO             PET0       MODEL: InitializeIPDvXp01 extro {ES}:! 0x7ffda816ef28 => 0x5611b1a305a0 => 0x5611b1a31670
20260610 010429.760 INFO             PET0       MODEL: InitializeIPDvXp01 extro {ES}:!--- FieldLog() end -------------------
20260610 010429.760 INFO             PET0       MODEL: InitializeIPDvXp01 extro {ES}:+-<item: 0002> <itemType: Field> <itemName: rsns>
20260610 010429.760 INFO             PET0       MODEL: InitializeIPDvXp01 extro {ES}:!--- FieldLog() start -----------------
20260610 010429.760 INFO             PET0       MODEL: InitializeIPDvXp01 extro {ES}:! <name: rsns> <fieldStatus: ESMF_FIELDSTATUS_EMPTY>
20260610 010429.760 INFO             PET0       MODEL: InitializeIPDvXp01 extro {ES}:! 0x7ffda816ef28 => 0x5611b1a340c0 => 0x5611b1a34300
20260610 010429.760 INFO             PET0       MODEL: InitializeIPDvXp01 extro {ES}:!--- FieldLog() end -------------------
20260610 010429.760 INFO             PET0       MODEL: InitializeIPDvXp01 extro {ES}:--- StateLog() end -------------------
20260610 010429.760 INFO             PET0     MODEL: InitializeIPDvXp01 extro.
20260610 010429.761 INFO             PET0     driver: IInitAdvertiseFinish intro.
20260610 010429.761 INFO             PET0       driver: IInitAdvertiseFinish intro {IS}:--- StateLog() start -----------------
20260610 010429.761 INFO             PET0       driver: IInitAdvertiseFinish intro {IS}:State object is invalid! Not created or deleted!
20260610 010429.761 INFO             PET0       driver: IInitAdvertiseFinish intro {IS}:--- StateLog() end -------------------
20260610 010429.761 INFO             PET0       driver: IInitAdvertiseFinish intro {ES}:--- StateLog() start -----------------
20260610 010429.761 INFO             PET0       driver: IInitAdvertiseFinish intro {ES}:State object is invalid! Not created or deleted!
20260610 010429.761 INFO             PET0       driver: IInitAdvertiseFinish intro {ES}:--- StateLog() end -------------------
20260610 010429.761 INFO             PET0       >>>driver: entered Initialize (phase=<none>) with current time:    0  1  1  0  0  0   0
20260610 010429.761 INFO             PET0       <<<driver: leaving Initialize (phase=<none>) with current time:    0  1  1  0  0  0   0
20260610 010429.761 INFO             PET0       driver: IInitAdvertiseFinish extro {IS}:--- StateLog() start -----------------
20260610 010429.761 INFO             PET0       driver: IInitAdvertiseFinish extro {IS}:State object is invalid! Not created or deleted!
20260610 010429.761 INFO             PET0       driver: IInitAdvertiseFinish extro {IS}:--- StateLog() end -------------------
20260610 010429.761 INFO             PET0       driver: IInitAdvertiseFinish extro {ES}:--- StateLog() start -----------------
20260610 010429.761 INFO             PET0       driver: IInitAdvertiseFinish extro {ES}:State object is invalid! Not created or deleted!
20260610 010429.761 INFO             PET0       driver: IInitAdvertiseFinish extro {ES}:--- StateLog() end -------------------
20260610 010429.761 INFO             PET0     driver: IInitAdvertiseFinish extro.
20260610 010429.761 INFO             PET0     driver: IInitModifyCplLists intro.
20260610 010429.761 INFO             PET0       driver: IInitModifyCplLists intro {IS}:--- StateLog() start -----------------
20260610 010429.761 INFO             PET0       driver: IInitModifyCplLists intro {IS}:State object is invalid! Not created or deleted!
20260610 010429.761 INFO             PET0       driver: IInitModifyCplLists intro {IS}:--- StateLog() end -------------------
20260610 010429.761 INFO             PET0       driver: IInitModifyCplLists intro {ES}:--- StateLog() start -----------------
20260610 010429.761 INFO             PET0       driver: IInitModifyCplLists intro {ES}:State object is invalid! Not created or deleted!
20260610 010429.761 INFO             PET0       driver: IInitModifyCplLists intro {ES}:--- StateLog() end -------------------
20260610 010429.762 INFO             PET0       >>>driver: entered Initialize (phase=<none>) with current time:    0  1  1  0  0  0   0
20260610 010429.762 INFO             PET0       <<<driver: leaving Initialize (phase=<none>) with current time:    0  1  1  0  0  0   0
20260610 010429.762 INFO             PET0       driver: IInitModifyCplLists extro {IS}:--- StateLog() start -----------------
20260610 010429.762 INFO             PET0       driver: IInitModifyCplLists extro {IS}:State object is invalid! Not created or deleted!
20260610 010429.762 INFO             PET0       driver: IInitModifyCplLists extro {IS}:--- StateLog() end -------------------
20260610 010429.762 INFO             PET0       driver: IInitModifyCplLists extro {ES}:--- StateLog() start -----------------
20260610 010429.762 INFO             PET0       driver: IInitModifyCplLists extro {ES}:State object is invalid! Not created or deleted!
20260610 010429.762 INFO             PET0       driver: IInitModifyCplLists extro {ES}:--- StateLog() end -------------------
20260610 010429.762 INFO             PET0     driver: IInitModifyCplLists extro.
20260610 010429.762 INFO             PET0     <<<driver: leaving Initialize (phase=<none>) with current time:    0  1  1  0  0  0   0
20260610 010429.762 INFO             PET0     driver: InitializeIPDv02p1 extro {IS}:--- StateLog() start -----------------
20260610 010429.762 INFO             PET0     driver: InitializeIPDv02p1 extro {IS}:State object is invalid! Not created or deleted!
20260610 010429.762 INFO             PET0     driver: InitializeIPDv02p1 extro {IS}:--- StateLog() end -------------------
20260610 010429.762 INFO             PET0     driver: InitializeIPDv02p1 extro {ES}:--- StateLog() start -----------------
20260610 010429.762 INFO             PET0     driver: InitializeIPDv02p1 extro {ES}:State object is invalid! Not created or deleted!
20260610 010429.762 INFO             PET0     driver: InitializeIPDv02p1 extro {ES}:--- StateLog() end -------------------
20260610 010429.762 INFO             PET0   driver: InitializeIPDv02p1 extro.
20260610 010429.762 INFO             PET0   driver: InitializeIPDv02p3 intro.
20260610 010429.762 INFO             PET0     driver: InitializeIPDv02p3 intro {IS}:--- StateLog() start -----------------
20260610 010429.762 INFO             PET0     driver: InitializeIPDv02p3 intro {IS}:State object is invalid! Not created or deleted!
20260610 010429.762 INFO             PET0     driver: InitializeIPDv02p3 intro {IS}:--- StateLog() end -------------------
20260610 010429.762 INFO             PET0     driver: InitializeIPDv02p3 intro {ES}:--- StateLog() start -----------------
20260610 010429.762 INFO             PET0     driver: InitializeIPDv02p3 intro {ES}:State object is invalid! Not created or deleted!
20260610 010429.762 INFO             PET0     driver: InitializeIPDv02p3 intro {ES}:--- StateLog() end -------------------
20260610 010429.762 INFO             PET0     >>>driver: entered Initialize (phase=<none>) with current time:    0  1  1  0  0  0   0
20260610 010429.762 INFO             PET0     driver: IInitCheck intro.
20260610 010429.763 INFO             PET0       driver: IInitCheck intro {IS}:--- StateLog() start -----------------
20260610 010429.763 INFO             PET0       driver: IInitCheck intro {IS}:State object is invalid! Not created or deleted!
20260610 010429.763 INFO             PET0       driver: IInitCheck intro {IS}:--- StateLog() end -------------------
20260610 010429.763 INFO             PET0       driver: IInitCheck intro {ES}:--- StateLog() start -----------------
20260610 010429.763 INFO             PET0       driver: IInitCheck intro {ES}:State object is invalid! Not created or deleted!
20260610 010429.763 INFO             PET0       driver: IInitCheck intro {ES}:--- StateLog() end -------------------
20260610 010429.763 INFO             PET0       >>>driver: entered Initialize (phase=<none>) with current time:    0  1  1  0  0  0   0
20260610 010429.763 INFO             PET0       <<<driver: leaving Initialize (phase=<none>) with current time:    0  1  1  0  0  0   0
20260610 010429.763 INFO             PET0       driver: IInitCheck extro {IS}:--- StateLog() start -----------------
20260610 010429.763 INFO             PET0       driver: IInitCheck extro {IS}:State object is invalid! Not created or deleted!
20260610 010429.763 INFO             PET0       driver: IInitCheck extro {IS}:--- StateLog() end -------------------
20260610 010429.763 INFO             PET0       driver: IInitCheck extro {ES}:--- StateLog() start -----------------
20260610 010429.763 INFO             PET0       driver: IInitCheck extro {ES}:State object is invalid! Not created or deleted!
20260610 010429.763 INFO             PET0       driver: IInitCheck extro {ES}:--- StateLog() end -------------------
20260610 010429.763 INFO             PET0     driver: IInitCheck extro.
20260610 010429.763 INFO             PET0     MODEL: InitializeIPDvXp04 intro.
20260610 010429.763 INFO             PET0       MODEL: InitializeIPDvXp04 intro {IS}:--- StateLog() start -----------------
20260610 010429.763 INFO             PET0       MODEL: InitializeIPDvXp04 intro {IS}:<name: MODEL-ImportState> <intent: ESMF_STATEINTENT_IMPORT> <itemCount:    0>
20260610 010429.763 INFO             PET0       MODEL: InitializeIPDvXp04 intro {IS}:--- StateLog() end -------------------
20260610 010429.763 INFO             PET0       MODEL: InitializeIPDvXp04 intro {ES}:--- StateLog() start -----------------
20260610 010429.763 INFO             PET0       MODEL: InitializeIPDvXp04 intro {ES}:<name: MODEL-ExportState> <intent: ESMF_STATEINTENT_EXPORT> <itemCount:    2>
20260610 010429.763 INFO             PET0       MODEL: InitializeIPDvXp04 intro {ES}:+-<item: 0001> <itemType: Field> <itemName: pmsl>
20260610 010429.763 INFO             PET0       MODEL: InitializeIPDvXp04 intro {ES}:!--- FieldLog() start -----------------
20260610 010429.763 INFO             PET0       MODEL: InitializeIPDvXp04 intro {ES}:! <name: pmsl> <fieldStatus: ESMF_FIELDSTATUS_EMPTY>
20260610 010429.763 INFO             PET0       MODEL: InitializeIPDvXp04 intro {ES}:! 0x7ffda81775c8 => 0x5611b1a305a0 => 0x5611b1a31670
20260610 010429.763 INFO             PET0       MODEL: InitializeIPDvXp04 intro {ES}:!--- FieldLog() end -------------------
20260610 010429.763 INFO             PET0       MODEL: InitializeIPDvXp04 intro {ES}:+-<item: 0002> <itemType: Field> <itemName: rsns>
20260610 010429.763 INFO             PET0       MODEL: InitializeIPDvXp04 intro {ES}:!--- FieldLog() start -----------------
20260610 010429.763 INFO             PET0       MODEL: InitializeIPDvXp04 intro {ES}:! <name: rsns> <fieldStatus: ESMF_FIELDSTATUS_EMPTY>
20260610 010429.763 INFO             PET0       MODEL: InitializeIPDvXp04 intro {ES}:! 0x7ffda81775c8 => 0x5611b1a340c0 => 0x5611b1a34300
20260610 010429.763 INFO             PET0       MODEL: InitializeIPDvXp04 intro {ES}:!--- FieldLog() end -------------------
20260610 010429.763 INFO             PET0       MODEL: InitializeIPDvXp04 intro {ES}:--- StateLog() end -------------------
20260610 010429.763 INFO             PET0       >>>MODEL: entered Initialize (phase=IPDvXp04) without valid internal Clock.
20260610 010429.769 INFO             PET0       After Realize: - MemInfo: [/proc/meminfo - SSI]	MemTotal:       528065912 kB
20260610 010429.769 INFO             PET0       After Realize: - MemInfo: [/proc/meminfo - SSI]	MemFree:        449998464 kB
20260610 010429.769 INFO             PET0       After Realize: - MemInfo: [/proc/meminfo - SSI]	MemAvailable:   457027248 kB
20260610 010429.769 INFO             PET0       After Realize: - MemInfo: [/proc/meminfo - SSI]	Committed_AS:   13138224 kB
20260610 010429.769 INFO             PET0       After Realize: - MemInfo: [/proc/meminfo - SSI]	CommittedPercent: 2.48799 %
20260610 010429.769 INFO             PET0       After Realize: - MemInfo: [/proc/self/status]	VmPeak:	  190276 kB
20260610 010429.769 INFO             PET0       After Realize: - MemInfo: [/proc/self/status]	VmSize:	  190276 kB
20260610 010429.769 INFO             PET0       After Realize: - MemInfo: [/proc/self/status]	VmLck:	       0 kB
20260610 010429.769 INFO             PET0       After Realize: - MemInfo: [/proc/self/status]	VmPin:	   35072 kB
20260610 010429.769 INFO             PET0       After Realize: - MemInfo: [/proc/self/status]	VmHWM:	   89204 kB
20260610 010429.769 INFO             PET0       After Realize: - MemInfo: [/proc/self/status]	VmRSS:	   89204 kB
20260610 010429.769 INFO             PET0       After Realize: - MemInfo: [/proc/self/status]	VmData:	   85968 kB
20260610 010429.769 INFO             PET0       After Realize: - MemInfo: [/proc/self/status]	VmStk:	     212 kB
20260610 010429.769 INFO             PET0       After Realize: - MemInfo: [/proc/self/status]	VmExe:	    3060 kB
20260610 010429.769 INFO             PET0       After Realize: - MemInfo: [/proc/self/status]	VmLib:	   77500 kB
20260610 010429.769 INFO             PET0       After Realize: - MemInfo: [/proc/self/status]	VmPTE:	     380 kB
20260610 010429.769 INFO             PET0       After Realize: - MemInfo: [/proc/self/status]	VmSwap:	       0 kB
20260610 010429.769 INFO             PET0       After Realize: - MemInfo: [/proc/self/status]	VmRSSPercent: 0.0168926 %
20260610 010429.769 INFO             PET0       After Realize: - MemInfo: [malloc] Non-mmapped space allocated:                 8499200 Byte
20260610 010429.769 INFO             PET0       After Realize: - MemInfo: [malloc] Space allocated in mmapped regions:         69586944 Byte
20260610 010429.769 INFO             PET0       After Realize: - MemInfo: [malloc] Maximum total allocated space:                     0 Byte
20260610 010429.769 INFO             PET0       After Realize: - MemInfo: [malloc] Space in freed fastbin blocks:                   544 Byte
20260610 010429.769 INFO             PET0       After Realize: - MemInfo: [malloc] Total allocated space:                       8390160 Byte
20260610 010429.769 INFO             PET0       After Realize: - MemInfo: [malloc] Total free space:                             109040 Byte
20260610 010429.769 INFO             PET0       After Realize: - MemInfo: [malloc] Top-most, releasable space:                   108496 Byte
20260610 010429.769 INFO             PET0       After Realize: - MemInfo: [malloc] Total space in use, mmap + non-mmap:        77977104 Byte
20260610 010429.769 INFO             PET0       After Realize: - MemInfo: [malloc] Total space held (mmap + non-mmap):         78086144 Byte
20260610 010429.769 INFO             PET0       After Realize: - MemInfo: [malloc] Total space used (mmap + non-mmap):         77985312 Byte
20260610 010429.769 INFO             PET0       After Realize: - MemInfo: Wall-clock time since execution start:              0.0372074 seconds
20260610 010429.769 INFO             PET0       <<<MODEL: leaving Initialize (phase=IPDvXp04) without valid internal Clock.
20260610 010429.769 INFO             PET0       MODEL: InitializeIPDvXp04 extro {IS}:--- StateLog() start -----------------
20260610 010429.769 INFO             PET0       MODEL: InitializeIPDvXp04 extro {IS}:<name: MODEL-ImportState> <intent: ESMF_STATEINTENT_IMPORT> <itemCount:    0>
20260610 010429.769 INFO             PET0       MODEL: InitializeIPDvXp04 extro {IS}:--- StateLog() end -------------------
20260610 010429.769 INFO             PET0       MODEL: InitializeIPDvXp04 extro {ES}:--- StateLog() start -----------------
20260610 010429.769 INFO             PET0       MODEL: InitializeIPDvXp04 extro {ES}:<name: MODEL-ExportState> <intent: ESMF_STATEINTENT_EXPORT> <itemCount:    2>
20260610 010429.769 INFO             PET0       MODEL: InitializeIPDvXp04 extro {ES}:+-<item: 0001> <itemType: Field> <itemName: pmsl>
20260610 010429.769 INFO             PET0       MODEL: InitializeIPDvXp04 extro {ES}:!--- FieldLog() start -----------------
20260610 010429.769 INFO             PET0       MODEL: InitializeIPDvXp04 extro {ES}:! <name: pmsl> <fieldStatus: ESMF_FIELDSTATUS_COMPLETE>
20260610 010429.769 INFO             PET0       MODEL: InitializeIPDvXp04 extro {ES}:! 0x7ffda8177e98 => 0x5611b1a4a580 => 0x5611b1a4a7c0
20260610 010429.769 INFO             PET0       MODEL: InitializeIPDvXp04 extro {ES}:! <typekind: Real*8> <rank:    2> <dimCount:    2>
20260610 010429.769 INFO             PET0       MODEL: InitializeIPDvXp04 extro {ES}:! ! --- Array::log() start -----------------------------------
20260610 010429.770 INFO             PET0       MODEL: InitializeIPDvXp04 extro {ES}:! ! 0x5611b1a4ba30
20260610 010429.770 INFO             PET0       MODEL: InitializeIPDvXp04 extro {ES}:! ! <name: pmsl>
20260610 010429.770 INFO             PET0       MODEL: InitializeIPDvXp04 extro {ES}:! ! ! --- DistGrid::log() start --------------------------------
20260610 010429.770 INFO             PET0       MODEL: InitializeIPDvXp04 extro {ES}:! ! ! 0x5611b1a456e0
20260610 010429.770 INFO             PET0       MODEL: InitializeIPDvXp04 extro {ES}:! ! ! DistGrid object is valid!<name: DG-Grid004-sloc:0>
20260610 010429.770 INFO             PET0       MODEL: InitializeIPDvXp04 extro {ES}:! ! ! --- DistGrid::log() end ----------------------------------
20260610 010429.770 INFO             PET0       MODEL: InitializeIPDvXp04 extro {ES}:! ! --- Array::log() end -------------------------------------
20260610 010429.770 INFO             PET0       MODEL: InitializeIPDvXp04 extro {ES}:!--- FieldLog() end -------------------
20260610 010429.770 INFO             PET0       MODEL: InitializeIPDvXp04 extro {ES}:+-<item: 0002> <itemType: Field> <itemName: rsns>
20260610 010429.770 INFO             PET0       MODEL: InitializeIPDvXp04 extro {ES}:!--- FieldLog() start -----------------
20260610 010429.770 INFO             PET0       MODEL: InitializeIPDvXp04 extro {ES}:! <name: rsns> <fieldStatus: ESMF_FIELDSTATUS_COMPLETE>
20260610 010429.770 INFO             PET0       MODEL: InitializeIPDvXp04 extro {ES}:! 0x7ffda8177e98 => 0x5611b1a4d530 => 0x5611b1a4d770
20260610 010429.770 INFO             PET0       MODEL: InitializeIPDvXp04 extro {ES}:! <typekind: Real*8> <rank:    2> <dimCount:    2>
20260610 010429.770 INFO             PET0       MODEL: InitializeIPDvXp04 extro {ES}:! ! --- Array::log() start -----------------------------------
20260610 010429.770 INFO             PET0       MODEL: InitializeIPDvXp04 extro {ES}:! ! 0x5611b1a4e900
20260610 010429.770 INFO             PET0       MODEL: InitializeIPDvXp04 extro {ES}:! ! <name: rsns>
20260610 010429.770 INFO             PET0       MODEL: InitializeIPDvXp04 extro {ES}:! ! ! --- DistGrid::log() start --------------------------------
20260610 010429.770 INFO             PET0       MODEL: InitializeIPDvXp04 extro {ES}:! ! ! 0x5611b1a456e0
20260610 010429.770 INFO             PET0       MODEL: InitializeIPDvXp04 extro {ES}:! ! ! DistGrid object is valid!<name: DG-Grid004-sloc:0>
20260610 010429.770 INFO             PET0       MODEL: InitializeIPDvXp04 extro {ES}:! ! ! --- DistGrid::log() end ----------------------------------
20260610 010429.770 INFO             PET0       MODEL: InitializeIPDvXp04 extro {ES}:! ! --- Array::log() end -------------------------------------
20260610 010429.770 INFO             PET0       MODEL: InitializeIPDvXp04 extro {ES}:!--- FieldLog() end -------------------
20260610 010429.770 INFO             PET0       MODEL: InitializeIPDvXp04 extro {ES}:--- StateLog() end -------------------
20260610 010429.770 INFO             PET0     MODEL: InitializeIPDvXp04 extro.
20260610 010429.771 INFO             PET0     driver: IInitRealize intro.
20260610 010429.771 INFO             PET0       driver: IInitRealize intro {IS}:--- StateLog() start -----------------
20260610 010429.771 INFO             PET0       driver: IInitRealize intro {IS}:State object is invalid! Not created or deleted!
20260610 010429.771 INFO             PET0       driver: IInitRealize intro {IS}:--- StateLog() end -------------------
20260610 010429.771 INFO             PET0       driver: IInitRealize intro {ES}:--- StateLog() start -----------------
20260610 010429.771 INFO             PET0       driver: IInitRealize intro {ES}:State object is invalid! Not created or deleted!
20260610 010429.771 INFO             PET0       driver: IInitRealize intro {ES}:--- StateLog() end -------------------
20260610 010429.771 INFO             PET0       >>>driver: entered Initialize (phase=<none>) with current time:    0  1  1  0  0  0   0
20260610 010429.771 INFO             PET0       <<<driver: leaving Initialize (phase=<none>) with current time:    0  1  1  0  0  0   0
20260610 010429.771 INFO             PET0       driver: IInitRealize extro {IS}:--- StateLog() start -----------------
20260610 010429.771 INFO             PET0       driver: IInitRealize extro {IS}:State object is invalid! Not created or deleted!
20260610 010429.771 INFO             PET0       driver: IInitRealize extro {IS}:--- StateLog() end -------------------
20260610 010429.771 INFO             PET0       driver: IInitRealize extro {ES}:--- StateLog() start -----------------
20260610 010429.771 INFO             PET0       driver: IInitRealize extro {ES}:State object is invalid! Not created or deleted!
20260610 010429.771 INFO             PET0       driver: IInitRealize extro {ES}:--- StateLog() end -------------------
20260610 010429.771 INFO             PET0     driver: IInitRealize extro.
20260610 010429.772 INFO             PET0     MODEL: InitializeIPDvXp07 intro.
20260610 010429.772 INFO             PET0       MODEL: InitializeIPDvXp07 intro {IS}:--- StateLog() start -----------------
20260610 010429.772 INFO             PET0       MODEL: InitializeIPDvXp07 intro {IS}:<name: MODEL-ImportState> <intent: ESMF_STATEINTENT_IMPORT> <itemCount:    0>
20260610 010429.772 INFO             PET0       MODEL: InitializeIPDvXp07 intro {IS}:--- StateLog() end -------------------
20260610 010429.772 INFO             PET0       MODEL: InitializeIPDvXp07 intro {ES}:--- StateLog() start -----------------
20260610 010429.772 INFO             PET0       MODEL: InitializeIPDvXp07 intro {ES}:<name: MODEL-ExportState> <intent: ESMF_STATEINTENT_EXPORT> <itemCount:    2>
20260610 010429.772 INFO             PET0       MODEL: InitializeIPDvXp07 intro {ES}:+-<item: 0001> <itemType: Field> <itemName: pmsl>
20260610 010429.772 INFO             PET0       MODEL: InitializeIPDvXp07 intro {ES}:!--- FieldLog() start -----------------
20260610 010429.772 INFO             PET0       MODEL: InitializeIPDvXp07 intro {ES}:! <name: pmsl> <fieldStatus: ESMF_FIELDSTATUS_COMPLETE>
20260610 010429.772 INFO             PET0       MODEL: InitializeIPDvXp07 intro {ES}:! 0x7ffda81763c8 => 0x5611b1a4a580 => 0x5611b1a4a7c0
20260610 010429.772 INFO             PET0       MODEL: InitializeIPDvXp07 intro {ES}:! <typekind: Real*8> <rank:    2> <dimCount:    2>
20260610 010429.772 INFO             PET0       MODEL: InitializeIPDvXp07 intro {ES}:! ! --- Array::log() start -----------------------------------
20260610 010429.772 INFO             PET0       MODEL: InitializeIPDvXp07 intro {ES}:! ! 0x5611b1a4ba30
20260610 010429.772 INFO             PET0       MODEL: InitializeIPDvXp07 intro {ES}:! ! <name: pmsl>
20260610 010429.772 INFO             PET0       MODEL: InitializeIPDvXp07 intro {ES}:! ! ! --- DistGrid::log() start --------------------------------
20260610 010429.772 INFO             PET0       MODEL: InitializeIPDvXp07 intro {ES}:! ! ! 0x5611b1a456e0
20260610 010429.772 INFO             PET0       MODEL: InitializeIPDvXp07 intro {ES}:! ! ! DistGrid object is valid!<name: DG-Grid004-sloc:0>
20260610 010429.772 INFO             PET0       MODEL: InitializeIPDvXp07 intro {ES}:! ! ! --- DistGrid::log() end ----------------------------------
20260610 010429.772 INFO             PET0       MODEL: InitializeIPDvXp07 intro {ES}:! ! --- Array::log() end -------------------------------------
20260610 010429.772 INFO             PET0       MODEL: InitializeIPDvXp07 intro {ES}:!--- FieldLog() end -------------------
20260610 010429.772 INFO             PET0       MODEL: InitializeIPDvXp07 intro {ES}:+-<item: 0002> <itemType: Field> <itemName: rsns>
20260610 010429.772 INFO             PET0       MODEL: InitializeIPDvXp07 intro {ES}:!--- FieldLog() start -----------------
20260610 010429.772 INFO             PET0       MODEL: InitializeIPDvXp07 intro {ES}:! <name: rsns> <fieldStatus: ESMF_FIELDSTATUS_COMPLETE>
20260610 010429.772 INFO             PET0       MODEL: InitializeIPDvXp07 intro {ES}:! 0x7ffda81763c8 => 0x5611b1a4d530 => 0x5611b1a4d770
20260610 010429.772 INFO             PET0       MODEL: InitializeIPDvXp07 intro {ES}:! <typekind: Real*8> <rank:    2> <dimCount:    2>
20260610 010429.772 INFO             PET0       MODEL: InitializeIPDvXp07 intro {ES}:! ! --- Array::log() start -----------------------------------
20260610 010429.772 INFO             PET0       MODEL: InitializeIPDvXp07 intro {ES}:! ! 0x5611b1a4e900
20260610 010429.772 INFO             PET0       MODEL: InitializeIPDvXp07 intro {ES}:! ! <name: rsns>
20260610 010429.772 INFO             PET0       MODEL: InitializeIPDvXp07 intro {ES}:! ! ! --- DistGrid::log() start --------------------------------
20260610 010429.772 INFO             PET0       MODEL: InitializeIPDvXp07 intro {ES}:! ! ! 0x5611b1a456e0
20260610 010429.772 INFO             PET0       MODEL: InitializeIPDvXp07 intro {ES}:! ! ! DistGrid object is valid!<name: DG-Grid004-sloc:0>
20260610 010429.772 INFO             PET0       MODEL: InitializeIPDvXp07 intro {ES}:! ! ! --- DistGrid::log() end ----------------------------------
20260610 010429.772 INFO             PET0       MODEL: InitializeIPDvXp07 intro {ES}:! ! --- Array::log() end -------------------------------------
20260610 010429.772 INFO             PET0       MODEL: InitializeIPDvXp07 intro {ES}:!--- FieldLog() end -------------------
20260610 010429.772 INFO             PET0       MODEL: InitializeIPDvXp07 intro {ES}:--- StateLog() end -------------------
20260610 010429.772 INFO             PET0       >>>MODEL: entered Initialize (phase=IPDvXp07) without valid internal Clock.
20260610 010429.772 INFO             PET0       <<<MODEL: leaving Initialize (phase=IPDvXp07) with current time:    0  1  1  0  0  0   0
20260610 010429.772 INFO             PET0       MODEL: InitializeIPDvXp07 extro {IS}:--- StateLog() start -----------------
20260610 010429.772 INFO             PET0       MODEL: InitializeIPDvXp07 extro {IS}:<name: MODEL-ImportState> <intent: ESMF_STATEINTENT_IMPORT> <itemCount:    0>
20260610 010429.772 INFO             PET0       MODEL: InitializeIPDvXp07 extro {IS}:--- StateLog() end -------------------
20260610 010429.772 INFO             PET0       MODEL: InitializeIPDvXp07 extro {ES}:--- StateLog() start -----------------
20260610 010429.773 INFO             PET0       MODEL: InitializeIPDvXp07 extro {ES}:<name: MODEL-ExportState> <intent: ESMF_STATEINTENT_EXPORT> <itemCount:    2>
20260610 010429.773 INFO             PET0       MODEL: InitializeIPDvXp07 extro {ES}:+-<item: 0001> <itemType: Field> <itemName: pmsl>
20260610 010429.773 INFO             PET0       MODEL: InitializeIPDvXp07 extro {ES}:!--- FieldLog() start -----------------
20260610 010429.773 INFO             PET0       MODEL: InitializeIPDvXp07 extro {ES}:! <name: pmsl> <fieldStatus: ESMF_FIELDSTATUS_COMPLETE>
20260610 010429.773 INFO             PET0       MODEL: InitializeIPDvXp07 extro {ES}:! 0x7ffda8176b98 => 0x5611b1a4a580 => 0x5611b1a4a7c0
20260610 010429.773 INFO             PET0       MODEL: InitializeIPDvXp07 extro {ES}:! <typekind: Real*8> <rank:    2> <dimCount:    2>
20260610 010429.773 INFO             PET0       MODEL: InitializeIPDvXp07 extro {ES}:! ! --- Array::log() start -----------------------------------
20260610 010429.773 INFO             PET0       MODEL: InitializeIPDvXp07 extro {ES}:! ! 0x5611b1a4ba30
20260610 010429.773 INFO             PET0       MODEL: InitializeIPDvXp07 extro {ES}:! ! <name: pmsl>
20260610 010429.773 INFO             PET0       MODEL: InitializeIPDvXp07 extro {ES}:! ! ! --- DistGrid::log() start --------------------------------
20260610 010429.773 INFO             PET0       MODEL: InitializeIPDvXp07 extro {ES}:! ! ! 0x5611b1a456e0
20260610 010429.773 INFO             PET0       MODEL: InitializeIPDvXp07 extro {ES}:! ! ! DistGrid object is valid!<name: DG-Grid004-sloc:0>
20260610 010429.773 INFO             PET0       MODEL: InitializeIPDvXp07 extro {ES}:! ! ! --- DistGrid::log() end ----------------------------------
20260610 010429.773 INFO             PET0       MODEL: InitializeIPDvXp07 extro {ES}:! ! --- Array::log() end -------------------------------------
20260610 010429.773 INFO             PET0       MODEL: InitializeIPDvXp07 extro {ES}:!--- FieldLog() end -------------------
20260610 010429.773 INFO             PET0       MODEL: InitializeIPDvXp07 extro {ES}:+-<item: 0002> <itemType: Field> <itemName: rsns>
20260610 010429.773 INFO             PET0       MODEL: InitializeIPDvXp07 extro {ES}:!--- FieldLog() start -----------------
20260610 010429.773 INFO             PET0       MODEL: InitializeIPDvXp07 extro {ES}:! <name: rsns> <fieldStatus: ESMF_FIELDSTATUS_COMPLETE>
20260610 010429.773 INFO             PET0       MODEL: InitializeIPDvXp07 extro {ES}:! 0x7ffda8176b98 => 0x5611b1a4d530 => 0x5611b1a4d770
20260610 010429.773 INFO             PET0       MODEL: InitializeIPDvXp07 extro {ES}:! <typekind: Real*8> <rank:    2> <dimCount:    2>
20260610 010429.773 INFO             PET0       MODEL: InitializeIPDvXp07 extro {ES}:! ! --- Array::log() start -----------------------------------
20260610 010429.773 INFO             PET0       MODEL: InitializeIPDvXp07 extro {ES}:! ! 0x5611b1a4e900
20260610 010429.773 INFO             PET0       MODEL: InitializeIPDvXp07 extro {ES}:! ! <name: rsns>
20260610 010429.773 INFO             PET0       MODEL: InitializeIPDvXp07 extro {ES}:! ! ! --- DistGrid::log() start --------------------------------
20260610 010429.773 INFO             PET0       MODEL: InitializeIPDvXp07 extro {ES}:! ! ! 0x5611b1a456e0
20260610 010429.773 INFO             PET0       MODEL: InitializeIPDvXp07 extro {ES}:! ! ! DistGrid object is valid!<name: DG-Grid004-sloc:0>
20260610 010429.773 INFO             PET0       MODEL: InitializeIPDvXp07 extro {ES}:! ! ! --- DistGrid::log() end ----------------------------------
20260610 010429.773 INFO             PET0       MODEL: InitializeIPDvXp07 extro {ES}:! ! --- Array::log() end -------------------------------------
20260610 010429.773 INFO             PET0       MODEL: InitializeIPDvXp07 extro {ES}:!--- FieldLog() end -------------------
20260610 010429.773 INFO             PET0       MODEL: InitializeIPDvXp07 extro {ES}:--- StateLog() end -------------------
20260610 010429.773 INFO             PET0     MODEL: InitializeIPDvXp07 extro.
20260610 010429.773 INFO             PET0     <<<driver: leaving Initialize (phase=<none>) with current time:    0  1  1  0  0  0   0
20260610 010429.773 INFO             PET0     driver: InitializeIPDv02p3 extro {IS}:--- StateLog() start -----------------
20260610 010429.773 INFO             PET0     driver: InitializeIPDv02p3 extro {IS}:State object is invalid! Not created or deleted!
20260610 010429.773 INFO             PET0     driver: InitializeIPDv02p3 extro {IS}:--- StateLog() end -------------------
20260610 010429.773 INFO             PET0     driver: InitializeIPDv02p3 extro {ES}:--- StateLog() start -----------------
20260610 010429.773 INFO             PET0     driver: InitializeIPDv02p3 extro {ES}:State object is invalid! Not created or deleted!
20260610 010429.773 INFO             PET0     driver: InitializeIPDv02p3 extro {ES}:--- StateLog() end -------------------
20260610 010429.773 INFO             PET0   driver: InitializeIPDv02p3 extro.
20260610 010429.773 INFO             PET0   driver: InitializeIPDv02p5 intro.
20260610 010429.773 INFO             PET0     driver: InitializeIPDv02p5 intro {IS}:--- StateLog() start -----------------
20260610 010429.773 INFO             PET0     driver: InitializeIPDv02p5 intro {IS}:State object is invalid! Not created or deleted!
20260610 010429.773 INFO             PET0     driver: InitializeIPDv02p5 intro {IS}:--- StateLog() end -------------------
20260610 010429.773 INFO             PET0     driver: InitializeIPDv02p5 intro {ES}:--- StateLog() start -----------------
20260610 010429.773 INFO             PET0     driver: InitializeIPDv02p5 intro {ES}:State object is invalid! Not created or deleted!
20260610 010429.773 INFO             PET0     driver: InitializeIPDv02p5 intro {ES}:--- StateLog() end -------------------
20260610 010429.773 INFO             PET0     >>>driver: entered Initialize (phase=<none>) with current time:    0  1  1  0  0  0   0
20260610 010429.773 INFO             PET0     driver: this is a top level driver, no 'Updated' and 'InitializeDataComplete' info on this level.
20260610 010429.774 INFO             PET0     driver: InitializeIPDv02p5Data intro.
20260610 010429.774 INFO             PET0       driver: InitializeIPDv02p5Data intro {IS}:--- StateLog() start -----------------
20260610 010429.774 INFO             PET0       driver: InitializeIPDv02p5Data intro {IS}:State object is invalid! Not created or deleted!
20260610 010429.774 INFO             PET0       driver: InitializeIPDv02p5Data intro {IS}:--- StateLog() end -------------------
20260610 010429.774 INFO             PET0       driver: InitializeIPDv02p5Data intro {ES}:--- StateLog() start -----------------
20260610 010429.774 INFO             PET0       driver: InitializeIPDv02p5Data intro {ES}:State object is invalid! Not created or deleted!
20260610 010429.774 INFO             PET0       driver: InitializeIPDv02p5Data intro {ES}:--- StateLog() end -------------------
20260610 010429.774 INFO             PET0       >>>driver: entered Initialize (phase=<none>) with current time:    0  1  1  0  0  0   0
20260610 010429.774 INFO             PET0       driver: InternalInitializeComplete intro.
20260610 010429.774 INFO             PET0         driver: InternalInitializeComplete intro {IS}:--- StateLog() start -----------------
20260610 010429.774 INFO             PET0         driver: InternalInitializeComplete intro {IS}:State object is invalid! Not created or deleted!
20260610 010429.774 INFO             PET0         driver: InternalInitializeComplete intro {IS}:--- StateLog() end -------------------
20260610 010429.774 INFO             PET0         driver: InternalInitializeComplete intro {ES}:--- StateLog() start -----------------
20260610 010429.774 INFO             PET0         driver: InternalInitializeComplete intro {ES}:State object is invalid! Not created or deleted!
20260610 010429.774 INFO             PET0         driver: InternalInitializeComplete intro {ES}:--- StateLog() end -------------------
20260610 010429.774 INFO             PET0         >>>driver: entered Initialize (phase=<none>) with current time:    0  1  1  0  0  0   0
20260610 010429.774 INFO             PET0         driver: InitializeDataComplete='true'
20260610 010429.774 INFO             PET0         <<<driver: leaving Initialize (phase=<none>) with current time:    0  1  1  0  0  0   0
20260610 010429.774 INFO             PET0         driver: InternalInitializeComplete extro {IS}:--- StateLog() start -----------------
20260610 010429.774 INFO             PET0         driver: InternalInitializeComplete extro {IS}:State object is invalid! Not created or deleted!
20260610 010429.774 INFO             PET0         driver: InternalInitializeComplete extro {IS}:--- StateLog() end -------------------
20260610 010429.774 INFO             PET0         driver: InternalInitializeComplete extro {ES}:--- StateLog() start -----------------
20260610 010429.774 INFO             PET0         driver: InternalInitializeComplete extro {ES}:State object is invalid! Not created or deleted!
20260610 010429.774 INFO             PET0         driver: InternalInitializeComplete extro {ES}:--- StateLog() end -------------------
20260610 010429.774 INFO             PET0       driver: InternalInitializeComplete extro.
20260610 010429.775 INFO             PET0       MODEL: InitializeIPDvXp08 intro.
20260610 010429.775 INFO             PET0         MODEL: InitializeIPDvXp08 intro {IS}:--- StateLog() start -----------------
20260610 010429.775 INFO             PET0         MODEL: InitializeIPDvXp08 intro {IS}:<name: MODEL-ImportState> <intent: ESMF_STATEINTENT_IMPORT> <itemCount:    0>
20260610 010429.775 INFO             PET0         MODEL: InitializeIPDvXp08 intro {IS}:--- StateLog() end -------------------
20260610 010429.775 INFO             PET0         MODEL: InitializeIPDvXp08 intro {ES}:--- StateLog() start -----------------
20260610 010429.775 INFO             PET0         MODEL: InitializeIPDvXp08 intro {ES}:<name: MODEL-ExportState> <intent: ESMF_STATEINTENT_EXPORT> <itemCount:    2>
20260610 010429.775 INFO             PET0         MODEL: InitializeIPDvXp08 intro {ES}:+-<item: 0001> <itemType: Field> <itemName: pmsl>
20260610 010429.775 INFO             PET0         MODEL: InitializeIPDvXp08 intro {ES}:!--- FieldLog() start -----------------
20260610 010429.775 INFO             PET0         MODEL: InitializeIPDvXp08 intro {ES}:! <name: pmsl> <fieldStatus: ESMF_FIELDSTATUS_COMPLETE>
20260610 010429.775 INFO             PET0         MODEL: InitializeIPDvXp08 intro {ES}:! 0x7ffda81750d8 => 0x5611b1a4a580 => 0x5611b1a4a7c0
20260610 010429.775 INFO             PET0         MODEL: InitializeIPDvXp08 intro {ES}:! <typekind: Real*8> <rank:    2> <dimCount:    2>
20260610 010429.775 INFO             PET0         MODEL: InitializeIPDvXp08 intro {ES}:! ! --- Array::log() start -----------------------------------
20260610 010429.775 INFO             PET0         MODEL: InitializeIPDvXp08 intro {ES}:! ! 0x5611b1a4ba30
20260610 010429.775 INFO             PET0         MODEL: InitializeIPDvXp08 intro {ES}:! ! <name: pmsl>
20260610 010429.775 INFO             PET0         MODEL: InitializeIPDvXp08 intro {ES}:! ! ! --- DistGrid::log() start --------------------------------
20260610 010429.775 INFO             PET0         MODEL: InitializeIPDvXp08 intro {ES}:! ! ! 0x5611b1a456e0
20260610 010429.775 INFO             PET0         MODEL: InitializeIPDvXp08 intro {ES}:! ! ! DistGrid object is valid!<name: DG-Grid004-sloc:0>
20260610 010429.775 INFO             PET0         MODEL: InitializeIPDvXp08 intro {ES}:! ! ! --- DistGrid::log() end ----------------------------------
20260610 010429.775 INFO             PET0         MODEL: InitializeIPDvXp08 intro {ES}:! ! --- Array::log() end -------------------------------------
20260610 010429.775 INFO             PET0         MODEL: InitializeIPDvXp08 intro {ES}:!--- FieldLog() end -------------------
20260610 010429.775 INFO             PET0         MODEL: InitializeIPDvXp08 intro {ES}:+-<item: 0002> <itemType: Field> <itemName: rsns>
20260610 010429.775 INFO             PET0         MODEL: InitializeIPDvXp08 intro {ES}:!--- FieldLog() start -----------------
20260610 010429.775 INFO             PET0         MODEL: InitializeIPDvXp08 intro {ES}:! <name: rsns> <fieldStatus: ESMF_FIELDSTATUS_COMPLETE>
20260610 010429.775 INFO             PET0         MODEL: InitializeIPDvXp08 intro {ES}:! 0x7ffda81750d8 => 0x5611b1a4d530 => 0x5611b1a4d770
20260610 010429.775 INFO             PET0         MODEL: InitializeIPDvXp08 intro {ES}:! <typekind: Real*8> <rank:    2> <dimCount:    2>
20260610 010429.775 INFO             PET0         MODEL: InitializeIPDvXp08 intro {ES}:! ! --- Array::log() start -----------------------------------
20260610 010429.775 INFO             PET0         MODEL: InitializeIPDvXp08 intro {ES}:! ! 0x5611b1a4e900
20260610 010429.775 INFO             PET0         MODEL: InitializeIPDvXp08 intro {ES}:! ! <name: rsns>
20260610 010429.775 INFO             PET0         MODEL: InitializeIPDvXp08 intro {ES}:! ! ! --- DistGrid::log() start --------------------------------
20260610 010429.775 INFO             PET0         MODEL: InitializeIPDvXp08 intro {ES}:! ! ! 0x5611b1a456e0
20260610 010429.775 INFO             PET0         MODEL: InitializeIPDvXp08 intro {ES}:! ! ! DistGrid object is valid!<name: DG-Grid004-sloc:0>
20260610 010429.775 INFO             PET0         MODEL: InitializeIPDvXp08 intro {ES}:! ! ! --- DistGrid::log() end ----------------------------------
20260610 010429.775 INFO             PET0         MODEL: InitializeIPDvXp08 intro {ES}:! ! --- Array::log() end -------------------------------------
20260610 010429.775 INFO             PET0         MODEL: InitializeIPDvXp08 intro {ES}:!--- FieldLog() end -------------------
20260610 010429.775 INFO             PET0         MODEL: InitializeIPDvXp08 intro {ES}:--- StateLog() end -------------------
20260610 010429.775 INFO             PET0         >>>MODEL: entered Initialize (phase=IPDv05p8) with current time:    0  1  1  0  0  0   0
20260610 010429.776 INFO             PET0         MODEL: InitializeDataProgress='false', InitializeDataComplete='false'
20260610 010429.776 INFO             PET0         <<<MODEL: leaving Initialize (phase=IPDv05p8) with current time:    0  1  1  0  0  0   0
20260610 010429.776 INFO             PET0         MODEL: InitializeIPDvXp08 extro {IS}:--- StateLog() start -----------------
20260610 010429.776 INFO             PET0         MODEL: InitializeIPDvXp08 extro {IS}:<name: MODEL-ImportState> <intent: ESMF_STATEINTENT_IMPORT> <itemCount:    0>
20260610 010429.776 INFO             PET0         MODEL: InitializeIPDvXp08 extro {IS}:--- StateLog() end -------------------
20260610 010429.776 INFO             PET0         MODEL: InitializeIPDvXp08 extro {ES}:--- StateLog() start -----------------
20260610 010429.776 INFO             PET0         MODEL: InitializeIPDvXp08 extro {ES}:<name: MODEL-ExportState> <intent: ESMF_STATEINTENT_EXPORT> <itemCount:    2>
20260610 010429.776 INFO             PET0         MODEL: InitializeIPDvXp08 extro {ES}:+-<item: 0001> <itemType: Field> <itemName: pmsl>
20260610 010429.776 INFO             PET0         MODEL: InitializeIPDvXp08 extro {ES}:!--- FieldLog() start -----------------
20260610 010429.776 INFO             PET0         MODEL: InitializeIPDvXp08 extro {ES}:! <name: pmsl> <fieldStatus: ESMF_FIELDSTATUS_COMPLETE>
20260610 010429.776 INFO             PET0         MODEL: InitializeIPDvXp08 extro {ES}:! 0x7ffda81755b8 => 0x5611b1a4a580 => 0x5611b1a4a7c0
20260610 010429.776 INFO             PET0         MODEL: InitializeIPDvXp08 extro {ES}:! <typekind: Real*8> <rank:    2> <dimCount:    2>
20260610 010429.776 INFO             PET0         MODEL: InitializeIPDvXp08 extro {ES}:! ! --- Array::log() start -----------------------------------
20260610 010429.776 INFO             PET0         MODEL: InitializeIPDvXp08 extro {ES}:! ! 0x5611b1a4ba30
20260610 010429.776 INFO             PET0         MODEL: InitializeIPDvXp08 extro {ES}:! ! <name: pmsl>
20260610 010429.776 INFO             PET0         MODEL: InitializeIPDvXp08 extro {ES}:! ! ! --- DistGrid::log() start --------------------------------
20260610 010429.776 INFO             PET0         MODEL: InitializeIPDvXp08 extro {ES}:! ! ! 0x5611b1a456e0
20260610 010429.776 INFO             PET0         MODEL: InitializeIPDvXp08 extro {ES}:! ! ! DistGrid object is valid!<name: DG-Grid004-sloc:0>
20260610 010429.776 INFO             PET0         MODEL: InitializeIPDvXp08 extro {ES}:! ! ! --- DistGrid::log() end ----------------------------------
20260610 010429.776 INFO             PET0         MODEL: InitializeIPDvXp08 extro {ES}:! ! --- Array::log() end -------------------------------------
20260610 010429.776 INFO             PET0         MODEL: InitializeIPDvXp08 extro {ES}:!--- FieldLog() end -------------------
20260610 010429.776 INFO             PET0         MODEL: InitializeIPDvXp08 extro {ES}:+-<item: 0002> <itemType: Field> <itemName: rsns>
20260610 010429.776 INFO             PET0         MODEL: InitializeIPDvXp08 extro {ES}:!--- FieldLog() start -----------------
20260610 010429.776 INFO             PET0         MODEL: InitializeIPDvXp08 extro {ES}:! <name: rsns> <fieldStatus: ESMF_FIELDSTATUS_COMPLETE>
20260610 010429.776 INFO             PET0         MODEL: InitializeIPDvXp08 extro {ES}:! 0x7ffda81755b8 => 0x5611b1a4d530 => 0x5611b1a4d770
20260610 010429.776 INFO             PET0         MODEL: InitializeIPDvXp08 extro {ES}:! <typekind: Real*8> <rank:    2> <dimCount:    2>
20260610 010429.776 INFO             PET0         MODEL: InitializeIPDvXp08 extro {ES}:! ! --- Array::log() start -----------------------------------
20260610 010429.776 INFO             PET0         MODEL: InitializeIPDvXp08 extro {ES}:! ! 0x5611b1a4e900
20260610 010429.776 INFO             PET0         MODEL: InitializeIPDvXp08 extro {ES}:! ! <name: rsns>
20260610 010429.776 INFO             PET0         MODEL: InitializeIPDvXp08 extro {ES}:! ! ! --- DistGrid::log() start --------------------------------
20260610 010429.776 INFO             PET0         MODEL: InitializeIPDvXp08 extro {ES}:! ! ! 0x5611b1a456e0
20260610 010429.776 INFO             PET0         MODEL: InitializeIPDvXp08 extro {ES}:! ! ! DistGrid object is valid!<name: DG-Grid004-sloc:0>
20260610 010429.776 INFO             PET0         MODEL: InitializeIPDvXp08 extro {ES}:! ! ! --- DistGrid::log() end ----------------------------------
20260610 010429.776 INFO             PET0         MODEL: InitializeIPDvXp08 extro {ES}:! ! --- Array::log() end -------------------------------------
20260610 010429.776 INFO             PET0         MODEL: InitializeIPDvXp08 extro {ES}:!--- FieldLog() end -------------------
20260610 010429.776 INFO             PET0         MODEL: InitializeIPDvXp08 extro {ES}:--- StateLog() end -------------------
20260610 010429.776 INFO             PET0       MODEL: InitializeIPDvXp08 extro.
20260610 010429.777 INFO             PET0       driver: components present that trigger loopDataDependentInitialize().
20260610 010429.777 INFO             PET0       driver: loopDataDependentInitialize intro.
20260610 010429.777 INFO             PET0         driver: loopDataDependentInitialize intro {IS}:--- StateLog() start -----------------
20260610 010429.777 INFO             PET0         driver: loopDataDependentInitialize intro {IS}:State object is invalid! Not created or deleted!
20260610 010429.777 INFO             PET0         driver: loopDataDependentInitialize intro {IS}:--- StateLog() end -------------------
20260610 010429.777 INFO             PET0         driver: loopDataDependentInitialize intro {ES}:--- StateLog() start -----------------
20260610 010429.777 INFO             PET0         driver: loopDataDependentInitialize intro {ES}:State object is invalid! Not created or deleted!
20260610 010429.777 INFO             PET0         driver: loopDataDependentInitialize intro {ES}:--- StateLog() end -------------------
20260610 010429.777 INFO             PET0         >>>driver: entered Initialize (phase=<none>) with current time:    0  1  1  0  0  0   0
20260610 010429.778 INFO             PET0         driver: component    0=driver, dataComplete (local): true
20260610 010429.778 INFO             PET0         driver: component    0=driver, dataComplete (global):  T
20260610 010429.778 INFO             PET0         driver: component    1=MODEL, dataComplete (local): false
20260610 010429.778 INFO             PET0         driver: component    1=MODEL, dataComplete (global):  F
20260610 010429.778 INFO             PET0         MODEL: InitializeIPDvXp08 intro.
20260610 010429.778 INFO             PET0           MODEL: InitializeIPDvXp08 intro {IS}:--- StateLog() start -----------------
20260610 010429.778 INFO             PET0           MODEL: InitializeIPDvXp08 intro {IS}:<name: MODEL-ImportState> <intent: ESMF_STATEINTENT_IMPORT> <itemCount:    0>
20260610 010429.778 INFO             PET0           MODEL: InitializeIPDvXp08 intro {IS}:--- StateLog() end -------------------
20260610 010429.778 INFO             PET0           MODEL: InitializeIPDvXp08 intro {ES}:--- StateLog() start -----------------
20260610 010429.778 INFO             PET0           MODEL: InitializeIPDvXp08 intro {ES}:<name: MODEL-ExportState> <intent: ESMF_STATEINTENT_EXPORT> <itemCount:    2>
20260610 010429.778 INFO             PET0           MODEL: InitializeIPDvXp08 intro {ES}:+-<item: 0001> <itemType: Field> <itemName: pmsl>
20260610 010429.778 INFO             PET0           MODEL: InitializeIPDvXp08 intro {ES}:!--- FieldLog() start -----------------
20260610 010429.778 INFO             PET0           MODEL: InitializeIPDvXp08 intro {ES}:! <name: pmsl> <fieldStatus: ESMF_FIELDSTATUS_COMPLETE>
20260610 010429.778 INFO             PET0           MODEL: InitializeIPDvXp08 intro {ES}:! 0x7ffda8171518 => 0x5611b1a4a580 => 0x5611b1a4a7c0
20260610 010429.778 INFO             PET0           MODEL: InitializeIPDvXp08 intro {ES}:! <typekind: Real*8> <rank:    2> <dimCount:    2>
20260610 010429.778 INFO             PET0           MODEL: InitializeIPDvXp08 intro {ES}:! ! --- Array::log() start -----------------------------------
20260610 010429.778 INFO             PET0           MODEL: InitializeIPDvXp08 intro {ES}:! ! 0x5611b1a4ba30
20260610 010429.778 INFO             PET0           MODEL: InitializeIPDvXp08 intro {ES}:! ! <name: pmsl>
20260610 010429.778 INFO             PET0           MODEL: InitializeIPDvXp08 intro {ES}:! ! ! --- DistGrid::log() start --------------------------------
20260610 010429.778 INFO             PET0           MODEL: InitializeIPDvXp08 intro {ES}:! ! ! 0x5611b1a456e0
20260610 010429.778 INFO             PET0           MODEL: InitializeIPDvXp08 intro {ES}:! ! ! DistGrid object is valid!<name: DG-Grid004-sloc:0>
20260610 010429.778 INFO             PET0           MODEL: InitializeIPDvXp08 intro {ES}:! ! ! --- DistGrid::log() end ----------------------------------
20260610 010429.778 INFO             PET0           MODEL: InitializeIPDvXp08 intro {ES}:! ! --- Array::log() end -------------------------------------
20260610 010429.778 INFO             PET0           MODEL: InitializeIPDvXp08 intro {ES}:!--- FieldLog() end -------------------
20260610 010429.779 INFO             PET0           MODEL: InitializeIPDvXp08 intro {ES}:+-<item: 0002> <itemType: Field> <itemName: rsns>
20260610 010429.779 INFO             PET0           MODEL: InitializeIPDvXp08 intro {ES}:!--- FieldLog() start -----------------
20260610 010429.779 INFO             PET0           MODEL: InitializeIPDvXp08 intro {ES}:! <name: rsns> <fieldStatus: ESMF_FIELDSTATUS_COMPLETE>
20260610 010429.779 INFO             PET0           MODEL: InitializeIPDvXp08 intro {ES}:! 0x7ffda8171518 => 0x5611b1a4d530 => 0x5611b1a4d770
20260610 010429.779 INFO             PET0           MODEL: InitializeIPDvXp08 intro {ES}:! <typekind: Real*8> <rank:    2> <dimCount:    2>
20260610 010429.779 INFO             PET0           MODEL: InitializeIPDvXp08 intro {ES}:! ! --- Array::log() start -----------------------------------
20260610 010429.779 INFO             PET0           MODEL: InitializeIPDvXp08 intro {ES}:! ! 0x5611b1a4e900
20260610 010429.779 INFO             PET0           MODEL: InitializeIPDvXp08 intro {ES}:! ! <name: rsns>
20260610 010429.779 INFO             PET0           MODEL: InitializeIPDvXp08 intro {ES}:! ! ! --- DistGrid::log() start --------------------------------
20260610 010429.779 INFO             PET0           MODEL: InitializeIPDvXp08 intro {ES}:! ! ! 0x5611b1a456e0
20260610 010429.779 INFO             PET0           MODEL: InitializeIPDvXp08 intro {ES}:! ! ! DistGrid object is valid!<name: DG-Grid004-sloc:0>
20260610 010429.779 INFO             PET0           MODEL: InitializeIPDvXp08 intro {ES}:! ! ! --- DistGrid::log() end ----------------------------------
20260610 010429.779 INFO             PET0           MODEL: InitializeIPDvXp08 intro {ES}:! ! --- Array::log() end -------------------------------------
20260610 010429.779 INFO             PET0           MODEL: InitializeIPDvXp08 intro {ES}:!--- FieldLog() end -------------------
20260610 010429.779 INFO             PET0           MODEL: InitializeIPDvXp08 intro {ES}:--- StateLog() end -------------------
20260610 010429.779 INFO             PET0           >>>MODEL: entered Initialize (phase=IPDv05p8) with current time:    0  1  1  0  0  0   0
20260610 010429.780 INFO             PET0           MODEL: InitializeDataProgress='true', InitializeDataComplete='true'
20260610 010429.780 INFO             PET0           <<<MODEL: leaving Initialize (phase=IPDv05p8) with current time:    0  1  1  0  0  0   0
20260610 010429.780 INFO             PET0           MODEL: InitializeIPDvXp08 extro {IS}:--- StateLog() start -----------------
20260610 010429.780 INFO             PET0           MODEL: InitializeIPDvXp08 extro {IS}:<name: MODEL-ImportState> <intent: ESMF_STATEINTENT_IMPORT> <itemCount:    0>
20260610 010429.780 INFO             PET0           MODEL: InitializeIPDvXp08 extro {IS}:--- StateLog() end -------------------
20260610 010429.780 INFO             PET0           MODEL: InitializeIPDvXp08 extro {ES}:--- StateLog() start -----------------
20260610 010429.780 INFO             PET0           MODEL: InitializeIPDvXp08 extro {ES}:<name: MODEL-ExportState> <intent: ESMF_STATEINTENT_EXPORT> <itemCount:    2>
20260610 010429.780 INFO             PET0           MODEL: InitializeIPDvXp08 extro {ES}:+-<item: 0001> <itemType: Field> <itemName: pmsl>
20260610 010429.780 INFO             PET0           MODEL: InitializeIPDvXp08 extro {ES}:!--- FieldLog() start -----------------
20260610 010429.780 INFO             PET0           MODEL: InitializeIPDvXp08 extro {ES}:! <name: pmsl> <fieldStatus: ESMF_FIELDSTATUS_COMPLETE>
20260610 010429.780 INFO             PET0           MODEL: InitializeIPDvXp08 extro {ES}:! 0x7ffda81719f8 => 0x5611b1a4a580 => 0x5611b1a4a7c0
20260610 010429.780 INFO             PET0           MODEL: InitializeIPDvXp08 extro {ES}:! <typekind: Real*8> <rank:    2> <dimCount:    2>
20260610 010429.780 INFO             PET0           MODEL: InitializeIPDvXp08 extro {ES}:! ! --- Array::log() start -----------------------------------
20260610 010429.780 INFO             PET0           MODEL: InitializeIPDvXp08 extro {ES}:! ! 0x5611b1a4ba30
20260610 010429.780 INFO             PET0           MODEL: InitializeIPDvXp08 extro {ES}:! ! <name: pmsl>
20260610 010429.780 INFO             PET0           MODEL: InitializeIPDvXp08 extro {ES}:! ! ! --- DistGrid::log() start --------------------------------
20260610 010429.780 INFO             PET0           MODEL: InitializeIPDvXp08 extro {ES}:! ! ! 0x5611b1a456e0
20260610 010429.780 INFO             PET0           MODEL: InitializeIPDvXp08 extro {ES}:! ! ! DistGrid object is valid!<name: DG-Grid004-sloc:0>
20260610 010429.780 INFO             PET0           MODEL: InitializeIPDvXp08 extro {ES}:! ! ! --- DistGrid::log() end ----------------------------------
20260610 010429.780 INFO             PET0           MODEL: InitializeIPDvXp08 extro {ES}:! ! --- Array::log() end -------------------------------------
20260610 010429.780 INFO             PET0           MODEL: InitializeIPDvXp08 extro {ES}:!--- FieldLog() end -------------------
20260610 010429.780 INFO             PET0           MODEL: InitializeIPDvXp08 extro {ES}:+-<item: 0002> <itemType: Field> <itemName: rsns>
20260610 010429.780 INFO             PET0           MODEL: InitializeIPDvXp08 extro {ES}:!--- FieldLog() start -----------------
20260610 010429.780 INFO             PET0           MODEL: InitializeIPDvXp08 extro {ES}:! <name: rsns> <fieldStatus: ESMF_FIELDSTATUS_COMPLETE>
20260610 010429.780 INFO             PET0           MODEL: InitializeIPDvXp08 extro {ES}:! 0x7ffda81719f8 => 0x5611b1a4d530 => 0x5611b1a4d770
20260610 010429.780 INFO             PET0           MODEL: InitializeIPDvXp08 extro {ES}:! <typekind: Real*8> <rank:    2> <dimCount:    2>
20260610 010429.780 INFO             PET0           MODEL: InitializeIPDvXp08 extro {ES}:! ! --- Array::log() start -----------------------------------
20260610 010429.780 INFO             PET0           MODEL: InitializeIPDvXp08 extro {ES}:! ! 0x5611b1a4e900
20260610 010429.780 INFO             PET0           MODEL: InitializeIPDvXp08 extro {ES}:! ! <name: rsns>
20260610 010429.780 INFO             PET0           MODEL: InitializeIPDvXp08 extro {ES}:! ! ! --- DistGrid::log() start --------------------------------
20260610 010429.780 INFO             PET0           MODEL: InitializeIPDvXp08 extro {ES}:! ! ! 0x5611b1a456e0
20260610 010429.780 INFO             PET0           MODEL: InitializeIPDvXp08 extro {ES}:! ! ! DistGrid object is valid!<name: DG-Grid004-sloc:0>
20260610 010429.780 INFO             PET0           MODEL: InitializeIPDvXp08 extro {ES}:! ! ! --- DistGrid::log() end ----------------------------------
20260610 010429.780 INFO             PET0           MODEL: InitializeIPDvXp08 extro {ES}:! ! --- Array::log() end -------------------------------------
20260610 010429.780 INFO             PET0           MODEL: InitializeIPDvXp08 extro {ES}:!--- FieldLog() end -------------------
20260610 010429.780 INFO             PET0           MODEL: InitializeIPDvXp08 extro {ES}:--- StateLog() end -------------------
20260610 010429.780 INFO             PET0         MODEL: InitializeIPDvXp08 extro.
20260610 010429.781 INFO             PET0         driver: component    1=MODEL, someProgress (local): true
20260610 010429.781 INFO             PET0         driver: component    1=MODEL, someProgress (global):  T
20260610 010429.781 INFO             PET0         driver: someProgress= T, allComplete= F, present(dataDepAllComplete)= T
20260610 010429.781 INFO             PET0         driver: component    0=driver, dataComplete (local): true
20260610 010429.781 INFO             PET0         driver: component    0=driver, dataComplete (global):  T
20260610 010429.781 INFO             PET0         driver: component    1=MODEL, dataComplete (local): true
20260610 010429.781 INFO             PET0         driver: component    1=MODEL, dataComplete (global):  T
20260610 010429.782 INFO             PET0         driver: someProgress= F, allComplete= T, present(dataDepAllComplete)= T
20260610 010429.782 INFO             PET0         driver: finished resolving initialize data dependencies on this level.
20260610 010429.782 INFO             PET0         <<<driver: leaving Initialize (phase=<none>) with current time:    0  1  1  0  0  0   0
20260610 010429.782 INFO             PET0         driver: loopDataDependentInitialize extro {IS}:--- StateLog() start -----------------
20260610 010429.782 INFO             PET0         driver: loopDataDependentInitialize extro {IS}:State object is invalid! Not created or deleted!
20260610 010429.782 INFO             PET0         driver: loopDataDependentInitialize extro {IS}:--- StateLog() end -------------------
20260610 010429.782 INFO             PET0         driver: loopDataDependentInitialize extro {ES}:--- StateLog() start -----------------
20260610 010429.782 INFO             PET0         driver: loopDataDependentInitialize extro {ES}:State object is invalid! Not created or deleted!
20260610 010429.782 INFO             PET0         driver: loopDataDependentInitialize extro {ES}:--- StateLog() end -------------------
20260610 010429.782 INFO             PET0       driver: loopDataDependentInitialize extro.
20260610 010429.782 INFO             PET0       driver: loopDataDependentInitialize() returned with dataDepAllComplete:  T
20260610 010429.782 INFO             PET0       <<<driver: leaving Initialize (phase=<none>) with current time:    0  1  1  0  0  0   0
20260610 010429.782 INFO             PET0       driver: InitializeIPDv02p5Data extro {IS}:--- StateLog() start -----------------
20260610 010429.782 INFO             PET0       driver: InitializeIPDv02p5Data extro {IS}:State object is invalid! Not created or deleted!
20260610 010429.782 INFO             PET0       driver: InitializeIPDv02p5Data extro {IS}:--- StateLog() end -------------------
20260610 010429.782 INFO             PET0       driver: InitializeIPDv02p5Data extro {ES}:--- StateLog() start -----------------
20260610 010429.782 INFO             PET0       driver: InitializeIPDv02p5Data extro {ES}:State object is invalid! Not created or deleted!
20260610 010429.782 INFO             PET0       driver: InitializeIPDv02p5Data extro {ES}:--- StateLog() end -------------------
20260610 010429.782 INFO             PET0     driver: InitializeIPDv02p5Data extro.
20260610 010429.782 INFO             PET0     <<<driver: leaving Initialize (phase=<none>) with current time:    0  1  1  0  0  0   0
20260610 010429.782 INFO             PET0     driver: InitializeIPDv02p5 extro {IS}:--- StateLog() start -----------------
20260610 010429.782 INFO             PET0     driver: InitializeIPDv02p5 extro {IS}:State object is invalid! Not created or deleted!
20260610 010429.782 INFO             PET0     driver: InitializeIPDv02p5 extro {IS}:--- StateLog() end -------------------
20260610 010429.782 INFO             PET0     driver: InitializeIPDv02p5 extro {ES}:--- StateLog() start -----------------
20260610 010429.782 INFO             PET0     driver: InitializeIPDv02p5 extro {ES}:State object is invalid! Not created or deleted!
20260610 010429.782 INFO             PET0     driver: InitializeIPDv02p5 extro {ES}:--- StateLog() end -------------------
20260610 010429.782 INFO             PET0   driver: InitializeIPDv02p5 extro.
20260610 010429.782 INFO             PET0   <<<driver: leaving Initialize (phase=<none>) with current time:    0  1  1  0  0  0   0
20260610 010429.782 INFO             PET0   driver: InitializeGeneric extro {IS}:--- StateLog() start -----------------
20260610 010429.782 INFO             PET0   driver: InitializeGeneric extro {IS}:State object is invalid! Not created or deleted!
20260610 010429.782 INFO             PET0   driver: InitializeGeneric extro {IS}:--- StateLog() end -------------------
20260610 010429.782 INFO             PET0   driver: InitializeGeneric extro {ES}:--- StateLog() start -----------------
20260610 010429.782 INFO             PET0   driver: InitializeGeneric extro {ES}:State object is invalid! Not created or deleted!
20260610 010429.782 INFO             PET0   driver: InitializeGeneric extro {ES}:--- StateLog() end -------------------
20260610 010429.782 INFO             PET0 driver: InitializeGeneric extro.
20260610 010429.782 INFO             PET0 driver: Run intro.
20260610 010429.782 INFO             PET0   driver: Run intro {IS}:--- StateLog() start -----------------
20260610 010429.782 INFO             PET0   driver: Run intro {IS}:State object is invalid! Not created or deleted!
20260610 010429.782 INFO             PET0   driver: Run intro {IS}:--- StateLog() end -------------------
20260610 010429.782 INFO             PET0   driver: Run intro {ES}:--- StateLog() start -----------------
20260610 010429.782 INFO             PET0   driver: Run intro {ES}:State object is invalid! Not created or deleted!
20260610 010429.782 INFO             PET0   driver: Run intro {ES}:--- StateLog() end -------------------
20260610 010429.783 INFO             PET0   >>>driver: entered Run (phase=RunPhase1) with current time:    0  1  1  0  0  0   0
20260610 010429.783 INFO             PET0   driver: after lable_SetRunClock, current time:    0  1  1  0  0  0   0
20260610 010429.783 INFO             PET0   driver: begin -------> RunSequence.
20260610 010429.783 INFO             PET0     driver: RunSequence event loopLevel=   1  levelMember=   1  loopIteration=   1, current time:    0  1  1  0  0  0   0
20260610 010429.783 INFO             PET0     MODEL: Run intro.
20260610 010429.783 INFO             PET0       MODEL: Run intro {IS}:--- StateLog() start -----------------
20260610 010429.783 INFO             PET0       MODEL: Run intro {IS}:<name: MODEL-ImportState> <intent: ESMF_STATEINTENT_IMPORT> <itemCount:    0>
20260610 010429.783 INFO             PET0       MODEL: Run intro {IS}:--- StateLog() end -------------------
20260610 010429.783 INFO             PET0       MODEL: Run intro {ES}:--- StateLog() start -----------------
20260610 010429.783 INFO             PET0       MODEL: Run intro {ES}:<name: MODEL-ExportState> <intent: ESMF_STATEINTENT_EXPORT> <itemCount:    2>
20260610 010429.783 INFO             PET0       MODEL: Run intro {ES}:+-<item: 0001> <itemType: Field> <itemName: pmsl>
20260610 010429.783 INFO             PET0       MODEL: Run intro {ES}:!--- FieldLog() start -----------------
20260610 010429.783 INFO             PET0       MODEL: Run intro {ES}:! <name: pmsl> <fieldStatus: ESMF_FIELDSTATUS_COMPLETE>
20260610 010429.783 INFO             PET0       MODEL: Run intro {ES}:! 0x7ffda8176068 => 0x5611b1a4a580 => 0x5611b1a4a7c0
20260610 010429.783 INFO             PET0       MODEL: Run intro {ES}:! <typekind: Real*8> <rank:    2> <dimCount:    2>
20260610 010429.783 INFO             PET0       MODEL: Run intro {ES}:! ! --- Array::log() start -----------------------------------
20260610 010429.783 INFO             PET0       MODEL: Run intro {ES}:! ! 0x5611b1a4ba30
20260610 010429.783 INFO             PET0       MODEL: Run intro {ES}:! ! <name: pmsl>
20260610 010429.783 INFO             PET0       MODEL: Run intro {ES}:! ! ! --- DistGrid::log() start --------------------------------
20260610 010429.783 INFO             PET0       MODEL: Run intro {ES}:! ! ! 0x5611b1a456e0
20260610 010429.783 INFO             PET0       MODEL: Run intro {ES}:! ! ! DistGrid object is valid!<name: DG-Grid004-sloc:0>
20260610 010429.783 INFO             PET0       MODEL: Run intro {ES}:! ! ! --- DistGrid::log() end ----------------------------------
20260610 010429.783 INFO             PET0       MODEL: Run intro {ES}:! ! --- Array::log() end -------------------------------------
20260610 010429.783 INFO             PET0       MODEL: Run intro {ES}:!--- FieldLog() end -------------------
20260610 010429.783 INFO             PET0       MODEL: Run intro {ES}:+-<item: 0002> <itemType: Field> <itemName: rsns>
20260610 010429.783 INFO             PET0       MODEL: Run intro {ES}:!--- FieldLog() start -----------------
20260610 010429.783 INFO             PET0       MODEL: Run intro {ES}:! <name: rsns> <fieldStatus: ESMF_FIELDSTATUS_COMPLETE>
20260610 010429.783 INFO             PET0       MODEL: Run intro {ES}:! 0x7ffda8176068 => 0x5611b1a4d530 => 0x5611b1a4d770
20260610 010429.783 INFO             PET0       MODEL: Run intro {ES}:! <typekind: Real*8> <rank:    2> <dimCount:    2>
20260610 010429.783 INFO             PET0       MODEL: Run intro {ES}:! ! --- Array::log() start -----------------------------------
20260610 010429.783 INFO             PET0       MODEL: Run intro {ES}:! ! 0x5611b1a4e900
20260610 010429.783 INFO             PET0       MODEL: Run intro {ES}:! ! <name: rsns>
20260610 010429.783 INFO             PET0       MODEL: Run intro {ES}:! ! ! --- DistGrid::log() start --------------------------------
20260610 010429.783 INFO             PET0       MODEL: Run intro {ES}:! ! ! 0x5611b1a456e0
20260610 010429.783 INFO             PET0       MODEL: Run intro {ES}:! ! ! DistGrid object is valid!<name: DG-Grid004-sloc:0>
20260610 010429.783 INFO             PET0       MODEL: Run intro {ES}:! ! ! --- DistGrid::log() end ----------------------------------
20260610 010429.783 INFO             PET0       MODEL: Run intro {ES}:! ! --- Array::log() end -------------------------------------
20260610 010429.783 INFO             PET0       MODEL: Run intro {ES}:!--- FieldLog() end -------------------
20260610 010429.784 INFO             PET0       MODEL: Run intro {ES}:--- StateLog() end -------------------
20260610 010429.784 INFO             PET0       >>>MODEL: entered Run (phase=RunPhase1) with current time:    0  1  1  0  0  0   0
20260610 010429.784 INFO             PET0       MODEL: time step-loop starting, current time:    0  1  1  0  0  0   0
20260610 010429.792 INFO             PET0       thread_num=   1   currentSsiPe=  48   num_threads=   3   max_threads=   3   num_procs= 126
20260610 010429.792 INFO             PET0       thread_num=   0   currentSsiPe= 120   num_threads=   3   max_threads=   3   num_procs= 126
20260610 010429.792 INFO             PET0       thread_num=   2   currentSsiPe=  15   num_threads=   3   max_threads=   3   num_procs= 126
20260610 010429.792 INFO             PET0       ---->Advancing Model from:    0  1  1  0  0  0   0
20260610 010429.792 INFO             PET0       ---------------------> to:    0  1  1  0  0 30   0
20260610 010429.792 INFO             PET0       MODEL: time step-loop ending,   current time:    0  1  1  0  0 30   0
20260610 010429.792 INFO             PET0       <<<MODEL: leaving Run (phase=RunPhase1) with current time:    0  1  1  0  0 30   0
20260610 010429.792 INFO             PET0       MODEL: Run extro {IS}:--- StateLog() start -----------------
20260610 010429.792 INFO             PET0       MODEL: Run extro {IS}:<name: MODEL-ImportState> <intent: ESMF_STATEINTENT_IMPORT> <itemCount:    0>
20260610 010429.792 INFO             PET0       MODEL: Run extro {IS}:--- StateLog() end -------------------
20260610 010429.792 INFO             PET0       MODEL: Run extro {ES}:--- StateLog() start -----------------
20260610 010429.792 INFO             PET0       MODEL: Run extro {ES}:<name: MODEL-ExportState> <intent: ESMF_STATEINTENT_EXPORT> <itemCount:    2>
20260610 010429.792 INFO             PET0       MODEL: Run extro {ES}:+-<item: 0001> <itemType: Field> <itemName: pmsl>
20260610 010429.792 INFO             PET0       MODEL: Run extro {ES}:!--- FieldLog() start -----------------
20260610 010429.792 INFO             PET0       MODEL: Run extro {ES}:! <name: pmsl> <fieldStatus: ESMF_FIELDSTATUS_COMPLETE>
20260610 010429.792 INFO             PET0       MODEL: Run extro {ES}:! 0x7ffda8175f48 => 0x5611b1a4a580 => 0x5611b1a4a7c0
20260610 010429.792 INFO             PET0       MODEL: Run extro {ES}:! <typekind: Real*8> <rank:    2> <dimCount:    2>
20260610 010429.792 INFO             PET0       MODEL: Run extro {ES}:! ! --- Array::log() start -----------------------------------
20260610 010429.792 INFO             PET0       MODEL: Run extro {ES}:! ! 0x5611b1a4ba30
20260610 010429.792 INFO             PET0       MODEL: Run extro {ES}:! ! <name: pmsl>
20260610 010429.792 INFO             PET0       MODEL: Run extro {ES}:! ! ! --- DistGrid::log() start --------------------------------
20260610 010429.792 INFO             PET0       MODEL: Run extro {ES}:! ! ! 0x5611b1a456e0
20260610 010429.792 INFO             PET0       MODEL: Run extro {ES}:! ! ! DistGrid object is valid!<name: DG-Grid004-sloc:0>
20260610 010429.792 INFO             PET0       MODEL: Run extro {ES}:! ! ! --- DistGrid::log() end ----------------------------------
20260610 010429.792 INFO             PET0       MODEL: Run extro {ES}:! ! --- Array::log() end -------------------------------------
20260610 010429.792 INFO             PET0       MODEL: Run extro {ES}:!--- FieldLog() end -------------------
20260610 010429.792 INFO             PET0       MODEL: Run extro {ES}:+-<item: 0002> <itemType: Field> <itemName: rsns>
20260610 010429.792 INFO             PET0       MODEL: Run extro {ES}:!--- FieldLog() start -----------------
20260610 010429.792 INFO             PET0       MODEL: Run extro {ES}:! <name: rsns> <fieldStatus: ESMF_FIELDSTATUS_COMPLETE>
20260610 010429.792 INFO             PET0       MODEL: Run extro {ES}:! 0x7ffda8175f48 => 0x5611b1a4d530 => 0x5611b1a4d770
20260610 010429.793 INFO             PET0       MODEL: Run extro {ES}:! <typekind: Real*8> <rank:    2> <dimCount:    2>
20260610 010429.793 INFO             PET0       MODEL: Run extro {ES}:! ! --- Array::log() start -----------------------------------
20260610 010429.793 INFO             PET0       MODEL: Run extro {ES}:! ! 0x5611b1a4e900
20260610 010429.793 INFO             PET0       MODEL: Run extro {ES}:! ! <name: rsns>
20260610 010429.793 INFO             PET0       MODEL: Run extro {ES}:! ! ! --- DistGrid::log() start --------------------------------
20260610 010429.793 INFO             PET0       MODEL: Run extro {ES}:! ! ! 0x5611b1a456e0
20260610 010429.793 INFO             PET0       MODEL: Run extro {ES}:! ! ! DistGrid object is valid!<name: DG-Grid004-sloc:0>
20260610 010429.793 INFO             PET0       MODEL: Run extro {ES}:! ! ! --- DistGrid::log() end ----------------------------------
20260610 010429.793 INFO             PET0       MODEL: Run extro {ES}:! ! --- Array::log() end -------------------------------------
20260610 010429.793 INFO             PET0       MODEL: Run extro {ES}:!--- FieldLog() end -------------------
20260610 010429.793 INFO             PET0       MODEL: Run extro {ES}:--- StateLog() end -------------------
20260610 010429.793 INFO             PET0     MODEL: Run extro.
20260610 010429.793 INFO             PET0     driver: RunSequence event loopLevel=   1  levelMember=   1  loopIteration=   2, current time:    0  1  1  0  0 30   0
20260610 010429.793 INFO             PET0     MODEL: Run intro.
20260610 010429.793 INFO             PET0       MODEL: Run intro {IS}:--- StateLog() start -----------------
20260610 010429.793 INFO             PET0       MODEL: Run intro {IS}:<name: MODEL-ImportState> <intent: ESMF_STATEINTENT_IMPORT> <itemCount:    0>
20260610 010429.793 INFO             PET0       MODEL: Run intro {IS}:--- StateLog() end -------------------
20260610 010429.793 INFO             PET0       MODEL: Run intro {ES}:--- StateLog() start -----------------
20260610 010429.793 INFO             PET0       MODEL: Run intro {ES}:<name: MODEL-ExportState> <intent: ESMF_STATEINTENT_EXPORT> <itemCount:    2>
20260610 010429.793 INFO             PET0       MODEL: Run intro {ES}:+-<item: 0001> <itemType: Field> <itemName: pmsl>
20260610 010429.793 INFO             PET0       MODEL: Run intro {ES}:!--- FieldLog() start -----------------
20260610 010429.793 INFO             PET0       MODEL: Run intro {ES}:! <name: pmsl> <fieldStatus: ESMF_FIELDSTATUS_COMPLETE>
20260610 010429.793 INFO             PET0       MODEL: Run intro {ES}:! 0x7ffda8175fe8 => 0x5611b1a4a580 => 0x5611b1a4a7c0
20260610 010429.793 INFO             PET0       MODEL: Run intro {ES}:! <typekind: Real*8> <rank:    2> <dimCount:    2>
20260610 010429.793 INFO             PET0       MODEL: Run intro {ES}:! ! --- Array::log() start -----------------------------------
20260610 010429.793 INFO             PET0       MODEL: Run intro {ES}:! ! 0x5611b1a4ba30
20260610 010429.793 INFO             PET0       MODEL: Run intro {ES}:! ! <name: pmsl>
20260610 010429.793 INFO             PET0       MODEL: Run intro {ES}:! ! ! --- DistGrid::log() start --------------------------------
20260610 010429.793 INFO             PET0       MODEL: Run intro {ES}:! ! ! 0x5611b1a456e0
20260610 010429.793 INFO             PET0       MODEL: Run intro {ES}:! ! ! DistGrid object is valid!<name: DG-Grid004-sloc:0>
20260610 010429.793 INFO             PET0       MODEL: Run intro {ES}:! ! ! --- DistGrid::log() end ----------------------------------
20260610 010429.793 INFO             PET0       MODEL: Run intro {ES}:! ! --- Array::log() end -------------------------------------
20260610 010429.793 INFO             PET0       MODEL: Run intro {ES}:!--- FieldLog() end -------------------
20260610 010429.793 INFO             PET0       MODEL: Run intro {ES}:+-<item: 0002> <itemType: Field> <itemName: rsns>
20260610 010429.793 INFO             PET0       MODEL: Run intro {ES}:!--- FieldLog() start -----------------
20260610 010429.793 INFO             PET0       MODEL: Run intro {ES}:! <name: rsns> <fieldStatus: ESMF_FIELDSTATUS_COMPLETE>
20260610 010429.793 INFO             PET0       MODEL: Run intro {ES}:! 0x7ffda8175fe8 => 0x5611b1a4d530 => 0x5611b1a4d770
20260610 010429.793 INFO             PET0       MODEL: Run intro {ES}:! <typekind: Real*8> <rank:    2> <dimCount:    2>
20260610 010429.793 INFO             PET0       MODEL: Run intro {ES}:! ! --- Array::log() start -----------------------------------
20260610 010429.793 INFO             PET0       MODEL: Run intro {ES}:! ! 0x5611b1a4e900
20260610 010429.793 INFO             PET0       MODEL: Run intro {ES}:! ! <name: rsns>
20260610 010429.793 INFO             PET0       MODEL: Run intro {ES}:! ! ! --- DistGrid::log() start --------------------------------
20260610 010429.793 INFO             PET0       MODEL: Run intro {ES}:! ! ! 0x5611b1a456e0
20260610 010429.793 INFO             PET0       MODEL: Run intro {ES}:! ! ! DistGrid object is valid!<name: DG-Grid004-sloc:0>
20260610 010429.793 INFO             PET0       MODEL: Run intro {ES}:! ! ! --- DistGrid::log() end ----------------------------------
20260610 010429.793 INFO             PET0       MODEL: Run intro {ES}:! ! --- Array::log() end -------------------------------------
20260610 010429.793 INFO             PET0       MODEL: Run intro {ES}:!--- FieldLog() end -------------------
20260610 010429.794 INFO             PET0       MODEL: Run intro {ES}:--- StateLog() end -------------------
20260610 010429.794 INFO             PET0       >>>MODEL: entered Run (phase=RunPhase1) with current time:    0  1  1  0  0 30   0
20260610 010429.794 INFO             PET0       MODEL: time step-loop starting, current time:    0  1  1  0  0 30   0
20260610 010429.794 INFO             PET0       thread_num=   0   currentSsiPe= 120   num_threads=   3   max_threads=   3   num_procs= 126
20260610 010429.794 INFO             PET0       thread_num=   2   currentSsiPe=  15   num_threads=   3   max_threads=   3   num_procs= 126
20260610 010429.794 INFO             PET0       thread_num=   1   currentSsiPe=  48   num_threads=   3   max_threads=   3   num_procs= 126
20260610 010429.794 INFO             PET0       ---->Advancing Model from:    0  1  1  0  0 30   0
20260610 010429.794 INFO             PET0       ---------------------> to:    0  1  1  0  1  0   0
20260610 010429.794 INFO             PET0       MODEL: time step-loop ending,   current time:    0  1  1  0  1  0   0
20260610 010429.794 INFO             PET0       <<<MODEL: leaving Run (phase=RunPhase1) with current time:    0  1  1  0  1  0   0
20260610 010429.794 INFO             PET0       MODEL: Run extro {IS}:--- StateLog() start -----------------
20260610 010429.794 INFO             PET0       MODEL: Run extro {IS}:<name: MODEL-ImportState> <intent: ESMF_STATEINTENT_IMPORT> <itemCount:    0>
20260610 010429.794 INFO             PET0       MODEL: Run extro {IS}:--- StateLog() end -------------------
20260610 010429.794 INFO             PET0       MODEL: Run extro {ES}:--- StateLog() start -----------------
20260610 010429.794 INFO             PET0       MODEL: Run extro {ES}:<name: MODEL-ExportState> <intent: ESMF_STATEINTENT_EXPORT> <itemCount:    2>
20260610 010429.794 INFO             PET0       MODEL: Run extro {ES}:+-<item: 0001> <itemType: Field> <itemName: pmsl>
20260610 010429.794 INFO             PET0       MODEL: Run extro {ES}:!--- FieldLog() start -----------------
20260610 010429.794 INFO             PET0       MODEL: Run extro {ES}:! <name: pmsl> <fieldStatus: ESMF_FIELDSTATUS_COMPLETE>
20260610 010429.794 INFO             PET0       MODEL: Run extro {ES}:! 0x7ffda8175ec8 => 0x5611b1a4a580 => 0x5611b1a4a7c0
20260610 010429.794 INFO             PET0       MODEL: Run extro {ES}:! <typekind: Real*8> <rank:    2> <dimCount:    2>
20260610 010429.794 INFO             PET0       MODEL: Run extro {ES}:! ! --- Array::log() start -----------------------------------
20260610 010429.794 INFO             PET0       MODEL: Run extro {ES}:! ! 0x5611b1a4ba30
20260610 010429.794 INFO             PET0       MODEL: Run extro {ES}:! ! <name: pmsl>
20260610 010429.794 INFO             PET0       MODEL: Run extro {ES}:! ! ! --- DistGrid::log() start --------------------------------
20260610 010429.794 INFO             PET0       MODEL: Run extro {ES}:! ! ! 0x5611b1a456e0
20260610 010429.794 INFO             PET0       MODEL: Run extro {ES}:! ! ! DistGrid object is valid!<name: DG-Grid004-sloc:0>
20260610 010429.794 INFO             PET0       MODEL: Run extro {ES}:! ! ! --- DistGrid::log() end ----------------------------------
20260610 010429.794 INFO             PET0       MODEL: Run extro {ES}:! ! --- Array::log() end -------------------------------------
20260610 010429.794 INFO             PET0       MODEL: Run extro {ES}:!--- FieldLog() end -------------------
20260610 010429.794 INFO             PET0       MODEL: Run extro {ES}:+-<item: 0002> <itemType: Field> <itemName: rsns>
20260610 010429.794 INFO             PET0       MODEL: Run extro {ES}:!--- FieldLog() start -----------------
20260610 010429.794 INFO             PET0       MODEL: Run extro {ES}:! <name: rsns> <fieldStatus: ESMF_FIELDSTATUS_COMPLETE>
20260610 010429.794 INFO             PET0       MODEL: Run extro {ES}:! 0x7ffda8175ec8 => 0x5611b1a4d530 => 0x5611b1a4d770
20260610 010429.794 INFO             PET0       MODEL: Run extro {ES}:! <typekind: Real*8> <rank:    2> <dimCount:    2>
20260610 010429.794 INFO             PET0       MODEL: Run extro {ES}:! ! --- Array::log() start -----------------------------------
20260610 010429.794 INFO             PET0       MODEL: Run extro {ES}:! ! 0x5611b1a4e900
20260610 010429.794 INFO             PET0       MODEL: Run extro {ES}:! ! <name: rsns>
20260610 010429.794 INFO             PET0       MODEL: Run extro {ES}:! ! ! --- DistGrid::log() start --------------------------------
20260610 010429.794 INFO             PET0       MODEL: Run extro {ES}:! ! ! 0x5611b1a456e0
20260610 010429.794 INFO             PET0       MODEL: Run extro {ES}:! ! ! DistGrid object is valid!<name: DG-Grid004-sloc:0>
20260610 010429.794 INFO             PET0       MODEL: Run extro {ES}:! ! ! --- DistGrid::log() end ----------------------------------
20260610 010429.794 INFO             PET0       MODEL: Run extro {ES}:! ! --- Array::log() end -------------------------------------
20260610 010429.794 INFO             PET0       MODEL: Run extro {ES}:!--- FieldLog() end -------------------
20260610 010429.794 INFO             PET0       MODEL: Run extro {ES}:--- StateLog() end -------------------
20260610 010429.794 INFO             PET0     MODEL: Run extro.
20260610 010429.794 INFO             PET0     driver: RunSequence event loopLevel=   1  levelMember=   1  loopIteration=   3, current time:    0  1  1  0  1  0   0
20260610 010429.795 INFO             PET0     MODEL: Run intro.
20260610 010429.795 INFO             PET0       MODEL: Run intro {IS}:--- StateLog() start -----------------
20260610 010429.795 INFO             PET0       MODEL: Run intro {IS}:<name: MODEL-ImportState> <intent: ESMF_STATEINTENT_IMPORT> <itemCount:    0>
20260610 010429.795 INFO             PET0       MODEL: Run intro {IS}:--- StateLog() end -------------------
20260610 010429.795 INFO             PET0       MODEL: Run intro {ES}:--- StateLog() start -----------------
20260610 010429.795 INFO             PET0       MODEL: Run intro {ES}:<name: MODEL-ExportState> <intent: ESMF_STATEINTENT_EXPORT> <itemCount:    2>
20260610 010429.795 INFO             PET0       MODEL: Run intro {ES}:+-<item: 0001> <itemType: Field> <itemName: pmsl>
20260610 010429.795 INFO             PET0       MODEL: Run intro {ES}:!--- FieldLog() start -----------------
20260610 010429.795 INFO             PET0       MODEL: Run intro {ES}:! <name: pmsl> <fieldStatus: ESMF_FIELDSTATUS_COMPLETE>
20260610 010429.795 INFO             PET0       MODEL: Run intro {ES}:! 0x7ffda8175f68 => 0x5611b1a4a580 => 0x5611b1a4a7c0
20260610 010429.795 INFO             PET0       MODEL: Run intro {ES}:! <typekind: Real*8> <rank:    2> <dimCount:    2>
20260610 010429.795 INFO             PET0       MODEL: Run intro {ES}:! ! --- Array::log() start -----------------------------------
20260610 010429.795 INFO             PET0       MODEL: Run intro {ES}:! ! 0x5611b1a4ba30
20260610 010429.795 INFO             PET0       MODEL: Run intro {ES}:! ! <name: pmsl>
20260610 010429.795 INFO             PET0       MODEL: Run intro {ES}:! ! ! --- DistGrid::log() start --------------------------------
20260610 010429.795 INFO             PET0       MODEL: Run intro {ES}:! ! ! 0x5611b1a456e0
20260610 010429.795 INFO             PET0       MODEL: Run intro {ES}:! ! ! DistGrid object is valid!<name: DG-Grid004-sloc:0>
20260610 010429.795 INFO             PET0       MODEL: Run intro {ES}:! ! ! --- DistGrid::log() end ----------------------------------
20260610 010429.795 INFO             PET0       MODEL: Run intro {ES}:! ! --- Array::log() end -------------------------------------
20260610 010429.795 INFO             PET0       MODEL: Run intro {ES}:!--- FieldLog() end -------------------
20260610 010429.795 INFO             PET0       MODEL: Run intro {ES}:+-<item: 0002> <itemType: Field> <itemName: rsns>
20260610 010429.795 INFO             PET0       MODEL: Run intro {ES}:!--- FieldLog() start -----------------
20260610 010429.795 INFO             PET0       MODEL: Run intro {ES}:! <name: rsns> <fieldStatus: ESMF_FIELDSTATUS_COMPLETE>
20260610 010429.795 INFO             PET0       MODEL: Run intro {ES}:! 0x7ffda8175f68 => 0x5611b1a4d530 => 0x5611b1a4d770
20260610 010429.795 INFO             PET0       MODEL: Run intro {ES}:! <typekind: Real*8> <rank:    2> <dimCount:    2>
20260610 010429.795 INFO             PET0       MODEL: Run intro {ES}:! ! --- Array::log() start -----------------------------------
20260610 010429.795 INFO             PET0       MODEL: Run intro {ES}:! ! 0x5611b1a4e900
20260610 010429.795 INFO             PET0       MODEL: Run intro {ES}:! ! <name: rsns>
20260610 010429.795 INFO             PET0       MODEL: Run intro {ES}:! ! ! --- DistGrid::log() start --------------------------------
20260610 010429.795 INFO             PET0       MODEL: Run intro {ES}:! ! ! 0x5611b1a456e0
20260610 010429.795 INFO             PET0       MODEL: Run intro {ES}:! ! ! DistGrid object is valid!<name: DG-Grid004-sloc:0>
20260610 010429.795 INFO             PET0       MODEL: Run intro {ES}:! ! ! --- DistGrid::log() end ----------------------------------
20260610 010429.795 INFO             PET0       MODEL: Run intro {ES}:! ! --- Array::log() end -------------------------------------
20260610 010429.795 INFO             PET0       MODEL: Run intro {ES}:!--- FieldLog() end -------------------
20260610 010429.795 INFO             PET0       MODEL: Run intro {ES}:--- StateLog() end -------------------
20260610 010429.795 INFO             PET0       >>>MODEL: entered Run (phase=RunPhase1) with current time:    0  1  1  0  1  0   0
20260610 010429.795 INFO             PET0       MODEL: time step-loop starting, current time:    0  1  1  0  1  0   0
20260610 010429.795 INFO             PET0       thread_num=   0   currentSsiPe= 120   num_threads=   3   max_threads=   3   num_procs= 126
20260610 010429.795 INFO             PET0       thread_num=   2   currentSsiPe=  15   num_threads=   3   max_threads=   3   num_procs= 126
20260610 010429.795 INFO             PET0       thread_num=   1   currentSsiPe=  48   num_threads=   3   max_threads=   3   num_procs= 126
20260610 010429.795 INFO             PET0       ---->Advancing Model from:    0  1  1  0  1  0   0
20260610 010429.795 INFO             PET0       ---------------------> to:    0  1  1  0  1 30   0
20260610 010429.795 INFO             PET0       MODEL: time step-loop ending,   current time:    0  1  1  0  1 30   0
20260610 010429.795 INFO             PET0       <<<MODEL: leaving Run (phase=RunPhase1) with current time:    0  1  1  0  1 30   0
20260610 010429.795 INFO             PET0       MODEL: Run extro {IS}:--- StateLog() start -----------------
20260610 010429.796 INFO             PET0       MODEL: Run extro {IS}:<name: MODEL-ImportState> <intent: ESMF_STATEINTENT_IMPORT> <itemCount:    0>
20260610 010429.796 INFO             PET0       MODEL: Run extro {IS}:--- StateLog() end -------------------
20260610 010429.796 INFO             PET0       MODEL: Run extro {ES}:--- StateLog() start -----------------
20260610 010429.796 INFO             PET0       MODEL: Run extro {ES}:<name: MODEL-ExportState> <intent: ESMF_STATEINTENT_EXPORT> <itemCount:    2>
20260610 010429.796 INFO             PET0       MODEL: Run extro {ES}:+-<item: 0001> <itemType: Field> <itemName: pmsl>
20260610 010429.796 INFO             PET0       MODEL: Run extro {ES}:!--- FieldLog() start -----------------
20260610 010429.796 INFO             PET0       MODEL: Run extro {ES}:! <name: pmsl> <fieldStatus: ESMF_FIELDSTATUS_COMPLETE>
20260610 010429.796 INFO             PET0       MODEL: Run extro {ES}:! 0x7ffda8175e48 => 0x5611b1a4a580 => 0x5611b1a4a7c0
20260610 010429.796 INFO             PET0       MODEL: Run extro {ES}:! <typekind: Real*8> <rank:    2> <dimCount:    2>
20260610 010429.796 INFO             PET0       MODEL: Run extro {ES}:! ! --- Array::log() start -----------------------------------
20260610 010429.796 INFO             PET0       MODEL: Run extro {ES}:! ! 0x5611b1a4ba30
20260610 010429.796 INFO             PET0       MODEL: Run extro {ES}:! ! <name: pmsl>
20260610 010429.796 INFO             PET0       MODEL: Run extro {ES}:! ! ! --- DistGrid::log() start --------------------------------
20260610 010429.796 INFO             PET0       MODEL: Run extro {ES}:! ! ! 0x5611b1a456e0
20260610 010429.796 INFO             PET0       MODEL: Run extro {ES}:! ! ! DistGrid object is valid!<name: DG-Grid004-sloc:0>
20260610 010429.796 INFO             PET0       MODEL: Run extro {ES}:! ! ! --- DistGrid::log() end ----------------------------------
20260610 010429.796 INFO             PET0       MODEL: Run extro {ES}:! ! --- Array::log() end -------------------------------------
20260610 010429.796 INFO             PET0       MODEL: Run extro {ES}:!--- FieldLog() end -------------------
20260610 010429.796 INFO             PET0       MODEL: Run extro {ES}:+-<item: 0002> <itemType: Field> <itemName: rsns>
20260610 010429.796 INFO             PET0       MODEL: Run extro {ES}:!--- FieldLog() start -----------------
20260610 010429.796 INFO             PET0       MODEL: Run extro {ES}:! <name: rsns> <fieldStatus: ESMF_FIELDSTATUS_COMPLETE>
20260610 010429.796 INFO             PET0       MODEL: Run extro {ES}:! 0x7ffda8175e48 => 0x5611b1a4d530 => 0x5611b1a4d770
20260610 010429.796 INFO             PET0       MODEL: Run extro {ES}:! <typekind: Real*8> <rank:    2> <dimCount:    2>
20260610 010429.796 INFO             PET0       MODEL: Run extro {ES}:! ! --- Array::log() start -----------------------------------
20260610 010429.796 INFO             PET0       MODEL: Run extro {ES}:! ! 0x5611b1a4e900
20260610 010429.796 INFO             PET0       MODEL: Run extro {ES}:! ! <name: rsns>
20260610 010429.796 INFO             PET0       MODEL: Run extro {ES}:! ! ! --- DistGrid::log() start --------------------------------
20260610 010429.796 INFO             PET0       MODEL: Run extro {ES}:! ! ! 0x5611b1a456e0
20260610 010429.796 INFO             PET0       MODEL: Run extro {ES}:! ! ! DistGrid object is valid!<name: DG-Grid004-sloc:0>
20260610 010429.796 INFO             PET0       MODEL: Run extro {ES}:! ! ! --- DistGrid::log() end ----------------------------------
20260610 010429.796 INFO             PET0       MODEL: Run extro {ES}:! ! --- Array::log() end -------------------------------------
20260610 010429.796 INFO             PET0       MODEL: Run extro {ES}:!--- FieldLog() end -------------------
20260610 010429.796 INFO             PET0       MODEL: Run extro {ES}:--- StateLog() end -------------------
20260610 010429.796 INFO             PET0     MODEL: Run extro.
20260610 010429.796 INFO             PET0     driver: RunSequence event loopLevel=   1  levelMember=   1  loopIteration=   4, current time:    0  1  1  0  1 30   0
20260610 010429.796 INFO             PET0     MODEL: Run intro.
20260610 010429.796 INFO             PET0       MODEL: Run intro {IS}:--- StateLog() start -----------------
20260610 010429.796 INFO             PET0       MODEL: Run intro {IS}:<name: MODEL-ImportState> <intent: ESMF_STATEINTENT_IMPORT> <itemCount:    0>
20260610 010429.796 INFO             PET0       MODEL: Run intro {IS}:--- StateLog() end -------------------
20260610 010429.796 INFO             PET0       MODEL: Run intro {ES}:--- StateLog() start -----------------
20260610 010429.796 INFO             PET0       MODEL: Run intro {ES}:<name: MODEL-ExportState> <intent: ESMF_STATEINTENT_EXPORT> <itemCount:    2>
20260610 010429.796 INFO             PET0       MODEL: Run intro {ES}:+-<item: 0001> <itemType: Field> <itemName: pmsl>
20260610 010429.796 INFO             PET0       MODEL: Run intro {ES}:!--- FieldLog() start -----------------
20260610 010429.796 INFO             PET0       MODEL: Run intro {ES}:! <name: pmsl> <fieldStatus: ESMF_FIELDSTATUS_COMPLETE>
20260610 010429.796 INFO             PET0       MODEL: Run intro {ES}:! 0x7ffda8175ee8 => 0x5611b1a4a580 => 0x5611b1a4a7c0
20260610 010429.796 INFO             PET0       MODEL: Run intro {ES}:! <typekind: Real*8> <rank:    2> <dimCount:    2>
20260610 010429.796 INFO             PET0       MODEL: Run intro {ES}:! ! --- Array::log() start -----------------------------------
20260610 010429.796 INFO             PET0       MODEL: Run intro {ES}:! ! 0x5611b1a4ba30
20260610 010429.796 INFO             PET0       MODEL: Run intro {ES}:! ! <name: pmsl>
20260610 010429.797 INFO             PET0       MODEL: Run intro {ES}:! ! ! --- DistGrid::log() start --------------------------------
20260610 010429.797 INFO             PET0       MODEL: Run intro {ES}:! ! ! 0x5611b1a456e0
20260610 010429.797 INFO             PET0       MODEL: Run intro {ES}:! ! ! DistGrid object is valid!<name: DG-Grid004-sloc:0>
20260610 010429.797 INFO             PET0       MODEL: Run intro {ES}:! ! ! --- DistGrid::log() end ----------------------------------
20260610 010429.797 INFO             PET0       MODEL: Run intro {ES}:! ! --- Array::log() end -------------------------------------
20260610 010429.797 INFO             PET0       MODEL: Run intro {ES}:!--- FieldLog() end -------------------
20260610 010429.797 INFO             PET0       MODEL: Run intro {ES}:+-<item: 0002> <itemType: Field> <itemName: rsns>
20260610 010429.797 INFO             PET0       MODEL: Run intro {ES}:!--- FieldLog() start -----------------
20260610 010429.797 INFO             PET0       MODEL: Run intro {ES}:! <name: rsns> <fieldStatus: ESMF_FIELDSTATUS_COMPLETE>
20260610 010429.797 INFO             PET0       MODEL: Run intro {ES}:! 0x7ffda8175ee8 => 0x5611b1a4d530 => 0x5611b1a4d770
20260610 010429.797 INFO             PET0       MODEL: Run intro {ES}:! <typekind: Real*8> <rank:    2> <dimCount:    2>
20260610 010429.797 INFO             PET0       MODEL: Run intro {ES}:! ! --- Array::log() start -----------------------------------
20260610 010429.797 INFO             PET0       MODEL: Run intro {ES}:! ! 0x5611b1a4e900
20260610 010429.797 INFO             PET0       MODEL: Run intro {ES}:! ! <name: rsns>
20260610 010429.797 INFO             PET0       MODEL: Run intro {ES}:! ! ! --- DistGrid::log() start --------------------------------
20260610 010429.797 INFO             PET0       MODEL: Run intro {ES}:! ! ! 0x5611b1a456e0
20260610 010429.797 INFO             PET0       MODEL: Run intro {ES}:! ! ! DistGrid object is valid!<name: DG-Grid004-sloc:0>
20260610 010429.797 INFO             PET0       MODEL: Run intro {ES}:! ! ! --- DistGrid::log() end ----------------------------------
20260610 010429.797 INFO             PET0       MODEL: Run intro {ES}:! ! --- Array::log() end -------------------------------------
20260610 010429.797 INFO             PET0       MODEL: Run intro {ES}:!--- FieldLog() end -------------------
20260610 010429.797 INFO             PET0       MODEL: Run intro {ES}:--- StateLog() end -------------------
20260610 010429.797 INFO             PET0       >>>MODEL: entered Run (phase=RunPhase1) with current time:    0  1  1  0  1 30   0
20260610 010429.797 INFO             PET0       MODEL: time step-loop starting, current time:    0  1  1  0  1 30   0
20260610 010429.797 INFO             PET0       thread_num=   0   currentSsiPe= 120   num_threads=   3   max_threads=   3   num_procs= 126
20260610 010429.797 INFO             PET0       thread_num=   2   currentSsiPe=  15   num_threads=   3   max_threads=   3   num_procs= 126
20260610 010429.797 INFO             PET0       thread_num=   1   currentSsiPe=  48   num_threads=   3   max_threads=   3   num_procs= 126
20260610 010429.797 INFO             PET0       ---->Advancing Model from:    0  1  1  0  1 30   0
20260610 010429.797 INFO             PET0       ---------------------> to:    0  1  1  0  2  0   0
20260610 010429.797 INFO             PET0       MODEL: time step-loop ending,   current time:    0  1  1  0  2  0   0
20260610 010429.797 INFO             PET0       <<<MODEL: leaving Run (phase=RunPhase1) with current time:    0  1  1  0  2  0   0
20260610 010429.797 INFO             PET0       MODEL: Run extro {IS}:--- StateLog() start -----------------
20260610 010429.797 INFO             PET0       MODEL: Run extro {IS}:<name: MODEL-ImportState> <intent: ESMF_STATEINTENT_IMPORT> <itemCount:    0>
20260610 010429.797 INFO             PET0       MODEL: Run extro {IS}:--- StateLog() end -------------------
20260610 010429.797 INFO             PET0       MODEL: Run extro {ES}:--- StateLog() start -----------------
20260610 010429.797 INFO             PET0       MODEL: Run extro {ES}:<name: MODEL-ExportState> <intent: ESMF_STATEINTENT_EXPORT> <itemCount:    2>
20260610 010429.797 INFO             PET0       MODEL: Run extro {ES}:+-<item: 0001> <itemType: Field> <itemName: pmsl>
20260610 010429.797 INFO             PET0       MODEL: Run extro {ES}:!--- FieldLog() start -----------------
20260610 010429.797 INFO             PET0       MODEL: Run extro {ES}:! <name: pmsl> <fieldStatus: ESMF_FIELDSTATUS_COMPLETE>
20260610 010429.797 INFO             PET0       MODEL: Run extro {ES}:! 0x7ffda8175dc8 => 0x5611b1a4a580 => 0x5611b1a4a7c0
20260610 010429.797 INFO             PET0       MODEL: Run extro {ES}:! <typekind: Real*8> <rank:    2> <dimCount:    2>
20260610 010429.797 INFO             PET0       MODEL: Run extro {ES}:! ! --- Array::log() start -----------------------------------
20260610 010429.797 INFO             PET0       MODEL: Run extro {ES}:! ! 0x5611b1a4ba30
20260610 010429.797 INFO             PET0       MODEL: Run extro {ES}:! ! <name: pmsl>
20260610 010429.797 INFO             PET0       MODEL: Run extro {ES}:! ! ! --- DistGrid::log() start --------------------------------
20260610 010429.797 INFO             PET0       MODEL: Run extro {ES}:! ! ! 0x5611b1a456e0
20260610 010429.797 INFO             PET0       MODEL: Run extro {ES}:! ! ! DistGrid object is valid!<name: DG-Grid004-sloc:0>
20260610 010429.797 INFO             PET0       MODEL: Run extro {ES}:! ! ! --- DistGrid::log() end ----------------------------------
20260610 010429.797 INFO             PET0       MODEL: Run extro {ES}:! ! --- Array::log() end -------------------------------------
20260610 010429.797 INFO             PET0       MODEL: Run extro {ES}:!--- FieldLog() end -------------------
20260610 010429.797 INFO             PET0       MODEL: Run extro {ES}:+-<item: 0002> <itemType: Field> <itemName: rsns>
20260610 010429.797 INFO             PET0       MODEL: Run extro {ES}:!--- FieldLog() start -----------------
20260610 010429.797 INFO             PET0       MODEL: Run extro {ES}:! <name: rsns> <fieldStatus: ESMF_FIELDSTATUS_COMPLETE>
20260610 010429.797 INFO             PET0       MODEL: Run extro {ES}:! 0x7ffda8175dc8 => 0x5611b1a4d530 => 0x5611b1a4d770
20260610 010429.797 INFO             PET0       MODEL: Run extro {ES}:! <typekind: Real*8> <rank:    2> <dimCount:    2>
20260610 010429.798 INFO             PET0       MODEL: Run extro {ES}:! ! --- Array::log() start -----------------------------------
20260610 010429.798 INFO             PET0       MODEL: Run extro {ES}:! ! 0x5611b1a4e900
20260610 010429.798 INFO             PET0       MODEL: Run extro {ES}:! ! <name: rsns>
20260610 010429.798 INFO             PET0       MODEL: Run extro {ES}:! ! ! --- DistGrid::log() start --------------------------------
20260610 010429.798 INFO             PET0       MODEL: Run extro {ES}:! ! ! 0x5611b1a456e0
20260610 010429.798 INFO             PET0       MODEL: Run extro {ES}:! ! ! DistGrid object is valid!<name: DG-Grid004-sloc:0>
20260610 010429.798 INFO             PET0       MODEL: Run extro {ES}:! ! ! --- DistGrid::log() end ----------------------------------
20260610 010429.798 INFO             PET0       MODEL: Run extro {ES}:! ! --- Array::log() end -------------------------------------
20260610 010429.798 INFO             PET0       MODEL: Run extro {ES}:!--- FieldLog() end -------------------
20260610 010429.798 INFO             PET0       MODEL: Run extro {ES}:--- StateLog() end -------------------
20260610 010429.798 INFO             PET0     MODEL: Run extro.
20260610 010429.798 INFO             PET0     driver: RunSequence event loopLevel=   1  levelMember=   1  loopIteration=   5, current time:    0  1  1  0  2  0   0
20260610 010429.798 INFO             PET0     MODEL: Run intro.
20260610 010429.798 INFO             PET0       MODEL: Run intro {IS}:--- StateLog() start -----------------
20260610 010429.798 INFO             PET0       MODEL: Run intro {IS}:<name: MODEL-ImportState> <intent: ESMF_STATEINTENT_IMPORT> <itemCount:    0>
20260610 010429.798 INFO             PET0       MODEL: Run intro {IS}:--- StateLog() end -------------------
20260610 010429.798 INFO             PET0       MODEL: Run intro {ES}:--- StateLog() start -----------------
20260610 010429.798 INFO             PET0       MODEL: Run intro {ES}:<name: MODEL-ExportState> <intent: ESMF_STATEINTENT_EXPORT> <itemCount:    2>
20260610 010429.798 INFO             PET0       MODEL: Run intro {ES}:+-<item: 0001> <itemType: Field> <itemName: pmsl>
20260610 010429.798 INFO             PET0       MODEL: Run intro {ES}:!--- FieldLog() start -----------------
20260610 010429.798 INFO             PET0       MODEL: Run intro {ES}:! <name: pmsl> <fieldStatus: ESMF_FIELDSTATUS_COMPLETE>
20260610 010429.798 INFO             PET0       MODEL: Run intro {ES}:! 0x7ffda8175e68 => 0x5611b1a4a580 => 0x5611b1a4a7c0
20260610 010429.798 INFO             PET0       MODEL: Run intro {ES}:! <typekind: Real*8> <rank:    2> <dimCount:    2>
20260610 010429.798 INFO             PET0       MODEL: Run intro {ES}:! ! --- Array::log() start -----------------------------------
20260610 010429.798 INFO             PET0       MODEL: Run intro {ES}:! ! 0x5611b1a4ba30
20260610 010429.798 INFO             PET0       MODEL: Run intro {ES}:! ! <name: pmsl>
20260610 010429.798 INFO             PET0       MODEL: Run intro {ES}:! ! ! --- DistGrid::log() start --------------------------------
20260610 010429.798 INFO             PET0       MODEL: Run intro {ES}:! ! ! 0x5611b1a456e0
20260610 010429.798 INFO             PET0       MODEL: Run intro {ES}:! ! ! DistGrid object is valid!<name: DG-Grid004-sloc:0>
20260610 010429.798 INFO             PET0       MODEL: Run intro {ES}:! ! ! --- DistGrid::log() end ----------------------------------
20260610 010429.798 INFO             PET0       MODEL: Run intro {ES}:! ! --- Array::log() end -------------------------------------
20260610 010429.798 INFO             PET0       MODEL: Run intro {ES}:!--- FieldLog() end -------------------
20260610 010429.798 INFO             PET0       MODEL: Run intro {ES}:+-<item: 0002> <itemType: Field> <itemName: rsns>
20260610 010429.798 INFO             PET0       MODEL: Run intro {ES}:!--- FieldLog() start -----------------
20260610 010429.798 INFO             PET0       MODEL: Run intro {ES}:! <name: rsns> <fieldStatus: ESMF_FIELDSTATUS_COMPLETE>
20260610 010429.798 INFO             PET0       MODEL: Run intro {ES}:! 0x7ffda8175e68 => 0x5611b1a4d530 => 0x5611b1a4d770
20260610 010429.798 INFO             PET0       MODEL: Run intro {ES}:! <typekind: Real*8> <rank:    2> <dimCount:    2>
20260610 010429.798 INFO             PET0       MODEL: Run intro {ES}:! ! --- Array::log() start -----------------------------------
20260610 010429.798 INFO             PET0       MODEL: Run intro {ES}:! ! 0x5611b1a4e900
20260610 010429.798 INFO             PET0       MODEL: Run intro {ES}:! ! <name: rsns>
20260610 010429.798 INFO             PET0       MODEL: Run intro {ES}:! ! ! --- DistGrid::log() start --------------------------------
20260610 010429.798 INFO             PET0       MODEL: Run intro {ES}:! ! ! 0x5611b1a456e0
20260610 010429.798 INFO             PET0       MODEL: Run intro {ES}:! ! ! DistGrid object is valid!<name: DG-Grid004-sloc:0>
20260610 010429.798 INFO             PET0       MODEL: Run intro {ES}:! ! ! --- DistGrid::log() end ----------------------------------
20260610 010429.798 INFO             PET0       MODEL: Run intro {ES}:! ! --- Array::log() end -------------------------------------
20260610 010429.798 INFO             PET0       MODEL: Run intro {ES}:!--- FieldLog() end -------------------
20260610 010429.798 INFO             PET0       MODEL: Run intro {ES}:--- StateLog() end -------------------
20260610 010429.798 INFO             PET0       >>>MODEL: entered Run (phase=RunPhase1) with current time:    0  1  1  0  2  0   0
20260610 010429.799 INFO             PET0       MODEL: time step-loop starting, current time:    0  1  1  0  2  0   0
20260610 010429.799 INFO             PET0       thread_num=   0   currentSsiPe= 120   num_threads=   3   max_threads=   3   num_procs= 126
20260610 010429.799 INFO             PET0       thread_num=   1   currentSsiPe=  48   num_threads=   3   max_threads=   3   num_procs= 126
20260610 010429.799 INFO             PET0       thread_num=   2   currentSsiPe=  15   num_threads=   3   max_threads=   3   num_procs= 126
20260610 010429.799 INFO             PET0       ---->Advancing Model from:    0  1  1  0  2  0   0
20260610 010429.799 INFO             PET0       ---------------------> to:    0  1  1  0  2 30   0
20260610 010429.799 INFO             PET0       MODEL: time step-loop ending,   current time:    0  1  1  0  2 30   0
20260610 010429.799 INFO             PET0       <<<MODEL: leaving Run (phase=RunPhase1) with current time:    0  1  1  0  2 30   0
20260610 010429.799 INFO             PET0       MODEL: Run extro {IS}:--- StateLog() start -----------------
20260610 010429.799 INFO             PET0       MODEL: Run extro {IS}:<name: MODEL-ImportState> <intent: ESMF_STATEINTENT_IMPORT> <itemCount:    0>
20260610 010429.799 INFO             PET0       MODEL: Run extro {IS}:--- StateLog() end -------------------
20260610 010429.799 INFO             PET0       MODEL: Run extro {ES}:--- StateLog() start -----------------
20260610 010429.799 INFO             PET0       MODEL: Run extro {ES}:<name: MODEL-ExportState> <intent: ESMF_STATEINTENT_EXPORT> <itemCount:    2>
20260610 010429.799 INFO             PET0       MODEL: Run extro {ES}:+-<item: 0001> <itemType: Field> <itemName: pmsl>
20260610 010429.799 INFO             PET0       MODEL: Run extro {ES}:!--- FieldLog() start -----------------
20260610 010429.799 INFO             PET0       MODEL: Run extro {ES}:! <name: pmsl> <fieldStatus: ESMF_FIELDSTATUS_COMPLETE>
20260610 010429.799 INFO             PET0       MODEL: Run extro {ES}:! 0x7ffda8175d48 => 0x5611b1a4a580 => 0x5611b1a4a7c0
20260610 010429.799 INFO             PET0       MODEL: Run extro {ES}:! <typekind: Real*8> <rank:    2> <dimCount:    2>
20260610 010429.799 INFO             PET0       MODEL: Run extro {ES}:! ! --- Array::log() start -----------------------------------
20260610 010429.799 INFO             PET0       MODEL: Run extro {ES}:! ! 0x5611b1a4ba30
20260610 010429.799 INFO             PET0       MODEL: Run extro {ES}:! ! <name: pmsl>
20260610 010429.799 INFO             PET0       MODEL: Run extro {ES}:! ! ! --- DistGrid::log() start --------------------------------
20260610 010429.799 INFO             PET0       MODEL: Run extro {ES}:! ! ! 0x5611b1a456e0
20260610 010429.799 INFO             PET0       MODEL: Run extro {ES}:! ! ! DistGrid object is valid!<name: DG-Grid004-sloc:0>
20260610 010429.799 INFO             PET0       MODEL: Run extro {ES}:! ! ! --- DistGrid::log() end ----------------------------------
20260610 010429.799 INFO             PET0       MODEL: Run extro {ES}:! ! --- Array::log() end -------------------------------------
20260610 010429.799 INFO             PET0       MODEL: Run extro {ES}:!--- FieldLog() end -------------------
20260610 010429.799 INFO             PET0       MODEL: Run extro {ES}:+-<item: 0002> <itemType: Field> <itemName: rsns>
20260610 010429.799 INFO             PET0       MODEL: Run extro {ES}:!--- FieldLog() start -----------------
20260610 010429.799 INFO             PET0       MODEL: Run extro {ES}:! <name: rsns> <fieldStatus: ESMF_FIELDSTATUS_COMPLETE>
20260610 010429.799 INFO             PET0       MODEL: Run extro {ES}:! 0x7ffda8175d48 => 0x5611b1a4d530 => 0x5611b1a4d770
20260610 010429.799 INFO             PET0       MODEL: Run extro {ES}:! <typekind: Real*8> <rank:    2> <dimCount:    2>
20260610 010429.799 INFO             PET0       MODEL: Run extro {ES}:! ! --- Array::log() start -----------------------------------
20260610 010429.799 INFO             PET0       MODEL: Run extro {ES}:! ! 0x5611b1a4e900
20260610 010429.799 INFO             PET0       MODEL: Run extro {ES}:! ! <name: rsns>
20260610 010429.799 INFO             PET0       MODEL: Run extro {ES}:! ! ! --- DistGrid::log() start --------------------------------
20260610 010429.799 INFO             PET0       MODEL: Run extro {ES}:! ! ! 0x5611b1a456e0
20260610 010429.799 INFO             PET0       MODEL: Run extro {ES}:! ! ! DistGrid object is valid!<name: DG-Grid004-sloc:0>
20260610 010429.799 INFO             PET0       MODEL: Run extro {ES}:! ! ! --- DistGrid::log() end ----------------------------------
20260610 010429.799 INFO             PET0       MODEL: Run extro {ES}:! ! --- Array::log() end -------------------------------------
20260610 010429.799 INFO             PET0       MODEL: Run extro {ES}:!--- FieldLog() end -------------------
20260610 010429.799 INFO             PET0       MODEL: Run extro {ES}:--- StateLog() end -------------------
20260610 010429.799 INFO             PET0     MODEL: Run extro.
20260610 010429.799 INFO             PET0   driver: end <--------- RunSequence
20260610 010429.799 INFO             PET0   <<<driver: leaving Run (phase=RunPhase1) with current time:    0  1  1  0  2 30   0
20260610 010429.799 INFO             PET0   driver: Run extro {IS}:--- StateLog() start -----------------
20260610 010429.799 INFO             PET0   driver: Run extro {IS}:State object is invalid! Not created or deleted!
20260610 010429.799 INFO             PET0   driver: Run extro {IS}:--- StateLog() end -------------------
20260610 010429.799 INFO             PET0   driver: Run extro {ES}:--- StateLog() start -----------------
20260610 010429.799 INFO             PET0   driver: Run extro {ES}:State object is invalid! Not created or deleted!
20260610 010429.799 INFO             PET0   driver: Run extro {ES}:--- StateLog() end -------------------
20260610 010429.799 INFO             PET0 driver: Run extro.
20260610 010429.799 INFO             PET0 driver: Finalize intro.
20260610 010429.799 INFO             PET0   driver: Finalize intro {IS}:--- StateLog() start -----------------
20260610 010429.799 INFO             PET0   driver: Finalize intro {IS}:State object is invalid! Not created or deleted!
20260610 010429.799 INFO             PET0   driver: Finalize intro {IS}:--- StateLog() end -------------------
20260610 010429.799 INFO             PET0   driver: Finalize intro {ES}:--- StateLog() start -----------------
20260610 010429.799 INFO             PET0   driver: Finalize intro {ES}:State object is invalid! Not created or deleted!
20260610 010429.800 INFO             PET0   driver: Finalize intro {ES}:--- StateLog() end -------------------
20260610 010429.800 INFO             PET0   >>>driver: entered Finalize (phase=FinalizePhase1) with current time:    0  1  1  0  2 30   0
20260610 010429.800 INFO             PET0   Calling Finalize phase 1 for modelComp: MODEL
20260610 010429.800 INFO             PET0   MODEL: Finalize intro.
20260610 010429.800 INFO             PET0     MODEL: Finalize intro {IS}:--- StateLog() start -----------------
20260610 010429.800 INFO             PET0     MODEL: Finalize intro {IS}:<name: MODEL-ImportState> <intent: ESMF_STATEINTENT_IMPORT> <itemCount:    0>
20260610 010429.800 INFO             PET0     MODEL: Finalize intro {IS}:--- StateLog() end -------------------
20260610 010429.800 INFO             PET0     MODEL: Finalize intro {ES}:--- StateLog() start -----------------
20260610 010429.800 INFO             PET0     MODEL: Finalize intro {ES}:<name: MODEL-ExportState> <intent: ESMF_STATEINTENT_EXPORT> <itemCount:    2>
20260610 010429.800 INFO             PET0     MODEL: Finalize intro {ES}:+-<item: 0001> <itemType: Field> <itemName: pmsl>
20260610 010429.800 INFO             PET0     MODEL: Finalize intro {ES}:!--- FieldLog() start -----------------
20260610 010429.800 INFO             PET0     MODEL: Finalize intro {ES}:! <name: pmsl> <fieldStatus: ESMF_FIELDSTATUS_COMPLETE>
20260610 010429.800 INFO             PET0     MODEL: Finalize intro {ES}:! 0x7ffda81774c8 => 0x5611b1a4a580 => 0x5611b1a4a7c0
20260610 010429.800 INFO             PET0     MODEL: Finalize intro {ES}:! <typekind: Real*8> <rank:    2> <dimCount:    2>
20260610 010429.800 INFO             PET0     MODEL: Finalize intro {ES}:! ! --- Array::log() start -----------------------------------
20260610 010429.800 INFO             PET0     MODEL: Finalize intro {ES}:! ! 0x5611b1a4ba30
20260610 010429.800 INFO             PET0     MODEL: Finalize intro {ES}:! ! <name: pmsl>
20260610 010429.800 INFO             PET0     MODEL: Finalize intro {ES}:! ! ! --- DistGrid::log() start --------------------------------
20260610 010429.800 INFO             PET0     MODEL: Finalize intro {ES}:! ! ! 0x5611b1a456e0
20260610 010429.800 INFO             PET0     MODEL: Finalize intro {ES}:! ! ! DistGrid object is valid!<name: DG-Grid004-sloc:0>
20260610 010429.800 INFO             PET0     MODEL: Finalize intro {ES}:! ! ! --- DistGrid::log() end ----------------------------------
20260610 010429.800 INFO             PET0     MODEL: Finalize intro {ES}:! ! --- Array::log() end -------------------------------------
20260610 010429.800 INFO             PET0     MODEL: Finalize intro {ES}:!--- FieldLog() end -------------------
20260610 010429.800 INFO             PET0     MODEL: Finalize intro {ES}:+-<item: 0002> <itemType: Field> <itemName: rsns>
20260610 010429.800 INFO             PET0     MODEL: Finalize intro {ES}:!--- FieldLog() start -----------------
20260610 010429.800 INFO             PET0     MODEL: Finalize intro {ES}:! <name: rsns> <fieldStatus: ESMF_FIELDSTATUS_COMPLETE>
20260610 010429.800 INFO             PET0     MODEL: Finalize intro {ES}:! 0x7ffda81774c8 => 0x5611b1a4d530 => 0x5611b1a4d770
20260610 010429.800 INFO             PET0     MODEL: Finalize intro {ES}:! <typekind: Real*8> <rank:    2> <dimCount:    2>
20260610 010429.800 INFO             PET0     MODEL: Finalize intro {ES}:! ! --- Array::log() start -----------------------------------
20260610 010429.800 INFO             PET0     MODEL: Finalize intro {ES}:! ! 0x5611b1a4e900
20260610 010429.800 INFO             PET0     MODEL: Finalize intro {ES}:! ! <name: rsns>
20260610 010429.800 INFO             PET0     MODEL: Finalize intro {ES}:! ! ! --- DistGrid::log() start --------------------------------
20260610 010429.800 INFO             PET0     MODEL: Finalize intro {ES}:! ! ! 0x5611b1a456e0
20260610 010429.800 INFO             PET0     MODEL: Finalize intro {ES}:! ! ! DistGrid object is valid!<name: DG-Grid004-sloc:0>
20260610 010429.800 INFO             PET0     MODEL: Finalize intro {ES}:! ! ! --- DistGrid::log() end ----------------------------------
20260610 010429.800 INFO             PET0     MODEL: Finalize intro {ES}:! ! --- Array::log() end -------------------------------------
20260610 010429.800 INFO             PET0     MODEL: Finalize intro {ES}:!--- FieldLog() end -------------------
20260610 010429.800 INFO             PET0     MODEL: Finalize intro {ES}:--- StateLog() end -------------------
20260610 010429.800 INFO             PET0     >>>MODEL: entered Finalize (phase=FinalizePhase1) with current time:    0  1  1  0  2 30   0
20260610 010429.800 INFO             PET0     <<<MODEL: leaving Finalize (phase=FinalizePhase1) with current time:    0  1  1  0  2 30   0
20260610 010429.800 INFO             PET0   MODEL: Finalize extro.
20260610 010429.800 INFO             PET0   Delete modelComp: MODEL
20260610 010429.801 INFO             PET0   Delete Import-/Export State for modelComp: MODEL
20260610 010429.801 INFO             PET0   <<<driver: leaving Finalize (phase=FinalizePhase1) with current time:    0  1  1  0  2 30   0
20260610 010429.801 INFO             PET0 driver: Finalize extro.
20260610 010429.801 INFO             PET0 mainApp FINISHED
20260610 010429.801 INFO             PET0  Finalizing ESMF
20260610 010429.736 INFO             PET1 !!!!!!!!!!!!!!!!!!!!!!!!!!!!!!!!!!!!!!!!!!!!!!!!!!!!!!
20260610 010429.736 INFO             PET1 !!! THE ESMF_LOG IS SET TO OUTPUT ALL LOG MESSAGES !!!
20260610 010429.736 INFO             PET1 !!!     THIS MAY CAUSE SLOWDOWN IN PERFORMANCE     !!!
20260610 010429.736 INFO             PET1 !!! FOR PRODUCTION RUNS, USE:                      !!!
20260610 010429.736 INFO             PET1 !!!                   ESMF_LOGKIND_Multi_On_Error  !!!
20260610 010429.736 INFO             PET1 !!!!!!!!!!!!!!!!!!!!!!!!!!!!!!!!!!!!!!!!!!!!!!!!!!!!!!
20260610 010429.736 INFO             PET1 Running with ESMF Version   : develop+ge382cba19b
20260610 010429.736 INFO             PET1 ESMF library build date/time: "Jun  9 2026" "22:53:00"
20260610 010429.736 INFO             PET1 ESMF library build location : /discover/nobackup/projects/gmao/SIteam/ESMF_Testing/llvm_22.1.0_mpich_g_develop/esmf
20260610 010429.736 INFO             PET1 ESMF_COMM                   : mpich
20260610 010429.736 INFO             PET1 ESMF_MOAB                   : enabled
20260610 010429.736 INFO             PET1 ESMF_LAPACK                 : enabled
20260610 010429.736 INFO             PET1 ESMF_NETCDF                 : disabled
20260610 010429.736 INFO             PET1 ESMF_PNETCDF                : disabled
20260610 010429.736 INFO             PET1 ESMF_PIO                    : disabled
20260610 010429.736 INFO             PET1 ESMF_YAMLCPP                : enabled
20260610 010429.737 INFO             PET1 mainApp STARTING
20260610 010429.746 INFO             PET1 driver: InitializeGeneric intro.
20260610 010429.746 INFO             PET1   driver: InitializeGeneric intro {IS}:--- StateLog() start -----------------
20260610 010429.746 INFO             PET1   driver: InitializeGeneric intro {IS}:State object is invalid! Not created or deleted!
20260610 010429.746 INFO             PET1   driver: InitializeGeneric intro {IS}:--- StateLog() end -------------------
20260610 010429.746 INFO             PET1   driver: InitializeGeneric intro {ES}:--- StateLog() start -----------------
20260610 010429.746 INFO             PET1   driver: InitializeGeneric intro {ES}:State object is invalid! Not created or deleted!
20260610 010429.746 INFO             PET1   driver: InitializeGeneric intro {ES}:--- StateLog() end -------------------
20260610 010429.746 INFO             PET1   >>>driver: entered Initialize (phase=<none>) without valid internal Clock.
20260610 010429.746 INFO             PET1   driver: InitializeP0 intro.
20260610 010429.746 INFO             PET1     driver: InitializeP0 intro {IS}:--- StateLog() start -----------------
20260610 010429.746 INFO             PET1     driver: InitializeP0 intro {IS}:State object is invalid! Not created or deleted!
20260610 010429.746 INFO             PET1     driver: InitializeP0 intro {IS}:--- StateLog() end -------------------
20260610 010429.746 INFO             PET1     driver: InitializeP0 intro {ES}:--- StateLog() start -----------------
20260610 010429.746 INFO             PET1     driver: InitializeP0 intro {ES}:State object is invalid! Not created or deleted!
20260610 010429.746 INFO             PET1     driver: InitializeP0 intro {ES}:--- StateLog() end -------------------
20260610 010429.746 INFO             PET1     >>>driver: entered Initialize (phase=<none>) without valid internal Clock.
20260610 010429.746 INFO             PET1     <<<driver: leaving Initialize (phase=<none>) without valid internal Clock.
20260610 010429.746 INFO             PET1     driver: InitializeP0 extro {IS}:--- StateLog() start -----------------
20260610 010429.746 INFO             PET1     driver: InitializeP0 extro {IS}:State object is invalid! Not created or deleted!
20260610 010429.746 INFO             PET1     driver: InitializeP0 extro {IS}:--- StateLog() end -------------------
20260610 010429.746 INFO             PET1     driver: InitializeP0 extro {ES}:--- StateLog() start -----------------
20260610 010429.746 INFO             PET1     driver: InitializeP0 extro {ES}:State object is invalid! Not created or deleted!
20260610 010429.746 INFO             PET1     driver: InitializeP0 extro {ES}:--- StateLog() end -------------------
20260610 010429.746 INFO             PET1   driver: InitializeP0 extro.
20260610 010429.747 INFO             PET1   driver: InitializeIPDv02p1 intro.
20260610 010429.747 INFO             PET1     driver: InitializeIPDv02p1 intro {IS}:--- StateLog() start -----------------
20260610 010429.747 INFO             PET1     driver: InitializeIPDv02p1 intro {IS}:State object is invalid! Not created or deleted!
20260610 010429.747 INFO             PET1     driver: InitializeIPDv02p1 intro {IS}:--- StateLog() end -------------------
20260610 010429.747 INFO             PET1     driver: InitializeIPDv02p1 intro {ES}:--- StateLog() start -----------------
20260610 010429.747 INFO             PET1     driver: InitializeIPDv02p1 intro {ES}:State object is invalid! Not created or deleted!
20260610 010429.747 INFO             PET1     driver: InitializeIPDv02p1 intro {ES}:--- StateLog() end -------------------
20260610 010429.747 INFO             PET1     >>>driver: entered Initialize (phase=<none>) without valid internal Clock.
20260610 010429.747 INFO             PET1     driver - Creating model component MODEL without petList.
20260610 010429.750 INFO             PET1      GridCompIsPetLocal:  T
20260610 010429.750 INFO             PET1      VmIsCreated:  T
20260610 010429.750 INFO             PET1      valid MPI_COMM with size= 4
20260610 010429.751 INFO             PET1     driver - Creating state: modelComp 1 Import State
20260610 010429.751 INFO             PET1     driver - Creating state: modelComp 1 Export State
20260610 010429.752 INFO             PET1     MODEL: InitializeP0 intro.
20260610 010429.752 INFO             PET1       MODEL: InitializeP0 intro {IS}:--- StateLog() start -----------------
20260610 010429.752 INFO             PET1       MODEL: InitializeP0 intro {IS}:<name: MODEL-ImportState> <intent: ESMF_STATEINTENT_IMPORT> <itemCount:    0>
20260610 010429.752 INFO             PET1       MODEL: InitializeP0 intro {IS}:--- StateLog() end -------------------
20260610 010429.752 INFO             PET1       MODEL: InitializeP0 intro {ES}:--- StateLog() start -----------------
20260610 010429.752 INFO             PET1       MODEL: InitializeP0 intro {ES}:<name: MODEL-ExportState> <intent: ESMF_STATEINTENT_EXPORT> <itemCount:    0>
20260610 010429.752 INFO             PET1       MODEL: InitializeP0 intro {ES}:--- StateLog() end -------------------
20260610 010429.753 INFO             PET1       >>>MODEL: entered Initialize (phase=<none>) without valid internal Clock.
20260610 010429.754 INFO             PET1       <<<MODEL: leaving Initialize (phase=<none>) without valid internal Clock.
20260610 010429.754 INFO             PET1       MODEL: InitializeP0 extro {IS}:--- StateLog() start -----------------
20260610 010429.754 INFO             PET1       MODEL: InitializeP0 extro {IS}:<name: MODEL-ImportState> <intent: ESMF_STATEINTENT_IMPORT> <itemCount:    0>
20260610 010429.754 INFO             PET1       MODEL: InitializeP0 extro {IS}:--- StateLog() end -------------------
20260610 010429.754 INFO             PET1       MODEL: InitializeP0 extro {ES}:--- StateLog() start -----------------
20260610 010429.754 INFO             PET1       MODEL: InitializeP0 extro {ES}:<name: MODEL-ExportState> <intent: ESMF_STATEINTENT_EXPORT> <itemCount:    0>
20260610 010429.754 INFO             PET1       MODEL: InitializeP0 extro {ES}:--- StateLog() end -------------------
20260610 010429.754 INFO             PET1     MODEL: InitializeP0 extro.
20260610 010429.756 INFO             PET1     driver: IInitAdvertise intro.
20260610 010429.756 INFO             PET1       driver: IInitAdvertise intro {IS}:--- StateLog() start -----------------
20260610 010429.756 INFO             PET1       driver: IInitAdvertise intro {IS}:State object is invalid! Not created or deleted!
20260610 010429.756 INFO             PET1       driver: IInitAdvertise intro {IS}:--- StateLog() end -------------------
20260610 010429.756 INFO             PET1       driver: IInitAdvertise intro {ES}:--- StateLog() start -----------------
20260610 010429.756 INFO             PET1       driver: IInitAdvertise intro {ES}:State object is invalid! Not created or deleted!
20260610 010429.756 INFO             PET1       driver: IInitAdvertise intro {ES}:--- StateLog() end -------------------
20260610 010429.756 INFO             PET1       >>>driver: entered Initialize (phase=<none>) with current time:    0  1  1  0  0  0   0
20260610 010429.756 INFO             PET1       <<<driver: leaving Initialize (phase=<none>) with current time:    0  1  1  0  0  0   0
20260610 010429.756 INFO             PET1       driver: IInitAdvertise extro {IS}:--- StateLog() start -----------------
20260610 010429.757 INFO             PET1       driver: IInitAdvertise extro {IS}:State object is invalid! Not created or deleted!
20260610 010429.757 INFO             PET1       driver: IInitAdvertise extro {IS}:--- StateLog() end -------------------
20260610 010429.757 INFO             PET1       driver: IInitAdvertise extro {ES}:--- StateLog() start -----------------
20260610 010429.757 INFO             PET1       driver: IInitAdvertise extro {ES}:State object is invalid! Not created or deleted!
20260610 010429.757 INFO             PET1       driver: IInitAdvertise extro {ES}:--- StateLog() end -------------------
20260610 010429.757 INFO             PET1     driver: IInitAdvertise extro.
20260610 010429.757 INFO             PET1     MODEL: InitializeIPDvXp01 intro.
20260610 010429.757 INFO             PET1       MODEL: InitializeIPDvXp01 intro {IS}:--- StateLog() start -----------------
20260610 010429.757 INFO             PET1       MODEL: InitializeIPDvXp01 intro {IS}:<name: MODEL-ImportState> <intent: ESMF_STATEINTENT_IMPORT> <itemCount:    0>
20260610 010429.757 INFO             PET1       MODEL: InitializeIPDvXp01 intro {IS}:--- StateLog() end -------------------
20260610 010429.757 INFO             PET1       MODEL: InitializeIPDvXp01 intro {ES}:--- StateLog() start -----------------
20260610 010429.757 INFO             PET1       MODEL: InitializeIPDvXp01 intro {ES}:<name: MODEL-ExportState> <intent: ESMF_STATEINTENT_EXPORT> <itemCount:    0>
20260610 010429.757 INFO             PET1       MODEL: InitializeIPDvXp01 intro {ES}:--- StateLog() end -------------------
20260610 010429.757 INFO             PET1       >>>MODEL: entered Initialize (phase=IPDvXp01) without valid internal Clock.
20260610 010429.759 INFO             PET1       <<<MODEL: leaving Initialize (phase=IPDvXp01) without valid internal Clock.
20260610 010429.760 INFO             PET1       MODEL: InitializeIPDvXp01 extro {IS}:--- StateLog() start -----------------
20260610 010429.760 INFO             PET1       MODEL: InitializeIPDvXp01 extro {IS}:<name: MODEL-ImportState> <intent: ESMF_STATEINTENT_IMPORT> <itemCount:    0>
20260610 010429.760 INFO             PET1       MODEL: InitializeIPDvXp01 extro {IS}:--- StateLog() end -------------------
20260610 010429.760 INFO             PET1       MODEL: InitializeIPDvXp01 extro {ES}:--- StateLog() start -----------------
20260610 010429.760 INFO             PET1       MODEL: InitializeIPDvXp01 extro {ES}:<name: MODEL-ExportState> <intent: ESMF_STATEINTENT_EXPORT> <itemCount:    2>
20260610 010429.760 INFO             PET1       MODEL: InitializeIPDvXp01 extro {ES}:+-<item: 0001> <itemType: Field> <itemName: pmsl>
20260610 010429.760 INFO             PET1       MODEL: InitializeIPDvXp01 extro {ES}:!--- FieldLog() start -----------------
20260610 010429.760 INFO             PET1       MODEL: InitializeIPDvXp01 extro {ES}:! <name: pmsl> <fieldStatus: ESMF_FIELDSTATUS_EMPTY>
20260610 010429.760 INFO             PET1       MODEL: InitializeIPDvXp01 extro {ES}:! 0x7ffda34dd268 => 0x55d64d0d4e80 => 0x55d64d0db500
20260610 010429.760 INFO             PET1       MODEL: InitializeIPDvXp01 extro {ES}:!--- FieldLog() end -------------------
20260610 010429.760 INFO             PET1       MODEL: InitializeIPDvXp01 extro {ES}:+-<item: 0002> <itemType: Field> <itemName: rsns>
20260610 010429.760 INFO             PET1       MODEL: InitializeIPDvXp01 extro {ES}:!--- FieldLog() start -----------------
20260610 010429.760 INFO             PET1       MODEL: InitializeIPDvXp01 extro {ES}:! <name: rsns> <fieldStatus: ESMF_FIELDSTATUS_EMPTY>
20260610 010429.760 INFO             PET1       MODEL: InitializeIPDvXp01 extro {ES}:! 0x7ffda34dd268 => 0x55d64d0df670 => 0x55d64d0df8b0
20260610 010429.760 INFO             PET1       MODEL: InitializeIPDvXp01 extro {ES}:!--- FieldLog() end -------------------
20260610 010429.760 INFO             PET1       MODEL: InitializeIPDvXp01 extro {ES}:--- StateLog() end -------------------
20260610 010429.760 INFO             PET1     MODEL: InitializeIPDvXp01 extro.
20260610 010429.761 INFO             PET1     driver: IInitAdvertiseFinish intro.
20260610 010429.761 INFO             PET1       driver: IInitAdvertiseFinish intro {IS}:--- StateLog() start -----------------
20260610 010429.761 INFO             PET1       driver: IInitAdvertiseFinish intro {IS}:State object is invalid! Not created or deleted!
20260610 010429.761 INFO             PET1       driver: IInitAdvertiseFinish intro {IS}:--- StateLog() end -------------------
20260610 010429.761 INFO             PET1       driver: IInitAdvertiseFinish intro {ES}:--- StateLog() start -----------------
20260610 010429.761 INFO             PET1       driver: IInitAdvertiseFinish intro {ES}:State object is invalid! Not created or deleted!
20260610 010429.761 INFO             PET1       driver: IInitAdvertiseFinish intro {ES}:--- StateLog() end -------------------
20260610 010429.761 INFO             PET1       >>>driver: entered Initialize (phase=<none>) with current time:    0  1  1  0  0  0   0
20260610 010429.761 INFO             PET1       <<<driver: leaving Initialize (phase=<none>) with current time:    0  1  1  0  0  0   0
20260610 010429.761 INFO             PET1       driver: IInitAdvertiseFinish extro {IS}:--- StateLog() start -----------------
20260610 010429.761 INFO             PET1       driver: IInitAdvertiseFinish extro {IS}:State object is invalid! Not created or deleted!
20260610 010429.761 INFO             PET1       driver: IInitAdvertiseFinish extro {IS}:--- StateLog() end -------------------
20260610 010429.761 INFO             PET1       driver: IInitAdvertiseFinish extro {ES}:--- StateLog() start -----------------
20260610 010429.761 INFO             PET1       driver: IInitAdvertiseFinish extro {ES}:State object is invalid! Not created or deleted!
20260610 010429.761 INFO             PET1       driver: IInitAdvertiseFinish extro {ES}:--- StateLog() end -------------------
20260610 010429.761 INFO             PET1     driver: IInitAdvertiseFinish extro.
20260610 010429.761 INFO             PET1     driver: IInitModifyCplLists intro.
20260610 010429.761 INFO             PET1       driver: IInitModifyCplLists intro {IS}:--- StateLog() start -----------------
20260610 010429.761 INFO             PET1       driver: IInitModifyCplLists intro {IS}:State object is invalid! Not created or deleted!
20260610 010429.761 INFO             PET1       driver: IInitModifyCplLists intro {IS}:--- StateLog() end -------------------
20260610 010429.761 INFO             PET1       driver: IInitModifyCplLists intro {ES}:--- StateLog() start -----------------
20260610 010429.761 INFO             PET1       driver: IInitModifyCplLists intro {ES}:State object is invalid! Not created or deleted!
20260610 010429.761 INFO             PET1       driver: IInitModifyCplLists intro {ES}:--- StateLog() end -------------------
20260610 010429.762 INFO             PET1       >>>driver: entered Initialize (phase=<none>) with current time:    0  1  1  0  0  0   0
20260610 010429.762 INFO             PET1       <<<driver: leaving Initialize (phase=<none>) with current time:    0  1  1  0  0  0   0
20260610 010429.762 INFO             PET1       driver: IInitModifyCplLists extro {IS}:--- StateLog() start -----------------
20260610 010429.762 INFO             PET1       driver: IInitModifyCplLists extro {IS}:State object is invalid! Not created or deleted!
20260610 010429.762 INFO             PET1       driver: IInitModifyCplLists extro {IS}:--- StateLog() end -------------------
20260610 010429.762 INFO             PET1       driver: IInitModifyCplLists extro {ES}:--- StateLog() start -----------------
20260610 010429.762 INFO             PET1       driver: IInitModifyCplLists extro {ES}:State object is invalid! Not created or deleted!
20260610 010429.762 INFO             PET1       driver: IInitModifyCplLists extro {ES}:--- StateLog() end -------------------
20260610 010429.762 INFO             PET1     driver: IInitModifyCplLists extro.
20260610 010429.762 INFO             PET1     <<<driver: leaving Initialize (phase=<none>) with current time:    0  1  1  0  0  0   0
20260610 010429.762 INFO             PET1     driver: InitializeIPDv02p1 extro {IS}:--- StateLog() start -----------------
20260610 010429.762 INFO             PET1     driver: InitializeIPDv02p1 extro {IS}:State object is invalid! Not created or deleted!
20260610 010429.762 INFO             PET1     driver: InitializeIPDv02p1 extro {IS}:--- StateLog() end -------------------
20260610 010429.762 INFO             PET1     driver: InitializeIPDv02p1 extro {ES}:--- StateLog() start -----------------
20260610 010429.762 INFO             PET1     driver: InitializeIPDv02p1 extro {ES}:State object is invalid! Not created or deleted!
20260610 010429.762 INFO             PET1     driver: InitializeIPDv02p1 extro {ES}:--- StateLog() end -------------------
20260610 010429.762 INFO             PET1   driver: InitializeIPDv02p1 extro.
20260610 010429.762 INFO             PET1   driver: InitializeIPDv02p3 intro.
20260610 010429.762 INFO             PET1     driver: InitializeIPDv02p3 intro {IS}:--- StateLog() start -----------------
20260610 010429.762 INFO             PET1     driver: InitializeIPDv02p3 intro {IS}:State object is invalid! Not created or deleted!
20260610 010429.762 INFO             PET1     driver: InitializeIPDv02p3 intro {IS}:--- StateLog() end -------------------
20260610 010429.762 INFO             PET1     driver: InitializeIPDv02p3 intro {ES}:--- StateLog() start -----------------
20260610 010429.762 INFO             PET1     driver: InitializeIPDv02p3 intro {ES}:State object is invalid! Not created or deleted!
20260610 010429.762 INFO             PET1     driver: InitializeIPDv02p3 intro {ES}:--- StateLog() end -------------------
20260610 010429.762 INFO             PET1     >>>driver: entered Initialize (phase=<none>) with current time:    0  1  1  0  0  0   0
20260610 010429.763 INFO             PET1     driver: IInitCheck intro.
20260610 010429.763 INFO             PET1       driver: IInitCheck intro {IS}:--- StateLog() start -----------------
20260610 010429.763 INFO             PET1       driver: IInitCheck intro {IS}:State object is invalid! Not created or deleted!
20260610 010429.763 INFO             PET1       driver: IInitCheck intro {IS}:--- StateLog() end -------------------
20260610 010429.763 INFO             PET1       driver: IInitCheck intro {ES}:--- StateLog() start -----------------
20260610 010429.763 INFO             PET1       driver: IInitCheck intro {ES}:State object is invalid! Not created or deleted!
20260610 010429.763 INFO             PET1       driver: IInitCheck intro {ES}:--- StateLog() end -------------------
20260610 010429.763 INFO             PET1       >>>driver: entered Initialize (phase=<none>) with current time:    0  1  1  0  0  0   0
20260610 010429.763 INFO             PET1       <<<driver: leaving Initialize (phase=<none>) with current time:    0  1  1  0  0  0   0
20260610 010429.763 INFO             PET1       driver: IInitCheck extro {IS}:--- StateLog() start -----------------
20260610 010429.763 INFO             PET1       driver: IInitCheck extro {IS}:State object is invalid! Not created or deleted!
20260610 010429.763 INFO             PET1       driver: IInitCheck extro {IS}:--- StateLog() end -------------------
20260610 010429.763 INFO             PET1       driver: IInitCheck extro {ES}:--- StateLog() start -----------------
20260610 010429.763 INFO             PET1       driver: IInitCheck extro {ES}:State object is invalid! Not created or deleted!
20260610 010429.763 INFO             PET1       driver: IInitCheck extro {ES}:--- StateLog() end -------------------
20260610 010429.763 INFO             PET1     driver: IInitCheck extro.
20260610 010429.763 INFO             PET1     MODEL: InitializeIPDvXp04 intro.
20260610 010429.763 INFO             PET1       MODEL: InitializeIPDvXp04 intro {IS}:--- StateLog() start -----------------
20260610 010429.763 INFO             PET1       MODEL: InitializeIPDvXp04 intro {IS}:<name: MODEL-ImportState> <intent: ESMF_STATEINTENT_IMPORT> <itemCount:    0>
20260610 010429.763 INFO             PET1       MODEL: InitializeIPDvXp04 intro {IS}:--- StateLog() end -------------------
20260610 010429.763 INFO             PET1       MODEL: InitializeIPDvXp04 intro {ES}:--- StateLog() start -----------------
20260610 010429.763 INFO             PET1       MODEL: InitializeIPDvXp04 intro {ES}:<name: MODEL-ExportState> <intent: ESMF_STATEINTENT_EXPORT> <itemCount:    2>
20260610 010429.763 INFO             PET1       MODEL: InitializeIPDvXp04 intro {ES}:+-<item: 0001> <itemType: Field> <itemName: pmsl>
20260610 010429.763 INFO             PET1       MODEL: InitializeIPDvXp04 intro {ES}:!--- FieldLog() start -----------------
20260610 010429.763 INFO             PET1       MODEL: InitializeIPDvXp04 intro {ES}:! <name: pmsl> <fieldStatus: ESMF_FIELDSTATUS_EMPTY>
20260610 010429.763 INFO             PET1       MODEL: InitializeIPDvXp04 intro {ES}:! 0x7ffda34e5908 => 0x55d64d0d4e80 => 0x55d64d0db500
20260610 010429.763 INFO             PET1       MODEL: InitializeIPDvXp04 intro {ES}:!--- FieldLog() end -------------------
20260610 010429.763 INFO             PET1       MODEL: InitializeIPDvXp04 intro {ES}:+-<item: 0002> <itemType: Field> <itemName: rsns>
20260610 010429.763 INFO             PET1       MODEL: InitializeIPDvXp04 intro {ES}:!--- FieldLog() start -----------------
20260610 010429.763 INFO             PET1       MODEL: InitializeIPDvXp04 intro {ES}:! <name: rsns> <fieldStatus: ESMF_FIELDSTATUS_EMPTY>
20260610 010429.763 INFO             PET1       MODEL: InitializeIPDvXp04 intro {ES}:! 0x7ffda34e5908 => 0x55d64d0df670 => 0x55d64d0df8b0
20260610 010429.763 INFO             PET1       MODEL: InitializeIPDvXp04 intro {ES}:!--- FieldLog() end -------------------
20260610 010429.763 INFO             PET1       MODEL: InitializeIPDvXp04 intro {ES}:--- StateLog() end -------------------
20260610 010429.763 INFO             PET1       >>>MODEL: entered Initialize (phase=IPDvXp04) without valid internal Clock.
20260610 010429.769 INFO             PET1       After Realize: - MemInfo: [/proc/meminfo - SSI]	MemTotal:       528065912 kB
20260610 010429.769 INFO             PET1       After Realize: - MemInfo: [/proc/meminfo - SSI]	MemFree:        449998464 kB
20260610 010429.769 INFO             PET1       After Realize: - MemInfo: [/proc/meminfo - SSI]	MemAvailable:   457027248 kB
20260610 010429.769 INFO             PET1       After Realize: - MemInfo: [/proc/meminfo - SSI]	Committed_AS:   13138224 kB
20260610 010429.769 INFO             PET1       After Realize: - MemInfo: [/proc/meminfo - SSI]	CommittedPercent: 2.48799 %
20260610 010429.769 INFO             PET1       After Realize: - MemInfo: [/proc/self/status]	VmPeak:	  190260 kB
20260610 010429.769 INFO             PET1       After Realize: - MemInfo: [/proc/self/status]	VmSize:	  190260 kB
20260610 010429.769 INFO             PET1       After Realize: - MemInfo: [/proc/self/status]	VmLck:	       0 kB
20260610 010429.769 INFO             PET1       After Realize: - MemInfo: [/proc/self/status]	VmPin:	   35072 kB
20260610 010429.769 INFO             PET1       After Realize: - MemInfo: [/proc/self/status]	VmHWM:	   91088 kB
20260610 010429.769 INFO             PET1       After Realize: - MemInfo: [/proc/self/status]	VmRSS:	   91088 kB
20260610 010429.769 INFO             PET1       After Realize: - MemInfo: [/proc/self/status]	VmData:	   85948 kB
20260610 010429.769 INFO             PET1       After Realize: - MemInfo: [/proc/self/status]	VmStk:	     216 kB
20260610 010429.769 INFO             PET1       After Realize: - MemInfo: [/proc/self/status]	VmExe:	    3060 kB
20260610 010429.769 INFO             PET1       After Realize: - MemInfo: [/proc/self/status]	VmLib:	   77500 kB
20260610 010429.769 INFO             PET1       After Realize: - MemInfo: [/proc/self/status]	VmPTE:	     380 kB
20260610 010429.769 INFO             PET1       After Realize: - MemInfo: [/proc/self/status]	VmSwap:	       0 kB
20260610 010429.769 INFO             PET1       After Realize: - MemInfo: [/proc/self/status]	VmRSSPercent: 0.0172494 %
20260610 010429.769 INFO             PET1       After Realize: - MemInfo: [malloc] Non-mmapped space allocated:                 8478720 Byte
20260610 010429.769 INFO             PET1       After Realize: - MemInfo: [malloc] Space allocated in mmapped regions:         69586944 Byte
20260610 010429.769 INFO             PET1       After Realize: - MemInfo: [malloc] Maximum total allocated space:                     0 Byte
20260610 010429.769 INFO             PET1       After Realize: - MemInfo: [malloc] Space in freed fastbin blocks:                   544 Byte
20260610 010429.769 INFO             PET1       After Realize: - MemInfo: [malloc] Total allocated space:                       8371440 Byte
20260610 010429.769 INFO             PET1       After Realize: - MemInfo: [malloc] Total free space:                             107280 Byte
20260610 010429.769 INFO             PET1       After Realize: - MemInfo: [malloc] Top-most, releasable space:                   106736 Byte
20260610 010429.769 INFO             PET1       After Realize: - MemInfo: [malloc] Total space in use, mmap + non-mmap:        77958384 Byte
20260610 010429.769 INFO             PET1       After Realize: - MemInfo: [malloc] Total space held (mmap + non-mmap):         78065664 Byte
20260610 010429.769 INFO             PET1       After Realize: - MemInfo: [malloc] Total space used (mmap + non-mmap):         77966592 Byte
20260610 010429.769 INFO             PET1       After Realize: - MemInfo: Wall-clock time since execution start:              0.0371935 seconds
20260610 010429.769 INFO             PET1       <<<MODEL: leaving Initialize (phase=IPDvXp04) without valid internal Clock.
20260610 010429.769 INFO             PET1       MODEL: InitializeIPDvXp04 extro {IS}:--- StateLog() start -----------------
20260610 010429.769 INFO             PET1       MODEL: InitializeIPDvXp04 extro {IS}:<name: MODEL-ImportState> <intent: ESMF_STATEINTENT_IMPORT> <itemCount:    0>
20260610 010429.769 INFO             PET1       MODEL: InitializeIPDvXp04 extro {IS}:--- StateLog() end -------------------
20260610 010429.769 INFO             PET1       MODEL: InitializeIPDvXp04 extro {ES}:--- StateLog() start -----------------
20260610 010429.769 INFO             PET1       MODEL: InitializeIPDvXp04 extro {ES}:<name: MODEL-ExportState> <intent: ESMF_STATEINTENT_EXPORT> <itemCount:    2>
20260610 010429.769 INFO             PET1       MODEL: InitializeIPDvXp04 extro {ES}:+-<item: 0001> <itemType: Field> <itemName: pmsl>
20260610 010429.769 INFO             PET1       MODEL: InitializeIPDvXp04 extro {ES}:!--- FieldLog() start -----------------
20260610 010429.769 INFO             PET1       MODEL: InitializeIPDvXp04 extro {ES}:! <name: pmsl> <fieldStatus: ESMF_FIELDSTATUS_COMPLETE>
20260610 010429.769 INFO             PET1       MODEL: InitializeIPDvXp04 extro {ES}:! 0x7ffda34e61d8 => 0x55d64d0f5c60 => 0x55d64d0f5ea0
20260610 010429.769 INFO             PET1       MODEL: InitializeIPDvXp04 extro {ES}:! <typekind: Real*8> <rank:    2> <dimCount:    2>
20260610 010429.769 INFO             PET1       MODEL: InitializeIPDvXp04 extro {ES}:! ! --- Array::log() start -----------------------------------
20260610 010429.769 INFO             PET1       MODEL: InitializeIPDvXp04 extro {ES}:! ! 0x55d64d0f7110
20260610 010429.770 INFO             PET1       MODEL: InitializeIPDvXp04 extro {ES}:! ! <name: pmsl>
20260610 010429.770 INFO             PET1       MODEL: InitializeIPDvXp04 extro {ES}:! ! ! --- DistGrid::log() start --------------------------------
20260610 010429.770 INFO             PET1       MODEL: InitializeIPDvXp04 extro {ES}:! ! ! 0x55d64d0f0fc0
20260610 010429.770 INFO             PET1       MODEL: InitializeIPDvXp04 extro {ES}:! ! ! DistGrid object is valid!<name: DG-Grid004-sloc:0>
20260610 010429.770 INFO             PET1       MODEL: InitializeIPDvXp04 extro {ES}:! ! ! --- DistGrid::log() end ----------------------------------
20260610 010429.770 INFO             PET1       MODEL: InitializeIPDvXp04 extro {ES}:! ! --- Array::log() end -------------------------------------
20260610 010429.770 INFO             PET1       MODEL: InitializeIPDvXp04 extro {ES}:!--- FieldLog() end -------------------
20260610 010429.770 INFO             PET1       MODEL: InitializeIPDvXp04 extro {ES}:+-<item: 0002> <itemType: Field> <itemName: rsns>
20260610 010429.770 INFO             PET1       MODEL: InitializeIPDvXp04 extro {ES}:!--- FieldLog() start -----------------
20260610 010429.770 INFO             PET1       MODEL: InitializeIPDvXp04 extro {ES}:! <name: rsns> <fieldStatus: ESMF_FIELDSTATUS_COMPLETE>
20260610 010429.770 INFO             PET1       MODEL: InitializeIPDvXp04 extro {ES}:! 0x7ffda34e61d8 => 0x55d64d0f8c10 => 0x55d64d0f8e50
20260610 010429.770 INFO             PET1       MODEL: InitializeIPDvXp04 extro {ES}:! <typekind: Real*8> <rank:    2> <dimCount:    2>
20260610 010429.770 INFO             PET1       MODEL: InitializeIPDvXp04 extro {ES}:! ! --- Array::log() start -----------------------------------
20260610 010429.770 INFO             PET1       MODEL: InitializeIPDvXp04 extro {ES}:! ! 0x55d64d0f9fe0
20260610 010429.770 INFO             PET1       MODEL: InitializeIPDvXp04 extro {ES}:! ! <name: rsns>
20260610 010429.770 INFO             PET1       MODEL: InitializeIPDvXp04 extro {ES}:! ! ! --- DistGrid::log() start --------------------------------
20260610 010429.770 INFO             PET1       MODEL: InitializeIPDvXp04 extro {ES}:! ! ! 0x55d64d0f0fc0
20260610 010429.770 INFO             PET1       MODEL: InitializeIPDvXp04 extro {ES}:! ! ! DistGrid object is valid!<name: DG-Grid004-sloc:0>
20260610 010429.770 INFO             PET1       MODEL: InitializeIPDvXp04 extro {ES}:! ! ! --- DistGrid::log() end ----------------------------------
20260610 010429.770 INFO             PET1       MODEL: InitializeIPDvXp04 extro {ES}:! ! --- Array::log() end -------------------------------------
20260610 010429.770 INFO             PET1       MODEL: InitializeIPDvXp04 extro {ES}:!--- FieldLog() end -------------------
20260610 010429.770 INFO             PET1       MODEL: InitializeIPDvXp04 extro {ES}:--- StateLog() end -------------------
20260610 010429.770 INFO             PET1     MODEL: InitializeIPDvXp04 extro.
20260610 010429.771 INFO             PET1     driver: IInitRealize intro.
20260610 010429.771 INFO             PET1       driver: IInitRealize intro {IS}:--- StateLog() start -----------------
20260610 010429.771 INFO             PET1       driver: IInitRealize intro {IS}:State object is invalid! Not created or deleted!
20260610 010429.771 INFO             PET1       driver: IInitRealize intro {IS}:--- StateLog() end -------------------
20260610 010429.771 INFO             PET1       driver: IInitRealize intro {ES}:--- StateLog() start -----------------
20260610 010429.771 INFO             PET1       driver: IInitRealize intro {ES}:State object is invalid! Not created or deleted!
20260610 010429.771 INFO             PET1       driver: IInitRealize intro {ES}:--- StateLog() end -------------------
20260610 010429.771 INFO             PET1       >>>driver: entered Initialize (phase=<none>) with current time:    0  1  1  0  0  0   0
20260610 010429.771 INFO             PET1       <<<driver: leaving Initialize (phase=<none>) with current time:    0  1  1  0  0  0   0
20260610 010429.771 INFO             PET1       driver: IInitRealize extro {IS}:--- StateLog() start -----------------
20260610 010429.771 INFO             PET1       driver: IInitRealize extro {IS}:State object is invalid! Not created or deleted!
20260610 010429.771 INFO             PET1       driver: IInitRealize extro {IS}:--- StateLog() end -------------------
20260610 010429.771 INFO             PET1       driver: IInitRealize extro {ES}:--- StateLog() start -----------------
20260610 010429.771 INFO             PET1       driver: IInitRealize extro {ES}:State object is invalid! Not created or deleted!
20260610 010429.771 INFO             PET1       driver: IInitRealize extro {ES}:--- StateLog() end -------------------
20260610 010429.771 INFO             PET1     driver: IInitRealize extro.
20260610 010429.772 INFO             PET1     MODEL: InitializeIPDvXp07 intro.
20260610 010429.772 INFO             PET1       MODEL: InitializeIPDvXp07 intro {IS}:--- StateLog() start -----------------
20260610 010429.772 INFO             PET1       MODEL: InitializeIPDvXp07 intro {IS}:<name: MODEL-ImportState> <intent: ESMF_STATEINTENT_IMPORT> <itemCount:    0>
20260610 010429.772 INFO             PET1       MODEL: InitializeIPDvXp07 intro {IS}:--- StateLog() end -------------------
20260610 010429.772 INFO             PET1       MODEL: InitializeIPDvXp07 intro {ES}:--- StateLog() start -----------------
20260610 010429.772 INFO             PET1       MODEL: InitializeIPDvXp07 intro {ES}:<name: MODEL-ExportState> <intent: ESMF_STATEINTENT_EXPORT> <itemCount:    2>
20260610 010429.772 INFO             PET1       MODEL: InitializeIPDvXp07 intro {ES}:+-<item: 0001> <itemType: Field> <itemName: pmsl>
20260610 010429.772 INFO             PET1       MODEL: InitializeIPDvXp07 intro {ES}:!--- FieldLog() start -----------------
20260610 010429.772 INFO             PET1       MODEL: InitializeIPDvXp07 intro {ES}:! <name: pmsl> <fieldStatus: ESMF_FIELDSTATUS_COMPLETE>
20260610 010429.772 INFO             PET1       MODEL: InitializeIPDvXp07 intro {ES}:! 0x7ffda34e4708 => 0x55d64d0f5c60 => 0x55d64d0f5ea0
20260610 010429.772 INFO             PET1       MODEL: InitializeIPDvXp07 intro {ES}:! <typekind: Real*8> <rank:    2> <dimCount:    2>
20260610 010429.772 INFO             PET1       MODEL: InitializeIPDvXp07 intro {ES}:! ! --- Array::log() start -----------------------------------
20260610 010429.772 INFO             PET1       MODEL: InitializeIPDvXp07 intro {ES}:! ! 0x55d64d0f7110
20260610 010429.772 INFO             PET1       MODEL: InitializeIPDvXp07 intro {ES}:! ! <name: pmsl>
20260610 010429.772 INFO             PET1       MODEL: InitializeIPDvXp07 intro {ES}:! ! ! --- DistGrid::log() start --------------------------------
20260610 010429.772 INFO             PET1       MODEL: InitializeIPDvXp07 intro {ES}:! ! ! 0x55d64d0f0fc0
20260610 010429.772 INFO             PET1       MODEL: InitializeIPDvXp07 intro {ES}:! ! ! DistGrid object is valid!<name: DG-Grid004-sloc:0>
20260610 010429.772 INFO             PET1       MODEL: InitializeIPDvXp07 intro {ES}:! ! ! --- DistGrid::log() end ----------------------------------
20260610 010429.772 INFO             PET1       MODEL: InitializeIPDvXp07 intro {ES}:! ! --- Array::log() end -------------------------------------
20260610 010429.772 INFO             PET1       MODEL: InitializeIPDvXp07 intro {ES}:!--- FieldLog() end -------------------
20260610 010429.772 INFO             PET1       MODEL: InitializeIPDvXp07 intro {ES}:+-<item: 0002> <itemType: Field> <itemName: rsns>
20260610 010429.772 INFO             PET1       MODEL: InitializeIPDvXp07 intro {ES}:!--- FieldLog() start -----------------
20260610 010429.772 INFO             PET1       MODEL: InitializeIPDvXp07 intro {ES}:! <name: rsns> <fieldStatus: ESMF_FIELDSTATUS_COMPLETE>
20260610 010429.772 INFO             PET1       MODEL: InitializeIPDvXp07 intro {ES}:! 0x7ffda34e4708 => 0x55d64d0f8c10 => 0x55d64d0f8e50
20260610 010429.772 INFO             PET1       MODEL: InitializeIPDvXp07 intro {ES}:! <typekind: Real*8> <rank:    2> <dimCount:    2>
20260610 010429.772 INFO             PET1       MODEL: InitializeIPDvXp07 intro {ES}:! ! --- Array::log() start -----------------------------------
20260610 010429.772 INFO             PET1       MODEL: InitializeIPDvXp07 intro {ES}:! ! 0x55d64d0f9fe0
20260610 010429.772 INFO             PET1       MODEL: InitializeIPDvXp07 intro {ES}:! ! <name: rsns>
20260610 010429.772 INFO             PET1       MODEL: InitializeIPDvXp07 intro {ES}:! ! ! --- DistGrid::log() start --------------------------------
20260610 010429.772 INFO             PET1       MODEL: InitializeIPDvXp07 intro {ES}:! ! ! 0x55d64d0f0fc0
20260610 010429.772 INFO             PET1       MODEL: InitializeIPDvXp07 intro {ES}:! ! ! DistGrid object is valid!<name: DG-Grid004-sloc:0>
20260610 010429.772 INFO             PET1       MODEL: InitializeIPDvXp07 intro {ES}:! ! ! --- DistGrid::log() end ----------------------------------
20260610 010429.772 INFO             PET1       MODEL: InitializeIPDvXp07 intro {ES}:! ! --- Array::log() end -------------------------------------
20260610 010429.772 INFO             PET1       MODEL: InitializeIPDvXp07 intro {ES}:!--- FieldLog() end -------------------
20260610 010429.772 INFO             PET1       MODEL: InitializeIPDvXp07 intro {ES}:--- StateLog() end -------------------
20260610 010429.772 INFO             PET1       >>>MODEL: entered Initialize (phase=IPDvXp07) without valid internal Clock.
20260610 010429.773 INFO             PET1       <<<MODEL: leaving Initialize (phase=IPDvXp07) with current time:    0  1  1  0  0  0   0
20260610 010429.773 INFO             PET1       MODEL: InitializeIPDvXp07 extro {IS}:--- StateLog() start -----------------
20260610 010429.773 INFO             PET1       MODEL: InitializeIPDvXp07 extro {IS}:<name: MODEL-ImportState> <intent: ESMF_STATEINTENT_IMPORT> <itemCount:    0>
20260610 010429.773 INFO             PET1       MODEL: InitializeIPDvXp07 extro {IS}:--- StateLog() end -------------------
20260610 010429.773 INFO             PET1       MODEL: InitializeIPDvXp07 extro {ES}:--- StateLog() start -----------------
20260610 010429.773 INFO             PET1       MODEL: InitializeIPDvXp07 extro {ES}:<name: MODEL-ExportState> <intent: ESMF_STATEINTENT_EXPORT> <itemCount:    2>
20260610 010429.773 INFO             PET1       MODEL: InitializeIPDvXp07 extro {ES}:+-<item: 0001> <itemType: Field> <itemName: pmsl>
20260610 010429.773 INFO             PET1       MODEL: InitializeIPDvXp07 extro {ES}:!--- FieldLog() start -----------------
20260610 010429.773 INFO             PET1       MODEL: InitializeIPDvXp07 extro {ES}:! <name: pmsl> <fieldStatus: ESMF_FIELDSTATUS_COMPLETE>
20260610 010429.773 INFO             PET1       MODEL: InitializeIPDvXp07 extro {ES}:! 0x7ffda34e4ed8 => 0x55d64d0f5c60 => 0x55d64d0f5ea0
20260610 010429.773 INFO             PET1       MODEL: InitializeIPDvXp07 extro {ES}:! <typekind: Real*8> <rank:    2> <dimCount:    2>
20260610 010429.773 INFO             PET1       MODEL: InitializeIPDvXp07 extro {ES}:! ! --- Array::log() start -----------------------------------
20260610 010429.773 INFO             PET1       MODEL: InitializeIPDvXp07 extro {ES}:! ! 0x55d64d0f7110
20260610 010429.773 INFO             PET1       MODEL: InitializeIPDvXp07 extro {ES}:! ! <name: pmsl>
20260610 010429.773 INFO             PET1       MODEL: InitializeIPDvXp07 extro {ES}:! ! ! --- DistGrid::log() start --------------------------------
20260610 010429.773 INFO             PET1       MODEL: InitializeIPDvXp07 extro {ES}:! ! ! 0x55d64d0f0fc0
20260610 010429.773 INFO             PET1       MODEL: InitializeIPDvXp07 extro {ES}:! ! ! DistGrid object is valid!<name: DG-Grid004-sloc:0>
20260610 010429.773 INFO             PET1       MODEL: InitializeIPDvXp07 extro {ES}:! ! ! --- DistGrid::log() end ----------------------------------
20260610 010429.773 INFO             PET1       MODEL: InitializeIPDvXp07 extro {ES}:! ! --- Array::log() end -------------------------------------
20260610 010429.773 INFO             PET1       MODEL: InitializeIPDvXp07 extro {ES}:!--- FieldLog() end -------------------
20260610 010429.773 INFO             PET1       MODEL: InitializeIPDvXp07 extro {ES}:+-<item: 0002> <itemType: Field> <itemName: rsns>
20260610 010429.773 INFO             PET1       MODEL: InitializeIPDvXp07 extro {ES}:!--- FieldLog() start -----------------
20260610 010429.773 INFO             PET1       MODEL: InitializeIPDvXp07 extro {ES}:! <name: rsns> <fieldStatus: ESMF_FIELDSTATUS_COMPLETE>
20260610 010429.773 INFO             PET1       MODEL: InitializeIPDvXp07 extro {ES}:! 0x7ffda34e4ed8 => 0x55d64d0f8c10 => 0x55d64d0f8e50
20260610 010429.773 INFO             PET1       MODEL: InitializeIPDvXp07 extro {ES}:! <typekind: Real*8> <rank:    2> <dimCount:    2>
20260610 010429.773 INFO             PET1       MODEL: InitializeIPDvXp07 extro {ES}:! ! --- Array::log() start -----------------------------------
20260610 010429.773 INFO             PET1       MODEL: InitializeIPDvXp07 extro {ES}:! ! 0x55d64d0f9fe0
20260610 010429.773 INFO             PET1       MODEL: InitializeIPDvXp07 extro {ES}:! ! <name: rsns>
20260610 010429.773 INFO             PET1       MODEL: InitializeIPDvXp07 extro {ES}:! ! ! --- DistGrid::log() start --------------------------------
20260610 010429.773 INFO             PET1       MODEL: InitializeIPDvXp07 extro {ES}:! ! ! 0x55d64d0f0fc0
20260610 010429.773 INFO             PET1       MODEL: InitializeIPDvXp07 extro {ES}:! ! ! DistGrid object is valid!<name: DG-Grid004-sloc:0>
20260610 010429.773 INFO             PET1       MODEL: InitializeIPDvXp07 extro {ES}:! ! ! --- DistGrid::log() end ----------------------------------
20260610 010429.773 INFO             PET1       MODEL: InitializeIPDvXp07 extro {ES}:! ! --- Array::log() end -------------------------------------
20260610 010429.773 INFO             PET1       MODEL: InitializeIPDvXp07 extro {ES}:!--- FieldLog() end -------------------
20260610 010429.773 INFO             PET1       MODEL: InitializeIPDvXp07 extro {ES}:--- StateLog() end -------------------
20260610 010429.773 INFO             PET1     MODEL: InitializeIPDvXp07 extro.
20260610 010429.773 INFO             PET1     <<<driver: leaving Initialize (phase=<none>) with current time:    0  1  1  0  0  0   0
20260610 010429.773 INFO             PET1     driver: InitializeIPDv02p3 extro {IS}:--- StateLog() start -----------------
20260610 010429.773 INFO             PET1     driver: InitializeIPDv02p3 extro {IS}:State object is invalid! Not created or deleted!
20260610 010429.773 INFO             PET1     driver: InitializeIPDv02p3 extro {IS}:--- StateLog() end -------------------
20260610 010429.773 INFO             PET1     driver: InitializeIPDv02p3 extro {ES}:--- StateLog() start -----------------
20260610 010429.773 INFO             PET1     driver: InitializeIPDv02p3 extro {ES}:State object is invalid! Not created or deleted!
20260610 010429.773 INFO             PET1     driver: InitializeIPDv02p3 extro {ES}:--- StateLog() end -------------------
20260610 010429.773 INFO             PET1   driver: InitializeIPDv02p3 extro.
20260610 010429.773 INFO             PET1   driver: InitializeIPDv02p5 intro.
20260610 010429.773 INFO             PET1     driver: InitializeIPDv02p5 intro {IS}:--- StateLog() start -----------------
20260610 010429.773 INFO             PET1     driver: InitializeIPDv02p5 intro {IS}:State object is invalid! Not created or deleted!
20260610 010429.773 INFO             PET1     driver: InitializeIPDv02p5 intro {IS}:--- StateLog() end -------------------
20260610 010429.773 INFO             PET1     driver: InitializeIPDv02p5 intro {ES}:--- StateLog() start -----------------
20260610 010429.773 INFO             PET1     driver: InitializeIPDv02p5 intro {ES}:State object is invalid! Not created or deleted!
20260610 010429.773 INFO             PET1     driver: InitializeIPDv02p5 intro {ES}:--- StateLog() end -------------------
20260610 010429.774 INFO             PET1     >>>driver: entered Initialize (phase=<none>) with current time:    0  1  1  0  0  0   0
20260610 010429.774 INFO             PET1     driver: this is a top level driver, no 'Updated' and 'InitializeDataComplete' info on this level.
20260610 010429.774 INFO             PET1     driver: InitializeIPDv02p5Data intro.
20260610 010429.774 INFO             PET1       driver: InitializeIPDv02p5Data intro {IS}:--- StateLog() start -----------------
20260610 010429.774 INFO             PET1       driver: InitializeIPDv02p5Data intro {IS}:State object is invalid! Not created or deleted!
20260610 010429.774 INFO             PET1       driver: InitializeIPDv02p5Data intro {IS}:--- StateLog() end -------------------
20260610 010429.774 INFO             PET1       driver: InitializeIPDv02p5Data intro {ES}:--- StateLog() start -----------------
20260610 010429.774 INFO             PET1       driver: InitializeIPDv02p5Data intro {ES}:State object is invalid! Not created or deleted!
20260610 010429.774 INFO             PET1       driver: InitializeIPDv02p5Data intro {ES}:--- StateLog() end -------------------
20260610 010429.774 INFO             PET1       >>>driver: entered Initialize (phase=<none>) with current time:    0  1  1  0  0  0   0
20260610 010429.774 INFO             PET1       driver: InternalInitializeComplete intro.
20260610 010429.774 INFO             PET1         driver: InternalInitializeComplete intro {IS}:--- StateLog() start -----------------
20260610 010429.774 INFO             PET1         driver: InternalInitializeComplete intro {IS}:State object is invalid! Not created or deleted!
20260610 010429.774 INFO             PET1         driver: InternalInitializeComplete intro {IS}:--- StateLog() end -------------------
20260610 010429.774 INFO             PET1         driver: InternalInitializeComplete intro {ES}:--- StateLog() start -----------------
20260610 010429.774 INFO             PET1         driver: InternalInitializeComplete intro {ES}:State object is invalid! Not created or deleted!
20260610 010429.774 INFO             PET1         driver: InternalInitializeComplete intro {ES}:--- StateLog() end -------------------
20260610 010429.774 INFO             PET1         >>>driver: entered Initialize (phase=<none>) with current time:    0  1  1  0  0  0   0
20260610 010429.774 INFO             PET1         driver: InitializeDataComplete='true'
20260610 010429.774 INFO             PET1         <<<driver: leaving Initialize (phase=<none>) with current time:    0  1  1  0  0  0   0
20260610 010429.774 INFO             PET1         driver: InternalInitializeComplete extro {IS}:--- StateLog() start -----------------
20260610 010429.774 INFO             PET1         driver: InternalInitializeComplete extro {IS}:State object is invalid! Not created or deleted!
20260610 010429.774 INFO             PET1         driver: InternalInitializeComplete extro {IS}:--- StateLog() end -------------------
20260610 010429.775 INFO             PET1         driver: InternalInitializeComplete extro {ES}:--- StateLog() start -----------------
20260610 010429.775 INFO             PET1         driver: InternalInitializeComplete extro {ES}:State object is invalid! Not created or deleted!
20260610 010429.775 INFO             PET1         driver: InternalInitializeComplete extro {ES}:--- StateLog() end -------------------
20260610 010429.775 INFO             PET1       driver: InternalInitializeComplete extro.
20260610 010429.775 INFO             PET1       MODEL: InitializeIPDvXp08 intro.
20260610 010429.775 INFO             PET1         MODEL: InitializeIPDvXp08 intro {IS}:--- StateLog() start -----------------
20260610 010429.775 INFO             PET1         MODEL: InitializeIPDvXp08 intro {IS}:<name: MODEL-ImportState> <intent: ESMF_STATEINTENT_IMPORT> <itemCount:    0>
20260610 010429.775 INFO             PET1         MODEL: InitializeIPDvXp08 intro {IS}:--- StateLog() end -------------------
20260610 010429.775 INFO             PET1         MODEL: InitializeIPDvXp08 intro {ES}:--- StateLog() start -----------------
20260610 010429.775 INFO             PET1         MODEL: InitializeIPDvXp08 intro {ES}:<name: MODEL-ExportState> <intent: ESMF_STATEINTENT_EXPORT> <itemCount:    2>
20260610 010429.775 INFO             PET1         MODEL: InitializeIPDvXp08 intro {ES}:+-<item: 0001> <itemType: Field> <itemName: pmsl>
20260610 010429.775 INFO             PET1         MODEL: InitializeIPDvXp08 intro {ES}:!--- FieldLog() start -----------------
20260610 010429.775 INFO             PET1         MODEL: InitializeIPDvXp08 intro {ES}:! <name: pmsl> <fieldStatus: ESMF_FIELDSTATUS_COMPLETE>
20260610 010429.775 INFO             PET1         MODEL: InitializeIPDvXp08 intro {ES}:! 0x7ffda34e3418 => 0x55d64d0f5c60 => 0x55d64d0f5ea0
20260610 010429.775 INFO             PET1         MODEL: InitializeIPDvXp08 intro {ES}:! <typekind: Real*8> <rank:    2> <dimCount:    2>
20260610 010429.775 INFO             PET1         MODEL: InitializeIPDvXp08 intro {ES}:! ! --- Array::log() start -----------------------------------
20260610 010429.775 INFO             PET1         MODEL: InitializeIPDvXp08 intro {ES}:! ! 0x55d64d0f7110
20260610 010429.775 INFO             PET1         MODEL: InitializeIPDvXp08 intro {ES}:! ! <name: pmsl>
20260610 010429.775 INFO             PET1         MODEL: InitializeIPDvXp08 intro {ES}:! ! ! --- DistGrid::log() start --------------------------------
20260610 010429.775 INFO             PET1         MODEL: InitializeIPDvXp08 intro {ES}:! ! ! 0x55d64d0f0fc0
20260610 010429.775 INFO             PET1         MODEL: InitializeIPDvXp08 intro {ES}:! ! ! DistGrid object is valid!<name: DG-Grid004-sloc:0>
20260610 010429.775 INFO             PET1         MODEL: InitializeIPDvXp08 intro {ES}:! ! ! --- DistGrid::log() end ----------------------------------
20260610 010429.775 INFO             PET1         MODEL: InitializeIPDvXp08 intro {ES}:! ! --- Array::log() end -------------------------------------
20260610 010429.775 INFO             PET1         MODEL: InitializeIPDvXp08 intro {ES}:!--- FieldLog() end -------------------
20260610 010429.775 INFO             PET1         MODEL: InitializeIPDvXp08 intro {ES}:+-<item: 0002> <itemType: Field> <itemName: rsns>
20260610 010429.775 INFO             PET1         MODEL: InitializeIPDvXp08 intro {ES}:!--- FieldLog() start -----------------
20260610 010429.775 INFO             PET1         MODEL: InitializeIPDvXp08 intro {ES}:! <name: rsns> <fieldStatus: ESMF_FIELDSTATUS_COMPLETE>
20260610 010429.775 INFO             PET1         MODEL: InitializeIPDvXp08 intro {ES}:! 0x7ffda34e3418 => 0x55d64d0f8c10 => 0x55d64d0f8e50
20260610 010429.775 INFO             PET1         MODEL: InitializeIPDvXp08 intro {ES}:! <typekind: Real*8> <rank:    2> <dimCount:    2>
20260610 010429.775 INFO             PET1         MODEL: InitializeIPDvXp08 intro {ES}:! ! --- Array::log() start -----------------------------------
20260610 010429.775 INFO             PET1         MODEL: InitializeIPDvXp08 intro {ES}:! ! 0x55d64d0f9fe0
20260610 010429.775 INFO             PET1         MODEL: InitializeIPDvXp08 intro {ES}:! ! <name: rsns>
20260610 010429.775 INFO             PET1         MODEL: InitializeIPDvXp08 intro {ES}:! ! ! --- DistGrid::log() start --------------------------------
20260610 010429.775 INFO             PET1         MODEL: InitializeIPDvXp08 intro {ES}:! ! ! 0x55d64d0f0fc0
20260610 010429.775 INFO             PET1         MODEL: InitializeIPDvXp08 intro {ES}:! ! ! DistGrid object is valid!<name: DG-Grid004-sloc:0>
20260610 010429.775 INFO             PET1         MODEL: InitializeIPDvXp08 intro {ES}:! ! ! --- DistGrid::log() end ----------------------------------
20260610 010429.775 INFO             PET1         MODEL: InitializeIPDvXp08 intro {ES}:! ! --- Array::log() end -------------------------------------
20260610 010429.775 INFO             PET1         MODEL: InitializeIPDvXp08 intro {ES}:!--- FieldLog() end -------------------
20260610 010429.775 INFO             PET1         MODEL: InitializeIPDvXp08 intro {ES}:--- StateLog() end -------------------
20260610 010429.775 INFO             PET1         >>>MODEL: entered Initialize (phase=IPDv05p8) with current time:    0  1  1  0  0  0   0
20260610 010429.776 INFO             PET1         MODEL: InitializeDataProgress='false', InitializeDataComplete='false'
20260610 010429.776 INFO             PET1         <<<MODEL: leaving Initialize (phase=IPDv05p8) with current time:    0  1  1  0  0  0   0
20260610 010429.776 INFO             PET1         MODEL: InitializeIPDvXp08 extro {IS}:--- StateLog() start -----------------
20260610 010429.776 INFO             PET1         MODEL: InitializeIPDvXp08 extro {IS}:<name: MODEL-ImportState> <intent: ESMF_STATEINTENT_IMPORT> <itemCount:    0>
20260610 010429.776 INFO             PET1         MODEL: InitializeIPDvXp08 extro {IS}:--- StateLog() end -------------------
20260610 010429.776 INFO             PET1         MODEL: InitializeIPDvXp08 extro {ES}:--- StateLog() start -----------------
20260610 010429.776 INFO             PET1         MODEL: InitializeIPDvXp08 extro {ES}:<name: MODEL-ExportState> <intent: ESMF_STATEINTENT_EXPORT> <itemCount:    2>
20260610 010429.776 INFO             PET1         MODEL: InitializeIPDvXp08 extro {ES}:+-<item: 0001> <itemType: Field> <itemName: pmsl>
20260610 010429.776 INFO             PET1         MODEL: InitializeIPDvXp08 extro {ES}:!--- FieldLog() start -----------------
20260610 010429.776 INFO             PET1         MODEL: InitializeIPDvXp08 extro {ES}:! <name: pmsl> <fieldStatus: ESMF_FIELDSTATUS_COMPLETE>
20260610 010429.776 INFO             PET1         MODEL: InitializeIPDvXp08 extro {ES}:! 0x7ffda34e38f8 => 0x55d64d0f5c60 => 0x55d64d0f5ea0
20260610 010429.776 INFO             PET1         MODEL: InitializeIPDvXp08 extro {ES}:! <typekind: Real*8> <rank:    2> <dimCount:    2>
20260610 010429.776 INFO             PET1         MODEL: InitializeIPDvXp08 extro {ES}:! ! --- Array::log() start -----------------------------------
20260610 010429.776 INFO             PET1         MODEL: InitializeIPDvXp08 extro {ES}:! ! 0x55d64d0f7110
20260610 010429.776 INFO             PET1         MODEL: InitializeIPDvXp08 extro {ES}:! ! <name: pmsl>
20260610 010429.776 INFO             PET1         MODEL: InitializeIPDvXp08 extro {ES}:! ! ! --- DistGrid::log() start --------------------------------
20260610 010429.776 INFO             PET1         MODEL: InitializeIPDvXp08 extro {ES}:! ! ! 0x55d64d0f0fc0
20260610 010429.776 INFO             PET1         MODEL: InitializeIPDvXp08 extro {ES}:! ! ! DistGrid object is valid!<name: DG-Grid004-sloc:0>
20260610 010429.776 INFO             PET1         MODEL: InitializeIPDvXp08 extro {ES}:! ! ! --- DistGrid::log() end ----------------------------------
20260610 010429.776 INFO             PET1         MODEL: InitializeIPDvXp08 extro {ES}:! ! --- Array::log() end -------------------------------------
20260610 010429.776 INFO             PET1         MODEL: InitializeIPDvXp08 extro {ES}:!--- FieldLog() end -------------------
20260610 010429.776 INFO             PET1         MODEL: InitializeIPDvXp08 extro {ES}:+-<item: 0002> <itemType: Field> <itemName: rsns>
20260610 010429.776 INFO             PET1         MODEL: InitializeIPDvXp08 extro {ES}:!--- FieldLog() start -----------------
20260610 010429.776 INFO             PET1         MODEL: InitializeIPDvXp08 extro {ES}:! <name: rsns> <fieldStatus: ESMF_FIELDSTATUS_COMPLETE>
20260610 010429.776 INFO             PET1         MODEL: InitializeIPDvXp08 extro {ES}:! 0x7ffda34e38f8 => 0x55d64d0f8c10 => 0x55d64d0f8e50
20260610 010429.776 INFO             PET1         MODEL: InitializeIPDvXp08 extro {ES}:! <typekind: Real*8> <rank:    2> <dimCount:    2>
20260610 010429.776 INFO             PET1         MODEL: InitializeIPDvXp08 extro {ES}:! ! --- Array::log() start -----------------------------------
20260610 010429.776 INFO             PET1         MODEL: InitializeIPDvXp08 extro {ES}:! ! 0x55d64d0f9fe0
20260610 010429.776 INFO             PET1         MODEL: InitializeIPDvXp08 extro {ES}:! ! <name: rsns>
20260610 010429.776 INFO             PET1         MODEL: InitializeIPDvXp08 extro {ES}:! ! ! --- DistGrid::log() start --------------------------------
20260610 010429.776 INFO             PET1         MODEL: InitializeIPDvXp08 extro {ES}:! ! ! 0x55d64d0f0fc0
20260610 010429.776 INFO             PET1         MODEL: InitializeIPDvXp08 extro {ES}:! ! ! DistGrid object is valid!<name: DG-Grid004-sloc:0>
20260610 010429.776 INFO             PET1         MODEL: InitializeIPDvXp08 extro {ES}:! ! ! --- DistGrid::log() end ----------------------------------
20260610 010429.776 INFO             PET1         MODEL: InitializeIPDvXp08 extro {ES}:! ! --- Array::log() end -------------------------------------
20260610 010429.776 INFO             PET1         MODEL: InitializeIPDvXp08 extro {ES}:!--- FieldLog() end -------------------
20260610 010429.776 INFO             PET1         MODEL: InitializeIPDvXp08 extro {ES}:--- StateLog() end -------------------
20260610 010429.776 INFO             PET1       MODEL: InitializeIPDvXp08 extro.
20260610 010429.777 INFO             PET1       driver: components present that trigger loopDataDependentInitialize().
20260610 010429.777 INFO             PET1       driver: loopDataDependentInitialize intro.
20260610 010429.777 INFO             PET1         driver: loopDataDependentInitialize intro {IS}:--- StateLog() start -----------------
20260610 010429.777 INFO             PET1         driver: loopDataDependentInitialize intro {IS}:State object is invalid! Not created or deleted!
20260610 010429.777 INFO             PET1         driver: loopDataDependentInitialize intro {IS}:--- StateLog() end -------------------
20260610 010429.777 INFO             PET1         driver: loopDataDependentInitialize intro {ES}:--- StateLog() start -----------------
20260610 010429.777 INFO             PET1         driver: loopDataDependentInitialize intro {ES}:State object is invalid! Not created or deleted!
20260610 010429.777 INFO             PET1         driver: loopDataDependentInitialize intro {ES}:--- StateLog() end -------------------
20260610 010429.777 INFO             PET1         >>>driver: entered Initialize (phase=<none>) with current time:    0  1  1  0  0  0   0
20260610 010429.778 INFO             PET1         driver: component    0=driver, dataComplete (local): true
20260610 010429.778 INFO             PET1         driver: component    0=driver, dataComplete (global):  T
20260610 010429.778 INFO             PET1         driver: component    1=MODEL, dataComplete (local): false
20260610 010429.778 INFO             PET1         driver: component    1=MODEL, dataComplete (global):  F
20260610 010429.778 INFO             PET1         MODEL: InitializeIPDvXp08 intro.
20260610 010429.778 INFO             PET1           MODEL: InitializeIPDvXp08 intro {IS}:--- StateLog() start -----------------
20260610 010429.778 INFO             PET1           MODEL: InitializeIPDvXp08 intro {IS}:<name: MODEL-ImportState> <intent: ESMF_STATEINTENT_IMPORT> <itemCount:    0>
20260610 010429.778 INFO             PET1           MODEL: InitializeIPDvXp08 intro {IS}:--- StateLog() end -------------------
20260610 010429.778 INFO             PET1           MODEL: InitializeIPDvXp08 intro {ES}:--- StateLog() start -----------------
20260610 010429.778 INFO             PET1           MODEL: InitializeIPDvXp08 intro {ES}:<name: MODEL-ExportState> <intent: ESMF_STATEINTENT_EXPORT> <itemCount:    2>
20260610 010429.778 INFO             PET1           MODEL: InitializeIPDvXp08 intro {ES}:+-<item: 0001> <itemType: Field> <itemName: pmsl>
20260610 010429.778 INFO             PET1           MODEL: InitializeIPDvXp08 intro {ES}:!--- FieldLog() start -----------------
20260610 010429.778 INFO             PET1           MODEL: InitializeIPDvXp08 intro {ES}:! <name: pmsl> <fieldStatus: ESMF_FIELDSTATUS_COMPLETE>
20260610 010429.778 INFO             PET1           MODEL: InitializeIPDvXp08 intro {ES}:! 0x7ffda34df858 => 0x55d64d0f5c60 => 0x55d64d0f5ea0
20260610 010429.778 INFO             PET1           MODEL: InitializeIPDvXp08 intro {ES}:! <typekind: Real*8> <rank:    2> <dimCount:    2>
20260610 010429.778 INFO             PET1           MODEL: InitializeIPDvXp08 intro {ES}:! ! --- Array::log() start -----------------------------------
20260610 010429.778 INFO             PET1           MODEL: InitializeIPDvXp08 intro {ES}:! ! 0x55d64d0f7110
20260610 010429.778 INFO             PET1           MODEL: InitializeIPDvXp08 intro {ES}:! ! <name: pmsl>
20260610 010429.778 INFO             PET1           MODEL: InitializeIPDvXp08 intro {ES}:! ! ! --- DistGrid::log() start --------------------------------
20260610 010429.778 INFO             PET1           MODEL: InitializeIPDvXp08 intro {ES}:! ! ! 0x55d64d0f0fc0
20260610 010429.778 INFO             PET1           MODEL: InitializeIPDvXp08 intro {ES}:! ! ! DistGrid object is valid!<name: DG-Grid004-sloc:0>
20260610 010429.778 INFO             PET1           MODEL: InitializeIPDvXp08 intro {ES}:! ! ! --- DistGrid::log() end ----------------------------------
20260610 010429.778 INFO             PET1           MODEL: InitializeIPDvXp08 intro {ES}:! ! --- Array::log() end -------------------------------------
20260610 010429.778 INFO             PET1           MODEL: InitializeIPDvXp08 intro {ES}:!--- FieldLog() end -------------------
20260610 010429.778 INFO             PET1           MODEL: InitializeIPDvXp08 intro {ES}:+-<item: 0002> <itemType: Field> <itemName: rsns>
20260610 010429.778 INFO             PET1           MODEL: InitializeIPDvXp08 intro {ES}:!--- FieldLog() start -----------------
20260610 010429.778 INFO             PET1           MODEL: InitializeIPDvXp08 intro {ES}:! <name: rsns> <fieldStatus: ESMF_FIELDSTATUS_COMPLETE>
20260610 010429.778 INFO             PET1           MODEL: InitializeIPDvXp08 intro {ES}:! 0x7ffda34df858 => 0x55d64d0f8c10 => 0x55d64d0f8e50
20260610 010429.778 INFO             PET1           MODEL: InitializeIPDvXp08 intro {ES}:! <typekind: Real*8> <rank:    2> <dimCount:    2>
20260610 010429.778 INFO             PET1           MODEL: InitializeIPDvXp08 intro {ES}:! ! --- Array::log() start -----------------------------------
20260610 010429.778 INFO             PET1           MODEL: InitializeIPDvXp08 intro {ES}:! ! 0x55d64d0f9fe0
20260610 010429.778 INFO             PET1           MODEL: InitializeIPDvXp08 intro {ES}:! ! <name: rsns>
20260610 010429.778 INFO             PET1           MODEL: InitializeIPDvXp08 intro {ES}:! ! ! --- DistGrid::log() start --------------------------------
20260610 010429.778 INFO             PET1           MODEL: InitializeIPDvXp08 intro {ES}:! ! ! 0x55d64d0f0fc0
20260610 010429.778 INFO             PET1           MODEL: InitializeIPDvXp08 intro {ES}:! ! ! DistGrid object is valid!<name: DG-Grid004-sloc:0>
20260610 010429.778 INFO             PET1           MODEL: InitializeIPDvXp08 intro {ES}:! ! ! --- DistGrid::log() end ----------------------------------
20260610 010429.778 INFO             PET1           MODEL: InitializeIPDvXp08 intro {ES}:! ! --- Array::log() end -------------------------------------
20260610 010429.778 INFO             PET1           MODEL: InitializeIPDvXp08 intro {ES}:!--- FieldLog() end -------------------
20260610 010429.778 INFO             PET1           MODEL: InitializeIPDvXp08 intro {ES}:--- StateLog() end -------------------
20260610 010429.779 INFO             PET1           >>>MODEL: entered Initialize (phase=IPDv05p8) with current time:    0  1  1  0  0  0   0
20260610 010429.779 INFO             PET1           MODEL: InitializeDataProgress='true', InitializeDataComplete='true'
20260610 010429.779 INFO             PET1           <<<MODEL: leaving Initialize (phase=IPDv05p8) with current time:    0  1  1  0  0  0   0
20260610 010429.779 INFO             PET1           MODEL: InitializeIPDvXp08 extro {IS}:--- StateLog() start -----------------
20260610 010429.779 INFO             PET1           MODEL: InitializeIPDvXp08 extro {IS}:<name: MODEL-ImportState> <intent: ESMF_STATEINTENT_IMPORT> <itemCount:    0>
20260610 010429.779 INFO             PET1           MODEL: InitializeIPDvXp08 extro {IS}:--- StateLog() end -------------------
20260610 010429.779 INFO             PET1           MODEL: InitializeIPDvXp08 extro {ES}:--- StateLog() start -----------------
20260610 010429.779 INFO             PET1           MODEL: InitializeIPDvXp08 extro {ES}:<name: MODEL-ExportState> <intent: ESMF_STATEINTENT_EXPORT> <itemCount:    2>
20260610 010429.779 INFO             PET1           MODEL: InitializeIPDvXp08 extro {ES}:+-<item: 0001> <itemType: Field> <itemName: pmsl>
20260610 010429.779 INFO             PET1           MODEL: InitializeIPDvXp08 extro {ES}:!--- FieldLog() start -----------------
20260610 010429.779 INFO             PET1           MODEL: InitializeIPDvXp08 extro {ES}:! <name: pmsl> <fieldStatus: ESMF_FIELDSTATUS_COMPLETE>
20260610 010429.779 INFO             PET1           MODEL: InitializeIPDvXp08 extro {ES}:! 0x7ffda34dfd38 => 0x55d64d0f5c60 => 0x55d64d0f5ea0
20260610 010429.779 INFO             PET1           MODEL: InitializeIPDvXp08 extro {ES}:! <typekind: Real*8> <rank:    2> <dimCount:    2>
20260610 010429.779 INFO             PET1           MODEL: InitializeIPDvXp08 extro {ES}:! ! --- Array::log() start -----------------------------------
20260610 010429.779 INFO             PET1           MODEL: InitializeIPDvXp08 extro {ES}:! ! 0x55d64d0f7110
20260610 010429.779 INFO             PET1           MODEL: InitializeIPDvXp08 extro {ES}:! ! <name: pmsl>
20260610 010429.779 INFO             PET1           MODEL: InitializeIPDvXp08 extro {ES}:! ! ! --- DistGrid::log() start --------------------------------
20260610 010429.779 INFO             PET1           MODEL: InitializeIPDvXp08 extro {ES}:! ! ! 0x55d64d0f0fc0
20260610 010429.779 INFO             PET1           MODEL: InitializeIPDvXp08 extro {ES}:! ! ! DistGrid object is valid!<name: DG-Grid004-sloc:0>
20260610 010429.779 INFO             PET1           MODEL: InitializeIPDvXp08 extro {ES}:! ! ! --- DistGrid::log() end ----------------------------------
20260610 010429.779 INFO             PET1           MODEL: InitializeIPDvXp08 extro {ES}:! ! --- Array::log() end -------------------------------------
20260610 010429.779 INFO             PET1           MODEL: InitializeIPDvXp08 extro {ES}:!--- FieldLog() end -------------------
20260610 010429.779 INFO             PET1           MODEL: InitializeIPDvXp08 extro {ES}:+-<item: 0002> <itemType: Field> <itemName: rsns>
20260610 010429.779 INFO             PET1           MODEL: InitializeIPDvXp08 extro {ES}:!--- FieldLog() start -----------------
20260610 010429.779 INFO             PET1           MODEL: InitializeIPDvXp08 extro {ES}:! <name: rsns> <fieldStatus: ESMF_FIELDSTATUS_COMPLETE>
20260610 010429.779 INFO             PET1           MODEL: InitializeIPDvXp08 extro {ES}:! 0x7ffda34dfd38 => 0x55d64d0f8c10 => 0x55d64d0f8e50
20260610 010429.779 INFO             PET1           MODEL: InitializeIPDvXp08 extro {ES}:! <typekind: Real*8> <rank:    2> <dimCount:    2>
20260610 010429.779 INFO             PET1           MODEL: InitializeIPDvXp08 extro {ES}:! ! --- Array::log() start -----------------------------------
20260610 010429.779 INFO             PET1           MODEL: InitializeIPDvXp08 extro {ES}:! ! 0x55d64d0f9fe0
20260610 010429.779 INFO             PET1           MODEL: InitializeIPDvXp08 extro {ES}:! ! <name: rsns>
20260610 010429.779 INFO             PET1           MODEL: InitializeIPDvXp08 extro {ES}:! ! ! --- DistGrid::log() start --------------------------------
20260610 010429.779 INFO             PET1           MODEL: InitializeIPDvXp08 extro {ES}:! ! ! 0x55d64d0f0fc0
20260610 010429.779 INFO             PET1           MODEL: InitializeIPDvXp08 extro {ES}:! ! ! DistGrid object is valid!<name: DG-Grid004-sloc:0>
20260610 010429.779 INFO             PET1           MODEL: InitializeIPDvXp08 extro {ES}:! ! ! --- DistGrid::log() end ----------------------------------
20260610 010429.779 INFO             PET1           MODEL: InitializeIPDvXp08 extro {ES}:! ! --- Array::log() end -------------------------------------
20260610 010429.780 INFO             PET1           MODEL: InitializeIPDvXp08 extro {ES}:!--- FieldLog() end -------------------
20260610 010429.780 INFO             PET1           MODEL: InitializeIPDvXp08 extro {ES}:--- StateLog() end -------------------
20260610 010429.780 INFO             PET1         MODEL: InitializeIPDvXp08 extro.
20260610 010429.781 INFO             PET1         driver: component    1=MODEL, someProgress (local): true
20260610 010429.781 INFO             PET1         driver: component    1=MODEL, someProgress (global):  T
20260610 010429.781 INFO             PET1         driver: someProgress= T, allComplete= F, present(dataDepAllComplete)= T
20260610 010429.781 INFO             PET1         driver: component    0=driver, dataComplete (local): true
20260610 010429.781 INFO             PET1         driver: component    0=driver, dataComplete (global):  T
20260610 010429.781 INFO             PET1         driver: component    1=MODEL, dataComplete (local): true
20260610 010429.781 INFO             PET1         driver: component    1=MODEL, dataComplete (global):  T
20260610 010429.782 INFO             PET1         driver: someProgress= F, allComplete= T, present(dataDepAllComplete)= T
20260610 010429.782 INFO             PET1         driver: finished resolving initialize data dependencies on this level.
20260610 010429.782 INFO             PET1         <<<driver: leaving Initialize (phase=<none>) with current time:    0  1  1  0  0  0   0
20260610 010429.782 INFO             PET1         driver: loopDataDependentInitialize extro {IS}:--- StateLog() start -----------------
20260610 010429.782 INFO             PET1         driver: loopDataDependentInitialize extro {IS}:State object is invalid! Not created or deleted!
20260610 010429.782 INFO             PET1         driver: loopDataDependentInitialize extro {IS}:--- StateLog() end -------------------
20260610 010429.782 INFO             PET1         driver: loopDataDependentInitialize extro {ES}:--- StateLog() start -----------------
20260610 010429.782 INFO             PET1         driver: loopDataDependentInitialize extro {ES}:State object is invalid! Not created or deleted!
20260610 010429.782 INFO             PET1         driver: loopDataDependentInitialize extro {ES}:--- StateLog() end -------------------
20260610 010429.782 INFO             PET1       driver: loopDataDependentInitialize extro.
20260610 010429.782 INFO             PET1       driver: loopDataDependentInitialize() returned with dataDepAllComplete:  T
20260610 010429.782 INFO             PET1       <<<driver: leaving Initialize (phase=<none>) with current time:    0  1  1  0  0  0   0
20260610 010429.782 INFO             PET1       driver: InitializeIPDv02p5Data extro {IS}:--- StateLog() start -----------------
20260610 010429.782 INFO             PET1       driver: InitializeIPDv02p5Data extro {IS}:State object is invalid! Not created or deleted!
20260610 010429.782 INFO             PET1       driver: InitializeIPDv02p5Data extro {IS}:--- StateLog() end -------------------
20260610 010429.782 INFO             PET1       driver: InitializeIPDv02p5Data extro {ES}:--- StateLog() start -----------------
20260610 010429.782 INFO             PET1       driver: InitializeIPDv02p5Data extro {ES}:State object is invalid! Not created or deleted!
20260610 010429.782 INFO             PET1       driver: InitializeIPDv02p5Data extro {ES}:--- StateLog() end -------------------
20260610 010429.782 INFO             PET1     driver: InitializeIPDv02p5Data extro.
20260610 010429.782 INFO             PET1     <<<driver: leaving Initialize (phase=<none>) with current time:    0  1  1  0  0  0   0
20260610 010429.782 INFO             PET1     driver: InitializeIPDv02p5 extro {IS}:--- StateLog() start -----------------
20260610 010429.782 INFO             PET1     driver: InitializeIPDv02p5 extro {IS}:State object is invalid! Not created or deleted!
20260610 010429.782 INFO             PET1     driver: InitializeIPDv02p5 extro {IS}:--- StateLog() end -------------------
20260610 010429.782 INFO             PET1     driver: InitializeIPDv02p5 extro {ES}:--- StateLog() start -----------------
20260610 010429.782 INFO             PET1     driver: InitializeIPDv02p5 extro {ES}:State object is invalid! Not created or deleted!
20260610 010429.782 INFO             PET1     driver: InitializeIPDv02p5 extro {ES}:--- StateLog() end -------------------
20260610 010429.782 INFO             PET1   driver: InitializeIPDv02p5 extro.
20260610 010429.782 INFO             PET1   <<<driver: leaving Initialize (phase=<none>) with current time:    0  1  1  0  0  0   0
20260610 010429.782 INFO             PET1   driver: InitializeGeneric extro {IS}:--- StateLog() start -----------------
20260610 010429.782 INFO             PET1   driver: InitializeGeneric extro {IS}:State object is invalid! Not created or deleted!
20260610 010429.782 INFO             PET1   driver: InitializeGeneric extro {IS}:--- StateLog() end -------------------
20260610 010429.782 INFO             PET1   driver: InitializeGeneric extro {ES}:--- StateLog() start -----------------
20260610 010429.782 INFO             PET1   driver: InitializeGeneric extro {ES}:State object is invalid! Not created or deleted!
20260610 010429.782 INFO             PET1   driver: InitializeGeneric extro {ES}:--- StateLog() end -------------------
20260610 010429.782 INFO             PET1 driver: InitializeGeneric extro.
20260610 010429.782 INFO             PET1 driver: Run intro.
20260610 010429.782 INFO             PET1   driver: Run intro {IS}:--- StateLog() start -----------------
20260610 010429.782 INFO             PET1   driver: Run intro {IS}:State object is invalid! Not created or deleted!
20260610 010429.782 INFO             PET1   driver: Run intro {IS}:--- StateLog() end -------------------
20260610 010429.782 INFO             PET1   driver: Run intro {ES}:--- StateLog() start -----------------
20260610 010429.782 INFO             PET1   driver: Run intro {ES}:State object is invalid! Not created or deleted!
20260610 010429.782 INFO             PET1   driver: Run intro {ES}:--- StateLog() end -------------------
20260610 010429.782 INFO             PET1   >>>driver: entered Run (phase=RunPhase1) with current time:    0  1  1  0  0  0   0
20260610 010429.783 INFO             PET1   driver: after lable_SetRunClock, current time:    0  1  1  0  0  0   0
20260610 010429.783 INFO             PET1   driver: begin -------> RunSequence.
20260610 010429.783 INFO             PET1     driver: RunSequence event loopLevel=   1  levelMember=   1  loopIteration=   1, current time:    0  1  1  0  0  0   0
20260610 010429.783 INFO             PET1     MODEL: Run intro.
20260610 010429.783 INFO             PET1       MODEL: Run intro {IS}:--- StateLog() start -----------------
20260610 010429.783 INFO             PET1       MODEL: Run intro {IS}:<name: MODEL-ImportState> <intent: ESMF_STATEINTENT_IMPORT> <itemCount:    0>
20260610 010429.783 INFO             PET1       MODEL: Run intro {IS}:--- StateLog() end -------------------
20260610 010429.783 INFO             PET1       MODEL: Run intro {ES}:--- StateLog() start -----------------
20260610 010429.783 INFO             PET1       MODEL: Run intro {ES}:<name: MODEL-ExportState> <intent: ESMF_STATEINTENT_EXPORT> <itemCount:    2>
20260610 010429.783 INFO             PET1       MODEL: Run intro {ES}:+-<item: 0001> <itemType: Field> <itemName: pmsl>
20260610 010429.783 INFO             PET1       MODEL: Run intro {ES}:!--- FieldLog() start -----------------
20260610 010429.783 INFO             PET1       MODEL: Run intro {ES}:! <name: pmsl> <fieldStatus: ESMF_FIELDSTATUS_COMPLETE>
20260610 010429.783 INFO             PET1       MODEL: Run intro {ES}:! 0x7ffda34e43a8 => 0x55d64d0f5c60 => 0x55d64d0f5ea0
20260610 010429.783 INFO             PET1       MODEL: Run intro {ES}:! <typekind: Real*8> <rank:    2> <dimCount:    2>
20260610 010429.783 INFO             PET1       MODEL: Run intro {ES}:! ! --- Array::log() start -----------------------------------
20260610 010429.783 INFO             PET1       MODEL: Run intro {ES}:! ! 0x55d64d0f7110
20260610 010429.783 INFO             PET1       MODEL: Run intro {ES}:! ! <name: pmsl>
20260610 010429.783 INFO             PET1       MODEL: Run intro {ES}:! ! ! --- DistGrid::log() start --------------------------------
20260610 010429.783 INFO             PET1       MODEL: Run intro {ES}:! ! ! 0x55d64d0f0fc0
20260610 010429.783 INFO             PET1       MODEL: Run intro {ES}:! ! ! DistGrid object is valid!<name: DG-Grid004-sloc:0>
20260610 010429.783 INFO             PET1       MODEL: Run intro {ES}:! ! ! --- DistGrid::log() end ----------------------------------
20260610 010429.783 INFO             PET1       MODEL: Run intro {ES}:! ! --- Array::log() end -------------------------------------
20260610 010429.783 INFO             PET1       MODEL: Run intro {ES}:!--- FieldLog() end -------------------
20260610 010429.783 INFO             PET1       MODEL: Run intro {ES}:+-<item: 0002> <itemType: Field> <itemName: rsns>
20260610 010429.783 INFO             PET1       MODEL: Run intro {ES}:!--- FieldLog() start -----------------
20260610 010429.783 INFO             PET1       MODEL: Run intro {ES}:! <name: rsns> <fieldStatus: ESMF_FIELDSTATUS_COMPLETE>
20260610 010429.783 INFO             PET1       MODEL: Run intro {ES}:! 0x7ffda34e43a8 => 0x55d64d0f8c10 => 0x55d64d0f8e50
20260610 010429.783 INFO             PET1       MODEL: Run intro {ES}:! <typekind: Real*8> <rank:    2> <dimCount:    2>
20260610 010429.783 INFO             PET1       MODEL: Run intro {ES}:! ! --- Array::log() start -----------------------------------
20260610 010429.783 INFO             PET1       MODEL: Run intro {ES}:! ! 0x55d64d0f9fe0
20260610 010429.783 INFO             PET1       MODEL: Run intro {ES}:! ! <name: rsns>
20260610 010429.783 INFO             PET1       MODEL: Run intro {ES}:! ! ! --- DistGrid::log() start --------------------------------
20260610 010429.783 INFO             PET1       MODEL: Run intro {ES}:! ! ! 0x55d64d0f0fc0
20260610 010429.783 INFO             PET1       MODEL: Run intro {ES}:! ! ! DistGrid object is valid!<name: DG-Grid004-sloc:0>
20260610 010429.783 INFO             PET1       MODEL: Run intro {ES}:! ! ! --- DistGrid::log() end ----------------------------------
20260610 010429.783 INFO             PET1       MODEL: Run intro {ES}:! ! --- Array::log() end -------------------------------------
20260610 010429.783 INFO             PET1       MODEL: Run intro {ES}:!--- FieldLog() end -------------------
20260610 010429.783 INFO             PET1       MODEL: Run intro {ES}:--- StateLog() end -------------------
20260610 010429.784 INFO             PET1       >>>MODEL: entered Run (phase=RunPhase1) with current time:    0  1  1  0  0  0   0
20260610 010429.784 INFO             PET1       MODEL: time step-loop starting, current time:    0  1  1  0  0  0   0
20260610 010429.791 INFO             PET1       thread_num=   0   currentSsiPe=  55   num_threads=   3   max_threads=   3   num_procs= 126
20260610 010429.792 INFO             PET1       thread_num=   1   currentSsiPe=  63   num_threads=   3   max_threads=   3   num_procs= 126
20260610 010429.792 INFO             PET1       thread_num=   2   currentSsiPe=  79   num_threads=   3   max_threads=   3   num_procs= 126
20260610 010429.792 INFO             PET1       ---->Advancing Model from:    0  1  1  0  0  0   0
20260610 010429.792 INFO             PET1       ---------------------> to:    0  1  1  0  0 30   0
20260610 010429.792 INFO             PET1       MODEL: time step-loop ending,   current time:    0  1  1  0  0 30   0
20260610 010429.792 INFO             PET1       <<<MODEL: leaving Run (phase=RunPhase1) with current time:    0  1  1  0  0 30   0
20260610 010429.792 INFO             PET1       MODEL: Run extro {IS}:--- StateLog() start -----------------
20260610 010429.792 INFO             PET1       MODEL: Run extro {IS}:<name: MODEL-ImportState> <intent: ESMF_STATEINTENT_IMPORT> <itemCount:    0>
20260610 010429.792 INFO             PET1       MODEL: Run extro {IS}:--- StateLog() end -------------------
20260610 010429.792 INFO             PET1       MODEL: Run extro {ES}:--- StateLog() start -----------------
20260610 010429.792 INFO             PET1       MODEL: Run extro {ES}:<name: MODEL-ExportState> <intent: ESMF_STATEINTENT_EXPORT> <itemCount:    2>
20260610 010429.792 INFO             PET1       MODEL: Run extro {ES}:+-<item: 0001> <itemType: Field> <itemName: pmsl>
20260610 010429.792 INFO             PET1       MODEL: Run extro {ES}:!--- FieldLog() start -----------------
20260610 010429.792 INFO             PET1       MODEL: Run extro {ES}:! <name: pmsl> <fieldStatus: ESMF_FIELDSTATUS_COMPLETE>
20260610 010429.792 INFO             PET1       MODEL: Run extro {ES}:! 0x7ffda34e4288 => 0x55d64d0f5c60 => 0x55d64d0f5ea0
20260610 010429.792 INFO             PET1       MODEL: Run extro {ES}:! <typekind: Real*8> <rank:    2> <dimCount:    2>
20260610 010429.792 INFO             PET1       MODEL: Run extro {ES}:! ! --- Array::log() start -----------------------------------
20260610 010429.792 INFO             PET1       MODEL: Run extro {ES}:! ! 0x55d64d0f7110
20260610 010429.792 INFO             PET1       MODEL: Run extro {ES}:! ! <name: pmsl>
20260610 010429.792 INFO             PET1       MODEL: Run extro {ES}:! ! ! --- DistGrid::log() start --------------------------------
20260610 010429.792 INFO             PET1       MODEL: Run extro {ES}:! ! ! 0x55d64d0f0fc0
20260610 010429.792 INFO             PET1       MODEL: Run extro {ES}:! ! ! DistGrid object is valid!<name: DG-Grid004-sloc:0>
20260610 010429.792 INFO             PET1       MODEL: Run extro {ES}:! ! ! --- DistGrid::log() end ----------------------------------
20260610 010429.792 INFO             PET1       MODEL: Run extro {ES}:! ! --- Array::log() end -------------------------------------
20260610 010429.792 INFO             PET1       MODEL: Run extro {ES}:!--- FieldLog() end -------------------
20260610 010429.792 INFO             PET1       MODEL: Run extro {ES}:+-<item: 0002> <itemType: Field> <itemName: rsns>
20260610 010429.793 INFO             PET1       MODEL: Run extro {ES}:!--- FieldLog() start -----------------
20260610 010429.793 INFO             PET1       MODEL: Run extro {ES}:! <name: rsns> <fieldStatus: ESMF_FIELDSTATUS_COMPLETE>
20260610 010429.793 INFO             PET1       MODEL: Run extro {ES}:! 0x7ffda34e4288 => 0x55d64d0f8c10 => 0x55d64d0f8e50
20260610 010429.793 INFO             PET1       MODEL: Run extro {ES}:! <typekind: Real*8> <rank:    2> <dimCount:    2>
20260610 010429.793 INFO             PET1       MODEL: Run extro {ES}:! ! --- Array::log() start -----------------------------------
20260610 010429.793 INFO             PET1       MODEL: Run extro {ES}:! ! 0x55d64d0f9fe0
20260610 010429.793 INFO             PET1       MODEL: Run extro {ES}:! ! <name: rsns>
20260610 010429.793 INFO             PET1       MODEL: Run extro {ES}:! ! ! --- DistGrid::log() start --------------------------------
20260610 010429.793 INFO             PET1       MODEL: Run extro {ES}:! ! ! 0x55d64d0f0fc0
20260610 010429.793 INFO             PET1       MODEL: Run extro {ES}:! ! ! DistGrid object is valid!<name: DG-Grid004-sloc:0>
20260610 010429.793 INFO             PET1       MODEL: Run extro {ES}:! ! ! --- DistGrid::log() end ----------------------------------
20260610 010429.793 INFO             PET1       MODEL: Run extro {ES}:! ! --- Array::log() end -------------------------------------
20260610 010429.793 INFO             PET1       MODEL: Run extro {ES}:!--- FieldLog() end -------------------
20260610 010429.793 INFO             PET1       MODEL: Run extro {ES}:--- StateLog() end -------------------
20260610 010429.793 INFO             PET1     MODEL: Run extro.
20260610 010429.793 INFO             PET1     driver: RunSequence event loopLevel=   1  levelMember=   1  loopIteration=   2, current time:    0  1  1  0  0 30   0
20260610 010429.793 INFO             PET1     MODEL: Run intro.
20260610 010429.793 INFO             PET1       MODEL: Run intro {IS}:--- StateLog() start -----------------
20260610 010429.793 INFO             PET1       MODEL: Run intro {IS}:<name: MODEL-ImportState> <intent: ESMF_STATEINTENT_IMPORT> <itemCount:    0>
20260610 010429.793 INFO             PET1       MODEL: Run intro {IS}:--- StateLog() end -------------------
20260610 010429.793 INFO             PET1       MODEL: Run intro {ES}:--- StateLog() start -----------------
20260610 010429.793 INFO             PET1       MODEL: Run intro {ES}:<name: MODEL-ExportState> <intent: ESMF_STATEINTENT_EXPORT> <itemCount:    2>
20260610 010429.793 INFO             PET1       MODEL: Run intro {ES}:+-<item: 0001> <itemType: Field> <itemName: pmsl>
20260610 010429.793 INFO             PET1       MODEL: Run intro {ES}:!--- FieldLog() start -----------------
20260610 010429.793 INFO             PET1       MODEL: Run intro {ES}:! <name: pmsl> <fieldStatus: ESMF_FIELDSTATUS_COMPLETE>
20260610 010429.793 INFO             PET1       MODEL: Run intro {ES}:! 0x7ffda34e4328 => 0x55d64d0f5c60 => 0x55d64d0f5ea0
20260610 010429.793 INFO             PET1       MODEL: Run intro {ES}:! <typekind: Real*8> <rank:    2> <dimCount:    2>
20260610 010429.793 INFO             PET1       MODEL: Run intro {ES}:! ! --- Array::log() start -----------------------------------
20260610 010429.793 INFO             PET1       MODEL: Run intro {ES}:! ! 0x55d64d0f7110
20260610 010429.793 INFO             PET1       MODEL: Run intro {ES}:! ! <name: pmsl>
20260610 010429.793 INFO             PET1       MODEL: Run intro {ES}:! ! ! --- DistGrid::log() start --------------------------------
20260610 010429.793 INFO             PET1       MODEL: Run intro {ES}:! ! ! 0x55d64d0f0fc0
20260610 010429.793 INFO             PET1       MODEL: Run intro {ES}:! ! ! DistGrid object is valid!<name: DG-Grid004-sloc:0>
20260610 010429.793 INFO             PET1       MODEL: Run intro {ES}:! ! ! --- DistGrid::log() end ----------------------------------
20260610 010429.793 INFO             PET1       MODEL: Run intro {ES}:! ! --- Array::log() end -------------------------------------
20260610 010429.793 INFO             PET1       MODEL: Run intro {ES}:!--- FieldLog() end -------------------
20260610 010429.793 INFO             PET1       MODEL: Run intro {ES}:+-<item: 0002> <itemType: Field> <itemName: rsns>
20260610 010429.793 INFO             PET1       MODEL: Run intro {ES}:!--- FieldLog() start -----------------
20260610 010429.793 INFO             PET1       MODEL: Run intro {ES}:! <name: rsns> <fieldStatus: ESMF_FIELDSTATUS_COMPLETE>
20260610 010429.793 INFO             PET1       MODEL: Run intro {ES}:! 0x7ffda34e4328 => 0x55d64d0f8c10 => 0x55d64d0f8e50
20260610 010429.794 INFO             PET1       MODEL: Run intro {ES}:! <typekind: Real*8> <rank:    2> <dimCount:    2>
20260610 010429.794 INFO             PET1       MODEL: Run intro {ES}:! ! --- Array::log() start -----------------------------------
20260610 010429.794 INFO             PET1       MODEL: Run intro {ES}:! ! 0x55d64d0f9fe0
20260610 010429.794 INFO             PET1       MODEL: Run intro {ES}:! ! <name: rsns>
20260610 010429.794 INFO             PET1       MODEL: Run intro {ES}:! ! ! --- DistGrid::log() start --------------------------------
20260610 010429.794 INFO             PET1       MODEL: Run intro {ES}:! ! ! 0x55d64d0f0fc0
20260610 010429.794 INFO             PET1       MODEL: Run intro {ES}:! ! ! DistGrid object is valid!<name: DG-Grid004-sloc:0>
20260610 010429.794 INFO             PET1       MODEL: Run intro {ES}:! ! ! --- DistGrid::log() end ----------------------------------
20260610 010429.794 INFO             PET1       MODEL: Run intro {ES}:! ! --- Array::log() end -------------------------------------
20260610 010429.794 INFO             PET1       MODEL: Run intro {ES}:!--- FieldLog() end -------------------
20260610 010429.794 INFO             PET1       MODEL: Run intro {ES}:--- StateLog() end -------------------
20260610 010429.794 INFO             PET1       >>>MODEL: entered Run (phase=RunPhase1) with current time:    0  1  1  0  0 30   0
20260610 010429.794 INFO             PET1       MODEL: time step-loop starting, current time:    0  1  1  0  0 30   0
20260610 010429.794 INFO             PET1       thread_num=   0   currentSsiPe=  55   num_threads=   3   max_threads=   3   num_procs= 126
20260610 010429.794 INFO             PET1       thread_num=   2   currentSsiPe=  79   num_threads=   3   max_threads=   3   num_procs= 126
20260610 010429.794 INFO             PET1       thread_num=   1   currentSsiPe=  63   num_threads=   3   max_threads=   3   num_procs= 126
20260610 010429.794 INFO             PET1       ---->Advancing Model from:    0  1  1  0  0 30   0
20260610 010429.794 INFO             PET1       ---------------------> to:    0  1  1  0  1  0   0
20260610 010429.794 INFO             PET1       MODEL: time step-loop ending,   current time:    0  1  1  0  1  0   0
20260610 010429.794 INFO             PET1       <<<MODEL: leaving Run (phase=RunPhase1) with current time:    0  1  1  0  1  0   0
20260610 010429.794 INFO             PET1       MODEL: Run extro {IS}:--- StateLog() start -----------------
20260610 010429.794 INFO             PET1       MODEL: Run extro {IS}:<name: MODEL-ImportState> <intent: ESMF_STATEINTENT_IMPORT> <itemCount:    0>
20260610 010429.794 INFO             PET1       MODEL: Run extro {IS}:--- StateLog() end -------------------
20260610 010429.794 INFO             PET1       MODEL: Run extro {ES}:--- StateLog() start -----------------
20260610 010429.794 INFO             PET1       MODEL: Run extro {ES}:<name: MODEL-ExportState> <intent: ESMF_STATEINTENT_EXPORT> <itemCount:    2>
20260610 010429.794 INFO             PET1       MODEL: Run extro {ES}:+-<item: 0001> <itemType: Field> <itemName: pmsl>
20260610 010429.794 INFO             PET1       MODEL: Run extro {ES}:!--- FieldLog() start -----------------
20260610 010429.794 INFO             PET1       MODEL: Run extro {ES}:! <name: pmsl> <fieldStatus: ESMF_FIELDSTATUS_COMPLETE>
20260610 010429.794 INFO             PET1       MODEL: Run extro {ES}:! 0x7ffda34e4208 => 0x55d64d0f5c60 => 0x55d64d0f5ea0
20260610 010429.794 INFO             PET1       MODEL: Run extro {ES}:! <typekind: Real*8> <rank:    2> <dimCount:    2>
20260610 010429.794 INFO             PET1       MODEL: Run extro {ES}:! ! --- Array::log() start -----------------------------------
20260610 010429.794 INFO             PET1       MODEL: Run extro {ES}:! ! 0x55d64d0f7110
20260610 010429.794 INFO             PET1       MODEL: Run extro {ES}:! ! <name: pmsl>
20260610 010429.794 INFO             PET1       MODEL: Run extro {ES}:! ! ! --- DistGrid::log() start --------------------------------
20260610 010429.794 INFO             PET1       MODEL: Run extro {ES}:! ! ! 0x55d64d0f0fc0
20260610 010429.794 INFO             PET1       MODEL: Run extro {ES}:! ! ! DistGrid object is valid!<name: DG-Grid004-sloc:0>
20260610 010429.794 INFO             PET1       MODEL: Run extro {ES}:! ! ! --- DistGrid::log() end ----------------------------------
20260610 010429.794 INFO             PET1       MODEL: Run extro {ES}:! ! --- Array::log() end -------------------------------------
20260610 010429.794 INFO             PET1       MODEL: Run extro {ES}:!--- FieldLog() end -------------------
20260610 010429.794 INFO             PET1       MODEL: Run extro {ES}:+-<item: 0002> <itemType: Field> <itemName: rsns>
20260610 010429.794 INFO             PET1       MODEL: Run extro {ES}:!--- FieldLog() start -----------------
20260610 010429.794 INFO             PET1       MODEL: Run extro {ES}:! <name: rsns> <fieldStatus: ESMF_FIELDSTATUS_COMPLETE>
20260610 010429.794 INFO             PET1       MODEL: Run extro {ES}:! 0x7ffda34e4208 => 0x55d64d0f8c10 => 0x55d64d0f8e50
20260610 010429.795 INFO             PET1       MODEL: Run extro {ES}:! <typekind: Real*8> <rank:    2> <dimCount:    2>
20260610 010429.795 INFO             PET1       MODEL: Run extro {ES}:! ! --- Array::log() start -----------------------------------
20260610 010429.795 INFO             PET1       MODEL: Run extro {ES}:! ! 0x55d64d0f9fe0
20260610 010429.795 INFO             PET1       MODEL: Run extro {ES}:! ! <name: rsns>
20260610 010429.795 INFO             PET1       MODEL: Run extro {ES}:! ! ! --- DistGrid::log() start --------------------------------
20260610 010429.795 INFO             PET1       MODEL: Run extro {ES}:! ! ! 0x55d64d0f0fc0
20260610 010429.795 INFO             PET1       MODEL: Run extro {ES}:! ! ! DistGrid object is valid!<name: DG-Grid004-sloc:0>
20260610 010429.795 INFO             PET1       MODEL: Run extro {ES}:! ! ! --- DistGrid::log() end ----------------------------------
20260610 010429.795 INFO             PET1       MODEL: Run extro {ES}:! ! --- Array::log() end -------------------------------------
20260610 010429.795 INFO             PET1       MODEL: Run extro {ES}:!--- FieldLog() end -------------------
20260610 010429.795 INFO             PET1       MODEL: Run extro {ES}:--- StateLog() end -------------------
20260610 010429.795 INFO             PET1     MODEL: Run extro.
20260610 010429.795 INFO             PET1     driver: RunSequence event loopLevel=   1  levelMember=   1  loopIteration=   3, current time:    0  1  1  0  1  0   0
20260610 010429.795 INFO             PET1     MODEL: Run intro.
20260610 010429.795 INFO             PET1       MODEL: Run intro {IS}:--- StateLog() start -----------------
20260610 010429.795 INFO             PET1       MODEL: Run intro {IS}:<name: MODEL-ImportState> <intent: ESMF_STATEINTENT_IMPORT> <itemCount:    0>
20260610 010429.795 INFO             PET1       MODEL: Run intro {IS}:--- StateLog() end -------------------
20260610 010429.795 INFO             PET1       MODEL: Run intro {ES}:--- StateLog() start -----------------
20260610 010429.795 INFO             PET1       MODEL: Run intro {ES}:<name: MODEL-ExportState> <intent: ESMF_STATEINTENT_EXPORT> <itemCount:    2>
20260610 010429.795 INFO             PET1       MODEL: Run intro {ES}:+-<item: 0001> <itemType: Field> <itemName: pmsl>
20260610 010429.795 INFO             PET1       MODEL: Run intro {ES}:!--- FieldLog() start -----------------
20260610 010429.795 INFO             PET1       MODEL: Run intro {ES}:! <name: pmsl> <fieldStatus: ESMF_FIELDSTATUS_COMPLETE>
20260610 010429.795 INFO             PET1       MODEL: Run intro {ES}:! 0x7ffda34e42a8 => 0x55d64d0f5c60 => 0x55d64d0f5ea0
20260610 010429.795 INFO             PET1       MODEL: Run intro {ES}:! <typekind: Real*8> <rank:    2> <dimCount:    2>
20260610 010429.795 INFO             PET1       MODEL: Run intro {ES}:! ! --- Array::log() start -----------------------------------
20260610 010429.795 INFO             PET1       MODEL: Run intro {ES}:! ! 0x55d64d0f7110
20260610 010429.795 INFO             PET1       MODEL: Run intro {ES}:! ! <name: pmsl>
20260610 010429.795 INFO             PET1       MODEL: Run intro {ES}:! ! ! --- DistGrid::log() start --------------------------------
20260610 010429.795 INFO             PET1       MODEL: Run intro {ES}:! ! ! 0x55d64d0f0fc0
20260610 010429.795 INFO             PET1       MODEL: Run intro {ES}:! ! ! DistGrid object is valid!<name: DG-Grid004-sloc:0>
20260610 010429.795 INFO             PET1       MODEL: Run intro {ES}:! ! ! --- DistGrid::log() end ----------------------------------
20260610 010429.795 INFO             PET1       MODEL: Run intro {ES}:! ! --- Array::log() end -------------------------------------
20260610 010429.795 INFO             PET1       MODEL: Run intro {ES}:!--- FieldLog() end -------------------
20260610 010429.795 INFO             PET1       MODEL: Run intro {ES}:+-<item: 0002> <itemType: Field> <itemName: rsns>
20260610 010429.795 INFO             PET1       MODEL: Run intro {ES}:!--- FieldLog() start -----------------
20260610 010429.795 INFO             PET1       MODEL: Run intro {ES}:! <name: rsns> <fieldStatus: ESMF_FIELDSTATUS_COMPLETE>
20260610 010429.795 INFO             PET1       MODEL: Run intro {ES}:! 0x7ffda34e42a8 => 0x55d64d0f8c10 => 0x55d64d0f8e50
20260610 010429.795 INFO             PET1       MODEL: Run intro {ES}:! <typekind: Real*8> <rank:    2> <dimCount:    2>
20260610 010429.795 INFO             PET1       MODEL: Run intro {ES}:! ! --- Array::log() start -----------------------------------
20260610 010429.795 INFO             PET1       MODEL: Run intro {ES}:! ! 0x55d64d0f9fe0
20260610 010429.795 INFO             PET1       MODEL: Run intro {ES}:! ! <name: rsns>
20260610 010429.795 INFO             PET1       MODEL: Run intro {ES}:! ! ! --- DistGrid::log() start --------------------------------
20260610 010429.795 INFO             PET1       MODEL: Run intro {ES}:! ! ! 0x55d64d0f0fc0
20260610 010429.795 INFO             PET1       MODEL: Run intro {ES}:! ! ! DistGrid object is valid!<name: DG-Grid004-sloc:0>
20260610 010429.795 INFO             PET1       MODEL: Run intro {ES}:! ! ! --- DistGrid::log() end ----------------------------------
20260610 010429.795 INFO             PET1       MODEL: Run intro {ES}:! ! --- Array::log() end -------------------------------------
20260610 010429.795 INFO             PET1       MODEL: Run intro {ES}:!--- FieldLog() end -------------------
20260610 010429.795 INFO             PET1       MODEL: Run intro {ES}:--- StateLog() end -------------------
20260610 010429.796 INFO             PET1       >>>MODEL: entered Run (phase=RunPhase1) with current time:    0  1  1  0  1  0   0
20260610 010429.796 INFO             PET1       MODEL: time step-loop starting, current time:    0  1  1  0  1  0   0
20260610 010429.796 INFO             PET1       thread_num=   0   currentSsiPe=  55   num_threads=   3   max_threads=   3   num_procs= 126
20260610 010429.796 INFO             PET1       thread_num=   2   currentSsiPe=  79   num_threads=   3   max_threads=   3   num_procs= 126
20260610 010429.796 INFO             PET1       thread_num=   1   currentSsiPe=  63   num_threads=   3   max_threads=   3   num_procs= 126
20260610 010429.796 INFO             PET1       ---->Advancing Model from:    0  1  1  0  1  0   0
20260610 010429.796 INFO             PET1       ---------------------> to:    0  1  1  0  1 30   0
20260610 010429.796 INFO             PET1       MODEL: time step-loop ending,   current time:    0  1  1  0  1 30   0
20260610 010429.796 INFO             PET1       <<<MODEL: leaving Run (phase=RunPhase1) with current time:    0  1  1  0  1 30   0
20260610 010429.796 INFO             PET1       MODEL: Run extro {IS}:--- StateLog() start -----------------
20260610 010429.796 INFO             PET1       MODEL: Run extro {IS}:<name: MODEL-ImportState> <intent: ESMF_STATEINTENT_IMPORT> <itemCount:    0>
20260610 010429.796 INFO             PET1       MODEL: Run extro {IS}:--- StateLog() end -------------------
20260610 010429.796 INFO             PET1       MODEL: Run extro {ES}:--- StateLog() start -----------------
20260610 010429.796 INFO             PET1       MODEL: Run extro {ES}:<name: MODEL-ExportState> <intent: ESMF_STATEINTENT_EXPORT> <itemCount:    2>
20260610 010429.796 INFO             PET1       MODEL: Run extro {ES}:+-<item: 0001> <itemType: Field> <itemName: pmsl>
20260610 010429.796 INFO             PET1       MODEL: Run extro {ES}:!--- FieldLog() start -----------------
20260610 010429.796 INFO             PET1       MODEL: Run extro {ES}:! <name: pmsl> <fieldStatus: ESMF_FIELDSTATUS_COMPLETE>
20260610 010429.796 INFO             PET1       MODEL: Run extro {ES}:! 0x7ffda34e4188 => 0x55d64d0f5c60 => 0x55d64d0f5ea0
20260610 010429.796 INFO             PET1       MODEL: Run extro {ES}:! <typekind: Real*8> <rank:    2> <dimCount:    2>
20260610 010429.796 INFO             PET1       MODEL: Run extro {ES}:! ! --- Array::log() start -----------------------------------
20260610 010429.796 INFO             PET1       MODEL: Run extro {ES}:! ! 0x55d64d0f7110
20260610 010429.796 INFO             PET1       MODEL: Run extro {ES}:! ! <name: pmsl>
20260610 010429.796 INFO             PET1       MODEL: Run extro {ES}:! ! ! --- DistGrid::log() start --------------------------------
20260610 010429.796 INFO             PET1       MODEL: Run extro {ES}:! ! ! 0x55d64d0f0fc0
20260610 010429.796 INFO             PET1       MODEL: Run extro {ES}:! ! ! DistGrid object is valid!<name: DG-Grid004-sloc:0>
20260610 010429.796 INFO             PET1       MODEL: Run extro {ES}:! ! ! --- DistGrid::log() end ----------------------------------
20260610 010429.796 INFO             PET1       MODEL: Run extro {ES}:! ! --- Array::log() end -------------------------------------
20260610 010429.796 INFO             PET1       MODEL: Run extro {ES}:!--- FieldLog() end -------------------
20260610 010429.796 INFO             PET1       MODEL: Run extro {ES}:+-<item: 0002> <itemType: Field> <itemName: rsns>
20260610 010429.796 INFO             PET1       MODEL: Run extro {ES}:!--- FieldLog() start -----------------
20260610 010429.796 INFO             PET1       MODEL: Run extro {ES}:! <name: rsns> <fieldStatus: ESMF_FIELDSTATUS_COMPLETE>
20260610 010429.796 INFO             PET1       MODEL: Run extro {ES}:! 0x7ffda34e4188 => 0x55d64d0f8c10 => 0x55d64d0f8e50
20260610 010429.796 INFO             PET1       MODEL: Run extro {ES}:! <typekind: Real*8> <rank:    2> <dimCount:    2>
20260610 010429.796 INFO             PET1       MODEL: Run extro {ES}:! ! --- Array::log() start -----------------------------------
20260610 010429.796 INFO             PET1       MODEL: Run extro {ES}:! ! 0x55d64d0f9fe0
20260610 010429.796 INFO             PET1       MODEL: Run extro {ES}:! ! <name: rsns>
20260610 010429.796 INFO             PET1       MODEL: Run extro {ES}:! ! ! --- DistGrid::log() start --------------------------------
20260610 010429.796 INFO             PET1       MODEL: Run extro {ES}:! ! ! 0x55d64d0f0fc0
20260610 010429.796 INFO             PET1       MODEL: Run extro {ES}:! ! ! DistGrid object is valid!<name: DG-Grid004-sloc:0>
20260610 010429.796 INFO             PET1       MODEL: Run extro {ES}:! ! ! --- DistGrid::log() end ----------------------------------
20260610 010429.796 INFO             PET1       MODEL: Run extro {ES}:! ! --- Array::log() end -------------------------------------
20260610 010429.796 INFO             PET1       MODEL: Run extro {ES}:!--- FieldLog() end -------------------
20260610 010429.796 INFO             PET1       MODEL: Run extro {ES}:--- StateLog() end -------------------
20260610 010429.796 INFO             PET1     MODEL: Run extro.
20260610 010429.796 INFO             PET1     driver: RunSequence event loopLevel=   1  levelMember=   1  loopIteration=   4, current time:    0  1  1  0  1 30   0
20260610 010429.796 INFO             PET1     MODEL: Run intro.
20260610 010429.796 INFO             PET1       MODEL: Run intro {IS}:--- StateLog() start -----------------
20260610 010429.796 INFO             PET1       MODEL: Run intro {IS}:<name: MODEL-ImportState> <intent: ESMF_STATEINTENT_IMPORT> <itemCount:    0>
20260610 010429.796 INFO             PET1       MODEL: Run intro {IS}:--- StateLog() end -------------------
20260610 010429.797 INFO             PET1       MODEL: Run intro {ES}:--- StateLog() start -----------------
20260610 010429.797 INFO             PET1       MODEL: Run intro {ES}:<name: MODEL-ExportState> <intent: ESMF_STATEINTENT_EXPORT> <itemCount:    2>
20260610 010429.797 INFO             PET1       MODEL: Run intro {ES}:+-<item: 0001> <itemType: Field> <itemName: pmsl>
20260610 010429.797 INFO             PET1       MODEL: Run intro {ES}:!--- FieldLog() start -----------------
20260610 010429.797 INFO             PET1       MODEL: Run intro {ES}:! <name: pmsl> <fieldStatus: ESMF_FIELDSTATUS_COMPLETE>
20260610 010429.797 INFO             PET1       MODEL: Run intro {ES}:! 0x7ffda34e4228 => 0x55d64d0f5c60 => 0x55d64d0f5ea0
20260610 010429.797 INFO             PET1       MODEL: Run intro {ES}:! <typekind: Real*8> <rank:    2> <dimCount:    2>
20260610 010429.797 INFO             PET1       MODEL: Run intro {ES}:! ! --- Array::log() start -----------------------------------
20260610 010429.797 INFO             PET1       MODEL: Run intro {ES}:! ! 0x55d64d0f7110
20260610 010429.797 INFO             PET1       MODEL: Run intro {ES}:! ! <name: pmsl>
20260610 010429.797 INFO             PET1       MODEL: Run intro {ES}:! ! ! --- DistGrid::log() start --------------------------------
20260610 010429.797 INFO             PET1       MODEL: Run intro {ES}:! ! ! 0x55d64d0f0fc0
20260610 010429.797 INFO             PET1       MODEL: Run intro {ES}:! ! ! DistGrid object is valid!<name: DG-Grid004-sloc:0>
20260610 010429.797 INFO             PET1       MODEL: Run intro {ES}:! ! ! --- DistGrid::log() end ----------------------------------
20260610 010429.797 INFO             PET1       MODEL: Run intro {ES}:! ! --- Array::log() end -------------------------------------
20260610 010429.797 INFO             PET1       MODEL: Run intro {ES}:!--- FieldLog() end -------------------
20260610 010429.797 INFO             PET1       MODEL: Run intro {ES}:+-<item: 0002> <itemType: Field> <itemName: rsns>
20260610 010429.797 INFO             PET1       MODEL: Run intro {ES}:!--- FieldLog() start -----------------
20260610 010429.797 INFO             PET1       MODEL: Run intro {ES}:! <name: rsns> <fieldStatus: ESMF_FIELDSTATUS_COMPLETE>
20260610 010429.797 INFO             PET1       MODEL: Run intro {ES}:! 0x7ffda34e4228 => 0x55d64d0f8c10 => 0x55d64d0f8e50
20260610 010429.797 INFO             PET1       MODEL: Run intro {ES}:! <typekind: Real*8> <rank:    2> <dimCount:    2>
20260610 010429.797 INFO             PET1       MODEL: Run intro {ES}:! ! --- Array::log() start -----------------------------------
20260610 010429.797 INFO             PET1       MODEL: Run intro {ES}:! ! 0x55d64d0f9fe0
20260610 010429.797 INFO             PET1       MODEL: Run intro {ES}:! ! <name: rsns>
20260610 010429.797 INFO             PET1       MODEL: Run intro {ES}:! ! ! --- DistGrid::log() start --------------------------------
20260610 010429.797 INFO             PET1       MODEL: Run intro {ES}:! ! ! 0x55d64d0f0fc0
20260610 010429.797 INFO             PET1       MODEL: Run intro {ES}:! ! ! DistGrid object is valid!<name: DG-Grid004-sloc:0>
20260610 010429.797 INFO             PET1       MODEL: Run intro {ES}:! ! ! --- DistGrid::log() end ----------------------------------
20260610 010429.797 INFO             PET1       MODEL: Run intro {ES}:! ! --- Array::log() end -------------------------------------
20260610 010429.797 INFO             PET1       MODEL: Run intro {ES}:!--- FieldLog() end -------------------
20260610 010429.797 INFO             PET1       MODEL: Run intro {ES}:--- StateLog() end -------------------
20260610 010429.797 INFO             PET1       >>>MODEL: entered Run (phase=RunPhase1) with current time:    0  1  1  0  1 30   0
20260610 010429.797 INFO             PET1       MODEL: time step-loop starting, current time:    0  1  1  0  1 30   0
20260610 010429.797 INFO             PET1       thread_num=   0   currentSsiPe=  55   num_threads=   3   max_threads=   3   num_procs= 126
20260610 010429.797 INFO             PET1       thread_num=   2   currentSsiPe=  79   num_threads=   3   max_threads=   3   num_procs= 126
20260610 010429.797 INFO             PET1       thread_num=   1   currentSsiPe=  63   num_threads=   3   max_threads=   3   num_procs= 126
20260610 010429.797 INFO             PET1       ---->Advancing Model from:    0  1  1  0  1 30   0
20260610 010429.797 INFO             PET1       ---------------------> to:    0  1  1  0  2  0   0
20260610 010429.797 INFO             PET1       MODEL: time step-loop ending,   current time:    0  1  1  0  2  0   0
20260610 010429.797 INFO             PET1       <<<MODEL: leaving Run (phase=RunPhase1) with current time:    0  1  1  0  2  0   0
20260610 010429.797 INFO             PET1       MODEL: Run extro {IS}:--- StateLog() start -----------------
20260610 010429.797 INFO             PET1       MODEL: Run extro {IS}:<name: MODEL-ImportState> <intent: ESMF_STATEINTENT_IMPORT> <itemCount:    0>
20260610 010429.797 INFO             PET1       MODEL: Run extro {IS}:--- StateLog() end -------------------
20260610 010429.797 INFO             PET1       MODEL: Run extro {ES}:--- StateLog() start -----------------
20260610 010429.797 INFO             PET1       MODEL: Run extro {ES}:<name: MODEL-ExportState> <intent: ESMF_STATEINTENT_EXPORT> <itemCount:    2>
20260610 010429.797 INFO             PET1       MODEL: Run extro {ES}:+-<item: 0001> <itemType: Field> <itemName: pmsl>
20260610 010429.797 INFO             PET1       MODEL: Run extro {ES}:!--- FieldLog() start -----------------
20260610 010429.797 INFO             PET1       MODEL: Run extro {ES}:! <name: pmsl> <fieldStatus: ESMF_FIELDSTATUS_COMPLETE>
20260610 010429.797 INFO             PET1       MODEL: Run extro {ES}:! 0x7ffda34e4108 => 0x55d64d0f5c60 => 0x55d64d0f5ea0
20260610 010429.797 INFO             PET1       MODEL: Run extro {ES}:! <typekind: Real*8> <rank:    2> <dimCount:    2>
20260610 010429.798 INFO             PET1       MODEL: Run extro {ES}:! ! --- Array::log() start -----------------------------------
20260610 010429.798 INFO             PET1       MODEL: Run extro {ES}:! ! 0x55d64d0f7110
20260610 010429.798 INFO             PET1       MODEL: Run extro {ES}:! ! <name: pmsl>
20260610 010429.798 INFO             PET1       MODEL: Run extro {ES}:! ! ! --- DistGrid::log() start --------------------------------
20260610 010429.798 INFO             PET1       MODEL: Run extro {ES}:! ! ! 0x55d64d0f0fc0
20260610 010429.798 INFO             PET1       MODEL: Run extro {ES}:! ! ! DistGrid object is valid!<name: DG-Grid004-sloc:0>
20260610 010429.798 INFO             PET1       MODEL: Run extro {ES}:! ! ! --- DistGrid::log() end ----------------------------------
20260610 010429.798 INFO             PET1       MODEL: Run extro {ES}:! ! --- Array::log() end -------------------------------------
20260610 010429.798 INFO             PET1       MODEL: Run extro {ES}:!--- FieldLog() end -------------------
20260610 010429.798 INFO             PET1       MODEL: Run extro {ES}:+-<item: 0002> <itemType: Field> <itemName: rsns>
20260610 010429.798 INFO             PET1       MODEL: Run extro {ES}:!--- FieldLog() start -----------------
20260610 010429.798 INFO             PET1       MODEL: Run extro {ES}:! <name: rsns> <fieldStatus: ESMF_FIELDSTATUS_COMPLETE>
20260610 010429.798 INFO             PET1       MODEL: Run extro {ES}:! 0x7ffda34e4108 => 0x55d64d0f8c10 => 0x55d64d0f8e50
20260610 010429.798 INFO             PET1       MODEL: Run extro {ES}:! <typekind: Real*8> <rank:    2> <dimCount:    2>
20260610 010429.798 INFO             PET1       MODEL: Run extro {ES}:! ! --- Array::log() start -----------------------------------
20260610 010429.798 INFO             PET1       MODEL: Run extro {ES}:! ! 0x55d64d0f9fe0
20260610 010429.798 INFO             PET1       MODEL: Run extro {ES}:! ! <name: rsns>
20260610 010429.798 INFO             PET1       MODEL: Run extro {ES}:! ! ! --- DistGrid::log() start --------------------------------
20260610 010429.798 INFO             PET1       MODEL: Run extro {ES}:! ! ! 0x55d64d0f0fc0
20260610 010429.798 INFO             PET1       MODEL: Run extro {ES}:! ! ! DistGrid object is valid!<name: DG-Grid004-sloc:0>
20260610 010429.798 INFO             PET1       MODEL: Run extro {ES}:! ! ! --- DistGrid::log() end ----------------------------------
20260610 010429.798 INFO             PET1       MODEL: Run extro {ES}:! ! --- Array::log() end -------------------------------------
20260610 010429.798 INFO             PET1       MODEL: Run extro {ES}:!--- FieldLog() end -------------------
20260610 010429.798 INFO             PET1       MODEL: Run extro {ES}:--- StateLog() end -------------------
20260610 010429.798 INFO             PET1     MODEL: Run extro.
20260610 010429.798 INFO             PET1     driver: RunSequence event loopLevel=   1  levelMember=   1  loopIteration=   5, current time:    0  1  1  0  2  0   0
20260610 010429.798 INFO             PET1     MODEL: Run intro.
20260610 010429.798 INFO             PET1       MODEL: Run intro {IS}:--- StateLog() start -----------------
20260610 010429.798 INFO             PET1       MODEL: Run intro {IS}:<name: MODEL-ImportState> <intent: ESMF_STATEINTENT_IMPORT> <itemCount:    0>
20260610 010429.798 INFO             PET1       MODEL: Run intro {IS}:--- StateLog() end -------------------
20260610 010429.798 INFO             PET1       MODEL: Run intro {ES}:--- StateLog() start -----------------
20260610 010429.798 INFO             PET1       MODEL: Run intro {ES}:<name: MODEL-ExportState> <intent: ESMF_STATEINTENT_EXPORT> <itemCount:    2>
20260610 010429.798 INFO             PET1       MODEL: Run intro {ES}:+-<item: 0001> <itemType: Field> <itemName: pmsl>
20260610 010429.798 INFO             PET1       MODEL: Run intro {ES}:!--- FieldLog() start -----------------
20260610 010429.798 INFO             PET1       MODEL: Run intro {ES}:! <name: pmsl> <fieldStatus: ESMF_FIELDSTATUS_COMPLETE>
20260610 010429.798 INFO             PET1       MODEL: Run intro {ES}:! 0x7ffda34e41a8 => 0x55d64d0f5c60 => 0x55d64d0f5ea0
20260610 010429.798 INFO             PET1       MODEL: Run intro {ES}:! <typekind: Real*8> <rank:    2> <dimCount:    2>
20260610 010429.798 INFO             PET1       MODEL: Run intro {ES}:! ! --- Array::log() start -----------------------------------
20260610 010429.798 INFO             PET1       MODEL: Run intro {ES}:! ! 0x55d64d0f7110
20260610 010429.798 INFO             PET1       MODEL: Run intro {ES}:! ! <name: pmsl>
20260610 010429.798 INFO             PET1       MODEL: Run intro {ES}:! ! ! --- DistGrid::log() start --------------------------------
20260610 010429.798 INFO             PET1       MODEL: Run intro {ES}:! ! ! 0x55d64d0f0fc0
20260610 010429.798 INFO             PET1       MODEL: Run intro {ES}:! ! ! DistGrid object is valid!<name: DG-Grid004-sloc:0>
20260610 010429.798 INFO             PET1       MODEL: Run intro {ES}:! ! ! --- DistGrid::log() end ----------------------------------
20260610 010429.798 INFO             PET1       MODEL: Run intro {ES}:! ! --- Array::log() end -------------------------------------
20260610 010429.798 INFO             PET1       MODEL: Run intro {ES}:!--- FieldLog() end -------------------
20260610 010429.798 INFO             PET1       MODEL: Run intro {ES}:+-<item: 0002> <itemType: Field> <itemName: rsns>
20260610 010429.798 INFO             PET1       MODEL: Run intro {ES}:!--- FieldLog() start -----------------
20260610 010429.798 INFO             PET1       MODEL: Run intro {ES}:! <name: rsns> <fieldStatus: ESMF_FIELDSTATUS_COMPLETE>
20260610 010429.798 INFO             PET1       MODEL: Run intro {ES}:! 0x7ffda34e41a8 => 0x55d64d0f8c10 => 0x55d64d0f8e50
20260610 010429.799 INFO             PET1       MODEL: Run intro {ES}:! <typekind: Real*8> <rank:    2> <dimCount:    2>
20260610 010429.799 INFO             PET1       MODEL: Run intro {ES}:! ! --- Array::log() start -----------------------------------
20260610 010429.799 INFO             PET1       MODEL: Run intro {ES}:! ! 0x55d64d0f9fe0
20260610 010429.799 INFO             PET1       MODEL: Run intro {ES}:! ! <name: rsns>
20260610 010429.799 INFO             PET1       MODEL: Run intro {ES}:! ! ! --- DistGrid::log() start --------------------------------
20260610 010429.799 INFO             PET1       MODEL: Run intro {ES}:! ! ! 0x55d64d0f0fc0
20260610 010429.799 INFO             PET1       MODEL: Run intro {ES}:! ! ! DistGrid object is valid!<name: DG-Grid004-sloc:0>
20260610 010429.799 INFO             PET1       MODEL: Run intro {ES}:! ! ! --- DistGrid::log() end ----------------------------------
20260610 010429.799 INFO             PET1       MODEL: Run intro {ES}:! ! --- Array::log() end -------------------------------------
20260610 010429.799 INFO             PET1       MODEL: Run intro {ES}:!--- FieldLog() end -------------------
20260610 010429.799 INFO             PET1       MODEL: Run intro {ES}:--- StateLog() end -------------------
20260610 010429.799 INFO             PET1       >>>MODEL: entered Run (phase=RunPhase1) with current time:    0  1  1  0  2  0   0
20260610 010429.799 INFO             PET1       MODEL: time step-loop starting, current time:    0  1  1  0  2  0   0
20260610 010429.799 INFO             PET1       thread_num=   0   currentSsiPe=  55   num_threads=   3   max_threads=   3   num_procs= 126
20260610 010429.799 INFO             PET1       thread_num=   2   currentSsiPe=  79   num_threads=   3   max_threads=   3   num_procs= 126
20260610 010429.799 INFO             PET1       thread_num=   1   currentSsiPe=  63   num_threads=   3   max_threads=   3   num_procs= 126
20260610 010429.799 INFO             PET1       ---->Advancing Model from:    0  1  1  0  2  0   0
20260610 010429.799 INFO             PET1       ---------------------> to:    0  1  1  0  2 30   0
20260610 010429.799 INFO             PET1       MODEL: time step-loop ending,   current time:    0  1  1  0  2 30   0
20260610 010429.799 INFO             PET1       <<<MODEL: leaving Run (phase=RunPhase1) with current time:    0  1  1  0  2 30   0
20260610 010429.799 INFO             PET1       MODEL: Run extro {IS}:--- StateLog() start -----------------
20260610 010429.799 INFO             PET1       MODEL: Run extro {IS}:<name: MODEL-ImportState> <intent: ESMF_STATEINTENT_IMPORT> <itemCount:    0>
20260610 010429.799 INFO             PET1       MODEL: Run extro {IS}:--- StateLog() end -------------------
20260610 010429.799 INFO             PET1       MODEL: Run extro {ES}:--- StateLog() start -----------------
20260610 010429.799 INFO             PET1       MODEL: Run extro {ES}:<name: MODEL-ExportState> <intent: ESMF_STATEINTENT_EXPORT> <itemCount:    2>
20260610 010429.799 INFO             PET1       MODEL: Run extro {ES}:+-<item: 0001> <itemType: Field> <itemName: pmsl>
20260610 010429.799 INFO             PET1       MODEL: Run extro {ES}:!--- FieldLog() start -----------------
20260610 010429.799 INFO             PET1       MODEL: Run extro {ES}:! <name: pmsl> <fieldStatus: ESMF_FIELDSTATUS_COMPLETE>
20260610 010429.799 INFO             PET1       MODEL: Run extro {ES}:! 0x7ffda34e4088 => 0x55d64d0f5c60 => 0x55d64d0f5ea0
20260610 010429.799 INFO             PET1       MODEL: Run extro {ES}:! <typekind: Real*8> <rank:    2> <dimCount:    2>
20260610 010429.799 INFO             PET1       MODEL: Run extro {ES}:! ! --- Array::log() start -----------------------------------
20260610 010429.799 INFO             PET1       MODEL: Run extro {ES}:! ! 0x55d64d0f7110
20260610 010429.799 INFO             PET1       MODEL: Run extro {ES}:! ! <name: pmsl>
20260610 010429.799 INFO             PET1       MODEL: Run extro {ES}:! ! ! --- DistGrid::log() start --------------------------------
20260610 010429.799 INFO             PET1       MODEL: Run extro {ES}:! ! ! 0x55d64d0f0fc0
20260610 010429.799 INFO             PET1       MODEL: Run extro {ES}:! ! ! DistGrid object is valid!<name: DG-Grid004-sloc:0>
20260610 010429.799 INFO             PET1       MODEL: Run extro {ES}:! ! ! --- DistGrid::log() end ----------------------------------
20260610 010429.799 INFO             PET1       MODEL: Run extro {ES}:! ! --- Array::log() end -------------------------------------
20260610 010429.799 INFO             PET1       MODEL: Run extro {ES}:!--- FieldLog() end -------------------
20260610 010429.799 INFO             PET1       MODEL: Run extro {ES}:+-<item: 0002> <itemType: Field> <itemName: rsns>
20260610 010429.799 INFO             PET1       MODEL: Run extro {ES}:!--- FieldLog() start -----------------
20260610 010429.799 INFO             PET1       MODEL: Run extro {ES}:! <name: rsns> <fieldStatus: ESMF_FIELDSTATUS_COMPLETE>
20260610 010429.799 INFO             PET1       MODEL: Run extro {ES}:! 0x7ffda34e4088 => 0x55d64d0f8c10 => 0x55d64d0f8e50
20260610 010429.799 INFO             PET1       MODEL: Run extro {ES}:! <typekind: Real*8> <rank:    2> <dimCount:    2>
20260610 010429.799 INFO             PET1       MODEL: Run extro {ES}:! ! --- Array::log() start -----------------------------------
20260610 010429.799 INFO             PET1       MODEL: Run extro {ES}:! ! 0x55d64d0f9fe0
20260610 010429.799 INFO             PET1       MODEL: Run extro {ES}:! ! <name: rsns>
20260610 010429.799 INFO             PET1       MODEL: Run extro {ES}:! ! ! --- DistGrid::log() start --------------------------------
20260610 010429.799 INFO             PET1       MODEL: Run extro {ES}:! ! ! 0x55d64d0f0fc0
20260610 010429.799 INFO             PET1       MODEL: Run extro {ES}:! ! ! DistGrid object is valid!<name: DG-Grid004-sloc:0>
20260610 010429.799 INFO             PET1       MODEL: Run extro {ES}:! ! ! --- DistGrid::log() end ----------------------------------
20260610 010429.799 INFO             PET1       MODEL: Run extro {ES}:! ! --- Array::log() end -------------------------------------
20260610 010429.799 INFO             PET1       MODEL: Run extro {ES}:!--- FieldLog() end -------------------
20260610 010429.799 INFO             PET1       MODEL: Run extro {ES}:--- StateLog() end -------------------
20260610 010429.799 INFO             PET1     MODEL: Run extro.
20260610 010429.799 INFO             PET1   driver: end <--------- RunSequence
20260610 010429.799 INFO             PET1   <<<driver: leaving Run (phase=RunPhase1) with current time:    0  1  1  0  2 30   0
20260610 010429.799 INFO             PET1   driver: Run extro {IS}:--- StateLog() start -----------------
20260610 010429.799 INFO             PET1   driver: Run extro {IS}:State object is invalid! Not created or deleted!
20260610 010429.799 INFO             PET1   driver: Run extro {IS}:--- StateLog() end -------------------
20260610 010429.800 INFO             PET1   driver: Run extro {ES}:--- StateLog() start -----------------
20260610 010429.800 INFO             PET1   driver: Run extro {ES}:State object is invalid! Not created or deleted!
20260610 010429.800 INFO             PET1   driver: Run extro {ES}:--- StateLog() end -------------------
20260610 010429.800 INFO             PET1 driver: Run extro.
20260610 010429.800 INFO             PET1 driver: Finalize intro.
20260610 010429.800 INFO             PET1   driver: Finalize intro {IS}:--- StateLog() start -----------------
20260610 010429.800 INFO             PET1   driver: Finalize intro {IS}:State object is invalid! Not created or deleted!
20260610 010429.800 INFO             PET1   driver: Finalize intro {IS}:--- StateLog() end -------------------
20260610 010429.800 INFO             PET1   driver: Finalize intro {ES}:--- StateLog() start -----------------
20260610 010429.800 INFO             PET1   driver: Finalize intro {ES}:State object is invalid! Not created or deleted!
20260610 010429.800 INFO             PET1   driver: Finalize intro {ES}:--- StateLog() end -------------------
20260610 010429.800 INFO             PET1   >>>driver: entered Finalize (phase=FinalizePhase1) with current time:    0  1  1  0  2 30   0
20260610 010429.800 INFO             PET1   Calling Finalize phase 1 for modelComp: MODEL
20260610 010429.800 INFO             PET1   MODEL: Finalize intro.
20260610 010429.800 INFO             PET1     MODEL: Finalize intro {IS}:--- StateLog() start -----------------
20260610 010429.800 INFO             PET1     MODEL: Finalize intro {IS}:<name: MODEL-ImportState> <intent: ESMF_STATEINTENT_IMPORT> <itemCount:    0>
20260610 010429.800 INFO             PET1     MODEL: Finalize intro {IS}:--- StateLog() end -------------------
20260610 010429.800 INFO             PET1     MODEL: Finalize intro {ES}:--- StateLog() start -----------------
20260610 010429.800 INFO             PET1     MODEL: Finalize intro {ES}:<name: MODEL-ExportState> <intent: ESMF_STATEINTENT_EXPORT> <itemCount:    2>
20260610 010429.800 INFO             PET1     MODEL: Finalize intro {ES}:+-<item: 0001> <itemType: Field> <itemName: pmsl>
20260610 010429.800 INFO             PET1     MODEL: Finalize intro {ES}:!--- FieldLog() start -----------------
20260610 010429.800 INFO             PET1     MODEL: Finalize intro {ES}:! <name: pmsl> <fieldStatus: ESMF_FIELDSTATUS_COMPLETE>
20260610 010429.800 INFO             PET1     MODEL: Finalize intro {ES}:! 0x7ffda34e5808 => 0x55d64d0f5c60 => 0x55d64d0f5ea0
20260610 010429.800 INFO             PET1     MODEL: Finalize intro {ES}:! <typekind: Real*8> <rank:    2> <dimCount:    2>
20260610 010429.800 INFO             PET1     MODEL: Finalize intro {ES}:! ! --- Array::log() start -----------------------------------
20260610 010429.800 INFO             PET1     MODEL: Finalize intro {ES}:! ! 0x55d64d0f7110
20260610 010429.800 INFO             PET1     MODEL: Finalize intro {ES}:! ! <name: pmsl>
20260610 010429.800 INFO             PET1     MODEL: Finalize intro {ES}:! ! ! --- DistGrid::log() start --------------------------------
20260610 010429.800 INFO             PET1     MODEL: Finalize intro {ES}:! ! ! 0x55d64d0f0fc0
20260610 010429.800 INFO             PET1     MODEL: Finalize intro {ES}:! ! ! DistGrid object is valid!<name: DG-Grid004-sloc:0>
20260610 010429.800 INFO             PET1     MODEL: Finalize intro {ES}:! ! ! --- DistGrid::log() end ----------------------------------
20260610 010429.800 INFO             PET1     MODEL: Finalize intro {ES}:! ! --- Array::log() end -------------------------------------
20260610 010429.800 INFO             PET1     MODEL: Finalize intro {ES}:!--- FieldLog() end -------------------
20260610 010429.800 INFO             PET1     MODEL: Finalize intro {ES}:+-<item: 0002> <itemType: Field> <itemName: rsns>
20260610 010429.800 INFO             PET1     MODEL: Finalize intro {ES}:!--- FieldLog() start -----------------
20260610 010429.800 INFO             PET1     MODEL: Finalize intro {ES}:! <name: rsns> <fieldStatus: ESMF_FIELDSTATUS_COMPLETE>
20260610 010429.800 INFO             PET1     MODEL: Finalize intro {ES}:! 0x7ffda34e5808 => 0x55d64d0f8c10 => 0x55d64d0f8e50
20260610 010429.800 INFO             PET1     MODEL: Finalize intro {ES}:! <typekind: Real*8> <rank:    2> <dimCount:    2>
20260610 010429.800 INFO             PET1     MODEL: Finalize intro {ES}:! ! --- Array::log() start -----------------------------------
20260610 010429.800 INFO             PET1     MODEL: Finalize intro {ES}:! ! 0x55d64d0f9fe0
20260610 010429.801 INFO             PET1     MODEL: Finalize intro {ES}:! ! <name: rsns>
20260610 010429.801 INFO             PET1     MODEL: Finalize intro {ES}:! ! ! --- DistGrid::log() start --------------------------------
20260610 010429.801 INFO             PET1     MODEL: Finalize intro {ES}:! ! ! 0x55d64d0f0fc0
20260610 010429.801 INFO             PET1     MODEL: Finalize intro {ES}:! ! ! DistGrid object is valid!<name: DG-Grid004-sloc:0>
20260610 010429.801 INFO             PET1     MODEL: Finalize intro {ES}:! ! ! --- DistGrid::log() end ----------------------------------
20260610 010429.801 INFO             PET1     MODEL: Finalize intro {ES}:! ! --- Array::log() end -------------------------------------
20260610 010429.801 INFO             PET1     MODEL: Finalize intro {ES}:!--- FieldLog() end -------------------
20260610 010429.801 INFO             PET1     MODEL: Finalize intro {ES}:--- StateLog() end -------------------
20260610 010429.801 INFO             PET1     >>>MODEL: entered Finalize (phase=FinalizePhase1) with current time:    0  1  1  0  2 30   0
20260610 010429.801 INFO             PET1     <<<MODEL: leaving Finalize (phase=FinalizePhase1) with current time:    0  1  1  0  2 30   0
20260610 010429.801 INFO             PET1   MODEL: Finalize extro.
20260610 010429.801 INFO             PET1   Delete modelComp: MODEL
20260610 010429.801 INFO             PET1   Delete Import-/Export State for modelComp: MODEL
20260610 010429.801 INFO             PET1   <<<driver: leaving Finalize (phase=FinalizePhase1) with current time:    0  1  1  0  2 30   0
20260610 010429.801 INFO             PET1 driver: Finalize extro.
20260610 010429.801 INFO             PET1 mainApp FINISHED
20260610 010429.801 INFO             PET1  Finalizing ESMF
20260610 010429.736 INFO             PET2 !!!!!!!!!!!!!!!!!!!!!!!!!!!!!!!!!!!!!!!!!!!!!!!!!!!!!!
20260610 010429.736 INFO             PET2 !!! THE ESMF_LOG IS SET TO OUTPUT ALL LOG MESSAGES !!!
20260610 010429.736 INFO             PET2 !!!     THIS MAY CAUSE SLOWDOWN IN PERFORMANCE     !!!
20260610 010429.736 INFO             PET2 !!! FOR PRODUCTION RUNS, USE:                      !!!
20260610 010429.736 INFO             PET2 !!!                   ESMF_LOGKIND_Multi_On_Error  !!!
20260610 010429.736 INFO             PET2 !!!!!!!!!!!!!!!!!!!!!!!!!!!!!!!!!!!!!!!!!!!!!!!!!!!!!!
20260610 010429.736 INFO             PET2 Running with ESMF Version   : develop+ge382cba19b
20260610 010429.736 INFO             PET2 ESMF library build date/time: "Jun  9 2026" "22:53:00"
20260610 010429.736 INFO             PET2 ESMF library build location : /discover/nobackup/projects/gmao/SIteam/ESMF_Testing/llvm_22.1.0_mpich_g_develop/esmf
20260610 010429.736 INFO             PET2 ESMF_COMM                   : mpich
20260610 010429.736 INFO             PET2 ESMF_MOAB                   : enabled
20260610 010429.736 INFO             PET2 ESMF_LAPACK                 : enabled
20260610 010429.736 INFO             PET2 ESMF_NETCDF                 : disabled
20260610 010429.736 INFO             PET2 ESMF_PNETCDF                : disabled
20260610 010429.736 INFO             PET2 ESMF_PIO                    : disabled
20260610 010429.736 INFO             PET2 ESMF_YAMLCPP                : enabled
20260610 010429.737 INFO             PET2 mainApp STARTING
20260610 010429.746 INFO             PET2 driver: InitializeGeneric intro.
20260610 010429.746 INFO             PET2   driver: InitializeGeneric intro {IS}:--- StateLog() start -----------------
20260610 010429.746 INFO             PET2   driver: InitializeGeneric intro {IS}:State object is invalid! Not created or deleted!
20260610 010429.746 INFO             PET2   driver: InitializeGeneric intro {IS}:--- StateLog() end -------------------
20260610 010429.746 INFO             PET2   driver: InitializeGeneric intro {ES}:--- StateLog() start -----------------
20260610 010429.746 INFO             PET2   driver: InitializeGeneric intro {ES}:State object is invalid! Not created or deleted!
20260610 010429.746 INFO             PET2   driver: InitializeGeneric intro {ES}:--- StateLog() end -------------------
20260610 010429.746 INFO             PET2   >>>driver: entered Initialize (phase=<none>) without valid internal Clock.
20260610 010429.746 INFO             PET2   driver: InitializeP0 intro.
20260610 010429.746 INFO             PET2     driver: InitializeP0 intro {IS}:--- StateLog() start -----------------
20260610 010429.746 INFO             PET2     driver: InitializeP0 intro {IS}:State object is invalid! Not created or deleted!
20260610 010429.746 INFO             PET2     driver: InitializeP0 intro {IS}:--- StateLog() end -------------------
20260610 010429.746 INFO             PET2     driver: InitializeP0 intro {ES}:--- StateLog() start -----------------
20260610 010429.746 INFO             PET2     driver: InitializeP0 intro {ES}:State object is invalid! Not created or deleted!
20260610 010429.746 INFO             PET2     driver: InitializeP0 intro {ES}:--- StateLog() end -------------------
20260610 010429.746 INFO             PET2     >>>driver: entered Initialize (phase=<none>) without valid internal Clock.
20260610 010429.746 INFO             PET2     <<<driver: leaving Initialize (phase=<none>) without valid internal Clock.
20260610 010429.746 INFO             PET2     driver: InitializeP0 extro {IS}:--- StateLog() start -----------------
20260610 010429.746 INFO             PET2     driver: InitializeP0 extro {IS}:State object is invalid! Not created or deleted!
20260610 010429.746 INFO             PET2     driver: InitializeP0 extro {IS}:--- StateLog() end -------------------
20260610 010429.746 INFO             PET2     driver: InitializeP0 extro {ES}:--- StateLog() start -----------------
20260610 010429.746 INFO             PET2     driver: InitializeP0 extro {ES}:State object is invalid! Not created or deleted!
20260610 010429.746 INFO             PET2     driver: InitializeP0 extro {ES}:--- StateLog() end -------------------
20260610 010429.746 INFO             PET2   driver: InitializeP0 extro.
20260610 010429.747 INFO             PET2   driver: InitializeIPDv02p1 intro.
20260610 010429.747 INFO             PET2     driver: InitializeIPDv02p1 intro {IS}:--- StateLog() start -----------------
20260610 010429.747 INFO             PET2     driver: InitializeIPDv02p1 intro {IS}:State object is invalid! Not created or deleted!
20260610 010429.747 INFO             PET2     driver: InitializeIPDv02p1 intro {IS}:--- StateLog() end -------------------
20260610 010429.747 INFO             PET2     driver: InitializeIPDv02p1 intro {ES}:--- StateLog() start -----------------
20260610 010429.747 INFO             PET2     driver: InitializeIPDv02p1 intro {ES}:State object is invalid! Not created or deleted!
20260610 010429.747 INFO             PET2     driver: InitializeIPDv02p1 intro {ES}:--- StateLog() end -------------------
20260610 010429.747 INFO             PET2     >>>driver: entered Initialize (phase=<none>) without valid internal Clock.
20260610 010429.747 INFO             PET2     driver - Creating model component MODEL without petList.
20260610 010429.750 INFO             PET2      GridCompIsPetLocal:  T
20260610 010429.750 INFO             PET2      VmIsCreated:  T
20260610 010429.750 INFO             PET2      valid MPI_COMM with size= 4
20260610 010429.751 INFO             PET2     driver - Creating state: modelComp 1 Import State
20260610 010429.751 INFO             PET2     driver - Creating state: modelComp 1 Export State
20260610 010429.752 INFO             PET2     MODEL: InitializeP0 intro.
20260610 010429.752 INFO             PET2       MODEL: InitializeP0 intro {IS}:--- StateLog() start -----------------
20260610 010429.752 INFO             PET2       MODEL: InitializeP0 intro {IS}:<name: MODEL-ImportState> <intent: ESMF_STATEINTENT_IMPORT> <itemCount:    0>
20260610 010429.752 INFO             PET2       MODEL: InitializeP0 intro {IS}:--- StateLog() end -------------------
20260610 010429.752 INFO             PET2       MODEL: InitializeP0 intro {ES}:--- StateLog() start -----------------
20260610 010429.752 INFO             PET2       MODEL: InitializeP0 intro {ES}:<name: MODEL-ExportState> <intent: ESMF_STATEINTENT_EXPORT> <itemCount:    0>
20260610 010429.752 INFO             PET2       MODEL: InitializeP0 intro {ES}:--- StateLog() end -------------------
20260610 010429.753 INFO             PET2       >>>MODEL: entered Initialize (phase=<none>) without valid internal Clock.
20260610 010429.754 INFO             PET2       <<<MODEL: leaving Initialize (phase=<none>) without valid internal Clock.
20260610 010429.754 INFO             PET2       MODEL: InitializeP0 extro {IS}:--- StateLog() start -----------------
20260610 010429.754 INFO             PET2       MODEL: InitializeP0 extro {IS}:<name: MODEL-ImportState> <intent: ESMF_STATEINTENT_IMPORT> <itemCount:    0>
20260610 010429.754 INFO             PET2       MODEL: InitializeP0 extro {IS}:--- StateLog() end -------------------
20260610 010429.754 INFO             PET2       MODEL: InitializeP0 extro {ES}:--- StateLog() start -----------------
20260610 010429.754 INFO             PET2       MODEL: InitializeP0 extro {ES}:<name: MODEL-ExportState> <intent: ESMF_STATEINTENT_EXPORT> <itemCount:    0>
20260610 010429.754 INFO             PET2       MODEL: InitializeP0 extro {ES}:--- StateLog() end -------------------
20260610 010429.754 INFO             PET2     MODEL: InitializeP0 extro.
20260610 010429.756 INFO             PET2     driver: IInitAdvertise intro.
20260610 010429.756 INFO             PET2       driver: IInitAdvertise intro {IS}:--- StateLog() start -----------------
20260610 010429.756 INFO             PET2       driver: IInitAdvertise intro {IS}:State object is invalid! Not created or deleted!
20260610 010429.756 INFO             PET2       driver: IInitAdvertise intro {IS}:--- StateLog() end -------------------
20260610 010429.756 INFO             PET2       driver: IInitAdvertise intro {ES}:--- StateLog() start -----------------
20260610 010429.756 INFO             PET2       driver: IInitAdvertise intro {ES}:State object is invalid! Not created or deleted!
20260610 010429.756 INFO             PET2       driver: IInitAdvertise intro {ES}:--- StateLog() end -------------------
20260610 010429.756 INFO             PET2       >>>driver: entered Initialize (phase=<none>) with current time:    0  1  1  0  0  0   0
20260610 010429.756 INFO             PET2       <<<driver: leaving Initialize (phase=<none>) with current time:    0  1  1  0  0  0   0
20260610 010429.756 INFO             PET2       driver: IInitAdvertise extro {IS}:--- StateLog() start -----------------
20260610 010429.756 INFO             PET2       driver: IInitAdvertise extro {IS}:State object is invalid! Not created or deleted!
20260610 010429.756 INFO             PET2       driver: IInitAdvertise extro {IS}:--- StateLog() end -------------------
20260610 010429.756 INFO             PET2       driver: IInitAdvertise extro {ES}:--- StateLog() start -----------------
20260610 010429.756 INFO             PET2       driver: IInitAdvertise extro {ES}:State object is invalid! Not created or deleted!
20260610 010429.756 INFO             PET2       driver: IInitAdvertise extro {ES}:--- StateLog() end -------------------
20260610 010429.757 INFO             PET2     driver: IInitAdvertise extro.
20260610 010429.757 INFO             PET2     MODEL: InitializeIPDvXp01 intro.
20260610 010429.757 INFO             PET2       MODEL: InitializeIPDvXp01 intro {IS}:--- StateLog() start -----------------
20260610 010429.757 INFO             PET2       MODEL: InitializeIPDvXp01 intro {IS}:<name: MODEL-ImportState> <intent: ESMF_STATEINTENT_IMPORT> <itemCount:    0>
20260610 010429.757 INFO             PET2       MODEL: InitializeIPDvXp01 intro {IS}:--- StateLog() end -------------------
20260610 010429.757 INFO             PET2       MODEL: InitializeIPDvXp01 intro {ES}:--- StateLog() start -----------------
20260610 010429.757 INFO             PET2       MODEL: InitializeIPDvXp01 intro {ES}:<name: MODEL-ExportState> <intent: ESMF_STATEINTENT_EXPORT> <itemCount:    0>
20260610 010429.757 INFO             PET2       MODEL: InitializeIPDvXp01 intro {ES}:--- StateLog() end -------------------
20260610 010429.757 INFO             PET2       >>>MODEL: entered Initialize (phase=IPDvXp01) without valid internal Clock.
20260610 010429.759 INFO             PET2       <<<MODEL: leaving Initialize (phase=IPDvXp01) without valid internal Clock.
20260610 010429.760 INFO             PET2       MODEL: InitializeIPDvXp01 extro {IS}:--- StateLog() start -----------------
20260610 010429.760 INFO             PET2       MODEL: InitializeIPDvXp01 extro {IS}:<name: MODEL-ImportState> <intent: ESMF_STATEINTENT_IMPORT> <itemCount:    0>
20260610 010429.760 INFO             PET2       MODEL: InitializeIPDvXp01 extro {IS}:--- StateLog() end -------------------
20260610 010429.760 INFO             PET2       MODEL: InitializeIPDvXp01 extro {ES}:--- StateLog() start -----------------
20260610 010429.760 INFO             PET2       MODEL: InitializeIPDvXp01 extro {ES}:<name: MODEL-ExportState> <intent: ESMF_STATEINTENT_EXPORT> <itemCount:    2>
20260610 010429.760 INFO             PET2       MODEL: InitializeIPDvXp01 extro {ES}:+-<item: 0001> <itemType: Field> <itemName: pmsl>
20260610 010429.760 INFO             PET2       MODEL: InitializeIPDvXp01 extro {ES}:!--- FieldLog() start -----------------
20260610 010429.760 INFO             PET2       MODEL: InitializeIPDvXp01 extro {ES}:! <name: pmsl> <fieldStatus: ESMF_FIELDSTATUS_EMPTY>
20260610 010429.760 INFO             PET2       MODEL: InitializeIPDvXp01 extro {ES}:! 0x7ffcf24bc408 => 0x55f6d5267e80 => 0x55f6d526e500
20260610 010429.760 INFO             PET2       MODEL: InitializeIPDvXp01 extro {ES}:!--- FieldLog() end -------------------
20260610 010429.760 INFO             PET2       MODEL: InitializeIPDvXp01 extro {ES}:+-<item: 0002> <itemType: Field> <itemName: rsns>
20260610 010429.760 INFO             PET2       MODEL: InitializeIPDvXp01 extro {ES}:!--- FieldLog() start -----------------
20260610 010429.760 INFO             PET2       MODEL: InitializeIPDvXp01 extro {ES}:! <name: rsns> <fieldStatus: ESMF_FIELDSTATUS_EMPTY>
20260610 010429.760 INFO             PET2       MODEL: InitializeIPDvXp01 extro {ES}:! 0x7ffcf24bc408 => 0x55f6d5272670 => 0x55f6d52728b0
20260610 010429.760 INFO             PET2       MODEL: InitializeIPDvXp01 extro {ES}:!--- FieldLog() end -------------------
20260610 010429.760 INFO             PET2       MODEL: InitializeIPDvXp01 extro {ES}:--- StateLog() end -------------------
20260610 010429.760 INFO             PET2     MODEL: InitializeIPDvXp01 extro.
20260610 010429.761 INFO             PET2     driver: IInitAdvertiseFinish intro.
20260610 010429.761 INFO             PET2       driver: IInitAdvertiseFinish intro {IS}:--- StateLog() start -----------------
20260610 010429.761 INFO             PET2       driver: IInitAdvertiseFinish intro {IS}:State object is invalid! Not created or deleted!
20260610 010429.761 INFO             PET2       driver: IInitAdvertiseFinish intro {IS}:--- StateLog() end -------------------
20260610 010429.761 INFO             PET2       driver: IInitAdvertiseFinish intro {ES}:--- StateLog() start -----------------
20260610 010429.761 INFO             PET2       driver: IInitAdvertiseFinish intro {ES}:State object is invalid! Not created or deleted!
20260610 010429.761 INFO             PET2       driver: IInitAdvertiseFinish intro {ES}:--- StateLog() end -------------------
20260610 010429.761 INFO             PET2       >>>driver: entered Initialize (phase=<none>) with current time:    0  1  1  0  0  0   0
20260610 010429.761 INFO             PET2       <<<driver: leaving Initialize (phase=<none>) with current time:    0  1  1  0  0  0   0
20260610 010429.761 INFO             PET2       driver: IInitAdvertiseFinish extro {IS}:--- StateLog() start -----------------
20260610 010429.761 INFO             PET2       driver: IInitAdvertiseFinish extro {IS}:State object is invalid! Not created or deleted!
20260610 010429.761 INFO             PET2       driver: IInitAdvertiseFinish extro {IS}:--- StateLog() end -------------------
20260610 010429.761 INFO             PET2       driver: IInitAdvertiseFinish extro {ES}:--- StateLog() start -----------------
20260610 010429.761 INFO             PET2       driver: IInitAdvertiseFinish extro {ES}:State object is invalid! Not created or deleted!
20260610 010429.761 INFO             PET2       driver: IInitAdvertiseFinish extro {ES}:--- StateLog() end -------------------
20260610 010429.761 INFO             PET2     driver: IInitAdvertiseFinish extro.
20260610 010429.761 INFO             PET2     driver: IInitModifyCplLists intro.
20260610 010429.761 INFO             PET2       driver: IInitModifyCplLists intro {IS}:--- StateLog() start -----------------
20260610 010429.761 INFO             PET2       driver: IInitModifyCplLists intro {IS}:State object is invalid! Not created or deleted!
20260610 010429.761 INFO             PET2       driver: IInitModifyCplLists intro {IS}:--- StateLog() end -------------------
20260610 010429.761 INFO             PET2       driver: IInitModifyCplLists intro {ES}:--- StateLog() start -----------------
20260610 010429.762 INFO             PET2       driver: IInitModifyCplLists intro {ES}:State object is invalid! Not created or deleted!
20260610 010429.762 INFO             PET2       driver: IInitModifyCplLists intro {ES}:--- StateLog() end -------------------
20260610 010429.762 INFO             PET2       >>>driver: entered Initialize (phase=<none>) with current time:    0  1  1  0  0  0   0
20260610 010429.762 INFO             PET2       <<<driver: leaving Initialize (phase=<none>) with current time:    0  1  1  0  0  0   0
20260610 010429.762 INFO             PET2       driver: IInitModifyCplLists extro {IS}:--- StateLog() start -----------------
20260610 010429.762 INFO             PET2       driver: IInitModifyCplLists extro {IS}:State object is invalid! Not created or deleted!
20260610 010429.762 INFO             PET2       driver: IInitModifyCplLists extro {IS}:--- StateLog() end -------------------
20260610 010429.762 INFO             PET2       driver: IInitModifyCplLists extro {ES}:--- StateLog() start -----------------
20260610 010429.762 INFO             PET2       driver: IInitModifyCplLists extro {ES}:State object is invalid! Not created or deleted!
20260610 010429.762 INFO             PET2       driver: IInitModifyCplLists extro {ES}:--- StateLog() end -------------------
20260610 010429.762 INFO             PET2     driver: IInitModifyCplLists extro.
20260610 010429.762 INFO             PET2     <<<driver: leaving Initialize (phase=<none>) with current time:    0  1  1  0  0  0   0
20260610 010429.762 INFO             PET2     driver: InitializeIPDv02p1 extro {IS}:--- StateLog() start -----------------
20260610 010429.762 INFO             PET2     driver: InitializeIPDv02p1 extro {IS}:State object is invalid! Not created or deleted!
20260610 010429.762 INFO             PET2     driver: InitializeIPDv02p1 extro {IS}:--- StateLog() end -------------------
20260610 010429.762 INFO             PET2     driver: InitializeIPDv02p1 extro {ES}:--- StateLog() start -----------------
20260610 010429.762 INFO             PET2     driver: InitializeIPDv02p1 extro {ES}:State object is invalid! Not created or deleted!
20260610 010429.762 INFO             PET2     driver: InitializeIPDv02p1 extro {ES}:--- StateLog() end -------------------
20260610 010429.762 INFO             PET2   driver: InitializeIPDv02p1 extro.
20260610 010429.762 INFO             PET2   driver: InitializeIPDv02p3 intro.
20260610 010429.762 INFO             PET2     driver: InitializeIPDv02p3 intro {IS}:--- StateLog() start -----------------
20260610 010429.762 INFO             PET2     driver: InitializeIPDv02p3 intro {IS}:State object is invalid! Not created or deleted!
20260610 010429.762 INFO             PET2     driver: InitializeIPDv02p3 intro {IS}:--- StateLog() end -------------------
20260610 010429.762 INFO             PET2     driver: InitializeIPDv02p3 intro {ES}:--- StateLog() start -----------------
20260610 010429.762 INFO             PET2     driver: InitializeIPDv02p3 intro {ES}:State object is invalid! Not created or deleted!
20260610 010429.762 INFO             PET2     driver: InitializeIPDv02p3 intro {ES}:--- StateLog() end -------------------
20260610 010429.762 INFO             PET2     >>>driver: entered Initialize (phase=<none>) with current time:    0  1  1  0  0  0   0
20260610 010429.763 INFO             PET2     driver: IInitCheck intro.
20260610 010429.763 INFO             PET2       driver: IInitCheck intro {IS}:--- StateLog() start -----------------
20260610 010429.763 INFO             PET2       driver: IInitCheck intro {IS}:State object is invalid! Not created or deleted!
20260610 010429.763 INFO             PET2       driver: IInitCheck intro {IS}:--- StateLog() end -------------------
20260610 010429.763 INFO             PET2       driver: IInitCheck intro {ES}:--- StateLog() start -----------------
20260610 010429.763 INFO             PET2       driver: IInitCheck intro {ES}:State object is invalid! Not created or deleted!
20260610 010429.763 INFO             PET2       driver: IInitCheck intro {ES}:--- StateLog() end -------------------
20260610 010429.763 INFO             PET2       >>>driver: entered Initialize (phase=<none>) with current time:    0  1  1  0  0  0   0
20260610 010429.763 INFO             PET2       <<<driver: leaving Initialize (phase=<none>) with current time:    0  1  1  0  0  0   0
20260610 010429.763 INFO             PET2       driver: IInitCheck extro {IS}:--- StateLog() start -----------------
20260610 010429.763 INFO             PET2       driver: IInitCheck extro {IS}:State object is invalid! Not created or deleted!
20260610 010429.763 INFO             PET2       driver: IInitCheck extro {IS}:--- StateLog() end -------------------
20260610 010429.763 INFO             PET2       driver: IInitCheck extro {ES}:--- StateLog() start -----------------
20260610 010429.763 INFO             PET2       driver: IInitCheck extro {ES}:State object is invalid! Not created or deleted!
20260610 010429.763 INFO             PET2       driver: IInitCheck extro {ES}:--- StateLog() end -------------------
20260610 010429.763 INFO             PET2     driver: IInitCheck extro.
20260610 010429.763 INFO             PET2     MODEL: InitializeIPDvXp04 intro.
20260610 010429.763 INFO             PET2       MODEL: InitializeIPDvXp04 intro {IS}:--- StateLog() start -----------------
20260610 010429.763 INFO             PET2       MODEL: InitializeIPDvXp04 intro {IS}:<name: MODEL-ImportState> <intent: ESMF_STATEINTENT_IMPORT> <itemCount:    0>
20260610 010429.763 INFO             PET2       MODEL: InitializeIPDvXp04 intro {IS}:--- StateLog() end -------------------
20260610 010429.763 INFO             PET2       MODEL: InitializeIPDvXp04 intro {ES}:--- StateLog() start -----------------
20260610 010429.763 INFO             PET2       MODEL: InitializeIPDvXp04 intro {ES}:<name: MODEL-ExportState> <intent: ESMF_STATEINTENT_EXPORT> <itemCount:    2>
20260610 010429.763 INFO             PET2       MODEL: InitializeIPDvXp04 intro {ES}:+-<item: 0001> <itemType: Field> <itemName: pmsl>
20260610 010429.763 INFO             PET2       MODEL: InitializeIPDvXp04 intro {ES}:!--- FieldLog() start -----------------
20260610 010429.763 INFO             PET2       MODEL: InitializeIPDvXp04 intro {ES}:! <name: pmsl> <fieldStatus: ESMF_FIELDSTATUS_EMPTY>
20260610 010429.763 INFO             PET2       MODEL: InitializeIPDvXp04 intro {ES}:! 0x7ffcf24c4aa8 => 0x55f6d5267e80 => 0x55f6d526e500
20260610 010429.763 INFO             PET2       MODEL: InitializeIPDvXp04 intro {ES}:!--- FieldLog() end -------------------
20260610 010429.763 INFO             PET2       MODEL: InitializeIPDvXp04 intro {ES}:+-<item: 0002> <itemType: Field> <itemName: rsns>
20260610 010429.763 INFO             PET2       MODEL: InitializeIPDvXp04 intro {ES}:!--- FieldLog() start -----------------
20260610 010429.763 INFO             PET2       MODEL: InitializeIPDvXp04 intro {ES}:! <name: rsns> <fieldStatus: ESMF_FIELDSTATUS_EMPTY>
20260610 010429.763 INFO             PET2       MODEL: InitializeIPDvXp04 intro {ES}:! 0x7ffcf24c4aa8 => 0x55f6d5272670 => 0x55f6d52728b0
20260610 010429.763 INFO             PET2       MODEL: InitializeIPDvXp04 intro {ES}:!--- FieldLog() end -------------------
20260610 010429.763 INFO             PET2       MODEL: InitializeIPDvXp04 intro {ES}:--- StateLog() end -------------------
20260610 010429.763 INFO             PET2       >>>MODEL: entered Initialize (phase=IPDvXp04) without valid internal Clock.
20260610 010429.769 INFO             PET2       After Realize: - MemInfo: [/proc/meminfo - SSI]	MemTotal:       528065912 kB
20260610 010429.769 INFO             PET2       After Realize: - MemInfo: [/proc/meminfo - SSI]	MemFree:        449998464 kB
20260610 010429.769 INFO             PET2       After Realize: - MemInfo: [/proc/meminfo - SSI]	MemAvailable:   457027248 kB
20260610 010429.769 INFO             PET2       After Realize: - MemInfo: [/proc/meminfo - SSI]	Committed_AS:   13138224 kB
20260610 010429.769 INFO             PET2       After Realize: - MemInfo: [/proc/meminfo - SSI]	CommittedPercent: 2.48799 %
20260610 010429.769 INFO             PET2       After Realize: - MemInfo: [/proc/self/status]	VmPeak:	  190264 kB
20260610 010429.769 INFO             PET2       After Realize: - MemInfo: [/proc/self/status]	VmSize:	  190264 kB
20260610 010429.769 INFO             PET2       After Realize: - MemInfo: [/proc/self/status]	VmLck:	       0 kB
20260610 010429.769 INFO             PET2       After Realize: - MemInfo: [/proc/self/status]	VmPin:	   35072 kB
20260610 010429.769 INFO             PET2       After Realize: - MemInfo: [/proc/self/status]	VmHWM:	   89000 kB
20260610 010429.769 INFO             PET2       After Realize: - MemInfo: [/proc/self/status]	VmRSS:	   89000 kB
20260610 010429.769 INFO             PET2       After Realize: - MemInfo: [/proc/self/status]	VmData:	   85948 kB
20260610 010429.769 INFO             PET2       After Realize: - MemInfo: [/proc/self/status]	VmStk:	     220 kB
20260610 010429.769 INFO             PET2       After Realize: - MemInfo: [/proc/self/status]	VmExe:	    3060 kB
20260610 010429.769 INFO             PET2       After Realize: - MemInfo: [/proc/self/status]	VmLib:	   77500 kB
20260610 010429.769 INFO             PET2       After Realize: - MemInfo: [/proc/self/status]	VmPTE:	     384 kB
20260610 010429.769 INFO             PET2       After Realize: - MemInfo: [/proc/self/status]	VmSwap:	       0 kB
20260610 010429.769 INFO             PET2       After Realize: - MemInfo: [/proc/self/status]	VmRSSPercent: 0.016854 %
20260610 010429.769 INFO             PET2       After Realize: - MemInfo: [malloc] Non-mmapped space allocated:                 8478720 Byte
20260610 010429.769 INFO             PET2       After Realize: - MemInfo: [malloc] Space allocated in mmapped regions:         69586944 Byte
20260610 010429.769 INFO             PET2       After Realize: - MemInfo: [malloc] Maximum total allocated space:                     0 Byte
20260610 010429.769 INFO             PET2       After Realize: - MemInfo: [malloc] Space in freed fastbin blocks:                   544 Byte
20260610 010429.769 INFO             PET2       After Realize: - MemInfo: [malloc] Total allocated space:                       8369840 Byte
20260610 010429.769 INFO             PET2       After Realize: - MemInfo: [malloc] Total free space:                             108880 Byte
20260610 010429.769 INFO             PET2       After Realize: - MemInfo: [malloc] Top-most, releasable space:                   108336 Byte
20260610 010429.769 INFO             PET2       After Realize: - MemInfo: [malloc] Total space in use, mmap + non-mmap:        77956784 Byte
20260610 010429.769 INFO             PET2       After Realize: - MemInfo: [malloc] Total space held (mmap + non-mmap):         78065664 Byte
20260610 010429.769 INFO             PET2       After Realize: - MemInfo: [malloc] Total space used (mmap + non-mmap):         77964992 Byte
20260610 010429.769 INFO             PET2       After Realize: - MemInfo: Wall-clock time since execution start:              0.0372063 seconds
20260610 010429.769 INFO             PET2       <<<MODEL: leaving Initialize (phase=IPDvXp04) without valid internal Clock.
20260610 010429.769 INFO             PET2       MODEL: InitializeIPDvXp04 extro {IS}:--- StateLog() start -----------------
20260610 010429.769 INFO             PET2       MODEL: InitializeIPDvXp04 extro {IS}:<name: MODEL-ImportState> <intent: ESMF_STATEINTENT_IMPORT> <itemCount:    0>
20260610 010429.769 INFO             PET2       MODEL: InitializeIPDvXp04 extro {IS}:--- StateLog() end -------------------
20260610 010429.769 INFO             PET2       MODEL: InitializeIPDvXp04 extro {ES}:--- StateLog() start -----------------
20260610 010429.769 INFO             PET2       MODEL: InitializeIPDvXp04 extro {ES}:<name: MODEL-ExportState> <intent: ESMF_STATEINTENT_EXPORT> <itemCount:    2>
20260610 010429.769 INFO             PET2       MODEL: InitializeIPDvXp04 extro {ES}:+-<item: 0001> <itemType: Field> <itemName: pmsl>
20260610 010429.769 INFO             PET2       MODEL: InitializeIPDvXp04 extro {ES}:!--- FieldLog() start -----------------
20260610 010429.769 INFO             PET2       MODEL: InitializeIPDvXp04 extro {ES}:! <name: pmsl> <fieldStatus: ESMF_FIELDSTATUS_COMPLETE>
20260610 010429.769 INFO             PET2       MODEL: InitializeIPDvXp04 extro {ES}:! 0x7ffcf24c5378 => 0x55f6d5288c80 => 0x55f6d5288ec0
20260610 010429.769 INFO             PET2       MODEL: InitializeIPDvXp04 extro {ES}:! <typekind: Real*8> <rank:    2> <dimCount:    2>
20260610 010429.769 INFO             PET2       MODEL: InitializeIPDvXp04 extro {ES}:! ! --- Array::log() start -----------------------------------
20260610 010429.770 INFO             PET2       MODEL: InitializeIPDvXp04 extro {ES}:! ! 0x55f6d5289e10
20260610 010429.770 INFO             PET2       MODEL: InitializeIPDvXp04 extro {ES}:! ! <name: pmsl>
20260610 010429.770 INFO             PET2       MODEL: InitializeIPDvXp04 extro {ES}:! ! ! --- DistGrid::log() start --------------------------------
20260610 010429.770 INFO             PET2       MODEL: InitializeIPDvXp04 extro {ES}:! ! ! 0x55f6d5283fc0
20260610 010429.770 INFO             PET2       MODEL: InitializeIPDvXp04 extro {ES}:! ! ! DistGrid object is valid!<name: DG-Grid004-sloc:0>
20260610 010429.770 INFO             PET2       MODEL: InitializeIPDvXp04 extro {ES}:! ! ! --- DistGrid::log() end ----------------------------------
20260610 010429.770 INFO             PET2       MODEL: InitializeIPDvXp04 extro {ES}:! ! --- Array::log() end -------------------------------------
20260610 010429.770 INFO             PET2       MODEL: InitializeIPDvXp04 extro {ES}:!--- FieldLog() end -------------------
20260610 010429.770 INFO             PET2       MODEL: InitializeIPDvXp04 extro {ES}:+-<item: 0002> <itemType: Field> <itemName: rsns>
20260610 010429.770 INFO             PET2       MODEL: InitializeIPDvXp04 extro {ES}:!--- FieldLog() start -----------------
20260610 010429.770 INFO             PET2       MODEL: InitializeIPDvXp04 extro {ES}:! <name: rsns> <fieldStatus: ESMF_FIELDSTATUS_COMPLETE>
20260610 010429.770 INFO             PET2       MODEL: InitializeIPDvXp04 extro {ES}:! 0x7ffcf24c5378 => 0x55f6d528b8f0 => 0x55f6d528bb30
20260610 010429.770 INFO             PET2       MODEL: InitializeIPDvXp04 extro {ES}:! <typekind: Real*8> <rank:    2> <dimCount:    2>
20260610 010429.770 INFO             PET2       MODEL: InitializeIPDvXp04 extro {ES}:! ! --- Array::log() start -----------------------------------
20260610 010429.770 INFO             PET2       MODEL: InitializeIPDvXp04 extro {ES}:! ! 0x55f6d528c9a0
20260610 010429.770 INFO             PET2       MODEL: InitializeIPDvXp04 extro {ES}:! ! <name: rsns>
20260610 010429.770 INFO             PET2       MODEL: InitializeIPDvXp04 extro {ES}:! ! ! --- DistGrid::log() start --------------------------------
20260610 010429.770 INFO             PET2       MODEL: InitializeIPDvXp04 extro {ES}:! ! ! 0x55f6d5283fc0
20260610 010429.770 INFO             PET2       MODEL: InitializeIPDvXp04 extro {ES}:! ! ! DistGrid object is valid!<name: DG-Grid004-sloc:0>
20260610 010429.770 INFO             PET2       MODEL: InitializeIPDvXp04 extro {ES}:! ! ! --- DistGrid::log() end ----------------------------------
20260610 010429.770 INFO             PET2       MODEL: InitializeIPDvXp04 extro {ES}:! ! --- Array::log() end -------------------------------------
20260610 010429.770 INFO             PET2       MODEL: InitializeIPDvXp04 extro {ES}:!--- FieldLog() end -------------------
20260610 010429.770 INFO             PET2       MODEL: InitializeIPDvXp04 extro {ES}:--- StateLog() end -------------------
20260610 010429.770 INFO             PET2     MODEL: InitializeIPDvXp04 extro.
20260610 010429.771 INFO             PET2     driver: IInitRealize intro.
20260610 010429.771 INFO             PET2       driver: IInitRealize intro {IS}:--- StateLog() start -----------------
20260610 010429.771 INFO             PET2       driver: IInitRealize intro {IS}:State object is invalid! Not created or deleted!
20260610 010429.771 INFO             PET2       driver: IInitRealize intro {IS}:--- StateLog() end -------------------
20260610 010429.771 INFO             PET2       driver: IInitRealize intro {ES}:--- StateLog() start -----------------
20260610 010429.771 INFO             PET2       driver: IInitRealize intro {ES}:State object is invalid! Not created or deleted!
20260610 010429.771 INFO             PET2       driver: IInitRealize intro {ES}:--- StateLog() end -------------------
20260610 010429.771 INFO             PET2       >>>driver: entered Initialize (phase=<none>) with current time:    0  1  1  0  0  0   0
20260610 010429.771 INFO             PET2       <<<driver: leaving Initialize (phase=<none>) with current time:    0  1  1  0  0  0   0
20260610 010429.771 INFO             PET2       driver: IInitRealize extro {IS}:--- StateLog() start -----------------
20260610 010429.771 INFO             PET2       driver: IInitRealize extro {IS}:State object is invalid! Not created or deleted!
20260610 010429.771 INFO             PET2       driver: IInitRealize extro {IS}:--- StateLog() end -------------------
20260610 010429.771 INFO             PET2       driver: IInitRealize extro {ES}:--- StateLog() start -----------------
20260610 010429.771 INFO             PET2       driver: IInitRealize extro {ES}:State object is invalid! Not created or deleted!
20260610 010429.771 INFO             PET2       driver: IInitRealize extro {ES}:--- StateLog() end -------------------
20260610 010429.771 INFO             PET2     driver: IInitRealize extro.
20260610 010429.772 INFO             PET2     MODEL: InitializeIPDvXp07 intro.
20260610 010429.772 INFO             PET2       MODEL: InitializeIPDvXp07 intro {IS}:--- StateLog() start -----------------
20260610 010429.772 INFO             PET2       MODEL: InitializeIPDvXp07 intro {IS}:<name: MODEL-ImportState> <intent: ESMF_STATEINTENT_IMPORT> <itemCount:    0>
20260610 010429.772 INFO             PET2       MODEL: InitializeIPDvXp07 intro {IS}:--- StateLog() end -------------------
20260610 010429.772 INFO             PET2       MODEL: InitializeIPDvXp07 intro {ES}:--- StateLog() start -----------------
20260610 010429.772 INFO             PET2       MODEL: InitializeIPDvXp07 intro {ES}:<name: MODEL-ExportState> <intent: ESMF_STATEINTENT_EXPORT> <itemCount:    2>
20260610 010429.772 INFO             PET2       MODEL: InitializeIPDvXp07 intro {ES}:+-<item: 0001> <itemType: Field> <itemName: pmsl>
20260610 010429.772 INFO             PET2       MODEL: InitializeIPDvXp07 intro {ES}:!--- FieldLog() start -----------------
20260610 010429.772 INFO             PET2       MODEL: InitializeIPDvXp07 intro {ES}:! <name: pmsl> <fieldStatus: ESMF_FIELDSTATUS_COMPLETE>
20260610 010429.772 INFO             PET2       MODEL: InitializeIPDvXp07 intro {ES}:! 0x7ffcf24c38a8 => 0x55f6d5288c80 => 0x55f6d5288ec0
20260610 010429.772 INFO             PET2       MODEL: InitializeIPDvXp07 intro {ES}:! <typekind: Real*8> <rank:    2> <dimCount:    2>
20260610 010429.772 INFO             PET2       MODEL: InitializeIPDvXp07 intro {ES}:! ! --- Array::log() start -----------------------------------
20260610 010429.772 INFO             PET2       MODEL: InitializeIPDvXp07 intro {ES}:! ! 0x55f6d5289e10
20260610 010429.772 INFO             PET2       MODEL: InitializeIPDvXp07 intro {ES}:! ! <name: pmsl>
20260610 010429.772 INFO             PET2       MODEL: InitializeIPDvXp07 intro {ES}:! ! ! --- DistGrid::log() start --------------------------------
20260610 010429.772 INFO             PET2       MODEL: InitializeIPDvXp07 intro {ES}:! ! ! 0x55f6d5283fc0
20260610 010429.772 INFO             PET2       MODEL: InitializeIPDvXp07 intro {ES}:! ! ! DistGrid object is valid!<name: DG-Grid004-sloc:0>
20260610 010429.772 INFO             PET2       MODEL: InitializeIPDvXp07 intro {ES}:! ! ! --- DistGrid::log() end ----------------------------------
20260610 010429.772 INFO             PET2       MODEL: InitializeIPDvXp07 intro {ES}:! ! --- Array::log() end -------------------------------------
20260610 010429.772 INFO             PET2       MODEL: InitializeIPDvXp07 intro {ES}:!--- FieldLog() end -------------------
20260610 010429.772 INFO             PET2       MODEL: InitializeIPDvXp07 intro {ES}:+-<item: 0002> <itemType: Field> <itemName: rsns>
20260610 010429.772 INFO             PET2       MODEL: InitializeIPDvXp07 intro {ES}:!--- FieldLog() start -----------------
20260610 010429.772 INFO             PET2       MODEL: InitializeIPDvXp07 intro {ES}:! <name: rsns> <fieldStatus: ESMF_FIELDSTATUS_COMPLETE>
20260610 010429.772 INFO             PET2       MODEL: InitializeIPDvXp07 intro {ES}:! 0x7ffcf24c38a8 => 0x55f6d528b8f0 => 0x55f6d528bb30
20260610 010429.772 INFO             PET2       MODEL: InitializeIPDvXp07 intro {ES}:! <typekind: Real*8> <rank:    2> <dimCount:    2>
20260610 010429.772 INFO             PET2       MODEL: InitializeIPDvXp07 intro {ES}:! ! --- Array::log() start -----------------------------------
20260610 010429.772 INFO             PET2       MODEL: InitializeIPDvXp07 intro {ES}:! ! 0x55f6d528c9a0
20260610 010429.772 INFO             PET2       MODEL: InitializeIPDvXp07 intro {ES}:! ! <name: rsns>
20260610 010429.772 INFO             PET2       MODEL: InitializeIPDvXp07 intro {ES}:! ! ! --- DistGrid::log() start --------------------------------
20260610 010429.772 INFO             PET2       MODEL: InitializeIPDvXp07 intro {ES}:! ! ! 0x55f6d5283fc0
20260610 010429.772 INFO             PET2       MODEL: InitializeIPDvXp07 intro {ES}:! ! ! DistGrid object is valid!<name: DG-Grid004-sloc:0>
20260610 010429.772 INFO             PET2       MODEL: InitializeIPDvXp07 intro {ES}:! ! ! --- DistGrid::log() end ----------------------------------
20260610 010429.772 INFO             PET2       MODEL: InitializeIPDvXp07 intro {ES}:! ! --- Array::log() end -------------------------------------
20260610 010429.772 INFO             PET2       MODEL: InitializeIPDvXp07 intro {ES}:!--- FieldLog() end -------------------
20260610 010429.772 INFO             PET2       MODEL: InitializeIPDvXp07 intro {ES}:--- StateLog() end -------------------
20260610 010429.772 INFO             PET2       >>>MODEL: entered Initialize (phase=IPDvXp07) without valid internal Clock.
20260610 010429.773 INFO             PET2       <<<MODEL: leaving Initialize (phase=IPDvXp07) with current time:    0  1  1  0  0  0   0
20260610 010429.773 INFO             PET2       MODEL: InitializeIPDvXp07 extro {IS}:--- StateLog() start -----------------
20260610 010429.773 INFO             PET2       MODEL: InitializeIPDvXp07 extro {IS}:<name: MODEL-ImportState> <intent: ESMF_STATEINTENT_IMPORT> <itemCount:    0>
20260610 010429.773 INFO             PET2       MODEL: InitializeIPDvXp07 extro {IS}:--- StateLog() end -------------------
20260610 010429.773 INFO             PET2       MODEL: InitializeIPDvXp07 extro {ES}:--- StateLog() start -----------------
20260610 010429.773 INFO             PET2       MODEL: InitializeIPDvXp07 extro {ES}:<name: MODEL-ExportState> <intent: ESMF_STATEINTENT_EXPORT> <itemCount:    2>
20260610 010429.773 INFO             PET2       MODEL: InitializeIPDvXp07 extro {ES}:+-<item: 0001> <itemType: Field> <itemName: pmsl>
20260610 010429.773 INFO             PET2       MODEL: InitializeIPDvXp07 extro {ES}:!--- FieldLog() start -----------------
20260610 010429.773 INFO             PET2       MODEL: InitializeIPDvXp07 extro {ES}:! <name: pmsl> <fieldStatus: ESMF_FIELDSTATUS_COMPLETE>
20260610 010429.773 INFO             PET2       MODEL: InitializeIPDvXp07 extro {ES}:! 0x7ffcf24c4078 => 0x55f6d5288c80 => 0x55f6d5288ec0
20260610 010429.773 INFO             PET2       MODEL: InitializeIPDvXp07 extro {ES}:! <typekind: Real*8> <rank:    2> <dimCount:    2>
20260610 010429.773 INFO             PET2       MODEL: InitializeIPDvXp07 extro {ES}:! ! --- Array::log() start -----------------------------------
20260610 010429.773 INFO             PET2       MODEL: InitializeIPDvXp07 extro {ES}:! ! 0x55f6d5289e10
20260610 010429.773 INFO             PET2       MODEL: InitializeIPDvXp07 extro {ES}:! ! <name: pmsl>
20260610 010429.773 INFO             PET2       MODEL: InitializeIPDvXp07 extro {ES}:! ! ! --- DistGrid::log() start --------------------------------
20260610 010429.773 INFO             PET2       MODEL: InitializeIPDvXp07 extro {ES}:! ! ! 0x55f6d5283fc0
20260610 010429.773 INFO             PET2       MODEL: InitializeIPDvXp07 extro {ES}:! ! ! DistGrid object is valid!<name: DG-Grid004-sloc:0>
20260610 010429.773 INFO             PET2       MODEL: InitializeIPDvXp07 extro {ES}:! ! ! --- DistGrid::log() end ----------------------------------
20260610 010429.773 INFO             PET2       MODEL: InitializeIPDvXp07 extro {ES}:! ! --- Array::log() end -------------------------------------
20260610 010429.773 INFO             PET2       MODEL: InitializeIPDvXp07 extro {ES}:!--- FieldLog() end -------------------
20260610 010429.773 INFO             PET2       MODEL: InitializeIPDvXp07 extro {ES}:+-<item: 0002> <itemType: Field> <itemName: rsns>
20260610 010429.773 INFO             PET2       MODEL: InitializeIPDvXp07 extro {ES}:!--- FieldLog() start -----------------
20260610 010429.773 INFO             PET2       MODEL: InitializeIPDvXp07 extro {ES}:! <name: rsns> <fieldStatus: ESMF_FIELDSTATUS_COMPLETE>
20260610 010429.773 INFO             PET2       MODEL: InitializeIPDvXp07 extro {ES}:! 0x7ffcf24c4078 => 0x55f6d528b8f0 => 0x55f6d528bb30
20260610 010429.773 INFO             PET2       MODEL: InitializeIPDvXp07 extro {ES}:! <typekind: Real*8> <rank:    2> <dimCount:    2>
20260610 010429.773 INFO             PET2       MODEL: InitializeIPDvXp07 extro {ES}:! ! --- Array::log() start -----------------------------------
20260610 010429.773 INFO             PET2       MODEL: InitializeIPDvXp07 extro {ES}:! ! 0x55f6d528c9a0
20260610 010429.773 INFO             PET2       MODEL: InitializeIPDvXp07 extro {ES}:! ! <name: rsns>
20260610 010429.773 INFO             PET2       MODEL: InitializeIPDvXp07 extro {ES}:! ! ! --- DistGrid::log() start --------------------------------
20260610 010429.773 INFO             PET2       MODEL: InitializeIPDvXp07 extro {ES}:! ! ! 0x55f6d5283fc0
20260610 010429.773 INFO             PET2       MODEL: InitializeIPDvXp07 extro {ES}:! ! ! DistGrid object is valid!<name: DG-Grid004-sloc:0>
20260610 010429.773 INFO             PET2       MODEL: InitializeIPDvXp07 extro {ES}:! ! ! --- DistGrid::log() end ----------------------------------
20260610 010429.773 INFO             PET2       MODEL: InitializeIPDvXp07 extro {ES}:! ! --- Array::log() end -------------------------------------
20260610 010429.773 INFO             PET2       MODEL: InitializeIPDvXp07 extro {ES}:!--- FieldLog() end -------------------
20260610 010429.773 INFO             PET2       MODEL: InitializeIPDvXp07 extro {ES}:--- StateLog() end -------------------
20260610 010429.773 INFO             PET2     MODEL: InitializeIPDvXp07 extro.
20260610 010429.773 INFO             PET2     <<<driver: leaving Initialize (phase=<none>) with current time:    0  1  1  0  0  0   0
20260610 010429.773 INFO             PET2     driver: InitializeIPDv02p3 extro {IS}:--- StateLog() start -----------------
20260610 010429.773 INFO             PET2     driver: InitializeIPDv02p3 extro {IS}:State object is invalid! Not created or deleted!
20260610 010429.773 INFO             PET2     driver: InitializeIPDv02p3 extro {IS}:--- StateLog() end -------------------
20260610 010429.773 INFO             PET2     driver: InitializeIPDv02p3 extro {ES}:--- StateLog() start -----------------
20260610 010429.773 INFO             PET2     driver: InitializeIPDv02p3 extro {ES}:State object is invalid! Not created or deleted!
20260610 010429.773 INFO             PET2     driver: InitializeIPDv02p3 extro {ES}:--- StateLog() end -------------------
20260610 010429.773 INFO             PET2   driver: InitializeIPDv02p3 extro.
20260610 010429.773 INFO             PET2   driver: InitializeIPDv02p5 intro.
20260610 010429.773 INFO             PET2     driver: InitializeIPDv02p5 intro {IS}:--- StateLog() start -----------------
20260610 010429.773 INFO             PET2     driver: InitializeIPDv02p5 intro {IS}:State object is invalid! Not created or deleted!
20260610 010429.773 INFO             PET2     driver: InitializeIPDv02p5 intro {IS}:--- StateLog() end -------------------
20260610 010429.773 INFO             PET2     driver: InitializeIPDv02p5 intro {ES}:--- StateLog() start -----------------
20260610 010429.773 INFO             PET2     driver: InitializeIPDv02p5 intro {ES}:State object is invalid! Not created or deleted!
20260610 010429.773 INFO             PET2     driver: InitializeIPDv02p5 intro {ES}:--- StateLog() end -------------------
20260610 010429.774 INFO             PET2     >>>driver: entered Initialize (phase=<none>) with current time:    0  1  1  0  0  0   0
20260610 010429.774 INFO             PET2     driver: this is a top level driver, no 'Updated' and 'InitializeDataComplete' info on this level.
20260610 010429.774 INFO             PET2     driver: InitializeIPDv02p5Data intro.
20260610 010429.774 INFO             PET2       driver: InitializeIPDv02p5Data intro {IS}:--- StateLog() start -----------------
20260610 010429.774 INFO             PET2       driver: InitializeIPDv02p5Data intro {IS}:State object is invalid! Not created or deleted!
20260610 010429.774 INFO             PET2       driver: InitializeIPDv02p5Data intro {IS}:--- StateLog() end -------------------
20260610 010429.774 INFO             PET2       driver: InitializeIPDv02p5Data intro {ES}:--- StateLog() start -----------------
20260610 010429.774 INFO             PET2       driver: InitializeIPDv02p5Data intro {ES}:State object is invalid! Not created or deleted!
20260610 010429.774 INFO             PET2       driver: InitializeIPDv02p5Data intro {ES}:--- StateLog() end -------------------
20260610 010429.774 INFO             PET2       >>>driver: entered Initialize (phase=<none>) with current time:    0  1  1  0  0  0   0
20260610 010429.774 INFO             PET2       driver: InternalInitializeComplete intro.
20260610 010429.774 INFO             PET2         driver: InternalInitializeComplete intro {IS}:--- StateLog() start -----------------
20260610 010429.774 INFO             PET2         driver: InternalInitializeComplete intro {IS}:State object is invalid! Not created or deleted!
20260610 010429.774 INFO             PET2         driver: InternalInitializeComplete intro {IS}:--- StateLog() end -------------------
20260610 010429.774 INFO             PET2         driver: InternalInitializeComplete intro {ES}:--- StateLog() start -----------------
20260610 010429.774 INFO             PET2         driver: InternalInitializeComplete intro {ES}:State object is invalid! Not created or deleted!
20260610 010429.774 INFO             PET2         driver: InternalInitializeComplete intro {ES}:--- StateLog() end -------------------
20260610 010429.774 INFO             PET2         >>>driver: entered Initialize (phase=<none>) with current time:    0  1  1  0  0  0   0
20260610 010429.774 INFO             PET2         driver: InitializeDataComplete='true'
20260610 010429.774 INFO             PET2         <<<driver: leaving Initialize (phase=<none>) with current time:    0  1  1  0  0  0   0
20260610 010429.774 INFO             PET2         driver: InternalInitializeComplete extro {IS}:--- StateLog() start -----------------
20260610 010429.774 INFO             PET2         driver: InternalInitializeComplete extro {IS}:State object is invalid! Not created or deleted!
20260610 010429.774 INFO             PET2         driver: InternalInitializeComplete extro {IS}:--- StateLog() end -------------------
20260610 010429.774 INFO             PET2         driver: InternalInitializeComplete extro {ES}:--- StateLog() start -----------------
20260610 010429.774 INFO             PET2         driver: InternalInitializeComplete extro {ES}:State object is invalid! Not created or deleted!
20260610 010429.774 INFO             PET2         driver: InternalInitializeComplete extro {ES}:--- StateLog() end -------------------
20260610 010429.774 INFO             PET2       driver: InternalInitializeComplete extro.
20260610 010429.775 INFO             PET2       MODEL: InitializeIPDvXp08 intro.
20260610 010429.775 INFO             PET2         MODEL: InitializeIPDvXp08 intro {IS}:--- StateLog() start -----------------
20260610 010429.775 INFO             PET2         MODEL: InitializeIPDvXp08 intro {IS}:<name: MODEL-ImportState> <intent: ESMF_STATEINTENT_IMPORT> <itemCount:    0>
20260610 010429.775 INFO             PET2         MODEL: InitializeIPDvXp08 intro {IS}:--- StateLog() end -------------------
20260610 010429.775 INFO             PET2         MODEL: InitializeIPDvXp08 intro {ES}:--- StateLog() start -----------------
20260610 010429.775 INFO             PET2         MODEL: InitializeIPDvXp08 intro {ES}:<name: MODEL-ExportState> <intent: ESMF_STATEINTENT_EXPORT> <itemCount:    2>
20260610 010429.775 INFO             PET2         MODEL: InitializeIPDvXp08 intro {ES}:+-<item: 0001> <itemType: Field> <itemName: pmsl>
20260610 010429.775 INFO             PET2         MODEL: InitializeIPDvXp08 intro {ES}:!--- FieldLog() start -----------------
20260610 010429.775 INFO             PET2         MODEL: InitializeIPDvXp08 intro {ES}:! <name: pmsl> <fieldStatus: ESMF_FIELDSTATUS_COMPLETE>
20260610 010429.775 INFO             PET2         MODEL: InitializeIPDvXp08 intro {ES}:! 0x7ffcf24c25b8 => 0x55f6d5288c80 => 0x55f6d5288ec0
20260610 010429.775 INFO             PET2         MODEL: InitializeIPDvXp08 intro {ES}:! <typekind: Real*8> <rank:    2> <dimCount:    2>
20260610 010429.775 INFO             PET2         MODEL: InitializeIPDvXp08 intro {ES}:! ! --- Array::log() start -----------------------------------
20260610 010429.775 INFO             PET2         MODEL: InitializeIPDvXp08 intro {ES}:! ! 0x55f6d5289e10
20260610 010429.775 INFO             PET2         MODEL: InitializeIPDvXp08 intro {ES}:! ! <name: pmsl>
20260610 010429.775 INFO             PET2         MODEL: InitializeIPDvXp08 intro {ES}:! ! ! --- DistGrid::log() start --------------------------------
20260610 010429.775 INFO             PET2         MODEL: InitializeIPDvXp08 intro {ES}:! ! ! 0x55f6d5283fc0
20260610 010429.775 INFO             PET2         MODEL: InitializeIPDvXp08 intro {ES}:! ! ! DistGrid object is valid!<name: DG-Grid004-sloc:0>
20260610 010429.775 INFO             PET2         MODEL: InitializeIPDvXp08 intro {ES}:! ! ! --- DistGrid::log() end ----------------------------------
20260610 010429.775 INFO             PET2         MODEL: InitializeIPDvXp08 intro {ES}:! ! --- Array::log() end -------------------------------------
20260610 010429.775 INFO             PET2         MODEL: InitializeIPDvXp08 intro {ES}:!--- FieldLog() end -------------------
20260610 010429.775 INFO             PET2         MODEL: InitializeIPDvXp08 intro {ES}:+-<item: 0002> <itemType: Field> <itemName: rsns>
20260610 010429.775 INFO             PET2         MODEL: InitializeIPDvXp08 intro {ES}:!--- FieldLog() start -----------------
20260610 010429.775 INFO             PET2         MODEL: InitializeIPDvXp08 intro {ES}:! <name: rsns> <fieldStatus: ESMF_FIELDSTATUS_COMPLETE>
20260610 010429.775 INFO             PET2         MODEL: InitializeIPDvXp08 intro {ES}:! 0x7ffcf24c25b8 => 0x55f6d528b8f0 => 0x55f6d528bb30
20260610 010429.775 INFO             PET2         MODEL: InitializeIPDvXp08 intro {ES}:! <typekind: Real*8> <rank:    2> <dimCount:    2>
20260610 010429.775 INFO             PET2         MODEL: InitializeIPDvXp08 intro {ES}:! ! --- Array::log() start -----------------------------------
20260610 010429.775 INFO             PET2         MODEL: InitializeIPDvXp08 intro {ES}:! ! 0x55f6d528c9a0
20260610 010429.775 INFO             PET2         MODEL: InitializeIPDvXp08 intro {ES}:! ! <name: rsns>
20260610 010429.775 INFO             PET2         MODEL: InitializeIPDvXp08 intro {ES}:! ! ! --- DistGrid::log() start --------------------------------
20260610 010429.775 INFO             PET2         MODEL: InitializeIPDvXp08 intro {ES}:! ! ! 0x55f6d5283fc0
20260610 010429.775 INFO             PET2         MODEL: InitializeIPDvXp08 intro {ES}:! ! ! DistGrid object is valid!<name: DG-Grid004-sloc:0>
20260610 010429.775 INFO             PET2         MODEL: InitializeIPDvXp08 intro {ES}:! ! ! --- DistGrid::log() end ----------------------------------
20260610 010429.775 INFO             PET2         MODEL: InitializeIPDvXp08 intro {ES}:! ! --- Array::log() end -------------------------------------
20260610 010429.775 INFO             PET2         MODEL: InitializeIPDvXp08 intro {ES}:!--- FieldLog() end -------------------
20260610 010429.775 INFO             PET2         MODEL: InitializeIPDvXp08 intro {ES}:--- StateLog() end -------------------
20260610 010429.775 INFO             PET2         >>>MODEL: entered Initialize (phase=IPDv05p8) with current time:    0  1  1  0  0  0   0
20260610 010429.776 INFO             PET2         MODEL: InitializeDataProgress='false', InitializeDataComplete='false'
20260610 010429.776 INFO             PET2         <<<MODEL: leaving Initialize (phase=IPDv05p8) with current time:    0  1  1  0  0  0   0
20260610 010429.776 INFO             PET2         MODEL: InitializeIPDvXp08 extro {IS}:--- StateLog() start -----------------
20260610 010429.776 INFO             PET2         MODEL: InitializeIPDvXp08 extro {IS}:<name: MODEL-ImportState> <intent: ESMF_STATEINTENT_IMPORT> <itemCount:    0>
20260610 010429.776 INFO             PET2         MODEL: InitializeIPDvXp08 extro {IS}:--- StateLog() end -------------------
20260610 010429.776 INFO             PET2         MODEL: InitializeIPDvXp08 extro {ES}:--- StateLog() start -----------------
20260610 010429.776 INFO             PET2         MODEL: InitializeIPDvXp08 extro {ES}:<name: MODEL-ExportState> <intent: ESMF_STATEINTENT_EXPORT> <itemCount:    2>
20260610 010429.776 INFO             PET2         MODEL: InitializeIPDvXp08 extro {ES}:+-<item: 0001> <itemType: Field> <itemName: pmsl>
20260610 010429.776 INFO             PET2         MODEL: InitializeIPDvXp08 extro {ES}:!--- FieldLog() start -----------------
20260610 010429.776 INFO             PET2         MODEL: InitializeIPDvXp08 extro {ES}:! <name: pmsl> <fieldStatus: ESMF_FIELDSTATUS_COMPLETE>
20260610 010429.776 INFO             PET2         MODEL: InitializeIPDvXp08 extro {ES}:! 0x7ffcf24c2a98 => 0x55f6d5288c80 => 0x55f6d5288ec0
20260610 010429.776 INFO             PET2         MODEL: InitializeIPDvXp08 extro {ES}:! <typekind: Real*8> <rank:    2> <dimCount:    2>
20260610 010429.776 INFO             PET2         MODEL: InitializeIPDvXp08 extro {ES}:! ! --- Array::log() start -----------------------------------
20260610 010429.776 INFO             PET2         MODEL: InitializeIPDvXp08 extro {ES}:! ! 0x55f6d5289e10
20260610 010429.776 INFO             PET2         MODEL: InitializeIPDvXp08 extro {ES}:! ! <name: pmsl>
20260610 010429.776 INFO             PET2         MODEL: InitializeIPDvXp08 extro {ES}:! ! ! --- DistGrid::log() start --------------------------------
20260610 010429.776 INFO             PET2         MODEL: InitializeIPDvXp08 extro {ES}:! ! ! 0x55f6d5283fc0
20260610 010429.776 INFO             PET2         MODEL: InitializeIPDvXp08 extro {ES}:! ! ! DistGrid object is valid!<name: DG-Grid004-sloc:0>
20260610 010429.776 INFO             PET2         MODEL: InitializeIPDvXp08 extro {ES}:! ! ! --- DistGrid::log() end ----------------------------------
20260610 010429.776 INFO             PET2         MODEL: InitializeIPDvXp08 extro {ES}:! ! --- Array::log() end -------------------------------------
20260610 010429.776 INFO             PET2         MODEL: InitializeIPDvXp08 extro {ES}:!--- FieldLog() end -------------------
20260610 010429.776 INFO             PET2         MODEL: InitializeIPDvXp08 extro {ES}:+-<item: 0002> <itemType: Field> <itemName: rsns>
20260610 010429.776 INFO             PET2         MODEL: InitializeIPDvXp08 extro {ES}:!--- FieldLog() start -----------------
20260610 010429.776 INFO             PET2         MODEL: InitializeIPDvXp08 extro {ES}:! <name: rsns> <fieldStatus: ESMF_FIELDSTATUS_COMPLETE>
20260610 010429.776 INFO             PET2         MODEL: InitializeIPDvXp08 extro {ES}:! 0x7ffcf24c2a98 => 0x55f6d528b8f0 => 0x55f6d528bb30
20260610 010429.776 INFO             PET2         MODEL: InitializeIPDvXp08 extro {ES}:! <typekind: Real*8> <rank:    2> <dimCount:    2>
20260610 010429.776 INFO             PET2         MODEL: InitializeIPDvXp08 extro {ES}:! ! --- Array::log() start -----------------------------------
20260610 010429.776 INFO             PET2         MODEL: InitializeIPDvXp08 extro {ES}:! ! 0x55f6d528c9a0
20260610 010429.776 INFO             PET2         MODEL: InitializeIPDvXp08 extro {ES}:! ! <name: rsns>
20260610 010429.776 INFO             PET2         MODEL: InitializeIPDvXp08 extro {ES}:! ! ! --- DistGrid::log() start --------------------------------
20260610 010429.776 INFO             PET2         MODEL: InitializeIPDvXp08 extro {ES}:! ! ! 0x55f6d5283fc0
20260610 010429.776 INFO             PET2         MODEL: InitializeIPDvXp08 extro {ES}:! ! ! DistGrid object is valid!<name: DG-Grid004-sloc:0>
20260610 010429.776 INFO             PET2         MODEL: InitializeIPDvXp08 extro {ES}:! ! ! --- DistGrid::log() end ----------------------------------
20260610 010429.776 INFO             PET2         MODEL: InitializeIPDvXp08 extro {ES}:! ! --- Array::log() end -------------------------------------
20260610 010429.776 INFO             PET2         MODEL: InitializeIPDvXp08 extro {ES}:!--- FieldLog() end -------------------
20260610 010429.776 INFO             PET2         MODEL: InitializeIPDvXp08 extro {ES}:--- StateLog() end -------------------
20260610 010429.776 INFO             PET2       MODEL: InitializeIPDvXp08 extro.
20260610 010429.777 INFO             PET2       driver: components present that trigger loopDataDependentInitialize().
20260610 010429.777 INFO             PET2       driver: loopDataDependentInitialize intro.
20260610 010429.777 INFO             PET2         driver: loopDataDependentInitialize intro {IS}:--- StateLog() start -----------------
20260610 010429.777 INFO             PET2         driver: loopDataDependentInitialize intro {IS}:State object is invalid! Not created or deleted!
20260610 010429.777 INFO             PET2         driver: loopDataDependentInitialize intro {IS}:--- StateLog() end -------------------
20260610 010429.777 INFO             PET2         driver: loopDataDependentInitialize intro {ES}:--- StateLog() start -----------------
20260610 010429.777 INFO             PET2         driver: loopDataDependentInitialize intro {ES}:State object is invalid! Not created or deleted!
20260610 010429.777 INFO             PET2         driver: loopDataDependentInitialize intro {ES}:--- StateLog() end -------------------
20260610 010429.777 INFO             PET2         >>>driver: entered Initialize (phase=<none>) with current time:    0  1  1  0  0  0   0
20260610 010429.778 INFO             PET2         driver: component    0=driver, dataComplete (local): true
20260610 010429.778 INFO             PET2         driver: component    0=driver, dataComplete (global):  T
20260610 010429.778 INFO             PET2         driver: component    1=MODEL, dataComplete (local): false
20260610 010429.778 INFO             PET2         driver: component    1=MODEL, dataComplete (global):  F
20260610 010429.778 INFO             PET2         MODEL: InitializeIPDvXp08 intro.
20260610 010429.778 INFO             PET2           MODEL: InitializeIPDvXp08 intro {IS}:--- StateLog() start -----------------
20260610 010429.778 INFO             PET2           MODEL: InitializeIPDvXp08 intro {IS}:<name: MODEL-ImportState> <intent: ESMF_STATEINTENT_IMPORT> <itemCount:    0>
20260610 010429.778 INFO             PET2           MODEL: InitializeIPDvXp08 intro {IS}:--- StateLog() end -------------------
20260610 010429.778 INFO             PET2           MODEL: InitializeIPDvXp08 intro {ES}:--- StateLog() start -----------------
20260610 010429.778 INFO             PET2           MODEL: InitializeIPDvXp08 intro {ES}:<name: MODEL-ExportState> <intent: ESMF_STATEINTENT_EXPORT> <itemCount:    2>
20260610 010429.778 INFO             PET2           MODEL: InitializeIPDvXp08 intro {ES}:+-<item: 0001> <itemType: Field> <itemName: pmsl>
20260610 010429.778 INFO             PET2           MODEL: InitializeIPDvXp08 intro {ES}:!--- FieldLog() start -----------------
20260610 010429.778 INFO             PET2           MODEL: InitializeIPDvXp08 intro {ES}:! <name: pmsl> <fieldStatus: ESMF_FIELDSTATUS_COMPLETE>
20260610 010429.778 INFO             PET2           MODEL: InitializeIPDvXp08 intro {ES}:! 0x7ffcf24be9f8 => 0x55f6d5288c80 => 0x55f6d5288ec0
20260610 010429.778 INFO             PET2           MODEL: InitializeIPDvXp08 intro {ES}:! <typekind: Real*8> <rank:    2> <dimCount:    2>
20260610 010429.778 INFO             PET2           MODEL: InitializeIPDvXp08 intro {ES}:! ! --- Array::log() start -----------------------------------
20260610 010429.778 INFO             PET2           MODEL: InitializeIPDvXp08 intro {ES}:! ! 0x55f6d5289e10
20260610 010429.778 INFO             PET2           MODEL: InitializeIPDvXp08 intro {ES}:! ! <name: pmsl>
20260610 010429.778 INFO             PET2           MODEL: InitializeIPDvXp08 intro {ES}:! ! ! --- DistGrid::log() start --------------------------------
20260610 010429.778 INFO             PET2           MODEL: InitializeIPDvXp08 intro {ES}:! ! ! 0x55f6d5283fc0
20260610 010429.778 INFO             PET2           MODEL: InitializeIPDvXp08 intro {ES}:! ! ! DistGrid object is valid!<name: DG-Grid004-sloc:0>
20260610 010429.778 INFO             PET2           MODEL: InitializeIPDvXp08 intro {ES}:! ! ! --- DistGrid::log() end ----------------------------------
20260610 010429.778 INFO             PET2           MODEL: InitializeIPDvXp08 intro {ES}:! ! --- Array::log() end -------------------------------------
20260610 010429.778 INFO             PET2           MODEL: InitializeIPDvXp08 intro {ES}:!--- FieldLog() end -------------------
20260610 010429.778 INFO             PET2           MODEL: InitializeIPDvXp08 intro {ES}:+-<item: 0002> <itemType: Field> <itemName: rsns>
20260610 010429.778 INFO             PET2           MODEL: InitializeIPDvXp08 intro {ES}:!--- FieldLog() start -----------------
20260610 010429.778 INFO             PET2           MODEL: InitializeIPDvXp08 intro {ES}:! <name: rsns> <fieldStatus: ESMF_FIELDSTATUS_COMPLETE>
20260610 010429.778 INFO             PET2           MODEL: InitializeIPDvXp08 intro {ES}:! 0x7ffcf24be9f8 => 0x55f6d528b8f0 => 0x55f6d528bb30
20260610 010429.778 INFO             PET2           MODEL: InitializeIPDvXp08 intro {ES}:! <typekind: Real*8> <rank:    2> <dimCount:    2>
20260610 010429.778 INFO             PET2           MODEL: InitializeIPDvXp08 intro {ES}:! ! --- Array::log() start -----------------------------------
20260610 010429.778 INFO             PET2           MODEL: InitializeIPDvXp08 intro {ES}:! ! 0x55f6d528c9a0
20260610 010429.778 INFO             PET2           MODEL: InitializeIPDvXp08 intro {ES}:! ! <name: rsns>
20260610 010429.778 INFO             PET2           MODEL: InitializeIPDvXp08 intro {ES}:! ! ! --- DistGrid::log() start --------------------------------
20260610 010429.778 INFO             PET2           MODEL: InitializeIPDvXp08 intro {ES}:! ! ! 0x55f6d5283fc0
20260610 010429.778 INFO             PET2           MODEL: InitializeIPDvXp08 intro {ES}:! ! ! DistGrid object is valid!<name: DG-Grid004-sloc:0>
20260610 010429.778 INFO             PET2           MODEL: InitializeIPDvXp08 intro {ES}:! ! ! --- DistGrid::log() end ----------------------------------
20260610 010429.778 INFO             PET2           MODEL: InitializeIPDvXp08 intro {ES}:! ! --- Array::log() end -------------------------------------
20260610 010429.778 INFO             PET2           MODEL: InitializeIPDvXp08 intro {ES}:!--- FieldLog() end -------------------
20260610 010429.778 INFO             PET2           MODEL: InitializeIPDvXp08 intro {ES}:--- StateLog() end -------------------
20260610 010429.779 INFO             PET2           >>>MODEL: entered Initialize (phase=IPDv05p8) with current time:    0  1  1  0  0  0   0
20260610 010429.779 INFO             PET2           MODEL: InitializeDataProgress='true', InitializeDataComplete='true'
20260610 010429.779 INFO             PET2           <<<MODEL: leaving Initialize (phase=IPDv05p8) with current time:    0  1  1  0  0  0   0
20260610 010429.779 INFO             PET2           MODEL: InitializeIPDvXp08 extro {IS}:--- StateLog() start -----------------
20260610 010429.779 INFO             PET2           MODEL: InitializeIPDvXp08 extro {IS}:<name: MODEL-ImportState> <intent: ESMF_STATEINTENT_IMPORT> <itemCount:    0>
20260610 010429.779 INFO             PET2           MODEL: InitializeIPDvXp08 extro {IS}:--- StateLog() end -------------------
20260610 010429.779 INFO             PET2           MODEL: InitializeIPDvXp08 extro {ES}:--- StateLog() start -----------------
20260610 010429.779 INFO             PET2           MODEL: InitializeIPDvXp08 extro {ES}:<name: MODEL-ExportState> <intent: ESMF_STATEINTENT_EXPORT> <itemCount:    2>
20260610 010429.779 INFO             PET2           MODEL: InitializeIPDvXp08 extro {ES}:+-<item: 0001> <itemType: Field> <itemName: pmsl>
20260610 010429.779 INFO             PET2           MODEL: InitializeIPDvXp08 extro {ES}:!--- FieldLog() start -----------------
20260610 010429.779 INFO             PET2           MODEL: InitializeIPDvXp08 extro {ES}:! <name: pmsl> <fieldStatus: ESMF_FIELDSTATUS_COMPLETE>
20260610 010429.779 INFO             PET2           MODEL: InitializeIPDvXp08 extro {ES}:! 0x7ffcf24beed8 => 0x55f6d5288c80 => 0x55f6d5288ec0
20260610 010429.779 INFO             PET2           MODEL: InitializeIPDvXp08 extro {ES}:! <typekind: Real*8> <rank:    2> <dimCount:    2>
20260610 010429.779 INFO             PET2           MODEL: InitializeIPDvXp08 extro {ES}:! ! --- Array::log() start -----------------------------------
20260610 010429.779 INFO             PET2           MODEL: InitializeIPDvXp08 extro {ES}:! ! 0x55f6d5289e10
20260610 010429.779 INFO             PET2           MODEL: InitializeIPDvXp08 extro {ES}:! ! <name: pmsl>
20260610 010429.779 INFO             PET2           MODEL: InitializeIPDvXp08 extro {ES}:! ! ! --- DistGrid::log() start --------------------------------
20260610 010429.779 INFO             PET2           MODEL: InitializeIPDvXp08 extro {ES}:! ! ! 0x55f6d5283fc0
20260610 010429.779 INFO             PET2           MODEL: InitializeIPDvXp08 extro {ES}:! ! ! DistGrid object is valid!<name: DG-Grid004-sloc:0>
20260610 010429.779 INFO             PET2           MODEL: InitializeIPDvXp08 extro {ES}:! ! ! --- DistGrid::log() end ----------------------------------
20260610 010429.779 INFO             PET2           MODEL: InitializeIPDvXp08 extro {ES}:! ! --- Array::log() end -------------------------------------
20260610 010429.779 INFO             PET2           MODEL: InitializeIPDvXp08 extro {ES}:!--- FieldLog() end -------------------
20260610 010429.779 INFO             PET2           MODEL: InitializeIPDvXp08 extro {ES}:+-<item: 0002> <itemType: Field> <itemName: rsns>
20260610 010429.779 INFO             PET2           MODEL: InitializeIPDvXp08 extro {ES}:!--- FieldLog() start -----------------
20260610 010429.779 INFO             PET2           MODEL: InitializeIPDvXp08 extro {ES}:! <name: rsns> <fieldStatus: ESMF_FIELDSTATUS_COMPLETE>
20260610 010429.779 INFO             PET2           MODEL: InitializeIPDvXp08 extro {ES}:! 0x7ffcf24beed8 => 0x55f6d528b8f0 => 0x55f6d528bb30
20260610 010429.779 INFO             PET2           MODEL: InitializeIPDvXp08 extro {ES}:! <typekind: Real*8> <rank:    2> <dimCount:    2>
20260610 010429.779 INFO             PET2           MODEL: InitializeIPDvXp08 extro {ES}:! ! --- Array::log() start -----------------------------------
20260610 010429.779 INFO             PET2           MODEL: InitializeIPDvXp08 extro {ES}:! ! 0x55f6d528c9a0
20260610 010429.779 INFO             PET2           MODEL: InitializeIPDvXp08 extro {ES}:! ! <name: rsns>
20260610 010429.779 INFO             PET2           MODEL: InitializeIPDvXp08 extro {ES}:! ! ! --- DistGrid::log() start --------------------------------
20260610 010429.779 INFO             PET2           MODEL: InitializeIPDvXp08 extro {ES}:! ! ! 0x55f6d5283fc0
20260610 010429.779 INFO             PET2           MODEL: InitializeIPDvXp08 extro {ES}:! ! ! DistGrid object is valid!<name: DG-Grid004-sloc:0>
20260610 010429.779 INFO             PET2           MODEL: InitializeIPDvXp08 extro {ES}:! ! ! --- DistGrid::log() end ----------------------------------
20260610 010429.779 INFO             PET2           MODEL: InitializeIPDvXp08 extro {ES}:! ! --- Array::log() end -------------------------------------
20260610 010429.780 INFO             PET2           MODEL: InitializeIPDvXp08 extro {ES}:!--- FieldLog() end -------------------
20260610 010429.780 INFO             PET2           MODEL: InitializeIPDvXp08 extro {ES}:--- StateLog() end -------------------
20260610 010429.780 INFO             PET2         MODEL: InitializeIPDvXp08 extro.
20260610 010429.781 INFO             PET2         driver: component    1=MODEL, someProgress (local): true
20260610 010429.781 INFO             PET2         driver: component    1=MODEL, someProgress (global):  T
20260610 010429.781 INFO             PET2         driver: someProgress= T, allComplete= F, present(dataDepAllComplete)= T
20260610 010429.781 INFO             PET2         driver: component    0=driver, dataComplete (local): true
20260610 010429.781 INFO             PET2         driver: component    0=driver, dataComplete (global):  T
20260610 010429.781 INFO             PET2         driver: component    1=MODEL, dataComplete (local): true
20260610 010429.781 INFO             PET2         driver: component    1=MODEL, dataComplete (global):  T
20260610 010429.782 INFO             PET2         driver: someProgress= F, allComplete= T, present(dataDepAllComplete)= T
20260610 010429.782 INFO             PET2         driver: finished resolving initialize data dependencies on this level.
20260610 010429.782 INFO             PET2         <<<driver: leaving Initialize (phase=<none>) with current time:    0  1  1  0  0  0   0
20260610 010429.782 INFO             PET2         driver: loopDataDependentInitialize extro {IS}:--- StateLog() start -----------------
20260610 010429.782 INFO             PET2         driver: loopDataDependentInitialize extro {IS}:State object is invalid! Not created or deleted!
20260610 010429.782 INFO             PET2         driver: loopDataDependentInitialize extro {IS}:--- StateLog() end -------------------
20260610 010429.782 INFO             PET2         driver: loopDataDependentInitialize extro {ES}:--- StateLog() start -----------------
20260610 010429.782 INFO             PET2         driver: loopDataDependentInitialize extro {ES}:State object is invalid! Not created or deleted!
20260610 010429.782 INFO             PET2         driver: loopDataDependentInitialize extro {ES}:--- StateLog() end -------------------
20260610 010429.782 INFO             PET2       driver: loopDataDependentInitialize extro.
20260610 010429.782 INFO             PET2       driver: loopDataDependentInitialize() returned with dataDepAllComplete:  T
20260610 010429.782 INFO             PET2       <<<driver: leaving Initialize (phase=<none>) with current time:    0  1  1  0  0  0   0
20260610 010429.782 INFO             PET2       driver: InitializeIPDv02p5Data extro {IS}:--- StateLog() start -----------------
20260610 010429.782 INFO             PET2       driver: InitializeIPDv02p5Data extro {IS}:State object is invalid! Not created or deleted!
20260610 010429.782 INFO             PET2       driver: InitializeIPDv02p5Data extro {IS}:--- StateLog() end -------------------
20260610 010429.782 INFO             PET2       driver: InitializeIPDv02p5Data extro {ES}:--- StateLog() start -----------------
20260610 010429.782 INFO             PET2       driver: InitializeIPDv02p5Data extro {ES}:State object is invalid! Not created or deleted!
20260610 010429.782 INFO             PET2       driver: InitializeIPDv02p5Data extro {ES}:--- StateLog() end -------------------
20260610 010429.782 INFO             PET2     driver: InitializeIPDv02p5Data extro.
20260610 010429.782 INFO             PET2     <<<driver: leaving Initialize (phase=<none>) with current time:    0  1  1  0  0  0   0
20260610 010429.782 INFO             PET2     driver: InitializeIPDv02p5 extro {IS}:--- StateLog() start -----------------
20260610 010429.782 INFO             PET2     driver: InitializeIPDv02p5 extro {IS}:State object is invalid! Not created or deleted!
20260610 010429.782 INFO             PET2     driver: InitializeIPDv02p5 extro {IS}:--- StateLog() end -------------------
20260610 010429.782 INFO             PET2     driver: InitializeIPDv02p5 extro {ES}:--- StateLog() start -----------------
20260610 010429.782 INFO             PET2     driver: InitializeIPDv02p5 extro {ES}:State object is invalid! Not created or deleted!
20260610 010429.782 INFO             PET2     driver: InitializeIPDv02p5 extro {ES}:--- StateLog() end -------------------
20260610 010429.782 INFO             PET2   driver: InitializeIPDv02p5 extro.
20260610 010429.782 INFO             PET2   <<<driver: leaving Initialize (phase=<none>) with current time:    0  1  1  0  0  0   0
20260610 010429.782 INFO             PET2   driver: InitializeGeneric extro {IS}:--- StateLog() start -----------------
20260610 010429.782 INFO             PET2   driver: InitializeGeneric extro {IS}:State object is invalid! Not created or deleted!
20260610 010429.782 INFO             PET2   driver: InitializeGeneric extro {IS}:--- StateLog() end -------------------
20260610 010429.782 INFO             PET2   driver: InitializeGeneric extro {ES}:--- StateLog() start -----------------
20260610 010429.782 INFO             PET2   driver: InitializeGeneric extro {ES}:State object is invalid! Not created or deleted!
20260610 010429.782 INFO             PET2   driver: InitializeGeneric extro {ES}:--- StateLog() end -------------------
20260610 010429.782 INFO             PET2 driver: InitializeGeneric extro.
20260610 010429.782 INFO             PET2 driver: Run intro.
20260610 010429.782 INFO             PET2   driver: Run intro {IS}:--- StateLog() start -----------------
20260610 010429.782 INFO             PET2   driver: Run intro {IS}:State object is invalid! Not created or deleted!
20260610 010429.782 INFO             PET2   driver: Run intro {IS}:--- StateLog() end -------------------
20260610 010429.782 INFO             PET2   driver: Run intro {ES}:--- StateLog() start -----------------
20260610 010429.782 INFO             PET2   driver: Run intro {ES}:State object is invalid! Not created or deleted!
20260610 010429.782 INFO             PET2   driver: Run intro {ES}:--- StateLog() end -------------------
20260610 010429.782 INFO             PET2   >>>driver: entered Run (phase=RunPhase1) with current time:    0  1  1  0  0  0   0
20260610 010429.782 INFO             PET2   driver: after lable_SetRunClock, current time:    0  1  1  0  0  0   0
20260610 010429.783 INFO             PET2   driver: begin -------> RunSequence.
20260610 010429.783 INFO             PET2     driver: RunSequence event loopLevel=   1  levelMember=   1  loopIteration=   1, current time:    0  1  1  0  0  0   0
20260610 010429.783 INFO             PET2     MODEL: Run intro.
20260610 010429.783 INFO             PET2       MODEL: Run intro {IS}:--- StateLog() start -----------------
20260610 010429.783 INFO             PET2       MODEL: Run intro {IS}:<name: MODEL-ImportState> <intent: ESMF_STATEINTENT_IMPORT> <itemCount:    0>
20260610 010429.783 INFO             PET2       MODEL: Run intro {IS}:--- StateLog() end -------------------
20260610 010429.783 INFO             PET2       MODEL: Run intro {ES}:--- StateLog() start -----------------
20260610 010429.783 INFO             PET2       MODEL: Run intro {ES}:<name: MODEL-ExportState> <intent: ESMF_STATEINTENT_EXPORT> <itemCount:    2>
20260610 010429.783 INFO             PET2       MODEL: Run intro {ES}:+-<item: 0001> <itemType: Field> <itemName: pmsl>
20260610 010429.783 INFO             PET2       MODEL: Run intro {ES}:!--- FieldLog() start -----------------
20260610 010429.783 INFO             PET2       MODEL: Run intro {ES}:! <name: pmsl> <fieldStatus: ESMF_FIELDSTATUS_COMPLETE>
20260610 010429.783 INFO             PET2       MODEL: Run intro {ES}:! 0x7ffcf24c3548 => 0x55f6d5288c80 => 0x55f6d5288ec0
20260610 010429.783 INFO             PET2       MODEL: Run intro {ES}:! <typekind: Real*8> <rank:    2> <dimCount:    2>
20260610 010429.783 INFO             PET2       MODEL: Run intro {ES}:! ! --- Array::log() start -----------------------------------
20260610 010429.783 INFO             PET2       MODEL: Run intro {ES}:! ! 0x55f6d5289e10
20260610 010429.783 INFO             PET2       MODEL: Run intro {ES}:! ! <name: pmsl>
20260610 010429.783 INFO             PET2       MODEL: Run intro {ES}:! ! ! --- DistGrid::log() start --------------------------------
20260610 010429.783 INFO             PET2       MODEL: Run intro {ES}:! ! ! 0x55f6d5283fc0
20260610 010429.783 INFO             PET2       MODEL: Run intro {ES}:! ! ! DistGrid object is valid!<name: DG-Grid004-sloc:0>
20260610 010429.783 INFO             PET2       MODEL: Run intro {ES}:! ! ! --- DistGrid::log() end ----------------------------------
20260610 010429.783 INFO             PET2       MODEL: Run intro {ES}:! ! --- Array::log() end -------------------------------------
20260610 010429.783 INFO             PET2       MODEL: Run intro {ES}:!--- FieldLog() end -------------------
20260610 010429.783 INFO             PET2       MODEL: Run intro {ES}:+-<item: 0002> <itemType: Field> <itemName: rsns>
20260610 010429.783 INFO             PET2       MODEL: Run intro {ES}:!--- FieldLog() start -----------------
20260610 010429.783 INFO             PET2       MODEL: Run intro {ES}:! <name: rsns> <fieldStatus: ESMF_FIELDSTATUS_COMPLETE>
20260610 010429.783 INFO             PET2       MODEL: Run intro {ES}:! 0x7ffcf24c3548 => 0x55f6d528b8f0 => 0x55f6d528bb30
20260610 010429.783 INFO             PET2       MODEL: Run intro {ES}:! <typekind: Real*8> <rank:    2> <dimCount:    2>
20260610 010429.783 INFO             PET2       MODEL: Run intro {ES}:! ! --- Array::log() start -----------------------------------
20260610 010429.783 INFO             PET2       MODEL: Run intro {ES}:! ! 0x55f6d528c9a0
20260610 010429.783 INFO             PET2       MODEL: Run intro {ES}:! ! <name: rsns>
20260610 010429.783 INFO             PET2       MODEL: Run intro {ES}:! ! ! --- DistGrid::log() start --------------------------------
20260610 010429.783 INFO             PET2       MODEL: Run intro {ES}:! ! ! 0x55f6d5283fc0
20260610 010429.783 INFO             PET2       MODEL: Run intro {ES}:! ! ! DistGrid object is valid!<name: DG-Grid004-sloc:0>
20260610 010429.783 INFO             PET2       MODEL: Run intro {ES}:! ! ! --- DistGrid::log() end ----------------------------------
20260610 010429.783 INFO             PET2       MODEL: Run intro {ES}:! ! --- Array::log() end -------------------------------------
20260610 010429.783 INFO             PET2       MODEL: Run intro {ES}:!--- FieldLog() end -------------------
20260610 010429.783 INFO             PET2       MODEL: Run intro {ES}:--- StateLog() end -------------------
20260610 010429.784 INFO             PET2       >>>MODEL: entered Run (phase=RunPhase1) with current time:    0  1  1  0  0  0   0
20260610 010429.784 INFO             PET2       MODEL: time step-loop starting, current time:    0  1  1  0  0  0   0
20260610 010429.792 INFO             PET2       thread_num=   0   currentSsiPe=  57   num_threads=   3   max_threads=   3   num_procs= 126
20260610 010429.792 INFO             PET2       thread_num=   1   currentSsiPe=  62   num_threads=   3   max_threads=   3   num_procs= 126
20260610 010429.792 INFO             PET2       thread_num=   2   currentSsiPe=  15   num_threads=   3   max_threads=   3   num_procs= 126
20260610 010429.792 INFO             PET2       ---->Advancing Model from:    0  1  1  0  0  0   0
20260610 010429.792 INFO             PET2       ---------------------> to:    0  1  1  0  0 30   0
20260610 010429.792 INFO             PET2       MODEL: time step-loop ending,   current time:    0  1  1  0  0 30   0
20260610 010429.792 INFO             PET2       <<<MODEL: leaving Run (phase=RunPhase1) with current time:    0  1  1  0  0 30   0
20260610 010429.792 INFO             PET2       MODEL: Run extro {IS}:--- StateLog() start -----------------
20260610 010429.792 INFO             PET2       MODEL: Run extro {IS}:<name: MODEL-ImportState> <intent: ESMF_STATEINTENT_IMPORT> <itemCount:    0>
20260610 010429.792 INFO             PET2       MODEL: Run extro {IS}:--- StateLog() end -------------------
20260610 010429.792 INFO             PET2       MODEL: Run extro {ES}:--- StateLog() start -----------------
20260610 010429.792 INFO             PET2       MODEL: Run extro {ES}:<name: MODEL-ExportState> <intent: ESMF_STATEINTENT_EXPORT> <itemCount:    2>
20260610 010429.792 INFO             PET2       MODEL: Run extro {ES}:+-<item: 0001> <itemType: Field> <itemName: pmsl>
20260610 010429.792 INFO             PET2       MODEL: Run extro {ES}:!--- FieldLog() start -----------------
20260610 010429.792 INFO             PET2       MODEL: Run extro {ES}:! <name: pmsl> <fieldStatus: ESMF_FIELDSTATUS_COMPLETE>
20260610 010429.792 INFO             PET2       MODEL: Run extro {ES}:! 0x7ffcf24c3428 => 0x55f6d5288c80 => 0x55f6d5288ec0
20260610 010429.793 INFO             PET2       MODEL: Run extro {ES}:! <typekind: Real*8> <rank:    2> <dimCount:    2>
20260610 010429.793 INFO             PET2       MODEL: Run extro {ES}:! ! --- Array::log() start -----------------------------------
20260610 010429.793 INFO             PET2       MODEL: Run extro {ES}:! ! 0x55f6d5289e10
20260610 010429.793 INFO             PET2       MODEL: Run extro {ES}:! ! <name: pmsl>
20260610 010429.793 INFO             PET2       MODEL: Run extro {ES}:! ! ! --- DistGrid::log() start --------------------------------
20260610 010429.793 INFO             PET2       MODEL: Run extro {ES}:! ! ! 0x55f6d5283fc0
20260610 010429.793 INFO             PET2       MODEL: Run extro {ES}:! ! ! DistGrid object is valid!<name: DG-Grid004-sloc:0>
20260610 010429.793 INFO             PET2       MODEL: Run extro {ES}:! ! ! --- DistGrid::log() end ----------------------------------
20260610 010429.793 INFO             PET2       MODEL: Run extro {ES}:! ! --- Array::log() end -------------------------------------
20260610 010429.793 INFO             PET2       MODEL: Run extro {ES}:!--- FieldLog() end -------------------
20260610 010429.793 INFO             PET2       MODEL: Run extro {ES}:+-<item: 0002> <itemType: Field> <itemName: rsns>
20260610 010429.793 INFO             PET2       MODEL: Run extro {ES}:!--- FieldLog() start -----------------
20260610 010429.793 INFO             PET2       MODEL: Run extro {ES}:! <name: rsns> <fieldStatus: ESMF_FIELDSTATUS_COMPLETE>
20260610 010429.793 INFO             PET2       MODEL: Run extro {ES}:! 0x7ffcf24c3428 => 0x55f6d528b8f0 => 0x55f6d528bb30
20260610 010429.793 INFO             PET2       MODEL: Run extro {ES}:! <typekind: Real*8> <rank:    2> <dimCount:    2>
20260610 010429.793 INFO             PET2       MODEL: Run extro {ES}:! ! --- Array::log() start -----------------------------------
20260610 010429.793 INFO             PET2       MODEL: Run extro {ES}:! ! 0x55f6d528c9a0
20260610 010429.793 INFO             PET2       MODEL: Run extro {ES}:! ! <name: rsns>
20260610 010429.793 INFO             PET2       MODEL: Run extro {ES}:! ! ! --- DistGrid::log() start --------------------------------
20260610 010429.793 INFO             PET2       MODEL: Run extro {ES}:! ! ! 0x55f6d5283fc0
20260610 010429.793 INFO             PET2       MODEL: Run extro {ES}:! ! ! DistGrid object is valid!<name: DG-Grid004-sloc:0>
20260610 010429.793 INFO             PET2       MODEL: Run extro {ES}:! ! ! --- DistGrid::log() end ----------------------------------
20260610 010429.793 INFO             PET2       MODEL: Run extro {ES}:! ! --- Array::log() end -------------------------------------
20260610 010429.793 INFO             PET2       MODEL: Run extro {ES}:!--- FieldLog() end -------------------
20260610 010429.793 INFO             PET2       MODEL: Run extro {ES}:--- StateLog() end -------------------
20260610 010429.793 INFO             PET2     MODEL: Run extro.
20260610 010429.793 INFO             PET2     driver: RunSequence event loopLevel=   1  levelMember=   1  loopIteration=   2, current time:    0  1  1  0  0 30   0
20260610 010429.793 INFO             PET2     MODEL: Run intro.
20260610 010429.793 INFO             PET2       MODEL: Run intro {IS}:--- StateLog() start -----------------
20260610 010429.793 INFO             PET2       MODEL: Run intro {IS}:<name: MODEL-ImportState> <intent: ESMF_STATEINTENT_IMPORT> <itemCount:    0>
20260610 010429.793 INFO             PET2       MODEL: Run intro {IS}:--- StateLog() end -------------------
20260610 010429.793 INFO             PET2       MODEL: Run intro {ES}:--- StateLog() start -----------------
20260610 010429.793 INFO             PET2       MODEL: Run intro {ES}:<name: MODEL-ExportState> <intent: ESMF_STATEINTENT_EXPORT> <itemCount:    2>
20260610 010429.793 INFO             PET2       MODEL: Run intro {ES}:+-<item: 0001> <itemType: Field> <itemName: pmsl>
20260610 010429.793 INFO             PET2       MODEL: Run intro {ES}:!--- FieldLog() start -----------------
20260610 010429.793 INFO             PET2       MODEL: Run intro {ES}:! <name: pmsl> <fieldStatus: ESMF_FIELDSTATUS_COMPLETE>
20260610 010429.793 INFO             PET2       MODEL: Run intro {ES}:! 0x7ffcf24c34c8 => 0x55f6d5288c80 => 0x55f6d5288ec0
20260610 010429.794 INFO             PET2       MODEL: Run intro {ES}:! <typekind: Real*8> <rank:    2> <dimCount:    2>
20260610 010429.794 INFO             PET2       MODEL: Run intro {ES}:! ! --- Array::log() start -----------------------------------
20260610 010429.794 INFO             PET2       MODEL: Run intro {ES}:! ! 0x55f6d5289e10
20260610 010429.794 INFO             PET2       MODEL: Run intro {ES}:! ! <name: pmsl>
20260610 010429.794 INFO             PET2       MODEL: Run intro {ES}:! ! ! --- DistGrid::log() start --------------------------------
20260610 010429.794 INFO             PET2       MODEL: Run intro {ES}:! ! ! 0x55f6d5283fc0
20260610 010429.794 INFO             PET2       MODEL: Run intro {ES}:! ! ! DistGrid object is valid!<name: DG-Grid004-sloc:0>
20260610 010429.794 INFO             PET2       MODEL: Run intro {ES}:! ! ! --- DistGrid::log() end ----------------------------------
20260610 010429.794 INFO             PET2       MODEL: Run intro {ES}:! ! --- Array::log() end -------------------------------------
20260610 010429.794 INFO             PET2       MODEL: Run intro {ES}:!--- FieldLog() end -------------------
20260610 010429.794 INFO             PET2       MODEL: Run intro {ES}:+-<item: 0002> <itemType: Field> <itemName: rsns>
20260610 010429.794 INFO             PET2       MODEL: Run intro {ES}:!--- FieldLog() start -----------------
20260610 010429.794 INFO             PET2       MODEL: Run intro {ES}:! <name: rsns> <fieldStatus: ESMF_FIELDSTATUS_COMPLETE>
20260610 010429.794 INFO             PET2       MODEL: Run intro {ES}:! 0x7ffcf24c34c8 => 0x55f6d528b8f0 => 0x55f6d528bb30
20260610 010429.794 INFO             PET2       MODEL: Run intro {ES}:! <typekind: Real*8> <rank:    2> <dimCount:    2>
20260610 010429.794 INFO             PET2       MODEL: Run intro {ES}:! ! --- Array::log() start -----------------------------------
20260610 010429.794 INFO             PET2       MODEL: Run intro {ES}:! ! 0x55f6d528c9a0
20260610 010429.794 INFO             PET2       MODEL: Run intro {ES}:! ! <name: rsns>
20260610 010429.794 INFO             PET2       MODEL: Run intro {ES}:! ! ! --- DistGrid::log() start --------------------------------
20260610 010429.794 INFO             PET2       MODEL: Run intro {ES}:! ! ! 0x55f6d5283fc0
20260610 010429.794 INFO             PET2       MODEL: Run intro {ES}:! ! ! DistGrid object is valid!<name: DG-Grid004-sloc:0>
20260610 010429.794 INFO             PET2       MODEL: Run intro {ES}:! ! ! --- DistGrid::log() end ----------------------------------
20260610 010429.794 INFO             PET2       MODEL: Run intro {ES}:! ! --- Array::log() end -------------------------------------
20260610 010429.794 INFO             PET2       MODEL: Run intro {ES}:!--- FieldLog() end -------------------
20260610 010429.794 INFO             PET2       MODEL: Run intro {ES}:--- StateLog() end -------------------
20260610 010429.794 INFO             PET2       >>>MODEL: entered Run (phase=RunPhase1) with current time:    0  1  1  0  0 30   0
20260610 010429.794 INFO             PET2       MODEL: time step-loop starting, current time:    0  1  1  0  0 30   0
20260610 010429.794 INFO             PET2       thread_num=   1   currentSsiPe=  62   num_threads=   3   max_threads=   3   num_procs= 126
20260610 010429.794 INFO             PET2       thread_num=   0   currentSsiPe=  57   num_threads=   3   max_threads=   3   num_procs= 126
20260610 010429.794 INFO             PET2       thread_num=   2   currentSsiPe=  15   num_threads=   3   max_threads=   3   num_procs= 126
20260610 010429.794 INFO             PET2       ---->Advancing Model from:    0  1  1  0  0 30   0
20260610 010429.794 INFO             PET2       ---------------------> to:    0  1  1  0  1  0   0
20260610 010429.794 INFO             PET2       MODEL: time step-loop ending,   current time:    0  1  1  0  1  0   0
20260610 010429.794 INFO             PET2       <<<MODEL: leaving Run (phase=RunPhase1) with current time:    0  1  1  0  1  0   0
20260610 010429.794 INFO             PET2       MODEL: Run extro {IS}:--- StateLog() start -----------------
20260610 010429.794 INFO             PET2       MODEL: Run extro {IS}:<name: MODEL-ImportState> <intent: ESMF_STATEINTENT_IMPORT> <itemCount:    0>
20260610 010429.794 INFO             PET2       MODEL: Run extro {IS}:--- StateLog() end -------------------
20260610 010429.794 INFO             PET2       MODEL: Run extro {ES}:--- StateLog() start -----------------
20260610 010429.794 INFO             PET2       MODEL: Run extro {ES}:<name: MODEL-ExportState> <intent: ESMF_STATEINTENT_EXPORT> <itemCount:    2>
20260610 010429.794 INFO             PET2       MODEL: Run extro {ES}:+-<item: 0001> <itemType: Field> <itemName: pmsl>
20260610 010429.794 INFO             PET2       MODEL: Run extro {ES}:!--- FieldLog() start -----------------
20260610 010429.794 INFO             PET2       MODEL: Run extro {ES}:! <name: pmsl> <fieldStatus: ESMF_FIELDSTATUS_COMPLETE>
20260610 010429.794 INFO             PET2       MODEL: Run extro {ES}:! 0x7ffcf24c33a8 => 0x55f6d5288c80 => 0x55f6d5288ec0
20260610 010429.794 INFO             PET2       MODEL: Run extro {ES}:! <typekind: Real*8> <rank:    2> <dimCount:    2>
20260610 010429.795 INFO             PET2       MODEL: Run extro {ES}:! ! --- Array::log() start -----------------------------------
20260610 010429.795 INFO             PET2       MODEL: Run extro {ES}:! ! 0x55f6d5289e10
20260610 010429.795 INFO             PET2       MODEL: Run extro {ES}:! ! <name: pmsl>
20260610 010429.795 INFO             PET2       MODEL: Run extro {ES}:! ! ! --- DistGrid::log() start --------------------------------
20260610 010429.795 INFO             PET2       MODEL: Run extro {ES}:! ! ! 0x55f6d5283fc0
20260610 010429.795 INFO             PET2       MODEL: Run extro {ES}:! ! ! DistGrid object is valid!<name: DG-Grid004-sloc:0>
20260610 010429.795 INFO             PET2       MODEL: Run extro {ES}:! ! ! --- DistGrid::log() end ----------------------------------
20260610 010429.795 INFO             PET2       MODEL: Run extro {ES}:! ! --- Array::log() end -------------------------------------
20260610 010429.795 INFO             PET2       MODEL: Run extro {ES}:!--- FieldLog() end -------------------
20260610 010429.795 INFO             PET2       MODEL: Run extro {ES}:+-<item: 0002> <itemType: Field> <itemName: rsns>
20260610 010429.795 INFO             PET2       MODEL: Run extro {ES}:!--- FieldLog() start -----------------
20260610 010429.795 INFO             PET2       MODEL: Run extro {ES}:! <name: rsns> <fieldStatus: ESMF_FIELDSTATUS_COMPLETE>
20260610 010429.795 INFO             PET2       MODEL: Run extro {ES}:! 0x7ffcf24c33a8 => 0x55f6d528b8f0 => 0x55f6d528bb30
20260610 010429.795 INFO             PET2       MODEL: Run extro {ES}:! <typekind: Real*8> <rank:    2> <dimCount:    2>
20260610 010429.795 INFO             PET2       MODEL: Run extro {ES}:! ! --- Array::log() start -----------------------------------
20260610 010429.795 INFO             PET2       MODEL: Run extro {ES}:! ! 0x55f6d528c9a0
20260610 010429.795 INFO             PET2       MODEL: Run extro {ES}:! ! <name: rsns>
20260610 010429.795 INFO             PET2       MODEL: Run extro {ES}:! ! ! --- DistGrid::log() start --------------------------------
20260610 010429.795 INFO             PET2       MODEL: Run extro {ES}:! ! ! 0x55f6d5283fc0
20260610 010429.795 INFO             PET2       MODEL: Run extro {ES}:! ! ! DistGrid object is valid!<name: DG-Grid004-sloc:0>
20260610 010429.795 INFO             PET2       MODEL: Run extro {ES}:! ! ! --- DistGrid::log() end ----------------------------------
20260610 010429.795 INFO             PET2       MODEL: Run extro {ES}:! ! --- Array::log() end -------------------------------------
20260610 010429.795 INFO             PET2       MODEL: Run extro {ES}:!--- FieldLog() end -------------------
20260610 010429.795 INFO             PET2       MODEL: Run extro {ES}:--- StateLog() end -------------------
20260610 010429.795 INFO             PET2     MODEL: Run extro.
20260610 010429.795 INFO             PET2     driver: RunSequence event loopLevel=   1  levelMember=   1  loopIteration=   3, current time:    0  1  1  0  1  0   0
20260610 010429.795 INFO             PET2     MODEL: Run intro.
20260610 010429.795 INFO             PET2       MODEL: Run intro {IS}:--- StateLog() start -----------------
20260610 010429.795 INFO             PET2       MODEL: Run intro {IS}:<name: MODEL-ImportState> <intent: ESMF_STATEINTENT_IMPORT> <itemCount:    0>
20260610 010429.795 INFO             PET2       MODEL: Run intro {IS}:--- StateLog() end -------------------
20260610 010429.795 INFO             PET2       MODEL: Run intro {ES}:--- StateLog() start -----------------
20260610 010429.795 INFO             PET2       MODEL: Run intro {ES}:<name: MODEL-ExportState> <intent: ESMF_STATEINTENT_EXPORT> <itemCount:    2>
20260610 010429.795 INFO             PET2       MODEL: Run intro {ES}:+-<item: 0001> <itemType: Field> <itemName: pmsl>
20260610 010429.795 INFO             PET2       MODEL: Run intro {ES}:!--- FieldLog() start -----------------
20260610 010429.795 INFO             PET2       MODEL: Run intro {ES}:! <name: pmsl> <fieldStatus: ESMF_FIELDSTATUS_COMPLETE>
20260610 010429.795 INFO             PET2       MODEL: Run intro {ES}:! 0x7ffcf24c3448 => 0x55f6d5288c80 => 0x55f6d5288ec0
20260610 010429.795 INFO             PET2       MODEL: Run intro {ES}:! <typekind: Real*8> <rank:    2> <dimCount:    2>
20260610 010429.795 INFO             PET2       MODEL: Run intro {ES}:! ! --- Array::log() start -----------------------------------
20260610 010429.795 INFO             PET2       MODEL: Run intro {ES}:! ! 0x55f6d5289e10
20260610 010429.795 INFO             PET2       MODEL: Run intro {ES}:! ! <name: pmsl>
20260610 010429.795 INFO             PET2       MODEL: Run intro {ES}:! ! ! --- DistGrid::log() start --------------------------------
20260610 010429.795 INFO             PET2       MODEL: Run intro {ES}:! ! ! 0x55f6d5283fc0
20260610 010429.795 INFO             PET2       MODEL: Run intro {ES}:! ! ! DistGrid object is valid!<name: DG-Grid004-sloc:0>
20260610 010429.795 INFO             PET2       MODEL: Run intro {ES}:! ! ! --- DistGrid::log() end ----------------------------------
20260610 010429.795 INFO             PET2       MODEL: Run intro {ES}:! ! --- Array::log() end -------------------------------------
20260610 010429.795 INFO             PET2       MODEL: Run intro {ES}:!--- FieldLog() end -------------------
20260610 010429.795 INFO             PET2       MODEL: Run intro {ES}:+-<item: 0002> <itemType: Field> <itemName: rsns>
20260610 010429.795 INFO             PET2       MODEL: Run intro {ES}:!--- FieldLog() start -----------------
20260610 010429.795 INFO             PET2       MODEL: Run intro {ES}:! <name: rsns> <fieldStatus: ESMF_FIELDSTATUS_COMPLETE>
20260610 010429.795 INFO             PET2       MODEL: Run intro {ES}:! 0x7ffcf24c3448 => 0x55f6d528b8f0 => 0x55f6d528bb30
20260610 010429.796 INFO             PET2       MODEL: Run intro {ES}:! <typekind: Real*8> <rank:    2> <dimCount:    2>
20260610 010429.796 INFO             PET2       MODEL: Run intro {ES}:! ! --- Array::log() start -----------------------------------
20260610 010429.796 INFO             PET2       MODEL: Run intro {ES}:! ! 0x55f6d528c9a0
20260610 010429.796 INFO             PET2       MODEL: Run intro {ES}:! ! <name: rsns>
20260610 010429.796 INFO             PET2       MODEL: Run intro {ES}:! ! ! --- DistGrid::log() start --------------------------------
20260610 010429.796 INFO             PET2       MODEL: Run intro {ES}:! ! ! 0x55f6d5283fc0
20260610 010429.796 INFO             PET2       MODEL: Run intro {ES}:! ! ! DistGrid object is valid!<name: DG-Grid004-sloc:0>
20260610 010429.796 INFO             PET2       MODEL: Run intro {ES}:! ! ! --- DistGrid::log() end ----------------------------------
20260610 010429.796 INFO             PET2       MODEL: Run intro {ES}:! ! --- Array::log() end -------------------------------------
20260610 010429.796 INFO             PET2       MODEL: Run intro {ES}:!--- FieldLog() end -------------------
20260610 010429.796 INFO             PET2       MODEL: Run intro {ES}:--- StateLog() end -------------------
20260610 010429.796 INFO             PET2       >>>MODEL: entered Run (phase=RunPhase1) with current time:    0  1  1  0  1  0   0
20260610 010429.796 INFO             PET2       MODEL: time step-loop starting, current time:    0  1  1  0  1  0   0
20260610 010429.796 INFO             PET2       thread_num=   1   currentSsiPe=  62   num_threads=   3   max_threads=   3   num_procs= 126
20260610 010429.796 INFO             PET2       thread_num=   0   currentSsiPe=  57   num_threads=   3   max_threads=   3   num_procs= 126
20260610 010429.796 INFO             PET2       thread_num=   2   currentSsiPe=  15   num_threads=   3   max_threads=   3   num_procs= 126
20260610 010429.796 INFO             PET2       ---->Advancing Model from:    0  1  1  0  1  0   0
20260610 010429.796 INFO             PET2       ---------------------> to:    0  1  1  0  1 30   0
20260610 010429.796 INFO             PET2       MODEL: time step-loop ending,   current time:    0  1  1  0  1 30   0
20260610 010429.796 INFO             PET2       <<<MODEL: leaving Run (phase=RunPhase1) with current time:    0  1  1  0  1 30   0
20260610 010429.796 INFO             PET2       MODEL: Run extro {IS}:--- StateLog() start -----------------
20260610 010429.796 INFO             PET2       MODEL: Run extro {IS}:<name: MODEL-ImportState> <intent: ESMF_STATEINTENT_IMPORT> <itemCount:    0>
20260610 010429.796 INFO             PET2       MODEL: Run extro {IS}:--- StateLog() end -------------------
20260610 010429.796 INFO             PET2       MODEL: Run extro {ES}:--- StateLog() start -----------------
20260610 010429.796 INFO             PET2       MODEL: Run extro {ES}:<name: MODEL-ExportState> <intent: ESMF_STATEINTENT_EXPORT> <itemCount:    2>
20260610 010429.796 INFO             PET2       MODEL: Run extro {ES}:+-<item: 0001> <itemType: Field> <itemName: pmsl>
20260610 010429.796 INFO             PET2       MODEL: Run extro {ES}:!--- FieldLog() start -----------------
20260610 010429.796 INFO             PET2       MODEL: Run extro {ES}:! <name: pmsl> <fieldStatus: ESMF_FIELDSTATUS_COMPLETE>
20260610 010429.796 INFO             PET2       MODEL: Run extro {ES}:! 0x7ffcf24c3328 => 0x55f6d5288c80 => 0x55f6d5288ec0
20260610 010429.796 INFO             PET2       MODEL: Run extro {ES}:! <typekind: Real*8> <rank:    2> <dimCount:    2>
20260610 010429.796 INFO             PET2       MODEL: Run extro {ES}:! ! --- Array::log() start -----------------------------------
20260610 010429.796 INFO             PET2       MODEL: Run extro {ES}:! ! 0x55f6d5289e10
20260610 010429.796 INFO             PET2       MODEL: Run extro {ES}:! ! <name: pmsl>
20260610 010429.796 INFO             PET2       MODEL: Run extro {ES}:! ! ! --- DistGrid::log() start --------------------------------
20260610 010429.796 INFO             PET2       MODEL: Run extro {ES}:! ! ! 0x55f6d5283fc0
20260610 010429.796 INFO             PET2       MODEL: Run extro {ES}:! ! ! DistGrid object is valid!<name: DG-Grid004-sloc:0>
20260610 010429.796 INFO             PET2       MODEL: Run extro {ES}:! ! ! --- DistGrid::log() end ----------------------------------
20260610 010429.796 INFO             PET2       MODEL: Run extro {ES}:! ! --- Array::log() end -------------------------------------
20260610 010429.796 INFO             PET2       MODEL: Run extro {ES}:!--- FieldLog() end -------------------
20260610 010429.796 INFO             PET2       MODEL: Run extro {ES}:+-<item: 0002> <itemType: Field> <itemName: rsns>
20260610 010429.796 INFO             PET2       MODEL: Run extro {ES}:!--- FieldLog() start -----------------
20260610 010429.796 INFO             PET2       MODEL: Run extro {ES}:! <name: rsns> <fieldStatus: ESMF_FIELDSTATUS_COMPLETE>
20260610 010429.796 INFO             PET2       MODEL: Run extro {ES}:! 0x7ffcf24c3328 => 0x55f6d528b8f0 => 0x55f6d528bb30
20260610 010429.796 INFO             PET2       MODEL: Run extro {ES}:! <typekind: Real*8> <rank:    2> <dimCount:    2>
20260610 010429.796 INFO             PET2       MODEL: Run extro {ES}:! ! --- Array::log() start -----------------------------------
20260610 010429.796 INFO             PET2       MODEL: Run extro {ES}:! ! 0x55f6d528c9a0
20260610 010429.796 INFO             PET2       MODEL: Run extro {ES}:! ! <name: rsns>
20260610 010429.796 INFO             PET2       MODEL: Run extro {ES}:! ! ! --- DistGrid::log() start --------------------------------
20260610 010429.796 INFO             PET2       MODEL: Run extro {ES}:! ! ! 0x55f6d5283fc0
20260610 010429.796 INFO             PET2       MODEL: Run extro {ES}:! ! ! DistGrid object is valid!<name: DG-Grid004-sloc:0>
20260610 010429.796 INFO             PET2       MODEL: Run extro {ES}:! ! ! --- DistGrid::log() end ----------------------------------
20260610 010429.796 INFO             PET2       MODEL: Run extro {ES}:! ! --- Array::log() end -------------------------------------
20260610 010429.796 INFO             PET2       MODEL: Run extro {ES}:!--- FieldLog() end -------------------
20260610 010429.796 INFO             PET2       MODEL: Run extro {ES}:--- StateLog() end -------------------
20260610 010429.796 INFO             PET2     MODEL: Run extro.
20260610 010429.796 INFO             PET2     driver: RunSequence event loopLevel=   1  levelMember=   1  loopIteration=   4, current time:    0  1  1  0  1 30   0
20260610 010429.797 INFO             PET2     MODEL: Run intro.
20260610 010429.797 INFO             PET2       MODEL: Run intro {IS}:--- StateLog() start -----------------
20260610 010429.797 INFO             PET2       MODEL: Run intro {IS}:<name: MODEL-ImportState> <intent: ESMF_STATEINTENT_IMPORT> <itemCount:    0>
20260610 010429.797 INFO             PET2       MODEL: Run intro {IS}:--- StateLog() end -------------------
20260610 010429.797 INFO             PET2       MODEL: Run intro {ES}:--- StateLog() start -----------------
20260610 010429.797 INFO             PET2       MODEL: Run intro {ES}:<name: MODEL-ExportState> <intent: ESMF_STATEINTENT_EXPORT> <itemCount:    2>
20260610 010429.797 INFO             PET2       MODEL: Run intro {ES}:+-<item: 0001> <itemType: Field> <itemName: pmsl>
20260610 010429.797 INFO             PET2       MODEL: Run intro {ES}:!--- FieldLog() start -----------------
20260610 010429.797 INFO             PET2       MODEL: Run intro {ES}:! <name: pmsl> <fieldStatus: ESMF_FIELDSTATUS_COMPLETE>
20260610 010429.797 INFO             PET2       MODEL: Run intro {ES}:! 0x7ffcf24c33c8 => 0x55f6d5288c80 => 0x55f6d5288ec0
20260610 010429.797 INFO             PET2       MODEL: Run intro {ES}:! <typekind: Real*8> <rank:    2> <dimCount:    2>
20260610 010429.797 INFO             PET2       MODEL: Run intro {ES}:! ! --- Array::log() start -----------------------------------
20260610 010429.797 INFO             PET2       MODEL: Run intro {ES}:! ! 0x55f6d5289e10
20260610 010429.797 INFO             PET2       MODEL: Run intro {ES}:! ! <name: pmsl>
20260610 010429.797 INFO             PET2       MODEL: Run intro {ES}:! ! ! --- DistGrid::log() start --------------------------------
20260610 010429.797 INFO             PET2       MODEL: Run intro {ES}:! ! ! 0x55f6d5283fc0
20260610 010429.797 INFO             PET2       MODEL: Run intro {ES}:! ! ! DistGrid object is valid!<name: DG-Grid004-sloc:0>
20260610 010429.797 INFO             PET2       MODEL: Run intro {ES}:! ! ! --- DistGrid::log() end ----------------------------------
20260610 010429.797 INFO             PET2       MODEL: Run intro {ES}:! ! --- Array::log() end -------------------------------------
20260610 010429.797 INFO             PET2       MODEL: Run intro {ES}:!--- FieldLog() end -------------------
20260610 010429.797 INFO             PET2       MODEL: Run intro {ES}:+-<item: 0002> <itemType: Field> <itemName: rsns>
20260610 010429.797 INFO             PET2       MODEL: Run intro {ES}:!--- FieldLog() start -----------------
20260610 010429.797 INFO             PET2       MODEL: Run intro {ES}:! <name: rsns> <fieldStatus: ESMF_FIELDSTATUS_COMPLETE>
20260610 010429.797 INFO             PET2       MODEL: Run intro {ES}:! 0x7ffcf24c33c8 => 0x55f6d528b8f0 => 0x55f6d528bb30
20260610 010429.797 INFO             PET2       MODEL: Run intro {ES}:! <typekind: Real*8> <rank:    2> <dimCount:    2>
20260610 010429.797 INFO             PET2       MODEL: Run intro {ES}:! ! --- Array::log() start -----------------------------------
20260610 010429.797 INFO             PET2       MODEL: Run intro {ES}:! ! 0x55f6d528c9a0
20260610 010429.797 INFO             PET2       MODEL: Run intro {ES}:! ! <name: rsns>
20260610 010429.797 INFO             PET2       MODEL: Run intro {ES}:! ! ! --- DistGrid::log() start --------------------------------
20260610 010429.797 INFO             PET2       MODEL: Run intro {ES}:! ! ! 0x55f6d5283fc0
20260610 010429.797 INFO             PET2       MODEL: Run intro {ES}:! ! ! DistGrid object is valid!<name: DG-Grid004-sloc:0>
20260610 010429.797 INFO             PET2       MODEL: Run intro {ES}:! ! ! --- DistGrid::log() end ----------------------------------
20260610 010429.797 INFO             PET2       MODEL: Run intro {ES}:! ! --- Array::log() end -------------------------------------
20260610 010429.797 INFO             PET2       MODEL: Run intro {ES}:!--- FieldLog() end -------------------
20260610 010429.797 INFO             PET2       MODEL: Run intro {ES}:--- StateLog() end -------------------
20260610 010429.797 INFO             PET2       >>>MODEL: entered Run (phase=RunPhase1) with current time:    0  1  1  0  1 30   0
20260610 010429.797 INFO             PET2       MODEL: time step-loop starting, current time:    0  1  1  0  1 30   0
20260610 010429.797 INFO             PET2       thread_num=   1   currentSsiPe=  62   num_threads=   3   max_threads=   3   num_procs= 126
20260610 010429.797 INFO             PET2       thread_num=   0   currentSsiPe=  57   num_threads=   3   max_threads=   3   num_procs= 126
20260610 010429.797 INFO             PET2       thread_num=   2   currentSsiPe=  15   num_threads=   3   max_threads=   3   num_procs= 126
20260610 010429.797 INFO             PET2       ---->Advancing Model from:    0  1  1  0  1 30   0
20260610 010429.797 INFO             PET2       ---------------------> to:    0  1  1  0  2  0   0
20260610 010429.797 INFO             PET2       MODEL: time step-loop ending,   current time:    0  1  1  0  2  0   0
20260610 010429.797 INFO             PET2       <<<MODEL: leaving Run (phase=RunPhase1) with current time:    0  1  1  0  2  0   0
20260610 010429.797 INFO             PET2       MODEL: Run extro {IS}:--- StateLog() start -----------------
20260610 010429.797 INFO             PET2       MODEL: Run extro {IS}:<name: MODEL-ImportState> <intent: ESMF_STATEINTENT_IMPORT> <itemCount:    0>
20260610 010429.797 INFO             PET2       MODEL: Run extro {IS}:--- StateLog() end -------------------
20260610 010429.797 INFO             PET2       MODEL: Run extro {ES}:--- StateLog() start -----------------
20260610 010429.797 INFO             PET2       MODEL: Run extro {ES}:<name: MODEL-ExportState> <intent: ESMF_STATEINTENT_EXPORT> <itemCount:    2>
20260610 010429.797 INFO             PET2       MODEL: Run extro {ES}:+-<item: 0001> <itemType: Field> <itemName: pmsl>
20260610 010429.798 INFO             PET2       MODEL: Run extro {ES}:!--- FieldLog() start -----------------
20260610 010429.798 INFO             PET2       MODEL: Run extro {ES}:! <name: pmsl> <fieldStatus: ESMF_FIELDSTATUS_COMPLETE>
20260610 010429.798 INFO             PET2       MODEL: Run extro {ES}:! 0x7ffcf24c32a8 => 0x55f6d5288c80 => 0x55f6d5288ec0
20260610 010429.798 INFO             PET2       MODEL: Run extro {ES}:! <typekind: Real*8> <rank:    2> <dimCount:    2>
20260610 010429.798 INFO             PET2       MODEL: Run extro {ES}:! ! --- Array::log() start -----------------------------------
20260610 010429.798 INFO             PET2       MODEL: Run extro {ES}:! ! 0x55f6d5289e10
20260610 010429.798 INFO             PET2       MODEL: Run extro {ES}:! ! <name: pmsl>
20260610 010429.798 INFO             PET2       MODEL: Run extro {ES}:! ! ! --- DistGrid::log() start --------------------------------
20260610 010429.798 INFO             PET2       MODEL: Run extro {ES}:! ! ! 0x55f6d5283fc0
20260610 010429.798 INFO             PET2       MODEL: Run extro {ES}:! ! ! DistGrid object is valid!<name: DG-Grid004-sloc:0>
20260610 010429.798 INFO             PET2       MODEL: Run extro {ES}:! ! ! --- DistGrid::log() end ----------------------------------
20260610 010429.798 INFO             PET2       MODEL: Run extro {ES}:! ! --- Array::log() end -------------------------------------
20260610 010429.798 INFO             PET2       MODEL: Run extro {ES}:!--- FieldLog() end -------------------
20260610 010429.798 INFO             PET2       MODEL: Run extro {ES}:+-<item: 0002> <itemType: Field> <itemName: rsns>
20260610 010429.798 INFO             PET2       MODEL: Run extro {ES}:!--- FieldLog() start -----------------
20260610 010429.798 INFO             PET2       MODEL: Run extro {ES}:! <name: rsns> <fieldStatus: ESMF_FIELDSTATUS_COMPLETE>
20260610 010429.798 INFO             PET2       MODEL: Run extro {ES}:! 0x7ffcf24c32a8 => 0x55f6d528b8f0 => 0x55f6d528bb30
20260610 010429.798 INFO             PET2       MODEL: Run extro {ES}:! <typekind: Real*8> <rank:    2> <dimCount:    2>
20260610 010429.798 INFO             PET2       MODEL: Run extro {ES}:! ! --- Array::log() start -----------------------------------
20260610 010429.798 INFO             PET2       MODEL: Run extro {ES}:! ! 0x55f6d528c9a0
20260610 010429.798 INFO             PET2       MODEL: Run extro {ES}:! ! <name: rsns>
20260610 010429.798 INFO             PET2       MODEL: Run extro {ES}:! ! ! --- DistGrid::log() start --------------------------------
20260610 010429.798 INFO             PET2       MODEL: Run extro {ES}:! ! ! 0x55f6d5283fc0
20260610 010429.798 INFO             PET2       MODEL: Run extro {ES}:! ! ! DistGrid object is valid!<name: DG-Grid004-sloc:0>
20260610 010429.798 INFO             PET2       MODEL: Run extro {ES}:! ! ! --- DistGrid::log() end ----------------------------------
20260610 010429.798 INFO             PET2       MODEL: Run extro {ES}:! ! --- Array::log() end -------------------------------------
20260610 010429.798 INFO             PET2       MODEL: Run extro {ES}:!--- FieldLog() end -------------------
20260610 010429.798 INFO             PET2       MODEL: Run extro {ES}:--- StateLog() end -------------------
20260610 010429.798 INFO             PET2     MODEL: Run extro.
20260610 010429.798 INFO             PET2     driver: RunSequence event loopLevel=   1  levelMember=   1  loopIteration=   5, current time:    0  1  1  0  2  0   0
20260610 010429.798 INFO             PET2     MODEL: Run intro.
20260610 010429.798 INFO             PET2       MODEL: Run intro {IS}:--- StateLog() start -----------------
20260610 010429.798 INFO             PET2       MODEL: Run intro {IS}:<name: MODEL-ImportState> <intent: ESMF_STATEINTENT_IMPORT> <itemCount:    0>
20260610 010429.798 INFO             PET2       MODEL: Run intro {IS}:--- StateLog() end -------------------
20260610 010429.798 INFO             PET2       MODEL: Run intro {ES}:--- StateLog() start -----------------
20260610 010429.798 INFO             PET2       MODEL: Run intro {ES}:<name: MODEL-ExportState> <intent: ESMF_STATEINTENT_EXPORT> <itemCount:    2>
20260610 010429.798 INFO             PET2       MODEL: Run intro {ES}:+-<item: 0001> <itemType: Field> <itemName: pmsl>
20260610 010429.798 INFO             PET2       MODEL: Run intro {ES}:!--- FieldLog() start -----------------
20260610 010429.798 INFO             PET2       MODEL: Run intro {ES}:! <name: pmsl> <fieldStatus: ESMF_FIELDSTATUS_COMPLETE>
20260610 010429.798 INFO             PET2       MODEL: Run intro {ES}:! 0x7ffcf24c3348 => 0x55f6d5288c80 => 0x55f6d5288ec0
20260610 010429.798 INFO             PET2       MODEL: Run intro {ES}:! <typekind: Real*8> <rank:    2> <dimCount:    2>
20260610 010429.798 INFO             PET2       MODEL: Run intro {ES}:! ! --- Array::log() start -----------------------------------
20260610 010429.798 INFO             PET2       MODEL: Run intro {ES}:! ! 0x55f6d5289e10
20260610 010429.798 INFO             PET2       MODEL: Run intro {ES}:! ! <name: pmsl>
20260610 010429.798 INFO             PET2       MODEL: Run intro {ES}:! ! ! --- DistGrid::log() start --------------------------------
20260610 010429.798 INFO             PET2       MODEL: Run intro {ES}:! ! ! 0x55f6d5283fc0
20260610 010429.798 INFO             PET2       MODEL: Run intro {ES}:! ! ! DistGrid object is valid!<name: DG-Grid004-sloc:0>
20260610 010429.798 INFO             PET2       MODEL: Run intro {ES}:! ! ! --- DistGrid::log() end ----------------------------------
20260610 010429.798 INFO             PET2       MODEL: Run intro {ES}:! ! --- Array::log() end -------------------------------------
20260610 010429.798 INFO             PET2       MODEL: Run intro {ES}:!--- FieldLog() end -------------------
20260610 010429.799 INFO             PET2       MODEL: Run intro {ES}:+-<item: 0002> <itemType: Field> <itemName: rsns>
20260610 010429.799 INFO             PET2       MODEL: Run intro {ES}:!--- FieldLog() start -----------------
20260610 010429.799 INFO             PET2       MODEL: Run intro {ES}:! <name: rsns> <fieldStatus: ESMF_FIELDSTATUS_COMPLETE>
20260610 010429.799 INFO             PET2       MODEL: Run intro {ES}:! 0x7ffcf24c3348 => 0x55f6d528b8f0 => 0x55f6d528bb30
20260610 010429.799 INFO             PET2       MODEL: Run intro {ES}:! <typekind: Real*8> <rank:    2> <dimCount:    2>
20260610 010429.799 INFO             PET2       MODEL: Run intro {ES}:! ! --- Array::log() start -----------------------------------
20260610 010429.799 INFO             PET2       MODEL: Run intro {ES}:! ! 0x55f6d528c9a0
20260610 010429.799 INFO             PET2       MODEL: Run intro {ES}:! ! <name: rsns>
20260610 010429.799 INFO             PET2       MODEL: Run intro {ES}:! ! ! --- DistGrid::log() start --------------------------------
20260610 010429.799 INFO             PET2       MODEL: Run intro {ES}:! ! ! 0x55f6d5283fc0
20260610 010429.799 INFO             PET2       MODEL: Run intro {ES}:! ! ! DistGrid object is valid!<name: DG-Grid004-sloc:0>
20260610 010429.799 INFO             PET2       MODEL: Run intro {ES}:! ! ! --- DistGrid::log() end ----------------------------------
20260610 010429.799 INFO             PET2       MODEL: Run intro {ES}:! ! --- Array::log() end -------------------------------------
20260610 010429.799 INFO             PET2       MODEL: Run intro {ES}:!--- FieldLog() end -------------------
20260610 010429.799 INFO             PET2       MODEL: Run intro {ES}:--- StateLog() end -------------------
20260610 010429.799 INFO             PET2       >>>MODEL: entered Run (phase=RunPhase1) with current time:    0  1  1  0  2  0   0
20260610 010429.799 INFO             PET2       MODEL: time step-loop starting, current time:    0  1  1  0  2  0   0
20260610 010429.799 INFO             PET2       thread_num=   1   currentSsiPe=  62   num_threads=   3   max_threads=   3   num_procs= 126
20260610 010429.799 INFO             PET2       thread_num=   0   currentSsiPe=  57   num_threads=   3   max_threads=   3   num_procs= 126
20260610 010429.799 INFO             PET2       thread_num=   2   currentSsiPe=  15   num_threads=   3   max_threads=   3   num_procs= 126
20260610 010429.799 INFO             PET2       ---->Advancing Model from:    0  1  1  0  2  0   0
20260610 010429.799 INFO             PET2       ---------------------> to:    0  1  1  0  2 30   0
20260610 010429.799 INFO             PET2       MODEL: time step-loop ending,   current time:    0  1  1  0  2 30   0
20260610 010429.799 INFO             PET2       <<<MODEL: leaving Run (phase=RunPhase1) with current time:    0  1  1  0  2 30   0
20260610 010429.799 INFO             PET2       MODEL: Run extro {IS}:--- StateLog() start -----------------
20260610 010429.799 INFO             PET2       MODEL: Run extro {IS}:<name: MODEL-ImportState> <intent: ESMF_STATEINTENT_IMPORT> <itemCount:    0>
20260610 010429.799 INFO             PET2       MODEL: Run extro {IS}:--- StateLog() end -------------------
20260610 010429.799 INFO             PET2       MODEL: Run extro {ES}:--- StateLog() start -----------------
20260610 010429.799 INFO             PET2       MODEL: Run extro {ES}:<name: MODEL-ExportState> <intent: ESMF_STATEINTENT_EXPORT> <itemCount:    2>
20260610 010429.799 INFO             PET2       MODEL: Run extro {ES}:+-<item: 0001> <itemType: Field> <itemName: pmsl>
20260610 010429.799 INFO             PET2       MODEL: Run extro {ES}:!--- FieldLog() start -----------------
20260610 010429.799 INFO             PET2       MODEL: Run extro {ES}:! <name: pmsl> <fieldStatus: ESMF_FIELDSTATUS_COMPLETE>
20260610 010429.799 INFO             PET2       MODEL: Run extro {ES}:! 0x7ffcf24c3228 => 0x55f6d5288c80 => 0x55f6d5288ec0
20260610 010429.799 INFO             PET2       MODEL: Run extro {ES}:! <typekind: Real*8> <rank:    2> <dimCount:    2>
20260610 010429.799 INFO             PET2       MODEL: Run extro {ES}:! ! --- Array::log() start -----------------------------------
20260610 010429.799 INFO             PET2       MODEL: Run extro {ES}:! ! 0x55f6d5289e10
20260610 010429.799 INFO             PET2       MODEL: Run extro {ES}:! ! <name: pmsl>
20260610 010429.799 INFO             PET2       MODEL: Run extro {ES}:! ! ! --- DistGrid::log() start --------------------------------
20260610 010429.799 INFO             PET2       MODEL: Run extro {ES}:! ! ! 0x55f6d5283fc0
20260610 010429.799 INFO             PET2       MODEL: Run extro {ES}:! ! ! DistGrid object is valid!<name: DG-Grid004-sloc:0>
20260610 010429.799 INFO             PET2       MODEL: Run extro {ES}:! ! ! --- DistGrid::log() end ----------------------------------
20260610 010429.799 INFO             PET2       MODEL: Run extro {ES}:! ! --- Array::log() end -------------------------------------
20260610 010429.799 INFO             PET2       MODEL: Run extro {ES}:!--- FieldLog() end -------------------
20260610 010429.799 INFO             PET2       MODEL: Run extro {ES}:+-<item: 0002> <itemType: Field> <itemName: rsns>
20260610 010429.799 INFO             PET2       MODEL: Run extro {ES}:!--- FieldLog() start -----------------
20260610 010429.799 INFO             PET2       MODEL: Run extro {ES}:! <name: rsns> <fieldStatus: ESMF_FIELDSTATUS_COMPLETE>
20260610 010429.799 INFO             PET2       MODEL: Run extro {ES}:! 0x7ffcf24c3228 => 0x55f6d528b8f0 => 0x55f6d528bb30
20260610 010429.799 INFO             PET2       MODEL: Run extro {ES}:! <typekind: Real*8> <rank:    2> <dimCount:    2>
20260610 010429.799 INFO             PET2       MODEL: Run extro {ES}:! ! --- Array::log() start -----------------------------------
20260610 010429.799 INFO             PET2       MODEL: Run extro {ES}:! ! 0x55f6d528c9a0
20260610 010429.799 INFO             PET2       MODEL: Run extro {ES}:! ! <name: rsns>
20260610 010429.799 INFO             PET2       MODEL: Run extro {ES}:! ! ! --- DistGrid::log() start --------------------------------
20260610 010429.799 INFO             PET2       MODEL: Run extro {ES}:! ! ! 0x55f6d5283fc0
20260610 010429.799 INFO             PET2       MODEL: Run extro {ES}:! ! ! DistGrid object is valid!<name: DG-Grid004-sloc:0>
20260610 010429.800 INFO             PET2       MODEL: Run extro {ES}:! ! ! --- DistGrid::log() end ----------------------------------
20260610 010429.800 INFO             PET2       MODEL: Run extro {ES}:! ! --- Array::log() end -------------------------------------
20260610 010429.800 INFO             PET2       MODEL: Run extro {ES}:!--- FieldLog() end -------------------
20260610 010429.800 INFO             PET2       MODEL: Run extro {ES}:--- StateLog() end -------------------
20260610 010429.800 INFO             PET2     MODEL: Run extro.
20260610 010429.800 INFO             PET2   driver: end <--------- RunSequence
20260610 010429.800 INFO             PET2   <<<driver: leaving Run (phase=RunPhase1) with current time:    0  1  1  0  2 30   0
20260610 010429.800 INFO             PET2   driver: Run extro {IS}:--- StateLog() start -----------------
20260610 010429.800 INFO             PET2   driver: Run extro {IS}:State object is invalid! Not created or deleted!
20260610 010429.800 INFO             PET2   driver: Run extro {IS}:--- StateLog() end -------------------
20260610 010429.800 INFO             PET2   driver: Run extro {ES}:--- StateLog() start -----------------
20260610 010429.800 INFO             PET2   driver: Run extro {ES}:State object is invalid! Not created or deleted!
20260610 010429.800 INFO             PET2   driver: Run extro {ES}:--- StateLog() end -------------------
20260610 010429.800 INFO             PET2 driver: Run extro.
20260610 010429.800 INFO             PET2 driver: Finalize intro.
20260610 010429.800 INFO             PET2   driver: Finalize intro {IS}:--- StateLog() start -----------------
20260610 010429.800 INFO             PET2   driver: Finalize intro {IS}:State object is invalid! Not created or deleted!
20260610 010429.800 INFO             PET2   driver: Finalize intro {IS}:--- StateLog() end -------------------
20260610 010429.800 INFO             PET2   driver: Finalize intro {ES}:--- StateLog() start -----------------
20260610 010429.800 INFO             PET2   driver: Finalize intro {ES}:State object is invalid! Not created or deleted!
20260610 010429.800 INFO             PET2   driver: Finalize intro {ES}:--- StateLog() end -------------------
20260610 010429.800 INFO             PET2   >>>driver: entered Finalize (phase=FinalizePhase1) with current time:    0  1  1  0  2 30   0
20260610 010429.800 INFO             PET2   Calling Finalize phase 1 for modelComp: MODEL
20260610 010429.800 INFO             PET2   MODEL: Finalize intro.
20260610 010429.800 INFO             PET2     MODEL: Finalize intro {IS}:--- StateLog() start -----------------
20260610 010429.800 INFO             PET2     MODEL: Finalize intro {IS}:<name: MODEL-ImportState> <intent: ESMF_STATEINTENT_IMPORT> <itemCount:    0>
20260610 010429.800 INFO             PET2     MODEL: Finalize intro {IS}:--- StateLog() end -------------------
20260610 010429.800 INFO             PET2     MODEL: Finalize intro {ES}:--- StateLog() start -----------------
20260610 010429.800 INFO             PET2     MODEL: Finalize intro {ES}:<name: MODEL-ExportState> <intent: ESMF_STATEINTENT_EXPORT> <itemCount:    2>
20260610 010429.800 INFO             PET2     MODEL: Finalize intro {ES}:+-<item: 0001> <itemType: Field> <itemName: pmsl>
20260610 010429.800 INFO             PET2     MODEL: Finalize intro {ES}:!--- FieldLog() start -----------------
20260610 010429.800 INFO             PET2     MODEL: Finalize intro {ES}:! <name: pmsl> <fieldStatus: ESMF_FIELDSTATUS_COMPLETE>
20260610 010429.800 INFO             PET2     MODEL: Finalize intro {ES}:! 0x7ffcf24c49a8 => 0x55f6d5288c80 => 0x55f6d5288ec0
20260610 010429.800 INFO             PET2     MODEL: Finalize intro {ES}:! <typekind: Real*8> <rank:    2> <dimCount:    2>
20260610 010429.800 INFO             PET2     MODEL: Finalize intro {ES}:! ! --- Array::log() start -----------------------------------
20260610 010429.800 INFO             PET2     MODEL: Finalize intro {ES}:! ! 0x55f6d5289e10
20260610 010429.800 INFO             PET2     MODEL: Finalize intro {ES}:! ! <name: pmsl>
20260610 010429.800 INFO             PET2     MODEL: Finalize intro {ES}:! ! ! --- DistGrid::log() start --------------------------------
20260610 010429.800 INFO             PET2     MODEL: Finalize intro {ES}:! ! ! 0x55f6d5283fc0
20260610 010429.800 INFO             PET2     MODEL: Finalize intro {ES}:! ! ! DistGrid object is valid!<name: DG-Grid004-sloc:0>
20260610 010429.800 INFO             PET2     MODEL: Finalize intro {ES}:! ! ! --- DistGrid::log() end ----------------------------------
20260610 010429.800 INFO             PET2     MODEL: Finalize intro {ES}:! ! --- Array::log() end -------------------------------------
20260610 010429.800 INFO             PET2     MODEL: Finalize intro {ES}:!--- FieldLog() end -------------------
20260610 010429.800 INFO             PET2     MODEL: Finalize intro {ES}:+-<item: 0002> <itemType: Field> <itemName: rsns>
20260610 010429.800 INFO             PET2     MODEL: Finalize intro {ES}:!--- FieldLog() start -----------------
20260610 010429.800 INFO             PET2     MODEL: Finalize intro {ES}:! <name: rsns> <fieldStatus: ESMF_FIELDSTATUS_COMPLETE>
20260610 010429.800 INFO             PET2     MODEL: Finalize intro {ES}:! 0x7ffcf24c49a8 => 0x55f6d528b8f0 => 0x55f6d528bb30
20260610 010429.801 INFO             PET2     MODEL: Finalize intro {ES}:! <typekind: Real*8> <rank:    2> <dimCount:    2>
20260610 010429.801 INFO             PET2     MODEL: Finalize intro {ES}:! ! --- Array::log() start -----------------------------------
20260610 010429.801 INFO             PET2     MODEL: Finalize intro {ES}:! ! 0x55f6d528c9a0
20260610 010429.801 INFO             PET2     MODEL: Finalize intro {ES}:! ! <name: rsns>
20260610 010429.801 INFO             PET2     MODEL: Finalize intro {ES}:! ! ! --- DistGrid::log() start --------------------------------
20260610 010429.801 INFO             PET2     MODEL: Finalize intro {ES}:! ! ! 0x55f6d5283fc0
20260610 010429.801 INFO             PET2     MODEL: Finalize intro {ES}:! ! ! DistGrid object is valid!<name: DG-Grid004-sloc:0>
20260610 010429.801 INFO             PET2     MODEL: Finalize intro {ES}:! ! ! --- DistGrid::log() end ----------------------------------
20260610 010429.801 INFO             PET2     MODEL: Finalize intro {ES}:! ! --- Array::log() end -------------------------------------
20260610 010429.801 INFO             PET2     MODEL: Finalize intro {ES}:!--- FieldLog() end -------------------
20260610 010429.801 INFO             PET2     MODEL: Finalize intro {ES}:--- StateLog() end -------------------
20260610 010429.801 INFO             PET2     >>>MODEL: entered Finalize (phase=FinalizePhase1) with current time:    0  1  1  0  2 30   0
20260610 010429.801 INFO             PET2     <<<MODEL: leaving Finalize (phase=FinalizePhase1) with current time:    0  1  1  0  2 30   0
20260610 010429.801 INFO             PET2   MODEL: Finalize extro.
20260610 010429.801 INFO             PET2   Delete modelComp: MODEL
20260610 010429.801 INFO             PET2   Delete Import-/Export State for modelComp: MODEL
20260610 010429.801 INFO             PET2   <<<driver: leaving Finalize (phase=FinalizePhase1) with current time:    0  1  1  0  2 30   0
20260610 010429.801 INFO             PET2 driver: Finalize extro.
20260610 010429.801 INFO             PET2 mainApp FINISHED
20260610 010429.801 INFO             PET2  Finalizing ESMF
20260610 010429.736 INFO             PET3 !!!!!!!!!!!!!!!!!!!!!!!!!!!!!!!!!!!!!!!!!!!!!!!!!!!!!!
20260610 010429.736 INFO             PET3 !!! THE ESMF_LOG IS SET TO OUTPUT ALL LOG MESSAGES !!!
20260610 010429.736 INFO             PET3 !!!     THIS MAY CAUSE SLOWDOWN IN PERFORMANCE     !!!
20260610 010429.736 INFO             PET3 !!! FOR PRODUCTION RUNS, USE:                      !!!
20260610 010429.736 INFO             PET3 !!!                   ESMF_LOGKIND_Multi_On_Error  !!!
20260610 010429.736 INFO             PET3 !!!!!!!!!!!!!!!!!!!!!!!!!!!!!!!!!!!!!!!!!!!!!!!!!!!!!!
20260610 010429.736 INFO             PET3 Running with ESMF Version   : develop+ge382cba19b
20260610 010429.736 INFO             PET3 ESMF library build date/time: "Jun  9 2026" "22:53:00"
20260610 010429.736 INFO             PET3 ESMF library build location : /discover/nobackup/projects/gmao/SIteam/ESMF_Testing/llvm_22.1.0_mpich_g_develop/esmf
20260610 010429.736 INFO             PET3 ESMF_COMM                   : mpich
20260610 010429.737 INFO             PET3 ESMF_MOAB                   : enabled
20260610 010429.737 INFO             PET3 ESMF_LAPACK                 : enabled
20260610 010429.737 INFO             PET3 ESMF_NETCDF                 : disabled
20260610 010429.737 INFO             PET3 ESMF_PNETCDF                : disabled
20260610 010429.737 INFO             PET3 ESMF_PIO                    : disabled
20260610 010429.737 INFO             PET3 ESMF_YAMLCPP                : enabled
20260610 010429.737 INFO             PET3 mainApp STARTING
20260610 010429.746 INFO             PET3 driver: InitializeGeneric intro.
20260610 010429.746 INFO             PET3   driver: InitializeGeneric intro {IS}:--- StateLog() start -----------------
20260610 010429.746 INFO             PET3   driver: InitializeGeneric intro {IS}:State object is invalid! Not created or deleted!
20260610 010429.746 INFO             PET3   driver: InitializeGeneric intro {IS}:--- StateLog() end -------------------
20260610 010429.746 INFO             PET3   driver: InitializeGeneric intro {ES}:--- StateLog() start -----------------
20260610 010429.746 INFO             PET3   driver: InitializeGeneric intro {ES}:State object is invalid! Not created or deleted!
20260610 010429.746 INFO             PET3   driver: InitializeGeneric intro {ES}:--- StateLog() end -------------------
20260610 010429.746 INFO             PET3   >>>driver: entered Initialize (phase=<none>) without valid internal Clock.
20260610 010429.746 INFO             PET3   driver: InitializeP0 intro.
20260610 010429.746 INFO             PET3     driver: InitializeP0 intro {IS}:--- StateLog() start -----------------
20260610 010429.746 INFO             PET3     driver: InitializeP0 intro {IS}:State object is invalid! Not created or deleted!
20260610 010429.746 INFO             PET3     driver: InitializeP0 intro {IS}:--- StateLog() end -------------------
20260610 010429.746 INFO             PET3     driver: InitializeP0 intro {ES}:--- StateLog() start -----------------
20260610 010429.746 INFO             PET3     driver: InitializeP0 intro {ES}:State object is invalid! Not created or deleted!
20260610 010429.746 INFO             PET3     driver: InitializeP0 intro {ES}:--- StateLog() end -------------------
20260610 010429.746 INFO             PET3     >>>driver: entered Initialize (phase=<none>) without valid internal Clock.
20260610 010429.746 INFO             PET3     <<<driver: leaving Initialize (phase=<none>) without valid internal Clock.
20260610 010429.746 INFO             PET3     driver: InitializeP0 extro {IS}:--- StateLog() start -----------------
20260610 010429.746 INFO             PET3     driver: InitializeP0 extro {IS}:State object is invalid! Not created or deleted!
20260610 010429.746 INFO             PET3     driver: InitializeP0 extro {IS}:--- StateLog() end -------------------
20260610 010429.746 INFO             PET3     driver: InitializeP0 extro {ES}:--- StateLog() start -----------------
20260610 010429.746 INFO             PET3     driver: InitializeP0 extro {ES}:State object is invalid! Not created or deleted!
20260610 010429.746 INFO             PET3     driver: InitializeP0 extro {ES}:--- StateLog() end -------------------
20260610 010429.746 INFO             PET3   driver: InitializeP0 extro.
20260610 010429.747 INFO             PET3   driver: InitializeIPDv02p1 intro.
20260610 010429.747 INFO             PET3     driver: InitializeIPDv02p1 intro {IS}:--- StateLog() start -----------------
20260610 010429.747 INFO             PET3     driver: InitializeIPDv02p1 intro {IS}:State object is invalid! Not created or deleted!
20260610 010429.747 INFO             PET3     driver: InitializeIPDv02p1 intro {IS}:--- StateLog() end -------------------
20260610 010429.747 INFO             PET3     driver: InitializeIPDv02p1 intro {ES}:--- StateLog() start -----------------
20260610 010429.747 INFO             PET3     driver: InitializeIPDv02p1 intro {ES}:State object is invalid! Not created or deleted!
20260610 010429.747 INFO             PET3     driver: InitializeIPDv02p1 intro {ES}:--- StateLog() end -------------------
20260610 010429.747 INFO             PET3     >>>driver: entered Initialize (phase=<none>) without valid internal Clock.
20260610 010429.747 INFO             PET3     driver - Creating model component MODEL without petList.
20260610 010429.750 INFO             PET3      GridCompIsPetLocal:  T
20260610 010429.750 INFO             PET3      VmIsCreated:  T
20260610 010429.750 INFO             PET3      valid MPI_COMM with size= 4
20260610 010429.751 INFO             PET3     driver - Creating state: modelComp 1 Import State
20260610 010429.751 INFO             PET3     driver - Creating state: modelComp 1 Export State
20260610 010429.752 INFO             PET3     MODEL: InitializeP0 intro.
20260610 010429.752 INFO             PET3       MODEL: InitializeP0 intro {IS}:--- StateLog() start -----------------
20260610 010429.752 INFO             PET3       MODEL: InitializeP0 intro {IS}:<name: MODEL-ImportState> <intent: ESMF_STATEINTENT_IMPORT> <itemCount:    0>
20260610 010429.752 INFO             PET3       MODEL: InitializeP0 intro {IS}:--- StateLog() end -------------------
20260610 010429.752 INFO             PET3       MODEL: InitializeP0 intro {ES}:--- StateLog() start -----------------
20260610 010429.752 INFO             PET3       MODEL: InitializeP0 intro {ES}:<name: MODEL-ExportState> <intent: ESMF_STATEINTENT_EXPORT> <itemCount:    0>
20260610 010429.752 INFO             PET3       MODEL: InitializeP0 intro {ES}:--- StateLog() end -------------------
20260610 010429.753 INFO             PET3       >>>MODEL: entered Initialize (phase=<none>) without valid internal Clock.
20260610 010429.754 INFO             PET3       <<<MODEL: leaving Initialize (phase=<none>) without valid internal Clock.
20260610 010429.754 INFO             PET3       MODEL: InitializeP0 extro {IS}:--- StateLog() start -----------------
20260610 010429.754 INFO             PET3       MODEL: InitializeP0 extro {IS}:<name: MODEL-ImportState> <intent: ESMF_STATEINTENT_IMPORT> <itemCount:    0>
20260610 010429.754 INFO             PET3       MODEL: InitializeP0 extro {IS}:--- StateLog() end -------------------
20260610 010429.754 INFO             PET3       MODEL: InitializeP0 extro {ES}:--- StateLog() start -----------------
20260610 010429.754 INFO             PET3       MODEL: InitializeP0 extro {ES}:<name: MODEL-ExportState> <intent: ESMF_STATEINTENT_EXPORT> <itemCount:    0>
20260610 010429.754 INFO             PET3       MODEL: InitializeP0 extro {ES}:--- StateLog() end -------------------
20260610 010429.754 INFO             PET3     MODEL: InitializeP0 extro.
20260610 010429.756 INFO             PET3     driver: IInitAdvertise intro.
20260610 010429.756 INFO             PET3       driver: IInitAdvertise intro {IS}:--- StateLog() start -----------------
20260610 010429.756 INFO             PET3       driver: IInitAdvertise intro {IS}:State object is invalid! Not created or deleted!
20260610 010429.756 INFO             PET3       driver: IInitAdvertise intro {IS}:--- StateLog() end -------------------
20260610 010429.756 INFO             PET3       driver: IInitAdvertise intro {ES}:--- StateLog() start -----------------
20260610 010429.756 INFO             PET3       driver: IInitAdvertise intro {ES}:State object is invalid! Not created or deleted!
20260610 010429.756 INFO             PET3       driver: IInitAdvertise intro {ES}:--- StateLog() end -------------------
20260610 010429.756 INFO             PET3       >>>driver: entered Initialize (phase=<none>) with current time:    0  1  1  0  0  0   0
20260610 010429.756 INFO             PET3       <<<driver: leaving Initialize (phase=<none>) with current time:    0  1  1  0  0  0   0
20260610 010429.756 INFO             PET3       driver: IInitAdvertise extro {IS}:--- StateLog() start -----------------
20260610 010429.756 INFO             PET3       driver: IInitAdvertise extro {IS}:State object is invalid! Not created or deleted!
20260610 010429.756 INFO             PET3       driver: IInitAdvertise extro {IS}:--- StateLog() end -------------------
20260610 010429.756 INFO             PET3       driver: IInitAdvertise extro {ES}:--- StateLog() start -----------------
20260610 010429.756 INFO             PET3       driver: IInitAdvertise extro {ES}:State object is invalid! Not created or deleted!
20260610 010429.756 INFO             PET3       driver: IInitAdvertise extro {ES}:--- StateLog() end -------------------
20260610 010429.757 INFO             PET3     driver: IInitAdvertise extro.
20260610 010429.757 INFO             PET3     MODEL: InitializeIPDvXp01 intro.
20260610 010429.757 INFO             PET3       MODEL: InitializeIPDvXp01 intro {IS}:--- StateLog() start -----------------
20260610 010429.757 INFO             PET3       MODEL: InitializeIPDvXp01 intro {IS}:<name: MODEL-ImportState> <intent: ESMF_STATEINTENT_IMPORT> <itemCount:    0>
20260610 010429.757 INFO             PET3       MODEL: InitializeIPDvXp01 intro {IS}:--- StateLog() end -------------------
20260610 010429.757 INFO             PET3       MODEL: InitializeIPDvXp01 intro {ES}:--- StateLog() start -----------------
20260610 010429.757 INFO             PET3       MODEL: InitializeIPDvXp01 intro {ES}:<name: MODEL-ExportState> <intent: ESMF_STATEINTENT_EXPORT> <itemCount:    0>
20260610 010429.757 INFO             PET3       MODEL: InitializeIPDvXp01 intro {ES}:--- StateLog() end -------------------
20260610 010429.757 INFO             PET3       >>>MODEL: entered Initialize (phase=IPDvXp01) without valid internal Clock.
20260610 010429.759 INFO             PET3       <<<MODEL: leaving Initialize (phase=IPDvXp01) without valid internal Clock.
20260610 010429.760 INFO             PET3       MODEL: InitializeIPDvXp01 extro {IS}:--- StateLog() start -----------------
20260610 010429.760 INFO             PET3       MODEL: InitializeIPDvXp01 extro {IS}:<name: MODEL-ImportState> <intent: ESMF_STATEINTENT_IMPORT> <itemCount:    0>
20260610 010429.760 INFO             PET3       MODEL: InitializeIPDvXp01 extro {IS}:--- StateLog() end -------------------
20260610 010429.760 INFO             PET3       MODEL: InitializeIPDvXp01 extro {ES}:--- StateLog() start -----------------
20260610 010429.760 INFO             PET3       MODEL: InitializeIPDvXp01 extro {ES}:<name: MODEL-ExportState> <intent: ESMF_STATEINTENT_EXPORT> <itemCount:    2>
20260610 010429.760 INFO             PET3       MODEL: InitializeIPDvXp01 extro {ES}:+-<item: 0001> <itemType: Field> <itemName: pmsl>
20260610 010429.760 INFO             PET3       MODEL: InitializeIPDvXp01 extro {ES}:!--- FieldLog() start -----------------
20260610 010429.760 INFO             PET3       MODEL: InitializeIPDvXp01 extro {ES}:! <name: pmsl> <fieldStatus: ESMF_FIELDSTATUS_EMPTY>
20260610 010429.760 INFO             PET3       MODEL: InitializeIPDvXp01 extro {ES}:! 0x7fff67bb9bc8 => 0x5630462c9e80 => 0x5630462d0500
20260610 010429.760 INFO             PET3       MODEL: InitializeIPDvXp01 extro {ES}:!--- FieldLog() end -------------------
20260610 010429.760 INFO             PET3       MODEL: InitializeIPDvXp01 extro {ES}:+-<item: 0002> <itemType: Field> <itemName: rsns>
20260610 010429.760 INFO             PET3       MODEL: InitializeIPDvXp01 extro {ES}:!--- FieldLog() start -----------------
20260610 010429.760 INFO             PET3       MODEL: InitializeIPDvXp01 extro {ES}:! <name: rsns> <fieldStatus: ESMF_FIELDSTATUS_EMPTY>
20260610 010429.760 INFO             PET3       MODEL: InitializeIPDvXp01 extro {ES}:! 0x7fff67bb9bc8 => 0x5630462d4670 => 0x5630462d48b0
20260610 010429.760 INFO             PET3       MODEL: InitializeIPDvXp01 extro {ES}:!--- FieldLog() end -------------------
20260610 010429.760 INFO             PET3       MODEL: InitializeIPDvXp01 extro {ES}:--- StateLog() end -------------------
20260610 010429.760 INFO             PET3     MODEL: InitializeIPDvXp01 extro.
20260610 010429.761 INFO             PET3     driver: IInitAdvertiseFinish intro.
20260610 010429.761 INFO             PET3       driver: IInitAdvertiseFinish intro {IS}:--- StateLog() start -----------------
20260610 010429.761 INFO             PET3       driver: IInitAdvertiseFinish intro {IS}:State object is invalid! Not created or deleted!
20260610 010429.761 INFO             PET3       driver: IInitAdvertiseFinish intro {IS}:--- StateLog() end -------------------
20260610 010429.761 INFO             PET3       driver: IInitAdvertiseFinish intro {ES}:--- StateLog() start -----------------
20260610 010429.761 INFO             PET3       driver: IInitAdvertiseFinish intro {ES}:State object is invalid! Not created or deleted!
20260610 010429.761 INFO             PET3       driver: IInitAdvertiseFinish intro {ES}:--- StateLog() end -------------------
20260610 010429.761 INFO             PET3       >>>driver: entered Initialize (phase=<none>) with current time:    0  1  1  0  0  0   0
20260610 010429.761 INFO             PET3       <<<driver: leaving Initialize (phase=<none>) with current time:    0  1  1  0  0  0   0
20260610 010429.761 INFO             PET3       driver: IInitAdvertiseFinish extro {IS}:--- StateLog() start -----------------
20260610 010429.761 INFO             PET3       driver: IInitAdvertiseFinish extro {IS}:State object is invalid! Not created or deleted!
20260610 010429.761 INFO             PET3       driver: IInitAdvertiseFinish extro {IS}:--- StateLog() end -------------------
20260610 010429.761 INFO             PET3       driver: IInitAdvertiseFinish extro {ES}:--- StateLog() start -----------------
20260610 010429.761 INFO             PET3       driver: IInitAdvertiseFinish extro {ES}:State object is invalid! Not created or deleted!
20260610 010429.761 INFO             PET3       driver: IInitAdvertiseFinish extro {ES}:--- StateLog() end -------------------
20260610 010429.761 INFO             PET3     driver: IInitAdvertiseFinish extro.
20260610 010429.762 INFO             PET3     driver: IInitModifyCplLists intro.
20260610 010429.762 INFO             PET3       driver: IInitModifyCplLists intro {IS}:--- StateLog() start -----------------
20260610 010429.762 INFO             PET3       driver: IInitModifyCplLists intro {IS}:State object is invalid! Not created or deleted!
20260610 010429.762 INFO             PET3       driver: IInitModifyCplLists intro {IS}:--- StateLog() end -------------------
20260610 010429.762 INFO             PET3       driver: IInitModifyCplLists intro {ES}:--- StateLog() start -----------------
20260610 010429.762 INFO             PET3       driver: IInitModifyCplLists intro {ES}:State object is invalid! Not created or deleted!
20260610 010429.762 INFO             PET3       driver: IInitModifyCplLists intro {ES}:--- StateLog() end -------------------
20260610 010429.762 INFO             PET3       >>>driver: entered Initialize (phase=<none>) with current time:    0  1  1  0  0  0   0
20260610 010429.762 INFO             PET3       <<<driver: leaving Initialize (phase=<none>) with current time:    0  1  1  0  0  0   0
20260610 010429.762 INFO             PET3       driver: IInitModifyCplLists extro {IS}:--- StateLog() start -----------------
20260610 010429.762 INFO             PET3       driver: IInitModifyCplLists extro {IS}:State object is invalid! Not created or deleted!
20260610 010429.762 INFO             PET3       driver: IInitModifyCplLists extro {IS}:--- StateLog() end -------------------
20260610 010429.762 INFO             PET3       driver: IInitModifyCplLists extro {ES}:--- StateLog() start -----------------
20260610 010429.762 INFO             PET3       driver: IInitModifyCplLists extro {ES}:State object is invalid! Not created or deleted!
20260610 010429.762 INFO             PET3       driver: IInitModifyCplLists extro {ES}:--- StateLog() end -------------------
20260610 010429.762 INFO             PET3     driver: IInitModifyCplLists extro.
20260610 010429.762 INFO             PET3     <<<driver: leaving Initialize (phase=<none>) with current time:    0  1  1  0  0  0   0
20260610 010429.762 INFO             PET3     driver: InitializeIPDv02p1 extro {IS}:--- StateLog() start -----------------
20260610 010429.762 INFO             PET3     driver: InitializeIPDv02p1 extro {IS}:State object is invalid! Not created or deleted!
20260610 010429.762 INFO             PET3     driver: InitializeIPDv02p1 extro {IS}:--- StateLog() end -------------------
20260610 010429.762 INFO             PET3     driver: InitializeIPDv02p1 extro {ES}:--- StateLog() start -----------------
20260610 010429.762 INFO             PET3     driver: InitializeIPDv02p1 extro {ES}:State object is invalid! Not created or deleted!
20260610 010429.762 INFO             PET3     driver: InitializeIPDv02p1 extro {ES}:--- StateLog() end -------------------
20260610 010429.762 INFO             PET3   driver: InitializeIPDv02p1 extro.
20260610 010429.762 INFO             PET3   driver: InitializeIPDv02p3 intro.
20260610 010429.762 INFO             PET3     driver: InitializeIPDv02p3 intro {IS}:--- StateLog() start -----------------
20260610 010429.762 INFO             PET3     driver: InitializeIPDv02p3 intro {IS}:State object is invalid! Not created or deleted!
20260610 010429.762 INFO             PET3     driver: InitializeIPDv02p3 intro {IS}:--- StateLog() end -------------------
20260610 010429.762 INFO             PET3     driver: InitializeIPDv02p3 intro {ES}:--- StateLog() start -----------------
20260610 010429.762 INFO             PET3     driver: InitializeIPDv02p3 intro {ES}:State object is invalid! Not created or deleted!
20260610 010429.762 INFO             PET3     driver: InitializeIPDv02p3 intro {ES}:--- StateLog() end -------------------
20260610 010429.762 INFO             PET3     >>>driver: entered Initialize (phase=<none>) with current time:    0  1  1  0  0  0   0
20260610 010429.763 INFO             PET3     driver: IInitCheck intro.
20260610 010429.763 INFO             PET3       driver: IInitCheck intro {IS}:--- StateLog() start -----------------
20260610 010429.763 INFO             PET3       driver: IInitCheck intro {IS}:State object is invalid! Not created or deleted!
20260610 010429.763 INFO             PET3       driver: IInitCheck intro {IS}:--- StateLog() end -------------------
20260610 010429.763 INFO             PET3       driver: IInitCheck intro {ES}:--- StateLog() start -----------------
20260610 010429.763 INFO             PET3       driver: IInitCheck intro {ES}:State object is invalid! Not created or deleted!
20260610 010429.763 INFO             PET3       driver: IInitCheck intro {ES}:--- StateLog() end -------------------
20260610 010429.763 INFO             PET3       >>>driver: entered Initialize (phase=<none>) with current time:    0  1  1  0  0  0   0
20260610 010429.763 INFO             PET3       <<<driver: leaving Initialize (phase=<none>) with current time:    0  1  1  0  0  0   0
20260610 010429.763 INFO             PET3       driver: IInitCheck extro {IS}:--- StateLog() start -----------------
20260610 010429.763 INFO             PET3       driver: IInitCheck extro {IS}:State object is invalid! Not created or deleted!
20260610 010429.763 INFO             PET3       driver: IInitCheck extro {IS}:--- StateLog() end -------------------
20260610 010429.763 INFO             PET3       driver: IInitCheck extro {ES}:--- StateLog() start -----------------
20260610 010429.763 INFO             PET3       driver: IInitCheck extro {ES}:State object is invalid! Not created or deleted!
20260610 010429.763 INFO             PET3       driver: IInitCheck extro {ES}:--- StateLog() end -------------------
20260610 010429.763 INFO             PET3     driver: IInitCheck extro.
20260610 010429.763 INFO             PET3     MODEL: InitializeIPDvXp04 intro.
20260610 010429.763 INFO             PET3       MODEL: InitializeIPDvXp04 intro {IS}:--- StateLog() start -----------------
20260610 010429.763 INFO             PET3       MODEL: InitializeIPDvXp04 intro {IS}:<name: MODEL-ImportState> <intent: ESMF_STATEINTENT_IMPORT> <itemCount:    0>
20260610 010429.763 INFO             PET3       MODEL: InitializeIPDvXp04 intro {IS}:--- StateLog() end -------------------
20260610 010429.763 INFO             PET3       MODEL: InitializeIPDvXp04 intro {ES}:--- StateLog() start -----------------
20260610 010429.763 INFO             PET3       MODEL: InitializeIPDvXp04 intro {ES}:<name: MODEL-ExportState> <intent: ESMF_STATEINTENT_EXPORT> <itemCount:    2>
20260610 010429.763 INFO             PET3       MODEL: InitializeIPDvXp04 intro {ES}:+-<item: 0001> <itemType: Field> <itemName: pmsl>
20260610 010429.763 INFO             PET3       MODEL: InitializeIPDvXp04 intro {ES}:!--- FieldLog() start -----------------
20260610 010429.763 INFO             PET3       MODEL: InitializeIPDvXp04 intro {ES}:! <name: pmsl> <fieldStatus: ESMF_FIELDSTATUS_EMPTY>
20260610 010429.763 INFO             PET3       MODEL: InitializeIPDvXp04 intro {ES}:! 0x7fff67bc2268 => 0x5630462c9e80 => 0x5630462d0500
20260610 010429.763 INFO             PET3       MODEL: InitializeIPDvXp04 intro {ES}:!--- FieldLog() end -------------------
20260610 010429.763 INFO             PET3       MODEL: InitializeIPDvXp04 intro {ES}:+-<item: 0002> <itemType: Field> <itemName: rsns>
20260610 010429.763 INFO             PET3       MODEL: InitializeIPDvXp04 intro {ES}:!--- FieldLog() start -----------------
20260610 010429.763 INFO             PET3       MODEL: InitializeIPDvXp04 intro {ES}:! <name: rsns> <fieldStatus: ESMF_FIELDSTATUS_EMPTY>
20260610 010429.763 INFO             PET3       MODEL: InitializeIPDvXp04 intro {ES}:! 0x7fff67bc2268 => 0x5630462d4670 => 0x5630462d48b0
20260610 010429.763 INFO             PET3       MODEL: InitializeIPDvXp04 intro {ES}:!--- FieldLog() end -------------------
20260610 010429.763 INFO             PET3       MODEL: InitializeIPDvXp04 intro {ES}:--- StateLog() end -------------------
20260610 010429.763 INFO             PET3       >>>MODEL: entered Initialize (phase=IPDvXp04) without valid internal Clock.
20260610 010429.769 INFO             PET3       After Realize: - MemInfo: [/proc/meminfo - SSI]	MemTotal:       528065912 kB
20260610 010429.769 INFO             PET3       After Realize: - MemInfo: [/proc/meminfo - SSI]	MemFree:        449998464 kB
20260610 010429.769 INFO             PET3       After Realize: - MemInfo: [/proc/meminfo - SSI]	MemAvailable:   457027248 kB
20260610 010429.769 INFO             PET3       After Realize: - MemInfo: [/proc/meminfo - SSI]	Committed_AS:   13138224 kB
20260610 010429.769 INFO             PET3       After Realize: - MemInfo: [/proc/meminfo - SSI]	CommittedPercent: 2.48799 %
20260610 010429.769 INFO             PET3       After Realize: - MemInfo: [/proc/self/status]	VmPeak:	  190256 kB
20260610 010429.769 INFO             PET3       After Realize: - MemInfo: [/proc/self/status]	VmSize:	  190256 kB
20260610 010429.769 INFO             PET3       After Realize: - MemInfo: [/proc/self/status]	VmLck:	       0 kB
20260610 010429.769 INFO             PET3       After Realize: - MemInfo: [/proc/self/status]	VmPin:	   35072 kB
20260610 010429.769 INFO             PET3       After Realize: - MemInfo: [/proc/self/status]	VmHWM:	   89144 kB
20260610 010429.769 INFO             PET3       After Realize: - MemInfo: [/proc/self/status]	VmRSS:	   89144 kB
20260610 010429.769 INFO             PET3       After Realize: - MemInfo: [/proc/self/status]	VmData:	   85948 kB
20260610 010429.769 INFO             PET3       After Realize: - MemInfo: [/proc/self/status]	VmStk:	     212 kB
20260610 010429.769 INFO             PET3       After Realize: - MemInfo: [/proc/self/status]	VmExe:	    3060 kB
20260610 010429.769 INFO             PET3       After Realize: - MemInfo: [/proc/self/status]	VmLib:	   77500 kB
20260610 010429.769 INFO             PET3       After Realize: - MemInfo: [/proc/self/status]	VmPTE:	     384 kB
20260610 010429.769 INFO             PET3       After Realize: - MemInfo: [/proc/self/status]	VmSwap:	       0 kB
20260610 010429.769 INFO             PET3       After Realize: - MemInfo: [/proc/self/status]	VmRSSPercent: 0.0168812 %
20260610 010429.769 INFO             PET3       After Realize: - MemInfo: [malloc] Non-mmapped space allocated:                 8478720 Byte
20260610 010429.769 INFO             PET3       After Realize: - MemInfo: [malloc] Space allocated in mmapped regions:         69586944 Byte
20260610 010429.769 INFO             PET3       After Realize: - MemInfo: [malloc] Maximum total allocated space:                     0 Byte
20260610 010429.769 INFO             PET3       After Realize: - MemInfo: [malloc] Space in freed fastbin blocks:                   544 Byte
20260610 010429.769 INFO             PET3       After Realize: - MemInfo: [malloc] Total allocated space:                       8369840 Byte
20260610 010429.769 INFO             PET3       After Realize: - MemInfo: [malloc] Total free space:                             108880 Byte
20260610 010429.769 INFO             PET3       After Realize: - MemInfo: [malloc] Top-most, releasable space:                   108336 Byte
20260610 010429.769 INFO             PET3       After Realize: - MemInfo: [malloc] Total space in use, mmap + non-mmap:        77956784 Byte
20260610 010429.769 INFO             PET3       After Realize: - MemInfo: [malloc] Total space held (mmap + non-mmap):         78065664 Byte
20260610 010429.769 INFO             PET3       After Realize: - MemInfo: [malloc] Total space used (mmap + non-mmap):         77964992 Byte
20260610 010429.769 INFO             PET3       After Realize: - MemInfo: Wall-clock time since execution start:              0.0371978 seconds
20260610 010429.769 INFO             PET3       <<<MODEL: leaving Initialize (phase=IPDvXp04) without valid internal Clock.
20260610 010429.769 INFO             PET3       MODEL: InitializeIPDvXp04 extro {IS}:--- StateLog() start -----------------
20260610 010429.769 INFO             PET3       MODEL: InitializeIPDvXp04 extro {IS}:<name: MODEL-ImportState> <intent: ESMF_STATEINTENT_IMPORT> <itemCount:    0>
20260610 010429.769 INFO             PET3       MODEL: InitializeIPDvXp04 extro {IS}:--- StateLog() end -------------------
20260610 010429.769 INFO             PET3       MODEL: InitializeIPDvXp04 extro {ES}:--- StateLog() start -----------------
20260610 010429.769 INFO             PET3       MODEL: InitializeIPDvXp04 extro {ES}:<name: MODEL-ExportState> <intent: ESMF_STATEINTENT_EXPORT> <itemCount:    2>
20260610 010429.769 INFO             PET3       MODEL: InitializeIPDvXp04 extro {ES}:+-<item: 0001> <itemType: Field> <itemName: pmsl>
20260610 010429.769 INFO             PET3       MODEL: InitializeIPDvXp04 extro {ES}:!--- FieldLog() start -----------------
20260610 010429.769 INFO             PET3       MODEL: InitializeIPDvXp04 extro {ES}:! <name: pmsl> <fieldStatus: ESMF_FIELDSTATUS_COMPLETE>
20260610 010429.769 INFO             PET3       MODEL: InitializeIPDvXp04 extro {ES}:! 0x7fff67bc2b38 => 0x5630462eac80 => 0x5630462eaec0
20260610 010429.769 INFO             PET3       MODEL: InitializeIPDvXp04 extro {ES}:! <typekind: Real*8> <rank:    2> <dimCount:    2>
20260610 010429.769 INFO             PET3       MODEL: InitializeIPDvXp04 extro {ES}:! ! --- Array::log() start -----------------------------------
20260610 010429.770 INFO             PET3       MODEL: InitializeIPDvXp04 extro {ES}:! ! 0x5630462ebe10
20260610 010429.770 INFO             PET3       MODEL: InitializeIPDvXp04 extro {ES}:! ! <name: pmsl>
20260610 010429.770 INFO             PET3       MODEL: InitializeIPDvXp04 extro {ES}:! ! ! --- DistGrid::log() start --------------------------------
20260610 010429.770 INFO             PET3       MODEL: InitializeIPDvXp04 extro {ES}:! ! ! 0x5630462e5fc0
20260610 010429.770 INFO             PET3       MODEL: InitializeIPDvXp04 extro {ES}:! ! ! DistGrid object is valid!<name: DG-Grid004-sloc:0>
20260610 010429.770 INFO             PET3       MODEL: InitializeIPDvXp04 extro {ES}:! ! ! --- DistGrid::log() end ----------------------------------
20260610 010429.770 INFO             PET3       MODEL: InitializeIPDvXp04 extro {ES}:! ! --- Array::log() end -------------------------------------
20260610 010429.770 INFO             PET3       MODEL: InitializeIPDvXp04 extro {ES}:!--- FieldLog() end -------------------
20260610 010429.770 INFO             PET3       MODEL: InitializeIPDvXp04 extro {ES}:+-<item: 0002> <itemType: Field> <itemName: rsns>
20260610 010429.770 INFO             PET3       MODEL: InitializeIPDvXp04 extro {ES}:!--- FieldLog() start -----------------
20260610 010429.770 INFO             PET3       MODEL: InitializeIPDvXp04 extro {ES}:! <name: rsns> <fieldStatus: ESMF_FIELDSTATUS_COMPLETE>
20260610 010429.770 INFO             PET3       MODEL: InitializeIPDvXp04 extro {ES}:! 0x7fff67bc2b38 => 0x5630462ed8f0 => 0x5630462edb30
20260610 010429.770 INFO             PET3       MODEL: InitializeIPDvXp04 extro {ES}:! <typekind: Real*8> <rank:    2> <dimCount:    2>
20260610 010429.770 INFO             PET3       MODEL: InitializeIPDvXp04 extro {ES}:! ! --- Array::log() start -----------------------------------
20260610 010429.770 INFO             PET3       MODEL: InitializeIPDvXp04 extro {ES}:! ! 0x5630462ee9a0
20260610 010429.770 INFO             PET3       MODEL: InitializeIPDvXp04 extro {ES}:! ! <name: rsns>
20260610 010429.770 INFO             PET3       MODEL: InitializeIPDvXp04 extro {ES}:! ! ! --- DistGrid::log() start --------------------------------
20260610 010429.770 INFO             PET3       MODEL: InitializeIPDvXp04 extro {ES}:! ! ! 0x5630462e5fc0
20260610 010429.770 INFO             PET3       MODEL: InitializeIPDvXp04 extro {ES}:! ! ! DistGrid object is valid!<name: DG-Grid004-sloc:0>
20260610 010429.770 INFO             PET3       MODEL: InitializeIPDvXp04 extro {ES}:! ! ! --- DistGrid::log() end ----------------------------------
20260610 010429.770 INFO             PET3       MODEL: InitializeIPDvXp04 extro {ES}:! ! --- Array::log() end -------------------------------------
20260610 010429.770 INFO             PET3       MODEL: InitializeIPDvXp04 extro {ES}:!--- FieldLog() end -------------------
20260610 010429.770 INFO             PET3       MODEL: InitializeIPDvXp04 extro {ES}:--- StateLog() end -------------------
20260610 010429.770 INFO             PET3     MODEL: InitializeIPDvXp04 extro.
20260610 010429.771 INFO             PET3     driver: IInitRealize intro.
20260610 010429.771 INFO             PET3       driver: IInitRealize intro {IS}:--- StateLog() start -----------------
20260610 010429.771 INFO             PET3       driver: IInitRealize intro {IS}:State object is invalid! Not created or deleted!
20260610 010429.771 INFO             PET3       driver: IInitRealize intro {IS}:--- StateLog() end -------------------
20260610 010429.771 INFO             PET3       driver: IInitRealize intro {ES}:--- StateLog() start -----------------
20260610 010429.771 INFO             PET3       driver: IInitRealize intro {ES}:State object is invalid! Not created or deleted!
20260610 010429.771 INFO             PET3       driver: IInitRealize intro {ES}:--- StateLog() end -------------------
20260610 010429.771 INFO             PET3       >>>driver: entered Initialize (phase=<none>) with current time:    0  1  1  0  0  0   0
20260610 010429.771 INFO             PET3       <<<driver: leaving Initialize (phase=<none>) with current time:    0  1  1  0  0  0   0
20260610 010429.771 INFO             PET3       driver: IInitRealize extro {IS}:--- StateLog() start -----------------
20260610 010429.771 INFO             PET3       driver: IInitRealize extro {IS}:State object is invalid! Not created or deleted!
20260610 010429.771 INFO             PET3       driver: IInitRealize extro {IS}:--- StateLog() end -------------------
20260610 010429.771 INFO             PET3       driver: IInitRealize extro {ES}:--- StateLog() start -----------------
20260610 010429.771 INFO             PET3       driver: IInitRealize extro {ES}:State object is invalid! Not created or deleted!
20260610 010429.771 INFO             PET3       driver: IInitRealize extro {ES}:--- StateLog() end -------------------
20260610 010429.771 INFO             PET3     driver: IInitRealize extro.
20260610 010429.772 INFO             PET3     MODEL: InitializeIPDvXp07 intro.
20260610 010429.772 INFO             PET3       MODEL: InitializeIPDvXp07 intro {IS}:--- StateLog() start -----------------
20260610 010429.772 INFO             PET3       MODEL: InitializeIPDvXp07 intro {IS}:<name: MODEL-ImportState> <intent: ESMF_STATEINTENT_IMPORT> <itemCount:    0>
20260610 010429.772 INFO             PET3       MODEL: InitializeIPDvXp07 intro {IS}:--- StateLog() end -------------------
20260610 010429.772 INFO             PET3       MODEL: InitializeIPDvXp07 intro {ES}:--- StateLog() start -----------------
20260610 010429.772 INFO             PET3       MODEL: InitializeIPDvXp07 intro {ES}:<name: MODEL-ExportState> <intent: ESMF_STATEINTENT_EXPORT> <itemCount:    2>
20260610 010429.772 INFO             PET3       MODEL: InitializeIPDvXp07 intro {ES}:+-<item: 0001> <itemType: Field> <itemName: pmsl>
20260610 010429.772 INFO             PET3       MODEL: InitializeIPDvXp07 intro {ES}:!--- FieldLog() start -----------------
20260610 010429.772 INFO             PET3       MODEL: InitializeIPDvXp07 intro {ES}:! <name: pmsl> <fieldStatus: ESMF_FIELDSTATUS_COMPLETE>
20260610 010429.772 INFO             PET3       MODEL: InitializeIPDvXp07 intro {ES}:! 0x7fff67bc1068 => 0x5630462eac80 => 0x5630462eaec0
20260610 010429.772 INFO             PET3       MODEL: InitializeIPDvXp07 intro {ES}:! <typekind: Real*8> <rank:    2> <dimCount:    2>
20260610 010429.772 INFO             PET3       MODEL: InitializeIPDvXp07 intro {ES}:! ! --- Array::log() start -----------------------------------
20260610 010429.772 INFO             PET3       MODEL: InitializeIPDvXp07 intro {ES}:! ! 0x5630462ebe10
20260610 010429.772 INFO             PET3       MODEL: InitializeIPDvXp07 intro {ES}:! ! <name: pmsl>
20260610 010429.772 INFO             PET3       MODEL: InitializeIPDvXp07 intro {ES}:! ! ! --- DistGrid::log() start --------------------------------
20260610 010429.772 INFO             PET3       MODEL: InitializeIPDvXp07 intro {ES}:! ! ! 0x5630462e5fc0
20260610 010429.772 INFO             PET3       MODEL: InitializeIPDvXp07 intro {ES}:! ! ! DistGrid object is valid!<name: DG-Grid004-sloc:0>
20260610 010429.772 INFO             PET3       MODEL: InitializeIPDvXp07 intro {ES}:! ! ! --- DistGrid::log() end ----------------------------------
20260610 010429.772 INFO             PET3       MODEL: InitializeIPDvXp07 intro {ES}:! ! --- Array::log() end -------------------------------------
20260610 010429.772 INFO             PET3       MODEL: InitializeIPDvXp07 intro {ES}:!--- FieldLog() end -------------------
20260610 010429.772 INFO             PET3       MODEL: InitializeIPDvXp07 intro {ES}:+-<item: 0002> <itemType: Field> <itemName: rsns>
20260610 010429.772 INFO             PET3       MODEL: InitializeIPDvXp07 intro {ES}:!--- FieldLog() start -----------------
20260610 010429.772 INFO             PET3       MODEL: InitializeIPDvXp07 intro {ES}:! <name: rsns> <fieldStatus: ESMF_FIELDSTATUS_COMPLETE>
20260610 010429.772 INFO             PET3       MODEL: InitializeIPDvXp07 intro {ES}:! 0x7fff67bc1068 => 0x5630462ed8f0 => 0x5630462edb30
20260610 010429.772 INFO             PET3       MODEL: InitializeIPDvXp07 intro {ES}:! <typekind: Real*8> <rank:    2> <dimCount:    2>
20260610 010429.772 INFO             PET3       MODEL: InitializeIPDvXp07 intro {ES}:! ! --- Array::log() start -----------------------------------
20260610 010429.772 INFO             PET3       MODEL: InitializeIPDvXp07 intro {ES}:! ! 0x5630462ee9a0
20260610 010429.772 INFO             PET3       MODEL: InitializeIPDvXp07 intro {ES}:! ! <name: rsns>
20260610 010429.772 INFO             PET3       MODEL: InitializeIPDvXp07 intro {ES}:! ! ! --- DistGrid::log() start --------------------------------
20260610 010429.772 INFO             PET3       MODEL: InitializeIPDvXp07 intro {ES}:! ! ! 0x5630462e5fc0
20260610 010429.772 INFO             PET3       MODEL: InitializeIPDvXp07 intro {ES}:! ! ! DistGrid object is valid!<name: DG-Grid004-sloc:0>
20260610 010429.772 INFO             PET3       MODEL: InitializeIPDvXp07 intro {ES}:! ! ! --- DistGrid::log() end ----------------------------------
20260610 010429.772 INFO             PET3       MODEL: InitializeIPDvXp07 intro {ES}:! ! --- Array::log() end -------------------------------------
20260610 010429.772 INFO             PET3       MODEL: InitializeIPDvXp07 intro {ES}:!--- FieldLog() end -------------------
20260610 010429.772 INFO             PET3       MODEL: InitializeIPDvXp07 intro {ES}:--- StateLog() end -------------------
20260610 010429.772 INFO             PET3       >>>MODEL: entered Initialize (phase=IPDvXp07) without valid internal Clock.
20260610 010429.773 INFO             PET3       <<<MODEL: leaving Initialize (phase=IPDvXp07) with current time:    0  1  1  0  0  0   0
20260610 010429.773 INFO             PET3       MODEL: InitializeIPDvXp07 extro {IS}:--- StateLog() start -----------------
20260610 010429.773 INFO             PET3       MODEL: InitializeIPDvXp07 extro {IS}:<name: MODEL-ImportState> <intent: ESMF_STATEINTENT_IMPORT> <itemCount:    0>
20260610 010429.773 INFO             PET3       MODEL: InitializeIPDvXp07 extro {IS}:--- StateLog() end -------------------
20260610 010429.773 INFO             PET3       MODEL: InitializeIPDvXp07 extro {ES}:--- StateLog() start -----------------
20260610 010429.773 INFO             PET3       MODEL: InitializeIPDvXp07 extro {ES}:<name: MODEL-ExportState> <intent: ESMF_STATEINTENT_EXPORT> <itemCount:    2>
20260610 010429.773 INFO             PET3       MODEL: InitializeIPDvXp07 extro {ES}:+-<item: 0001> <itemType: Field> <itemName: pmsl>
20260610 010429.773 INFO             PET3       MODEL: InitializeIPDvXp07 extro {ES}:!--- FieldLog() start -----------------
20260610 010429.773 INFO             PET3       MODEL: InitializeIPDvXp07 extro {ES}:! <name: pmsl> <fieldStatus: ESMF_FIELDSTATUS_COMPLETE>
20260610 010429.773 INFO             PET3       MODEL: InitializeIPDvXp07 extro {ES}:! 0x7fff67bc1838 => 0x5630462eac80 => 0x5630462eaec0
20260610 010429.773 INFO             PET3       MODEL: InitializeIPDvXp07 extro {ES}:! <typekind: Real*8> <rank:    2> <dimCount:    2>
20260610 010429.773 INFO             PET3       MODEL: InitializeIPDvXp07 extro {ES}:! ! --- Array::log() start -----------------------------------
20260610 010429.773 INFO             PET3       MODEL: InitializeIPDvXp07 extro {ES}:! ! 0x5630462ebe10
20260610 010429.773 INFO             PET3       MODEL: InitializeIPDvXp07 extro {ES}:! ! <name: pmsl>
20260610 010429.773 INFO             PET3       MODEL: InitializeIPDvXp07 extro {ES}:! ! ! --- DistGrid::log() start --------------------------------
20260610 010429.773 INFO             PET3       MODEL: InitializeIPDvXp07 extro {ES}:! ! ! 0x5630462e5fc0
20260610 010429.773 INFO             PET3       MODEL: InitializeIPDvXp07 extro {ES}:! ! ! DistGrid object is valid!<name: DG-Grid004-sloc:0>
20260610 010429.773 INFO             PET3       MODEL: InitializeIPDvXp07 extro {ES}:! ! ! --- DistGrid::log() end ----------------------------------
20260610 010429.773 INFO             PET3       MODEL: InitializeIPDvXp07 extro {ES}:! ! --- Array::log() end -------------------------------------
20260610 010429.773 INFO             PET3       MODEL: InitializeIPDvXp07 extro {ES}:!--- FieldLog() end -------------------
20260610 010429.773 INFO             PET3       MODEL: InitializeIPDvXp07 extro {ES}:+-<item: 0002> <itemType: Field> <itemName: rsns>
20260610 010429.773 INFO             PET3       MODEL: InitializeIPDvXp07 extro {ES}:!--- FieldLog() start -----------------
20260610 010429.773 INFO             PET3       MODEL: InitializeIPDvXp07 extro {ES}:! <name: rsns> <fieldStatus: ESMF_FIELDSTATUS_COMPLETE>
20260610 010429.773 INFO             PET3       MODEL: InitializeIPDvXp07 extro {ES}:! 0x7fff67bc1838 => 0x5630462ed8f0 => 0x5630462edb30
20260610 010429.773 INFO             PET3       MODEL: InitializeIPDvXp07 extro {ES}:! <typekind: Real*8> <rank:    2> <dimCount:    2>
20260610 010429.773 INFO             PET3       MODEL: InitializeIPDvXp07 extro {ES}:! ! --- Array::log() start -----------------------------------
20260610 010429.773 INFO             PET3       MODEL: InitializeIPDvXp07 extro {ES}:! ! 0x5630462ee9a0
20260610 010429.773 INFO             PET3       MODEL: InitializeIPDvXp07 extro {ES}:! ! <name: rsns>
20260610 010429.773 INFO             PET3       MODEL: InitializeIPDvXp07 extro {ES}:! ! ! --- DistGrid::log() start --------------------------------
20260610 010429.773 INFO             PET3       MODEL: InitializeIPDvXp07 extro {ES}:! ! ! 0x5630462e5fc0
20260610 010429.773 INFO             PET3       MODEL: InitializeIPDvXp07 extro {ES}:! ! ! DistGrid object is valid!<name: DG-Grid004-sloc:0>
20260610 010429.773 INFO             PET3       MODEL: InitializeIPDvXp07 extro {ES}:! ! ! --- DistGrid::log() end ----------------------------------
20260610 010429.773 INFO             PET3       MODEL: InitializeIPDvXp07 extro {ES}:! ! --- Array::log() end -------------------------------------
20260610 010429.773 INFO             PET3       MODEL: InitializeIPDvXp07 extro {ES}:!--- FieldLog() end -------------------
20260610 010429.773 INFO             PET3       MODEL: InitializeIPDvXp07 extro {ES}:--- StateLog() end -------------------
20260610 010429.773 INFO             PET3     MODEL: InitializeIPDvXp07 extro.
20260610 010429.773 INFO             PET3     <<<driver: leaving Initialize (phase=<none>) with current time:    0  1  1  0  0  0   0
20260610 010429.773 INFO             PET3     driver: InitializeIPDv02p3 extro {IS}:--- StateLog() start -----------------
20260610 010429.773 INFO             PET3     driver: InitializeIPDv02p3 extro {IS}:State object is invalid! Not created or deleted!
20260610 010429.773 INFO             PET3     driver: InitializeIPDv02p3 extro {IS}:--- StateLog() end -------------------
20260610 010429.773 INFO             PET3     driver: InitializeIPDv02p3 extro {ES}:--- StateLog() start -----------------
20260610 010429.773 INFO             PET3     driver: InitializeIPDv02p3 extro {ES}:State object is invalid! Not created or deleted!
20260610 010429.773 INFO             PET3     driver: InitializeIPDv02p3 extro {ES}:--- StateLog() end -------------------
20260610 010429.773 INFO             PET3   driver: InitializeIPDv02p3 extro.
20260610 010429.773 INFO             PET3   driver: InitializeIPDv02p5 intro.
20260610 010429.773 INFO             PET3     driver: InitializeIPDv02p5 intro {IS}:--- StateLog() start -----------------
20260610 010429.773 INFO             PET3     driver: InitializeIPDv02p5 intro {IS}:State object is invalid! Not created or deleted!
20260610 010429.773 INFO             PET3     driver: InitializeIPDv02p5 intro {IS}:--- StateLog() end -------------------
20260610 010429.773 INFO             PET3     driver: InitializeIPDv02p5 intro {ES}:--- StateLog() start -----------------
20260610 010429.773 INFO             PET3     driver: InitializeIPDv02p5 intro {ES}:State object is invalid! Not created or deleted!
20260610 010429.773 INFO             PET3     driver: InitializeIPDv02p5 intro {ES}:--- StateLog() end -------------------
20260610 010429.774 INFO             PET3     >>>driver: entered Initialize (phase=<none>) with current time:    0  1  1  0  0  0   0
20260610 010429.774 INFO             PET3     driver: this is a top level driver, no 'Updated' and 'InitializeDataComplete' info on this level.
20260610 010429.774 INFO             PET3     driver: InitializeIPDv02p5Data intro.
20260610 010429.774 INFO             PET3       driver: InitializeIPDv02p5Data intro {IS}:--- StateLog() start -----------------
20260610 010429.774 INFO             PET3       driver: InitializeIPDv02p5Data intro {IS}:State object is invalid! Not created or deleted!
20260610 010429.774 INFO             PET3       driver: InitializeIPDv02p5Data intro {IS}:--- StateLog() end -------------------
20260610 010429.774 INFO             PET3       driver: InitializeIPDv02p5Data intro {ES}:--- StateLog() start -----------------
20260610 010429.774 INFO             PET3       driver: InitializeIPDv02p5Data intro {ES}:State object is invalid! Not created or deleted!
20260610 010429.774 INFO             PET3       driver: InitializeIPDv02p5Data intro {ES}:--- StateLog() end -------------------
20260610 010429.774 INFO             PET3       >>>driver: entered Initialize (phase=<none>) with current time:    0  1  1  0  0  0   0
20260610 010429.774 INFO             PET3       driver: InternalInitializeComplete intro.
20260610 010429.774 INFO             PET3         driver: InternalInitializeComplete intro {IS}:--- StateLog() start -----------------
20260610 010429.774 INFO             PET3         driver: InternalInitializeComplete intro {IS}:State object is invalid! Not created or deleted!
20260610 010429.774 INFO             PET3         driver: InternalInitializeComplete intro {IS}:--- StateLog() end -------------------
20260610 010429.774 INFO             PET3         driver: InternalInitializeComplete intro {ES}:--- StateLog() start -----------------
20260610 010429.774 INFO             PET3         driver: InternalInitializeComplete intro {ES}:State object is invalid! Not created or deleted!
20260610 010429.774 INFO             PET3         driver: InternalInitializeComplete intro {ES}:--- StateLog() end -------------------
20260610 010429.774 INFO             PET3         >>>driver: entered Initialize (phase=<none>) with current time:    0  1  1  0  0  0   0
20260610 010429.774 INFO             PET3         driver: InitializeDataComplete='true'
20260610 010429.774 INFO             PET3         <<<driver: leaving Initialize (phase=<none>) with current time:    0  1  1  0  0  0   0
20260610 010429.774 INFO             PET3         driver: InternalInitializeComplete extro {IS}:--- StateLog() start -----------------
20260610 010429.774 INFO             PET3         driver: InternalInitializeComplete extro {IS}:State object is invalid! Not created or deleted!
20260610 010429.774 INFO             PET3         driver: InternalInitializeComplete extro {IS}:--- StateLog() end -------------------
20260610 010429.775 INFO             PET3         driver: InternalInitializeComplete extro {ES}:--- StateLog() start -----------------
20260610 010429.775 INFO             PET3         driver: InternalInitializeComplete extro {ES}:State object is invalid! Not created or deleted!
20260610 010429.775 INFO             PET3         driver: InternalInitializeComplete extro {ES}:--- StateLog() end -------------------
20260610 010429.775 INFO             PET3       driver: InternalInitializeComplete extro.
20260610 010429.775 INFO             PET3       MODEL: InitializeIPDvXp08 intro.
20260610 010429.775 INFO             PET3         MODEL: InitializeIPDvXp08 intro {IS}:--- StateLog() start -----------------
20260610 010429.775 INFO             PET3         MODEL: InitializeIPDvXp08 intro {IS}:<name: MODEL-ImportState> <intent: ESMF_STATEINTENT_IMPORT> <itemCount:    0>
20260610 010429.775 INFO             PET3         MODEL: InitializeIPDvXp08 intro {IS}:--- StateLog() end -------------------
20260610 010429.775 INFO             PET3         MODEL: InitializeIPDvXp08 intro {ES}:--- StateLog() start -----------------
20260610 010429.775 INFO             PET3         MODEL: InitializeIPDvXp08 intro {ES}:<name: MODEL-ExportState> <intent: ESMF_STATEINTENT_EXPORT> <itemCount:    2>
20260610 010429.775 INFO             PET3         MODEL: InitializeIPDvXp08 intro {ES}:+-<item: 0001> <itemType: Field> <itemName: pmsl>
20260610 010429.775 INFO             PET3         MODEL: InitializeIPDvXp08 intro {ES}:!--- FieldLog() start -----------------
20260610 010429.775 INFO             PET3         MODEL: InitializeIPDvXp08 intro {ES}:! <name: pmsl> <fieldStatus: ESMF_FIELDSTATUS_COMPLETE>
20260610 010429.775 INFO             PET3         MODEL: InitializeIPDvXp08 intro {ES}:! 0x7fff67bbfd78 => 0x5630462eac80 => 0x5630462eaec0
20260610 010429.775 INFO             PET3         MODEL: InitializeIPDvXp08 intro {ES}:! <typekind: Real*8> <rank:    2> <dimCount:    2>
20260610 010429.775 INFO             PET3         MODEL: InitializeIPDvXp08 intro {ES}:! ! --- Array::log() start -----------------------------------
20260610 010429.775 INFO             PET3         MODEL: InitializeIPDvXp08 intro {ES}:! ! 0x5630462ebe10
20260610 010429.775 INFO             PET3         MODEL: InitializeIPDvXp08 intro {ES}:! ! <name: pmsl>
20260610 010429.775 INFO             PET3         MODEL: InitializeIPDvXp08 intro {ES}:! ! ! --- DistGrid::log() start --------------------------------
20260610 010429.775 INFO             PET3         MODEL: InitializeIPDvXp08 intro {ES}:! ! ! 0x5630462e5fc0
20260610 010429.775 INFO             PET3         MODEL: InitializeIPDvXp08 intro {ES}:! ! ! DistGrid object is valid!<name: DG-Grid004-sloc:0>
20260610 010429.775 INFO             PET3         MODEL: InitializeIPDvXp08 intro {ES}:! ! ! --- DistGrid::log() end ----------------------------------
20260610 010429.775 INFO             PET3         MODEL: InitializeIPDvXp08 intro {ES}:! ! --- Array::log() end -------------------------------------
20260610 010429.775 INFO             PET3         MODEL: InitializeIPDvXp08 intro {ES}:!--- FieldLog() end -------------------
20260610 010429.775 INFO             PET3         MODEL: InitializeIPDvXp08 intro {ES}:+-<item: 0002> <itemType: Field> <itemName: rsns>
20260610 010429.775 INFO             PET3         MODEL: InitializeIPDvXp08 intro {ES}:!--- FieldLog() start -----------------
20260610 010429.775 INFO             PET3         MODEL: InitializeIPDvXp08 intro {ES}:! <name: rsns> <fieldStatus: ESMF_FIELDSTATUS_COMPLETE>
20260610 010429.775 INFO             PET3         MODEL: InitializeIPDvXp08 intro {ES}:! 0x7fff67bbfd78 => 0x5630462ed8f0 => 0x5630462edb30
20260610 010429.775 INFO             PET3         MODEL: InitializeIPDvXp08 intro {ES}:! <typekind: Real*8> <rank:    2> <dimCount:    2>
20260610 010429.775 INFO             PET3         MODEL: InitializeIPDvXp08 intro {ES}:! ! --- Array::log() start -----------------------------------
20260610 010429.775 INFO             PET3         MODEL: InitializeIPDvXp08 intro {ES}:! ! 0x5630462ee9a0
20260610 010429.775 INFO             PET3         MODEL: InitializeIPDvXp08 intro {ES}:! ! <name: rsns>
20260610 010429.775 INFO             PET3         MODEL: InitializeIPDvXp08 intro {ES}:! ! ! --- DistGrid::log() start --------------------------------
20260610 010429.775 INFO             PET3         MODEL: InitializeIPDvXp08 intro {ES}:! ! ! 0x5630462e5fc0
20260610 010429.775 INFO             PET3         MODEL: InitializeIPDvXp08 intro {ES}:! ! ! DistGrid object is valid!<name: DG-Grid004-sloc:0>
20260610 010429.775 INFO             PET3         MODEL: InitializeIPDvXp08 intro {ES}:! ! ! --- DistGrid::log() end ----------------------------------
20260610 010429.775 INFO             PET3         MODEL: InitializeIPDvXp08 intro {ES}:! ! --- Array::log() end -------------------------------------
20260610 010429.775 INFO             PET3         MODEL: InitializeIPDvXp08 intro {ES}:!--- FieldLog() end -------------------
20260610 010429.775 INFO             PET3         MODEL: InitializeIPDvXp08 intro {ES}:--- StateLog() end -------------------
20260610 010429.775 INFO             PET3         >>>MODEL: entered Initialize (phase=IPDv05p8) with current time:    0  1  1  0  0  0   0
20260610 010429.776 INFO             PET3         MODEL: InitializeDataProgress='false', InitializeDataComplete='false'
20260610 010429.776 INFO             PET3         <<<MODEL: leaving Initialize (phase=IPDv05p8) with current time:    0  1  1  0  0  0   0
20260610 010429.776 INFO             PET3         MODEL: InitializeIPDvXp08 extro {IS}:--- StateLog() start -----------------
20260610 010429.776 INFO             PET3         MODEL: InitializeIPDvXp08 extro {IS}:<name: MODEL-ImportState> <intent: ESMF_STATEINTENT_IMPORT> <itemCount:    0>
20260610 010429.776 INFO             PET3         MODEL: InitializeIPDvXp08 extro {IS}:--- StateLog() end -------------------
20260610 010429.776 INFO             PET3         MODEL: InitializeIPDvXp08 extro {ES}:--- StateLog() start -----------------
20260610 010429.776 INFO             PET3         MODEL: InitializeIPDvXp08 extro {ES}:<name: MODEL-ExportState> <intent: ESMF_STATEINTENT_EXPORT> <itemCount:    2>
20260610 010429.776 INFO             PET3         MODEL: InitializeIPDvXp08 extro {ES}:+-<item: 0001> <itemType: Field> <itemName: pmsl>
20260610 010429.776 INFO             PET3         MODEL: InitializeIPDvXp08 extro {ES}:!--- FieldLog() start -----------------
20260610 010429.776 INFO             PET3         MODEL: InitializeIPDvXp08 extro {ES}:! <name: pmsl> <fieldStatus: ESMF_FIELDSTATUS_COMPLETE>
20260610 010429.776 INFO             PET3         MODEL: InitializeIPDvXp08 extro {ES}:! 0x7fff67bc0258 => 0x5630462eac80 => 0x5630462eaec0
20260610 010429.776 INFO             PET3         MODEL: InitializeIPDvXp08 extro {ES}:! <typekind: Real*8> <rank:    2> <dimCount:    2>
20260610 010429.776 INFO             PET3         MODEL: InitializeIPDvXp08 extro {ES}:! ! --- Array::log() start -----------------------------------
20260610 010429.776 INFO             PET3         MODEL: InitializeIPDvXp08 extro {ES}:! ! 0x5630462ebe10
20260610 010429.776 INFO             PET3         MODEL: InitializeIPDvXp08 extro {ES}:! ! <name: pmsl>
20260610 010429.776 INFO             PET3         MODEL: InitializeIPDvXp08 extro {ES}:! ! ! --- DistGrid::log() start --------------------------------
20260610 010429.776 INFO             PET3         MODEL: InitializeIPDvXp08 extro {ES}:! ! ! 0x5630462e5fc0
20260610 010429.776 INFO             PET3         MODEL: InitializeIPDvXp08 extro {ES}:! ! ! DistGrid object is valid!<name: DG-Grid004-sloc:0>
20260610 010429.776 INFO             PET3         MODEL: InitializeIPDvXp08 extro {ES}:! ! ! --- DistGrid::log() end ----------------------------------
20260610 010429.776 INFO             PET3         MODEL: InitializeIPDvXp08 extro {ES}:! ! --- Array::log() end -------------------------------------
20260610 010429.776 INFO             PET3         MODEL: InitializeIPDvXp08 extro {ES}:!--- FieldLog() end -------------------
20260610 010429.776 INFO             PET3         MODEL: InitializeIPDvXp08 extro {ES}:+-<item: 0002> <itemType: Field> <itemName: rsns>
20260610 010429.776 INFO             PET3         MODEL: InitializeIPDvXp08 extro {ES}:!--- FieldLog() start -----------------
20260610 010429.776 INFO             PET3         MODEL: InitializeIPDvXp08 extro {ES}:! <name: rsns> <fieldStatus: ESMF_FIELDSTATUS_COMPLETE>
20260610 010429.776 INFO             PET3         MODEL: InitializeIPDvXp08 extro {ES}:! 0x7fff67bc0258 => 0x5630462ed8f0 => 0x5630462edb30
20260610 010429.776 INFO             PET3         MODEL: InitializeIPDvXp08 extro {ES}:! <typekind: Real*8> <rank:    2> <dimCount:    2>
20260610 010429.776 INFO             PET3         MODEL: InitializeIPDvXp08 extro {ES}:! ! --- Array::log() start -----------------------------------
20260610 010429.776 INFO             PET3         MODEL: InitializeIPDvXp08 extro {ES}:! ! 0x5630462ee9a0
20260610 010429.776 INFO             PET3         MODEL: InitializeIPDvXp08 extro {ES}:! ! <name: rsns>
20260610 010429.776 INFO             PET3         MODEL: InitializeIPDvXp08 extro {ES}:! ! ! --- DistGrid::log() start --------------------------------
20260610 010429.776 INFO             PET3         MODEL: InitializeIPDvXp08 extro {ES}:! ! ! 0x5630462e5fc0
20260610 010429.776 INFO             PET3         MODEL: InitializeIPDvXp08 extro {ES}:! ! ! DistGrid object is valid!<name: DG-Grid004-sloc:0>
20260610 010429.776 INFO             PET3         MODEL: InitializeIPDvXp08 extro {ES}:! ! ! --- DistGrid::log() end ----------------------------------
20260610 010429.776 INFO             PET3         MODEL: InitializeIPDvXp08 extro {ES}:! ! --- Array::log() end -------------------------------------
20260610 010429.776 INFO             PET3         MODEL: InitializeIPDvXp08 extro {ES}:!--- FieldLog() end -------------------
20260610 010429.776 INFO             PET3         MODEL: InitializeIPDvXp08 extro {ES}:--- StateLog() end -------------------
20260610 010429.776 INFO             PET3       MODEL: InitializeIPDvXp08 extro.
20260610 010429.777 INFO             PET3       driver: components present that trigger loopDataDependentInitialize().
20260610 010429.777 INFO             PET3       driver: loopDataDependentInitialize intro.
20260610 010429.777 INFO             PET3         driver: loopDataDependentInitialize intro {IS}:--- StateLog() start -----------------
20260610 010429.777 INFO             PET3         driver: loopDataDependentInitialize intro {IS}:State object is invalid! Not created or deleted!
20260610 010429.777 INFO             PET3         driver: loopDataDependentInitialize intro {IS}:--- StateLog() end -------------------
20260610 010429.777 INFO             PET3         driver: loopDataDependentInitialize intro {ES}:--- StateLog() start -----------------
20260610 010429.777 INFO             PET3         driver: loopDataDependentInitialize intro {ES}:State object is invalid! Not created or deleted!
20260610 010429.777 INFO             PET3         driver: loopDataDependentInitialize intro {ES}:--- StateLog() end -------------------
20260610 010429.777 INFO             PET3         >>>driver: entered Initialize (phase=<none>) with current time:    0  1  1  0  0  0   0
20260610 010429.778 INFO             PET3         driver: component    0=driver, dataComplete (local): true
20260610 010429.778 INFO             PET3         driver: component    0=driver, dataComplete (global):  T
20260610 010429.778 INFO             PET3         driver: component    1=MODEL, dataComplete (local): false
20260610 010429.778 INFO             PET3         driver: component    1=MODEL, dataComplete (global):  F
20260610 010429.778 INFO             PET3         MODEL: InitializeIPDvXp08 intro.
20260610 010429.778 INFO             PET3           MODEL: InitializeIPDvXp08 intro {IS}:--- StateLog() start -----------------
20260610 010429.778 INFO             PET3           MODEL: InitializeIPDvXp08 intro {IS}:<name: MODEL-ImportState> <intent: ESMF_STATEINTENT_IMPORT> <itemCount:    0>
20260610 010429.778 INFO             PET3           MODEL: InitializeIPDvXp08 intro {IS}:--- StateLog() end -------------------
20260610 010429.778 INFO             PET3           MODEL: InitializeIPDvXp08 intro {ES}:--- StateLog() start -----------------
20260610 010429.778 INFO             PET3           MODEL: InitializeIPDvXp08 intro {ES}:<name: MODEL-ExportState> <intent: ESMF_STATEINTENT_EXPORT> <itemCount:    2>
20260610 010429.778 INFO             PET3           MODEL: InitializeIPDvXp08 intro {ES}:+-<item: 0001> <itemType: Field> <itemName: pmsl>
20260610 010429.778 INFO             PET3           MODEL: InitializeIPDvXp08 intro {ES}:!--- FieldLog() start -----------------
20260610 010429.778 INFO             PET3           MODEL: InitializeIPDvXp08 intro {ES}:! <name: pmsl> <fieldStatus: ESMF_FIELDSTATUS_COMPLETE>
20260610 010429.778 INFO             PET3           MODEL: InitializeIPDvXp08 intro {ES}:! 0x7fff67bbc1b8 => 0x5630462eac80 => 0x5630462eaec0
20260610 010429.778 INFO             PET3           MODEL: InitializeIPDvXp08 intro {ES}:! <typekind: Real*8> <rank:    2> <dimCount:    2>
20260610 010429.778 INFO             PET3           MODEL: InitializeIPDvXp08 intro {ES}:! ! --- Array::log() start -----------------------------------
20260610 010429.778 INFO             PET3           MODEL: InitializeIPDvXp08 intro {ES}:! ! 0x5630462ebe10
20260610 010429.778 INFO             PET3           MODEL: InitializeIPDvXp08 intro {ES}:! ! <name: pmsl>
20260610 010429.778 INFO             PET3           MODEL: InitializeIPDvXp08 intro {ES}:! ! ! --- DistGrid::log() start --------------------------------
20260610 010429.778 INFO             PET3           MODEL: InitializeIPDvXp08 intro {ES}:! ! ! 0x5630462e5fc0
20260610 010429.778 INFO             PET3           MODEL: InitializeIPDvXp08 intro {ES}:! ! ! DistGrid object is valid!<name: DG-Grid004-sloc:0>
20260610 010429.778 INFO             PET3           MODEL: InitializeIPDvXp08 intro {ES}:! ! ! --- DistGrid::log() end ----------------------------------
20260610 010429.778 INFO             PET3           MODEL: InitializeIPDvXp08 intro {ES}:! ! --- Array::log() end -------------------------------------
20260610 010429.778 INFO             PET3           MODEL: InitializeIPDvXp08 intro {ES}:!--- FieldLog() end -------------------
20260610 010429.778 INFO             PET3           MODEL: InitializeIPDvXp08 intro {ES}:+-<item: 0002> <itemType: Field> <itemName: rsns>
20260610 010429.778 INFO             PET3           MODEL: InitializeIPDvXp08 intro {ES}:!--- FieldLog() start -----------------
20260610 010429.778 INFO             PET3           MODEL: InitializeIPDvXp08 intro {ES}:! <name: rsns> <fieldStatus: ESMF_FIELDSTATUS_COMPLETE>
20260610 010429.778 INFO             PET3           MODEL: InitializeIPDvXp08 intro {ES}:! 0x7fff67bbc1b8 => 0x5630462ed8f0 => 0x5630462edb30
20260610 010429.778 INFO             PET3           MODEL: InitializeIPDvXp08 intro {ES}:! <typekind: Real*8> <rank:    2> <dimCount:    2>
20260610 010429.778 INFO             PET3           MODEL: InitializeIPDvXp08 intro {ES}:! ! --- Array::log() start -----------------------------------
20260610 010429.778 INFO             PET3           MODEL: InitializeIPDvXp08 intro {ES}:! ! 0x5630462ee9a0
20260610 010429.778 INFO             PET3           MODEL: InitializeIPDvXp08 intro {ES}:! ! <name: rsns>
20260610 010429.778 INFO             PET3           MODEL: InitializeIPDvXp08 intro {ES}:! ! ! --- DistGrid::log() start --------------------------------
20260610 010429.778 INFO             PET3           MODEL: InitializeIPDvXp08 intro {ES}:! ! ! 0x5630462e5fc0
20260610 010429.778 INFO             PET3           MODEL: InitializeIPDvXp08 intro {ES}:! ! ! DistGrid object is valid!<name: DG-Grid004-sloc:0>
20260610 010429.778 INFO             PET3           MODEL: InitializeIPDvXp08 intro {ES}:! ! ! --- DistGrid::log() end ----------------------------------
20260610 010429.778 INFO             PET3           MODEL: InitializeIPDvXp08 intro {ES}:! ! --- Array::log() end -------------------------------------
20260610 010429.778 INFO             PET3           MODEL: InitializeIPDvXp08 intro {ES}:!--- FieldLog() end -------------------
20260610 010429.778 INFO             PET3           MODEL: InitializeIPDvXp08 intro {ES}:--- StateLog() end -------------------
20260610 010429.779 INFO             PET3           >>>MODEL: entered Initialize (phase=IPDv05p8) with current time:    0  1  1  0  0  0   0
20260610 010429.779 INFO             PET3           MODEL: InitializeDataProgress='true', InitializeDataComplete='true'
20260610 010429.779 INFO             PET3           <<<MODEL: leaving Initialize (phase=IPDv05p8) with current time:    0  1  1  0  0  0   0
20260610 010429.779 INFO             PET3           MODEL: InitializeIPDvXp08 extro {IS}:--- StateLog() start -----------------
20260610 010429.779 INFO             PET3           MODEL: InitializeIPDvXp08 extro {IS}:<name: MODEL-ImportState> <intent: ESMF_STATEINTENT_IMPORT> <itemCount:    0>
20260610 010429.779 INFO             PET3           MODEL: InitializeIPDvXp08 extro {IS}:--- StateLog() end -------------------
20260610 010429.779 INFO             PET3           MODEL: InitializeIPDvXp08 extro {ES}:--- StateLog() start -----------------
20260610 010429.779 INFO             PET3           MODEL: InitializeIPDvXp08 extro {ES}:<name: MODEL-ExportState> <intent: ESMF_STATEINTENT_EXPORT> <itemCount:    2>
20260610 010429.779 INFO             PET3           MODEL: InitializeIPDvXp08 extro {ES}:+-<item: 0001> <itemType: Field> <itemName: pmsl>
20260610 010429.779 INFO             PET3           MODEL: InitializeIPDvXp08 extro {ES}:!--- FieldLog() start -----------------
20260610 010429.779 INFO             PET3           MODEL: InitializeIPDvXp08 extro {ES}:! <name: pmsl> <fieldStatus: ESMF_FIELDSTATUS_COMPLETE>
20260610 010429.779 INFO             PET3           MODEL: InitializeIPDvXp08 extro {ES}:! 0x7fff67bbc698 => 0x5630462eac80 => 0x5630462eaec0
20260610 010429.779 INFO             PET3           MODEL: InitializeIPDvXp08 extro {ES}:! <typekind: Real*8> <rank:    2> <dimCount:    2>
20260610 010429.779 INFO             PET3           MODEL: InitializeIPDvXp08 extro {ES}:! ! --- Array::log() start -----------------------------------
20260610 010429.779 INFO             PET3           MODEL: InitializeIPDvXp08 extro {ES}:! ! 0x5630462ebe10
20260610 010429.779 INFO             PET3           MODEL: InitializeIPDvXp08 extro {ES}:! ! <name: pmsl>
20260610 010429.779 INFO             PET3           MODEL: InitializeIPDvXp08 extro {ES}:! ! ! --- DistGrid::log() start --------------------------------
20260610 010429.779 INFO             PET3           MODEL: InitializeIPDvXp08 extro {ES}:! ! ! 0x5630462e5fc0
20260610 010429.779 INFO             PET3           MODEL: InitializeIPDvXp08 extro {ES}:! ! ! DistGrid object is valid!<name: DG-Grid004-sloc:0>
20260610 010429.779 INFO             PET3           MODEL: InitializeIPDvXp08 extro {ES}:! ! ! --- DistGrid::log() end ----------------------------------
20260610 010429.779 INFO             PET3           MODEL: InitializeIPDvXp08 extro {ES}:! ! --- Array::log() end -------------------------------------
20260610 010429.779 INFO             PET3           MODEL: InitializeIPDvXp08 extro {ES}:!--- FieldLog() end -------------------
20260610 010429.779 INFO             PET3           MODEL: InitializeIPDvXp08 extro {ES}:+-<item: 0002> <itemType: Field> <itemName: rsns>
20260610 010429.779 INFO             PET3           MODEL: InitializeIPDvXp08 extro {ES}:!--- FieldLog() start -----------------
20260610 010429.779 INFO             PET3           MODEL: InitializeIPDvXp08 extro {ES}:! <name: rsns> <fieldStatus: ESMF_FIELDSTATUS_COMPLETE>
20260610 010429.779 INFO             PET3           MODEL: InitializeIPDvXp08 extro {ES}:! 0x7fff67bbc698 => 0x5630462ed8f0 => 0x5630462edb30
20260610 010429.779 INFO             PET3           MODEL: InitializeIPDvXp08 extro {ES}:! <typekind: Real*8> <rank:    2> <dimCount:    2>
20260610 010429.779 INFO             PET3           MODEL: InitializeIPDvXp08 extro {ES}:! ! --- Array::log() start -----------------------------------
20260610 010429.779 INFO             PET3           MODEL: InitializeIPDvXp08 extro {ES}:! ! 0x5630462ee9a0
20260610 010429.779 INFO             PET3           MODEL: InitializeIPDvXp08 extro {ES}:! ! <name: rsns>
20260610 010429.779 INFO             PET3           MODEL: InitializeIPDvXp08 extro {ES}:! ! ! --- DistGrid::log() start --------------------------------
20260610 010429.779 INFO             PET3           MODEL: InitializeIPDvXp08 extro {ES}:! ! ! 0x5630462e5fc0
20260610 010429.779 INFO             PET3           MODEL: InitializeIPDvXp08 extro {ES}:! ! ! DistGrid object is valid!<name: DG-Grid004-sloc:0>
20260610 010429.779 INFO             PET3           MODEL: InitializeIPDvXp08 extro {ES}:! ! ! --- DistGrid::log() end ----------------------------------
20260610 010429.779 INFO             PET3           MODEL: InitializeIPDvXp08 extro {ES}:! ! --- Array::log() end -------------------------------------
20260610 010429.780 INFO             PET3           MODEL: InitializeIPDvXp08 extro {ES}:!--- FieldLog() end -------------------
20260610 010429.780 INFO             PET3           MODEL: InitializeIPDvXp08 extro {ES}:--- StateLog() end -------------------
20260610 010429.780 INFO             PET3         MODEL: InitializeIPDvXp08 extro.
20260610 010429.781 INFO             PET3         driver: component    1=MODEL, someProgress (local): true
20260610 010429.781 INFO             PET3         driver: component    1=MODEL, someProgress (global):  T
20260610 010429.781 INFO             PET3         driver: someProgress= T, allComplete= F, present(dataDepAllComplete)= T
20260610 010429.781 INFO             PET3         driver: component    0=driver, dataComplete (local): true
20260610 010429.781 INFO             PET3         driver: component    0=driver, dataComplete (global):  T
20260610 010429.781 INFO             PET3         driver: component    1=MODEL, dataComplete (local): true
20260610 010429.781 INFO             PET3         driver: component    1=MODEL, dataComplete (global):  T
20260610 010429.782 INFO             PET3         driver: someProgress= F, allComplete= T, present(dataDepAllComplete)= T
20260610 010429.782 INFO             PET3         driver: finished resolving initialize data dependencies on this level.
20260610 010429.782 INFO             PET3         <<<driver: leaving Initialize (phase=<none>) with current time:    0  1  1  0  0  0   0
20260610 010429.782 INFO             PET3         driver: loopDataDependentInitialize extro {IS}:--- StateLog() start -----------------
20260610 010429.782 INFO             PET3         driver: loopDataDependentInitialize extro {IS}:State object is invalid! Not created or deleted!
20260610 010429.782 INFO             PET3         driver: loopDataDependentInitialize extro {IS}:--- StateLog() end -------------------
20260610 010429.782 INFO             PET3         driver: loopDataDependentInitialize extro {ES}:--- StateLog() start -----------------
20260610 010429.782 INFO             PET3         driver: loopDataDependentInitialize extro {ES}:State object is invalid! Not created or deleted!
20260610 010429.782 INFO             PET3         driver: loopDataDependentInitialize extro {ES}:--- StateLog() end -------------------
20260610 010429.782 INFO             PET3       driver: loopDataDependentInitialize extro.
20260610 010429.782 INFO             PET3       driver: loopDataDependentInitialize() returned with dataDepAllComplete:  T
20260610 010429.782 INFO             PET3       <<<driver: leaving Initialize (phase=<none>) with current time:    0  1  1  0  0  0   0
20260610 010429.782 INFO             PET3       driver: InitializeIPDv02p5Data extro {IS}:--- StateLog() start -----------------
20260610 010429.782 INFO             PET3       driver: InitializeIPDv02p5Data extro {IS}:State object is invalid! Not created or deleted!
20260610 010429.782 INFO             PET3       driver: InitializeIPDv02p5Data extro {IS}:--- StateLog() end -------------------
20260610 010429.782 INFO             PET3       driver: InitializeIPDv02p5Data extro {ES}:--- StateLog() start -----------------
20260610 010429.782 INFO             PET3       driver: InitializeIPDv02p5Data extro {ES}:State object is invalid! Not created or deleted!
20260610 010429.782 INFO             PET3       driver: InitializeIPDv02p5Data extro {ES}:--- StateLog() end -------------------
20260610 010429.782 INFO             PET3     driver: InitializeIPDv02p5Data extro.
20260610 010429.782 INFO             PET3     <<<driver: leaving Initialize (phase=<none>) with current time:    0  1  1  0  0  0   0
20260610 010429.782 INFO             PET3     driver: InitializeIPDv02p5 extro {IS}:--- StateLog() start -----------------
20260610 010429.782 INFO             PET3     driver: InitializeIPDv02p5 extro {IS}:State object is invalid! Not created or deleted!
20260610 010429.782 INFO             PET3     driver: InitializeIPDv02p5 extro {IS}:--- StateLog() end -------------------
20260610 010429.782 INFO             PET3     driver: InitializeIPDv02p5 extro {ES}:--- StateLog() start -----------------
20260610 010429.782 INFO             PET3     driver: InitializeIPDv02p5 extro {ES}:State object is invalid! Not created or deleted!
20260610 010429.782 INFO             PET3     driver: InitializeIPDv02p5 extro {ES}:--- StateLog() end -------------------
20260610 010429.782 INFO             PET3   driver: InitializeIPDv02p5 extro.
20260610 010429.782 INFO             PET3   <<<driver: leaving Initialize (phase=<none>) with current time:    0  1  1  0  0  0   0
20260610 010429.782 INFO             PET3   driver: InitializeGeneric extro {IS}:--- StateLog() start -----------------
20260610 010429.782 INFO             PET3   driver: InitializeGeneric extro {IS}:State object is invalid! Not created or deleted!
20260610 010429.782 INFO             PET3   driver: InitializeGeneric extro {IS}:--- StateLog() end -------------------
20260610 010429.782 INFO             PET3   driver: InitializeGeneric extro {ES}:--- StateLog() start -----------------
20260610 010429.782 INFO             PET3   driver: InitializeGeneric extro {ES}:State object is invalid! Not created or deleted!
20260610 010429.782 INFO             PET3   driver: InitializeGeneric extro {ES}:--- StateLog() end -------------------
20260610 010429.782 INFO             PET3 driver: InitializeGeneric extro.
20260610 010429.782 INFO             PET3 driver: Run intro.
20260610 010429.782 INFO             PET3   driver: Run intro {IS}:--- StateLog() start -----------------
20260610 010429.782 INFO             PET3   driver: Run intro {IS}:State object is invalid! Not created or deleted!
20260610 010429.782 INFO             PET3   driver: Run intro {IS}:--- StateLog() end -------------------
20260610 010429.782 INFO             PET3   driver: Run intro {ES}:--- StateLog() start -----------------
20260610 010429.782 INFO             PET3   driver: Run intro {ES}:State object is invalid! Not created or deleted!
20260610 010429.782 INFO             PET3   driver: Run intro {ES}:--- StateLog() end -------------------
20260610 010429.782 INFO             PET3   >>>driver: entered Run (phase=RunPhase1) with current time:    0  1  1  0  0  0   0
20260610 010429.783 INFO             PET3   driver: after lable_SetRunClock, current time:    0  1  1  0  0  0   0
20260610 010429.783 INFO             PET3   driver: begin -------> RunSequence.
20260610 010429.783 INFO             PET3     driver: RunSequence event loopLevel=   1  levelMember=   1  loopIteration=   1, current time:    0  1  1  0  0  0   0
20260610 010429.783 INFO             PET3     MODEL: Run intro.
20260610 010429.783 INFO             PET3       MODEL: Run intro {IS}:--- StateLog() start -----------------
20260610 010429.783 INFO             PET3       MODEL: Run intro {IS}:<name: MODEL-ImportState> <intent: ESMF_STATEINTENT_IMPORT> <itemCount:    0>
20260610 010429.783 INFO             PET3       MODEL: Run intro {IS}:--- StateLog() end -------------------
20260610 010429.783 INFO             PET3       MODEL: Run intro {ES}:--- StateLog() start -----------------
20260610 010429.783 INFO             PET3       MODEL: Run intro {ES}:<name: MODEL-ExportState> <intent: ESMF_STATEINTENT_EXPORT> <itemCount:    2>
20260610 010429.783 INFO             PET3       MODEL: Run intro {ES}:+-<item: 0001> <itemType: Field> <itemName: pmsl>
20260610 010429.783 INFO             PET3       MODEL: Run intro {ES}:!--- FieldLog() start -----------------
20260610 010429.783 INFO             PET3       MODEL: Run intro {ES}:! <name: pmsl> <fieldStatus: ESMF_FIELDSTATUS_COMPLETE>
20260610 010429.783 INFO             PET3       MODEL: Run intro {ES}:! 0x7fff67bc0d08 => 0x5630462eac80 => 0x5630462eaec0
20260610 010429.783 INFO             PET3       MODEL: Run intro {ES}:! <typekind: Real*8> <rank:    2> <dimCount:    2>
20260610 010429.783 INFO             PET3       MODEL: Run intro {ES}:! ! --- Array::log() start -----------------------------------
20260610 010429.783 INFO             PET3       MODEL: Run intro {ES}:! ! 0x5630462ebe10
20260610 010429.783 INFO             PET3       MODEL: Run intro {ES}:! ! <name: pmsl>
20260610 010429.783 INFO             PET3       MODEL: Run intro {ES}:! ! ! --- DistGrid::log() start --------------------------------
20260610 010429.783 INFO             PET3       MODEL: Run intro {ES}:! ! ! 0x5630462e5fc0
20260610 010429.783 INFO             PET3       MODEL: Run intro {ES}:! ! ! DistGrid object is valid!<name: DG-Grid004-sloc:0>
20260610 010429.783 INFO             PET3       MODEL: Run intro {ES}:! ! ! --- DistGrid::log() end ----------------------------------
20260610 010429.783 INFO             PET3       MODEL: Run intro {ES}:! ! --- Array::log() end -------------------------------------
20260610 010429.783 INFO             PET3       MODEL: Run intro {ES}:!--- FieldLog() end -------------------
20260610 010429.783 INFO             PET3       MODEL: Run intro {ES}:+-<item: 0002> <itemType: Field> <itemName: rsns>
20260610 010429.783 INFO             PET3       MODEL: Run intro {ES}:!--- FieldLog() start -----------------
20260610 010429.783 INFO             PET3       MODEL: Run intro {ES}:! <name: rsns> <fieldStatus: ESMF_FIELDSTATUS_COMPLETE>
20260610 010429.783 INFO             PET3       MODEL: Run intro {ES}:! 0x7fff67bc0d08 => 0x5630462ed8f0 => 0x5630462edb30
20260610 010429.783 INFO             PET3       MODEL: Run intro {ES}:! <typekind: Real*8> <rank:    2> <dimCount:    2>
20260610 010429.783 INFO             PET3       MODEL: Run intro {ES}:! ! --- Array::log() start -----------------------------------
20260610 010429.783 INFO             PET3       MODEL: Run intro {ES}:! ! 0x5630462ee9a0
20260610 010429.783 INFO             PET3       MODEL: Run intro {ES}:! ! <name: rsns>
20260610 010429.783 INFO             PET3       MODEL: Run intro {ES}:! ! ! --- DistGrid::log() start --------------------------------
20260610 010429.783 INFO             PET3       MODEL: Run intro {ES}:! ! ! 0x5630462e5fc0
20260610 010429.783 INFO             PET3       MODEL: Run intro {ES}:! ! ! DistGrid object is valid!<name: DG-Grid004-sloc:0>
20260610 010429.783 INFO             PET3       MODEL: Run intro {ES}:! ! ! --- DistGrid::log() end ----------------------------------
20260610 010429.783 INFO             PET3       MODEL: Run intro {ES}:! ! --- Array::log() end -------------------------------------
20260610 010429.783 INFO             PET3       MODEL: Run intro {ES}:!--- FieldLog() end -------------------
20260610 010429.783 INFO             PET3       MODEL: Run intro {ES}:--- StateLog() end -------------------
20260610 010429.784 INFO             PET3       >>>MODEL: entered Run (phase=RunPhase1) with current time:    0  1  1  0  0  0   0
20260610 010429.784 INFO             PET3       MODEL: time step-loop starting, current time:    0  1  1  0  0  0   0
20260610 010429.792 INFO             PET3       thread_num=   1   currentSsiPe=  56   num_threads=   3   max_threads=   3   num_procs= 126
20260610 010429.792 INFO             PET3       thread_num=   0   currentSsiPe= 125   num_threads=   3   max_threads=   3   num_procs= 126
20260610 010429.792 INFO             PET3       thread_num=   2   currentSsiPe=  49   num_threads=   3   max_threads=   3   num_procs= 126
20260610 010429.792 INFO             PET3       ---->Advancing Model from:    0  1  1  0  0  0   0
20260610 010429.792 INFO             PET3       ---------------------> to:    0  1  1  0  0 30   0
20260610 010429.792 INFO             PET3       MODEL: time step-loop ending,   current time:    0  1  1  0  0 30   0
20260610 010429.792 INFO             PET3       <<<MODEL: leaving Run (phase=RunPhase1) with current time:    0  1  1  0  0 30   0
20260610 010429.792 INFO             PET3       MODEL: Run extro {IS}:--- StateLog() start -----------------
20260610 010429.792 INFO             PET3       MODEL: Run extro {IS}:<name: MODEL-ImportState> <intent: ESMF_STATEINTENT_IMPORT> <itemCount:    0>
20260610 010429.792 INFO             PET3       MODEL: Run extro {IS}:--- StateLog() end -------------------
20260610 010429.792 INFO             PET3       MODEL: Run extro {ES}:--- StateLog() start -----------------
20260610 010429.792 INFO             PET3       MODEL: Run extro {ES}:<name: MODEL-ExportState> <intent: ESMF_STATEINTENT_EXPORT> <itemCount:    2>
20260610 010429.792 INFO             PET3       MODEL: Run extro {ES}:+-<item: 0001> <itemType: Field> <itemName: pmsl>
20260610 010429.792 INFO             PET3       MODEL: Run extro {ES}:!--- FieldLog() start -----------------
20260610 010429.792 INFO             PET3       MODEL: Run extro {ES}:! <name: pmsl> <fieldStatus: ESMF_FIELDSTATUS_COMPLETE>
20260610 010429.792 INFO             PET3       MODEL: Run extro {ES}:! 0x7fff67bc0be8 => 0x5630462eac80 => 0x5630462eaec0
20260610 010429.792 INFO             PET3       MODEL: Run extro {ES}:! <typekind: Real*8> <rank:    2> <dimCount:    2>
20260610 010429.792 INFO             PET3       MODEL: Run extro {ES}:! ! --- Array::log() start -----------------------------------
20260610 010429.792 INFO             PET3       MODEL: Run extro {ES}:! ! 0x5630462ebe10
20260610 010429.792 INFO             PET3       MODEL: Run extro {ES}:! ! <name: pmsl>
20260610 010429.792 INFO             PET3       MODEL: Run extro {ES}:! ! ! --- DistGrid::log() start --------------------------------
20260610 010429.792 INFO             PET3       MODEL: Run extro {ES}:! ! ! 0x5630462e5fc0
20260610 010429.792 INFO             PET3       MODEL: Run extro {ES}:! ! ! DistGrid object is valid!<name: DG-Grid004-sloc:0>
20260610 010429.792 INFO             PET3       MODEL: Run extro {ES}:! ! ! --- DistGrid::log() end ----------------------------------
20260610 010429.792 INFO             PET3       MODEL: Run extro {ES}:! ! --- Array::log() end -------------------------------------
20260610 010429.792 INFO             PET3       MODEL: Run extro {ES}:!--- FieldLog() end -------------------
20260610 010429.792 INFO             PET3       MODEL: Run extro {ES}:+-<item: 0002> <itemType: Field> <itemName: rsns>
20260610 010429.792 INFO             PET3       MODEL: Run extro {ES}:!--- FieldLog() start -----------------
20260610 010429.792 INFO             PET3       MODEL: Run extro {ES}:! <name: rsns> <fieldStatus: ESMF_FIELDSTATUS_COMPLETE>
20260610 010429.792 INFO             PET3       MODEL: Run extro {ES}:! 0x7fff67bc0be8 => 0x5630462ed8f0 => 0x5630462edb30
20260610 010429.792 INFO             PET3       MODEL: Run extro {ES}:! <typekind: Real*8> <rank:    2> <dimCount:    2>
20260610 010429.792 INFO             PET3       MODEL: Run extro {ES}:! ! --- Array::log() start -----------------------------------
20260610 010429.792 INFO             PET3       MODEL: Run extro {ES}:! ! 0x5630462ee9a0
20260610 010429.792 INFO             PET3       MODEL: Run extro {ES}:! ! <name: rsns>
20260610 010429.792 INFO             PET3       MODEL: Run extro {ES}:! ! ! --- DistGrid::log() start --------------------------------
20260610 010429.792 INFO             PET3       MODEL: Run extro {ES}:! ! ! 0x5630462e5fc0
20260610 010429.792 INFO             PET3       MODEL: Run extro {ES}:! ! ! DistGrid object is valid!<name: DG-Grid004-sloc:0>
20260610 010429.792 INFO             PET3       MODEL: Run extro {ES}:! ! ! --- DistGrid::log() end ----------------------------------
20260610 010429.792 INFO             PET3       MODEL: Run extro {ES}:! ! --- Array::log() end -------------------------------------
20260610 010429.792 INFO             PET3       MODEL: Run extro {ES}:!--- FieldLog() end -------------------
20260610 010429.792 INFO             PET3       MODEL: Run extro {ES}:--- StateLog() end -------------------
20260610 010429.792 INFO             PET3     MODEL: Run extro.
20260610 010429.793 INFO             PET3     driver: RunSequence event loopLevel=   1  levelMember=   1  loopIteration=   2, current time:    0  1  1  0  0 30   0
20260610 010429.793 INFO             PET3     MODEL: Run intro.
20260610 010429.793 INFO             PET3       MODEL: Run intro {IS}:--- StateLog() start -----------------
20260610 010429.793 INFO             PET3       MODEL: Run intro {IS}:<name: MODEL-ImportState> <intent: ESMF_STATEINTENT_IMPORT> <itemCount:    0>
20260610 010429.793 INFO             PET3       MODEL: Run intro {IS}:--- StateLog() end -------------------
20260610 010429.793 INFO             PET3       MODEL: Run intro {ES}:--- StateLog() start -----------------
20260610 010429.793 INFO             PET3       MODEL: Run intro {ES}:<name: MODEL-ExportState> <intent: ESMF_STATEINTENT_EXPORT> <itemCount:    2>
20260610 010429.793 INFO             PET3       MODEL: Run intro {ES}:+-<item: 0001> <itemType: Field> <itemName: pmsl>
20260610 010429.793 INFO             PET3       MODEL: Run intro {ES}:!--- FieldLog() start -----------------
20260610 010429.793 INFO             PET3       MODEL: Run intro {ES}:! <name: pmsl> <fieldStatus: ESMF_FIELDSTATUS_COMPLETE>
20260610 010429.793 INFO             PET3       MODEL: Run intro {ES}:! 0x7fff67bc0c88 => 0x5630462eac80 => 0x5630462eaec0
20260610 010429.793 INFO             PET3       MODEL: Run intro {ES}:! <typekind: Real*8> <rank:    2> <dimCount:    2>
20260610 010429.793 INFO             PET3       MODEL: Run intro {ES}:! ! --- Array::log() start -----------------------------------
20260610 010429.793 INFO             PET3       MODEL: Run intro {ES}:! ! 0x5630462ebe10
20260610 010429.793 INFO             PET3       MODEL: Run intro {ES}:! ! <name: pmsl>
20260610 010429.793 INFO             PET3       MODEL: Run intro {ES}:! ! ! --- DistGrid::log() start --------------------------------
20260610 010429.793 INFO             PET3       MODEL: Run intro {ES}:! ! ! 0x5630462e5fc0
20260610 010429.793 INFO             PET3       MODEL: Run intro {ES}:! ! ! DistGrid object is valid!<name: DG-Grid004-sloc:0>
20260610 010429.793 INFO             PET3       MODEL: Run intro {ES}:! ! ! --- DistGrid::log() end ----------------------------------
20260610 010429.793 INFO             PET3       MODEL: Run intro {ES}:! ! --- Array::log() end -------------------------------------
20260610 010429.793 INFO             PET3       MODEL: Run intro {ES}:!--- FieldLog() end -------------------
20260610 010429.793 INFO             PET3       MODEL: Run intro {ES}:+-<item: 0002> <itemType: Field> <itemName: rsns>
20260610 010429.793 INFO             PET3       MODEL: Run intro {ES}:!--- FieldLog() start -----------------
20260610 010429.793 INFO             PET3       MODEL: Run intro {ES}:! <name: rsns> <fieldStatus: ESMF_FIELDSTATUS_COMPLETE>
20260610 010429.793 INFO             PET3       MODEL: Run intro {ES}:! 0x7fff67bc0c88 => 0x5630462ed8f0 => 0x5630462edb30
20260610 010429.793 INFO             PET3       MODEL: Run intro {ES}:! <typekind: Real*8> <rank:    2> <dimCount:    2>
20260610 010429.793 INFO             PET3       MODEL: Run intro {ES}:! ! --- Array::log() start -----------------------------------
20260610 010429.793 INFO             PET3       MODEL: Run intro {ES}:! ! 0x5630462ee9a0
20260610 010429.793 INFO             PET3       MODEL: Run intro {ES}:! ! <name: rsns>
20260610 010429.793 INFO             PET3       MODEL: Run intro {ES}:! ! ! --- DistGrid::log() start --------------------------------
20260610 010429.793 INFO             PET3       MODEL: Run intro {ES}:! ! ! 0x5630462e5fc0
20260610 010429.793 INFO             PET3       MODEL: Run intro {ES}:! ! ! DistGrid object is valid!<name: DG-Grid004-sloc:0>
20260610 010429.793 INFO             PET3       MODEL: Run intro {ES}:! ! ! --- DistGrid::log() end ----------------------------------
20260610 010429.793 INFO             PET3       MODEL: Run intro {ES}:! ! --- Array::log() end -------------------------------------
20260610 010429.793 INFO             PET3       MODEL: Run intro {ES}:!--- FieldLog() end -------------------
20260610 010429.793 INFO             PET3       MODEL: Run intro {ES}:--- StateLog() end -------------------
20260610 010429.793 INFO             PET3       >>>MODEL: entered Run (phase=RunPhase1) with current time:    0  1  1  0  0 30   0
20260610 010429.793 INFO             PET3       MODEL: time step-loop starting, current time:    0  1  1  0  0 30   0
20260610 010429.793 INFO             PET3       thread_num=   0   currentSsiPe= 125   num_threads=   3   max_threads=   3   num_procs= 126
20260610 010429.793 INFO             PET3       thread_num=   2   currentSsiPe=  49   num_threads=   3   max_threads=   3   num_procs= 126
20260610 010429.794 INFO             PET3       thread_num=   1   currentSsiPe=  56   num_threads=   3   max_threads=   3   num_procs= 126
20260610 010429.794 INFO             PET3       ---->Advancing Model from:    0  1  1  0  0 30   0
20260610 010429.794 INFO             PET3       ---------------------> to:    0  1  1  0  1  0   0
20260610 010429.794 INFO             PET3       MODEL: time step-loop ending,   current time:    0  1  1  0  1  0   0
20260610 010429.794 INFO             PET3       <<<MODEL: leaving Run (phase=RunPhase1) with current time:    0  1  1  0  1  0   0
20260610 010429.794 INFO             PET3       MODEL: Run extro {IS}:--- StateLog() start -----------------
20260610 010429.794 INFO             PET3       MODEL: Run extro {IS}:<name: MODEL-ImportState> <intent: ESMF_STATEINTENT_IMPORT> <itemCount:    0>
20260610 010429.794 INFO             PET3       MODEL: Run extro {IS}:--- StateLog() end -------------------
20260610 010429.794 INFO             PET3       MODEL: Run extro {ES}:--- StateLog() start -----------------
20260610 010429.794 INFO             PET3       MODEL: Run extro {ES}:<name: MODEL-ExportState> <intent: ESMF_STATEINTENT_EXPORT> <itemCount:    2>
20260610 010429.794 INFO             PET3       MODEL: Run extro {ES}:+-<item: 0001> <itemType: Field> <itemName: pmsl>
20260610 010429.794 INFO             PET3       MODEL: Run extro {ES}:!--- FieldLog() start -----------------
20260610 010429.794 INFO             PET3       MODEL: Run extro {ES}:! <name: pmsl> <fieldStatus: ESMF_FIELDSTATUS_COMPLETE>
20260610 010429.794 INFO             PET3       MODEL: Run extro {ES}:! 0x7fff67bc0b68 => 0x5630462eac80 => 0x5630462eaec0
20260610 010429.794 INFO             PET3       MODEL: Run extro {ES}:! <typekind: Real*8> <rank:    2> <dimCount:    2>
20260610 010429.794 INFO             PET3       MODEL: Run extro {ES}:! ! --- Array::log() start -----------------------------------
20260610 010429.794 INFO             PET3       MODEL: Run extro {ES}:! ! 0x5630462ebe10
20260610 010429.794 INFO             PET3       MODEL: Run extro {ES}:! ! <name: pmsl>
20260610 010429.794 INFO             PET3       MODEL: Run extro {ES}:! ! ! --- DistGrid::log() start --------------------------------
20260610 010429.794 INFO             PET3       MODEL: Run extro {ES}:! ! ! 0x5630462e5fc0
20260610 010429.794 INFO             PET3       MODEL: Run extro {ES}:! ! ! DistGrid object is valid!<name: DG-Grid004-sloc:0>
20260610 010429.794 INFO             PET3       MODEL: Run extro {ES}:! ! ! --- DistGrid::log() end ----------------------------------
20260610 010429.794 INFO             PET3       MODEL: Run extro {ES}:! ! --- Array::log() end -------------------------------------
20260610 010429.794 INFO             PET3       MODEL: Run extro {ES}:!--- FieldLog() end -------------------
20260610 010429.794 INFO             PET3       MODEL: Run extro {ES}:+-<item: 0002> <itemType: Field> <itemName: rsns>
20260610 010429.794 INFO             PET3       MODEL: Run extro {ES}:!--- FieldLog() start -----------------
20260610 010429.794 INFO             PET3       MODEL: Run extro {ES}:! <name: rsns> <fieldStatus: ESMF_FIELDSTATUS_COMPLETE>
20260610 010429.794 INFO             PET3       MODEL: Run extro {ES}:! 0x7fff67bc0b68 => 0x5630462ed8f0 => 0x5630462edb30
20260610 010429.794 INFO             PET3       MODEL: Run extro {ES}:! <typekind: Real*8> <rank:    2> <dimCount:    2>
20260610 010429.794 INFO             PET3       MODEL: Run extro {ES}:! ! --- Array::log() start -----------------------------------
20260610 010429.794 INFO             PET3       MODEL: Run extro {ES}:! ! 0x5630462ee9a0
20260610 010429.794 INFO             PET3       MODEL: Run extro {ES}:! ! <name: rsns>
20260610 010429.794 INFO             PET3       MODEL: Run extro {ES}:! ! ! --- DistGrid::log() start --------------------------------
20260610 010429.794 INFO             PET3       MODEL: Run extro {ES}:! ! ! 0x5630462e5fc0
20260610 010429.794 INFO             PET3       MODEL: Run extro {ES}:! ! ! DistGrid object is valid!<name: DG-Grid004-sloc:0>
20260610 010429.794 INFO             PET3       MODEL: Run extro {ES}:! ! ! --- DistGrid::log() end ----------------------------------
20260610 010429.794 INFO             PET3       MODEL: Run extro {ES}:! ! --- Array::log() end -------------------------------------
20260610 010429.794 INFO             PET3       MODEL: Run extro {ES}:!--- FieldLog() end -------------------
20260610 010429.794 INFO             PET3       MODEL: Run extro {ES}:--- StateLog() end -------------------
20260610 010429.794 INFO             PET3     MODEL: Run extro.
20260610 010429.794 INFO             PET3     driver: RunSequence event loopLevel=   1  levelMember=   1  loopIteration=   3, current time:    0  1  1  0  1  0   0
20260610 010429.794 INFO             PET3     MODEL: Run intro.
20260610 010429.794 INFO             PET3       MODEL: Run intro {IS}:--- StateLog() start -----------------
20260610 010429.794 INFO             PET3       MODEL: Run intro {IS}:<name: MODEL-ImportState> <intent: ESMF_STATEINTENT_IMPORT> <itemCount:    0>
20260610 010429.794 INFO             PET3       MODEL: Run intro {IS}:--- StateLog() end -------------------
20260610 010429.794 INFO             PET3       MODEL: Run intro {ES}:--- StateLog() start -----------------
20260610 010429.794 INFO             PET3       MODEL: Run intro {ES}:<name: MODEL-ExportState> <intent: ESMF_STATEINTENT_EXPORT> <itemCount:    2>
20260610 010429.794 INFO             PET3       MODEL: Run intro {ES}:+-<item: 0001> <itemType: Field> <itemName: pmsl>
20260610 010429.794 INFO             PET3       MODEL: Run intro {ES}:!--- FieldLog() start -----------------
20260610 010429.794 INFO             PET3       MODEL: Run intro {ES}:! <name: pmsl> <fieldStatus: ESMF_FIELDSTATUS_COMPLETE>
20260610 010429.795 INFO             PET3       MODEL: Run intro {ES}:! 0x7fff67bc0c08 => 0x5630462eac80 => 0x5630462eaec0
20260610 010429.795 INFO             PET3       MODEL: Run intro {ES}:! <typekind: Real*8> <rank:    2> <dimCount:    2>
20260610 010429.795 INFO             PET3       MODEL: Run intro {ES}:! ! --- Array::log() start -----------------------------------
20260610 010429.795 INFO             PET3       MODEL: Run intro {ES}:! ! 0x5630462ebe10
20260610 010429.795 INFO             PET3       MODEL: Run intro {ES}:! ! <name: pmsl>
20260610 010429.795 INFO             PET3       MODEL: Run intro {ES}:! ! ! --- DistGrid::log() start --------------------------------
20260610 010429.795 INFO             PET3       MODEL: Run intro {ES}:! ! ! 0x5630462e5fc0
20260610 010429.795 INFO             PET3       MODEL: Run intro {ES}:! ! ! DistGrid object is valid!<name: DG-Grid004-sloc:0>
20260610 010429.795 INFO             PET3       MODEL: Run intro {ES}:! ! ! --- DistGrid::log() end ----------------------------------
20260610 010429.795 INFO             PET3       MODEL: Run intro {ES}:! ! --- Array::log() end -------------------------------------
20260610 010429.795 INFO             PET3       MODEL: Run intro {ES}:!--- FieldLog() end -------------------
20260610 010429.795 INFO             PET3       MODEL: Run intro {ES}:+-<item: 0002> <itemType: Field> <itemName: rsns>
20260610 010429.795 INFO             PET3       MODEL: Run intro {ES}:!--- FieldLog() start -----------------
20260610 010429.795 INFO             PET3       MODEL: Run intro {ES}:! <name: rsns> <fieldStatus: ESMF_FIELDSTATUS_COMPLETE>
20260610 010429.795 INFO             PET3       MODEL: Run intro {ES}:! 0x7fff67bc0c08 => 0x5630462ed8f0 => 0x5630462edb30
20260610 010429.795 INFO             PET3       MODEL: Run intro {ES}:! <typekind: Real*8> <rank:    2> <dimCount:    2>
20260610 010429.795 INFO             PET3       MODEL: Run intro {ES}:! ! --- Array::log() start -----------------------------------
20260610 010429.795 INFO             PET3       MODEL: Run intro {ES}:! ! 0x5630462ee9a0
20260610 010429.795 INFO             PET3       MODEL: Run intro {ES}:! ! <name: rsns>
20260610 010429.795 INFO             PET3       MODEL: Run intro {ES}:! ! ! --- DistGrid::log() start --------------------------------
20260610 010429.795 INFO             PET3       MODEL: Run intro {ES}:! ! ! 0x5630462e5fc0
20260610 010429.795 INFO             PET3       MODEL: Run intro {ES}:! ! ! DistGrid object is valid!<name: DG-Grid004-sloc:0>
20260610 010429.795 INFO             PET3       MODEL: Run intro {ES}:! ! ! --- DistGrid::log() end ----------------------------------
20260610 010429.795 INFO             PET3       MODEL: Run intro {ES}:! ! --- Array::log() end -------------------------------------
20260610 010429.795 INFO             PET3       MODEL: Run intro {ES}:!--- FieldLog() end -------------------
20260610 010429.795 INFO             PET3       MODEL: Run intro {ES}:--- StateLog() end -------------------
20260610 010429.795 INFO             PET3       >>>MODEL: entered Run (phase=RunPhase1) with current time:    0  1  1  0  1  0   0
20260610 010429.795 INFO             PET3       MODEL: time step-loop starting, current time:    0  1  1  0  1  0   0
20260610 010429.795 INFO             PET3       thread_num=   0   currentSsiPe= 125   num_threads=   3   max_threads=   3   num_procs= 126
20260610 010429.795 INFO             PET3       thread_num=   2   currentSsiPe=  49   num_threads=   3   max_threads=   3   num_procs= 126
20260610 010429.795 INFO             PET3       thread_num=   1   currentSsiPe=  56   num_threads=   3   max_threads=   3   num_procs= 126
20260610 010429.795 INFO             PET3       ---->Advancing Model from:    0  1  1  0  1  0   0
20260610 010429.795 INFO             PET3       ---------------------> to:    0  1  1  0  1 30   0
20260610 010429.795 INFO             PET3       MODEL: time step-loop ending,   current time:    0  1  1  0  1 30   0
20260610 010429.795 INFO             PET3       <<<MODEL: leaving Run (phase=RunPhase1) with current time:    0  1  1  0  1 30   0
20260610 010429.795 INFO             PET3       MODEL: Run extro {IS}:--- StateLog() start -----------------
20260610 010429.795 INFO             PET3       MODEL: Run extro {IS}:<name: MODEL-ImportState> <intent: ESMF_STATEINTENT_IMPORT> <itemCount:    0>
20260610 010429.795 INFO             PET3       MODEL: Run extro {IS}:--- StateLog() end -------------------
20260610 010429.795 INFO             PET3       MODEL: Run extro {ES}:--- StateLog() start -----------------
20260610 010429.795 INFO             PET3       MODEL: Run extro {ES}:<name: MODEL-ExportState> <intent: ESMF_STATEINTENT_EXPORT> <itemCount:    2>
20260610 010429.795 INFO             PET3       MODEL: Run extro {ES}:+-<item: 0001> <itemType: Field> <itemName: pmsl>
20260610 010429.795 INFO             PET3       MODEL: Run extro {ES}:!--- FieldLog() start -----------------
20260610 010429.795 INFO             PET3       MODEL: Run extro {ES}:! <name: pmsl> <fieldStatus: ESMF_FIELDSTATUS_COMPLETE>
20260610 010429.795 INFO             PET3       MODEL: Run extro {ES}:! 0x7fff67bc0ae8 => 0x5630462eac80 => 0x5630462eaec0
20260610 010429.795 INFO             PET3       MODEL: Run extro {ES}:! <typekind: Real*8> <rank:    2> <dimCount:    2>
20260610 010429.795 INFO             PET3       MODEL: Run extro {ES}:! ! --- Array::log() start -----------------------------------
20260610 010429.795 INFO             PET3       MODEL: Run extro {ES}:! ! 0x5630462ebe10
20260610 010429.796 INFO             PET3       MODEL: Run extro {ES}:! ! <name: pmsl>
20260610 010429.796 INFO             PET3       MODEL: Run extro {ES}:! ! ! --- DistGrid::log() start --------------------------------
20260610 010429.796 INFO             PET3       MODEL: Run extro {ES}:! ! ! 0x5630462e5fc0
20260610 010429.796 INFO             PET3       MODEL: Run extro {ES}:! ! ! DistGrid object is valid!<name: DG-Grid004-sloc:0>
20260610 010429.796 INFO             PET3       MODEL: Run extro {ES}:! ! ! --- DistGrid::log() end ----------------------------------
20260610 010429.796 INFO             PET3       MODEL: Run extro {ES}:! ! --- Array::log() end -------------------------------------
20260610 010429.796 INFO             PET3       MODEL: Run extro {ES}:!--- FieldLog() end -------------------
20260610 010429.796 INFO             PET3       MODEL: Run extro {ES}:+-<item: 0002> <itemType: Field> <itemName: rsns>
20260610 010429.796 INFO             PET3       MODEL: Run extro {ES}:!--- FieldLog() start -----------------
20260610 010429.796 INFO             PET3       MODEL: Run extro {ES}:! <name: rsns> <fieldStatus: ESMF_FIELDSTATUS_COMPLETE>
20260610 010429.796 INFO             PET3       MODEL: Run extro {ES}:! 0x7fff67bc0ae8 => 0x5630462ed8f0 => 0x5630462edb30
20260610 010429.796 INFO             PET3       MODEL: Run extro {ES}:! <typekind: Real*8> <rank:    2> <dimCount:    2>
20260610 010429.796 INFO             PET3       MODEL: Run extro {ES}:! ! --- Array::log() start -----------------------------------
20260610 010429.796 INFO             PET3       MODEL: Run extro {ES}:! ! 0x5630462ee9a0
20260610 010429.796 INFO             PET3       MODEL: Run extro {ES}:! ! <name: rsns>
20260610 010429.796 INFO             PET3       MODEL: Run extro {ES}:! ! ! --- DistGrid::log() start --------------------------------
20260610 010429.796 INFO             PET3       MODEL: Run extro {ES}:! ! ! 0x5630462e5fc0
20260610 010429.796 INFO             PET3       MODEL: Run extro {ES}:! ! ! DistGrid object is valid!<name: DG-Grid004-sloc:0>
20260610 010429.796 INFO             PET3       MODEL: Run extro {ES}:! ! ! --- DistGrid::log() end ----------------------------------
20260610 010429.796 INFO             PET3       MODEL: Run extro {ES}:! ! --- Array::log() end -------------------------------------
20260610 010429.796 INFO             PET3       MODEL: Run extro {ES}:!--- FieldLog() end -------------------
20260610 010429.796 INFO             PET3       MODEL: Run extro {ES}:--- StateLog() end -------------------
20260610 010429.796 INFO             PET3     MODEL: Run extro.
20260610 010429.796 INFO             PET3     driver: RunSequence event loopLevel=   1  levelMember=   1  loopIteration=   4, current time:    0  1  1  0  1 30   0
20260610 010429.796 INFO             PET3     MODEL: Run intro.
20260610 010429.796 INFO             PET3       MODEL: Run intro {IS}:--- StateLog() start -----------------
20260610 010429.796 INFO             PET3       MODEL: Run intro {IS}:<name: MODEL-ImportState> <intent: ESMF_STATEINTENT_IMPORT> <itemCount:    0>
20260610 010429.796 INFO             PET3       MODEL: Run intro {IS}:--- StateLog() end -------------------
20260610 010429.796 INFO             PET3       MODEL: Run intro {ES}:--- StateLog() start -----------------
20260610 010429.796 INFO             PET3       MODEL: Run intro {ES}:<name: MODEL-ExportState> <intent: ESMF_STATEINTENT_EXPORT> <itemCount:    2>
20260610 010429.796 INFO             PET3       MODEL: Run intro {ES}:+-<item: 0001> <itemType: Field> <itemName: pmsl>
20260610 010429.796 INFO             PET3       MODEL: Run intro {ES}:!--- FieldLog() start -----------------
20260610 010429.796 INFO             PET3       MODEL: Run intro {ES}:! <name: pmsl> <fieldStatus: ESMF_FIELDSTATUS_COMPLETE>
20260610 010429.796 INFO             PET3       MODEL: Run intro {ES}:! 0x7fff67bc0b88 => 0x5630462eac80 => 0x5630462eaec0
20260610 010429.796 INFO             PET3       MODEL: Run intro {ES}:! <typekind: Real*8> <rank:    2> <dimCount:    2>
20260610 010429.796 INFO             PET3       MODEL: Run intro {ES}:! ! --- Array::log() start -----------------------------------
20260610 010429.796 INFO             PET3       MODEL: Run intro {ES}:! ! 0x5630462ebe10
20260610 010429.796 INFO             PET3       MODEL: Run intro {ES}:! ! <name: pmsl>
20260610 010429.796 INFO             PET3       MODEL: Run intro {ES}:! ! ! --- DistGrid::log() start --------------------------------
20260610 010429.796 INFO             PET3       MODEL: Run intro {ES}:! ! ! 0x5630462e5fc0
20260610 010429.796 INFO             PET3       MODEL: Run intro {ES}:! ! ! DistGrid object is valid!<name: DG-Grid004-sloc:0>
20260610 010429.796 INFO             PET3       MODEL: Run intro {ES}:! ! ! --- DistGrid::log() end ----------------------------------
20260610 010429.796 INFO             PET3       MODEL: Run intro {ES}:! ! --- Array::log() end -------------------------------------
20260610 010429.796 INFO             PET3       MODEL: Run intro {ES}:!--- FieldLog() end -------------------
20260610 010429.796 INFO             PET3       MODEL: Run intro {ES}:+-<item: 0002> <itemType: Field> <itemName: rsns>
20260610 010429.796 INFO             PET3       MODEL: Run intro {ES}:!--- FieldLog() start -----------------
20260610 010429.796 INFO             PET3       MODEL: Run intro {ES}:! <name: rsns> <fieldStatus: ESMF_FIELDSTATUS_COMPLETE>
20260610 010429.796 INFO             PET3       MODEL: Run intro {ES}:! 0x7fff67bc0b88 => 0x5630462ed8f0 => 0x5630462edb30
20260610 010429.796 INFO             PET3       MODEL: Run intro {ES}:! <typekind: Real*8> <rank:    2> <dimCount:    2>
20260610 010429.796 INFO             PET3       MODEL: Run intro {ES}:! ! --- Array::log() start -----------------------------------
20260610 010429.796 INFO             PET3       MODEL: Run intro {ES}:! ! 0x5630462ee9a0
20260610 010429.796 INFO             PET3       MODEL: Run intro {ES}:! ! <name: rsns>
20260610 010429.796 INFO             PET3       MODEL: Run intro {ES}:! ! ! --- DistGrid::log() start --------------------------------
20260610 010429.796 INFO             PET3       MODEL: Run intro {ES}:! ! ! 0x5630462e5fc0
20260610 010429.797 INFO             PET3       MODEL: Run intro {ES}:! ! ! DistGrid object is valid!<name: DG-Grid004-sloc:0>
20260610 010429.797 INFO             PET3       MODEL: Run intro {ES}:! ! ! --- DistGrid::log() end ----------------------------------
20260610 010429.797 INFO             PET3       MODEL: Run intro {ES}:! ! --- Array::log() end -------------------------------------
20260610 010429.797 INFO             PET3       MODEL: Run intro {ES}:!--- FieldLog() end -------------------
20260610 010429.797 INFO             PET3       MODEL: Run intro {ES}:--- StateLog() end -------------------
20260610 010429.797 INFO             PET3       >>>MODEL: entered Run (phase=RunPhase1) with current time:    0  1  1  0  1 30   0
20260610 010429.797 INFO             PET3       MODEL: time step-loop starting, current time:    0  1  1  0  1 30   0
20260610 010429.797 INFO             PET3       thread_num=   0   currentSsiPe= 125   num_threads=   3   max_threads=   3   num_procs= 126
20260610 010429.797 INFO             PET3       thread_num=   1   currentSsiPe=  56   num_threads=   3   max_threads=   3   num_procs= 126
20260610 010429.797 INFO             PET3       thread_num=   2   currentSsiPe=  49   num_threads=   3   max_threads=   3   num_procs= 126
20260610 010429.797 INFO             PET3       ---->Advancing Model from:    0  1  1  0  1 30   0
20260610 010429.797 INFO             PET3       ---------------------> to:    0  1  1  0  2  0   0
20260610 010429.797 INFO             PET3       MODEL: time step-loop ending,   current time:    0  1  1  0  2  0   0
20260610 010429.797 INFO             PET3       <<<MODEL: leaving Run (phase=RunPhase1) with current time:    0  1  1  0  2  0   0
20260610 010429.797 INFO             PET3       MODEL: Run extro {IS}:--- StateLog() start -----------------
20260610 010429.797 INFO             PET3       MODEL: Run extro {IS}:<name: MODEL-ImportState> <intent: ESMF_STATEINTENT_IMPORT> <itemCount:    0>
20260610 010429.797 INFO             PET3       MODEL: Run extro {IS}:--- StateLog() end -------------------
20260610 010429.797 INFO             PET3       MODEL: Run extro {ES}:--- StateLog() start -----------------
20260610 010429.797 INFO             PET3       MODEL: Run extro {ES}:<name: MODEL-ExportState> <intent: ESMF_STATEINTENT_EXPORT> <itemCount:    2>
20260610 010429.797 INFO             PET3       MODEL: Run extro {ES}:+-<item: 0001> <itemType: Field> <itemName: pmsl>
20260610 010429.797 INFO             PET3       MODEL: Run extro {ES}:!--- FieldLog() start -----------------
20260610 010429.797 INFO             PET3       MODEL: Run extro {ES}:! <name: pmsl> <fieldStatus: ESMF_FIELDSTATUS_COMPLETE>
20260610 010429.797 INFO             PET3       MODEL: Run extro {ES}:! 0x7fff67bc0a68 => 0x5630462eac80 => 0x5630462eaec0
20260610 010429.797 INFO             PET3       MODEL: Run extro {ES}:! <typekind: Real*8> <rank:    2> <dimCount:    2>
20260610 010429.797 INFO             PET3       MODEL: Run extro {ES}:! ! --- Array::log() start -----------------------------------
20260610 010429.797 INFO             PET3       MODEL: Run extro {ES}:! ! 0x5630462ebe10
20260610 010429.797 INFO             PET3       MODEL: Run extro {ES}:! ! <name: pmsl>
20260610 010429.797 INFO             PET3       MODEL: Run extro {ES}:! ! ! --- DistGrid::log() start --------------------------------
20260610 010429.797 INFO             PET3       MODEL: Run extro {ES}:! ! ! 0x5630462e5fc0
20260610 010429.797 INFO             PET3       MODEL: Run extro {ES}:! ! ! DistGrid object is valid!<name: DG-Grid004-sloc:0>
20260610 010429.797 INFO             PET3       MODEL: Run extro {ES}:! ! ! --- DistGrid::log() end ----------------------------------
20260610 010429.797 INFO             PET3       MODEL: Run extro {ES}:! ! --- Array::log() end -------------------------------------
20260610 010429.797 INFO             PET3       MODEL: Run extro {ES}:!--- FieldLog() end -------------------
20260610 010429.797 INFO             PET3       MODEL: Run extro {ES}:+-<item: 0002> <itemType: Field> <itemName: rsns>
20260610 010429.797 INFO             PET3       MODEL: Run extro {ES}:!--- FieldLog() start -----------------
20260610 010429.797 INFO             PET3       MODEL: Run extro {ES}:! <name: rsns> <fieldStatus: ESMF_FIELDSTATUS_COMPLETE>
20260610 010429.797 INFO             PET3       MODEL: Run extro {ES}:! 0x7fff67bc0a68 => 0x5630462ed8f0 => 0x5630462edb30
20260610 010429.797 INFO             PET3       MODEL: Run extro {ES}:! <typekind: Real*8> <rank:    2> <dimCount:    2>
20260610 010429.797 INFO             PET3       MODEL: Run extro {ES}:! ! --- Array::log() start -----------------------------------
20260610 010429.797 INFO             PET3       MODEL: Run extro {ES}:! ! 0x5630462ee9a0
20260610 010429.797 INFO             PET3       MODEL: Run extro {ES}:! ! <name: rsns>
20260610 010429.797 INFO             PET3       MODEL: Run extro {ES}:! ! ! --- DistGrid::log() start --------------------------------
20260610 010429.797 INFO             PET3       MODEL: Run extro {ES}:! ! ! 0x5630462e5fc0
20260610 010429.797 INFO             PET3       MODEL: Run extro {ES}:! ! ! DistGrid object is valid!<name: DG-Grid004-sloc:0>
20260610 010429.797 INFO             PET3       MODEL: Run extro {ES}:! ! ! --- DistGrid::log() end ----------------------------------
20260610 010429.797 INFO             PET3       MODEL: Run extro {ES}:! ! --- Array::log() end -------------------------------------
20260610 010429.797 INFO             PET3       MODEL: Run extro {ES}:!--- FieldLog() end -------------------
20260610 010429.797 INFO             PET3       MODEL: Run extro {ES}:--- StateLog() end -------------------
20260610 010429.797 INFO             PET3     MODEL: Run extro.
20260610 010429.797 INFO             PET3     driver: RunSequence event loopLevel=   1  levelMember=   1  loopIteration=   5, current time:    0  1  1  0  2  0   0
20260610 010429.798 INFO             PET3     MODEL: Run intro.
20260610 010429.798 INFO             PET3       MODEL: Run intro {IS}:--- StateLog() start -----------------
20260610 010429.798 INFO             PET3       MODEL: Run intro {IS}:<name: MODEL-ImportState> <intent: ESMF_STATEINTENT_IMPORT> <itemCount:    0>
20260610 010429.798 INFO             PET3       MODEL: Run intro {IS}:--- StateLog() end -------------------
20260610 010429.798 INFO             PET3       MODEL: Run intro {ES}:--- StateLog() start -----------------
20260610 010429.798 INFO             PET3       MODEL: Run intro {ES}:<name: MODEL-ExportState> <intent: ESMF_STATEINTENT_EXPORT> <itemCount:    2>
20260610 010429.798 INFO             PET3       MODEL: Run intro {ES}:+-<item: 0001> <itemType: Field> <itemName: pmsl>
20260610 010429.798 INFO             PET3       MODEL: Run intro {ES}:!--- FieldLog() start -----------------
20260610 010429.798 INFO             PET3       MODEL: Run intro {ES}:! <name: pmsl> <fieldStatus: ESMF_FIELDSTATUS_COMPLETE>
20260610 010429.798 INFO             PET3       MODEL: Run intro {ES}:! 0x7fff67bc0b08 => 0x5630462eac80 => 0x5630462eaec0
20260610 010429.798 INFO             PET3       MODEL: Run intro {ES}:! <typekind: Real*8> <rank:    2> <dimCount:    2>
20260610 010429.798 INFO             PET3       MODEL: Run intro {ES}:! ! --- Array::log() start -----------------------------------
20260610 010429.798 INFO             PET3       MODEL: Run intro {ES}:! ! 0x5630462ebe10
20260610 010429.798 INFO             PET3       MODEL: Run intro {ES}:! ! <name: pmsl>
20260610 010429.798 INFO             PET3       MODEL: Run intro {ES}:! ! ! --- DistGrid::log() start --------------------------------
20260610 010429.798 INFO             PET3       MODEL: Run intro {ES}:! ! ! 0x5630462e5fc0
20260610 010429.798 INFO             PET3       MODEL: Run intro {ES}:! ! ! DistGrid object is valid!<name: DG-Grid004-sloc:0>
20260610 010429.798 INFO             PET3       MODEL: Run intro {ES}:! ! ! --- DistGrid::log() end ----------------------------------
20260610 010429.798 INFO             PET3       MODEL: Run intro {ES}:! ! --- Array::log() end -------------------------------------
20260610 010429.798 INFO             PET3       MODEL: Run intro {ES}:!--- FieldLog() end -------------------
20260610 010429.798 INFO             PET3       MODEL: Run intro {ES}:+-<item: 0002> <itemType: Field> <itemName: rsns>
20260610 010429.798 INFO             PET3       MODEL: Run intro {ES}:!--- FieldLog() start -----------------
20260610 010429.798 INFO             PET3       MODEL: Run intro {ES}:! <name: rsns> <fieldStatus: ESMF_FIELDSTATUS_COMPLETE>
20260610 010429.798 INFO             PET3       MODEL: Run intro {ES}:! 0x7fff67bc0b08 => 0x5630462ed8f0 => 0x5630462edb30
20260610 010429.798 INFO             PET3       MODEL: Run intro {ES}:! <typekind: Real*8> <rank:    2> <dimCount:    2>
20260610 010429.798 INFO             PET3       MODEL: Run intro {ES}:! ! --- Array::log() start -----------------------------------
20260610 010429.798 INFO             PET3       MODEL: Run intro {ES}:! ! 0x5630462ee9a0
20260610 010429.798 INFO             PET3       MODEL: Run intro {ES}:! ! <name: rsns>
20260610 010429.798 INFO             PET3       MODEL: Run intro {ES}:! ! ! --- DistGrid::log() start --------------------------------
20260610 010429.798 INFO             PET3       MODEL: Run intro {ES}:! ! ! 0x5630462e5fc0
20260610 010429.798 INFO             PET3       MODEL: Run intro {ES}:! ! ! DistGrid object is valid!<name: DG-Grid004-sloc:0>
20260610 010429.798 INFO             PET3       MODEL: Run intro {ES}:! ! ! --- DistGrid::log() end ----------------------------------
20260610 010429.798 INFO             PET3       MODEL: Run intro {ES}:! ! --- Array::log() end -------------------------------------
20260610 010429.798 INFO             PET3       MODEL: Run intro {ES}:!--- FieldLog() end -------------------
20260610 010429.798 INFO             PET3       MODEL: Run intro {ES}:--- StateLog() end -------------------
20260610 010429.798 INFO             PET3       >>>MODEL: entered Run (phase=RunPhase1) with current time:    0  1  1  0  2  0   0
20260610 010429.798 INFO             PET3       MODEL: time step-loop starting, current time:    0  1  1  0  2  0   0
20260610 010429.798 INFO             PET3       thread_num=   2   currentSsiPe=  49   num_threads=   3   max_threads=   3   num_procs= 126
20260610 010429.798 INFO             PET3       thread_num=   0   currentSsiPe= 125   num_threads=   3   max_threads=   3   num_procs= 126
20260610 010429.798 INFO             PET3       thread_num=   1   currentSsiPe=  56   num_threads=   3   max_threads=   3   num_procs= 126
20260610 010429.798 INFO             PET3       ---->Advancing Model from:    0  1  1  0  2  0   0
20260610 010429.798 INFO             PET3       ---------------------> to:    0  1  1  0  2 30   0
20260610 010429.798 INFO             PET3       MODEL: time step-loop ending,   current time:    0  1  1  0  2 30   0
20260610 010429.798 INFO             PET3       <<<MODEL: leaving Run (phase=RunPhase1) with current time:    0  1  1  0  2 30   0
20260610 010429.798 INFO             PET3       MODEL: Run extro {IS}:--- StateLog() start -----------------
20260610 010429.798 INFO             PET3       MODEL: Run extro {IS}:<name: MODEL-ImportState> <intent: ESMF_STATEINTENT_IMPORT> <itemCount:    0>
20260610 010429.798 INFO             PET3       MODEL: Run extro {IS}:--- StateLog() end -------------------
20260610 010429.798 INFO             PET3       MODEL: Run extro {ES}:--- StateLog() start -----------------
20260610 010429.799 INFO             PET3       MODEL: Run extro {ES}:<name: MODEL-ExportState> <intent: ESMF_STATEINTENT_EXPORT> <itemCount:    2>
20260610 010429.799 INFO             PET3       MODEL: Run extro {ES}:+-<item: 0001> <itemType: Field> <itemName: pmsl>
20260610 010429.799 INFO             PET3       MODEL: Run extro {ES}:!--- FieldLog() start -----------------
20260610 010429.799 INFO             PET3       MODEL: Run extro {ES}:! <name: pmsl> <fieldStatus: ESMF_FIELDSTATUS_COMPLETE>
20260610 010429.799 INFO             PET3       MODEL: Run extro {ES}:! 0x7fff67bc09e8 => 0x5630462eac80 => 0x5630462eaec0
20260610 010429.799 INFO             PET3       MODEL: Run extro {ES}:! <typekind: Real*8> <rank:    2> <dimCount:    2>
20260610 010429.799 INFO             PET3       MODEL: Run extro {ES}:! ! --- Array::log() start -----------------------------------
20260610 010429.799 INFO             PET3       MODEL: Run extro {ES}:! ! 0x5630462ebe10
20260610 010429.799 INFO             PET3       MODEL: Run extro {ES}:! ! <name: pmsl>
20260610 010429.799 INFO             PET3       MODEL: Run extro {ES}:! ! ! --- DistGrid::log() start --------------------------------
20260610 010429.799 INFO             PET3       MODEL: Run extro {ES}:! ! ! 0x5630462e5fc0
20260610 010429.799 INFO             PET3       MODEL: Run extro {ES}:! ! ! DistGrid object is valid!<name: DG-Grid004-sloc:0>
20260610 010429.799 INFO             PET3       MODEL: Run extro {ES}:! ! ! --- DistGrid::log() end ----------------------------------
20260610 010429.799 INFO             PET3       MODEL: Run extro {ES}:! ! --- Array::log() end -------------------------------------
20260610 010429.799 INFO             PET3       MODEL: Run extro {ES}:!--- FieldLog() end -------------------
20260610 010429.799 INFO             PET3       MODEL: Run extro {ES}:+-<item: 0002> <itemType: Field> <itemName: rsns>
20260610 010429.799 INFO             PET3       MODEL: Run extro {ES}:!--- FieldLog() start -----------------
20260610 010429.799 INFO             PET3       MODEL: Run extro {ES}:! <name: rsns> <fieldStatus: ESMF_FIELDSTATUS_COMPLETE>
20260610 010429.799 INFO             PET3       MODEL: Run extro {ES}:! 0x7fff67bc09e8 => 0x5630462ed8f0 => 0x5630462edb30
20260610 010429.799 INFO             PET3       MODEL: Run extro {ES}:! <typekind: Real*8> <rank:    2> <dimCount:    2>
20260610 010429.799 INFO             PET3       MODEL: Run extro {ES}:! ! --- Array::log() start -----------------------------------
20260610 010429.799 INFO             PET3       MODEL: Run extro {ES}:! ! 0x5630462ee9a0
20260610 010429.799 INFO             PET3       MODEL: Run extro {ES}:! ! <name: rsns>
20260610 010429.799 INFO             PET3       MODEL: Run extro {ES}:! ! ! --- DistGrid::log() start --------------------------------
20260610 010429.799 INFO             PET3       MODEL: Run extro {ES}:! ! ! 0x5630462e5fc0
20260610 010429.799 INFO             PET3       MODEL: Run extro {ES}:! ! ! DistGrid object is valid!<name: DG-Grid004-sloc:0>
20260610 010429.799 INFO             PET3       MODEL: Run extro {ES}:! ! ! --- DistGrid::log() end ----------------------------------
20260610 010429.799 INFO             PET3       MODEL: Run extro {ES}:! ! --- Array::log() end -------------------------------------
20260610 010429.799 INFO             PET3       MODEL: Run extro {ES}:!--- FieldLog() end -------------------
20260610 010429.799 INFO             PET3       MODEL: Run extro {ES}:--- StateLog() end -------------------
20260610 010429.799 INFO             PET3     MODEL: Run extro.
20260610 010429.799 INFO             PET3   driver: end <--------- RunSequence
20260610 010429.799 INFO             PET3   <<<driver: leaving Run (phase=RunPhase1) with current time:    0  1  1  0  2 30   0
20260610 010429.799 INFO             PET3   driver: Run extro {IS}:--- StateLog() start -----------------
20260610 010429.799 INFO             PET3   driver: Run extro {IS}:State object is invalid! Not created or deleted!
20260610 010429.799 INFO             PET3   driver: Run extro {IS}:--- StateLog() end -------------------
20260610 010429.799 INFO             PET3   driver: Run extro {ES}:--- StateLog() start -----------------
20260610 010429.799 INFO             PET3   driver: Run extro {ES}:State object is invalid! Not created or deleted!
20260610 010429.799 INFO             PET3   driver: Run extro {ES}:--- StateLog() end -------------------
20260610 010429.799 INFO             PET3 driver: Run extro.
20260610 010429.799 INFO             PET3 driver: Finalize intro.
20260610 010429.799 INFO             PET3   driver: Finalize intro {IS}:--- StateLog() start -----------------
20260610 010429.799 INFO             PET3   driver: Finalize intro {IS}:State object is invalid! Not created or deleted!
20260610 010429.799 INFO             PET3   driver: Finalize intro {IS}:--- StateLog() end -------------------
20260610 010429.799 INFO             PET3   driver: Finalize intro {ES}:--- StateLog() start -----------------
20260610 010429.799 INFO             PET3   driver: Finalize intro {ES}:State object is invalid! Not created or deleted!
20260610 010429.799 INFO             PET3   driver: Finalize intro {ES}:--- StateLog() end -------------------
20260610 010429.799 INFO             PET3   >>>driver: entered Finalize (phase=FinalizePhase1) with current time:    0  1  1  0  2 30   0
20260610 010429.799 INFO             PET3   Calling Finalize phase 1 for modelComp: MODEL
20260610 010429.800 INFO             PET3   MODEL: Finalize intro.
20260610 010429.800 INFO             PET3     MODEL: Finalize intro {IS}:--- StateLog() start -----------------
20260610 010429.800 INFO             PET3     MODEL: Finalize intro {IS}:<name: MODEL-ImportState> <intent: ESMF_STATEINTENT_IMPORT> <itemCount:    0>
20260610 010429.800 INFO             PET3     MODEL: Finalize intro {IS}:--- StateLog() end -------------------
20260610 010429.800 INFO             PET3     MODEL: Finalize intro {ES}:--- StateLog() start -----------------
20260610 010429.800 INFO             PET3     MODEL: Finalize intro {ES}:<name: MODEL-ExportState> <intent: ESMF_STATEINTENT_EXPORT> <itemCount:    2>
20260610 010429.800 INFO             PET3     MODEL: Finalize intro {ES}:+-<item: 0001> <itemType: Field> <itemName: pmsl>
20260610 010429.800 INFO             PET3     MODEL: Finalize intro {ES}:!--- FieldLog() start -----------------
20260610 010429.800 INFO             PET3     MODEL: Finalize intro {ES}:! <name: pmsl> <fieldStatus: ESMF_FIELDSTATUS_COMPLETE>
20260610 010429.800 INFO             PET3     MODEL: Finalize intro {ES}:! 0x7fff67bc2168 => 0x5630462eac80 => 0x5630462eaec0
20260610 010429.800 INFO             PET3     MODEL: Finalize intro {ES}:! <typekind: Real*8> <rank:    2> <dimCount:    2>
20260610 010429.800 INFO             PET3     MODEL: Finalize intro {ES}:! ! --- Array::log() start -----------------------------------
20260610 010429.800 INFO             PET3     MODEL: Finalize intro {ES}:! ! 0x5630462ebe10
20260610 010429.800 INFO             PET3     MODEL: Finalize intro {ES}:! ! <name: pmsl>
20260610 010429.800 INFO             PET3     MODEL: Finalize intro {ES}:! ! ! --- DistGrid::log() start --------------------------------
20260610 010429.800 INFO             PET3     MODEL: Finalize intro {ES}:! ! ! 0x5630462e5fc0
20260610 010429.800 INFO             PET3     MODEL: Finalize intro {ES}:! ! ! DistGrid object is valid!<name: DG-Grid004-sloc:0>
20260610 010429.800 INFO             PET3     MODEL: Finalize intro {ES}:! ! ! --- DistGrid::log() end ----------------------------------
20260610 010429.800 INFO             PET3     MODEL: Finalize intro {ES}:! ! --- Array::log() end -------------------------------------
20260610 010429.800 INFO             PET3     MODEL: Finalize intro {ES}:!--- FieldLog() end -------------------
20260610 010429.800 INFO             PET3     MODEL: Finalize intro {ES}:+-<item: 0002> <itemType: Field> <itemName: rsns>
20260610 010429.800 INFO             PET3     MODEL: Finalize intro {ES}:!--- FieldLog() start -----------------
20260610 010429.800 INFO             PET3     MODEL: Finalize intro {ES}:! <name: rsns> <fieldStatus: ESMF_FIELDSTATUS_COMPLETE>
20260610 010429.800 INFO             PET3     MODEL: Finalize intro {ES}:! 0x7fff67bc2168 => 0x5630462ed8f0 => 0x5630462edb30
20260610 010429.800 INFO             PET3     MODEL: Finalize intro {ES}:! <typekind: Real*8> <rank:    2> <dimCount:    2>
20260610 010429.800 INFO             PET3     MODEL: Finalize intro {ES}:! ! --- Array::log() start -----------------------------------
20260610 010429.800 INFO             PET3     MODEL: Finalize intro {ES}:! ! 0x5630462ee9a0
20260610 010429.800 INFO             PET3     MODEL: Finalize intro {ES}:! ! <name: rsns>
20260610 010429.800 INFO             PET3     MODEL: Finalize intro {ES}:! ! ! --- DistGrid::log() start --------------------------------
20260610 010429.800 INFO             PET3     MODEL: Finalize intro {ES}:! ! ! 0x5630462e5fc0
20260610 010429.800 INFO             PET3     MODEL: Finalize intro {ES}:! ! ! DistGrid object is valid!<name: DG-Grid004-sloc:0>
20260610 010429.800 INFO             PET3     MODEL: Finalize intro {ES}:! ! ! --- DistGrid::log() end ----------------------------------
20260610 010429.800 INFO             PET3     MODEL: Finalize intro {ES}:! ! --- Array::log() end -------------------------------------
20260610 010429.800 INFO             PET3     MODEL: Finalize intro {ES}:!--- FieldLog() end -------------------
20260610 010429.800 INFO             PET3     MODEL: Finalize intro {ES}:--- StateLog() end -------------------
20260610 010429.800 INFO             PET3     >>>MODEL: entered Finalize (phase=FinalizePhase1) with current time:    0  1  1  0  2 30   0
20260610 010429.800 INFO             PET3     <<<MODEL: leaving Finalize (phase=FinalizePhase1) with current time:    0  1  1  0  2 30   0
20260610 010429.800 INFO             PET3   MODEL: Finalize extro.
20260610 010429.800 INFO             PET3   Delete modelComp: MODEL
20260610 010429.800 INFO             PET3   Delete Import-/Export State for modelComp: MODEL
20260610 010429.801 INFO             PET3   <<<driver: leaving Finalize (phase=FinalizePhase1) with current time:    0  1  1  0  2 30   0
20260610 010429.801 INFO             PET3 driver: Finalize extro.
20260610 010429.801 INFO             PET3 mainApp FINISHED
20260610 010429.801 INFO             PET3  Finalizing ESMF
