/bin/sh: line 0: [: -ge: unary operator expected
 
--------------------------------------------------------------
ESMF_VERSION_STRING:      9.0.0 beta snapshot
ESMF_VERSION_STRING_GIT: v9.0.0b13
--------------------------------------------------------------
On branch develop
Your branch is up to date with 'origin/develop'.

nothing to commit, working tree clean
--------------------------------------------------------------
 
--------------------------------------------------------------
Make version:
GNU Make 4.2.1
Built for x86_64-suse-linux-gnu
Copyright (C) 1988-2016 Free Software Foundation, Inc.
License GPLv3+: GNU GPL version 3 or later <http://gnu.org/licenses/gpl.html>
This is free software: you are free to change and redistribute it.
There is NO WARRANTY, to the extent permitted by law.

--------------------------------------------------------------
CMake version:
cmake version 3.30.3

CMake suite maintained and supported by Kitware (kitware.com/cmake).

--------------------------------------------------------------
Fortran Compiler version:
/bin/sh: ifx: command not found

--------------------------------------------------------------
C++ Compiler version:
Intel(R) oneAPI DPC++/C++ Compiler for applications running on Intel(R) 64, Version 2025.3.3 Build 20260319
Copyright (C) 1985-2026 Intel Corporation. All rights reserved.


--------------------------------------------------------------
C Compiler version:
Intel(R) oneAPI DPC++/C++ Compiler for applications running on Intel(R) 64, Version 2025.3.3 Build 20260319
Copyright (C) 1985-2026 Intel Corporation. All rights reserved.


--------------------------------------------------------------
Preprocessor version:
gcc (GCC) 12.3.0
Copyright (C) 2022 Free Software Foundation, Inc.
This is free software; see the source for copying conditions.  There is NO
warranty; not even for MERCHANTABILITY or FITNESS FOR A PARTICULAR PURPOSE.

 
--------------------------------------------------------------
 * User set ESMF environment variables *
ESMF_BOPT=O
ESMF_C=icx
ESMF_COMM=mpiuni
ESMF_COMPILER=intel
ESMF_CXX=icpx
ESMF_DIR=/discover/nobackup/projects/gmao/SIteam/ESMF_Testing/intel_2025.3.0_mpiuni_O_develop/esmf
ESMF_F90=ifx
ESMF_MPIRUN=/discover/nobackup/projects/gmao/SIteam/ESMF_Testing/intel_2025.3.0_mpiuni_O_develop/esmf/src/Infrastructure/stubs/mpiuni/mpirun
ESMF_TESTEXHAUSTIVE=ON
ESMF_TEST_ROOT=/discover/nobackup/projects/gmao/SIteam/ESMF_Testing
ESMF_TESTWITHTHREADS=ON
OLDPWD=/gpfsm/dnb10/projects/p50/ESMF_Testing/intel_2025.3.0_mpiuni_O_develop
PBS_JOBDIR=/gpfsm/dnb10/projects/p50/ESMF_Testing/intel_2025.3.0_mpiuni_O_develop
PBS_O_WORKDIR=/gpfsm/dnb10/projects/p50/ESMF_Testing/intel_2025.3.0_mpiuni_O_develop
PWD=/discover/nobackup/projects/gmao/SIteam/ESMF_Testing/intel_2025.3.0_mpiuni_O_develop/esmf
SLURM_SUBMIT_DIR=/gpfsm/dnb10/projects/p50/ESMF_Testing/intel_2025.3.0_mpiuni_O_develop
TEMP_ROOT=/discover/nobackup/projects/gmao/SIteam/ESMF_Testing/intel_2025.3.0_mpiuni_O_develop
WORK_ROOT=/discover/nobackup/projects/gmao/SIteam/ESMF_Testing/intel_2025.3.0_mpiuni_O_develop
 
--------------------------------------------------------------
 * ESMF environment variables *
ESMF_DIR: /discover/nobackup/projects/gmao/SIteam/ESMF_Testing/intel_2025.3.0_mpiuni_O_develop/esmf
ESMF_OS:                   Linux
ESMF_MACHINE:              x86_64
ESMF_ABI:                  64
ESMF_COMPILER:             intel
ESMF_BOPT:                 O
ESMF_COMM:                 mpiuni
ESMF_SITE:                 default
ESMF_PTHREADS:             ON
ESMF_OPENMP:               ON
ESMF_OPENACC:              OFF
ESMF_CXXSTD:               11
ESMF_ARRAY_LITE:           FALSE
ESMF_NO_INTEGER_1_BYTE:    TRUE
ESMF_NO_INTEGER_2_BYTE:    TRUE
ESMF_FORTRANSYMBOLS:       default
ESMF_MAPPER_BUILD:         OFF
ESMF_AUTO_LIB_BUILD:       ON
ESMF_DEFER_LIB_BUILD:      ON
ESMF_SHARED_LIB_BUILD:     ON
ESMF_TRACE_LIB_BUILD:      ON
ESMF_TRACE_BUILD_SHARED:   ON
ESMF_TRACE_PRELOAD_LINKED: OFF
ESMF_TESTEXHAUSTIVE:       ON
ESMF_TESTPERFORMANCE:      ON
ESMF_TESTCOMPTUNNEL:       ON
ESMF_TESTWITHTHREADS:      ON
ESMF_TESTMPMD:             OFF
ESMF_TESTSHAREDOBJ:        OFF
ESMF_TESTFORCEOPENMP:      OFF
ESMF_TESTFORCEOPENACC:     OFF
ESMF_TESTHARNESS_ARRAY:    default
ESMF_TESTHARNESS_FIELD:    default
ESMF_MPIRUN:               /discover/nobackup/projects/gmao/SIteam/ESMF_Testing/intel_2025.3.0_mpiuni_O_develop/esmf/src/Infrastructure/stubs/mpiuni/mpirun
 
--------------------------------------------------------------
 * ESMF environment variables pointing to 3rd party software *
ESMF_MOAB:               internal
ESMF_LAPACK:             internal
ESMF_ACC_SOFTWARE_STACK: none
ESMF_YAMLCPP:            internal
 
--------------------------------------------------------------
 * ESMF environment variables for final installation *
ESMF_INSTALL_PREFIX:    ./DEFAULTINSTALLDIR
ESMF_INSTALL_HEADERDIR: include
ESMF_INSTALL_MODDIR:    mod/modO/Linux.intel.64.mpiuni.default
ESMF_INSTALL_LIBDIR:    lib/libO/Linux.intel.64.mpiuni.default
ESMF_INSTALL_BINDIR:    bin/binO/Linux.intel.64.mpiuni.default
ESMF_INSTALL_DOCDIR:    doc
ESMF_INSTALL_CMAKEDIR:  cmake
 
--------------------------------------------------------------
 * ESMF Benchmark directory and parameters *
ESMF_BENCHMARK_PREFIX:         ./DEFAULTBENCHMARKDIR
ESMF_BENCHMARK_TOLERANCE:      20%
ESMF_BENCHMARK_THRESHOLD_MSEC: 500
 
--------------------------------------------------------------
 * Other relevant environment variables *
PATH:     /usr/local/intel/oneapi/2025/mkl/2025.3/bin:/usr/local/intel/oneapi/2025/debugger/2025.3/gdb/intel64/bin:/usr/local/intel/oneapi/2025/compiler/2025.3/bin:/usr/local/other/gcc/12.3.0/bin:/usr/local/other/cmake/3.30.3/bin:/home/mathomp4/.opencode/bin:/home/mathomp4/local-SLES15/bin:/discover/swdev/mathomp4/local-SLES15/bin:/home/mathomp4/.fzf/bin:/discover/swdev/mathomp4/opencode/bin:/discover/nobackup/projects/gmao/SIteam/mathomp4/uv/bin:/home/mathomp4/cvstools:/usr/local/other/PoDS/PoDS:/usr/local/other/git/2.45.0/gcc-7.5.0/libexec/git-core:/usr/local/other/git/2.45.0/gcc-7.5.0/bin:/usr/local/other/GEOSpyD/24.3.0-0/2024-08-29/envs/py3.11/bin:/home/mathomp4/.local/bin:/home/mathomp4/bin:/usr/local/bin:/usr/bin:/bin:/usr/lib/mit/bin:/usr/lib/mit/sbin:/usr/nlocal/panfs/bin:/usr/nlocal/panfs/sbin:/opt/puppetlabs/bin:/usr/slurm/bin:/gpfsm/dswdev/gmao_SIteam/TestingOutMepoWithPipx/5.9.9/bin
LD_LIBRARY_PATH: /usr/local/intel/oneapi/2025/mkl/2025.3/lib:/usr/local/intel/oneapi/2025/debugger/2025.3/dep/lib:/usr/local/intel/oneapi/2025/debugger/2025.3/libipt/intel64/lib:/usr/local/intel/oneapi/2025/debugger/2025.3/gdb/intel64/lib:/usr/local/intel/oneapi/2025/tbb/2022.3/lib:/usr/local/intel/oneapi/2025/compiler/2025.3/lib:/usr/local/intel/oneapi/2025/compiler/2025.3/opt/compiler/lib:/usr/local/other/gcc/12.3.0/lib64
LDFLAGS:  
CXXFLAGS: 
FCFLAGS:  
CFLAGS:   
 
--------------------------------------------------------------
 * Compilers, Linkers, Flags, and Libraries *
Location of the preprocessor:      /usr/local/other/gcc/12.3.0/bin/gcc
which: no ifx in (/usr/local/intel/oneapi/2025/mkl/2025.3/bin:/usr/local/intel/oneapi/2025/debugger/2025.3/gdb/intel64/bin:/usr/local/intel/oneapi/2025/compiler/2025.3/bin:/usr/local/other/gcc/12.3.0/bin:/usr/local/other/cmake/3.30.3/bin:/home/mathomp4/.opencode/bin:/home/mathomp4/local-SLES15/bin:/discover/swdev/mathomp4/local-SLES15/bin:/home/mathomp4/.fzf/bin:/discover/swdev/mathomp4/opencode/bin:/discover/nobackup/projects/gmao/SIteam/mathomp4/uv/bin:/home/mathomp4/cvstools:/usr/local/other/PoDS/PoDS:/usr/local/other/git/2.45.0/gcc-7.5.0/libexec/git-core:/usr/local/other/git/2.45.0/gcc-7.5.0/bin:/usr/local/other/GEOSpyD/24.3.0-0/2024-08-29/envs/py3.11/bin:/home/mathomp4/.local/bin:/home/mathomp4/bin:/usr/local/bin:/usr/bin:/bin:/usr/lib/mit/bin:/usr/lib/mit/sbin:/usr/nlocal/panfs/bin:/usr/nlocal/panfs/sbin:/opt/puppetlabs/bin:/usr/slurm/bin:/gpfsm/dswdev/gmao_SIteam/TestingOutMepoWithPipx/5.9.9/bin)
Location of the Fortran compiler: 
which: no ifx in (/usr/local/intel/oneapi/2025/mkl/2025.3/bin:/usr/local/intel/oneapi/2025/debugger/2025.3/gdb/intel64/bin:/usr/local/intel/oneapi/2025/compiler/2025.3/bin:/usr/local/other/gcc/12.3.0/bin:/usr/local/other/cmake/3.30.3/bin:/home/mathomp4/.opencode/bin:/home/mathomp4/local-SLES15/bin:/discover/swdev/mathomp4/local-SLES15/bin:/home/mathomp4/.fzf/bin:/discover/swdev/mathomp4/opencode/bin:/discover/nobackup/projects/gmao/SIteam/mathomp4/uv/bin:/home/mathomp4/cvstools:/usr/local/other/PoDS/PoDS:/usr/local/other/git/2.45.0/gcc-7.5.0/libexec/git-core:/usr/local/other/git/2.45.0/gcc-7.5.0/bin:/usr/local/other/GEOSpyD/24.3.0-0/2024-08-29/envs/py3.11/bin:/home/mathomp4/.local/bin:/home/mathomp4/bin:/usr/local/bin:/usr/bin:/bin:/usr/lib/mit/bin:/usr/lib/mit/sbin:/usr/nlocal/panfs/bin:/usr/nlocal/panfs/sbin:/opt/puppetlabs/bin:/usr/slurm/bin:/gpfsm/dswdev/gmao_SIteam/TestingOutMepoWithPipx/5.9.9/bin)
Location of the Fortran linker:   
Location of the C++ compiler:      /usr/local/intel/oneapi/2025/compiler/2025.3/bin/icpx
Location of the C++ linker:        /usr/local/intel/oneapi/2025/compiler/2025.3/bin/icpx
Location of the C compiler:        /usr/local/intel/oneapi/2025/compiler/2025.3/bin/icx
Location of the C linker:          /usr/local/intel/oneapi/2025/compiler/2025.3/bin/icx

Fortran compiler flags:
ESMF_F90COMPILER: ifx
ESMF_F90COMPILEOPTS: -O -fp-speculation=safe -fPIC -debug minimal -assume realloc_lhs -m64 -mcmodel=small -pthread -threads  -openmp
ESMF_F90COMPILEPATHS: -I/discover/nobackup/projects/gmao/SIteam/ESMF_Testing/intel_2025.3.0_mpiuni_O_develop/esmf/mod/modO/Linux.intel.64.mpiuni.default -I/discover/nobackup/projects/gmao/SIteam/ESMF_Testing/intel_2025.3.0_mpiuni_O_develop/esmf/src/include 
ESMF_F90COMPILECPPFLAGS: -DESMF_NO_INTEGER_1_BYTE -DESMF_NO_INTEGER_2_BYTE -DESMF_VERSION_STRING_GIT='v9.0.0b13' -DESMF_MPIUNI -I/discover/nobackup/projects/gmao/SIteam/ESMF_Testing/intel_2025.3.0_mpiuni_O_develop/esmf/src/Infrastructure/stubs/mpiuni -DESMF_MOAB=1 -DESMF_LAPACK=1 -DESMF_LAPACK_INTERNAL=1 -DESMF_NO_ACC_SOFTWARE_STACK=1 -DESMF_YAMLCPP=1 -DESMF_YAML=1 -DESMF_NO_OPENACC -DESMF_TESTEXHAUSTIVE -DESMF_BOPT_O -DESMF_TESTPERFORMANCE -DESMF_TESTCOMPTUNNEL -DESMF_TESTWITHTHREADS -DSx86_64_small=1 -DESMF_OS_Linux=1 -DESMF_COMM=mpiuni -DESMF_DIR=/discover/nobackup/projects/gmao/SIteam/ESMF_Testing/intel_2025.3.0_mpiuni_O_develop/esmf
ESMF_F90COMPILEFREECPP: 
ESMF_F90COMPILEFREENOCPP: 
ESMF_F90COMPILEFIXCPP: 
ESMF_F90COMPILEFIXNOCPP: 

Fortran linker flags:
ESMF_F90LINKOPTS:   -m64 -mcmodel=small -pthread -threads -cxxlib -Wl,--no-as-needed  -openmp
ESMF_F90LINKPATHS: -L/discover/nobackup/projects/gmao/SIteam/ESMF_Testing/intel_2025.3.0_mpiuni_O_develop/esmf/lib/libO/Linux.intel.64.mpiuni.default  
ESMF_F90LINKRPATHS: -Wl,-rpath,/discover/nobackup/projects/gmao/SIteam/ESMF_Testing/intel_2025.3.0_mpiuni_O_develop/esmf/lib/libO/Linux.intel.64.mpiuni.default 
ESMF_F90LINKLIBS:  -lrt -ldl
ESMF_F90ESMFLINKLIBS: -lesmf  -lrt -ldl

C++ compiler flags:
ESMF_CXXCOMPILER: icpx
ESMF_CXXCOMPILEOPTS: -std=c++11 -O -DNDEBUG -fp-speculation=safe -fPIC -debug minimal -m64 -mcmodel=small -pthread  -qopenmp
ESMF_CXXCOMPILEPATHS:  -I/discover/nobackup/projects/gmao/SIteam/ESMF_Testing/intel_2025.3.0_mpiuni_O_develop/esmf/src/include   -I/discover/nobackup/projects/gmao/SIteam/ESMF_Testing/intel_2025.3.0_mpiuni_O_develop/esmf/src/prologue/yaml-cpp/include
ESMF_CXXCOMPILECPPFLAGS: -DESMF_NO_INTEGER_1_BYTE -DESMF_NO_INTEGER_2_BYTE -DESMF_VERSION_STRING_GIT='v9.0.0b13' -DESMF_MPIUNI -I/discover/nobackup/projects/gmao/SIteam/ESMF_Testing/intel_2025.3.0_mpiuni_O_develop/esmf/src/Infrastructure/stubs/mpiuni -DESMF_MOAB=1 -DESMF_LAPACK=1 -DESMF_LAPACK_INTERNAL=1 -DESMF_NO_ACC_SOFTWARE_STACK=1 -DESMF_YAMLCPP=1 -DESMF_YAML=1 -DESMF_NO_OPENACC -DESMF_TESTEXHAUSTIVE -DESMF_BOPT_O -DESMF_TESTPERFORMANCE -DESMF_TESTCOMPTUNNEL -DESMF_TESTWITHTHREADS -DSx86_64_small=1 -DESMF_OS_Linux=1 -DESMF_COMM=mpiuni -DESMF_DIR=/discover/nobackup/projects/gmao/SIteam/ESMF_Testing/intel_2025.3.0_mpiuni_O_develop/esmf -D__SDIR__='' -DESMF_CXXSTD=11

C++ linker flags:
ESMF_CXXLINKOPTS:   -m64 -mcmodel=small -pthread -Wl,--no-as-needed  -qopenmp
ESMF_CXXLINKPATHS: -L/discover/nobackup/projects/gmao/SIteam/ESMF_Testing/intel_2025.3.0_mpiuni_O_develop/esmf/lib/libO/Linux.intel.64.mpiuni.default  -L
ESMF_CXXLINKRPATHS: -Wl,-rpath,/discover/nobackup/projects/gmao/SIteam/ESMF_Testing/intel_2025.3.0_mpiuni_O_develop/esmf/lib/libO/Linux.intel.64.mpiuni.default  -Wl,-rpath,
ESMF_CXXLINKLIBS:   -lrt -ldl
ESMF_CXXESMFLINKLIBS: -lesmf   -lrt -ldl

C compiler flags:
ESMF_CCOMPILER: icx
ESMF_CCOMPILEOPTS: -std=c99 -O -DNDEBUG -fp-speculation=safe -fPIC -debug minimal  -qopenmp
ESMF_CCOMPILEPATHS:  -I/discover/nobackup/projects/gmao/SIteam/ESMF_Testing/intel_2025.3.0_mpiuni_O_develop/esmf/src/include  
ESMF_CCOMPILECPPFLAGS: -DESMF_NO_INTEGER_1_BYTE -DESMF_NO_INTEGER_2_BYTE -DESMF_VERSION_STRING_GIT='v9.0.0b13' -DESMF_MPIUNI -I/discover/nobackup/projects/gmao/SIteam/ESMF_Testing/intel_2025.3.0_mpiuni_O_develop/esmf/src/Infrastructure/stubs/mpiuni -DESMF_MOAB=1 -DESMF_LAPACK=1 -DESMF_LAPACK_INTERNAL=1 -DESMF_NO_ACC_SOFTWARE_STACK=1 -DESMF_YAMLCPP=1 -DESMF_YAML=1 -DESMF_NO_OPENACC -DESMF_TESTEXHAUSTIVE -DESMF_BOPT_O -DESMF_TESTPERFORMANCE -DESMF_TESTCOMPTUNNEL -DESMF_TESTWITHTHREADS -DSx86_64_small=1 -DESMF_OS_Linux=1 -DESMF_COMM=mpiuni -DESMF_DIR=/discover/nobackup/projects/gmao/SIteam/ESMF_Testing/intel_2025.3.0_mpiuni_O_develop/esmf -D__SDIR__='' -DESMF_CSTD=99

C linker flags:
ESMF_CLINKOPTS:    -qopenmp
ESMF_CLINKPATHS: -L/discover/nobackup/projects/gmao/SIteam/ESMF_Testing/intel_2025.3.0_mpiuni_O_develop/esmf/lib/libO/Linux.intel.64.mpiuni.default  -L -L/discover/nobackup/projects/gmao/SIteam/ESMF_Testing/intel_2025.3.0_mpiuni_O_develop/esmf/lib/libO/Linux.intel.64.mpiuni.default  
ESMF_CLINKRPATHS: -Wl,-rpath,/discover/nobackup/projects/gmao/SIteam/ESMF_Testing/intel_2025.3.0_mpiuni_O_develop/esmf/lib/libO/Linux.intel.64.mpiuni.default -Wl,-rpath,/discover/nobackup/projects/gmao/SIteam/ESMF_Testing/intel_2025.3.0_mpiuni_O_develop/esmf/lib/libO/Linux.intel.64.mpiuni.default
ESMF_CLINKLIBS:   -lrt -ldl  -lrt -ldl
ESMF_CESMFLINKLIBS: -lesmf   -lrt -ldl  -lrt -ldl

Shared library build:
ESMF_SL_LIBS_TO_MAKE: libesmf
ESMF_SL_SUFFIX:       so
ESMF_SL_LIBLINKER:    icpx
ESMF_SL_LIBOPTS:       -pthread -shared  -qopenmp
ESMF_SL_LIBLIBS:      

ESMF Tracing linker options:
ESMF_TRACE_LDPRELOAD=/discover/nobackup/projects/gmao/SIteam/ESMF_Testing/intel_2025.3.0_mpiuni_O_develop/esmf/lib/libO/Linux.intel.64.mpiuni.default/libesmftrace_preload.so
ESMF_TRACE_STATICLINKOPTS=-static -Wl,--wrap=c_esmftrace_notify_wrappers -Wl,--wrap=c_esmftrace_isinitialized -Wl,--wrap=write -Wl,--wrap=writev -Wl,--wrap=pwrite -Wl,--wrap=read -Wl,--wrap=open -Wl,--wrap=MPI_Allgather -Wl,--wrap=MPI_Allgatherv -Wl,--wrap=MPI_Allreduce -Wl,--wrap=MPI_Alltoall -Wl,--wrap=MPI_Alltoallv -Wl,--wrap=MPI_Alltoallw -Wl,--wrap=MPI_Barrier -Wl,--wrap=MPI_Bcast -Wl,--wrap=MPI_Bsend -Wl,--wrap=MPI_Gather -Wl,--wrap=MPI_Gatherv -Wl,--wrap=MPI_Iprobe -Wl,--wrap=MPI_Irecv -Wl,--wrap=MPI_Irsend -Wl,--wrap=MPI_Isend -Wl,--wrap=MPI_Issend -Wl,--wrap=MPI_Probe -Wl,--wrap=MPI_Recv -Wl,--wrap=MPI_Reduce -Wl,--wrap=MPI_Rsend -Wl,--wrap=MPI_Scan -Wl,--wrap=MPI_Scatter -Wl,--wrap=MPI_Scatterv -Wl,--wrap=MPI_Send -Wl,--wrap=MPI_Sendrecv -Wl,--wrap=MPI_Test -Wl,--wrap=MPI_Testall -Wl,--wrap=MPI_Testany -Wl,--wrap=MPI_Testsome -Wl,--wrap=MPI_Wait -Wl,--wrap=MPI_Waitall -Wl,--wrap=MPI_Waitany -Wl,--wrap=MPI_Waitsome -Wl,--wrap=mpi_allgather_ -Wl,--wrap=mpi_allgather__ -Wl,--wrap=mpi_allgatherv_ -Wl,--wrap=mpi_allgatherv__ -Wl,--wrap=mpi_allreduce_ -Wl,--wrap=mpi_allreduce__ -Wl,--wrap=mpi_alltoall_ -Wl,--wrap=mpi_alltoall__ -Wl,--wrap=mpi_alltoallv_ -Wl,--wrap=mpi_alltoallv__ -Wl,--wrap=mpi_alltoallw_ -Wl,--wrap=mpi_alltoallw__ -Wl,--wrap=mpi_barrier_ -Wl,--wrap=mpi_barrier__ -Wl,--wrap=mpi_bcast_ -Wl,--wrap=mpi_bcast__ -Wl,--wrap=mpi_bsend_ -Wl,--wrap=mpi_bsend__ -Wl,--wrap=mpi_exscan_ -Wl,--wrap=mpi_exscan__ -Wl,--wrap=mpi_gather_ -Wl,--wrap=mpi_gather__ -Wl,--wrap=mpi_gatherv_ -Wl,--wrap=mpi_gatherv__ -Wl,--wrap=mpi_iprobe_ -Wl,--wrap=mpi_iprobe__ -Wl,--wrap=mpi_irecv_ -Wl,--wrap=mpi_irecv__ -Wl,--wrap=mpi_irsend_ -Wl,--wrap=mpi_irsend__ -Wl,--wrap=mpi_isend_ -Wl,--wrap=mpi_isend__ -Wl,--wrap=mpi_issend_ -Wl,--wrap=mpi_issend__ -Wl,--wrap=mpi_probe_ -Wl,--wrap=mpi_probe__ -Wl,--wrap=mpi_recv_ -Wl,--wrap=mpi_recv__ -Wl,--wrap=mpi_reduce_ -Wl,--wrap=mpi_reduce__ -Wl,--wrap=mpi_reduce_scatter_ -Wl,--wrap=mpi_reduce_scatter__ -Wl,--wrap=mpi_rsend_ -Wl,--wrap=mpi_rsend__ -Wl,--wrap=mpi_scatter_ -Wl,--wrap=mpi_scatter__ -Wl,--wrap=mpi_scatterv_ -Wl,--wrap=mpi_scatterv__ -Wl,--wrap=mpi_scan_ -Wl,--wrap=mpi_scan__ -Wl,--wrap=mpi_send_ -Wl,--wrap=mpi_send__ -Wl,--wrap=mpi_sendrecv_ -Wl,--wrap=mpi_sendrecv__ -Wl,--wrap=mpi_test_ -Wl,--wrap=mpi_test__ -Wl,--wrap=mpi_testall_ -Wl,--wrap=mpi_testall__ -Wl,--wrap=mpi_testany_ -Wl,--wrap=mpi_testany__ -Wl,--wrap=mpi_testsome_ -Wl,--wrap=mpi_testsome__ -Wl,--wrap=mpi_wait_ -Wl,--wrap=mpi_wait__ -Wl,--wrap=mpi_waitall_ -Wl,--wrap=mpi_waitall__ -Wl,--wrap=mpi_waitany_ -Wl,--wrap=mpi_waitany__
ESMF_TRACE_STATICLINKLIBS=-lesmftrace_static
ESMF_TRACE_DYNAMICLINKLIBS=-lesmftrace_preload
ESMF_F90ESMFPRELOADLINKLIBS=-lesmf -lesmftrace_preload  -lrt -ldl


--------------------------------------------------------------
Compiling on Wed 13 May 2026 11:42:02 PM EDT on borgl118
Machine characteristics: Linux borgl118 5.14.21-150400.24.100-default #1 SMP PREEMPT_DYNAMIC Mon Dec 4 19:12:13 UTC 2023 (3f5cd84) x86_64 x86_64 x86_64 GNU/Linux
==============================================================
 
make[1]: Entering directory '/gpfsm/dnb10/projects/p50/ESMF_Testing/intel_2025.3.0_mpiuni_O_develop/esmf'
/bin/sh: line 0: [: -ge: unary operator expected
Making directory /discover/nobackup/projects/gmao/SIteam/ESMF_Testing/intel_2025.3.0_mpiuni_O_develop/esmf/lib/libO/Linux.intel.64.mpiuni.default for library
Making directory /discover/nobackup/projects/gmao/SIteam/ESMF_Testing/intel_2025.3.0_mpiuni_O_develop/esmf/mod/modO/Linux.intel.64.mpiuni.default for *.mod files
Making directory /discover/nobackup/projects/gmao/SIteam/ESMF_Testing/intel_2025.3.0_mpiuni_O_develop/esmf/src/include for include files
Making directory /discover/nobackup/projects/gmao/SIteam/ESMF_Testing/intel_2025.3.0_mpiuni_O_develop/esmf/obj/objO/Linux.intel.64.mpiuni.default for *.o files
cd /discover/nobackup/projects/gmao/SIteam/ESMF_Testing/intel_2025.3.0_mpiuni_O_develop/esmf ;\
make ACTION=tree_include tree
make[2]: Entering directory '/gpfsm/dnb10/projects/p50/ESMF_Testing/intel_2025.3.0_mpiuni_O_develop/esmf'
/bin/sh: line 0: [: -ge: unary operator expected
tree_include in: /discover/nobackup/projects/gmao/SIteam/ESMF_Testing/intel_2025.3.0_mpiuni_O_develop/esmf/src
make[3]: Entering directory '/gpfsm/dnb10/projects/p50/ESMF_Testing/intel_2025.3.0_mpiuni_O_develop/esmf/src'
/bin/sh: line 0: [: -ge: unary operator expected
tree_include in: /discover/nobackup/projects/gmao/SIteam/ESMF_Testing/intel_2025.3.0_mpiuni_O_develop/esmf/src/prologue
make[4]: Entering directory '/gpfsm/dnb10/projects/p50/ESMF_Testing/intel_2025.3.0_mpiuni_O_develop/esmf/src/prologue'
/bin/sh: line 0: [: -ge: unary operator expected
tree_include in: /discover/nobackup/projects/gmao/SIteam/ESMF_Testing/intel_2025.3.0_mpiuni_O_develop/esmf/src/prologue/tests
make[5]: Entering directory '/gpfsm/dnb10/projects/p50/ESMF_Testing/intel_2025.3.0_mpiuni_O_develop/esmf/src/prologue/tests'
/bin/sh: line 0: [: -ge: unary operator expected
make[5]: Leaving directory '/gpfsm/dnb10/projects/p50/ESMF_Testing/intel_2025.3.0_mpiuni_O_develop/esmf/src/prologue/tests'
tree_include in: /discover/nobackup/projects/gmao/SIteam/ESMF_Testing/intel_2025.3.0_mpiuni_O_develop/esmf/src/prologue/yaml-cpp
make[5]: Entering directory '/gpfsm/dnb10/projects/p50/ESMF_Testing/intel_2025.3.0_mpiuni_O_develop/esmf/src/prologue/yaml-cpp'
/bin/sh: line 0: [: -ge: unary operator expected
tree_include in: /discover/nobackup/projects/gmao/SIteam/ESMF_Testing/intel_2025.3.0_mpiuni_O_develop/esmf/src/prologue/yaml-cpp/src
make[6]: Entering directory '/gpfsm/dnb10/projects/p50/ESMF_Testing/intel_2025.3.0_mpiuni_O_develop/esmf/src/prologue/yaml-cpp/src'
/bin/sh: line 0: [: -ge: unary operator expected
make[6]: Leaving directory '/gpfsm/dnb10/projects/p50/ESMF_Testing/intel_2025.3.0_mpiuni_O_develop/esmf/src/prologue/yaml-cpp/src'
make[5]: Leaving directory '/gpfsm/dnb10/projects/p50/ESMF_Testing/intel_2025.3.0_mpiuni_O_develop/esmf/src/prologue/yaml-cpp'
make[4]: Leaving directory '/gpfsm/dnb10/projects/p50/ESMF_Testing/intel_2025.3.0_mpiuni_O_develop/esmf/src/prologue'
tree_include in: /discover/nobackup/projects/gmao/SIteam/ESMF_Testing/intel_2025.3.0_mpiuni_O_develop/esmf/src/test_harness
make[4]: Entering directory '/gpfsm/dnb10/projects/p50/ESMF_Testing/intel_2025.3.0_mpiuni_O_develop/esmf/src/test_harness'
/bin/sh: line 0: [: -ge: unary operator expected
tree_include in: /discover/nobackup/projects/gmao/SIteam/ESMF_Testing/intel_2025.3.0_mpiuni_O_develop/esmf/src/test_harness/src
make[5]: Entering directory '/gpfsm/dnb10/projects/p50/ESMF_Testing/intel_2025.3.0_mpiuni_O_develop/esmf/src/test_harness/src'
/bin/sh: line 0: [: -ge: unary operator expected
make[5]: Leaving directory '/gpfsm/dnb10/projects/p50/ESMF_Testing/intel_2025.3.0_mpiuni_O_develop/esmf/src/test_harness/src'
make[4]: Leaving directory '/gpfsm/dnb10/projects/p50/ESMF_Testing/intel_2025.3.0_mpiuni_O_develop/esmf/src/test_harness'
tree_include in: /discover/nobackup/projects/gmao/SIteam/ESMF_Testing/intel_2025.3.0_mpiuni_O_develop/esmf/src/Infrastructure
make[4]: Entering directory '/gpfsm/dnb10/projects/p50/ESMF_Testing/intel_2025.3.0_mpiuni_O_develop/esmf/src/Infrastructure'
/bin/sh: line 0: [: -ge: unary operator expected
tree_include in: /discover/nobackup/projects/gmao/SIteam/ESMF_Testing/intel_2025.3.0_mpiuni_O_develop/esmf/src/Infrastructure/stubs
make[5]: Entering directory '/gpfsm/dnb10/projects/p50/ESMF_Testing/intel_2025.3.0_mpiuni_O_develop/esmf/src/Infrastructure/stubs'
/bin/sh: line 0: [: -ge: unary operator expected
tree_include in: /discover/nobackup/projects/gmao/SIteam/ESMF_Testing/intel_2025.3.0_mpiuni_O_develop/esmf/src/Infrastructure/stubs/mpiuni
make[6]: Entering directory '/gpfsm/dnb10/projects/p50/ESMF_Testing/intel_2025.3.0_mpiuni_O_develop/esmf/src/Infrastructure/stubs/mpiuni'
/bin/sh: line 0: [: -ge: unary operator expected
make[6]: Leaving directory '/gpfsm/dnb10/projects/p50/ESMF_Testing/intel_2025.3.0_mpiuni_O_develop/esmf/src/Infrastructure/stubs/mpiuni'
make[5]: Leaving directory '/gpfsm/dnb10/projects/p50/ESMF_Testing/intel_2025.3.0_mpiuni_O_develop/esmf/src/Infrastructure/stubs'
tree_include in: /discover/nobackup/projects/gmao/SIteam/ESMF_Testing/intel_2025.3.0_mpiuni_O_develop/esmf/src/Infrastructure/Util
make[5]: Entering directory '/gpfsm/dnb10/projects/p50/ESMF_Testing/intel_2025.3.0_mpiuni_O_develop/esmf/src/Infrastructure/Util'
/bin/sh: line 0: [: -ge: unary operator expected
tree_include in: /discover/nobackup/projects/gmao/SIteam/ESMF_Testing/intel_2025.3.0_mpiuni_O_develop/esmf/src/Infrastructure/Util/src
make[6]: Entering directory '/gpfsm/dnb10/projects/p50/ESMF_Testing/intel_2025.3.0_mpiuni_O_develop/esmf/src/Infrastructure/Util/src'
/bin/sh: line 0: [: -ge: unary operator expected
make[6]: Leaving directory '/gpfsm/dnb10/projects/p50/ESMF_Testing/intel_2025.3.0_mpiuni_O_develop/esmf/src/Infrastructure/Util/src'
tree_include in: /discover/nobackup/projects/gmao/SIteam/ESMF_Testing/intel_2025.3.0_mpiuni_O_develop/esmf/src/Infrastructure/Util/interface
make[6]: Entering directory '/gpfsm/dnb10/projects/p50/ESMF_Testing/intel_2025.3.0_mpiuni_O_develop/esmf/src/Infrastructure/Util/interface'
/bin/sh: line 0: [: -ge: unary operator expected
make[6]: Leaving directory '/gpfsm/dnb10/projects/p50/ESMF_Testing/intel_2025.3.0_mpiuni_O_develop/esmf/src/Infrastructure/Util/interface'
tree_include in: /discover/nobackup/projects/gmao/SIteam/ESMF_Testing/intel_2025.3.0_mpiuni_O_develop/esmf/src/Infrastructure/Util/tests
make[6]: Entering directory '/gpfsm/dnb10/projects/p50/ESMF_Testing/intel_2025.3.0_mpiuni_O_develop/esmf/src/Infrastructure/Util/tests'
/bin/sh: line 0: [: -ge: unary operator expected
make[6]: Leaving directory '/gpfsm/dnb10/projects/p50/ESMF_Testing/intel_2025.3.0_mpiuni_O_develop/esmf/src/Infrastructure/Util/tests'
tree_include in: /discover/nobackup/projects/gmao/SIteam/ESMF_Testing/intel_2025.3.0_mpiuni_O_develop/esmf/src/Infrastructure/Util/examples
make[6]: Entering directory '/gpfsm/dnb10/projects/p50/ESMF_Testing/intel_2025.3.0_mpiuni_O_develop/esmf/src/Infrastructure/Util/examples'
/bin/sh: line 0: [: -ge: unary operator expected
make[6]: Leaving directory '/gpfsm/dnb10/projects/p50/ESMF_Testing/intel_2025.3.0_mpiuni_O_develop/esmf/src/Infrastructure/Util/examples'
tree_include in: /discover/nobackup/projects/gmao/SIteam/ESMF_Testing/intel_2025.3.0_mpiuni_O_develop/esmf/src/Infrastructure/Util/doc
make[6]: Entering directory '/gpfsm/dnb10/projects/p50/ESMF_Testing/intel_2025.3.0_mpiuni_O_develop/esmf/src/Infrastructure/Util/doc'
/bin/sh: line 0: [: -ge: unary operator expected
make[6]: Leaving directory '/gpfsm/dnb10/projects/p50/ESMF_Testing/intel_2025.3.0_mpiuni_O_develop/esmf/src/Infrastructure/Util/doc'
make[5]: Leaving directory '/gpfsm/dnb10/projects/p50/ESMF_Testing/intel_2025.3.0_mpiuni_O_develop/esmf/src/Infrastructure/Util'
tree_include in: /discover/nobackup/projects/gmao/SIteam/ESMF_Testing/intel_2025.3.0_mpiuni_O_develop/esmf/src/Infrastructure/LogErr
make[5]: Entering directory '/gpfsm/dnb10/projects/p50/ESMF_Testing/intel_2025.3.0_mpiuni_O_develop/esmf/src/Infrastructure/LogErr'
/bin/sh: line 0: [: -ge: unary operator expected
tree_include in: /discover/nobackup/projects/gmao/SIteam/ESMF_Testing/intel_2025.3.0_mpiuni_O_develop/esmf/src/Infrastructure/LogErr/src
make[6]: Entering directory '/gpfsm/dnb10/projects/p50/ESMF_Testing/intel_2025.3.0_mpiuni_O_develop/esmf/src/Infrastructure/LogErr/src'
/bin/sh: line 0: [: -ge: unary operator expected
make[6]: Leaving directory '/gpfsm/dnb10/projects/p50/ESMF_Testing/intel_2025.3.0_mpiuni_O_develop/esmf/src/Infrastructure/LogErr/src'
tree_include in: /discover/nobackup/projects/gmao/SIteam/ESMF_Testing/intel_2025.3.0_mpiuni_O_develop/esmf/src/Infrastructure/LogErr/interface
make[6]: Entering directory '/gpfsm/dnb10/projects/p50/ESMF_Testing/intel_2025.3.0_mpiuni_O_develop/esmf/src/Infrastructure/LogErr/interface'
/bin/sh: line 0: [: -ge: unary operator expected
make[6]: Leaving directory '/gpfsm/dnb10/projects/p50/ESMF_Testing/intel_2025.3.0_mpiuni_O_develop/esmf/src/Infrastructure/LogErr/interface'
tree_include in: /discover/nobackup/projects/gmao/SIteam/ESMF_Testing/intel_2025.3.0_mpiuni_O_develop/esmf/src/Infrastructure/LogErr/examples
make[6]: Entering directory '/gpfsm/dnb10/projects/p50/ESMF_Testing/intel_2025.3.0_mpiuni_O_develop/esmf/src/Infrastructure/LogErr/examples'
/bin/sh: line 0: [: -ge: unary operator expected
make[6]: Leaving directory '/gpfsm/dnb10/projects/p50/ESMF_Testing/intel_2025.3.0_mpiuni_O_develop/esmf/src/Infrastructure/LogErr/examples'
tree_include in: /discover/nobackup/projects/gmao/SIteam/ESMF_Testing/intel_2025.3.0_mpiuni_O_develop/esmf/src/Infrastructure/LogErr/doc
make[6]: Entering directory '/gpfsm/dnb10/projects/p50/ESMF_Testing/intel_2025.3.0_mpiuni_O_develop/esmf/src/Infrastructure/LogErr/doc'
/bin/sh: line 0: [: -ge: unary operator expected
make[6]: Leaving directory '/gpfsm/dnb10/projects/p50/ESMF_Testing/intel_2025.3.0_mpiuni_O_develop/esmf/src/Infrastructure/LogErr/doc'
tree_include in: /discover/nobackup/projects/gmao/SIteam/ESMF_Testing/intel_2025.3.0_mpiuni_O_develop/esmf/src/Infrastructure/LogErr/tests
make[6]: Entering directory '/gpfsm/dnb10/projects/p50/ESMF_Testing/intel_2025.3.0_mpiuni_O_develop/esmf/src/Infrastructure/LogErr/tests'
/bin/sh: line 0: [: -ge: unary operator expected
make[6]: Leaving directory '/gpfsm/dnb10/projects/p50/ESMF_Testing/intel_2025.3.0_mpiuni_O_develop/esmf/src/Infrastructure/LogErr/tests'
make[5]: Leaving directory '/gpfsm/dnb10/projects/p50/ESMF_Testing/intel_2025.3.0_mpiuni_O_develop/esmf/src/Infrastructure/LogErr'
tree_include in: /discover/nobackup/projects/gmao/SIteam/ESMF_Testing/intel_2025.3.0_mpiuni_O_develop/esmf/src/Infrastructure/VM
make[5]: Entering directory '/gpfsm/dnb10/projects/p50/ESMF_Testing/intel_2025.3.0_mpiuni_O_develop/esmf/src/Infrastructure/VM'
/bin/sh: line 0: [: -ge: unary operator expected
tree_include in: /discover/nobackup/projects/gmao/SIteam/ESMF_Testing/intel_2025.3.0_mpiuni_O_develop/esmf/src/Infrastructure/VM/src
make[6]: Entering directory '/gpfsm/dnb10/projects/p50/ESMF_Testing/intel_2025.3.0_mpiuni_O_develop/esmf/src/Infrastructure/VM/src'
/bin/sh: line 0: [: -ge: unary operator expected
tree_include in: /discover/nobackup/projects/gmao/SIteam/ESMF_Testing/intel_2025.3.0_mpiuni_O_develop/esmf/src/Infrastructure/VM/src/acc
make[7]: Entering directory '/gpfsm/dnb10/projects/p50/ESMF_Testing/intel_2025.3.0_mpiuni_O_develop/esmf/src/Infrastructure/VM/src/acc'
/bin/sh: line 0: [: -ge: unary operator expected
make[7]: Leaving directory '/gpfsm/dnb10/projects/p50/ESMF_Testing/intel_2025.3.0_mpiuni_O_develop/esmf/src/Infrastructure/VM/src/acc'
make[6]: Leaving directory '/gpfsm/dnb10/projects/p50/ESMF_Testing/intel_2025.3.0_mpiuni_O_develop/esmf/src/Infrastructure/VM/src'
tree_include in: /discover/nobackup/projects/gmao/SIteam/ESMF_Testing/intel_2025.3.0_mpiuni_O_develop/esmf/src/Infrastructure/VM/interface
make[6]: Entering directory '/gpfsm/dnb10/projects/p50/ESMF_Testing/intel_2025.3.0_mpiuni_O_develop/esmf/src/Infrastructure/VM/interface'
/bin/sh: line 0: [: -ge: unary operator expected
make[6]: Leaving directory '/gpfsm/dnb10/projects/p50/ESMF_Testing/intel_2025.3.0_mpiuni_O_develop/esmf/src/Infrastructure/VM/interface'
tree_include in: /discover/nobackup/projects/gmao/SIteam/ESMF_Testing/intel_2025.3.0_mpiuni_O_develop/esmf/src/Infrastructure/VM/doc
make[6]: Entering directory '/gpfsm/dnb10/projects/p50/ESMF_Testing/intel_2025.3.0_mpiuni_O_develop/esmf/src/Infrastructure/VM/doc'
/bin/sh: line 0: [: -ge: unary operator expected
make[6]: Leaving directory '/gpfsm/dnb10/projects/p50/ESMF_Testing/intel_2025.3.0_mpiuni_O_develop/esmf/src/Infrastructure/VM/doc'
tree_include in: /discover/nobackup/projects/gmao/SIteam/ESMF_Testing/intel_2025.3.0_mpiuni_O_develop/esmf/src/Infrastructure/VM/examples
make[6]: Entering directory '/gpfsm/dnb10/projects/p50/ESMF_Testing/intel_2025.3.0_mpiuni_O_develop/esmf/src/Infrastructure/VM/examples'
/bin/sh: line 0: [: -ge: unary operator expected
make[6]: Leaving directory '/gpfsm/dnb10/projects/p50/ESMF_Testing/intel_2025.3.0_mpiuni_O_develop/esmf/src/Infrastructure/VM/examples'
tree_include in: /discover/nobackup/projects/gmao/SIteam/ESMF_Testing/intel_2025.3.0_mpiuni_O_develop/esmf/src/Infrastructure/VM/tests
make[6]: Entering directory '/gpfsm/dnb10/projects/p50/ESMF_Testing/intel_2025.3.0_mpiuni_O_develop/esmf/src/Infrastructure/VM/tests'
/bin/sh: line 0: [: -ge: unary operator expected
make[6]: Leaving directory '/gpfsm/dnb10/projects/p50/ESMF_Testing/intel_2025.3.0_mpiuni_O_develop/esmf/src/Infrastructure/VM/tests'
make[5]: Leaving directory '/gpfsm/dnb10/projects/p50/ESMF_Testing/intel_2025.3.0_mpiuni_O_develop/esmf/src/Infrastructure/VM'
tree_include in: /discover/nobackup/projects/gmao/SIteam/ESMF_Testing/intel_2025.3.0_mpiuni_O_develop/esmf/src/Infrastructure/Trace
make[5]: Entering directory '/gpfsm/dnb10/projects/p50/ESMF_Testing/intel_2025.3.0_mpiuni_O_develop/esmf/src/Infrastructure/Trace'
/bin/sh: line 0: [: -ge: unary operator expected
tree_include in: /discover/nobackup/projects/gmao/SIteam/ESMF_Testing/intel_2025.3.0_mpiuni_O_develop/esmf/src/Infrastructure/Trace/src
make[6]: Entering directory '/gpfsm/dnb10/projects/p50/ESMF_Testing/intel_2025.3.0_mpiuni_O_develop/esmf/src/Infrastructure/Trace/src'
/bin/sh: line 0: [: -ge: unary operator expected
make[6]: Leaving directory '/gpfsm/dnb10/projects/p50/ESMF_Testing/intel_2025.3.0_mpiuni_O_develop/esmf/src/Infrastructure/Trace/src'
tree_include in: /discover/nobackup/projects/gmao/SIteam/ESMF_Testing/intel_2025.3.0_mpiuni_O_develop/esmf/src/Infrastructure/Trace/interface
make[6]: Entering directory '/gpfsm/dnb10/projects/p50/ESMF_Testing/intel_2025.3.0_mpiuni_O_develop/esmf/src/Infrastructure/Trace/interface'
/bin/sh: line 0: [: -ge: unary operator expected
make[6]: Leaving directory '/gpfsm/dnb10/projects/p50/ESMF_Testing/intel_2025.3.0_mpiuni_O_develop/esmf/src/Infrastructure/Trace/interface'
tree_include in: /discover/nobackup/projects/gmao/SIteam/ESMF_Testing/intel_2025.3.0_mpiuni_O_develop/esmf/src/Infrastructure/Trace/tests
make[6]: Entering directory '/gpfsm/dnb10/projects/p50/ESMF_Testing/intel_2025.3.0_mpiuni_O_develop/esmf/src/Infrastructure/Trace/tests'
/bin/sh: line 0: [: -ge: unary operator expected
make[6]: Leaving directory '/gpfsm/dnb10/projects/p50/ESMF_Testing/intel_2025.3.0_mpiuni_O_develop/esmf/src/Infrastructure/Trace/tests'
tree_include in: /discover/nobackup/projects/gmao/SIteam/ESMF_Testing/intel_2025.3.0_mpiuni_O_develop/esmf/src/Infrastructure/Trace/doc
make[6]: Entering directory '/gpfsm/dnb10/projects/p50/ESMF_Testing/intel_2025.3.0_mpiuni_O_develop/esmf/src/Infrastructure/Trace/doc'
/bin/sh: line 0: [: -ge: unary operator expected
make[6]: Leaving directory '/gpfsm/dnb10/projects/p50/ESMF_Testing/intel_2025.3.0_mpiuni_O_develop/esmf/src/Infrastructure/Trace/doc'
tree_include in: /discover/nobackup/projects/gmao/SIteam/ESMF_Testing/intel_2025.3.0_mpiuni_O_develop/esmf/src/Infrastructure/Trace/examples
make[6]: Entering directory '/gpfsm/dnb10/projects/p50/ESMF_Testing/intel_2025.3.0_mpiuni_O_develop/esmf/src/Infrastructure/Trace/examples'
/bin/sh: line 0: [: -ge: unary operator expected
make[6]: Leaving directory '/gpfsm/dnb10/projects/p50/ESMF_Testing/intel_2025.3.0_mpiuni_O_develop/esmf/src/Infrastructure/Trace/examples'
make[5]: Leaving directory '/gpfsm/dnb10/projects/p50/ESMF_Testing/intel_2025.3.0_mpiuni_O_develop/esmf/src/Infrastructure/Trace'
tree_include in: /discover/nobackup/projects/gmao/SIteam/ESMF_Testing/intel_2025.3.0_mpiuni_O_develop/esmf/src/Infrastructure/HConfig
make[5]: Entering directory '/gpfsm/dnb10/projects/p50/ESMF_Testing/intel_2025.3.0_mpiuni_O_develop/esmf/src/Infrastructure/HConfig'
/bin/sh: line 0: [: -ge: unary operator expected
tree_include in: /discover/nobackup/projects/gmao/SIteam/ESMF_Testing/intel_2025.3.0_mpiuni_O_develop/esmf/src/Infrastructure/HConfig/src
make[6]: Entering directory '/gpfsm/dnb10/projects/p50/ESMF_Testing/intel_2025.3.0_mpiuni_O_develop/esmf/src/Infrastructure/HConfig/src'
/bin/sh: line 0: [: -ge: unary operator expected
make[6]: Leaving directory '/gpfsm/dnb10/projects/p50/ESMF_Testing/intel_2025.3.0_mpiuni_O_develop/esmf/src/Infrastructure/HConfig/src'
tree_include in: /discover/nobackup/projects/gmao/SIteam/ESMF_Testing/intel_2025.3.0_mpiuni_O_develop/esmf/src/Infrastructure/HConfig/interface
make[6]: Entering directory '/gpfsm/dnb10/projects/p50/ESMF_Testing/intel_2025.3.0_mpiuni_O_develop/esmf/src/Infrastructure/HConfig/interface'
/bin/sh: line 0: [: -ge: unary operator expected
make[6]: Leaving directory '/gpfsm/dnb10/projects/p50/ESMF_Testing/intel_2025.3.0_mpiuni_O_develop/esmf/src/Infrastructure/HConfig/interface'
tree_include in: /discover/nobackup/projects/gmao/SIteam/ESMF_Testing/intel_2025.3.0_mpiuni_O_develop/esmf/src/Infrastructure/HConfig/tests
make[6]: Entering directory '/gpfsm/dnb10/projects/p50/ESMF_Testing/intel_2025.3.0_mpiuni_O_develop/esmf/src/Infrastructure/HConfig/tests'
/bin/sh: line 0: [: -ge: unary operator expected
make[6]: Leaving directory '/gpfsm/dnb10/projects/p50/ESMF_Testing/intel_2025.3.0_mpiuni_O_develop/esmf/src/Infrastructure/HConfig/tests'
tree_include in: /discover/nobackup/projects/gmao/SIteam/ESMF_Testing/intel_2025.3.0_mpiuni_O_develop/esmf/src/Infrastructure/HConfig/examples
make[6]: Entering directory '/gpfsm/dnb10/projects/p50/ESMF_Testing/intel_2025.3.0_mpiuni_O_develop/esmf/src/Infrastructure/HConfig/examples'
/bin/sh: line 0: [: -ge: unary operator expected
make[6]: Leaving directory '/gpfsm/dnb10/projects/p50/ESMF_Testing/intel_2025.3.0_mpiuni_O_develop/esmf/src/Infrastructure/HConfig/examples'
tree_include in: /discover/nobackup/projects/gmao/SIteam/ESMF_Testing/intel_2025.3.0_mpiuni_O_develop/esmf/src/Infrastructure/HConfig/doc
make[6]: Entering directory '/gpfsm/dnb10/projects/p50/ESMF_Testing/intel_2025.3.0_mpiuni_O_develop/esmf/src/Infrastructure/HConfig/doc'
/bin/sh: line 0: [: -ge: unary operator expected
make[6]: Leaving directory '/gpfsm/dnb10/projects/p50/ESMF_Testing/intel_2025.3.0_mpiuni_O_develop/esmf/src/Infrastructure/HConfig/doc'
make[5]: Leaving directory '/gpfsm/dnb10/projects/p50/ESMF_Testing/intel_2025.3.0_mpiuni_O_develop/esmf/src/Infrastructure/HConfig'
tree_include in: /discover/nobackup/projects/gmao/SIteam/ESMF_Testing/intel_2025.3.0_mpiuni_O_develop/esmf/src/Infrastructure/Base
make[5]: Entering directory '/gpfsm/dnb10/projects/p50/ESMF_Testing/intel_2025.3.0_mpiuni_O_develop/esmf/src/Infrastructure/Base'
/bin/sh: line 0: [: -ge: unary operator expected
tree_include in: /discover/nobackup/projects/gmao/SIteam/ESMF_Testing/intel_2025.3.0_mpiuni_O_develop/esmf/src/Infrastructure/Base/src
make[6]: Entering directory '/gpfsm/dnb10/projects/p50/ESMF_Testing/intel_2025.3.0_mpiuni_O_develop/esmf/src/Infrastructure/Base/src'
/bin/sh: line 0: [: -ge: unary operator expected
make[6]: Leaving directory '/gpfsm/dnb10/projects/p50/ESMF_Testing/intel_2025.3.0_mpiuni_O_develop/esmf/src/Infrastructure/Base/src'
tree_include in: /discover/nobackup/projects/gmao/SIteam/ESMF_Testing/intel_2025.3.0_mpiuni_O_develop/esmf/src/Infrastructure/Base/interface
make[6]: Entering directory '/gpfsm/dnb10/projects/p50/ESMF_Testing/intel_2025.3.0_mpiuni_O_develop/esmf/src/Infrastructure/Base/interface'
/bin/sh: line 0: [: -ge: unary operator expected
make[6]: Leaving directory '/gpfsm/dnb10/projects/p50/ESMF_Testing/intel_2025.3.0_mpiuni_O_develop/esmf/src/Infrastructure/Base/interface'
tree_include in: /discover/nobackup/projects/gmao/SIteam/ESMF_Testing/intel_2025.3.0_mpiuni_O_develop/esmf/src/Infrastructure/Base/tests
make[6]: Entering directory '/gpfsm/dnb10/projects/p50/ESMF_Testing/intel_2025.3.0_mpiuni_O_develop/esmf/src/Infrastructure/Base/tests'
/bin/sh: line 0: [: -ge: unary operator expected
make[6]: Leaving directory '/gpfsm/dnb10/projects/p50/ESMF_Testing/intel_2025.3.0_mpiuni_O_develop/esmf/src/Infrastructure/Base/tests'
tree_include in: /discover/nobackup/projects/gmao/SIteam/ESMF_Testing/intel_2025.3.0_mpiuni_O_develop/esmf/src/Infrastructure/Base/examples
make[6]: Entering directory '/gpfsm/dnb10/projects/p50/ESMF_Testing/intel_2025.3.0_mpiuni_O_develop/esmf/src/Infrastructure/Base/examples'
/bin/sh: line 0: [: -ge: unary operator expected
make[6]: Leaving directory '/gpfsm/dnb10/projects/p50/ESMF_Testing/intel_2025.3.0_mpiuni_O_develop/esmf/src/Infrastructure/Base/examples'
tree_include in: /discover/nobackup/projects/gmao/SIteam/ESMF_Testing/intel_2025.3.0_mpiuni_O_develop/esmf/src/Infrastructure/Base/doc
make[6]: Entering directory '/gpfsm/dnb10/projects/p50/ESMF_Testing/intel_2025.3.0_mpiuni_O_develop/esmf/src/Infrastructure/Base/doc'
/bin/sh: line 0: [: -ge: unary operator expected
make[6]: Leaving directory '/gpfsm/dnb10/projects/p50/ESMF_Testing/intel_2025.3.0_mpiuni_O_develop/esmf/src/Infrastructure/Base/doc'
make[5]: Leaving directory '/gpfsm/dnb10/projects/p50/ESMF_Testing/intel_2025.3.0_mpiuni_O_develop/esmf/src/Infrastructure/Base'
tree_include in: /discover/nobackup/projects/gmao/SIteam/ESMF_Testing/intel_2025.3.0_mpiuni_O_develop/esmf/src/Infrastructure/TimeMgr
make[5]: Entering directory '/gpfsm/dnb10/projects/p50/ESMF_Testing/intel_2025.3.0_mpiuni_O_develop/esmf/src/Infrastructure/TimeMgr'
/bin/sh: line 0: [: -ge: unary operator expected
tree_include in: /discover/nobackup/projects/gmao/SIteam/ESMF_Testing/intel_2025.3.0_mpiuni_O_develop/esmf/src/Infrastructure/TimeMgr/src
make[6]: Entering directory '/gpfsm/dnb10/projects/p50/ESMF_Testing/intel_2025.3.0_mpiuni_O_develop/esmf/src/Infrastructure/TimeMgr/src'
/bin/sh: line 0: [: -ge: unary operator expected
make[6]: Leaving directory '/gpfsm/dnb10/projects/p50/ESMF_Testing/intel_2025.3.0_mpiuni_O_develop/esmf/src/Infrastructure/TimeMgr/src'
tree_include in: /discover/nobackup/projects/gmao/SIteam/ESMF_Testing/intel_2025.3.0_mpiuni_O_develop/esmf/src/Infrastructure/TimeMgr/interface
make[6]: Entering directory '/gpfsm/dnb10/projects/p50/ESMF_Testing/intel_2025.3.0_mpiuni_O_develop/esmf/src/Infrastructure/TimeMgr/interface'
/bin/sh: line 0: [: -ge: unary operator expected
make[6]: Leaving directory '/gpfsm/dnb10/projects/p50/ESMF_Testing/intel_2025.3.0_mpiuni_O_develop/esmf/src/Infrastructure/TimeMgr/interface'
tree_include in: /discover/nobackup/projects/gmao/SIteam/ESMF_Testing/intel_2025.3.0_mpiuni_O_develop/esmf/src/Infrastructure/TimeMgr/examples
make[6]: Entering directory '/gpfsm/dnb10/projects/p50/ESMF_Testing/intel_2025.3.0_mpiuni_O_develop/esmf/src/Infrastructure/TimeMgr/examples'
/bin/sh: line 0: [: -ge: unary operator expected
make[6]: Leaving directory '/gpfsm/dnb10/projects/p50/ESMF_Testing/intel_2025.3.0_mpiuni_O_develop/esmf/src/Infrastructure/TimeMgr/examples'
tree_include in: /discover/nobackup/projects/gmao/SIteam/ESMF_Testing/intel_2025.3.0_mpiuni_O_develop/esmf/src/Infrastructure/TimeMgr/tests
make[6]: Entering directory '/gpfsm/dnb10/projects/p50/ESMF_Testing/intel_2025.3.0_mpiuni_O_develop/esmf/src/Infrastructure/TimeMgr/tests'
/bin/sh: line 0: [: -ge: unary operator expected
make[6]: Leaving directory '/gpfsm/dnb10/projects/p50/ESMF_Testing/intel_2025.3.0_mpiuni_O_develop/esmf/src/Infrastructure/TimeMgr/tests'
tree_include in: /discover/nobackup/projects/gmao/SIteam/ESMF_Testing/intel_2025.3.0_mpiuni_O_develop/esmf/src/Infrastructure/TimeMgr/doc
make[6]: Entering directory '/gpfsm/dnb10/projects/p50/ESMF_Testing/intel_2025.3.0_mpiuni_O_develop/esmf/src/Infrastructure/TimeMgr/doc'
/bin/sh: line 0: [: -ge: unary operator expected
make[6]: Leaving directory '/gpfsm/dnb10/projects/p50/ESMF_Testing/intel_2025.3.0_mpiuni_O_develop/esmf/src/Infrastructure/TimeMgr/doc'
make[5]: Leaving directory '/gpfsm/dnb10/projects/p50/ESMF_Testing/intel_2025.3.0_mpiuni_O_develop/esmf/src/Infrastructure/TimeMgr'
tree_include in: /discover/nobackup/projects/gmao/SIteam/ESMF_Testing/intel_2025.3.0_mpiuni_O_develop/esmf/src/Infrastructure/DELayout
make[5]: Entering directory '/gpfsm/dnb10/projects/p50/ESMF_Testing/intel_2025.3.0_mpiuni_O_develop/esmf/src/Infrastructure/DELayout'
/bin/sh: line 0: [: -ge: unary operator expected
tree_include in: /discover/nobackup/projects/gmao/SIteam/ESMF_Testing/intel_2025.3.0_mpiuni_O_develop/esmf/src/Infrastructure/DELayout/src
make[6]: Entering directory '/gpfsm/dnb10/projects/p50/ESMF_Testing/intel_2025.3.0_mpiuni_O_develop/esmf/src/Infrastructure/DELayout/src'
/bin/sh: line 0: [: -ge: unary operator expected
make[6]: Leaving directory '/gpfsm/dnb10/projects/p50/ESMF_Testing/intel_2025.3.0_mpiuni_O_develop/esmf/src/Infrastructure/DELayout/src'
tree_include in: /discover/nobackup/projects/gmao/SIteam/ESMF_Testing/intel_2025.3.0_mpiuni_O_develop/esmf/src/Infrastructure/DELayout/interface
make[6]: Entering directory '/gpfsm/dnb10/projects/p50/ESMF_Testing/intel_2025.3.0_mpiuni_O_develop/esmf/src/Infrastructure/DELayout/interface'
/bin/sh: line 0: [: -ge: unary operator expected
make[6]: Leaving directory '/gpfsm/dnb10/projects/p50/ESMF_Testing/intel_2025.3.0_mpiuni_O_develop/esmf/src/Infrastructure/DELayout/interface'
tree_include in: /discover/nobackup/projects/gmao/SIteam/ESMF_Testing/intel_2025.3.0_mpiuni_O_develop/esmf/src/Infrastructure/DELayout/tests
make[6]: Entering directory '/gpfsm/dnb10/projects/p50/ESMF_Testing/intel_2025.3.0_mpiuni_O_develop/esmf/src/Infrastructure/DELayout/tests'
/bin/sh: line 0: [: -ge: unary operator expected
make[6]: Leaving directory '/gpfsm/dnb10/projects/p50/ESMF_Testing/intel_2025.3.0_mpiuni_O_develop/esmf/src/Infrastructure/DELayout/tests'
tree_include in: /discover/nobackup/projects/gmao/SIteam/ESMF_Testing/intel_2025.3.0_mpiuni_O_develop/esmf/src/Infrastructure/DELayout/examples
make[6]: Entering directory '/gpfsm/dnb10/projects/p50/ESMF_Testing/intel_2025.3.0_mpiuni_O_develop/esmf/src/Infrastructure/DELayout/examples'
/bin/sh: line 0: [: -ge: unary operator expected
make[6]: Leaving directory '/gpfsm/dnb10/projects/p50/ESMF_Testing/intel_2025.3.0_mpiuni_O_develop/esmf/src/Infrastructure/DELayout/examples'
tree_include in: /discover/nobackup/projects/gmao/SIteam/ESMF_Testing/intel_2025.3.0_mpiuni_O_develop/esmf/src/Infrastructure/DELayout/doc
make[6]: Entering directory '/gpfsm/dnb10/projects/p50/ESMF_Testing/intel_2025.3.0_mpiuni_O_develop/esmf/src/Infrastructure/DELayout/doc'
/bin/sh: line 0: [: -ge: unary operator expected
make[6]: Leaving directory '/gpfsm/dnb10/projects/p50/ESMF_Testing/intel_2025.3.0_mpiuni_O_develop/esmf/src/Infrastructure/DELayout/doc'
make[5]: Leaving directory '/gpfsm/dnb10/projects/p50/ESMF_Testing/intel_2025.3.0_mpiuni_O_develop/esmf/src/Infrastructure/DELayout'
tree_include in: /discover/nobackup/projects/gmao/SIteam/ESMF_Testing/intel_2025.3.0_mpiuni_O_develop/esmf/src/Infrastructure/Config
make[5]: Entering directory '/gpfsm/dnb10/projects/p50/ESMF_Testing/intel_2025.3.0_mpiuni_O_develop/esmf/src/Infrastructure/Config'
/bin/sh: line 0: [: -ge: unary operator expected
tree_include in: /discover/nobackup/projects/gmao/SIteam/ESMF_Testing/intel_2025.3.0_mpiuni_O_develop/esmf/src/Infrastructure/Config/src
make[6]: Entering directory '/gpfsm/dnb10/projects/p50/ESMF_Testing/intel_2025.3.0_mpiuni_O_develop/esmf/src/Infrastructure/Config/src'
/bin/sh: line 0: [: -ge: unary operator expected
make[6]: Leaving directory '/gpfsm/dnb10/projects/p50/ESMF_Testing/intel_2025.3.0_mpiuni_O_develop/esmf/src/Infrastructure/Config/src'
tree_include in: /discover/nobackup/projects/gmao/SIteam/ESMF_Testing/intel_2025.3.0_mpiuni_O_develop/esmf/src/Infrastructure/Config/interface
make[6]: Entering directory '/gpfsm/dnb10/projects/p50/ESMF_Testing/intel_2025.3.0_mpiuni_O_develop/esmf/src/Infrastructure/Config/interface'
/bin/sh: line 0: [: -ge: unary operator expected
make[6]: Leaving directory '/gpfsm/dnb10/projects/p50/ESMF_Testing/intel_2025.3.0_mpiuni_O_develop/esmf/src/Infrastructure/Config/interface'
tree_include in: /discover/nobackup/projects/gmao/SIteam/ESMF_Testing/intel_2025.3.0_mpiuni_O_develop/esmf/src/Infrastructure/Config/examples
make[6]: Entering directory '/gpfsm/dnb10/projects/p50/ESMF_Testing/intel_2025.3.0_mpiuni_O_develop/esmf/src/Infrastructure/Config/examples'
/bin/sh: line 0: [: -ge: unary operator expected
make[6]: Leaving directory '/gpfsm/dnb10/projects/p50/ESMF_Testing/intel_2025.3.0_mpiuni_O_develop/esmf/src/Infrastructure/Config/examples'
tree_include in: /discover/nobackup/projects/gmao/SIteam/ESMF_Testing/intel_2025.3.0_mpiuni_O_develop/esmf/src/Infrastructure/Config/doc
make[6]: Entering directory '/gpfsm/dnb10/projects/p50/ESMF_Testing/intel_2025.3.0_mpiuni_O_develop/esmf/src/Infrastructure/Config/doc'
/bin/sh: line 0: [: -ge: unary operator expected
make[6]: Leaving directory '/gpfsm/dnb10/projects/p50/ESMF_Testing/intel_2025.3.0_mpiuni_O_develop/esmf/src/Infrastructure/Config/doc'
tree_include in: /discover/nobackup/projects/gmao/SIteam/ESMF_Testing/intel_2025.3.0_mpiuni_O_develop/esmf/src/Infrastructure/Config/tests
make[6]: Entering directory '/gpfsm/dnb10/projects/p50/ESMF_Testing/intel_2025.3.0_mpiuni_O_develop/esmf/src/Infrastructure/Config/tests'
/bin/sh: line 0: [: -ge: unary operator expected
make[6]: Leaving directory '/gpfsm/dnb10/projects/p50/ESMF_Testing/intel_2025.3.0_mpiuni_O_develop/esmf/src/Infrastructure/Config/tests'
make[5]: Leaving directory '/gpfsm/dnb10/projects/p50/ESMF_Testing/intel_2025.3.0_mpiuni_O_develop/esmf/src/Infrastructure/Config'
tree_include in: /discover/nobackup/projects/gmao/SIteam/ESMF_Testing/intel_2025.3.0_mpiuni_O_develop/esmf/src/Infrastructure/ArraySpec
make[5]: Entering directory '/gpfsm/dnb10/projects/p50/ESMF_Testing/intel_2025.3.0_mpiuni_O_develop/esmf/src/Infrastructure/ArraySpec'
/bin/sh: line 0: [: -ge: unary operator expected
tree_include in: /discover/nobackup/projects/gmao/SIteam/ESMF_Testing/intel_2025.3.0_mpiuni_O_develop/esmf/src/Infrastructure/ArraySpec/src
make[6]: Entering directory '/gpfsm/dnb10/projects/p50/ESMF_Testing/intel_2025.3.0_mpiuni_O_develop/esmf/src/Infrastructure/ArraySpec/src'
/bin/sh: line 0: [: -ge: unary operator expected
make[6]: Leaving directory '/gpfsm/dnb10/projects/p50/ESMF_Testing/intel_2025.3.0_mpiuni_O_develop/esmf/src/Infrastructure/ArraySpec/src'
tree_include in: /discover/nobackup/projects/gmao/SIteam/ESMF_Testing/intel_2025.3.0_mpiuni_O_develop/esmf/src/Infrastructure/ArraySpec/interface
make[6]: Entering directory '/gpfsm/dnb10/projects/p50/ESMF_Testing/intel_2025.3.0_mpiuni_O_develop/esmf/src/Infrastructure/ArraySpec/interface'
/bin/sh: line 0: [: -ge: unary operator expected
make[6]: Leaving directory '/gpfsm/dnb10/projects/p50/ESMF_Testing/intel_2025.3.0_mpiuni_O_develop/esmf/src/Infrastructure/ArraySpec/interface'
tree_include in: /discover/nobackup/projects/gmao/SIteam/ESMF_Testing/intel_2025.3.0_mpiuni_O_develop/esmf/src/Infrastructure/ArraySpec/examples
make[6]: Entering directory '/gpfsm/dnb10/projects/p50/ESMF_Testing/intel_2025.3.0_mpiuni_O_develop/esmf/src/Infrastructure/ArraySpec/examples'
/bin/sh: line 0: [: -ge: unary operator expected
make[6]: Leaving directory '/gpfsm/dnb10/projects/p50/ESMF_Testing/intel_2025.3.0_mpiuni_O_develop/esmf/src/Infrastructure/ArraySpec/examples'
tree_include in: /discover/nobackup/projects/gmao/SIteam/ESMF_Testing/intel_2025.3.0_mpiuni_O_develop/esmf/src/Infrastructure/ArraySpec/tests
make[6]: Entering directory '/gpfsm/dnb10/projects/p50/ESMF_Testing/intel_2025.3.0_mpiuni_O_develop/esmf/src/Infrastructure/ArraySpec/tests'
/bin/sh: line 0: [: -ge: unary operator expected
make[6]: Leaving directory '/gpfsm/dnb10/projects/p50/ESMF_Testing/intel_2025.3.0_mpiuni_O_develop/esmf/src/Infrastructure/ArraySpec/tests'
tree_include in: /discover/nobackup/projects/gmao/SIteam/ESMF_Testing/intel_2025.3.0_mpiuni_O_develop/esmf/src/Infrastructure/ArraySpec/doc
make[6]: Entering directory '/gpfsm/dnb10/projects/p50/ESMF_Testing/intel_2025.3.0_mpiuni_O_develop/esmf/src/Infrastructure/ArraySpec/doc'
/bin/sh: line 0: [: -ge: unary operator expected
make[6]: Leaving directory '/gpfsm/dnb10/projects/p50/ESMF_Testing/intel_2025.3.0_mpiuni_O_develop/esmf/src/Infrastructure/ArraySpec/doc'
make[5]: Leaving directory '/gpfsm/dnb10/projects/p50/ESMF_Testing/intel_2025.3.0_mpiuni_O_develop/esmf/src/Infrastructure/ArraySpec'
tree_include in: /discover/nobackup/projects/gmao/SIteam/ESMF_Testing/intel_2025.3.0_mpiuni_O_develop/esmf/src/Infrastructure/LocalArray
make[5]: Entering directory '/gpfsm/dnb10/projects/p50/ESMF_Testing/intel_2025.3.0_mpiuni_O_develop/esmf/src/Infrastructure/LocalArray'
/bin/sh: line 0: [: -ge: unary operator expected
tree_include in: /discover/nobackup/projects/gmao/SIteam/ESMF_Testing/intel_2025.3.0_mpiuni_O_develop/esmf/src/Infrastructure/LocalArray/src
make[6]: Entering directory '/gpfsm/dnb10/projects/p50/ESMF_Testing/intel_2025.3.0_mpiuni_O_develop/esmf/src/Infrastructure/LocalArray/src'
/bin/sh: line 0: [: -ge: unary operator expected
make[6]: Leaving directory '/gpfsm/dnb10/projects/p50/ESMF_Testing/intel_2025.3.0_mpiuni_O_develop/esmf/src/Infrastructure/LocalArray/src'
tree_include in: /discover/nobackup/projects/gmao/SIteam/ESMF_Testing/intel_2025.3.0_mpiuni_O_develop/esmf/src/Infrastructure/LocalArray/interface
make[6]: Entering directory '/gpfsm/dnb10/projects/p50/ESMF_Testing/intel_2025.3.0_mpiuni_O_develop/esmf/src/Infrastructure/LocalArray/interface'
/bin/sh: line 0: [: -ge: unary operator expected
make[6]: Leaving directory '/gpfsm/dnb10/projects/p50/ESMF_Testing/intel_2025.3.0_mpiuni_O_develop/esmf/src/Infrastructure/LocalArray/interface'
tree_include in: /discover/nobackup/projects/gmao/SIteam/ESMF_Testing/intel_2025.3.0_mpiuni_O_develop/esmf/src/Infrastructure/LocalArray/tests
make[6]: Entering directory '/gpfsm/dnb10/projects/p50/ESMF_Testing/intel_2025.3.0_mpiuni_O_develop/esmf/src/Infrastructure/LocalArray/tests'
/bin/sh: line 0: [: -ge: unary operator expected
make[6]: Leaving directory '/gpfsm/dnb10/projects/p50/ESMF_Testing/intel_2025.3.0_mpiuni_O_develop/esmf/src/Infrastructure/LocalArray/tests'
tree_include in: /discover/nobackup/projects/gmao/SIteam/ESMF_Testing/intel_2025.3.0_mpiuni_O_develop/esmf/src/Infrastructure/LocalArray/doc
make[6]: Entering directory '/gpfsm/dnb10/projects/p50/ESMF_Testing/intel_2025.3.0_mpiuni_O_develop/esmf/src/Infrastructure/LocalArray/doc'
/bin/sh: line 0: [: -ge: unary operator expected
make[6]: Leaving directory '/gpfsm/dnb10/projects/p50/ESMF_Testing/intel_2025.3.0_mpiuni_O_develop/esmf/src/Infrastructure/LocalArray/doc'
make[5]: Leaving directory '/gpfsm/dnb10/projects/p50/ESMF_Testing/intel_2025.3.0_mpiuni_O_develop/esmf/src/Infrastructure/LocalArray'
tree_include in: /discover/nobackup/projects/gmao/SIteam/ESMF_Testing/intel_2025.3.0_mpiuni_O_develop/esmf/src/Infrastructure/Route
make[5]: Entering directory '/gpfsm/dnb10/projects/p50/ESMF_Testing/intel_2025.3.0_mpiuni_O_develop/esmf/src/Infrastructure/Route'
/bin/sh: line 0: [: -ge: unary operator expected
tree_include in: /discover/nobackup/projects/gmao/SIteam/ESMF_Testing/intel_2025.3.0_mpiuni_O_develop/esmf/src/Infrastructure/Route/src
make[6]: Entering directory '/gpfsm/dnb10/projects/p50/ESMF_Testing/intel_2025.3.0_mpiuni_O_develop/esmf/src/Infrastructure/Route/src'
/bin/sh: line 0: [: -ge: unary operator expected
make[6]: Leaving directory '/gpfsm/dnb10/projects/p50/ESMF_Testing/intel_2025.3.0_mpiuni_O_develop/esmf/src/Infrastructure/Route/src'
tree_include in: /discover/nobackup/projects/gmao/SIteam/ESMF_Testing/intel_2025.3.0_mpiuni_O_develop/esmf/src/Infrastructure/Route/interface
make[6]: Entering directory '/gpfsm/dnb10/projects/p50/ESMF_Testing/intel_2025.3.0_mpiuni_O_develop/esmf/src/Infrastructure/Route/interface'
/bin/sh: line 0: [: -ge: unary operator expected
make[6]: Leaving directory '/gpfsm/dnb10/projects/p50/ESMF_Testing/intel_2025.3.0_mpiuni_O_develop/esmf/src/Infrastructure/Route/interface'
tree_include in: /discover/nobackup/projects/gmao/SIteam/ESMF_Testing/intel_2025.3.0_mpiuni_O_develop/esmf/src/Infrastructure/Route/tests
make[6]: Entering directory '/gpfsm/dnb10/projects/p50/ESMF_Testing/intel_2025.3.0_mpiuni_O_develop/esmf/src/Infrastructure/Route/tests'
/bin/sh: line 0: [: -ge: unary operator expected
make[6]: Leaving directory '/gpfsm/dnb10/projects/p50/ESMF_Testing/intel_2025.3.0_mpiuni_O_develop/esmf/src/Infrastructure/Route/tests'
tree_include in: /discover/nobackup/projects/gmao/SIteam/ESMF_Testing/intel_2025.3.0_mpiuni_O_develop/esmf/src/Infrastructure/Route/examples
make[6]: Entering directory '/gpfsm/dnb10/projects/p50/ESMF_Testing/intel_2025.3.0_mpiuni_O_develop/esmf/src/Infrastructure/Route/examples'
/bin/sh: line 0: [: -ge: unary operator expected
make[6]: Leaving directory '/gpfsm/dnb10/projects/p50/ESMF_Testing/intel_2025.3.0_mpiuni_O_develop/esmf/src/Infrastructure/Route/examples'
tree_include in: /discover/nobackup/projects/gmao/SIteam/ESMF_Testing/intel_2025.3.0_mpiuni_O_develop/esmf/src/Infrastructure/Route/doc
make[6]: Entering directory '/gpfsm/dnb10/projects/p50/ESMF_Testing/intel_2025.3.0_mpiuni_O_develop/esmf/src/Infrastructure/Route/doc'
/bin/sh: line 0: [: -ge: unary operator expected
make[6]: Leaving directory '/gpfsm/dnb10/projects/p50/ESMF_Testing/intel_2025.3.0_mpiuni_O_develop/esmf/src/Infrastructure/Route/doc'
make[5]: Leaving directory '/gpfsm/dnb10/projects/p50/ESMF_Testing/intel_2025.3.0_mpiuni_O_develop/esmf/src/Infrastructure/Route'
tree_include in: /discover/nobackup/projects/gmao/SIteam/ESMF_Testing/intel_2025.3.0_mpiuni_O_develop/esmf/src/Infrastructure/DistGrid
make[5]: Entering directory '/gpfsm/dnb10/projects/p50/ESMF_Testing/intel_2025.3.0_mpiuni_O_develop/esmf/src/Infrastructure/DistGrid'
/bin/sh: line 0: [: -ge: unary operator expected
tree_include in: /discover/nobackup/projects/gmao/SIteam/ESMF_Testing/intel_2025.3.0_mpiuni_O_develop/esmf/src/Infrastructure/DistGrid/src
make[6]: Entering directory '/gpfsm/dnb10/projects/p50/ESMF_Testing/intel_2025.3.0_mpiuni_O_develop/esmf/src/Infrastructure/DistGrid/src'
/bin/sh: line 0: [: -ge: unary operator expected
make[6]: Leaving directory '/gpfsm/dnb10/projects/p50/ESMF_Testing/intel_2025.3.0_mpiuni_O_develop/esmf/src/Infrastructure/DistGrid/src'
tree_include in: /discover/nobackup/projects/gmao/SIteam/ESMF_Testing/intel_2025.3.0_mpiuni_O_develop/esmf/src/Infrastructure/DistGrid/interface
make[6]: Entering directory '/gpfsm/dnb10/projects/p50/ESMF_Testing/intel_2025.3.0_mpiuni_O_develop/esmf/src/Infrastructure/DistGrid/interface'
/bin/sh: line 0: [: -ge: unary operator expected
make[6]: Leaving directory '/gpfsm/dnb10/projects/p50/ESMF_Testing/intel_2025.3.0_mpiuni_O_develop/esmf/src/Infrastructure/DistGrid/interface'
tree_include in: /discover/nobackup/projects/gmao/SIteam/ESMF_Testing/intel_2025.3.0_mpiuni_O_develop/esmf/src/Infrastructure/DistGrid/tests
make[6]: Entering directory '/gpfsm/dnb10/projects/p50/ESMF_Testing/intel_2025.3.0_mpiuni_O_develop/esmf/src/Infrastructure/DistGrid/tests'
/bin/sh: line 0: [: -ge: unary operator expected
make[6]: Leaving directory '/gpfsm/dnb10/projects/p50/ESMF_Testing/intel_2025.3.0_mpiuni_O_develop/esmf/src/Infrastructure/DistGrid/tests'
tree_include in: /discover/nobackup/projects/gmao/SIteam/ESMF_Testing/intel_2025.3.0_mpiuni_O_develop/esmf/src/Infrastructure/DistGrid/examples
make[6]: Entering directory '/gpfsm/dnb10/projects/p50/ESMF_Testing/intel_2025.3.0_mpiuni_O_develop/esmf/src/Infrastructure/DistGrid/examples'
/bin/sh: line 0: [: -ge: unary operator expected
make[6]: Leaving directory '/gpfsm/dnb10/projects/p50/ESMF_Testing/intel_2025.3.0_mpiuni_O_develop/esmf/src/Infrastructure/DistGrid/examples'
tree_include in: /discover/nobackup/projects/gmao/SIteam/ESMF_Testing/intel_2025.3.0_mpiuni_O_develop/esmf/src/Infrastructure/DistGrid/doc
make[6]: Entering directory '/gpfsm/dnb10/projects/p50/ESMF_Testing/intel_2025.3.0_mpiuni_O_develop/esmf/src/Infrastructure/DistGrid/doc'
/bin/sh: line 0: [: -ge: unary operator expected
make[6]: Leaving directory '/gpfsm/dnb10/projects/p50/ESMF_Testing/intel_2025.3.0_mpiuni_O_develop/esmf/src/Infrastructure/DistGrid/doc'
make[5]: Leaving directory '/gpfsm/dnb10/projects/p50/ESMF_Testing/intel_2025.3.0_mpiuni_O_develop/esmf/src/Infrastructure/DistGrid'
tree_include in: /discover/nobackup/projects/gmao/SIteam/ESMF_Testing/intel_2025.3.0_mpiuni_O_develop/esmf/src/Infrastructure/Array
make[5]: Entering directory '/gpfsm/dnb10/projects/p50/ESMF_Testing/intel_2025.3.0_mpiuni_O_develop/esmf/src/Infrastructure/Array'
/bin/sh: line 0: [: -ge: unary operator expected
tree_include in: /discover/nobackup/projects/gmao/SIteam/ESMF_Testing/intel_2025.3.0_mpiuni_O_develop/esmf/src/Infrastructure/Array/src
make[6]: Entering directory '/gpfsm/dnb10/projects/p50/ESMF_Testing/intel_2025.3.0_mpiuni_O_develop/esmf/src/Infrastructure/Array/src'
/bin/sh: line 0: [: -ge: unary operator expected
make[6]: Leaving directory '/gpfsm/dnb10/projects/p50/ESMF_Testing/intel_2025.3.0_mpiuni_O_develop/esmf/src/Infrastructure/Array/src'
tree_include in: /discover/nobackup/projects/gmao/SIteam/ESMF_Testing/intel_2025.3.0_mpiuni_O_develop/esmf/src/Infrastructure/Array/interface
make[6]: Entering directory '/gpfsm/dnb10/projects/p50/ESMF_Testing/intel_2025.3.0_mpiuni_O_develop/esmf/src/Infrastructure/Array/interface'
/bin/sh: line 0: [: -ge: unary operator expected
make[6]: Leaving directory '/gpfsm/dnb10/projects/p50/ESMF_Testing/intel_2025.3.0_mpiuni_O_develop/esmf/src/Infrastructure/Array/interface'
tree_include in: /discover/nobackup/projects/gmao/SIteam/ESMF_Testing/intel_2025.3.0_mpiuni_O_develop/esmf/src/Infrastructure/Array/tests
make[6]: Entering directory '/gpfsm/dnb10/projects/p50/ESMF_Testing/intel_2025.3.0_mpiuni_O_develop/esmf/src/Infrastructure/Array/tests'
/bin/sh: line 0: [: -ge: unary operator expected
make[6]: Leaving directory '/gpfsm/dnb10/projects/p50/ESMF_Testing/intel_2025.3.0_mpiuni_O_develop/esmf/src/Infrastructure/Array/tests'
tree_include in: /discover/nobackup/projects/gmao/SIteam/ESMF_Testing/intel_2025.3.0_mpiuni_O_develop/esmf/src/Infrastructure/Array/examples
make[6]: Entering directory '/gpfsm/dnb10/projects/p50/ESMF_Testing/intel_2025.3.0_mpiuni_O_develop/esmf/src/Infrastructure/Array/examples'
/bin/sh: line 0: [: -ge: unary operator expected
make[6]: Leaving directory '/gpfsm/dnb10/projects/p50/ESMF_Testing/intel_2025.3.0_mpiuni_O_develop/esmf/src/Infrastructure/Array/examples'
tree_include in: /discover/nobackup/projects/gmao/SIteam/ESMF_Testing/intel_2025.3.0_mpiuni_O_develop/esmf/src/Infrastructure/Array/doc
make[6]: Entering directory '/gpfsm/dnb10/projects/p50/ESMF_Testing/intel_2025.3.0_mpiuni_O_develop/esmf/src/Infrastructure/Array/doc'
/bin/sh: line 0: [: -ge: unary operator expected
make[6]: Leaving directory '/gpfsm/dnb10/projects/p50/ESMF_Testing/intel_2025.3.0_mpiuni_O_develop/esmf/src/Infrastructure/Array/doc'
make[5]: Leaving directory '/gpfsm/dnb10/projects/p50/ESMF_Testing/intel_2025.3.0_mpiuni_O_develop/esmf/src/Infrastructure/Array'
tree_include in: /discover/nobackup/projects/gmao/SIteam/ESMF_Testing/intel_2025.3.0_mpiuni_O_develop/esmf/src/Infrastructure/ArrayBundle
make[5]: Entering directory '/gpfsm/dnb10/projects/p50/ESMF_Testing/intel_2025.3.0_mpiuni_O_develop/esmf/src/Infrastructure/ArrayBundle'
/bin/sh: line 0: [: -ge: unary operator expected
tree_include in: /discover/nobackup/projects/gmao/SIteam/ESMF_Testing/intel_2025.3.0_mpiuni_O_develop/esmf/src/Infrastructure/ArrayBundle/src
make[6]: Entering directory '/gpfsm/dnb10/projects/p50/ESMF_Testing/intel_2025.3.0_mpiuni_O_develop/esmf/src/Infrastructure/ArrayBundle/src'
/bin/sh: line 0: [: -ge: unary operator expected
make[6]: Leaving directory '/gpfsm/dnb10/projects/p50/ESMF_Testing/intel_2025.3.0_mpiuni_O_develop/esmf/src/Infrastructure/ArrayBundle/src'
tree_include in: /discover/nobackup/projects/gmao/SIteam/ESMF_Testing/intel_2025.3.0_mpiuni_O_develop/esmf/src/Infrastructure/ArrayBundle/interface
make[6]: Entering directory '/gpfsm/dnb10/projects/p50/ESMF_Testing/intel_2025.3.0_mpiuni_O_develop/esmf/src/Infrastructure/ArrayBundle/interface'
/bin/sh: line 0: [: -ge: unary operator expected
make[6]: Leaving directory '/gpfsm/dnb10/projects/p50/ESMF_Testing/intel_2025.3.0_mpiuni_O_develop/esmf/src/Infrastructure/ArrayBundle/interface'
tree_include in: /discover/nobackup/projects/gmao/SIteam/ESMF_Testing/intel_2025.3.0_mpiuni_O_develop/esmf/src/Infrastructure/ArrayBundle/tests
make[6]: Entering directory '/gpfsm/dnb10/projects/p50/ESMF_Testing/intel_2025.3.0_mpiuni_O_develop/esmf/src/Infrastructure/ArrayBundle/tests'
/bin/sh: line 0: [: -ge: unary operator expected
make[6]: Leaving directory '/gpfsm/dnb10/projects/p50/ESMF_Testing/intel_2025.3.0_mpiuni_O_develop/esmf/src/Infrastructure/ArrayBundle/tests'
tree_include in: /discover/nobackup/projects/gmao/SIteam/ESMF_Testing/intel_2025.3.0_mpiuni_O_develop/esmf/src/Infrastructure/ArrayBundle/examples
make[6]: Entering directory '/gpfsm/dnb10/projects/p50/ESMF_Testing/intel_2025.3.0_mpiuni_O_develop/esmf/src/Infrastructure/ArrayBundle/examples'
/bin/sh: line 0: [: -ge: unary operator expected
make[6]: Leaving directory '/gpfsm/dnb10/projects/p50/ESMF_Testing/intel_2025.3.0_mpiuni_O_develop/esmf/src/Infrastructure/ArrayBundle/examples'
tree_include in: /discover/nobackup/projects/gmao/SIteam/ESMF_Testing/intel_2025.3.0_mpiuni_O_develop/esmf/src/Infrastructure/ArrayBundle/doc
make[6]: Entering directory '/gpfsm/dnb10/projects/p50/ESMF_Testing/intel_2025.3.0_mpiuni_O_develop/esmf/src/Infrastructure/ArrayBundle/doc'
/bin/sh: line 0: [: -ge: unary operator expected
make[6]: Leaving directory '/gpfsm/dnb10/projects/p50/ESMF_Testing/intel_2025.3.0_mpiuni_O_develop/esmf/src/Infrastructure/ArrayBundle/doc'
make[5]: Leaving directory '/gpfsm/dnb10/projects/p50/ESMF_Testing/intel_2025.3.0_mpiuni_O_develop/esmf/src/Infrastructure/ArrayBundle'
tree_include in: /discover/nobackup/projects/gmao/SIteam/ESMF_Testing/intel_2025.3.0_mpiuni_O_develop/esmf/src/Infrastructure/IO
make[5]: Entering directory '/gpfsm/dnb10/projects/p50/ESMF_Testing/intel_2025.3.0_mpiuni_O_develop/esmf/src/Infrastructure/IO'
/bin/sh: line 0: [: -ge: unary operator expected
tree_include in: /discover/nobackup/projects/gmao/SIteam/ESMF_Testing/intel_2025.3.0_mpiuni_O_develop/esmf/src/Infrastructure/IO/src
make[6]: Entering directory '/gpfsm/dnb10/projects/p50/ESMF_Testing/intel_2025.3.0_mpiuni_O_develop/esmf/src/Infrastructure/IO/src'
/bin/sh: line 0: [: -ge: unary operator expected
make[6]: Leaving directory '/gpfsm/dnb10/projects/p50/ESMF_Testing/intel_2025.3.0_mpiuni_O_develop/esmf/src/Infrastructure/IO/src'
tree_include in: /discover/nobackup/projects/gmao/SIteam/ESMF_Testing/intel_2025.3.0_mpiuni_O_develop/esmf/src/Infrastructure/IO/interface
make[6]: Entering directory '/gpfsm/dnb10/projects/p50/ESMF_Testing/intel_2025.3.0_mpiuni_O_develop/esmf/src/Infrastructure/IO/interface'
/bin/sh: line 0: [: -ge: unary operator expected
make[6]: Leaving directory '/gpfsm/dnb10/projects/p50/ESMF_Testing/intel_2025.3.0_mpiuni_O_develop/esmf/src/Infrastructure/IO/interface'
tree_include in: /discover/nobackup/projects/gmao/SIteam/ESMF_Testing/intel_2025.3.0_mpiuni_O_develop/esmf/src/Infrastructure/IO/tests
make[6]: Entering directory '/gpfsm/dnb10/projects/p50/ESMF_Testing/intel_2025.3.0_mpiuni_O_develop/esmf/src/Infrastructure/IO/tests'
/bin/sh: line 0: [: -ge: unary operator expected
make[6]: Leaving directory '/gpfsm/dnb10/projects/p50/ESMF_Testing/intel_2025.3.0_mpiuni_O_develop/esmf/src/Infrastructure/IO/tests'
tree_include in: /discover/nobackup/projects/gmao/SIteam/ESMF_Testing/intel_2025.3.0_mpiuni_O_develop/esmf/src/Infrastructure/IO/doc
make[6]: Entering directory '/gpfsm/dnb10/projects/p50/ESMF_Testing/intel_2025.3.0_mpiuni_O_develop/esmf/src/Infrastructure/IO/doc'
/bin/sh: line 0: [: -ge: unary operator expected
make[6]: Leaving directory '/gpfsm/dnb10/projects/p50/ESMF_Testing/intel_2025.3.0_mpiuni_O_develop/esmf/src/Infrastructure/IO/doc'
make[5]: Leaving directory '/gpfsm/dnb10/projects/p50/ESMF_Testing/intel_2025.3.0_mpiuni_O_develop/esmf/src/Infrastructure/IO'
tree_include in: /discover/nobackup/projects/gmao/SIteam/ESMF_Testing/intel_2025.3.0_mpiuni_O_develop/esmf/src/Infrastructure/Grid
make[5]: Entering directory '/gpfsm/dnb10/projects/p50/ESMF_Testing/intel_2025.3.0_mpiuni_O_develop/esmf/src/Infrastructure/Grid'
/bin/sh: line 0: [: -ge: unary operator expected
tree_include in: /discover/nobackup/projects/gmao/SIteam/ESMF_Testing/intel_2025.3.0_mpiuni_O_develop/esmf/src/Infrastructure/Grid/doc
make[6]: Entering directory '/gpfsm/dnb10/projects/p50/ESMF_Testing/intel_2025.3.0_mpiuni_O_develop/esmf/src/Infrastructure/Grid/doc'
/bin/sh: line 0: [: -ge: unary operator expected
make[6]: Leaving directory '/gpfsm/dnb10/projects/p50/ESMF_Testing/intel_2025.3.0_mpiuni_O_develop/esmf/src/Infrastructure/Grid/doc'
tree_include in: /discover/nobackup/projects/gmao/SIteam/ESMF_Testing/intel_2025.3.0_mpiuni_O_develop/esmf/src/Infrastructure/Grid/src
make[6]: Entering directory '/gpfsm/dnb10/projects/p50/ESMF_Testing/intel_2025.3.0_mpiuni_O_develop/esmf/src/Infrastructure/Grid/src'
/bin/sh: line 0: [: -ge: unary operator expected
make[6]: Leaving directory '/gpfsm/dnb10/projects/p50/ESMF_Testing/intel_2025.3.0_mpiuni_O_develop/esmf/src/Infrastructure/Grid/src'
tree_include in: /discover/nobackup/projects/gmao/SIteam/ESMF_Testing/intel_2025.3.0_mpiuni_O_develop/esmf/src/Infrastructure/Grid/interface
make[6]: Entering directory '/gpfsm/dnb10/projects/p50/ESMF_Testing/intel_2025.3.0_mpiuni_O_develop/esmf/src/Infrastructure/Grid/interface'
/bin/sh: line 0: [: -ge: unary operator expected
make[6]: Leaving directory '/gpfsm/dnb10/projects/p50/ESMF_Testing/intel_2025.3.0_mpiuni_O_develop/esmf/src/Infrastructure/Grid/interface'
tree_include in: /discover/nobackup/projects/gmao/SIteam/ESMF_Testing/intel_2025.3.0_mpiuni_O_develop/esmf/src/Infrastructure/Grid/tests
make[6]: Entering directory '/gpfsm/dnb10/projects/p50/ESMF_Testing/intel_2025.3.0_mpiuni_O_develop/esmf/src/Infrastructure/Grid/tests'
/bin/sh: line 0: [: -ge: unary operator expected
make[6]: Leaving directory '/gpfsm/dnb10/projects/p50/ESMF_Testing/intel_2025.3.0_mpiuni_O_develop/esmf/src/Infrastructure/Grid/tests'
tree_include in: /discover/nobackup/projects/gmao/SIteam/ESMF_Testing/intel_2025.3.0_mpiuni_O_develop/esmf/src/Infrastructure/Grid/examples
make[6]: Entering directory '/gpfsm/dnb10/projects/p50/ESMF_Testing/intel_2025.3.0_mpiuni_O_develop/esmf/src/Infrastructure/Grid/examples'
/bin/sh: line 0: [: -ge: unary operator expected
make[6]: Leaving directory '/gpfsm/dnb10/projects/p50/ESMF_Testing/intel_2025.3.0_mpiuni_O_develop/esmf/src/Infrastructure/Grid/examples'
make[5]: Leaving directory '/gpfsm/dnb10/projects/p50/ESMF_Testing/intel_2025.3.0_mpiuni_O_develop/esmf/src/Infrastructure/Grid'
tree_include in: /discover/nobackup/projects/gmao/SIteam/ESMF_Testing/intel_2025.3.0_mpiuni_O_develop/esmf/src/Infrastructure/Mesh
make[5]: Entering directory '/gpfsm/dnb10/projects/p50/ESMF_Testing/intel_2025.3.0_mpiuni_O_develop/esmf/src/Infrastructure/Mesh'
/bin/sh: line 0: [: -ge: unary operator expected
tree_include in: /discover/nobackup/projects/gmao/SIteam/ESMF_Testing/intel_2025.3.0_mpiuni_O_develop/esmf/src/Infrastructure/Mesh/src
make[6]: Entering directory '/gpfsm/dnb10/projects/p50/ESMF_Testing/intel_2025.3.0_mpiuni_O_develop/esmf/src/Infrastructure/Mesh/src'
/bin/sh: line 0: [: -ge: unary operator expected
tree_include in: /discover/nobackup/projects/gmao/SIteam/ESMF_Testing/intel_2025.3.0_mpiuni_O_develop/esmf/src/Infrastructure/Mesh/src/Legacy
make[7]: Entering directory '/gpfsm/dnb10/projects/p50/ESMF_Testing/intel_2025.3.0_mpiuni_O_develop/esmf/src/Infrastructure/Mesh/src/Legacy'
/bin/sh: line 0: [: -ge: unary operator expected
make[7]: Leaving directory '/gpfsm/dnb10/projects/p50/ESMF_Testing/intel_2025.3.0_mpiuni_O_develop/esmf/src/Infrastructure/Mesh/src/Legacy'
tree_include in: /discover/nobackup/projects/gmao/SIteam/ESMF_Testing/intel_2025.3.0_mpiuni_O_develop/esmf/src/Infrastructure/Mesh/src/Regridding
make[7]: Entering directory '/gpfsm/dnb10/projects/p50/ESMF_Testing/intel_2025.3.0_mpiuni_O_develop/esmf/src/Infrastructure/Mesh/src/Regridding'
/bin/sh: line 0: [: -ge: unary operator expected
make[7]: Leaving directory '/gpfsm/dnb10/projects/p50/ESMF_Testing/intel_2025.3.0_mpiuni_O_develop/esmf/src/Infrastructure/Mesh/src/Regridding'
tree_include in: /discover/nobackup/projects/gmao/SIteam/ESMF_Testing/intel_2025.3.0_mpiuni_O_develop/esmf/src/Infrastructure/Mesh/src/Zoltan
make[7]: Entering directory '/gpfsm/dnb10/projects/p50/ESMF_Testing/intel_2025.3.0_mpiuni_O_develop/esmf/src/Infrastructure/Mesh/src/Zoltan'
/bin/sh: line 0: [: -ge: unary operator expected
make[7]: Leaving directory '/gpfsm/dnb10/projects/p50/ESMF_Testing/intel_2025.3.0_mpiuni_O_develop/esmf/src/Infrastructure/Mesh/src/Zoltan'
tree_include in: /discover/nobackup/projects/gmao/SIteam/ESMF_Testing/intel_2025.3.0_mpiuni_O_develop/esmf/src/Infrastructure/Mesh/src/Lapack
make[7]: Entering directory '/gpfsm/dnb10/projects/p50/ESMF_Testing/intel_2025.3.0_mpiuni_O_develop/esmf/src/Infrastructure/Mesh/src/Lapack'
/bin/sh: line 0: [: -ge: unary operator expected
make[7]: Leaving directory '/gpfsm/dnb10/projects/p50/ESMF_Testing/intel_2025.3.0_mpiuni_O_develop/esmf/src/Infrastructure/Mesh/src/Lapack'
tree_include in: /discover/nobackup/projects/gmao/SIteam/ESMF_Testing/intel_2025.3.0_mpiuni_O_develop/esmf/src/Infrastructure/Mesh/src/BLAS
make[7]: Entering directory '/gpfsm/dnb10/projects/p50/ESMF_Testing/intel_2025.3.0_mpiuni_O_develop/esmf/src/Infrastructure/Mesh/src/BLAS'
/bin/sh: line 0: [: -ge: unary operator expected
make[7]: Leaving directory '/gpfsm/dnb10/projects/p50/ESMF_Testing/intel_2025.3.0_mpiuni_O_develop/esmf/src/Infrastructure/Mesh/src/BLAS'
tree_include in: /discover/nobackup/projects/gmao/SIteam/ESMF_Testing/intel_2025.3.0_mpiuni_O_develop/esmf/src/Infrastructure/Mesh/src/Moab
make[7]: Entering directory '/gpfsm/dnb10/projects/p50/ESMF_Testing/intel_2025.3.0_mpiuni_O_develop/esmf/src/Infrastructure/Mesh/src/Moab'
/bin/sh: line 0: [: -ge: unary operator expected
tree_include in: /discover/nobackup/projects/gmao/SIteam/ESMF_Testing/intel_2025.3.0_mpiuni_O_develop/esmf/src/Infrastructure/Mesh/src/Moab/DiscreteGeometry
make[8]: Entering directory '/gpfsm/dnb10/projects/p50/ESMF_Testing/intel_2025.3.0_mpiuni_O_develop/esmf/src/Infrastructure/Mesh/src/Moab/DiscreteGeometry'
/bin/sh: line 0: [: -ge: unary operator expected
make[8]: Leaving directory '/gpfsm/dnb10/projects/p50/ESMF_Testing/intel_2025.3.0_mpiuni_O_develop/esmf/src/Infrastructure/Mesh/src/Moab/DiscreteGeometry'
tree_include in: /discover/nobackup/projects/gmao/SIteam/ESMF_Testing/intel_2025.3.0_mpiuni_O_develop/esmf/src/Infrastructure/Mesh/src/Moab/IntxMesh
make[8]: Entering directory '/gpfsm/dnb10/projects/p50/ESMF_Testing/intel_2025.3.0_mpiuni_O_develop/esmf/src/Infrastructure/Mesh/src/Moab/IntxMesh'
/bin/sh: line 0: [: -ge: unary operator expected
make[8]: Leaving directory '/gpfsm/dnb10/projects/p50/ESMF_Testing/intel_2025.3.0_mpiuni_O_develop/esmf/src/Infrastructure/Mesh/src/Moab/IntxMesh'
tree_include in: /discover/nobackup/projects/gmao/SIteam/ESMF_Testing/intel_2025.3.0_mpiuni_O_develop/esmf/src/Infrastructure/Mesh/src/Moab/io
make[8]: Entering directory '/gpfsm/dnb10/projects/p50/ESMF_Testing/intel_2025.3.0_mpiuni_O_develop/esmf/src/Infrastructure/Mesh/src/Moab/io'
/bin/sh: line 0: [: -ge: unary operator expected
make[8]: Leaving directory '/gpfsm/dnb10/projects/p50/ESMF_Testing/intel_2025.3.0_mpiuni_O_develop/esmf/src/Infrastructure/Mesh/src/Moab/io'
tree_include in: /discover/nobackup/projects/gmao/SIteam/ESMF_Testing/intel_2025.3.0_mpiuni_O_develop/esmf/src/Infrastructure/Mesh/src/Moab/LocalDiscretization
make[8]: Entering directory '/gpfsm/dnb10/projects/p50/ESMF_Testing/intel_2025.3.0_mpiuni_O_develop/esmf/src/Infrastructure/Mesh/src/Moab/LocalDiscretization'
/bin/sh: line 0: [: -ge: unary operator expected
make[8]: Leaving directory '/gpfsm/dnb10/projects/p50/ESMF_Testing/intel_2025.3.0_mpiuni_O_develop/esmf/src/Infrastructure/Mesh/src/Moab/LocalDiscretization'
tree_include in: /discover/nobackup/projects/gmao/SIteam/ESMF_Testing/intel_2025.3.0_mpiuni_O_develop/esmf/src/Infrastructure/Mesh/src/Moab/parallel
make[8]: Entering directory '/gpfsm/dnb10/projects/p50/ESMF_Testing/intel_2025.3.0_mpiuni_O_develop/esmf/src/Infrastructure/Mesh/src/Moab/parallel'
/bin/sh: line 0: [: -ge: unary operator expected
make[8]: Leaving directory '/gpfsm/dnb10/projects/p50/ESMF_Testing/intel_2025.3.0_mpiuni_O_develop/esmf/src/Infrastructure/Mesh/src/Moab/parallel'
tree_include in: /discover/nobackup/projects/gmao/SIteam/ESMF_Testing/intel_2025.3.0_mpiuni_O_develop/esmf/src/Infrastructure/Mesh/src/Moab/verdict
make[8]: Entering directory '/gpfsm/dnb10/projects/p50/ESMF_Testing/intel_2025.3.0_mpiuni_O_develop/esmf/src/Infrastructure/Mesh/src/Moab/verdict'
/bin/sh: line 0: [: -ge: unary operator expected
make[8]: Leaving directory '/gpfsm/dnb10/projects/p50/ESMF_Testing/intel_2025.3.0_mpiuni_O_develop/esmf/src/Infrastructure/Mesh/src/Moab/verdict'
make[7]: Leaving directory '/gpfsm/dnb10/projects/p50/ESMF_Testing/intel_2025.3.0_mpiuni_O_develop/esmf/src/Infrastructure/Mesh/src/Moab'
make[6]: Leaving directory '/gpfsm/dnb10/projects/p50/ESMF_Testing/intel_2025.3.0_mpiuni_O_develop/esmf/src/Infrastructure/Mesh/src'
tree_include in: /discover/nobackup/projects/gmao/SIteam/ESMF_Testing/intel_2025.3.0_mpiuni_O_develop/esmf/src/Infrastructure/Mesh/examples
make[6]: Entering directory '/gpfsm/dnb10/projects/p50/ESMF_Testing/intel_2025.3.0_mpiuni_O_develop/esmf/src/Infrastructure/Mesh/examples'
/bin/sh: line 0: [: -ge: unary operator expected
make[6]: Leaving directory '/gpfsm/dnb10/projects/p50/ESMF_Testing/intel_2025.3.0_mpiuni_O_develop/esmf/src/Infrastructure/Mesh/examples'
tree_include in: /discover/nobackup/projects/gmao/SIteam/ESMF_Testing/intel_2025.3.0_mpiuni_O_develop/esmf/src/Infrastructure/Mesh/interface
make[6]: Entering directory '/gpfsm/dnb10/projects/p50/ESMF_Testing/intel_2025.3.0_mpiuni_O_develop/esmf/src/Infrastructure/Mesh/interface'
/bin/sh: line 0: [: -ge: unary operator expected
make[6]: Leaving directory '/gpfsm/dnb10/projects/p50/ESMF_Testing/intel_2025.3.0_mpiuni_O_develop/esmf/src/Infrastructure/Mesh/interface'
tree_include in: /discover/nobackup/projects/gmao/SIteam/ESMF_Testing/intel_2025.3.0_mpiuni_O_develop/esmf/src/Infrastructure/Mesh/doc
make[6]: Entering directory '/gpfsm/dnb10/projects/p50/ESMF_Testing/intel_2025.3.0_mpiuni_O_develop/esmf/src/Infrastructure/Mesh/doc'
/bin/sh: line 0: [: -ge: unary operator expected
make[6]: Leaving directory '/gpfsm/dnb10/projects/p50/ESMF_Testing/intel_2025.3.0_mpiuni_O_develop/esmf/src/Infrastructure/Mesh/doc'
tree_include in: /discover/nobackup/projects/gmao/SIteam/ESMF_Testing/intel_2025.3.0_mpiuni_O_develop/esmf/src/Infrastructure/Mesh/tests
make[6]: Entering directory '/gpfsm/dnb10/projects/p50/ESMF_Testing/intel_2025.3.0_mpiuni_O_develop/esmf/src/Infrastructure/Mesh/tests'
/bin/sh: line 0: [: -ge: unary operator expected
make[6]: Leaving directory '/gpfsm/dnb10/projects/p50/ESMF_Testing/intel_2025.3.0_mpiuni_O_develop/esmf/src/Infrastructure/Mesh/tests'
make[5]: Leaving directory '/gpfsm/dnb10/projects/p50/ESMF_Testing/intel_2025.3.0_mpiuni_O_develop/esmf/src/Infrastructure/Mesh'
tree_include in: /discover/nobackup/projects/gmao/SIteam/ESMF_Testing/intel_2025.3.0_mpiuni_O_develop/esmf/src/Infrastructure/XGridGeomBase
make[5]: Entering directory '/gpfsm/dnb10/projects/p50/ESMF_Testing/intel_2025.3.0_mpiuni_O_develop/esmf/src/Infrastructure/XGridGeomBase'
/bin/sh: line 0: [: -ge: unary operator expected
tree_include in: /discover/nobackup/projects/gmao/SIteam/ESMF_Testing/intel_2025.3.0_mpiuni_O_develop/esmf/src/Infrastructure/XGridGeomBase/src
make[6]: Entering directory '/gpfsm/dnb10/projects/p50/ESMF_Testing/intel_2025.3.0_mpiuni_O_develop/esmf/src/Infrastructure/XGridGeomBase/src'
/bin/sh: line 0: [: -ge: unary operator expected
make[6]: Leaving directory '/gpfsm/dnb10/projects/p50/ESMF_Testing/intel_2025.3.0_mpiuni_O_develop/esmf/src/Infrastructure/XGridGeomBase/src'
tree_include in: /discover/nobackup/projects/gmao/SIteam/ESMF_Testing/intel_2025.3.0_mpiuni_O_develop/esmf/src/Infrastructure/XGridGeomBase/interface
make[6]: Entering directory '/gpfsm/dnb10/projects/p50/ESMF_Testing/intel_2025.3.0_mpiuni_O_develop/esmf/src/Infrastructure/XGridGeomBase/interface'
/bin/sh: line 0: [: -ge: unary operator expected
make[6]: Leaving directory '/gpfsm/dnb10/projects/p50/ESMF_Testing/intel_2025.3.0_mpiuni_O_develop/esmf/src/Infrastructure/XGridGeomBase/interface'
make[5]: Leaving directory '/gpfsm/dnb10/projects/p50/ESMF_Testing/intel_2025.3.0_mpiuni_O_develop/esmf/src/Infrastructure/XGridGeomBase'
tree_include in: /discover/nobackup/projects/gmao/SIteam/ESMF_Testing/intel_2025.3.0_mpiuni_O_develop/esmf/src/Infrastructure/GridUtil
make[5]: Entering directory '/gpfsm/dnb10/projects/p50/ESMF_Testing/intel_2025.3.0_mpiuni_O_develop/esmf/src/Infrastructure/GridUtil'
/bin/sh: line 0: [: -ge: unary operator expected
tree_include in: /discover/nobackup/projects/gmao/SIteam/ESMF_Testing/intel_2025.3.0_mpiuni_O_develop/esmf/src/Infrastructure/GridUtil/src
make[6]: Entering directory '/gpfsm/dnb10/projects/p50/ESMF_Testing/intel_2025.3.0_mpiuni_O_develop/esmf/src/Infrastructure/GridUtil/src'
/bin/sh: line 0: [: -ge: unary operator expected
make[6]: Leaving directory '/gpfsm/dnb10/projects/p50/ESMF_Testing/intel_2025.3.0_mpiuni_O_develop/esmf/src/Infrastructure/GridUtil/src'
tree_include in: /discover/nobackup/projects/gmao/SIteam/ESMF_Testing/intel_2025.3.0_mpiuni_O_develop/esmf/src/Infrastructure/GridUtil/interface
make[6]: Entering directory '/gpfsm/dnb10/projects/p50/ESMF_Testing/intel_2025.3.0_mpiuni_O_develop/esmf/src/Infrastructure/GridUtil/interface'
/bin/sh: line 0: [: -ge: unary operator expected
make[6]: Leaving directory '/gpfsm/dnb10/projects/p50/ESMF_Testing/intel_2025.3.0_mpiuni_O_develop/esmf/src/Infrastructure/GridUtil/interface'
tree_include in: /discover/nobackup/projects/gmao/SIteam/ESMF_Testing/intel_2025.3.0_mpiuni_O_develop/esmf/src/Infrastructure/GridUtil/tests
make[6]: Entering directory '/gpfsm/dnb10/projects/p50/ESMF_Testing/intel_2025.3.0_mpiuni_O_develop/esmf/src/Infrastructure/GridUtil/tests'
/bin/sh: line 0: [: -ge: unary operator expected
make[6]: Leaving directory '/gpfsm/dnb10/projects/p50/ESMF_Testing/intel_2025.3.0_mpiuni_O_develop/esmf/src/Infrastructure/GridUtil/tests'
make[5]: Leaving directory '/gpfsm/dnb10/projects/p50/ESMF_Testing/intel_2025.3.0_mpiuni_O_develop/esmf/src/Infrastructure/GridUtil'
tree_include in: /discover/nobackup/projects/gmao/SIteam/ESMF_Testing/intel_2025.3.0_mpiuni_O_develop/esmf/src/Infrastructure/LocStream
make[5]: Entering directory '/gpfsm/dnb10/projects/p50/ESMF_Testing/intel_2025.3.0_mpiuni_O_develop/esmf/src/Infrastructure/LocStream'
/bin/sh: line 0: [: -ge: unary operator expected
tree_include in: /discover/nobackup/projects/gmao/SIteam/ESMF_Testing/intel_2025.3.0_mpiuni_O_develop/esmf/src/Infrastructure/LocStream/doc
make[6]: Entering directory '/gpfsm/dnb10/projects/p50/ESMF_Testing/intel_2025.3.0_mpiuni_O_develop/esmf/src/Infrastructure/LocStream/doc'
/bin/sh: line 0: [: -ge: unary operator expected
make[6]: Leaving directory '/gpfsm/dnb10/projects/p50/ESMF_Testing/intel_2025.3.0_mpiuni_O_develop/esmf/src/Infrastructure/LocStream/doc'
tree_include in: /discover/nobackup/projects/gmao/SIteam/ESMF_Testing/intel_2025.3.0_mpiuni_O_develop/esmf/src/Infrastructure/LocStream/src
make[6]: Entering directory '/gpfsm/dnb10/projects/p50/ESMF_Testing/intel_2025.3.0_mpiuni_O_develop/esmf/src/Infrastructure/LocStream/src'
/bin/sh: line 0: [: -ge: unary operator expected
make[6]: Leaving directory '/gpfsm/dnb10/projects/p50/ESMF_Testing/intel_2025.3.0_mpiuni_O_develop/esmf/src/Infrastructure/LocStream/src'
tree_include in: /discover/nobackup/projects/gmao/SIteam/ESMF_Testing/intel_2025.3.0_mpiuni_O_develop/esmf/src/Infrastructure/LocStream/interface
make[6]: Entering directory '/gpfsm/dnb10/projects/p50/ESMF_Testing/intel_2025.3.0_mpiuni_O_develop/esmf/src/Infrastructure/LocStream/interface'
/bin/sh: line 0: [: -ge: unary operator expected
make[6]: Leaving directory '/gpfsm/dnb10/projects/p50/ESMF_Testing/intel_2025.3.0_mpiuni_O_develop/esmf/src/Infrastructure/LocStream/interface'
tree_include in: /discover/nobackup/projects/gmao/SIteam/ESMF_Testing/intel_2025.3.0_mpiuni_O_develop/esmf/src/Infrastructure/LocStream/tests
make[6]: Entering directory '/gpfsm/dnb10/projects/p50/ESMF_Testing/intel_2025.3.0_mpiuni_O_develop/esmf/src/Infrastructure/LocStream/tests'
/bin/sh: line 0: [: -ge: unary operator expected
make[6]: Leaving directory '/gpfsm/dnb10/projects/p50/ESMF_Testing/intel_2025.3.0_mpiuni_O_develop/esmf/src/Infrastructure/LocStream/tests'
tree_include in: /discover/nobackup/projects/gmao/SIteam/ESMF_Testing/intel_2025.3.0_mpiuni_O_develop/esmf/src/Infrastructure/LocStream/examples
make[6]: Entering directory '/gpfsm/dnb10/projects/p50/ESMF_Testing/intel_2025.3.0_mpiuni_O_develop/esmf/src/Infrastructure/LocStream/examples'
/bin/sh: line 0: [: -ge: unary operator expected
make[6]: Leaving directory '/gpfsm/dnb10/projects/p50/ESMF_Testing/intel_2025.3.0_mpiuni_O_develop/esmf/src/Infrastructure/LocStream/examples'
make[5]: Leaving directory '/gpfsm/dnb10/projects/p50/ESMF_Testing/intel_2025.3.0_mpiuni_O_develop/esmf/src/Infrastructure/LocStream'
tree_include in: /discover/nobackup/projects/gmao/SIteam/ESMF_Testing/intel_2025.3.0_mpiuni_O_develop/esmf/src/Infrastructure/XGrid
make[5]: Entering directory '/gpfsm/dnb10/projects/p50/ESMF_Testing/intel_2025.3.0_mpiuni_O_develop/esmf/src/Infrastructure/XGrid'
/bin/sh: line 0: [: -ge: unary operator expected
tree_include in: /discover/nobackup/projects/gmao/SIteam/ESMF_Testing/intel_2025.3.0_mpiuni_O_develop/esmf/src/Infrastructure/XGrid/src
make[6]: Entering directory '/gpfsm/dnb10/projects/p50/ESMF_Testing/intel_2025.3.0_mpiuni_O_develop/esmf/src/Infrastructure/XGrid/src'
/bin/sh: line 0: [: -ge: unary operator expected
make[6]: Leaving directory '/gpfsm/dnb10/projects/p50/ESMF_Testing/intel_2025.3.0_mpiuni_O_develop/esmf/src/Infrastructure/XGrid/src'
tree_include in: /discover/nobackup/projects/gmao/SIteam/ESMF_Testing/intel_2025.3.0_mpiuni_O_develop/esmf/src/Infrastructure/XGrid/interface
make[6]: Entering directory '/gpfsm/dnb10/projects/p50/ESMF_Testing/intel_2025.3.0_mpiuni_O_develop/esmf/src/Infrastructure/XGrid/interface'
/bin/sh: line 0: [: -ge: unary operator expected
make[6]: Leaving directory '/gpfsm/dnb10/projects/p50/ESMF_Testing/intel_2025.3.0_mpiuni_O_develop/esmf/src/Infrastructure/XGrid/interface'
tree_include in: /discover/nobackup/projects/gmao/SIteam/ESMF_Testing/intel_2025.3.0_mpiuni_O_develop/esmf/src/Infrastructure/XGrid/doc
make[6]: Entering directory '/gpfsm/dnb10/projects/p50/ESMF_Testing/intel_2025.3.0_mpiuni_O_develop/esmf/src/Infrastructure/XGrid/doc'
/bin/sh: line 0: [: -ge: unary operator expected
make[6]: Leaving directory '/gpfsm/dnb10/projects/p50/ESMF_Testing/intel_2025.3.0_mpiuni_O_develop/esmf/src/Infrastructure/XGrid/doc'
tree_include in: /discover/nobackup/projects/gmao/SIteam/ESMF_Testing/intel_2025.3.0_mpiuni_O_develop/esmf/src/Infrastructure/XGrid/tests
make[6]: Entering directory '/gpfsm/dnb10/projects/p50/ESMF_Testing/intel_2025.3.0_mpiuni_O_develop/esmf/src/Infrastructure/XGrid/tests'
/bin/sh: line 0: [: -ge: unary operator expected
make[6]: Leaving directory '/gpfsm/dnb10/projects/p50/ESMF_Testing/intel_2025.3.0_mpiuni_O_develop/esmf/src/Infrastructure/XGrid/tests'
tree_include in: /discover/nobackup/projects/gmao/SIteam/ESMF_Testing/intel_2025.3.0_mpiuni_O_develop/esmf/src/Infrastructure/XGrid/examples
make[6]: Entering directory '/gpfsm/dnb10/projects/p50/ESMF_Testing/intel_2025.3.0_mpiuni_O_develop/esmf/src/Infrastructure/XGrid/examples'
/bin/sh: line 0: [: -ge: unary operator expected
make[6]: Leaving directory '/gpfsm/dnb10/projects/p50/ESMF_Testing/intel_2025.3.0_mpiuni_O_develop/esmf/src/Infrastructure/XGrid/examples'
make[5]: Leaving directory '/gpfsm/dnb10/projects/p50/ESMF_Testing/intel_2025.3.0_mpiuni_O_develop/esmf/src/Infrastructure/XGrid'
tree_include in: /discover/nobackup/projects/gmao/SIteam/ESMF_Testing/intel_2025.3.0_mpiuni_O_develop/esmf/src/Infrastructure/Geom
make[5]: Entering directory '/gpfsm/dnb10/projects/p50/ESMF_Testing/intel_2025.3.0_mpiuni_O_develop/esmf/src/Infrastructure/Geom'
/bin/sh: line 0: [: -ge: unary operator expected
tree_include in: /discover/nobackup/projects/gmao/SIteam/ESMF_Testing/intel_2025.3.0_mpiuni_O_develop/esmf/src/Infrastructure/Geom/doc
make[6]: Entering directory '/gpfsm/dnb10/projects/p50/ESMF_Testing/intel_2025.3.0_mpiuni_O_develop/esmf/src/Infrastructure/Geom/doc'
/bin/sh: line 0: [: -ge: unary operator expected
make[6]: Leaving directory '/gpfsm/dnb10/projects/p50/ESMF_Testing/intel_2025.3.0_mpiuni_O_develop/esmf/src/Infrastructure/Geom/doc'
tree_include in: /discover/nobackup/projects/gmao/SIteam/ESMF_Testing/intel_2025.3.0_mpiuni_O_develop/esmf/src/Infrastructure/Geom/src
make[6]: Entering directory '/gpfsm/dnb10/projects/p50/ESMF_Testing/intel_2025.3.0_mpiuni_O_develop/esmf/src/Infrastructure/Geom/src'
/bin/sh: line 0: [: -ge: unary operator expected
make[6]: Leaving directory '/gpfsm/dnb10/projects/p50/ESMF_Testing/intel_2025.3.0_mpiuni_O_develop/esmf/src/Infrastructure/Geom/src'
tree_include in: /discover/nobackup/projects/gmao/SIteam/ESMF_Testing/intel_2025.3.0_mpiuni_O_develop/esmf/src/Infrastructure/Geom/interface
make[6]: Entering directory '/gpfsm/dnb10/projects/p50/ESMF_Testing/intel_2025.3.0_mpiuni_O_develop/esmf/src/Infrastructure/Geom/interface'
/bin/sh: line 0: [: -ge: unary operator expected
make[6]: Leaving directory '/gpfsm/dnb10/projects/p50/ESMF_Testing/intel_2025.3.0_mpiuni_O_develop/esmf/src/Infrastructure/Geom/interface'
tree_include in: /discover/nobackup/projects/gmao/SIteam/ESMF_Testing/intel_2025.3.0_mpiuni_O_develop/esmf/src/Infrastructure/Geom/tests
make[6]: Entering directory '/gpfsm/dnb10/projects/p50/ESMF_Testing/intel_2025.3.0_mpiuni_O_develop/esmf/src/Infrastructure/Geom/tests'
/bin/sh: line 0: [: -ge: unary operator expected
make[6]: Leaving directory '/gpfsm/dnb10/projects/p50/ESMF_Testing/intel_2025.3.0_mpiuni_O_develop/esmf/src/Infrastructure/Geom/tests'
make[5]: Leaving directory '/gpfsm/dnb10/projects/p50/ESMF_Testing/intel_2025.3.0_mpiuni_O_develop/esmf/src/Infrastructure/Geom'
tree_include in: /discover/nobackup/projects/gmao/SIteam/ESMF_Testing/intel_2025.3.0_mpiuni_O_develop/esmf/src/Infrastructure/PointList
make[5]: Entering directory '/gpfsm/dnb10/projects/p50/ESMF_Testing/intel_2025.3.0_mpiuni_O_develop/esmf/src/Infrastructure/PointList'
/bin/sh: line 0: [: -ge: unary operator expected
tree_include in: /discover/nobackup/projects/gmao/SIteam/ESMF_Testing/intel_2025.3.0_mpiuni_O_develop/esmf/src/Infrastructure/PointList/src
make[6]: Entering directory '/gpfsm/dnb10/projects/p50/ESMF_Testing/intel_2025.3.0_mpiuni_O_develop/esmf/src/Infrastructure/PointList/src'
/bin/sh: line 0: [: -ge: unary operator expected
make[6]: Leaving directory '/gpfsm/dnb10/projects/p50/ESMF_Testing/intel_2025.3.0_mpiuni_O_develop/esmf/src/Infrastructure/PointList/src'
tree_include in: /discover/nobackup/projects/gmao/SIteam/ESMF_Testing/intel_2025.3.0_mpiuni_O_develop/esmf/src/Infrastructure/PointList/interface
make[6]: Entering directory '/gpfsm/dnb10/projects/p50/ESMF_Testing/intel_2025.3.0_mpiuni_O_develop/esmf/src/Infrastructure/PointList/interface'
/bin/sh: line 0: [: -ge: unary operator expected
make[6]: Leaving directory '/gpfsm/dnb10/projects/p50/ESMF_Testing/intel_2025.3.0_mpiuni_O_develop/esmf/src/Infrastructure/PointList/interface'
tree_include in: /discover/nobackup/projects/gmao/SIteam/ESMF_Testing/intel_2025.3.0_mpiuni_O_develop/esmf/src/Infrastructure/PointList/tests
make[6]: Entering directory '/gpfsm/dnb10/projects/p50/ESMF_Testing/intel_2025.3.0_mpiuni_O_develop/esmf/src/Infrastructure/PointList/tests'
/bin/sh: line 0: [: -ge: unary operator expected
make[6]: Leaving directory '/gpfsm/dnb10/projects/p50/ESMF_Testing/intel_2025.3.0_mpiuni_O_develop/esmf/src/Infrastructure/PointList/tests'
make[5]: Leaving directory '/gpfsm/dnb10/projects/p50/ESMF_Testing/intel_2025.3.0_mpiuni_O_develop/esmf/src/Infrastructure/PointList'
tree_include in: /discover/nobackup/projects/gmao/SIteam/ESMF_Testing/intel_2025.3.0_mpiuni_O_develop/esmf/src/Infrastructure/Regrid
make[5]: Entering directory '/gpfsm/dnb10/projects/p50/ESMF_Testing/intel_2025.3.0_mpiuni_O_develop/esmf/src/Infrastructure/Regrid'
/bin/sh: line 0: [: -ge: unary operator expected
tree_include in: /discover/nobackup/projects/gmao/SIteam/ESMF_Testing/intel_2025.3.0_mpiuni_O_develop/esmf/src/Infrastructure/Regrid/src
make[6]: Entering directory '/gpfsm/dnb10/projects/p50/ESMF_Testing/intel_2025.3.0_mpiuni_O_develop/esmf/src/Infrastructure/Regrid/src'
/bin/sh: line 0: [: -ge: unary operator expected
make[6]: Leaving directory '/gpfsm/dnb10/projects/p50/ESMF_Testing/intel_2025.3.0_mpiuni_O_develop/esmf/src/Infrastructure/Regrid/src'
tree_include in: /discover/nobackup/projects/gmao/SIteam/ESMF_Testing/intel_2025.3.0_mpiuni_O_develop/esmf/src/Infrastructure/Regrid/interface
make[6]: Entering directory '/gpfsm/dnb10/projects/p50/ESMF_Testing/intel_2025.3.0_mpiuni_O_develop/esmf/src/Infrastructure/Regrid/interface'
/bin/sh: line 0: [: -ge: unary operator expected
make[6]: Leaving directory '/gpfsm/dnb10/projects/p50/ESMF_Testing/intel_2025.3.0_mpiuni_O_develop/esmf/src/Infrastructure/Regrid/interface'
tree_include in: /discover/nobackup/projects/gmao/SIteam/ESMF_Testing/intel_2025.3.0_mpiuni_O_develop/esmf/src/Infrastructure/Regrid/doc
make[6]: Entering directory '/gpfsm/dnb10/projects/p50/ESMF_Testing/intel_2025.3.0_mpiuni_O_develop/esmf/src/Infrastructure/Regrid/doc'
/bin/sh: line 0: [: -ge: unary operator expected
make[6]: Leaving directory '/gpfsm/dnb10/projects/p50/ESMF_Testing/intel_2025.3.0_mpiuni_O_develop/esmf/src/Infrastructure/Regrid/doc'
tree_include in: /discover/nobackup/projects/gmao/SIteam/ESMF_Testing/intel_2025.3.0_mpiuni_O_develop/esmf/src/Infrastructure/Regrid/examples
make[6]: Entering directory '/gpfsm/dnb10/projects/p50/ESMF_Testing/intel_2025.3.0_mpiuni_O_develop/esmf/src/Infrastructure/Regrid/examples'
/bin/sh: line 0: [: -ge: unary operator expected
make[6]: Leaving directory '/gpfsm/dnb10/projects/p50/ESMF_Testing/intel_2025.3.0_mpiuni_O_develop/esmf/src/Infrastructure/Regrid/examples'
make[5]: Leaving directory '/gpfsm/dnb10/projects/p50/ESMF_Testing/intel_2025.3.0_mpiuni_O_develop/esmf/src/Infrastructure/Regrid'
tree_include in: /discover/nobackup/projects/gmao/SIteam/ESMF_Testing/intel_2025.3.0_mpiuni_O_develop/esmf/src/Infrastructure/Field
make[5]: Entering directory '/gpfsm/dnb10/projects/p50/ESMF_Testing/intel_2025.3.0_mpiuni_O_develop/esmf/src/Infrastructure/Field'
/bin/sh: line 0: [: -ge: unary operator expected
tree_include in: /discover/nobackup/projects/gmao/SIteam/ESMF_Testing/intel_2025.3.0_mpiuni_O_develop/esmf/src/Infrastructure/Field/src
make[6]: Entering directory '/gpfsm/dnb10/projects/p50/ESMF_Testing/intel_2025.3.0_mpiuni_O_develop/esmf/src/Infrastructure/Field/src'
/bin/sh: line 0: [: -ge: unary operator expected
make[6]: Leaving directory '/gpfsm/dnb10/projects/p50/ESMF_Testing/intel_2025.3.0_mpiuni_O_develop/esmf/src/Infrastructure/Field/src'
tree_include in: /discover/nobackup/projects/gmao/SIteam/ESMF_Testing/intel_2025.3.0_mpiuni_O_develop/esmf/src/Infrastructure/Field/interface
make[6]: Entering directory '/gpfsm/dnb10/projects/p50/ESMF_Testing/intel_2025.3.0_mpiuni_O_develop/esmf/src/Infrastructure/Field/interface'
/bin/sh: line 0: [: -ge: unary operator expected
make[6]: Leaving directory '/gpfsm/dnb10/projects/p50/ESMF_Testing/intel_2025.3.0_mpiuni_O_develop/esmf/src/Infrastructure/Field/interface'
tree_include in: /discover/nobackup/projects/gmao/SIteam/ESMF_Testing/intel_2025.3.0_mpiuni_O_develop/esmf/src/Infrastructure/Field/doc
make[6]: Entering directory '/gpfsm/dnb10/projects/p50/ESMF_Testing/intel_2025.3.0_mpiuni_O_develop/esmf/src/Infrastructure/Field/doc'
/bin/sh: line 0: [: -ge: unary operator expected
make[6]: Leaving directory '/gpfsm/dnb10/projects/p50/ESMF_Testing/intel_2025.3.0_mpiuni_O_develop/esmf/src/Infrastructure/Field/doc'
tree_include in: /discover/nobackup/projects/gmao/SIteam/ESMF_Testing/intel_2025.3.0_mpiuni_O_develop/esmf/src/Infrastructure/Field/tests
make[6]: Entering directory '/gpfsm/dnb10/projects/p50/ESMF_Testing/intel_2025.3.0_mpiuni_O_develop/esmf/src/Infrastructure/Field/tests'
/bin/sh: line 0: [: -ge: unary operator expected
make[6]: Leaving directory '/gpfsm/dnb10/projects/p50/ESMF_Testing/intel_2025.3.0_mpiuni_O_develop/esmf/src/Infrastructure/Field/tests'
tree_include in: /discover/nobackup/projects/gmao/SIteam/ESMF_Testing/intel_2025.3.0_mpiuni_O_develop/esmf/src/Infrastructure/Field/examples
make[6]: Entering directory '/gpfsm/dnb10/projects/p50/ESMF_Testing/intel_2025.3.0_mpiuni_O_develop/esmf/src/Infrastructure/Field/examples'
/bin/sh: line 0: [: -ge: unary operator expected
make[6]: Leaving directory '/gpfsm/dnb10/projects/p50/ESMF_Testing/intel_2025.3.0_mpiuni_O_develop/esmf/src/Infrastructure/Field/examples'
make[5]: Leaving directory '/gpfsm/dnb10/projects/p50/ESMF_Testing/intel_2025.3.0_mpiuni_O_develop/esmf/src/Infrastructure/Field'
tree_include in: /discover/nobackup/projects/gmao/SIteam/ESMF_Testing/intel_2025.3.0_mpiuni_O_develop/esmf/src/Infrastructure/Container
make[5]: Entering directory '/gpfsm/dnb10/projects/p50/ESMF_Testing/intel_2025.3.0_mpiuni_O_develop/esmf/src/Infrastructure/Container'
/bin/sh: line 0: [: -ge: unary operator expected
tree_include in: /discover/nobackup/projects/gmao/SIteam/ESMF_Testing/intel_2025.3.0_mpiuni_O_develop/esmf/src/Infrastructure/Container/interface
make[6]: Entering directory '/gpfsm/dnb10/projects/p50/ESMF_Testing/intel_2025.3.0_mpiuni_O_develop/esmf/src/Infrastructure/Container/interface'
/bin/sh: line 0: [: -ge: unary operator expected
make[6]: Leaving directory '/gpfsm/dnb10/projects/p50/ESMF_Testing/intel_2025.3.0_mpiuni_O_develop/esmf/src/Infrastructure/Container/interface'
tree_include in: /discover/nobackup/projects/gmao/SIteam/ESMF_Testing/intel_2025.3.0_mpiuni_O_develop/esmf/src/Infrastructure/Container/tests
make[6]: Entering directory '/gpfsm/dnb10/projects/p50/ESMF_Testing/intel_2025.3.0_mpiuni_O_develop/esmf/src/Infrastructure/Container/tests'
/bin/sh: line 0: [: -ge: unary operator expected
make[6]: Leaving directory '/gpfsm/dnb10/projects/p50/ESMF_Testing/intel_2025.3.0_mpiuni_O_develop/esmf/src/Infrastructure/Container/tests'
make[5]: Leaving directory '/gpfsm/dnb10/projects/p50/ESMF_Testing/intel_2025.3.0_mpiuni_O_develop/esmf/src/Infrastructure/Container'
tree_include in: /discover/nobackup/projects/gmao/SIteam/ESMF_Testing/intel_2025.3.0_mpiuni_O_develop/esmf/src/Infrastructure/FieldBundle
make[5]: Entering directory '/gpfsm/dnb10/projects/p50/ESMF_Testing/intel_2025.3.0_mpiuni_O_develop/esmf/src/Infrastructure/FieldBundle'
/bin/sh: line 0: [: -ge: unary operator expected
tree_include in: /discover/nobackup/projects/gmao/SIteam/ESMF_Testing/intel_2025.3.0_mpiuni_O_develop/esmf/src/Infrastructure/FieldBundle/src
make[6]: Entering directory '/gpfsm/dnb10/projects/p50/ESMF_Testing/intel_2025.3.0_mpiuni_O_develop/esmf/src/Infrastructure/FieldBundle/src'
/bin/sh: line 0: [: -ge: unary operator expected
make[6]: Leaving directory '/gpfsm/dnb10/projects/p50/ESMF_Testing/intel_2025.3.0_mpiuni_O_develop/esmf/src/Infrastructure/FieldBundle/src'
tree_include in: /discover/nobackup/projects/gmao/SIteam/ESMF_Testing/intel_2025.3.0_mpiuni_O_develop/esmf/src/Infrastructure/FieldBundle/interface
make[6]: Entering directory '/gpfsm/dnb10/projects/p50/ESMF_Testing/intel_2025.3.0_mpiuni_O_develop/esmf/src/Infrastructure/FieldBundle/interface'
/bin/sh: line 0: [: -ge: unary operator expected
make[6]: Leaving directory '/gpfsm/dnb10/projects/p50/ESMF_Testing/intel_2025.3.0_mpiuni_O_develop/esmf/src/Infrastructure/FieldBundle/interface'
tree_include in: /discover/nobackup/projects/gmao/SIteam/ESMF_Testing/intel_2025.3.0_mpiuni_O_develop/esmf/src/Infrastructure/FieldBundle/doc
make[6]: Entering directory '/gpfsm/dnb10/projects/p50/ESMF_Testing/intel_2025.3.0_mpiuni_O_develop/esmf/src/Infrastructure/FieldBundle/doc'
/bin/sh: line 0: [: -ge: unary operator expected
make[6]: Leaving directory '/gpfsm/dnb10/projects/p50/ESMF_Testing/intel_2025.3.0_mpiuni_O_develop/esmf/src/Infrastructure/FieldBundle/doc'
tree_include in: /discover/nobackup/projects/gmao/SIteam/ESMF_Testing/intel_2025.3.0_mpiuni_O_develop/esmf/src/Infrastructure/FieldBundle/tests
make[6]: Entering directory '/gpfsm/dnb10/projects/p50/ESMF_Testing/intel_2025.3.0_mpiuni_O_develop/esmf/src/Infrastructure/FieldBundle/tests'
/bin/sh: line 0: [: -ge: unary operator expected
make[6]: Leaving directory '/gpfsm/dnb10/projects/p50/ESMF_Testing/intel_2025.3.0_mpiuni_O_develop/esmf/src/Infrastructure/FieldBundle/tests'
tree_include in: /discover/nobackup/projects/gmao/SIteam/ESMF_Testing/intel_2025.3.0_mpiuni_O_develop/esmf/src/Infrastructure/FieldBundle/examples
make[6]: Entering directory '/gpfsm/dnb10/projects/p50/ESMF_Testing/intel_2025.3.0_mpiuni_O_develop/esmf/src/Infrastructure/FieldBundle/examples'
/bin/sh: line 0: [: -ge: unary operator expected
make[6]: Leaving directory '/gpfsm/dnb10/projects/p50/ESMF_Testing/intel_2025.3.0_mpiuni_O_develop/esmf/src/Infrastructure/FieldBundle/examples'
make[5]: Leaving directory '/gpfsm/dnb10/projects/p50/ESMF_Testing/intel_2025.3.0_mpiuni_O_develop/esmf/src/Infrastructure/FieldBundle'
make[4]: Leaving directory '/gpfsm/dnb10/projects/p50/ESMF_Testing/intel_2025.3.0_mpiuni_O_develop/esmf/src/Infrastructure'
tree_include in: /discover/nobackup/projects/gmao/SIteam/ESMF_Testing/intel_2025.3.0_mpiuni_O_develop/esmf/src/Superstructure
make[4]: Entering directory '/gpfsm/dnb10/projects/p50/ESMF_Testing/intel_2025.3.0_mpiuni_O_develop/esmf/src/Superstructure'
/bin/sh: line 0: [: -ge: unary operator expected
tree_include in: /discover/nobackup/projects/gmao/SIteam/ESMF_Testing/intel_2025.3.0_mpiuni_O_develop/esmf/src/Superstructure/State
make[5]: Entering directory '/gpfsm/dnb10/projects/p50/ESMF_Testing/intel_2025.3.0_mpiuni_O_develop/esmf/src/Superstructure/State'
/bin/sh: line 0: [: -ge: unary operator expected
tree_include in: /discover/nobackup/projects/gmao/SIteam/ESMF_Testing/intel_2025.3.0_mpiuni_O_develop/esmf/src/Superstructure/State/src
make[6]: Entering directory '/gpfsm/dnb10/projects/p50/ESMF_Testing/intel_2025.3.0_mpiuni_O_develop/esmf/src/Superstructure/State/src'
/bin/sh: line 0: [: -ge: unary operator expected
make[6]: Leaving directory '/gpfsm/dnb10/projects/p50/ESMF_Testing/intel_2025.3.0_mpiuni_O_develop/esmf/src/Superstructure/State/src'
tree_include in: /discover/nobackup/projects/gmao/SIteam/ESMF_Testing/intel_2025.3.0_mpiuni_O_develop/esmf/src/Superstructure/State/interface
make[6]: Entering directory '/gpfsm/dnb10/projects/p50/ESMF_Testing/intel_2025.3.0_mpiuni_O_develop/esmf/src/Superstructure/State/interface'
/bin/sh: line 0: [: -ge: unary operator expected
make[6]: Leaving directory '/gpfsm/dnb10/projects/p50/ESMF_Testing/intel_2025.3.0_mpiuni_O_develop/esmf/src/Superstructure/State/interface'
tree_include in: /discover/nobackup/projects/gmao/SIteam/ESMF_Testing/intel_2025.3.0_mpiuni_O_develop/esmf/src/Superstructure/State/doc
make[6]: Entering directory '/gpfsm/dnb10/projects/p50/ESMF_Testing/intel_2025.3.0_mpiuni_O_develop/esmf/src/Superstructure/State/doc'
/bin/sh: line 0: [: -ge: unary operator expected
make[6]: Leaving directory '/gpfsm/dnb10/projects/p50/ESMF_Testing/intel_2025.3.0_mpiuni_O_develop/esmf/src/Superstructure/State/doc'
tree_include in: /discover/nobackup/projects/gmao/SIteam/ESMF_Testing/intel_2025.3.0_mpiuni_O_develop/esmf/src/Superstructure/State/tests
make[6]: Entering directory '/gpfsm/dnb10/projects/p50/ESMF_Testing/intel_2025.3.0_mpiuni_O_develop/esmf/src/Superstructure/State/tests'
/bin/sh: line 0: [: -ge: unary operator expected
make[6]: Leaving directory '/gpfsm/dnb10/projects/p50/ESMF_Testing/intel_2025.3.0_mpiuni_O_develop/esmf/src/Superstructure/State/tests'
tree_include in: /discover/nobackup/projects/gmao/SIteam/ESMF_Testing/intel_2025.3.0_mpiuni_O_develop/esmf/src/Superstructure/State/examples
make[6]: Entering directory '/gpfsm/dnb10/projects/p50/ESMF_Testing/intel_2025.3.0_mpiuni_O_develop/esmf/src/Superstructure/State/examples'
/bin/sh: line 0: [: -ge: unary operator expected
make[6]: Leaving directory '/gpfsm/dnb10/projects/p50/ESMF_Testing/intel_2025.3.0_mpiuni_O_develop/esmf/src/Superstructure/State/examples'
make[5]: Leaving directory '/gpfsm/dnb10/projects/p50/ESMF_Testing/intel_2025.3.0_mpiuni_O_develop/esmf/src/Superstructure/State'
tree_include in: /discover/nobackup/projects/gmao/SIteam/ESMF_Testing/intel_2025.3.0_mpiuni_O_develop/esmf/src/Superstructure/Component
make[5]: Entering directory '/gpfsm/dnb10/projects/p50/ESMF_Testing/intel_2025.3.0_mpiuni_O_develop/esmf/src/Superstructure/Component'
/bin/sh: line 0: [: -ge: unary operator expected
tree_include in: /discover/nobackup/projects/gmao/SIteam/ESMF_Testing/intel_2025.3.0_mpiuni_O_develop/esmf/src/Superstructure/Component/src
make[6]: Entering directory '/gpfsm/dnb10/projects/p50/ESMF_Testing/intel_2025.3.0_mpiuni_O_develop/esmf/src/Superstructure/Component/src'
/bin/sh: line 0: [: -ge: unary operator expected
make[6]: Leaving directory '/gpfsm/dnb10/projects/p50/ESMF_Testing/intel_2025.3.0_mpiuni_O_develop/esmf/src/Superstructure/Component/src'
tree_include in: /discover/nobackup/projects/gmao/SIteam/ESMF_Testing/intel_2025.3.0_mpiuni_O_develop/esmf/src/Superstructure/Component/interface
make[6]: Entering directory '/gpfsm/dnb10/projects/p50/ESMF_Testing/intel_2025.3.0_mpiuni_O_develop/esmf/src/Superstructure/Component/interface'
/bin/sh: line 0: [: -ge: unary operator expected
make[6]: Leaving directory '/gpfsm/dnb10/projects/p50/ESMF_Testing/intel_2025.3.0_mpiuni_O_develop/esmf/src/Superstructure/Component/interface'
tree_include in: /discover/nobackup/projects/gmao/SIteam/ESMF_Testing/intel_2025.3.0_mpiuni_O_develop/esmf/src/Superstructure/Component/examples
make[6]: Entering directory '/gpfsm/dnb10/projects/p50/ESMF_Testing/intel_2025.3.0_mpiuni_O_develop/esmf/src/Superstructure/Component/examples'
/bin/sh: line 0: [: -ge: unary operator expected
make[6]: Leaving directory '/gpfsm/dnb10/projects/p50/ESMF_Testing/intel_2025.3.0_mpiuni_O_develop/esmf/src/Superstructure/Component/examples'
tree_include in: /discover/nobackup/projects/gmao/SIteam/ESMF_Testing/intel_2025.3.0_mpiuni_O_develop/esmf/src/Superstructure/Component/tests
make[6]: Entering directory '/gpfsm/dnb10/projects/p50/ESMF_Testing/intel_2025.3.0_mpiuni_O_develop/esmf/src/Superstructure/Component/tests'
/bin/sh: line 0: [: -ge: unary operator expected
make[6]: Leaving directory '/gpfsm/dnb10/projects/p50/ESMF_Testing/intel_2025.3.0_mpiuni_O_develop/esmf/src/Superstructure/Component/tests'
tree_include in: /discover/nobackup/projects/gmao/SIteam/ESMF_Testing/intel_2025.3.0_mpiuni_O_develop/esmf/src/Superstructure/Component/doc
make[6]: Entering directory '/gpfsm/dnb10/projects/p50/ESMF_Testing/intel_2025.3.0_mpiuni_O_develop/esmf/src/Superstructure/Component/doc'
/bin/sh: line 0: [: -ge: unary operator expected
make[6]: Leaving directory '/gpfsm/dnb10/projects/p50/ESMF_Testing/intel_2025.3.0_mpiuni_O_develop/esmf/src/Superstructure/Component/doc'
make[5]: Leaving directory '/gpfsm/dnb10/projects/p50/ESMF_Testing/intel_2025.3.0_mpiuni_O_develop/esmf/src/Superstructure/Component'
tree_include in: /discover/nobackup/projects/gmao/SIteam/ESMF_Testing/intel_2025.3.0_mpiuni_O_develop/esmf/src/Superstructure/InternalState
make[5]: Entering directory '/gpfsm/dnb10/projects/p50/ESMF_Testing/intel_2025.3.0_mpiuni_O_develop/esmf/src/Superstructure/InternalState'
/bin/sh: line 0: [: -ge: unary operator expected
tree_include in: /discover/nobackup/projects/gmao/SIteam/ESMF_Testing/intel_2025.3.0_mpiuni_O_develop/esmf/src/Superstructure/InternalState/src
make[6]: Entering directory '/gpfsm/dnb10/projects/p50/ESMF_Testing/intel_2025.3.0_mpiuni_O_develop/esmf/src/Superstructure/InternalState/src'
/bin/sh: line 0: [: -ge: unary operator expected
make[6]: Leaving directory '/gpfsm/dnb10/projects/p50/ESMF_Testing/intel_2025.3.0_mpiuni_O_develop/esmf/src/Superstructure/InternalState/src'
tree_include in: /discover/nobackup/projects/gmao/SIteam/ESMF_Testing/intel_2025.3.0_mpiuni_O_develop/esmf/src/Superstructure/InternalState/doc
make[6]: Entering directory '/gpfsm/dnb10/projects/p50/ESMF_Testing/intel_2025.3.0_mpiuni_O_develop/esmf/src/Superstructure/InternalState/doc'
/bin/sh: line 0: [: -ge: unary operator expected
make[6]: Leaving directory '/gpfsm/dnb10/projects/p50/ESMF_Testing/intel_2025.3.0_mpiuni_O_develop/esmf/src/Superstructure/InternalState/doc'
tree_include in: /discover/nobackup/projects/gmao/SIteam/ESMF_Testing/intel_2025.3.0_mpiuni_O_develop/esmf/src/Superstructure/InternalState/examples
make[6]: Entering directory '/gpfsm/dnb10/projects/p50/ESMF_Testing/intel_2025.3.0_mpiuni_O_develop/esmf/src/Superstructure/InternalState/examples'
/bin/sh: line 0: [: -ge: unary operator expected
make[6]: Leaving directory '/gpfsm/dnb10/projects/p50/ESMF_Testing/intel_2025.3.0_mpiuni_O_develop/esmf/src/Superstructure/InternalState/examples'
tree_include in: /discover/nobackup/projects/gmao/SIteam/ESMF_Testing/intel_2025.3.0_mpiuni_O_develop/esmf/src/Superstructure/InternalState/tests
make[6]: Entering directory '/gpfsm/dnb10/projects/p50/ESMF_Testing/intel_2025.3.0_mpiuni_O_develop/esmf/src/Superstructure/InternalState/tests'
/bin/sh: line 0: [: -ge: unary operator expected
make[6]: Leaving directory '/gpfsm/dnb10/projects/p50/ESMF_Testing/intel_2025.3.0_mpiuni_O_develop/esmf/src/Superstructure/InternalState/tests'
make[5]: Leaving directory '/gpfsm/dnb10/projects/p50/ESMF_Testing/intel_2025.3.0_mpiuni_O_develop/esmf/src/Superstructure/InternalState'
tree_include in: /discover/nobackup/projects/gmao/SIteam/ESMF_Testing/intel_2025.3.0_mpiuni_O_develop/esmf/src/Superstructure/AttachMethods
make[5]: Entering directory '/gpfsm/dnb10/projects/p50/ESMF_Testing/intel_2025.3.0_mpiuni_O_develop/esmf/src/Superstructure/AttachMethods'
/bin/sh: line 0: [: -ge: unary operator expected
tree_include in: /discover/nobackup/projects/gmao/SIteam/ESMF_Testing/intel_2025.3.0_mpiuni_O_develop/esmf/src/Superstructure/AttachMethods/src
make[6]: Entering directory '/gpfsm/dnb10/projects/p50/ESMF_Testing/intel_2025.3.0_mpiuni_O_develop/esmf/src/Superstructure/AttachMethods/src'
/bin/sh: line 0: [: -ge: unary operator expected
make[6]: Leaving directory '/gpfsm/dnb10/projects/p50/ESMF_Testing/intel_2025.3.0_mpiuni_O_develop/esmf/src/Superstructure/AttachMethods/src'
tree_include in: /discover/nobackup/projects/gmao/SIteam/ESMF_Testing/intel_2025.3.0_mpiuni_O_develop/esmf/src/Superstructure/AttachMethods/doc
make[6]: Entering directory '/gpfsm/dnb10/projects/p50/ESMF_Testing/intel_2025.3.0_mpiuni_O_develop/esmf/src/Superstructure/AttachMethods/doc'
/bin/sh: line 0: [: -ge: unary operator expected
make[6]: Leaving directory '/gpfsm/dnb10/projects/p50/ESMF_Testing/intel_2025.3.0_mpiuni_O_develop/esmf/src/Superstructure/AttachMethods/doc'
tree_include in: /discover/nobackup/projects/gmao/SIteam/ESMF_Testing/intel_2025.3.0_mpiuni_O_develop/esmf/src/Superstructure/AttachMethods/examples
make[6]: Entering directory '/gpfsm/dnb10/projects/p50/ESMF_Testing/intel_2025.3.0_mpiuni_O_develop/esmf/src/Superstructure/AttachMethods/examples'
/bin/sh: line 0: [: -ge: unary operator expected
make[6]: Leaving directory '/gpfsm/dnb10/projects/p50/ESMF_Testing/intel_2025.3.0_mpiuni_O_develop/esmf/src/Superstructure/AttachMethods/examples'
make[5]: Leaving directory '/gpfsm/dnb10/projects/p50/ESMF_Testing/intel_2025.3.0_mpiuni_O_develop/esmf/src/Superstructure/AttachMethods'
tree_include in: /discover/nobackup/projects/gmao/SIteam/ESMF_Testing/intel_2025.3.0_mpiuni_O_develop/esmf/src/Superstructure/InfoAPI
make[5]: Entering directory '/gpfsm/dnb10/projects/p50/ESMF_Testing/intel_2025.3.0_mpiuni_O_develop/esmf/src/Superstructure/InfoAPI'
/bin/sh: line 0: [: -ge: unary operator expected
tree_include in: /discover/nobackup/projects/gmao/SIteam/ESMF_Testing/intel_2025.3.0_mpiuni_O_develop/esmf/src/Superstructure/InfoAPI/src
make[6]: Entering directory '/gpfsm/dnb10/projects/p50/ESMF_Testing/intel_2025.3.0_mpiuni_O_develop/esmf/src/Superstructure/InfoAPI/src'
/bin/sh: line 0: [: -ge: unary operator expected
make[6]: Leaving directory '/gpfsm/dnb10/projects/p50/ESMF_Testing/intel_2025.3.0_mpiuni_O_develop/esmf/src/Superstructure/InfoAPI/src'
tree_include in: /discover/nobackup/projects/gmao/SIteam/ESMF_Testing/intel_2025.3.0_mpiuni_O_develop/esmf/src/Superstructure/InfoAPI/interface
make[6]: Entering directory '/gpfsm/dnb10/projects/p50/ESMF_Testing/intel_2025.3.0_mpiuni_O_develop/esmf/src/Superstructure/InfoAPI/interface'
/bin/sh: line 0: [: -ge: unary operator expected
make[6]: Leaving directory '/gpfsm/dnb10/projects/p50/ESMF_Testing/intel_2025.3.0_mpiuni_O_develop/esmf/src/Superstructure/InfoAPI/interface'
tree_include in: /discover/nobackup/projects/gmao/SIteam/ESMF_Testing/intel_2025.3.0_mpiuni_O_develop/esmf/src/Superstructure/InfoAPI/tests
make[6]: Entering directory '/gpfsm/dnb10/projects/p50/ESMF_Testing/intel_2025.3.0_mpiuni_O_develop/esmf/src/Superstructure/InfoAPI/tests'
/bin/sh: line 0: [: -ge: unary operator expected
make[6]: Leaving directory '/gpfsm/dnb10/projects/p50/ESMF_Testing/intel_2025.3.0_mpiuni_O_develop/esmf/src/Superstructure/InfoAPI/tests'
tree_include in: /discover/nobackup/projects/gmao/SIteam/ESMF_Testing/intel_2025.3.0_mpiuni_O_develop/esmf/src/Superstructure/InfoAPI/doc
make[6]: Entering directory '/gpfsm/dnb10/projects/p50/ESMF_Testing/intel_2025.3.0_mpiuni_O_develop/esmf/src/Superstructure/InfoAPI/doc'
/bin/sh: line 0: [: -ge: unary operator expected
make[6]: Leaving directory '/gpfsm/dnb10/projects/p50/ESMF_Testing/intel_2025.3.0_mpiuni_O_develop/esmf/src/Superstructure/InfoAPI/doc'
make[5]: Leaving directory '/gpfsm/dnb10/projects/p50/ESMF_Testing/intel_2025.3.0_mpiuni_O_develop/esmf/src/Superstructure/InfoAPI'
tree_include in: /discover/nobackup/projects/gmao/SIteam/ESMF_Testing/intel_2025.3.0_mpiuni_O_develop/esmf/src/Superstructure/NamedAlias
make[5]: Entering directory '/gpfsm/dnb10/projects/p50/ESMF_Testing/intel_2025.3.0_mpiuni_O_develop/esmf/src/Superstructure/NamedAlias'
/bin/sh: line 0: [: -ge: unary operator expected
tree_include in: /discover/nobackup/projects/gmao/SIteam/ESMF_Testing/intel_2025.3.0_mpiuni_O_develop/esmf/src/Superstructure/NamedAlias/src
make[6]: Entering directory '/gpfsm/dnb10/projects/p50/ESMF_Testing/intel_2025.3.0_mpiuni_O_develop/esmf/src/Superstructure/NamedAlias/src'
/bin/sh: line 0: [: -ge: unary operator expected
make[6]: Leaving directory '/gpfsm/dnb10/projects/p50/ESMF_Testing/intel_2025.3.0_mpiuni_O_develop/esmf/src/Superstructure/NamedAlias/src'
tree_include in: /discover/nobackup/projects/gmao/SIteam/ESMF_Testing/intel_2025.3.0_mpiuni_O_develop/esmf/src/Superstructure/NamedAlias/doc
make[6]: Entering directory '/gpfsm/dnb10/projects/p50/ESMF_Testing/intel_2025.3.0_mpiuni_O_develop/esmf/src/Superstructure/NamedAlias/doc'
/bin/sh: line 0: [: -ge: unary operator expected
make[6]: Leaving directory '/gpfsm/dnb10/projects/p50/ESMF_Testing/intel_2025.3.0_mpiuni_O_develop/esmf/src/Superstructure/NamedAlias/doc'
tree_include in: /discover/nobackup/projects/gmao/SIteam/ESMF_Testing/intel_2025.3.0_mpiuni_O_develop/esmf/src/Superstructure/NamedAlias/tests
make[6]: Entering directory '/gpfsm/dnb10/projects/p50/ESMF_Testing/intel_2025.3.0_mpiuni_O_develop/esmf/src/Superstructure/NamedAlias/tests'
/bin/sh: line 0: [: -ge: unary operator expected
make[6]: Leaving directory '/gpfsm/dnb10/projects/p50/ESMF_Testing/intel_2025.3.0_mpiuni_O_develop/esmf/src/Superstructure/NamedAlias/tests'
make[5]: Leaving directory '/gpfsm/dnb10/projects/p50/ESMF_Testing/intel_2025.3.0_mpiuni_O_develop/esmf/src/Superstructure/NamedAlias'
tree_include in: /discover/nobackup/projects/gmao/SIteam/ESMF_Testing/intel_2025.3.0_mpiuni_O_develop/esmf/src/Superstructure/StateReconcile
make[5]: Entering directory '/gpfsm/dnb10/projects/p50/ESMF_Testing/intel_2025.3.0_mpiuni_O_develop/esmf/src/Superstructure/StateReconcile'
/bin/sh: line 0: [: -ge: unary operator expected
tree_include in: /discover/nobackup/projects/gmao/SIteam/ESMF_Testing/intel_2025.3.0_mpiuni_O_develop/esmf/src/Superstructure/StateReconcile/src
make[6]: Entering directory '/gpfsm/dnb10/projects/p50/ESMF_Testing/intel_2025.3.0_mpiuni_O_develop/esmf/src/Superstructure/StateReconcile/src'
/bin/sh: line 0: [: -ge: unary operator expected
make[6]: Leaving directory '/gpfsm/dnb10/projects/p50/ESMF_Testing/intel_2025.3.0_mpiuni_O_develop/esmf/src/Superstructure/StateReconcile/src'
tree_include in: /discover/nobackup/projects/gmao/SIteam/ESMF_Testing/intel_2025.3.0_mpiuni_O_develop/esmf/src/Superstructure/StateReconcile/doc
make[6]: Entering directory '/gpfsm/dnb10/projects/p50/ESMF_Testing/intel_2025.3.0_mpiuni_O_develop/esmf/src/Superstructure/StateReconcile/doc'
/bin/sh: line 0: [: -ge: unary operator expected
make[6]: Leaving directory '/gpfsm/dnb10/projects/p50/ESMF_Testing/intel_2025.3.0_mpiuni_O_develop/esmf/src/Superstructure/StateReconcile/doc'
tree_include in: /discover/nobackup/projects/gmao/SIteam/ESMF_Testing/intel_2025.3.0_mpiuni_O_develop/esmf/src/Superstructure/StateReconcile/tests
make[6]: Entering directory '/gpfsm/dnb10/projects/p50/ESMF_Testing/intel_2025.3.0_mpiuni_O_develop/esmf/src/Superstructure/StateReconcile/tests'
/bin/sh: line 0: [: -ge: unary operator expected
make[6]: Leaving directory '/gpfsm/dnb10/projects/p50/ESMF_Testing/intel_2025.3.0_mpiuni_O_develop/esmf/src/Superstructure/StateReconcile/tests'
tree_include in: /discover/nobackup/projects/gmao/SIteam/ESMF_Testing/intel_2025.3.0_mpiuni_O_develop/esmf/src/Superstructure/StateReconcile/examples
make[6]: Entering directory '/gpfsm/dnb10/projects/p50/ESMF_Testing/intel_2025.3.0_mpiuni_O_develop/esmf/src/Superstructure/StateReconcile/examples'
/bin/sh: line 0: [: -ge: unary operator expected
make[6]: Leaving directory '/gpfsm/dnb10/projects/p50/ESMF_Testing/intel_2025.3.0_mpiuni_O_develop/esmf/src/Superstructure/StateReconcile/examples'
make[5]: Leaving directory '/gpfsm/dnb10/projects/p50/ESMF_Testing/intel_2025.3.0_mpiuni_O_develop/esmf/src/Superstructure/StateReconcile'
tree_include in: /discover/nobackup/projects/gmao/SIteam/ESMF_Testing/intel_2025.3.0_mpiuni_O_develop/esmf/src/Superstructure/AttributeAPI
make[5]: Entering directory '/gpfsm/dnb10/projects/p50/ESMF_Testing/intel_2025.3.0_mpiuni_O_develop/esmf/src/Superstructure/AttributeAPI'
/bin/sh: line 0: [: -ge: unary operator expected
tree_include in: /discover/nobackup/projects/gmao/SIteam/ESMF_Testing/intel_2025.3.0_mpiuni_O_develop/esmf/src/Superstructure/AttributeAPI/interface
make[6]: Entering directory '/gpfsm/dnb10/projects/p50/ESMF_Testing/intel_2025.3.0_mpiuni_O_develop/esmf/src/Superstructure/AttributeAPI/interface'
/bin/sh: line 0: [: -ge: unary operator expected
make[6]: Leaving directory '/gpfsm/dnb10/projects/p50/ESMF_Testing/intel_2025.3.0_mpiuni_O_develop/esmf/src/Superstructure/AttributeAPI/interface'
tree_include in: /discover/nobackup/projects/gmao/SIteam/ESMF_Testing/intel_2025.3.0_mpiuni_O_develop/esmf/src/Superstructure/AttributeAPI/tests
make[6]: Entering directory '/gpfsm/dnb10/projects/p50/ESMF_Testing/intel_2025.3.0_mpiuni_O_develop/esmf/src/Superstructure/AttributeAPI/tests'
/bin/sh: line 0: [: -ge: unary operator expected
make[6]: Leaving directory '/gpfsm/dnb10/projects/p50/ESMF_Testing/intel_2025.3.0_mpiuni_O_develop/esmf/src/Superstructure/AttributeAPI/tests'
tree_include in: /discover/nobackup/projects/gmao/SIteam/ESMF_Testing/intel_2025.3.0_mpiuni_O_develop/esmf/src/Superstructure/AttributeAPI/doc
make[6]: Entering directory '/gpfsm/dnb10/projects/p50/ESMF_Testing/intel_2025.3.0_mpiuni_O_develop/esmf/src/Superstructure/AttributeAPI/doc'
/bin/sh: line 0: [: -ge: unary operator expected
make[6]: Leaving directory '/gpfsm/dnb10/projects/p50/ESMF_Testing/intel_2025.3.0_mpiuni_O_develop/esmf/src/Superstructure/AttributeAPI/doc'
make[5]: Leaving directory '/gpfsm/dnb10/projects/p50/ESMF_Testing/intel_2025.3.0_mpiuni_O_develop/esmf/src/Superstructure/AttributeAPI'
tree_include in: /discover/nobackup/projects/gmao/SIteam/ESMF_Testing/intel_2025.3.0_mpiuni_O_develop/esmf/src/Superstructure/TraceAPI
make[5]: Entering directory '/gpfsm/dnb10/projects/p50/ESMF_Testing/intel_2025.3.0_mpiuni_O_develop/esmf/src/Superstructure/TraceAPI'
/bin/sh: line 0: [: -ge: unary operator expected
tree_include in: /discover/nobackup/projects/gmao/SIteam/ESMF_Testing/intel_2025.3.0_mpiuni_O_develop/esmf/src/Superstructure/TraceAPI/interface
make[6]: Entering directory '/gpfsm/dnb10/projects/p50/ESMF_Testing/intel_2025.3.0_mpiuni_O_develop/esmf/src/Superstructure/TraceAPI/interface'
/bin/sh: line 0: [: -ge: unary operator expected
make[6]: Leaving directory '/gpfsm/dnb10/projects/p50/ESMF_Testing/intel_2025.3.0_mpiuni_O_develop/esmf/src/Superstructure/TraceAPI/interface'
make[5]: Leaving directory '/gpfsm/dnb10/projects/p50/ESMF_Testing/intel_2025.3.0_mpiuni_O_develop/esmf/src/Superstructure/TraceAPI'
tree_include in: /discover/nobackup/projects/gmao/SIteam/ESMF_Testing/intel_2025.3.0_mpiuni_O_develop/esmf/src/Superstructure/WebServices
make[5]: Entering directory '/gpfsm/dnb10/projects/p50/ESMF_Testing/intel_2025.3.0_mpiuni_O_develop/esmf/src/Superstructure/WebServices'
/bin/sh: line 0: [: -ge: unary operator expected
tree_include in: /discover/nobackup/projects/gmao/SIteam/ESMF_Testing/intel_2025.3.0_mpiuni_O_develop/esmf/src/Superstructure/WebServices/src
make[6]: Entering directory '/gpfsm/dnb10/projects/p50/ESMF_Testing/intel_2025.3.0_mpiuni_O_develop/esmf/src/Superstructure/WebServices/src'
/bin/sh: line 0: [: -ge: unary operator expected
make[6]: Leaving directory '/gpfsm/dnb10/projects/p50/ESMF_Testing/intel_2025.3.0_mpiuni_O_develop/esmf/src/Superstructure/WebServices/src'
tree_include in: /discover/nobackup/projects/gmao/SIteam/ESMF_Testing/intel_2025.3.0_mpiuni_O_develop/esmf/src/Superstructure/WebServices/doc
make[6]: Entering directory '/gpfsm/dnb10/projects/p50/ESMF_Testing/intel_2025.3.0_mpiuni_O_develop/esmf/src/Superstructure/WebServices/doc'
/bin/sh: line 0: [: -ge: unary operator expected
make[6]: Leaving directory '/gpfsm/dnb10/projects/p50/ESMF_Testing/intel_2025.3.0_mpiuni_O_develop/esmf/src/Superstructure/WebServices/doc'
tree_include in: /discover/nobackup/projects/gmao/SIteam/ESMF_Testing/intel_2025.3.0_mpiuni_O_develop/esmf/src/Superstructure/WebServices/examples
make[6]: Entering directory '/gpfsm/dnb10/projects/p50/ESMF_Testing/intel_2025.3.0_mpiuni_O_develop/esmf/src/Superstructure/WebServices/examples'
/bin/sh: line 0: [: -ge: unary operator expected
make[6]: Leaving directory '/gpfsm/dnb10/projects/p50/ESMF_Testing/intel_2025.3.0_mpiuni_O_develop/esmf/src/Superstructure/WebServices/examples'
tree_include in: /discover/nobackup/projects/gmao/SIteam/ESMF_Testing/intel_2025.3.0_mpiuni_O_develop/esmf/src/Superstructure/WebServices/tests
make[6]: Entering directory '/gpfsm/dnb10/projects/p50/ESMF_Testing/intel_2025.3.0_mpiuni_O_develop/esmf/src/Superstructure/WebServices/tests'
/bin/sh: line 0: [: -ge: unary operator expected
make[6]: Leaving directory '/gpfsm/dnb10/projects/p50/ESMF_Testing/intel_2025.3.0_mpiuni_O_develop/esmf/src/Superstructure/WebServices/tests'
make[5]: Leaving directory '/gpfsm/dnb10/projects/p50/ESMF_Testing/intel_2025.3.0_mpiuni_O_develop/esmf/src/Superstructure/WebServices'
tree_include in: /discover/nobackup/projects/gmao/SIteam/ESMF_Testing/intel_2025.3.0_mpiuni_O_develop/esmf/src/Superstructure/IOAPI
make[5]: Entering directory '/gpfsm/dnb10/projects/p50/ESMF_Testing/intel_2025.3.0_mpiuni_O_develop/esmf/src/Superstructure/IOAPI'
/bin/sh: line 0: [: -ge: unary operator expected
tree_include in: /discover/nobackup/projects/gmao/SIteam/ESMF_Testing/intel_2025.3.0_mpiuni_O_develop/esmf/src/Superstructure/IOAPI/interface
make[6]: Entering directory '/gpfsm/dnb10/projects/p50/ESMF_Testing/intel_2025.3.0_mpiuni_O_develop/esmf/src/Superstructure/IOAPI/interface'
/bin/sh: line 0: [: -ge: unary operator expected
make[6]: Leaving directory '/gpfsm/dnb10/projects/p50/ESMF_Testing/intel_2025.3.0_mpiuni_O_develop/esmf/src/Superstructure/IOAPI/interface'
tree_include in: /discover/nobackup/projects/gmao/SIteam/ESMF_Testing/intel_2025.3.0_mpiuni_O_develop/esmf/src/Superstructure/IOAPI/tests
make[6]: Entering directory '/gpfsm/dnb10/projects/p50/ESMF_Testing/intel_2025.3.0_mpiuni_O_develop/esmf/src/Superstructure/IOAPI/tests'
/bin/sh: line 0: [: -ge: unary operator expected
make[6]: Leaving directory '/gpfsm/dnb10/projects/p50/ESMF_Testing/intel_2025.3.0_mpiuni_O_develop/esmf/src/Superstructure/IOAPI/tests'
make[5]: Leaving directory '/gpfsm/dnb10/projects/p50/ESMF_Testing/intel_2025.3.0_mpiuni_O_develop/esmf/src/Superstructure/IOAPI'
tree_include in: /discover/nobackup/projects/gmao/SIteam/ESMF_Testing/intel_2025.3.0_mpiuni_O_develop/esmf/src/Superstructure/PreESMFMod
make[5]: Entering directory '/gpfsm/dnb10/projects/p50/ESMF_Testing/intel_2025.3.0_mpiuni_O_develop/esmf/src/Superstructure/PreESMFMod'
/bin/sh: line 0: [: -ge: unary operator expected
tree_include in: /discover/nobackup/projects/gmao/SIteam/ESMF_Testing/intel_2025.3.0_mpiuni_O_develop/esmf/src/Superstructure/PreESMFMod/src
make[6]: Entering directory '/gpfsm/dnb10/projects/p50/ESMF_Testing/intel_2025.3.0_mpiuni_O_develop/esmf/src/Superstructure/PreESMFMod/src'
/bin/sh: line 0: [: -ge: unary operator expected
make[6]: Leaving directory '/gpfsm/dnb10/projects/p50/ESMF_Testing/intel_2025.3.0_mpiuni_O_develop/esmf/src/Superstructure/PreESMFMod/src'
tree_include in: /discover/nobackup/projects/gmao/SIteam/ESMF_Testing/intel_2025.3.0_mpiuni_O_develop/esmf/src/Superstructure/PreESMFMod/doc
make[6]: Entering directory '/gpfsm/dnb10/projects/p50/ESMF_Testing/intel_2025.3.0_mpiuni_O_develop/esmf/src/Superstructure/PreESMFMod/doc'
/bin/sh: line 0: [: -ge: unary operator expected
make[6]: Leaving directory '/gpfsm/dnb10/projects/p50/ESMF_Testing/intel_2025.3.0_mpiuni_O_develop/esmf/src/Superstructure/PreESMFMod/doc'
tree_include in: /discover/nobackup/projects/gmao/SIteam/ESMF_Testing/intel_2025.3.0_mpiuni_O_develop/esmf/src/Superstructure/PreESMFMod/tests
make[6]: Entering directory '/gpfsm/dnb10/projects/p50/ESMF_Testing/intel_2025.3.0_mpiuni_O_develop/esmf/src/Superstructure/PreESMFMod/tests'
/bin/sh: line 0: [: -ge: unary operator expected
make[6]: Leaving directory '/gpfsm/dnb10/projects/p50/ESMF_Testing/intel_2025.3.0_mpiuni_O_develop/esmf/src/Superstructure/PreESMFMod/tests'
make[5]: Leaving directory '/gpfsm/dnb10/projects/p50/ESMF_Testing/intel_2025.3.0_mpiuni_O_develop/esmf/src/Superstructure/PreESMFMod'
tree_include in: /discover/nobackup/projects/gmao/SIteam/ESMF_Testing/intel_2025.3.0_mpiuni_O_develop/esmf/src/Superstructure/ESMFMod
make[5]: Entering directory '/gpfsm/dnb10/projects/p50/ESMF_Testing/intel_2025.3.0_mpiuni_O_develop/esmf/src/Superstructure/ESMFMod'
/bin/sh: line 0: [: -ge: unary operator expected
tree_include in: /discover/nobackup/projects/gmao/SIteam/ESMF_Testing/intel_2025.3.0_mpiuni_O_develop/esmf/src/Superstructure/ESMFMod/src
make[6]: Entering directory '/gpfsm/dnb10/projects/p50/ESMF_Testing/intel_2025.3.0_mpiuni_O_develop/esmf/src/Superstructure/ESMFMod/src'
/bin/sh: line 0: [: -ge: unary operator expected
make[6]: Leaving directory '/gpfsm/dnb10/projects/p50/ESMF_Testing/intel_2025.3.0_mpiuni_O_develop/esmf/src/Superstructure/ESMFMod/src'
tree_include in: /discover/nobackup/projects/gmao/SIteam/ESMF_Testing/intel_2025.3.0_mpiuni_O_develop/esmf/src/Superstructure/ESMFMod/interface
make[6]: Entering directory '/gpfsm/dnb10/projects/p50/ESMF_Testing/intel_2025.3.0_mpiuni_O_develop/esmf/src/Superstructure/ESMFMod/interface'
/bin/sh: line 0: [: -ge: unary operator expected
make[6]: Leaving directory '/gpfsm/dnb10/projects/p50/ESMF_Testing/intel_2025.3.0_mpiuni_O_develop/esmf/src/Superstructure/ESMFMod/interface'
tree_include in: /discover/nobackup/projects/gmao/SIteam/ESMF_Testing/intel_2025.3.0_mpiuni_O_develop/esmf/src/Superstructure/ESMFMod/tests
make[6]: Entering directory '/gpfsm/dnb10/projects/p50/ESMF_Testing/intel_2025.3.0_mpiuni_O_develop/esmf/src/Superstructure/ESMFMod/tests'
/bin/sh: line 0: [: -ge: unary operator expected
make[6]: Leaving directory '/gpfsm/dnb10/projects/p50/ESMF_Testing/intel_2025.3.0_mpiuni_O_develop/esmf/src/Superstructure/ESMFMod/tests'
tree_include in: /discover/nobackup/projects/gmao/SIteam/ESMF_Testing/intel_2025.3.0_mpiuni_O_develop/esmf/src/Superstructure/ESMFMod/examples
make[6]: Entering directory '/gpfsm/dnb10/projects/p50/ESMF_Testing/intel_2025.3.0_mpiuni_O_develop/esmf/src/Superstructure/ESMFMod/examples'
/bin/sh: line 0: [: -ge: unary operator expected
make[6]: Leaving directory '/gpfsm/dnb10/projects/p50/ESMF_Testing/intel_2025.3.0_mpiuni_O_develop/esmf/src/Superstructure/ESMFMod/examples'
tree_include in: /discover/nobackup/projects/gmao/SIteam/ESMF_Testing/intel_2025.3.0_mpiuni_O_develop/esmf/src/Superstructure/ESMFMod/doc
make[6]: Entering directory '/gpfsm/dnb10/projects/p50/ESMF_Testing/intel_2025.3.0_mpiuni_O_develop/esmf/src/Superstructure/ESMFMod/doc'
/bin/sh: line 0: [: -ge: unary operator expected
make[6]: Leaving directory '/gpfsm/dnb10/projects/p50/ESMF_Testing/intel_2025.3.0_mpiuni_O_develop/esmf/src/Superstructure/ESMFMod/doc'
make[5]: Leaving directory '/gpfsm/dnb10/projects/p50/ESMF_Testing/intel_2025.3.0_mpiuni_O_develop/esmf/src/Superstructure/ESMFMod'
tree_include in: /discover/nobackup/projects/gmao/SIteam/ESMF_Testing/intel_2025.3.0_mpiuni_O_develop/esmf/src/Superstructure/AppDriver
make[5]: Entering directory '/gpfsm/dnb10/projects/p50/ESMF_Testing/intel_2025.3.0_mpiuni_O_develop/esmf/src/Superstructure/AppDriver'
/bin/sh: line 0: [: -ge: unary operator expected
tree_include in: /discover/nobackup/projects/gmao/SIteam/ESMF_Testing/intel_2025.3.0_mpiuni_O_develop/esmf/src/Superstructure/AppDriver/doc
make[6]: Entering directory '/gpfsm/dnb10/projects/p50/ESMF_Testing/intel_2025.3.0_mpiuni_O_develop/esmf/src/Superstructure/AppDriver/doc'
/bin/sh: line 0: [: -ge: unary operator expected
make[6]: Leaving directory '/gpfsm/dnb10/projects/p50/ESMF_Testing/intel_2025.3.0_mpiuni_O_develop/esmf/src/Superstructure/AppDriver/doc'
tree_include in: /discover/nobackup/projects/gmao/SIteam/ESMF_Testing/intel_2025.3.0_mpiuni_O_develop/esmf/src/Superstructure/AppDriver/seq_pairwise_fdriver_spmd
make[6]: Entering directory '/gpfsm/dnb10/projects/p50/ESMF_Testing/intel_2025.3.0_mpiuni_O_develop/esmf/src/Superstructure/AppDriver/seq_pairwise_fdriver_spmd'
/bin/sh: line 0: [: -ge: unary operator expected
make[6]: Leaving directory '/gpfsm/dnb10/projects/p50/ESMF_Testing/intel_2025.3.0_mpiuni_O_develop/esmf/src/Superstructure/AppDriver/seq_pairwise_fdriver_spmd'
make[5]: Leaving directory '/gpfsm/dnb10/projects/p50/ESMF_Testing/intel_2025.3.0_mpiuni_O_develop/esmf/src/Superstructure/AppDriver'
make[4]: Leaving directory '/gpfsm/dnb10/projects/p50/ESMF_Testing/intel_2025.3.0_mpiuni_O_develop/esmf/src/Superstructure'
tree_include in: /discover/nobackup/projects/gmao/SIteam/ESMF_Testing/intel_2025.3.0_mpiuni_O_develop/esmf/src/epilogue
make[4]: Entering directory '/gpfsm/dnb10/projects/p50/ESMF_Testing/intel_2025.3.0_mpiuni_O_develop/esmf/src/epilogue'
/bin/sh: line 0: [: -ge: unary operator expected
tree_include in: /discover/nobackup/projects/gmao/SIteam/ESMF_Testing/intel_2025.3.0_mpiuni_O_develop/esmf/src/epilogue/src
make[5]: Entering directory '/gpfsm/dnb10/projects/p50/ESMF_Testing/intel_2025.3.0_mpiuni_O_develop/esmf/src/epilogue/src'
/bin/sh: line 0: [: -ge: unary operator expected
make[5]: Leaving directory '/gpfsm/dnb10/projects/p50/ESMF_Testing/intel_2025.3.0_mpiuni_O_develop/esmf/src/epilogue/src'
tree_include in: /discover/nobackup/projects/gmao/SIteam/ESMF_Testing/intel_2025.3.0_mpiuni_O_develop/esmf/src/epilogue/tests
make[5]: Entering directory '/gpfsm/dnb10/projects/p50/ESMF_Testing/intel_2025.3.0_mpiuni_O_develop/esmf/src/epilogue/tests'
/bin/sh: line 0: [: -ge: unary operator expected
make[5]: Leaving directory '/gpfsm/dnb10/projects/p50/ESMF_Testing/intel_2025.3.0_mpiuni_O_develop/esmf/src/epilogue/tests'
make[4]: Leaving directory '/gpfsm/dnb10/projects/p50/ESMF_Testing/intel_2025.3.0_mpiuni_O_develop/esmf/src/epilogue'
tree_include in: /discover/nobackup/projects/gmao/SIteam/ESMF_Testing/intel_2025.3.0_mpiuni_O_develop/esmf/src/doc
make[4]: Entering directory '/gpfsm/dnb10/projects/p50/ESMF_Testing/intel_2025.3.0_mpiuni_O_develop/esmf/src/doc'
/bin/sh: line 0: [: -ge: unary operator expected
make[4]: Leaving directory '/gpfsm/dnb10/projects/p50/ESMF_Testing/intel_2025.3.0_mpiuni_O_develop/esmf/src/doc'
tree_include in: /discover/nobackup/projects/gmao/SIteam/ESMF_Testing/intel_2025.3.0_mpiuni_O_develop/esmf/src/system_tests
make[4]: Entering directory '/gpfsm/dnb10/projects/p50/ESMF_Testing/intel_2025.3.0_mpiuni_O_develop/esmf/src/system_tests'
/bin/sh: line 0: [: -ge: unary operator expected
tree_include in: /discover/nobackup/projects/gmao/SIteam/ESMF_Testing/intel_2025.3.0_mpiuni_O_develop/esmf/src/system_tests/ESMF_CompCreate
make[5]: Entering directory '/gpfsm/dnb10/projects/p50/ESMF_Testing/intel_2025.3.0_mpiuni_O_develop/esmf/src/system_tests/ESMF_CompCreate'
/bin/sh: line 0: [: -ge: unary operator expected
make[5]: Leaving directory '/gpfsm/dnb10/projects/p50/ESMF_Testing/intel_2025.3.0_mpiuni_O_develop/esmf/src/system_tests/ESMF_CompCreate'
tree_include in: /discover/nobackup/projects/gmao/SIteam/ESMF_Testing/intel_2025.3.0_mpiuni_O_develop/esmf/src/system_tests/ESMF_CompFortranAndC
make[5]: Entering directory '/gpfsm/dnb10/projects/p50/ESMF_Testing/intel_2025.3.0_mpiuni_O_develop/esmf/src/system_tests/ESMF_CompFortranAndC'
/bin/sh: line 0: [: -ge: unary operator expected
make[5]: Leaving directory '/gpfsm/dnb10/projects/p50/ESMF_Testing/intel_2025.3.0_mpiuni_O_develop/esmf/src/system_tests/ESMF_CompFortranAndC'
tree_include in: /discover/nobackup/projects/gmao/SIteam/ESMF_Testing/intel_2025.3.0_mpiuni_O_develop/esmf/src/system_tests/ESMF_RecursiveComponent
make[5]: Entering directory '/gpfsm/dnb10/projects/p50/ESMF_Testing/intel_2025.3.0_mpiuni_O_develop/esmf/src/system_tests/ESMF_RecursiveComponent'
/bin/sh: line 0: [: -ge: unary operator expected
make[5]: Leaving directory '/gpfsm/dnb10/projects/p50/ESMF_Testing/intel_2025.3.0_mpiuni_O_develop/esmf/src/system_tests/ESMF_RecursiveComponent'
tree_include in: /discover/nobackup/projects/gmao/SIteam/ESMF_Testing/intel_2025.3.0_mpiuni_O_develop/esmf/src/system_tests/ESMF_ArrayScatterGather
make[5]: Entering directory '/gpfsm/dnb10/projects/p50/ESMF_Testing/intel_2025.3.0_mpiuni_O_develop/esmf/src/system_tests/ESMF_ArrayScatterGather'
/bin/sh: line 0: [: -ge: unary operator expected
make[5]: Leaving directory '/gpfsm/dnb10/projects/p50/ESMF_Testing/intel_2025.3.0_mpiuni_O_develop/esmf/src/system_tests/ESMF_ArrayScatterGather'
tree_include in: /discover/nobackup/projects/gmao/SIteam/ESMF_Testing/intel_2025.3.0_mpiuni_O_develop/esmf/src/system_tests/ESMF_Attribute
make[5]: Entering directory '/gpfsm/dnb10/projects/p50/ESMF_Testing/intel_2025.3.0_mpiuni_O_develop/esmf/src/system_tests/ESMF_Attribute'
/bin/sh: line 0: [: -ge: unary operator expected
make[5]: Leaving directory '/gpfsm/dnb10/projects/p50/ESMF_Testing/intel_2025.3.0_mpiuni_O_develop/esmf/src/system_tests/ESMF_Attribute'
tree_include in: /discover/nobackup/projects/gmao/SIteam/ESMF_Testing/intel_2025.3.0_mpiuni_O_develop/esmf/src/system_tests/ESMF_ComplianceChecker
make[5]: Entering directory '/gpfsm/dnb10/projects/p50/ESMF_Testing/intel_2025.3.0_mpiuni_O_develop/esmf/src/system_tests/ESMF_ComplianceChecker'
/bin/sh: line 0: [: -ge: unary operator expected
make[5]: Leaving directory '/gpfsm/dnb10/projects/p50/ESMF_Testing/intel_2025.3.0_mpiuni_O_develop/esmf/src/system_tests/ESMF_ComplianceChecker'
tree_include in: /discover/nobackup/projects/gmao/SIteam/ESMF_Testing/intel_2025.3.0_mpiuni_O_develop/esmf/src/system_tests/ESMF_ArraySparseMatMul
make[5]: Entering directory '/gpfsm/dnb10/projects/p50/ESMF_Testing/intel_2025.3.0_mpiuni_O_develop/esmf/src/system_tests/ESMF_ArraySparseMatMul'
/bin/sh: line 0: [: -ge: unary operator expected
make[5]: Leaving directory '/gpfsm/dnb10/projects/p50/ESMF_Testing/intel_2025.3.0_mpiuni_O_develop/esmf/src/system_tests/ESMF_ArraySparseMatMul'
tree_include in: /discover/nobackup/projects/gmao/SIteam/ESMF_Testing/intel_2025.3.0_mpiuni_O_develop/esmf/src/system_tests/ESMF_ArrayRedist
make[5]: Entering directory '/gpfsm/dnb10/projects/p50/ESMF_Testing/intel_2025.3.0_mpiuni_O_develop/esmf/src/system_tests/ESMF_ArrayRedist'
/bin/sh: line 0: [: -ge: unary operator expected
make[5]: Leaving directory '/gpfsm/dnb10/projects/p50/ESMF_Testing/intel_2025.3.0_mpiuni_O_develop/esmf/src/system_tests/ESMF_ArrayRedist'
tree_include in: /discover/nobackup/projects/gmao/SIteam/ESMF_Testing/intel_2025.3.0_mpiuni_O_develop/esmf/src/system_tests/ESMF_ArrayRedistMPMD
make[5]: Entering directory '/gpfsm/dnb10/projects/p50/ESMF_Testing/intel_2025.3.0_mpiuni_O_develop/esmf/src/system_tests/ESMF_ArrayRedistMPMD'
/bin/sh: line 0: [: -ge: unary operator expected
make[5]: Leaving directory '/gpfsm/dnb10/projects/p50/ESMF_Testing/intel_2025.3.0_mpiuni_O_develop/esmf/src/system_tests/ESMF_ArrayRedistMPMD'
tree_include in: /discover/nobackup/projects/gmao/SIteam/ESMF_Testing/intel_2025.3.0_mpiuni_O_develop/esmf/src/system_tests/ESMF_ArrayRedistSharedObj
make[5]: Entering directory '/gpfsm/dnb10/projects/p50/ESMF_Testing/intel_2025.3.0_mpiuni_O_develop/esmf/src/system_tests/ESMF_ArrayRedistSharedObj'
/bin/sh: line 0: [: -ge: unary operator expected
make[5]: Leaving directory '/gpfsm/dnb10/projects/p50/ESMF_Testing/intel_2025.3.0_mpiuni_O_develop/esmf/src/system_tests/ESMF_ArrayRedistSharedObj'
tree_include in: /discover/nobackup/projects/gmao/SIteam/ESMF_Testing/intel_2025.3.0_mpiuni_O_develop/esmf/src/system_tests/ESMF_ArrayRedist3D
make[5]: Entering directory '/gpfsm/dnb10/projects/p50/ESMF_Testing/intel_2025.3.0_mpiuni_O_develop/esmf/src/system_tests/ESMF_ArrayRedist3D'
/bin/sh: line 0: [: -ge: unary operator expected
make[5]: Leaving directory '/gpfsm/dnb10/projects/p50/ESMF_Testing/intel_2025.3.0_mpiuni_O_develop/esmf/src/system_tests/ESMF_ArrayRedist3D'
tree_include in: /discover/nobackup/projects/gmao/SIteam/ESMF_Testing/intel_2025.3.0_mpiuni_O_develop/esmf/src/system_tests/ESMF_ArrayBundleSparseMatMul
make[5]: Entering directory '/gpfsm/dnb10/projects/p50/ESMF_Testing/intel_2025.3.0_mpiuni_O_develop/esmf/src/system_tests/ESMF_ArrayBundleSparseMatMul'
/bin/sh: line 0: [: -ge: unary operator expected
make[5]: Leaving directory '/gpfsm/dnb10/projects/p50/ESMF_Testing/intel_2025.3.0_mpiuni_O_develop/esmf/src/system_tests/ESMF_ArrayBundleSparseMatMul'
tree_include in: /discover/nobackup/projects/gmao/SIteam/ESMF_Testing/intel_2025.3.0_mpiuni_O_develop/esmf/src/system_tests/ESMF_ArrayBundleRedist
make[5]: Entering directory '/gpfsm/dnb10/projects/p50/ESMF_Testing/intel_2025.3.0_mpiuni_O_develop/esmf/src/system_tests/ESMF_ArrayBundleRedist'
/bin/sh: line 0: [: -ge: unary operator expected
make[5]: Leaving directory '/gpfsm/dnb10/projects/p50/ESMF_Testing/intel_2025.3.0_mpiuni_O_develop/esmf/src/system_tests/ESMF_ArrayBundleRedist'
tree_include in: /discover/nobackup/projects/gmao/SIteam/ESMF_Testing/intel_2025.3.0_mpiuni_O_develop/esmf/src/system_tests/ESMF_ArrayRedistOpenMP
make[5]: Entering directory '/gpfsm/dnb10/projects/p50/ESMF_Testing/intel_2025.3.0_mpiuni_O_develop/esmf/src/system_tests/ESMF_ArrayRedistOpenMP'
/bin/sh: line 0: [: -ge: unary operator expected
make[5]: Leaving directory '/gpfsm/dnb10/projects/p50/ESMF_Testing/intel_2025.3.0_mpiuni_O_develop/esmf/src/system_tests/ESMF_ArrayRedistOpenMP'
tree_include in: /discover/nobackup/projects/gmao/SIteam/ESMF_Testing/intel_2025.3.0_mpiuni_O_develop/esmf/src/system_tests/ESMF_ArrayRedistOpenACC
make[5]: Entering directory '/gpfsm/dnb10/projects/p50/ESMF_Testing/intel_2025.3.0_mpiuni_O_develop/esmf/src/system_tests/ESMF_ArrayRedistOpenACC'
/bin/sh: line 0: [: -ge: unary operator expected
make[5]: Leaving directory '/gpfsm/dnb10/projects/p50/ESMF_Testing/intel_2025.3.0_mpiuni_O_develop/esmf/src/system_tests/ESMF_ArrayRedistOpenACC'
tree_include in: /discover/nobackup/projects/gmao/SIteam/ESMF_Testing/intel_2025.3.0_mpiuni_O_develop/esmf/src/system_tests/ESMF_ArraySharedDeSSI
make[5]: Entering directory '/gpfsm/dnb10/projects/p50/ESMF_Testing/intel_2025.3.0_mpiuni_O_develop/esmf/src/system_tests/ESMF_ArraySharedDeSSI'
/bin/sh: line 0: [: -ge: unary operator expected
make[5]: Leaving directory '/gpfsm/dnb10/projects/p50/ESMF_Testing/intel_2025.3.0_mpiuni_O_develop/esmf/src/system_tests/ESMF_ArraySharedDeSSI'
tree_include in: /discover/nobackup/projects/gmao/SIteam/ESMF_Testing/intel_2025.3.0_mpiuni_O_develop/esmf/src/system_tests/ESMC_FieldRegrid
make[5]: Entering directory '/gpfsm/dnb10/projects/p50/ESMF_Testing/intel_2025.3.0_mpiuni_O_develop/esmf/src/system_tests/ESMC_FieldRegrid'
/bin/sh: line 0: [: -ge: unary operator expected
make[5]: Leaving directory '/gpfsm/dnb10/projects/p50/ESMF_Testing/intel_2025.3.0_mpiuni_O_develop/esmf/src/system_tests/ESMC_FieldRegrid'
tree_include in: /discover/nobackup/projects/gmao/SIteam/ESMF_Testing/intel_2025.3.0_mpiuni_O_develop/esmf/src/system_tests/ESMF_ConcurrentComponent
make[5]: Entering directory '/gpfsm/dnb10/projects/p50/ESMF_Testing/intel_2025.3.0_mpiuni_O_develop/esmf/src/system_tests/ESMF_ConcurrentComponent'
/bin/sh: line 0: [: -ge: unary operator expected
make[5]: Leaving directory '/gpfsm/dnb10/projects/p50/ESMF_Testing/intel_2025.3.0_mpiuni_O_develop/esmf/src/system_tests/ESMF_ConcurrentComponent'
tree_include in: /discover/nobackup/projects/gmao/SIteam/ESMF_Testing/intel_2025.3.0_mpiuni_O_develop/esmf/src/system_tests/ESMF_FieldConcurrentComp
make[5]: Entering directory '/gpfsm/dnb10/projects/p50/ESMF_Testing/intel_2025.3.0_mpiuni_O_develop/esmf/src/system_tests/ESMF_FieldConcurrentComp'
/bin/sh: line 0: [: -ge: unary operator expected
make[5]: Leaving directory '/gpfsm/dnb10/projects/p50/ESMF_Testing/intel_2025.3.0_mpiuni_O_develop/esmf/src/system_tests/ESMF_FieldConcurrentComp'
tree_include in: /discover/nobackup/projects/gmao/SIteam/ESMF_Testing/intel_2025.3.0_mpiuni_O_develop/esmf/src/system_tests/ESMF_FieldBundleSMM
make[5]: Entering directory '/gpfsm/dnb10/projects/p50/ESMF_Testing/intel_2025.3.0_mpiuni_O_develop/esmf/src/system_tests/ESMF_FieldBundleSMM'
/bin/sh: line 0: [: -ge: unary operator expected
make[5]: Leaving directory '/gpfsm/dnb10/projects/p50/ESMF_Testing/intel_2025.3.0_mpiuni_O_develop/esmf/src/system_tests/ESMF_FieldBundleSMM'
tree_include in: /discover/nobackup/projects/gmao/SIteam/ESMF_Testing/intel_2025.3.0_mpiuni_O_develop/esmf/src/system_tests/ESMF_FieldBundleSMMPacked
make[5]: Entering directory '/gpfsm/dnb10/projects/p50/ESMF_Testing/intel_2025.3.0_mpiuni_O_develop/esmf/src/system_tests/ESMF_FieldBundleSMMPacked'
/bin/sh: line 0: [: -ge: unary operator expected
make[5]: Leaving directory '/gpfsm/dnb10/projects/p50/ESMF_Testing/intel_2025.3.0_mpiuni_O_develop/esmf/src/system_tests/ESMF_FieldBundleSMMPacked'
tree_include in: /discover/nobackup/projects/gmao/SIteam/ESMF_Testing/intel_2025.3.0_mpiuni_O_develop/esmf/src/system_tests/ESMF_FieldBundleRedistPacked
make[5]: Entering directory '/gpfsm/dnb10/projects/p50/ESMF_Testing/intel_2025.3.0_mpiuni_O_develop/esmf/src/system_tests/ESMF_FieldBundleRedistPacked'
/bin/sh: line 0: [: -ge: unary operator expected
make[5]: Leaving directory '/gpfsm/dnb10/projects/p50/ESMF_Testing/intel_2025.3.0_mpiuni_O_develop/esmf/src/system_tests/ESMF_FieldBundleRedistPacked'
tree_include in: /discover/nobackup/projects/gmao/SIteam/ESMF_Testing/intel_2025.3.0_mpiuni_O_develop/esmf/src/system_tests/ESMF_FieldBundleRegridPacked
make[5]: Entering directory '/gpfsm/dnb10/projects/p50/ESMF_Testing/intel_2025.3.0_mpiuni_O_develop/esmf/src/system_tests/ESMF_FieldBundleRegridPacked'
/bin/sh: line 0: [: -ge: unary operator expected
make[5]: Leaving directory '/gpfsm/dnb10/projects/p50/ESMF_Testing/intel_2025.3.0_mpiuni_O_develop/esmf/src/system_tests/ESMF_FieldBundleRegridPacked'
tree_include in: /discover/nobackup/projects/gmao/SIteam/ESMF_Testing/intel_2025.3.0_mpiuni_O_develop/esmf/src/system_tests/ESMF_FieldRedist
make[5]: Entering directory '/gpfsm/dnb10/projects/p50/ESMF_Testing/intel_2025.3.0_mpiuni_O_develop/esmf/src/system_tests/ESMF_FieldRedist'
/bin/sh: line 0: [: -ge: unary operator expected
make[5]: Leaving directory '/gpfsm/dnb10/projects/p50/ESMF_Testing/intel_2025.3.0_mpiuni_O_develop/esmf/src/system_tests/ESMF_FieldRedist'
tree_include in: /discover/nobackup/projects/gmao/SIteam/ESMF_Testing/intel_2025.3.0_mpiuni_O_develop/esmf/src/system_tests/ESMF_FieldRedistBlk2Blk
make[5]: Entering directory '/gpfsm/dnb10/projects/p50/ESMF_Testing/intel_2025.3.0_mpiuni_O_develop/esmf/src/system_tests/ESMF_FieldRedistBlk2Blk'
/bin/sh: line 0: [: -ge: unary operator expected
make[5]: Leaving directory '/gpfsm/dnb10/projects/p50/ESMF_Testing/intel_2025.3.0_mpiuni_O_develop/esmf/src/system_tests/ESMF_FieldRedistBlk2Blk'
tree_include in: /discover/nobackup/projects/gmao/SIteam/ESMF_Testing/intel_2025.3.0_mpiuni_O_develop/esmf/src/system_tests/ESMF_FieldRedistBlk2Arb
make[5]: Entering directory '/gpfsm/dnb10/projects/p50/ESMF_Testing/intel_2025.3.0_mpiuni_O_develop/esmf/src/system_tests/ESMF_FieldRedistBlk2Arb'
/bin/sh: line 0: [: -ge: unary operator expected
make[5]: Leaving directory '/gpfsm/dnb10/projects/p50/ESMF_Testing/intel_2025.3.0_mpiuni_O_develop/esmf/src/system_tests/ESMF_FieldRedistBlk2Arb'
tree_include in: /discover/nobackup/projects/gmao/SIteam/ESMF_Testing/intel_2025.3.0_mpiuni_O_develop/esmf/src/system_tests/ESMF_FieldRedistArb2Arb
make[5]: Entering directory '/gpfsm/dnb10/projects/p50/ESMF_Testing/intel_2025.3.0_mpiuni_O_develop/esmf/src/system_tests/ESMF_FieldRedistArb2Arb'
/bin/sh: line 0: [: -ge: unary operator expected
make[5]: Leaving directory '/gpfsm/dnb10/projects/p50/ESMF_Testing/intel_2025.3.0_mpiuni_O_develop/esmf/src/system_tests/ESMF_FieldRedistArb2Arb'
tree_include in: /discover/nobackup/projects/gmao/SIteam/ESMF_Testing/intel_2025.3.0_mpiuni_O_develop/esmf/src/system_tests/ESMF_FieldBundleLSRedistArb2Arb
make[5]: Entering directory '/gpfsm/dnb10/projects/p50/ESMF_Testing/intel_2025.3.0_mpiuni_O_develop/esmf/src/system_tests/ESMF_FieldBundleLSRedistArb2Arb'
/bin/sh: line 0: [: -ge: unary operator expected
make[5]: Leaving directory '/gpfsm/dnb10/projects/p50/ESMF_Testing/intel_2025.3.0_mpiuni_O_develop/esmf/src/system_tests/ESMF_FieldBundleLSRedistArb2Arb'
tree_include in: /discover/nobackup/projects/gmao/SIteam/ESMF_Testing/intel_2025.3.0_mpiuni_O_develop/esmf/src/system_tests/ESMF_FieldBundleLSRedistArb2ArbUngrdDim
make[5]: Entering directory '/gpfsm/dnb10/projects/p50/ESMF_Testing/intel_2025.3.0_mpiuni_O_develop/esmf/src/system_tests/ESMF_FieldBundleLSRedistArb2ArbUngrdDim'
/bin/sh: line 0: [: -ge: unary operator expected
make[5]: Leaving directory '/gpfsm/dnb10/projects/p50/ESMF_Testing/intel_2025.3.0_mpiuni_O_develop/esmf/src/system_tests/ESMF_FieldBundleLSRedistArb2ArbUngrdDim'
tree_include in: /discover/nobackup/projects/gmao/SIteam/ESMF_Testing/intel_2025.3.0_mpiuni_O_develop/esmf/src/system_tests/ESMF_FieldBundleRedistBlk2Blk
make[5]: Entering directory '/gpfsm/dnb10/projects/p50/ESMF_Testing/intel_2025.3.0_mpiuni_O_develop/esmf/src/system_tests/ESMF_FieldBundleRedistBlk2Blk'
/bin/sh: line 0: [: -ge: unary operator expected
make[5]: Leaving directory '/gpfsm/dnb10/projects/p50/ESMF_Testing/intel_2025.3.0_mpiuni_O_develop/esmf/src/system_tests/ESMF_FieldBundleRedistBlk2Blk'
tree_include in: /discover/nobackup/projects/gmao/SIteam/ESMF_Testing/intel_2025.3.0_mpiuni_O_develop/esmf/src/system_tests/ESMF_FieldBundleRedistBlk2Arb
make[5]: Entering directory '/gpfsm/dnb10/projects/p50/ESMF_Testing/intel_2025.3.0_mpiuni_O_develop/esmf/src/system_tests/ESMF_FieldBundleRedistBlk2Arb'
/bin/sh: line 0: [: -ge: unary operator expected
make[5]: Leaving directory '/gpfsm/dnb10/projects/p50/ESMF_Testing/intel_2025.3.0_mpiuni_O_develop/esmf/src/system_tests/ESMF_FieldBundleRedistBlk2Arb'
tree_include in: /discover/nobackup/projects/gmao/SIteam/ESMF_Testing/intel_2025.3.0_mpiuni_O_develop/esmf/src/system_tests/ESMF_FieldBundleRedistArb2Arb
make[5]: Entering directory '/gpfsm/dnb10/projects/p50/ESMF_Testing/intel_2025.3.0_mpiuni_O_develop/esmf/src/system_tests/ESMF_FieldBundleRedistArb2Arb'
/bin/sh: line 0: [: -ge: unary operator expected
make[5]: Leaving directory '/gpfsm/dnb10/projects/p50/ESMF_Testing/intel_2025.3.0_mpiuni_O_develop/esmf/src/system_tests/ESMF_FieldBundleRedistArb2Arb'
tree_include in: /discover/nobackup/projects/gmao/SIteam/ESMF_Testing/intel_2025.3.0_mpiuni_O_develop/esmf/src/system_tests/ESMF_FieldRegrid
make[5]: Entering directory '/gpfsm/dnb10/projects/p50/ESMF_Testing/intel_2025.3.0_mpiuni_O_develop/esmf/src/system_tests/ESMF_FieldRegrid'
/bin/sh: line 0: [: -ge: unary operator expected
make[5]: Leaving directory '/gpfsm/dnb10/projects/p50/ESMF_Testing/intel_2025.3.0_mpiuni_O_develop/esmf/src/system_tests/ESMF_FieldRegrid'
tree_include in: /discover/nobackup/projects/gmao/SIteam/ESMF_Testing/intel_2025.3.0_mpiuni_O_develop/esmf/src/system_tests/ESMF_FieldRegridDisjoint
make[5]: Entering directory '/gpfsm/dnb10/projects/p50/ESMF_Testing/intel_2025.3.0_mpiuni_O_develop/esmf/src/system_tests/ESMF_FieldRegridDisjoint'
/bin/sh: line 0: [: -ge: unary operator expected
make[5]: Leaving directory '/gpfsm/dnb10/projects/p50/ESMF_Testing/intel_2025.3.0_mpiuni_O_develop/esmf/src/system_tests/ESMF_FieldRegridDisjoint'
tree_include in: /discover/nobackup/projects/gmao/SIteam/ESMF_Testing/intel_2025.3.0_mpiuni_O_develop/esmf/src/system_tests/ESMF_FieldRegridOverlap
make[5]: Entering directory '/gpfsm/dnb10/projects/p50/ESMF_Testing/intel_2025.3.0_mpiuni_O_develop/esmf/src/system_tests/ESMF_FieldRegridOverlap'
/bin/sh: line 0: [: -ge: unary operator expected
make[5]: Leaving directory '/gpfsm/dnb10/projects/p50/ESMF_Testing/intel_2025.3.0_mpiuni_O_develop/esmf/src/system_tests/ESMF_FieldRegridOverlap'
tree_include in: /discover/nobackup/projects/gmao/SIteam/ESMF_Testing/intel_2025.3.0_mpiuni_O_develop/esmf/src/system_tests/ESMF_FieldRegridMesh
make[5]: Entering directory '/gpfsm/dnb10/projects/p50/ESMF_Testing/intel_2025.3.0_mpiuni_O_develop/esmf/src/system_tests/ESMF_FieldRegridMesh'
/bin/sh: line 0: [: -ge: unary operator expected
make[5]: Leaving directory '/gpfsm/dnb10/projects/p50/ESMF_Testing/intel_2025.3.0_mpiuni_O_develop/esmf/src/system_tests/ESMF_FieldRegridMesh'
tree_include in: /discover/nobackup/projects/gmao/SIteam/ESMF_Testing/intel_2025.3.0_mpiuni_O_develop/esmf/src/system_tests/ESMF_FieldRegridMeshToMesh
make[5]: Entering directory '/gpfsm/dnb10/projects/p50/ESMF_Testing/intel_2025.3.0_mpiuni_O_develop/esmf/src/system_tests/ESMF_FieldRegridMeshToMesh'
/bin/sh: line 0: [: -ge: unary operator expected
make[5]: Leaving directory '/gpfsm/dnb10/projects/p50/ESMF_Testing/intel_2025.3.0_mpiuni_O_develop/esmf/src/system_tests/ESMF_FieldRegridMeshToMesh'
tree_include in: /discover/nobackup/projects/gmao/SIteam/ESMF_Testing/intel_2025.3.0_mpiuni_O_develop/esmf/src/system_tests/ESMF_FieldRegridLS
make[5]: Entering directory '/gpfsm/dnb10/projects/p50/ESMF_Testing/intel_2025.3.0_mpiuni_O_develop/esmf/src/system_tests/ESMF_FieldRegridLS'
/bin/sh: line 0: [: -ge: unary operator expected
make[5]: Leaving directory '/gpfsm/dnb10/projects/p50/ESMF_Testing/intel_2025.3.0_mpiuni_O_develop/esmf/src/system_tests/ESMF_FieldRegridLS'
tree_include in: /discover/nobackup/projects/gmao/SIteam/ESMF_Testing/intel_2025.3.0_mpiuni_O_develop/esmf/src/system_tests/ESMF_FieldRegridPatchDisjoint
make[5]: Entering directory '/gpfsm/dnb10/projects/p50/ESMF_Testing/intel_2025.3.0_mpiuni_O_develop/esmf/src/system_tests/ESMF_FieldRegridPatchDisjoint'
/bin/sh: line 0: [: -ge: unary operator expected
make[5]: Leaving directory '/gpfsm/dnb10/projects/p50/ESMF_Testing/intel_2025.3.0_mpiuni_O_develop/esmf/src/system_tests/ESMF_FieldRegridPatchDisjoint'
tree_include in: /discover/nobackup/projects/gmao/SIteam/ESMF_Testing/intel_2025.3.0_mpiuni_O_develop/esmf/src/system_tests/ESMF_FieldSparseMatMul
make[5]: Entering directory '/gpfsm/dnb10/projects/p50/ESMF_Testing/intel_2025.3.0_mpiuni_O_develop/esmf/src/system_tests/ESMF_FieldSparseMatMul'
/bin/sh: line 0: [: -ge: unary operator expected
make[5]: Leaving directory '/gpfsm/dnb10/projects/p50/ESMF_Testing/intel_2025.3.0_mpiuni_O_develop/esmf/src/system_tests/ESMF_FieldSparseMatMul'
tree_include in: /discover/nobackup/projects/gmao/SIteam/ESMF_Testing/intel_2025.3.0_mpiuni_O_develop/esmf/src/system_tests/ESMF_FieldSharedDeSSI
make[5]: Entering directory '/gpfsm/dnb10/projects/p50/ESMF_Testing/intel_2025.3.0_mpiuni_O_develop/esmf/src/system_tests/ESMF_FieldSharedDeSSI'
/bin/sh: line 0: [: -ge: unary operator expected
make[5]: Leaving directory '/gpfsm/dnb10/projects/p50/ESMF_Testing/intel_2025.3.0_mpiuni_O_develop/esmf/src/system_tests/ESMF_FieldSharedDeSSI'
tree_include in: /discover/nobackup/projects/gmao/SIteam/ESMF_Testing/intel_2025.3.0_mpiuni_O_develop/esmf/src/system_tests/ESMF_FieldLSRedistArb2Arb
make[5]: Entering directory '/gpfsm/dnb10/projects/p50/ESMF_Testing/intel_2025.3.0_mpiuni_O_develop/esmf/src/system_tests/ESMF_FieldLSRedistArb2Arb'
/bin/sh: line 0: [: -ge: unary operator expected
make[5]: Leaving directory '/gpfsm/dnb10/projects/p50/ESMF_Testing/intel_2025.3.0_mpiuni_O_develop/esmf/src/system_tests/ESMF_FieldLSRedistArb2Arb'
tree_include in: /discover/nobackup/projects/gmao/SIteam/ESMF_Testing/intel_2025.3.0_mpiuni_O_develop/esmf/src/system_tests/ESMF_FieldLSRedistArb2ArbUngrdDim
make[5]: Entering directory '/gpfsm/dnb10/projects/p50/ESMF_Testing/intel_2025.3.0_mpiuni_O_develop/esmf/src/system_tests/ESMF_FieldLSRedistArb2ArbUngrdDim'
/bin/sh: line 0: [: -ge: unary operator expected
make[5]: Leaving directory '/gpfsm/dnb10/projects/p50/ESMF_Testing/intel_2025.3.0_mpiuni_O_develop/esmf/src/system_tests/ESMF_FieldLSRedistArb2ArbUngrdDim'
tree_include in: /discover/nobackup/projects/gmao/SIteam/ESMF_Testing/intel_2025.3.0_mpiuni_O_develop/esmf/src/system_tests/ESMF_FieldLSSMM
make[5]: Entering directory '/gpfsm/dnb10/projects/p50/ESMF_Testing/intel_2025.3.0_mpiuni_O_develop/esmf/src/system_tests/ESMF_FieldLSSMM'
/bin/sh: line 0: [: -ge: unary operator expected
make[5]: Leaving directory '/gpfsm/dnb10/projects/p50/ESMF_Testing/intel_2025.3.0_mpiuni_O_develop/esmf/src/system_tests/ESMF_FieldLSSMM'
tree_include in: /discover/nobackup/projects/gmao/SIteam/ESMF_Testing/intel_2025.3.0_mpiuni_O_develop/esmf/src/system_tests/ESMF_FieldMeshSMM
make[5]: Entering directory '/gpfsm/dnb10/projects/p50/ESMF_Testing/intel_2025.3.0_mpiuni_O_develop/esmf/src/system_tests/ESMF_FieldMeshSMM'
/bin/sh: line 0: [: -ge: unary operator expected
make[5]: Leaving directory '/gpfsm/dnb10/projects/p50/ESMF_Testing/intel_2025.3.0_mpiuni_O_develop/esmf/src/system_tests/ESMF_FieldMeshSMM'
tree_include in: /discover/nobackup/projects/gmao/SIteam/ESMF_Testing/intel_2025.3.0_mpiuni_O_develop/esmf/src/system_tests/ESMF_TransferGrid
make[5]: Entering directory '/gpfsm/dnb10/projects/p50/ESMF_Testing/intel_2025.3.0_mpiuni_O_develop/esmf/src/system_tests/ESMF_TransferGrid'
/bin/sh: line 0: [: -ge: unary operator expected
make[5]: Leaving directory '/gpfsm/dnb10/projects/p50/ESMF_Testing/intel_2025.3.0_mpiuni_O_develop/esmf/src/system_tests/ESMF_TransferGrid'
tree_include in: /discover/nobackup/projects/gmao/SIteam/ESMF_Testing/intel_2025.3.0_mpiuni_O_develop/esmf/src/system_tests/ESMF_TransferMesh
make[5]: Entering directory '/gpfsm/dnb10/projects/p50/ESMF_Testing/intel_2025.3.0_mpiuni_O_develop/esmf/src/system_tests/ESMF_TransferMesh'
/bin/sh: line 0: [: -ge: unary operator expected
make[5]: Leaving directory '/gpfsm/dnb10/projects/p50/ESMF_Testing/intel_2025.3.0_mpiuni_O_develop/esmf/src/system_tests/ESMF_TransferMesh'
tree_include in: /discover/nobackup/projects/gmao/SIteam/ESMF_Testing/intel_2025.3.0_mpiuni_O_develop/esmf/src/system_tests/ESMF_SequentialEnsemble
make[5]: Entering directory '/gpfsm/dnb10/projects/p50/ESMF_Testing/intel_2025.3.0_mpiuni_O_develop/esmf/src/system_tests/ESMF_SequentialEnsemble'
/bin/sh: line 0: [: -ge: unary operator expected
make[5]: Leaving directory '/gpfsm/dnb10/projects/p50/ESMF_Testing/intel_2025.3.0_mpiuni_O_develop/esmf/src/system_tests/ESMF_SequentialEnsemble'
tree_include in: /discover/nobackup/projects/gmao/SIteam/ESMF_Testing/intel_2025.3.0_mpiuni_O_develop/esmf/src/system_tests/ESMF_ConcurrentEnsemble
make[5]: Entering directory '/gpfsm/dnb10/projects/p50/ESMF_Testing/intel_2025.3.0_mpiuni_O_develop/esmf/src/system_tests/ESMF_ConcurrentEnsemble'
/bin/sh: line 0: [: -ge: unary operator expected
make[5]: Leaving directory '/gpfsm/dnb10/projects/p50/ESMF_Testing/intel_2025.3.0_mpiuni_O_develop/esmf/src/system_tests/ESMF_ConcurrentEnsemble'
tree_include in: /discover/nobackup/projects/gmao/SIteam/ESMF_Testing/intel_2025.3.0_mpiuni_O_develop/esmf/src/system_tests/ESMF_DirectCoupling
make[5]: Entering directory '/gpfsm/dnb10/projects/p50/ESMF_Testing/intel_2025.3.0_mpiuni_O_develop/esmf/src/system_tests/ESMF_DirectCoupling'
/bin/sh: line 0: [: -ge: unary operator expected
make[5]: Leaving directory '/gpfsm/dnb10/projects/p50/ESMF_Testing/intel_2025.3.0_mpiuni_O_develop/esmf/src/system_tests/ESMF_DirectCoupling'
tree_include in: /discover/nobackup/projects/gmao/SIteam/ESMF_Testing/intel_2025.3.0_mpiuni_O_develop/esmf/src/system_tests/ESMF_XGridConcurrent
make[5]: Entering directory '/gpfsm/dnb10/projects/p50/ESMF_Testing/intel_2025.3.0_mpiuni_O_develop/esmf/src/system_tests/ESMF_XGridConcurrent'
/bin/sh: line 0: [: -ge: unary operator expected
make[5]: Leaving directory '/gpfsm/dnb10/projects/p50/ESMF_Testing/intel_2025.3.0_mpiuni_O_develop/esmf/src/system_tests/ESMF_XGridConcurrent'
tree_include in: /discover/nobackup/projects/gmao/SIteam/ESMF_Testing/intel_2025.3.0_mpiuni_O_develop/esmf/src/system_tests/ESMF_XGridSerial
make[5]: Entering directory '/gpfsm/dnb10/projects/p50/ESMF_Testing/intel_2025.3.0_mpiuni_O_develop/esmf/src/system_tests/ESMF_XGridSerial'
/bin/sh: line 0: [: -ge: unary operator expected
make[5]: Leaving directory '/gpfsm/dnb10/projects/p50/ESMF_Testing/intel_2025.3.0_mpiuni_O_develop/esmf/src/system_tests/ESMF_XGridSerial'
tree_include in: /discover/nobackup/projects/gmao/SIteam/ESMF_Testing/intel_2025.3.0_mpiuni_O_develop/esmf/src/system_tests/ESMF_Trace
make[5]: Entering directory '/gpfsm/dnb10/projects/p50/ESMF_Testing/intel_2025.3.0_mpiuni_O_develop/esmf/src/system_tests/ESMF_Trace'
/bin/sh: line 0: [: -ge: unary operator expected
make[5]: Leaving directory '/gpfsm/dnb10/projects/p50/ESMF_Testing/intel_2025.3.0_mpiuni_O_develop/esmf/src/system_tests/ESMF_Trace'
make[4]: Leaving directory '/gpfsm/dnb10/projects/p50/ESMF_Testing/intel_2025.3.0_mpiuni_O_develop/esmf/src/system_tests'
tree_include in: /discover/nobackup/projects/gmao/SIteam/ESMF_Testing/intel_2025.3.0_mpiuni_O_develop/esmf/src/apps
make[4]: Entering directory '/gpfsm/dnb10/projects/p50/ESMF_Testing/intel_2025.3.0_mpiuni_O_develop/esmf/src/apps'
/bin/sh: line 0: [: -ge: unary operator expected
tree_include in: /discover/nobackup/projects/gmao/SIteam/ESMF_Testing/intel_2025.3.0_mpiuni_O_develop/esmf/src/apps/ESMF_PrintInfo
make[5]: Entering directory '/gpfsm/dnb10/projects/p50/ESMF_Testing/intel_2025.3.0_mpiuni_O_develop/esmf/src/apps/ESMF_PrintInfo'
/bin/sh: line 0: [: -ge: unary operator expected
make[5]: Leaving directory '/gpfsm/dnb10/projects/p50/ESMF_Testing/intel_2025.3.0_mpiuni_O_develop/esmf/src/apps/ESMF_PrintInfo'
tree_include in: /discover/nobackup/projects/gmao/SIteam/ESMF_Testing/intel_2025.3.0_mpiuni_O_develop/esmf/src/apps/ESMF_PrintInfoC
make[5]: Entering directory '/gpfsm/dnb10/projects/p50/ESMF_Testing/intel_2025.3.0_mpiuni_O_develop/esmf/src/apps/ESMF_PrintInfoC'
/bin/sh: line 0: [: -ge: unary operator expected
make[5]: Leaving directory '/gpfsm/dnb10/projects/p50/ESMF_Testing/intel_2025.3.0_mpiuni_O_develop/esmf/src/apps/ESMF_PrintInfoC'
tree_include in: /discover/nobackup/projects/gmao/SIteam/ESMF_Testing/intel_2025.3.0_mpiuni_O_develop/esmf/src/apps/ESMF_RegridWeightGen
make[5]: Entering directory '/gpfsm/dnb10/projects/p50/ESMF_Testing/intel_2025.3.0_mpiuni_O_develop/esmf/src/apps/ESMF_RegridWeightGen'
/bin/sh: line 0: [: -ge: unary operator expected
make[5]: Leaving directory '/gpfsm/dnb10/projects/p50/ESMF_Testing/intel_2025.3.0_mpiuni_O_develop/esmf/src/apps/ESMF_RegridWeightGen'
tree_include in: /discover/nobackup/projects/gmao/SIteam/ESMF_Testing/intel_2025.3.0_mpiuni_O_develop/esmf/src/apps/ESMF_WebServController
make[5]: Entering directory '/gpfsm/dnb10/projects/p50/ESMF_Testing/intel_2025.3.0_mpiuni_O_develop/esmf/src/apps/ESMF_WebServController'
/bin/sh: line 0: [: -ge: unary operator expected
make[5]: Leaving directory '/gpfsm/dnb10/projects/p50/ESMF_Testing/intel_2025.3.0_mpiuni_O_develop/esmf/src/apps/ESMF_WebServController'
tree_include in: /discover/nobackup/projects/gmao/SIteam/ESMF_Testing/intel_2025.3.0_mpiuni_O_develop/esmf/src/apps/ESMF_Scrip2Unstruct
make[5]: Entering directory '/gpfsm/dnb10/projects/p50/ESMF_Testing/intel_2025.3.0_mpiuni_O_develop/esmf/src/apps/ESMF_Scrip2Unstruct'
/bin/sh: line 0: [: -ge: unary operator expected
make[5]: Leaving directory '/gpfsm/dnb10/projects/p50/ESMF_Testing/intel_2025.3.0_mpiuni_O_develop/esmf/src/apps/ESMF_Scrip2Unstruct'
tree_include in: /discover/nobackup/projects/gmao/SIteam/ESMF_Testing/intel_2025.3.0_mpiuni_O_develop/esmf/src/apps/ESMF_Regrid
make[5]: Entering directory '/gpfsm/dnb10/projects/p50/ESMF_Testing/intel_2025.3.0_mpiuni_O_develop/esmf/src/apps/ESMF_Regrid'
/bin/sh: line 0: [: -ge: unary operator expected
make[5]: Leaving directory '/gpfsm/dnb10/projects/p50/ESMF_Testing/intel_2025.3.0_mpiuni_O_develop/esmf/src/apps/ESMF_Regrid'
tree_include in: /discover/nobackup/projects/gmao/SIteam/ESMF_Testing/intel_2025.3.0_mpiuni_O_develop/esmf/src/apps/ESMX_Builder
make[5]: Entering directory '/gpfsm/dnb10/projects/p50/ESMF_Testing/intel_2025.3.0_mpiuni_O_develop/esmf/src/apps/ESMX_Builder'
/bin/sh: line 0: [: -ge: unary operator expected
make[5]: Leaving directory '/gpfsm/dnb10/projects/p50/ESMF_Testing/intel_2025.3.0_mpiuni_O_develop/esmf/src/apps/ESMX_Builder'
make[4]: Leaving directory '/gpfsm/dnb10/projects/p50/ESMF_Testing/intel_2025.3.0_mpiuni_O_develop/esmf/src/apps'
tree_include in: /discover/nobackup/projects/gmao/SIteam/ESMF_Testing/intel_2025.3.0_mpiuni_O_develop/esmf/src/addon
make[4]: Entering directory '/gpfsm/dnb10/projects/p50/ESMF_Testing/intel_2025.3.0_mpiuni_O_develop/esmf/src/addon'
/bin/sh: line 0: [: -ge: unary operator expected
tree_include in: /discover/nobackup/projects/gmao/SIteam/ESMF_Testing/intel_2025.3.0_mpiuni_O_develop/esmf/src/addon/NUOPC
make[5]: Entering directory '/gpfsm/dnb10/projects/p50/ESMF_Testing/intel_2025.3.0_mpiuni_O_develop/esmf/src/addon/NUOPC'
/bin/sh: line 0: [: -ge: unary operator expected
tree_include in: /discover/nobackup/projects/gmao/SIteam/ESMF_Testing/intel_2025.3.0_mpiuni_O_develop/esmf/src/addon/NUOPC/src
make[6]: Entering directory '/gpfsm/dnb10/projects/p50/ESMF_Testing/intel_2025.3.0_mpiuni_O_develop/esmf/src/addon/NUOPC/src'
/bin/sh: line 0: [: -ge: unary operator expected
make[6]: Leaving directory '/gpfsm/dnb10/projects/p50/ESMF_Testing/intel_2025.3.0_mpiuni_O_develop/esmf/src/addon/NUOPC/src'
tree_include in: /discover/nobackup/projects/gmao/SIteam/ESMF_Testing/intel_2025.3.0_mpiuni_O_develop/esmf/src/addon/NUOPC/interface
make[6]: Entering directory '/gpfsm/dnb10/projects/p50/ESMF_Testing/intel_2025.3.0_mpiuni_O_develop/esmf/src/addon/NUOPC/interface'
/bin/sh: line 0: [: -ge: unary operator expected
make[6]: Leaving directory '/gpfsm/dnb10/projects/p50/ESMF_Testing/intel_2025.3.0_mpiuni_O_develop/esmf/src/addon/NUOPC/interface'
tree_include in: /discover/nobackup/projects/gmao/SIteam/ESMF_Testing/intel_2025.3.0_mpiuni_O_develop/esmf/src/addon/NUOPC/tests
make[6]: Entering directory '/gpfsm/dnb10/projects/p50/ESMF_Testing/intel_2025.3.0_mpiuni_O_develop/esmf/src/addon/NUOPC/tests'
/bin/sh: line 0: [: -ge: unary operator expected
make[6]: Leaving directory '/gpfsm/dnb10/projects/p50/ESMF_Testing/intel_2025.3.0_mpiuni_O_develop/esmf/src/addon/NUOPC/tests'
tree_include in: /discover/nobackup/projects/gmao/SIteam/ESMF_Testing/intel_2025.3.0_mpiuni_O_develop/esmf/src/addon/NUOPC/doc
make[6]: Entering directory '/gpfsm/dnb10/projects/p50/ESMF_Testing/intel_2025.3.0_mpiuni_O_develop/esmf/src/addon/NUOPC/doc'
/bin/sh: line 0: [: -ge: unary operator expected
make[6]: Leaving directory '/gpfsm/dnb10/projects/p50/ESMF_Testing/intel_2025.3.0_mpiuni_O_develop/esmf/src/addon/NUOPC/doc'
tree_include in: /discover/nobackup/projects/gmao/SIteam/ESMF_Testing/intel_2025.3.0_mpiuni_O_develop/esmf/src/addon/NUOPC/examples
make[6]: Entering directory '/gpfsm/dnb10/projects/p50/ESMF_Testing/intel_2025.3.0_mpiuni_O_develop/esmf/src/addon/NUOPC/examples'
/bin/sh: line 0: [: -ge: unary operator expected
make[6]: Leaving directory '/gpfsm/dnb10/projects/p50/ESMF_Testing/intel_2025.3.0_mpiuni_O_develop/esmf/src/addon/NUOPC/examples'
make[5]: Leaving directory '/gpfsm/dnb10/projects/p50/ESMF_Testing/intel_2025.3.0_mpiuni_O_develop/esmf/src/addon/NUOPC'
make[4]: Leaving directory '/gpfsm/dnb10/projects/p50/ESMF_Testing/intel_2025.3.0_mpiuni_O_develop/esmf/src/addon'
make[3]: Leaving directory '/gpfsm/dnb10/projects/p50/ESMF_Testing/intel_2025.3.0_mpiuni_O_develop/esmf/src'
make[2]: Leaving directory '/gpfsm/dnb10/projects/p50/ESMF_Testing/intel_2025.3.0_mpiuni_O_develop/esmf'
cd /discover/nobackup/projects/gmao/SIteam/ESMF_Testing/intel_2025.3.0_mpiuni_O_develop/esmf ; make ACTION=tree_lib tree
make[2]: Entering directory '/gpfsm/dnb10/projects/p50/ESMF_Testing/intel_2025.3.0_mpiuni_O_develop/esmf'
/bin/sh: line 0: [: -ge: unary operator expected
dir=`pwd`; cd /discover/nobackup/projects/gmao/SIteam/ESMF_Testing/intel_2025.3.0_mpiuni_O_develop/esmf/mod/modO/Linux.intel.64.mpiuni.default; make -f ${dir}/makefile MAKEFILE=${dir}/makefile esmflib
make[3]: Entering directory '/gpfsm/dnb10/projects/p50/ESMF_Testing/intel_2025.3.0_mpiuni_O_develop/esmf/mod/modO/Linux.intel.64.mpiuni.default'
/bin/sh: line 0: [: -ge: unary operator expected
make[3]: Leaving directory '/gpfsm/dnb10/projects/p50/ESMF_Testing/intel_2025.3.0_mpiuni_O_develop/esmf/mod/modO/Linux.intel.64.mpiuni.default'
tree_lib in: /discover/nobackup/projects/gmao/SIteam/ESMF_Testing/intel_2025.3.0_mpiuni_O_develop/esmf/src
make[3]: Entering directory '/gpfsm/dnb10/projects/p50/ESMF_Testing/intel_2025.3.0_mpiuni_O_develop/esmf/src'
/bin/sh: line 0: [: -ge: unary operator expected
dir=`pwd`; cd /discover/nobackup/projects/gmao/SIteam/ESMF_Testing/intel_2025.3.0_mpiuni_O_develop/esmf/mod/modO/Linux.intel.64.mpiuni.default; make -f ${dir}/makefile MAKEFILE=${dir}/makefile esmflib
make[4]: Entering directory '/gpfsm/dnb10/projects/p50/ESMF_Testing/intel_2025.3.0_mpiuni_O_develop/esmf/mod/modO/Linux.intel.64.mpiuni.default'
/bin/sh: line 0: [: -ge: unary operator expected
make[4]: Leaving directory '/gpfsm/dnb10/projects/p50/ESMF_Testing/intel_2025.3.0_mpiuni_O_develop/esmf/mod/modO/Linux.intel.64.mpiuni.default'
tree_lib in: /discover/nobackup/projects/gmao/SIteam/ESMF_Testing/intel_2025.3.0_mpiuni_O_develop/esmf/src/prologue
make[4]: Entering directory '/gpfsm/dnb10/projects/p50/ESMF_Testing/intel_2025.3.0_mpiuni_O_develop/esmf/src/prologue'
/bin/sh: line 0: [: -ge: unary operator expected
dir=`pwd`; cd /discover/nobackup/projects/gmao/SIteam/ESMF_Testing/intel_2025.3.0_mpiuni_O_develop/esmf/mod/modO/Linux.intel.64.mpiuni.default; make -f ${dir}/makefile MAKEFILE=${dir}/makefile esmflib
make[5]: Entering directory '/gpfsm/dnb10/projects/p50/ESMF_Testing/intel_2025.3.0_mpiuni_O_develop/esmf/mod/modO/Linux.intel.64.mpiuni.default'
/bin/sh: line 0: [: -ge: unary operator expected
make[5]: Leaving directory '/gpfsm/dnb10/projects/p50/ESMF_Testing/intel_2025.3.0_mpiuni_O_develop/esmf/mod/modO/Linux.intel.64.mpiuni.default'
tree_lib in: /discover/nobackup/projects/gmao/SIteam/ESMF_Testing/intel_2025.3.0_mpiuni_O_develop/esmf/src/prologue/tests
make[5]: Entering directory '/gpfsm/dnb10/projects/p50/ESMF_Testing/intel_2025.3.0_mpiuni_O_develop/esmf/src/prologue/tests'
/bin/sh: line 0: [: -ge: unary operator expected
dir=`pwd`; cd /discover/nobackup/projects/gmao/SIteam/ESMF_Testing/intel_2025.3.0_mpiuni_O_develop/esmf/mod/modO/Linux.intel.64.mpiuni.default; make -f ${dir}/makefile MAKEFILE=${dir}/makefile esmflib
make[6]: Entering directory '/gpfsm/dnb10/projects/p50/ESMF_Testing/intel_2025.3.0_mpiuni_O_develop/esmf/mod/modO/Linux.intel.64.mpiuni.default'
/bin/sh: line 0: [: -ge: unary operator expected
make[6]: Leaving directory '/gpfsm/dnb10/projects/p50/ESMF_Testing/intel_2025.3.0_mpiuni_O_develop/esmf/mod/modO/Linux.intel.64.mpiuni.default'
make[5]: Leaving directory '/gpfsm/dnb10/projects/p50/ESMF_Testing/intel_2025.3.0_mpiuni_O_develop/esmf/src/prologue/tests'
tree_lib in: /discover/nobackup/projects/gmao/SIteam/ESMF_Testing/intel_2025.3.0_mpiuni_O_develop/esmf/src/prologue/yaml-cpp
make[5]: Entering directory '/gpfsm/dnb10/projects/p50/ESMF_Testing/intel_2025.3.0_mpiuni_O_develop/esmf/src/prologue/yaml-cpp'
/bin/sh: line 0: [: -ge: unary operator expected
dir=`pwd`; cd /discover/nobackup/projects/gmao/SIteam/ESMF_Testing/intel_2025.3.0_mpiuni_O_develop/esmf/mod/modO/Linux.intel.64.mpiuni.default; make -f ${dir}/makefile MAKEFILE=${dir}/makefile esmflib
make[6]: Entering directory '/gpfsm/dnb10/projects/p50/ESMF_Testing/intel_2025.3.0_mpiuni_O_develop/esmf/mod/modO/Linux.intel.64.mpiuni.default'
/bin/sh: line 0: [: -ge: unary operator expected
make[6]: Leaving directory '/gpfsm/dnb10/projects/p50/ESMF_Testing/intel_2025.3.0_mpiuni_O_develop/esmf/mod/modO/Linux.intel.64.mpiuni.default'
tree_lib in: /discover/nobackup/projects/gmao/SIteam/ESMF_Testing/intel_2025.3.0_mpiuni_O_develop/esmf/src/prologue/yaml-cpp/src
make[6]: Entering directory '/gpfsm/dnb10/projects/p50/ESMF_Testing/intel_2025.3.0_mpiuni_O_develop/esmf/src/prologue/yaml-cpp/src'
/bin/sh: line 0: [: -ge: unary operator expected
dir=`pwd`; cd /discover/nobackup/projects/gmao/SIteam/ESMF_Testing/intel_2025.3.0_mpiuni_O_develop/esmf/mod/modO/Linux.intel.64.mpiuni.default; make -f ${dir}/makefile MAKEFILE=${dir}/makefile esmflib
make[7]: Entering directory '/gpfsm/dnb10/projects/p50/ESMF_Testing/intel_2025.3.0_mpiuni_O_develop/esmf/mod/modO/Linux.intel.64.mpiuni.default'
/bin/sh: line 0: [: -ge: unary operator expected
make[8]: Entering directory '/gpfsm/dnb10/projects/p50/ESMF_Testing/intel_2025.3.0_mpiuni_O_develop/esmf/mod/modO/Linux.intel.64.mpiuni.default'
/bin/sh: line 0: [: -ge: unary operator expected
icpx -c -std=c++11 -O -DNDEBUG -fp-speculation=safe -fPIC -debug minimal -m64 -mcmodel=small -pthread  -qopenmp -I/discover/nobackup/projects/gmao/SIteam/ESMF_Testing/intel_2025.3.0_mpiuni_O_develop/esmf/src/prologue/yaml-cpp/src -I/discover/nobackup/projects/gmao/SIteam/ESMF_Testing/intel_2025.3.0_mpiuni_O_develop/esmf/src/prologue/yaml-cpp/src/../include -I/discover/nobackup/projects/gmao/SIteam/ESMF_Testing/intel_2025.3.0_mpiuni_O_develop/esmf/build_config/Linux.intel.default -I/discover/nobackup/projects/gmao/SIteam/ESMF_Testing/intel_2025.3.0_mpiuni_O_develop/esmf/src/Infrastructure -I/discover/nobackup/projects/gmao/SIteam/ESMF_Testing/intel_2025.3.0_mpiuni_O_develop/esmf/src/Superstructure -I/discover/nobackup/projects/gmao/SIteam/ESMF_Testing/intel_2025.3.0_mpiuni_O_develop/esmf/src/Infrastructure/stubs/pthread  -I/discover/nobackup/projects/gmao/SIteam/ESMF_Testing/intel_2025.3.0_mpiuni_O_develop/esmf/src/include   -I/discover/nobackup/projects/gmao/SIteam/ESMF_Testing/intel_2025.3.0_mpiuni_O_develop/esmf/src/prologue/yaml-cpp/include -DESMF_NO_INTEGER_1_BYTE -DESMF_NO_INTEGER_2_BYTE -DESMF_VERSION_STRING_GIT='"v9.0.0b13"' -DESMF_MPIUNI -I/discover/nobackup/projects/gmao/SIteam/ESMF_Testing/intel_2025.3.0_mpiuni_O_develop/esmf/src/Infrastructure/stubs/mpiuni -DESMF_MOAB=1 -DESMF_LAPACK=1 -DESMF_LAPACK_INTERNAL=1 -DESMF_NO_ACC_SOFTWARE_STACK=1 -DESMF_YAMLCPP=1 -DESMF_YAML=1 -DESMF_NO_OPENACC -DESMF_TESTEXHAUSTIVE -DESMF_BOPT_O -DESMF_TESTPERFORMANCE -DESMF_TESTCOMPTUNNEL -DESMF_TESTWITHTHREADS -DSx86_64_small=1 -DESMF_OS_Linux=1 -DESMF_COMM=mpiuni -DESMF_DIR=/discover/nobackup/projects/gmao/SIteam/ESMF_Testing/intel_2025.3.0_mpiuni_O_develop/esmf -D__SDIR__='"src/prologue/yaml-cpp/src"' -DESMF_CXXSTD=11 /discover/nobackup/projects/gmao/SIteam/ESMF_Testing/intel_2025.3.0_mpiuni_O_develop/esmf/src/prologue/yaml-cpp/src/binary.cpp -o /discover/nobackup/projects/gmao/SIteam/ESMF_Testing/intel_2025.3.0_mpiuni_O_develop/esmf/obj/objO/Linux.intel.64.mpiuni.default/binary.o
icpx -c -std=c++11 -O -DNDEBUG -fp-speculation=safe -fPIC -debug minimal -m64 -mcmodel=small -pthread  -qopenmp -I/discover/nobackup/projects/gmao/SIteam/ESMF_Testing/intel_2025.3.0_mpiuni_O_develop/esmf/src/prologue/yaml-cpp/src -I/discover/nobackup/projects/gmao/SIteam/ESMF_Testing/intel_2025.3.0_mpiuni_O_develop/esmf/src/prologue/yaml-cpp/src/../include -I/discover/nobackup/projects/gmao/SIteam/ESMF_Testing/intel_2025.3.0_mpiuni_O_develop/esmf/build_config/Linux.intel.default -I/discover/nobackup/projects/gmao/SIteam/ESMF_Testing/intel_2025.3.0_mpiuni_O_develop/esmf/src/Infrastructure -I/discover/nobackup/projects/gmao/SIteam/ESMF_Testing/intel_2025.3.0_mpiuni_O_develop/esmf/src/Superstructure -I/discover/nobackup/projects/gmao/SIteam/ESMF_Testing/intel_2025.3.0_mpiuni_O_develop/esmf/src/Infrastructure/stubs/pthread  -I/discover/nobackup/projects/gmao/SIteam/ESMF_Testing/intel_2025.3.0_mpiuni_O_develop/esmf/src/include   -I/discover/nobackup/projects/gmao/SIteam/ESMF_Testing/intel_2025.3.0_mpiuni_O_develop/esmf/src/prologue/yaml-cpp/include -DESMF_NO_INTEGER_1_BYTE -DESMF_NO_INTEGER_2_BYTE -DESMF_VERSION_STRING_GIT='"v9.0.0b13"' -DESMF_MPIUNI -I/discover/nobackup/projects/gmao/SIteam/ESMF_Testing/intel_2025.3.0_mpiuni_O_develop/esmf/src/Infrastructure/stubs/mpiuni -DESMF_MOAB=1 -DESMF_LAPACK=1 -DESMF_LAPACK_INTERNAL=1 -DESMF_NO_ACC_SOFTWARE_STACK=1 -DESMF_YAMLCPP=1 -DESMF_YAML=1 -DESMF_NO_OPENACC -DESMF_TESTEXHAUSTIVE -DESMF_BOPT_O -DESMF_TESTPERFORMANCE -DESMF_TESTCOMPTUNNEL -DESMF_TESTWITHTHREADS -DSx86_64_small=1 -DESMF_OS_Linux=1 -DESMF_COMM=mpiuni -DESMF_DIR=/discover/nobackup/projects/gmao/SIteam/ESMF_Testing/intel_2025.3.0_mpiuni_O_develop/esmf -D__SDIR__='"src/prologue/yaml-cpp/src"' -DESMF_CXXSTD=11 /discover/nobackup/projects/gmao/SIteam/ESMF_Testing/intel_2025.3.0_mpiuni_O_develop/esmf/src/prologue/yaml-cpp/src/emitterutils.cpp -o /discover/nobackup/projects/gmao/SIteam/ESMF_Testing/intel_2025.3.0_mpiuni_O_develop/esmf/obj/objO/Linux.intel.64.mpiuni.default/emitterutils.o
icpx -c -std=c++11 -O -DNDEBUG -fp-speculation=safe -fPIC -debug minimal -m64 -mcmodel=small -pthread  -qopenmp -I/discover/nobackup/projects/gmao/SIteam/ESMF_Testing/intel_2025.3.0_mpiuni_O_develop/esmf/src/prologue/yaml-cpp/src -I/discover/nobackup/projects/gmao/SIteam/ESMF_Testing/intel_2025.3.0_mpiuni_O_develop/esmf/src/prologue/yaml-cpp/src/../include -I/discover/nobackup/projects/gmao/SIteam/ESMF_Testing/intel_2025.3.0_mpiuni_O_develop/esmf/build_config/Linux.intel.default -I/discover/nobackup/projects/gmao/SIteam/ESMF_Testing/intel_2025.3.0_mpiuni_O_develop/esmf/src/Infrastructure -I/discover/nobackup/projects/gmao/SIteam/ESMF_Testing/intel_2025.3.0_mpiuni_O_develop/esmf/src/Superstructure -I/discover/nobackup/projects/gmao/SIteam/ESMF_Testing/intel_2025.3.0_mpiuni_O_develop/esmf/src/Infrastructure/stubs/pthread  -I/discover/nobackup/projects/gmao/SIteam/ESMF_Testing/intel_2025.3.0_mpiuni_O_develop/esmf/src/include   -I/discover/nobackup/projects/gmao/SIteam/ESMF_Testing/intel_2025.3.0_mpiuni_O_develop/esmf/src/prologue/yaml-cpp/include -DESMF_NO_INTEGER_1_BYTE -DESMF_NO_INTEGER_2_BYTE -DESMF_VERSION_STRING_GIT='"v9.0.0b13"' -DESMF_MPIUNI -I/discover/nobackup/projects/gmao/SIteam/ESMF_Testing/intel_2025.3.0_mpiuni_O_develop/esmf/src/Infrastructure/stubs/mpiuni -DESMF_MOAB=1 -DESMF_LAPACK=1 -DESMF_LAPACK_INTERNAL=1 -DESMF_NO_ACC_SOFTWARE_STACK=1 -DESMF_YAMLCPP=1 -DESMF_YAML=1 -DESMF_NO_OPENACC -DESMF_TESTEXHAUSTIVE -DESMF_BOPT_O -DESMF_TESTPERFORMANCE -DESMF_TESTCOMPTUNNEL -DESMF_TESTWITHTHREADS -DSx86_64_small=1 -DESMF_OS_Linux=1 -DESMF_COMM=mpiuni -DESMF_DIR=/discover/nobackup/projects/gmao/SIteam/ESMF_Testing/intel_2025.3.0_mpiuni_O_develop/esmf -D__SDIR__='"src/prologue/yaml-cpp/src"' -DESMF_CXXSTD=11 /discover/nobackup/projects/gmao/SIteam/ESMF_Testing/intel_2025.3.0_mpiuni_O_develop/esmf/src/prologue/yaml-cpp/src/nodeevents.cpp -o /discover/nobackup/projects/gmao/SIteam/ESMF_Testing/intel_2025.3.0_mpiuni_O_develop/esmf/obj/objO/Linux.intel.64.mpiuni.default/nodeevents.o
icpx -c -std=c++11 -O -DNDEBUG -fp-speculation=safe -fPIC -debug minimal -m64 -mcmodel=small -pthread  -qopenmp -I/discover/nobackup/projects/gmao/SIteam/ESMF_Testing/intel_2025.3.0_mpiuni_O_develop/esmf/src/prologue/yaml-cpp/src -I/discover/nobackup/projects/gmao/SIteam/ESMF_Testing/intel_2025.3.0_mpiuni_O_develop/esmf/src/prologue/yaml-cpp/src/../include -I/discover/nobackup/projects/gmao/SIteam/ESMF_Testing/intel_2025.3.0_mpiuni_O_develop/esmf/build_config/Linux.intel.default -I/discover/nobackup/projects/gmao/SIteam/ESMF_Testing/intel_2025.3.0_mpiuni_O_develop/esmf/src/Infrastructure -I/discover/nobackup/projects/gmao/SIteam/ESMF_Testing/intel_2025.3.0_mpiuni_O_develop/esmf/src/Superstructure -I/discover/nobackup/projects/gmao/SIteam/ESMF_Testing/intel_2025.3.0_mpiuni_O_develop/esmf/src/Infrastructure/stubs/pthread  -I/discover/nobackup/projects/gmao/SIteam/ESMF_Testing/intel_2025.3.0_mpiuni_O_develop/esmf/src/include   -I/discover/nobackup/projects/gmao/SIteam/ESMF_Testing/intel_2025.3.0_mpiuni_O_develop/esmf/src/prologue/yaml-cpp/include -DESMF_NO_INTEGER_1_BYTE -DESMF_NO_INTEGER_2_BYTE -DESMF_VERSION_STRING_GIT='"v9.0.0b13"' -DESMF_MPIUNI -I/discover/nobackup/projects/gmao/SIteam/ESMF_Testing/intel_2025.3.0_mpiuni_O_develop/esmf/src/Infrastructure/stubs/mpiuni -DESMF_MOAB=1 -DESMF_LAPACK=1 -DESMF_LAPACK_INTERNAL=1 -DESMF_NO_ACC_SOFTWARE_STACK=1 -DESMF_YAMLCPP=1 -DESMF_YAML=1 -DESMF_NO_OPENACC -DESMF_TESTEXHAUSTIVE -DESMF_BOPT_O -DESMF_TESTPERFORMANCE -DESMF_TESTCOMPTUNNEL -DESMF_TESTWITHTHREADS -DSx86_64_small=1 -DESMF_OS_Linux=1 -DESMF_COMM=mpiuni -DESMF_DIR=/discover/nobackup/projects/gmao/SIteam/ESMF_Testing/intel_2025.3.0_mpiuni_O_develop/esmf -D__SDIR__='"src/prologue/yaml-cpp/src"' -DESMF_CXXSTD=11 /discover/nobackup/projects/gmao/SIteam/ESMF_Testing/intel_2025.3.0_mpiuni_O_develop/esmf/src/prologue/yaml-cpp/src/scanscalar.cpp -o /discover/nobackup/projects/gmao/SIteam/ESMF_Testing/intel_2025.3.0_mpiuni_O_develop/esmf/obj/objO/Linux.intel.64.mpiuni.default/scanscalar.o
icpx -c -std=c++11 -O -DNDEBUG -fp-speculation=safe -fPIC -debug minimal -m64 -mcmodel=small -pthread  -qopenmp -I/discover/nobackup/projects/gmao/SIteam/ESMF_Testing/intel_2025.3.0_mpiuni_O_develop/esmf/src/prologue/yaml-cpp/src -I/discover/nobackup/projects/gmao/SIteam/ESMF_Testing/intel_2025.3.0_mpiuni_O_develop/esmf/src/prologue/yaml-cpp/src/../include -I/discover/nobackup/projects/gmao/SIteam/ESMF_Testing/intel_2025.3.0_mpiuni_O_develop/esmf/build_config/Linux.intel.default -I/discover/nobackup/projects/gmao/SIteam/ESMF_Testing/intel_2025.3.0_mpiuni_O_develop/esmf/src/Infrastructure -I/discover/nobackup/projects/gmao/SIteam/ESMF_Testing/intel_2025.3.0_mpiuni_O_develop/esmf/src/Superstructure -I/discover/nobackup/projects/gmao/SIteam/ESMF_Testing/intel_2025.3.0_mpiuni_O_develop/esmf/src/Infrastructure/stubs/pthread  -I/discover/nobackup/projects/gmao/SIteam/ESMF_Testing/intel_2025.3.0_mpiuni_O_develop/esmf/src/include   -I/discover/nobackup/projects/gmao/SIteam/ESMF_Testing/intel_2025.3.0_mpiuni_O_develop/esmf/src/prologue/yaml-cpp/include -DESMF_NO_INTEGER_1_BYTE -DESMF_NO_INTEGER_2_BYTE -DESMF_VERSION_STRING_GIT='"v9.0.0b13"' -DESMF_MPIUNI -I/discover/nobackup/projects/gmao/SIteam/ESMF_Testing/intel_2025.3.0_mpiuni_O_develop/esmf/src/Infrastructure/stubs/mpiuni -DESMF_MOAB=1 -DESMF_LAPACK=1 -DESMF_LAPACK_INTERNAL=1 -DESMF_NO_ACC_SOFTWARE_STACK=1 -DESMF_YAMLCPP=1 -DESMF_YAML=1 -DESMF_NO_OPENACC -DESMF_TESTEXHAUSTIVE -DESMF_BOPT_O -DESMF_TESTPERFORMANCE -DESMF_TESTCOMPTUNNEL -DESMF_TESTWITHTHREADS -DSx86_64_small=1 -DESMF_OS_Linux=1 -DESMF_COMM=mpiuni -DESMF_DIR=/discover/nobackup/projects/gmao/SIteam/ESMF_Testing/intel_2025.3.0_mpiuni_O_develop/esmf -D__SDIR__='"src/prologue/yaml-cpp/src"' -DESMF_CXXSTD=11 /discover/nobackup/projects/gmao/SIteam/ESMF_Testing/intel_2025.3.0_mpiuni_O_develop/esmf/src/prologue/yaml-cpp/src/convert.cpp -o /discover/nobackup/projects/gmao/SIteam/ESMF_Testing/intel_2025.3.0_mpiuni_O_develop/esmf/obj/objO/Linux.intel.64.mpiuni.default/convert.o
icpx -c -std=c++11 -O -DNDEBUG -fp-speculation=safe -fPIC -debug minimal -m64 -mcmodel=small -pthread  -qopenmp -I/discover/nobackup/projects/gmao/SIteam/ESMF_Testing/intel_2025.3.0_mpiuni_O_develop/esmf/src/prologue/yaml-cpp/src -I/discover/nobackup/projects/gmao/SIteam/ESMF_Testing/intel_2025.3.0_mpiuni_O_develop/esmf/src/prologue/yaml-cpp/src/../include -I/discover/nobackup/projects/gmao/SIteam/ESMF_Testing/intel_2025.3.0_mpiuni_O_develop/esmf/build_config/Linux.intel.default -I/discover/nobackup/projects/gmao/SIteam/ESMF_Testing/intel_2025.3.0_mpiuni_O_develop/esmf/src/Infrastructure -I/discover/nobackup/projects/gmao/SIteam/ESMF_Testing/intel_2025.3.0_mpiuni_O_develop/esmf/src/Superstructure -I/discover/nobackup/projects/gmao/SIteam/ESMF_Testing/intel_2025.3.0_mpiuni_O_develop/esmf/src/Infrastructure/stubs/pthread  -I/discover/nobackup/projects/gmao/SIteam/ESMF_Testing/intel_2025.3.0_mpiuni_O_develop/esmf/src/include   -I/discover/nobackup/projects/gmao/SIteam/ESMF_Testing/intel_2025.3.0_mpiuni_O_develop/esmf/src/prologue/yaml-cpp/include -DESMF_NO_INTEGER_1_BYTE -DESMF_NO_INTEGER_2_BYTE -DESMF_VERSION_STRING_GIT='"v9.0.0b13"' -DESMF_MPIUNI -I/discover/nobackup/projects/gmao/SIteam/ESMF_Testing/intel_2025.3.0_mpiuni_O_develop/esmf/src/Infrastructure/stubs/mpiuni -DESMF_MOAB=1 -DESMF_LAPACK=1 -DESMF_LAPACK_INTERNAL=1 -DESMF_NO_ACC_SOFTWARE_STACK=1 -DESMF_YAMLCPP=1 -DESMF_YAML=1 -DESMF_NO_OPENACC -DESMF_TESTEXHAUSTIVE -DESMF_BOPT_O -DESMF_TESTPERFORMANCE -DESMF_TESTCOMPTUNNEL -DESMF_TESTWITHTHREADS -DSx86_64_small=1 -DESMF_OS_Linux=1 -DESMF_COMM=mpiuni -DESMF_DIR=/discover/nobackup/projects/gmao/SIteam/ESMF_Testing/intel_2025.3.0_mpiuni_O_develop/esmf -D__SDIR__='"src/prologue/yaml-cpp/src"' -DESMF_CXXSTD=11 /discover/nobackup/projects/gmao/SIteam/ESMF_Testing/intel_2025.3.0_mpiuni_O_develop/esmf/src/prologue/yaml-cpp/src/exceptions.cpp -o /discover/nobackup/projects/gmao/SIteam/ESMF_Testing/intel_2025.3.0_mpiuni_O_develop/esmf/obj/objO/Linux.intel.64.mpiuni.default/exceptions.o
icpx -c -std=c++11 -O -DNDEBUG -fp-speculation=safe -fPIC -debug minimal -m64 -mcmodel=small -pthread  -qopenmp -I/discover/nobackup/projects/gmao/SIteam/ESMF_Testing/intel_2025.3.0_mpiuni_O_develop/esmf/src/prologue/yaml-cpp/src -I/discover/nobackup/projects/gmao/SIteam/ESMF_Testing/intel_2025.3.0_mpiuni_O_develop/esmf/src/prologue/yaml-cpp/src/../include -I/discover/nobackup/projects/gmao/SIteam/ESMF_Testing/intel_2025.3.0_mpiuni_O_develop/esmf/build_config/Linux.intel.default -I/discover/nobackup/projects/gmao/SIteam/ESMF_Testing/intel_2025.3.0_mpiuni_O_develop/esmf/src/Infrastructure -I/discover/nobackup/projects/gmao/SIteam/ESMF_Testing/intel_2025.3.0_mpiuni_O_develop/esmf/src/Superstructure -I/discover/nobackup/projects/gmao/SIteam/ESMF_Testing/intel_2025.3.0_mpiuni_O_develop/esmf/src/Infrastructure/stubs/pthread  -I/discover/nobackup/projects/gmao/SIteam/ESMF_Testing/intel_2025.3.0_mpiuni_O_develop/esmf/src/include   -I/discover/nobackup/projects/gmao/SIteam/ESMF_Testing/intel_2025.3.0_mpiuni_O_develop/esmf/src/prologue/yaml-cpp/include -DESMF_NO_INTEGER_1_BYTE -DESMF_NO_INTEGER_2_BYTE -DESMF_VERSION_STRING_GIT='"v9.0.0b13"' -DESMF_MPIUNI -I/discover/nobackup/projects/gmao/SIteam/ESMF_Testing/intel_2025.3.0_mpiuni_O_develop/esmf/src/Infrastructure/stubs/mpiuni -DESMF_MOAB=1 -DESMF_LAPACK=1 -DESMF_LAPACK_INTERNAL=1 -DESMF_NO_ACC_SOFTWARE_STACK=1 -DESMF_YAMLCPP=1 -DESMF_YAML=1 -DESMF_NO_OPENACC -DESMF_TESTEXHAUSTIVE -DESMF_BOPT_O -DESMF_TESTPERFORMANCE -DESMF_TESTCOMPTUNNEL -DESMF_TESTWITHTHREADS -DSx86_64_small=1 -DESMF_OS_Linux=1 -DESMF_COMM=mpiuni -DESMF_DIR=/discover/nobackup/projects/gmao/SIteam/ESMF_Testing/intel_2025.3.0_mpiuni_O_develop/esmf -D__SDIR__='"src/prologue/yaml-cpp/src"' -DESMF_CXXSTD=11 /discover/nobackup/projects/gmao/SIteam/ESMF_Testing/intel_2025.3.0_mpiuni_O_develop/esmf/src/prologue/yaml-cpp/src/null.cpp -o /discover/nobackup/projects/gmao/SIteam/ESMF_Testing/intel_2025.3.0_mpiuni_O_develop/esmf/obj/objO/Linux.intel.64.mpiuni.default/null.o
icpx -c -std=c++11 -O -DNDEBUG -fp-speculation=safe -fPIC -debug minimal -m64 -mcmodel=small -pthread  -qopenmp -I/discover/nobackup/projects/gmao/SIteam/ESMF_Testing/intel_2025.3.0_mpiuni_O_develop/esmf/src/prologue/yaml-cpp/src -I/discover/nobackup/projects/gmao/SIteam/ESMF_Testing/intel_2025.3.0_mpiuni_O_develop/esmf/src/prologue/yaml-cpp/src/../include -I/discover/nobackup/projects/gmao/SIteam/ESMF_Testing/intel_2025.3.0_mpiuni_O_develop/esmf/build_config/Linux.intel.default -I/discover/nobackup/projects/gmao/SIteam/ESMF_Testing/intel_2025.3.0_mpiuni_O_develop/esmf/src/Infrastructure -I/discover/nobackup/projects/gmao/SIteam/ESMF_Testing/intel_2025.3.0_mpiuni_O_develop/esmf/src/Superstructure -I/discover/nobackup/projects/gmao/SIteam/ESMF_Testing/intel_2025.3.0_mpiuni_O_develop/esmf/src/Infrastructure/stubs/pthread  -I/discover/nobackup/projects/gmao/SIteam/ESMF_Testing/intel_2025.3.0_mpiuni_O_develop/esmf/src/include   -I/discover/nobackup/projects/gmao/SIteam/ESMF_Testing/intel_2025.3.0_mpiuni_O_develop/esmf/src/prologue/yaml-cpp/include -DESMF_NO_INTEGER_1_BYTE -DESMF_NO_INTEGER_2_BYTE -DESMF_VERSION_STRING_GIT='"v9.0.0b13"' -DESMF_MPIUNI -I/discover/nobackup/projects/gmao/SIteam/ESMF_Testing/intel_2025.3.0_mpiuni_O_develop/esmf/src/Infrastructure/stubs/mpiuni -DESMF_MOAB=1 -DESMF_LAPACK=1 -DESMF_LAPACK_INTERNAL=1 -DESMF_NO_ACC_SOFTWARE_STACK=1 -DESMF_YAMLCPP=1 -DESMF_YAML=1 -DESMF_NO_OPENACC -DESMF_TESTEXHAUSTIVE -DESMF_BOPT_O -DESMF_TESTPERFORMANCE -DESMF_TESTCOMPTUNNEL -DESMF_TESTWITHTHREADS -DSx86_64_small=1 -DESMF_OS_Linux=1 -DESMF_COMM=mpiuni -DESMF_DIR=/discover/nobackup/projects/gmao/SIteam/ESMF_Testing/intel_2025.3.0_mpiuni_O_develop/esmf -D__SDIR__='"src/prologue/yaml-cpp/src"' -DESMF_CXXSTD=11 /discover/nobackup/projects/gmao/SIteam/ESMF_Testing/intel_2025.3.0_mpiuni_O_develop/esmf/src/prologue/yaml-cpp/src/scantag.cpp -o /discover/nobackup/projects/gmao/SIteam/ESMF_Testing/intel_2025.3.0_mpiuni_O_develop/esmf/obj/objO/Linux.intel.64.mpiuni.default/scantag.o
icpx -c -std=c++11 -O -DNDEBUG -fp-speculation=safe -fPIC -debug minimal -m64 -mcmodel=small -pthread  -qopenmp -I/discover/nobackup/projects/gmao/SIteam/ESMF_Testing/intel_2025.3.0_mpiuni_O_develop/esmf/src/prologue/yaml-cpp/src -I/discover/nobackup/projects/gmao/SIteam/ESMF_Testing/intel_2025.3.0_mpiuni_O_develop/esmf/src/prologue/yaml-cpp/src/../include -I/discover/nobackup/projects/gmao/SIteam/ESMF_Testing/intel_2025.3.0_mpiuni_O_develop/esmf/build_config/Linux.intel.default -I/discover/nobackup/projects/gmao/SIteam/ESMF_Testing/intel_2025.3.0_mpiuni_O_develop/esmf/src/Infrastructure -I/discover/nobackup/projects/gmao/SIteam/ESMF_Testing/intel_2025.3.0_mpiuni_O_develop/esmf/src/Superstructure -I/discover/nobackup/projects/gmao/SIteam/ESMF_Testing/intel_2025.3.0_mpiuni_O_develop/esmf/src/Infrastructure/stubs/pthread  -I/discover/nobackup/projects/gmao/SIteam/ESMF_Testing/intel_2025.3.0_mpiuni_O_develop/esmf/src/include   -I/discover/nobackup/projects/gmao/SIteam/ESMF_Testing/intel_2025.3.0_mpiuni_O_develop/esmf/src/prologue/yaml-cpp/include -DESMF_NO_INTEGER_1_BYTE -DESMF_NO_INTEGER_2_BYTE -DESMF_VERSION_STRING_GIT='"v9.0.0b13"' -DESMF_MPIUNI -I/discover/nobackup/projects/gmao/SIteam/ESMF_Testing/intel_2025.3.0_mpiuni_O_develop/esmf/src/Infrastructure/stubs/mpiuni -DESMF_MOAB=1 -DESMF_LAPACK=1 -DESMF_LAPACK_INTERNAL=1 -DESMF_NO_ACC_SOFTWARE_STACK=1 -DESMF_YAMLCPP=1 -DESMF_YAML=1 -DESMF_NO_OPENACC -DESMF_TESTEXHAUSTIVE -DESMF_BOPT_O -DESMF_TESTPERFORMANCE -DESMF_TESTCOMPTUNNEL -DESMF_TESTWITHTHREADS -DSx86_64_small=1 -DESMF_OS_Linux=1 -DESMF_COMM=mpiuni -DESMF_DIR=/discover/nobackup/projects/gmao/SIteam/ESMF_Testing/intel_2025.3.0_mpiuni_O_develop/esmf -D__SDIR__='"src/prologue/yaml-cpp/src"' -DESMF_CXXSTD=11 /discover/nobackup/projects/gmao/SIteam/ESMF_Testing/intel_2025.3.0_mpiuni_O_develop/esmf/src/prologue/yaml-cpp/src/directives.cpp -o /discover/nobackup/projects/gmao/SIteam/ESMF_Testing/intel_2025.3.0_mpiuni_O_develop/esmf/obj/objO/Linux.intel.64.mpiuni.default/directives.o
icpx -c -std=c++11 -O -DNDEBUG -fp-speculation=safe -fPIC -debug minimal -m64 -mcmodel=small -pthread  -qopenmp -I/discover/nobackup/projects/gmao/SIteam/ESMF_Testing/intel_2025.3.0_mpiuni_O_develop/esmf/src/prologue/yaml-cpp/src -I/discover/nobackup/projects/gmao/SIteam/ESMF_Testing/intel_2025.3.0_mpiuni_O_develop/esmf/src/prologue/yaml-cpp/src/../include -I/discover/nobackup/projects/gmao/SIteam/ESMF_Testing/intel_2025.3.0_mpiuni_O_develop/esmf/build_config/Linux.intel.default -I/discover/nobackup/projects/gmao/SIteam/ESMF_Testing/intel_2025.3.0_mpiuni_O_develop/esmf/src/Infrastructure -I/discover/nobackup/projects/gmao/SIteam/ESMF_Testing/intel_2025.3.0_mpiuni_O_develop/esmf/src/Superstructure -I/discover/nobackup/projects/gmao/SIteam/ESMF_Testing/intel_2025.3.0_mpiuni_O_develop/esmf/src/Infrastructure/stubs/pthread  -I/discover/nobackup/projects/gmao/SIteam/ESMF_Testing/intel_2025.3.0_mpiuni_O_develop/esmf/src/include   -I/discover/nobackup/projects/gmao/SIteam/ESMF_Testing/intel_2025.3.0_mpiuni_O_develop/esmf/src/prologue/yaml-cpp/include -DESMF_NO_INTEGER_1_BYTE -DESMF_NO_INTEGER_2_BYTE -DESMF_VERSION_STRING_GIT='"v9.0.0b13"' -DESMF_MPIUNI -I/discover/nobackup/projects/gmao/SIteam/ESMF_Testing/intel_2025.3.0_mpiuni_O_develop/esmf/src/Infrastructure/stubs/mpiuni -DESMF_MOAB=1 -DESMF_LAPACK=1 -DESMF_LAPACK_INTERNAL=1 -DESMF_NO_ACC_SOFTWARE_STACK=1 -DESMF_YAMLCPP=1 -DESMF_YAML=1 -DESMF_NO_OPENACC -DESMF_TESTEXHAUSTIVE -DESMF_BOPT_O -DESMF_TESTPERFORMANCE -DESMF_TESTCOMPTUNNEL -DESMF_TESTWITHTHREADS -DSx86_64_small=1 -DESMF_OS_Linux=1 -DESMF_COMM=mpiuni -DESMF_DIR=/discover/nobackup/projects/gmao/SIteam/ESMF_Testing/intel_2025.3.0_mpiuni_O_develop/esmf -D__SDIR__='"src/prologue/yaml-cpp/src"' -DESMF_CXXSTD=11 /discover/nobackup/projects/gmao/SIteam/ESMF_Testing/intel_2025.3.0_mpiuni_O_develop/esmf/src/prologue/yaml-cpp/src/depthguard.cpp -o /discover/nobackup/projects/gmao/SIteam/ESMF_Testing/intel_2025.3.0_mpiuni_O_develop/esmf/obj/objO/Linux.intel.64.mpiuni.default/depthguard.o
icpx -c -std=c++11 -O -DNDEBUG -fp-speculation=safe -fPIC -debug minimal -m64 -mcmodel=small -pthread  -qopenmp -I/discover/nobackup/projects/gmao/SIteam/ESMF_Testing/intel_2025.3.0_mpiuni_O_develop/esmf/src/prologue/yaml-cpp/src -I/discover/nobackup/projects/gmao/SIteam/ESMF_Testing/intel_2025.3.0_mpiuni_O_develop/esmf/src/prologue/yaml-cpp/src/../include -I/discover/nobackup/projects/gmao/SIteam/ESMF_Testing/intel_2025.3.0_mpiuni_O_develop/esmf/build_config/Linux.intel.default -I/discover/nobackup/projects/gmao/SIteam/ESMF_Testing/intel_2025.3.0_mpiuni_O_develop/esmf/src/Infrastructure -I/discover/nobackup/projects/gmao/SIteam/ESMF_Testing/intel_2025.3.0_mpiuni_O_develop/esmf/src/Superstructure -I/discover/nobackup/projects/gmao/SIteam/ESMF_Testing/intel_2025.3.0_mpiuni_O_develop/esmf/src/Infrastructure/stubs/pthread  -I/discover/nobackup/projects/gmao/SIteam/ESMF_Testing/intel_2025.3.0_mpiuni_O_develop/esmf/src/include   -I/discover/nobackup/projects/gmao/SIteam/ESMF_Testing/intel_2025.3.0_mpiuni_O_develop/esmf/src/prologue/yaml-cpp/include -DESMF_NO_INTEGER_1_BYTE -DESMF_NO_INTEGER_2_BYTE -DESMF_VERSION_STRING_GIT='"v9.0.0b13"' -DESMF_MPIUNI -I/discover/nobackup/projects/gmao/SIteam/ESMF_Testing/intel_2025.3.0_mpiuni_O_develop/esmf/src/Infrastructure/stubs/mpiuni -DESMF_MOAB=1 -DESMF_LAPACK=1 -DESMF_LAPACK_INTERNAL=1 -DESMF_NO_ACC_SOFTWARE_STACK=1 -DESMF_YAMLCPP=1 -DESMF_YAML=1 -DESMF_NO_OPENACC -DESMF_TESTEXHAUSTIVE -DESMF_BOPT_O -DESMF_TESTPERFORMANCE -DESMF_TESTCOMPTUNNEL -DESMF_TESTWITHTHREADS -DSx86_64_small=1 -DESMF_OS_Linux=1 -DESMF_COMM=mpiuni -DESMF_DIR=/discover/nobackup/projects/gmao/SIteam/ESMF_Testing/intel_2025.3.0_mpiuni_O_develop/esmf -D__SDIR__='"src/prologue/yaml-cpp/src"' -DESMF_CXXSTD=11 /discover/nobackup/projects/gmao/SIteam/ESMF_Testing/intel_2025.3.0_mpiuni_O_develop/esmf/src/prologue/yaml-cpp/src/exp.cpp -o /discover/nobackup/projects/gmao/SIteam/ESMF_Testing/intel_2025.3.0_mpiuni_O_develop/esmf/obj/objO/Linux.intel.64.mpiuni.default/exp.o
icpx -c -std=c++11 -O -DNDEBUG -fp-speculation=safe -fPIC -debug minimal -m64 -mcmodel=small -pthread  -qopenmp -I/discover/nobackup/projects/gmao/SIteam/ESMF_Testing/intel_2025.3.0_mpiuni_O_develop/esmf/src/prologue/yaml-cpp/src -I/discover/nobackup/projects/gmao/SIteam/ESMF_Testing/intel_2025.3.0_mpiuni_O_develop/esmf/src/prologue/yaml-cpp/src/../include -I/discover/nobackup/projects/gmao/SIteam/ESMF_Testing/intel_2025.3.0_mpiuni_O_develop/esmf/build_config/Linux.intel.default -I/discover/nobackup/projects/gmao/SIteam/ESMF_Testing/intel_2025.3.0_mpiuni_O_develop/esmf/src/Infrastructure -I/discover/nobackup/projects/gmao/SIteam/ESMF_Testing/intel_2025.3.0_mpiuni_O_develop/esmf/src/Superstructure -I/discover/nobackup/projects/gmao/SIteam/ESMF_Testing/intel_2025.3.0_mpiuni_O_develop/esmf/src/Infrastructure/stubs/pthread  -I/discover/nobackup/projects/gmao/SIteam/ESMF_Testing/intel_2025.3.0_mpiuni_O_develop/esmf/src/include   -I/discover/nobackup/projects/gmao/SIteam/ESMF_Testing/intel_2025.3.0_mpiuni_O_develop/esmf/src/prologue/yaml-cpp/include -DESMF_NO_INTEGER_1_BYTE -DESMF_NO_INTEGER_2_BYTE -DESMF_VERSION_STRING_GIT='"v9.0.0b13"' -DESMF_MPIUNI -I/discover/nobackup/projects/gmao/SIteam/ESMF_Testing/intel_2025.3.0_mpiuni_O_develop/esmf/src/Infrastructure/stubs/mpiuni -DESMF_MOAB=1 -DESMF_LAPACK=1 -DESMF_LAPACK_INTERNAL=1 -DESMF_NO_ACC_SOFTWARE_STACK=1 -DESMF_YAMLCPP=1 -DESMF_YAML=1 -DESMF_NO_OPENACC -DESMF_TESTEXHAUSTIVE -DESMF_BOPT_O -DESMF_TESTPERFORMANCE -DESMF_TESTCOMPTUNNEL -DESMF_TESTWITHTHREADS -DSx86_64_small=1 -DESMF_OS_Linux=1 -DESMF_COMM=mpiuni -DESMF_DIR=/discover/nobackup/projects/gmao/SIteam/ESMF_Testing/intel_2025.3.0_mpiuni_O_develop/esmf -D__SDIR__='"src/prologue/yaml-cpp/src"' -DESMF_CXXSTD=11 /discover/nobackup/projects/gmao/SIteam/ESMF_Testing/intel_2025.3.0_mpiuni_O_develop/esmf/src/prologue/yaml-cpp/src/ostream_wrapper.cpp -o /discover/nobackup/projects/gmao/SIteam/ESMF_Testing/intel_2025.3.0_mpiuni_O_develop/esmf/obj/objO/Linux.intel.64.mpiuni.default/ostream_wrapper.o
icpx -c -std=c++11 -O -DNDEBUG -fp-speculation=safe -fPIC -debug minimal -m64 -mcmodel=small -pthread  -qopenmp -I/discover/nobackup/projects/gmao/SIteam/ESMF_Testing/intel_2025.3.0_mpiuni_O_develop/esmf/src/prologue/yaml-cpp/src -I/discover/nobackup/projects/gmao/SIteam/ESMF_Testing/intel_2025.3.0_mpiuni_O_develop/esmf/src/prologue/yaml-cpp/src/../include -I/discover/nobackup/projects/gmao/SIteam/ESMF_Testing/intel_2025.3.0_mpiuni_O_develop/esmf/build_config/Linux.intel.default -I/discover/nobackup/projects/gmao/SIteam/ESMF_Testing/intel_2025.3.0_mpiuni_O_develop/esmf/src/Infrastructure -I/discover/nobackup/projects/gmao/SIteam/ESMF_Testing/intel_2025.3.0_mpiuni_O_develop/esmf/src/Superstructure -I/discover/nobackup/projects/gmao/SIteam/ESMF_Testing/intel_2025.3.0_mpiuni_O_develop/esmf/src/Infrastructure/stubs/pthread  -I/discover/nobackup/projects/gmao/SIteam/ESMF_Testing/intel_2025.3.0_mpiuni_O_develop/esmf/src/include   -I/discover/nobackup/projects/gmao/SIteam/ESMF_Testing/intel_2025.3.0_mpiuni_O_develop/esmf/src/prologue/yaml-cpp/include -DESMF_NO_INTEGER_1_BYTE -DESMF_NO_INTEGER_2_BYTE -DESMF_VERSION_STRING_GIT='"v9.0.0b13"' -DESMF_MPIUNI -I/discover/nobackup/projects/gmao/SIteam/ESMF_Testing/intel_2025.3.0_mpiuni_O_develop/esmf/src/Infrastructure/stubs/mpiuni -DESMF_MOAB=1 -DESMF_LAPACK=1 -DESMF_LAPACK_INTERNAL=1 -DESMF_NO_ACC_SOFTWARE_STACK=1 -DESMF_YAMLCPP=1 -DESMF_YAML=1 -DESMF_NO_OPENACC -DESMF_TESTEXHAUSTIVE -DESMF_BOPT_O -DESMF_TESTPERFORMANCE -DESMF_TESTCOMPTUNNEL -DESMF_TESTWITHTHREADS -DSx86_64_small=1 -DESMF_OS_Linux=1 -DESMF_COMM=mpiuni -DESMF_DIR=/discover/nobackup/projects/gmao/SIteam/ESMF_Testing/intel_2025.3.0_mpiuni_O_develop/esmf -D__SDIR__='"src/prologue/yaml-cpp/src"' -DESMF_CXXSTD=11 /discover/nobackup/projects/gmao/SIteam/ESMF_Testing/intel_2025.3.0_mpiuni_O_develop/esmf/src/prologue/yaml-cpp/src/scantoken.cpp -o /discover/nobackup/projects/gmao/SIteam/ESMF_Testing/intel_2025.3.0_mpiuni_O_develop/esmf/obj/objO/Linux.intel.64.mpiuni.default/scantoken.o
icpx -c -std=c++11 -O -DNDEBUG -fp-speculation=safe -fPIC -debug minimal -m64 -mcmodel=small -pthread  -qopenmp -I/discover/nobackup/projects/gmao/SIteam/ESMF_Testing/intel_2025.3.0_mpiuni_O_develop/esmf/src/prologue/yaml-cpp/src -I/discover/nobackup/projects/gmao/SIteam/ESMF_Testing/intel_2025.3.0_mpiuni_O_develop/esmf/src/prologue/yaml-cpp/src/../include -I/discover/nobackup/projects/gmao/SIteam/ESMF_Testing/intel_2025.3.0_mpiuni_O_develop/esmf/build_config/Linux.intel.default -I/discover/nobackup/projects/gmao/SIteam/ESMF_Testing/intel_2025.3.0_mpiuni_O_develop/esmf/src/Infrastructure -I/discover/nobackup/projects/gmao/SIteam/ESMF_Testing/intel_2025.3.0_mpiuni_O_develop/esmf/src/Superstructure -I/discover/nobackup/projects/gmao/SIteam/ESMF_Testing/intel_2025.3.0_mpiuni_O_develop/esmf/src/Infrastructure/stubs/pthread  -I/discover/nobackup/projects/gmao/SIteam/ESMF_Testing/intel_2025.3.0_mpiuni_O_develop/esmf/src/include   -I/discover/nobackup/projects/gmao/SIteam/ESMF_Testing/intel_2025.3.0_mpiuni_O_develop/esmf/src/prologue/yaml-cpp/include -DESMF_NO_INTEGER_1_BYTE -DESMF_NO_INTEGER_2_BYTE -DESMF_VERSION_STRING_GIT='"v9.0.0b13"' -DESMF_MPIUNI -I/discover/nobackup/projects/gmao/SIteam/ESMF_Testing/intel_2025.3.0_mpiuni_O_develop/esmf/src/Infrastructure/stubs/mpiuni -DESMF_MOAB=1 -DESMF_LAPACK=1 -DESMF_LAPACK_INTERNAL=1 -DESMF_NO_ACC_SOFTWARE_STACK=1 -DESMF_YAMLCPP=1 -DESMF_YAML=1 -DESMF_NO_OPENACC -DESMF_TESTEXHAUSTIVE -DESMF_BOPT_O -DESMF_TESTPERFORMANCE -DESMF_TESTCOMPTUNNEL -DESMF_TESTWITHTHREADS -DSx86_64_small=1 -DESMF_OS_Linux=1 -DESMF_COMM=mpiuni -DESMF_DIR=/discover/nobackup/projects/gmao/SIteam/ESMF_Testing/intel_2025.3.0_mpiuni_O_develop/esmf -D__SDIR__='"src/prologue/yaml-cpp/src"' -DESMF_CXXSTD=11 /discover/nobackup/projects/gmao/SIteam/ESMF_Testing/intel_2025.3.0_mpiuni_O_develop/esmf/src/prologue/yaml-cpp/src/emit.cpp -o /discover/nobackup/projects/gmao/SIteam/ESMF_Testing/intel_2025.3.0_mpiuni_O_develop/esmf/obj/objO/Linux.intel.64.mpiuni.default/emit.o
icpx -c -std=c++11 -O -DNDEBUG -fp-speculation=safe -fPIC -debug minimal -m64 -mcmodel=small -pthread  -qopenmp -I/discover/nobackup/projects/gmao/SIteam/ESMF_Testing/intel_2025.3.0_mpiuni_O_develop/esmf/src/prologue/yaml-cpp/src -I/discover/nobackup/projects/gmao/SIteam/ESMF_Testing/intel_2025.3.0_mpiuni_O_develop/esmf/src/prologue/yaml-cpp/src/../include -I/discover/nobackup/projects/gmao/SIteam/ESMF_Testing/intel_2025.3.0_mpiuni_O_develop/esmf/build_config/Linux.intel.default -I/discover/nobackup/projects/gmao/SIteam/ESMF_Testing/intel_2025.3.0_mpiuni_O_develop/esmf/src/Infrastructure -I/discover/nobackup/projects/gmao/SIteam/ESMF_Testing/intel_2025.3.0_mpiuni_O_develop/esmf/src/Superstructure -I/discover/nobackup/projects/gmao/SIteam/ESMF_Testing/intel_2025.3.0_mpiuni_O_develop/esmf/src/Infrastructure/stubs/pthread  -I/discover/nobackup/projects/gmao/SIteam/ESMF_Testing/intel_2025.3.0_mpiuni_O_develop/esmf/src/include   -I/discover/nobackup/projects/gmao/SIteam/ESMF_Testing/intel_2025.3.0_mpiuni_O_develop/esmf/src/prologue/yaml-cpp/include -DESMF_NO_INTEGER_1_BYTE -DESMF_NO_INTEGER_2_BYTE -DESMF_VERSION_STRING_GIT='"v9.0.0b13"' -DESMF_MPIUNI -I/discover/nobackup/projects/gmao/SIteam/ESMF_Testing/intel_2025.3.0_mpiuni_O_develop/esmf/src/Infrastructure/stubs/mpiuni -DESMF_MOAB=1 -DESMF_LAPACK=1 -DESMF_LAPACK_INTERNAL=1 -DESMF_NO_ACC_SOFTWARE_STACK=1 -DESMF_YAMLCPP=1 -DESMF_YAML=1 -DESMF_NO_OPENACC -DESMF_TESTEXHAUSTIVE -DESMF_BOPT_O -DESMF_TESTPERFORMANCE -DESMF_TESTCOMPTUNNEL -DESMF_TESTWITHTHREADS -DSx86_64_small=1 -DESMF_OS_Linux=1 -DESMF_COMM=mpiuni -DESMF_DIR=/discover/nobackup/projects/gmao/SIteam/ESMF_Testing/intel_2025.3.0_mpiuni_O_develop/esmf -D__SDIR__='"src/prologue/yaml-cpp/src"' -DESMF_CXXSTD=11 /discover/nobackup/projects/gmao/SIteam/ESMF_Testing/intel_2025.3.0_mpiuni_O_develop/esmf/src/prologue/yaml-cpp/src/memory.cpp -o /discover/nobackup/projects/gmao/SIteam/ESMF_Testing/intel_2025.3.0_mpiuni_O_develop/esmf/obj/objO/Linux.intel.64.mpiuni.default/memory.o
icpx -c -std=c++11 -O -DNDEBUG -fp-speculation=safe -fPIC -debug minimal -m64 -mcmodel=small -pthread  -qopenmp -I/discover/nobackup/projects/gmao/SIteam/ESMF_Testing/intel_2025.3.0_mpiuni_O_develop/esmf/src/prologue/yaml-cpp/src -I/discover/nobackup/projects/gmao/SIteam/ESMF_Testing/intel_2025.3.0_mpiuni_O_develop/esmf/src/prologue/yaml-cpp/src/../include -I/discover/nobackup/projects/gmao/SIteam/ESMF_Testing/intel_2025.3.0_mpiuni_O_develop/esmf/build_config/Linux.intel.default -I/discover/nobackup/projects/gmao/SIteam/ESMF_Testing/intel_2025.3.0_mpiuni_O_develop/esmf/src/Infrastructure -I/discover/nobackup/projects/gmao/SIteam/ESMF_Testing/intel_2025.3.0_mpiuni_O_develop/esmf/src/Superstructure -I/discover/nobackup/projects/gmao/SIteam/ESMF_Testing/intel_2025.3.0_mpiuni_O_develop/esmf/src/Infrastructure/stubs/pthread  -I/discover/nobackup/projects/gmao/SIteam/ESMF_Testing/intel_2025.3.0_mpiuni_O_develop/esmf/src/include   -I/discover/nobackup/projects/gmao/SIteam/ESMF_Testing/intel_2025.3.0_mpiuni_O_develop/esmf/src/prologue/yaml-cpp/include -DESMF_NO_INTEGER_1_BYTE -DESMF_NO_INTEGER_2_BYTE -DESMF_VERSION_STRING_GIT='"v9.0.0b13"' -DESMF_MPIUNI -I/discover/nobackup/projects/gmao/SIteam/ESMF_Testing/intel_2025.3.0_mpiuni_O_develop/esmf/src/Infrastructure/stubs/mpiuni -DESMF_MOAB=1 -DESMF_LAPACK=1 -DESMF_LAPACK_INTERNAL=1 -DESMF_NO_ACC_SOFTWARE_STACK=1 -DESMF_YAMLCPP=1 -DESMF_YAML=1 -DESMF_NO_OPENACC -DESMF_TESTEXHAUSTIVE -DESMF_BOPT_O -DESMF_TESTPERFORMANCE -DESMF_TESTCOMPTUNNEL -DESMF_TESTWITHTHREADS -DSx86_64_small=1 -DESMF_OS_Linux=1 -DESMF_COMM=mpiuni -DESMF_DIR=/discover/nobackup/projects/gmao/SIteam/ESMF_Testing/intel_2025.3.0_mpiuni_O_develop/esmf -D__SDIR__='"src/prologue/yaml-cpp/src"' -DESMF_CXXSTD=11 /discover/nobackup/projects/gmao/SIteam/ESMF_Testing/intel_2025.3.0_mpiuni_O_develop/esmf/src/prologue/yaml-cpp/src/parse.cpp -o /discover/nobackup/projects/gmao/SIteam/ESMF_Testing/intel_2025.3.0_mpiuni_O_develop/esmf/obj/objO/Linux.intel.64.mpiuni.default/parse.o
icpx -c -std=c++11 -O -DNDEBUG -fp-speculation=safe -fPIC -debug minimal -m64 -mcmodel=small -pthread  -qopenmp -I/discover/nobackup/projects/gmao/SIteam/ESMF_Testing/intel_2025.3.0_mpiuni_O_develop/esmf/src/prologue/yaml-cpp/src -I/discover/nobackup/projects/gmao/SIteam/ESMF_Testing/intel_2025.3.0_mpiuni_O_develop/esmf/src/prologue/yaml-cpp/src/../include -I/discover/nobackup/projects/gmao/SIteam/ESMF_Testing/intel_2025.3.0_mpiuni_O_develop/esmf/build_config/Linux.intel.default -I/discover/nobackup/projects/gmao/SIteam/ESMF_Testing/intel_2025.3.0_mpiuni_O_develop/esmf/src/Infrastructure -I/discover/nobackup/projects/gmao/SIteam/ESMF_Testing/intel_2025.3.0_mpiuni_O_develop/esmf/src/Superstructure -I/discover/nobackup/projects/gmao/SIteam/ESMF_Testing/intel_2025.3.0_mpiuni_O_develop/esmf/src/Infrastructure/stubs/pthread  -I/discover/nobackup/projects/gmao/SIteam/ESMF_Testing/intel_2025.3.0_mpiuni_O_develop/esmf/src/include   -I/discover/nobackup/projects/gmao/SIteam/ESMF_Testing/intel_2025.3.0_mpiuni_O_develop/esmf/src/prologue/yaml-cpp/include -DESMF_NO_INTEGER_1_BYTE -DESMF_NO_INTEGER_2_BYTE -DESMF_VERSION_STRING_GIT='"v9.0.0b13"' -DESMF_MPIUNI -I/discover/nobackup/projects/gmao/SIteam/ESMF_Testing/intel_2025.3.0_mpiuni_O_develop/esmf/src/Infrastructure/stubs/mpiuni -DESMF_MOAB=1 -DESMF_LAPACK=1 -DESMF_LAPACK_INTERNAL=1 -DESMF_NO_ACC_SOFTWARE_STACK=1 -DESMF_YAMLCPP=1 -DESMF_YAML=1 -DESMF_NO_OPENACC -DESMF_TESTEXHAUSTIVE -DESMF_BOPT_O -DESMF_TESTPERFORMANCE -DESMF_TESTCOMPTUNNEL -DESMF_TESTWITHTHREADS -DSx86_64_small=1 -DESMF_OS_Linux=1 -DESMF_COMM=mpiuni -DESMF_DIR=/discover/nobackup/projects/gmao/SIteam/ESMF_Testing/intel_2025.3.0_mpiuni_O_develop/esmf -D__SDIR__='"src/prologue/yaml-cpp/src"' -DESMF_CXXSTD=11 /discover/nobackup/projects/gmao/SIteam/ESMF_Testing/intel_2025.3.0_mpiuni_O_develop/esmf/src/prologue/yaml-cpp/src/simplekey.cpp -o /discover/nobackup/projects/gmao/SIteam/ESMF_Testing/intel_2025.3.0_mpiuni_O_develop/esmf/obj/objO/Linux.intel.64.mpiuni.default/simplekey.o
icpx -c -std=c++11 -O -DNDEBUG -fp-speculation=safe -fPIC -debug minimal -m64 -mcmodel=small -pthread  -qopenmp -I/discover/nobackup/projects/gmao/SIteam/ESMF_Testing/intel_2025.3.0_mpiuni_O_develop/esmf/src/prologue/yaml-cpp/src -I/discover/nobackup/projects/gmao/SIteam/ESMF_Testing/intel_2025.3.0_mpiuni_O_develop/esmf/src/prologue/yaml-cpp/src/../include -I/discover/nobackup/projects/gmao/SIteam/ESMF_Testing/intel_2025.3.0_mpiuni_O_develop/esmf/build_config/Linux.intel.default -I/discover/nobackup/projects/gmao/SIteam/ESMF_Testing/intel_2025.3.0_mpiuni_O_develop/esmf/src/Infrastructure -I/discover/nobackup/projects/gmao/SIteam/ESMF_Testing/intel_2025.3.0_mpiuni_O_develop/esmf/src/Superstructure -I/discover/nobackup/projects/gmao/SIteam/ESMF_Testing/intel_2025.3.0_mpiuni_O_develop/esmf/src/Infrastructure/stubs/pthread  -I/discover/nobackup/projects/gmao/SIteam/ESMF_Testing/intel_2025.3.0_mpiuni_O_develop/esmf/src/include   -I/discover/nobackup/projects/gmao/SIteam/ESMF_Testing/intel_2025.3.0_mpiuni_O_develop/esmf/src/prologue/yaml-cpp/include -DESMF_NO_INTEGER_1_BYTE -DESMF_NO_INTEGER_2_BYTE -DESMF_VERSION_STRING_GIT='"v9.0.0b13"' -DESMF_MPIUNI -I/discover/nobackup/projects/gmao/SIteam/ESMF_Testing/intel_2025.3.0_mpiuni_O_develop/esmf/src/Infrastructure/stubs/mpiuni -DESMF_MOAB=1 -DESMF_LAPACK=1 -DESMF_LAPACK_INTERNAL=1 -DESMF_NO_ACC_SOFTWARE_STACK=1 -DESMF_YAMLCPP=1 -DESMF_YAML=1 -DESMF_NO_OPENACC -DESMF_TESTEXHAUSTIVE -DESMF_BOPT_O -DESMF_TESTPERFORMANCE -DESMF_TESTCOMPTUNNEL -DESMF_TESTWITHTHREADS -DSx86_64_small=1 -DESMF_OS_Linux=1 -DESMF_COMM=mpiuni -DESMF_DIR=/discover/nobackup/projects/gmao/SIteam/ESMF_Testing/intel_2025.3.0_mpiuni_O_develop/esmf -D__SDIR__='"src/prologue/yaml-cpp/src"' -DESMF_CXXSTD=11 /discover/nobackup/projects/gmao/SIteam/ESMF_Testing/intel_2025.3.0_mpiuni_O_develop/esmf/src/prologue/yaml-cpp/src/emitfromevents.cpp -o /discover/nobackup/projects/gmao/SIteam/ESMF_Testing/intel_2025.3.0_mpiuni_O_develop/esmf/obj/objO/Linux.intel.64.mpiuni.default/emitfromevents.o
icpx -c -std=c++11 -O -DNDEBUG -fp-speculation=safe -fPIC -debug minimal -m64 -mcmodel=small -pthread  -qopenmp -I/discover/nobackup/projects/gmao/SIteam/ESMF_Testing/intel_2025.3.0_mpiuni_O_develop/esmf/src/prologue/yaml-cpp/src -I/discover/nobackup/projects/gmao/SIteam/ESMF_Testing/intel_2025.3.0_mpiuni_O_develop/esmf/src/prologue/yaml-cpp/src/../include -I/discover/nobackup/projects/gmao/SIteam/ESMF_Testing/intel_2025.3.0_mpiuni_O_develop/esmf/build_config/Linux.intel.default -I/discover/nobackup/projects/gmao/SIteam/ESMF_Testing/intel_2025.3.0_mpiuni_O_develop/esmf/src/Infrastructure -I/discover/nobackup/projects/gmao/SIteam/ESMF_Testing/intel_2025.3.0_mpiuni_O_develop/esmf/src/Superstructure -I/discover/nobackup/projects/gmao/SIteam/ESMF_Testing/intel_2025.3.0_mpiuni_O_develop/esmf/src/Infrastructure/stubs/pthread  -I/discover/nobackup/projects/gmao/SIteam/ESMF_Testing/intel_2025.3.0_mpiuni_O_develop/esmf/src/include   -I/discover/nobackup/projects/gmao/SIteam/ESMF_Testing/intel_2025.3.0_mpiuni_O_develop/esmf/src/prologue/yaml-cpp/include -DESMF_NO_INTEGER_1_BYTE -DESMF_NO_INTEGER_2_BYTE -DESMF_VERSION_STRING_GIT='"v9.0.0b13"' -DESMF_MPIUNI -I/discover/nobackup/projects/gmao/SIteam/ESMF_Testing/intel_2025.3.0_mpiuni_O_develop/esmf/src/Infrastructure/stubs/mpiuni -DESMF_MOAB=1 -DESMF_LAPACK=1 -DESMF_LAPACK_INTERNAL=1 -DESMF_NO_ACC_SOFTWARE_STACK=1 -DESMF_YAMLCPP=1 -DESMF_YAML=1 -DESMF_NO_OPENACC -DESMF_TESTEXHAUSTIVE -DESMF_BOPT_O -DESMF_TESTPERFORMANCE -DESMF_TESTCOMPTUNNEL -DESMF_TESTWITHTHREADS -DSx86_64_small=1 -DESMF_OS_Linux=1 -DESMF_COMM=mpiuni -DESMF_DIR=/discover/nobackup/projects/gmao/SIteam/ESMF_Testing/intel_2025.3.0_mpiuni_O_develop/esmf -D__SDIR__='"src/prologue/yaml-cpp/src"' -DESMF_CXXSTD=11 /discover/nobackup/projects/gmao/SIteam/ESMF_Testing/intel_2025.3.0_mpiuni_O_develop/esmf/src/prologue/yaml-cpp/src/nodebuilder.cpp -o /discover/nobackup/projects/gmao/SIteam/ESMF_Testing/intel_2025.3.0_mpiuni_O_develop/esmf/obj/objO/Linux.intel.64.mpiuni.default/nodebuilder.o
icpx -c -std=c++11 -O -DNDEBUG -fp-speculation=safe -fPIC -debug minimal -m64 -mcmodel=small -pthread  -qopenmp -I/discover/nobackup/projects/gmao/SIteam/ESMF_Testing/intel_2025.3.0_mpiuni_O_develop/esmf/src/prologue/yaml-cpp/src -I/discover/nobackup/projects/gmao/SIteam/ESMF_Testing/intel_2025.3.0_mpiuni_O_develop/esmf/src/prologue/yaml-cpp/src/../include -I/discover/nobackup/projects/gmao/SIteam/ESMF_Testing/intel_2025.3.0_mpiuni_O_develop/esmf/build_config/Linux.intel.default -I/discover/nobackup/projects/gmao/SIteam/ESMF_Testing/intel_2025.3.0_mpiuni_O_develop/esmf/src/Infrastructure -I/discover/nobackup/projects/gmao/SIteam/ESMF_Testing/intel_2025.3.0_mpiuni_O_develop/esmf/src/Superstructure -I/discover/nobackup/projects/gmao/SIteam/ESMF_Testing/intel_2025.3.0_mpiuni_O_develop/esmf/src/Infrastructure/stubs/pthread  -I/discover/nobackup/projects/gmao/SIteam/ESMF_Testing/intel_2025.3.0_mpiuni_O_develop/esmf/src/include   -I/discover/nobackup/projects/gmao/SIteam/ESMF_Testing/intel_2025.3.0_mpiuni_O_develop/esmf/src/prologue/yaml-cpp/include -DESMF_NO_INTEGER_1_BYTE -DESMF_NO_INTEGER_2_BYTE -DESMF_VERSION_STRING_GIT='"v9.0.0b13"' -DESMF_MPIUNI -I/discover/nobackup/projects/gmao/SIteam/ESMF_Testing/intel_2025.3.0_mpiuni_O_develop/esmf/src/Infrastructure/stubs/mpiuni -DESMF_MOAB=1 -DESMF_LAPACK=1 -DESMF_LAPACK_INTERNAL=1 -DESMF_NO_ACC_SOFTWARE_STACK=1 -DESMF_YAMLCPP=1 -DESMF_YAML=1 -DESMF_NO_OPENACC -DESMF_TESTEXHAUSTIVE -DESMF_BOPT_O -DESMF_TESTPERFORMANCE -DESMF_TESTCOMPTUNNEL -DESMF_TESTWITHTHREADS -DSx86_64_small=1 -DESMF_OS_Linux=1 -DESMF_COMM=mpiuni -DESMF_DIR=/discover/nobackup/projects/gmao/SIteam/ESMF_Testing/intel_2025.3.0_mpiuni_O_develop/esmf -D__SDIR__='"src/prologue/yaml-cpp/src"' -DESMF_CXXSTD=11 /discover/nobackup/projects/gmao/SIteam/ESMF_Testing/intel_2025.3.0_mpiuni_O_develop/esmf/src/prologue/yaml-cpp/src/parser.cpp -o /discover/nobackup/projects/gmao/SIteam/ESMF_Testing/intel_2025.3.0_mpiuni_O_develop/esmf/obj/objO/Linux.intel.64.mpiuni.default/parser.o
icpx -c -std=c++11 -O -DNDEBUG -fp-speculation=safe -fPIC -debug minimal -m64 -mcmodel=small -pthread  -qopenmp -I/discover/nobackup/projects/gmao/SIteam/ESMF_Testing/intel_2025.3.0_mpiuni_O_develop/esmf/src/prologue/yaml-cpp/src -I/discover/nobackup/projects/gmao/SIteam/ESMF_Testing/intel_2025.3.0_mpiuni_O_develop/esmf/src/prologue/yaml-cpp/src/../include -I/discover/nobackup/projects/gmao/SIteam/ESMF_Testing/intel_2025.3.0_mpiuni_O_develop/esmf/build_config/Linux.intel.default -I/discover/nobackup/projects/gmao/SIteam/ESMF_Testing/intel_2025.3.0_mpiuni_O_develop/esmf/src/Infrastructure -I/discover/nobackup/projects/gmao/SIteam/ESMF_Testing/intel_2025.3.0_mpiuni_O_develop/esmf/src/Superstructure -I/discover/nobackup/projects/gmao/SIteam/ESMF_Testing/intel_2025.3.0_mpiuni_O_develop/esmf/src/Infrastructure/stubs/pthread  -I/discover/nobackup/projects/gmao/SIteam/ESMF_Testing/intel_2025.3.0_mpiuni_O_develop/esmf/src/include   -I/discover/nobackup/projects/gmao/SIteam/ESMF_Testing/intel_2025.3.0_mpiuni_O_develop/esmf/src/prologue/yaml-cpp/include -DESMF_NO_INTEGER_1_BYTE -DESMF_NO_INTEGER_2_BYTE -DESMF_VERSION_STRING_GIT='"v9.0.0b13"' -DESMF_MPIUNI -I/discover/nobackup/projects/gmao/SIteam/ESMF_Testing/intel_2025.3.0_mpiuni_O_develop/esmf/src/Infrastructure/stubs/mpiuni -DESMF_MOAB=1 -DESMF_LAPACK=1 -DESMF_LAPACK_INTERNAL=1 -DESMF_NO_ACC_SOFTWARE_STACK=1 -DESMF_YAMLCPP=1 -DESMF_YAML=1 -DESMF_NO_OPENACC -DESMF_TESTEXHAUSTIVE -DESMF_BOPT_O -DESMF_TESTPERFORMANCE -DESMF_TESTCOMPTUNNEL -DESMF_TESTWITHTHREADS -DSx86_64_small=1 -DESMF_OS_Linux=1 -DESMF_COMM=mpiuni -DESMF_DIR=/discover/nobackup/projects/gmao/SIteam/ESMF_Testing/intel_2025.3.0_mpiuni_O_develop/esmf -D__SDIR__='"src/prologue/yaml-cpp/src"' -DESMF_CXXSTD=11 /discover/nobackup/projects/gmao/SIteam/ESMF_Testing/intel_2025.3.0_mpiuni_O_develop/esmf/src/prologue/yaml-cpp/src/singledocparser.cpp -o /discover/nobackup/projects/gmao/SIteam/ESMF_Testing/intel_2025.3.0_mpiuni_O_develop/esmf/obj/objO/Linux.intel.64.mpiuni.default/singledocparser.o
icpx -c -std=c++11 -O -DNDEBUG -fp-speculation=safe -fPIC -debug minimal -m64 -mcmodel=small -pthread  -qopenmp -I/discover/nobackup/projects/gmao/SIteam/ESMF_Testing/intel_2025.3.0_mpiuni_O_develop/esmf/src/prologue/yaml-cpp/src -I/discover/nobackup/projects/gmao/SIteam/ESMF_Testing/intel_2025.3.0_mpiuni_O_develop/esmf/src/prologue/yaml-cpp/src/../include -I/discover/nobackup/projects/gmao/SIteam/ESMF_Testing/intel_2025.3.0_mpiuni_O_develop/esmf/build_config/Linux.intel.default -I/discover/nobackup/projects/gmao/SIteam/ESMF_Testing/intel_2025.3.0_mpiuni_O_develop/esmf/src/Infrastructure -I/discover/nobackup/projects/gmao/SIteam/ESMF_Testing/intel_2025.3.0_mpiuni_O_develop/esmf/src/Superstructure -I/discover/nobackup/projects/gmao/SIteam/ESMF_Testing/intel_2025.3.0_mpiuni_O_develop/esmf/src/Infrastructure/stubs/pthread  -I/discover/nobackup/projects/gmao/SIteam/ESMF_Testing/intel_2025.3.0_mpiuni_O_develop/esmf/src/include   -I/discover/nobackup/projects/gmao/SIteam/ESMF_Testing/intel_2025.3.0_mpiuni_O_develop/esmf/src/prologue/yaml-cpp/include -DESMF_NO_INTEGER_1_BYTE -DESMF_NO_INTEGER_2_BYTE -DESMF_VERSION_STRING_GIT='"v9.0.0b13"' -DESMF_MPIUNI -I/discover/nobackup/projects/gmao/SIteam/ESMF_Testing/intel_2025.3.0_mpiuni_O_develop/esmf/src/Infrastructure/stubs/mpiuni -DESMF_MOAB=1 -DESMF_LAPACK=1 -DESMF_LAPACK_INTERNAL=1 -DESMF_NO_ACC_SOFTWARE_STACK=1 -DESMF_YAMLCPP=1 -DESMF_YAML=1 -DESMF_NO_OPENACC -DESMF_TESTEXHAUSTIVE -DESMF_BOPT_O -DESMF_TESTPERFORMANCE -DESMF_TESTCOMPTUNNEL -DESMF_TESTWITHTHREADS -DSx86_64_small=1 -DESMF_OS_Linux=1 -DESMF_COMM=mpiuni -DESMF_DIR=/discover/nobackup/projects/gmao/SIteam/ESMF_Testing/intel_2025.3.0_mpiuni_O_develop/esmf -D__SDIR__='"src/prologue/yaml-cpp/src"' -DESMF_CXXSTD=11 /discover/nobackup/projects/gmao/SIteam/ESMF_Testing/intel_2025.3.0_mpiuni_O_develop/esmf/src/prologue/yaml-cpp/src/emitter.cpp -o /discover/nobackup/projects/gmao/SIteam/ESMF_Testing/intel_2025.3.0_mpiuni_O_develop/esmf/obj/objO/Linux.intel.64.mpiuni.default/emitter.o
icpx -c -std=c++11 -O -DNDEBUG -fp-speculation=safe -fPIC -debug minimal -m64 -mcmodel=small -pthread  -qopenmp -I/discover/nobackup/projects/gmao/SIteam/ESMF_Testing/intel_2025.3.0_mpiuni_O_develop/esmf/src/prologue/yaml-cpp/src -I/discover/nobackup/projects/gmao/SIteam/ESMF_Testing/intel_2025.3.0_mpiuni_O_develop/esmf/src/prologue/yaml-cpp/src/../include -I/discover/nobackup/projects/gmao/SIteam/ESMF_Testing/intel_2025.3.0_mpiuni_O_develop/esmf/build_config/Linux.intel.default -I/discover/nobackup/projects/gmao/SIteam/ESMF_Testing/intel_2025.3.0_mpiuni_O_develop/esmf/src/Infrastructure -I/discover/nobackup/projects/gmao/SIteam/ESMF_Testing/intel_2025.3.0_mpiuni_O_develop/esmf/src/Superstructure -I/discover/nobackup/projects/gmao/SIteam/ESMF_Testing/intel_2025.3.0_mpiuni_O_develop/esmf/src/Infrastructure/stubs/pthread  -I/discover/nobackup/projects/gmao/SIteam/ESMF_Testing/intel_2025.3.0_mpiuni_O_develop/esmf/src/include   -I/discover/nobackup/projects/gmao/SIteam/ESMF_Testing/intel_2025.3.0_mpiuni_O_develop/esmf/src/prologue/yaml-cpp/include -DESMF_NO_INTEGER_1_BYTE -DESMF_NO_INTEGER_2_BYTE -DESMF_VERSION_STRING_GIT='"v9.0.0b13"' -DESMF_MPIUNI -I/discover/nobackup/projects/gmao/SIteam/ESMF_Testing/intel_2025.3.0_mpiuni_O_develop/esmf/src/Infrastructure/stubs/mpiuni -DESMF_MOAB=1 -DESMF_LAPACK=1 -DESMF_LAPACK_INTERNAL=1 -DESMF_NO_ACC_SOFTWARE_STACK=1 -DESMF_YAMLCPP=1 -DESMF_YAML=1 -DESMF_NO_OPENACC -DESMF_TESTEXHAUSTIVE -DESMF_BOPT_O -DESMF_TESTPERFORMANCE -DESMF_TESTCOMPTUNNEL -DESMF_TESTWITHTHREADS -DSx86_64_small=1 -DESMF_OS_Linux=1 -DESMF_COMM=mpiuni -DESMF_DIR=/discover/nobackup/projects/gmao/SIteam/ESMF_Testing/intel_2025.3.0_mpiuni_O_develop/esmf -D__SDIR__='"src/prologue/yaml-cpp/src"' -DESMF_CXXSTD=11 /discover/nobackup/projects/gmao/SIteam/ESMF_Testing/intel_2025.3.0_mpiuni_O_develop/esmf/src/prologue/yaml-cpp/src/node.cpp -o /discover/nobackup/projects/gmao/SIteam/ESMF_Testing/intel_2025.3.0_mpiuni_O_develop/esmf/obj/objO/Linux.intel.64.mpiuni.default/node.o
icpx -c -std=c++11 -O -DNDEBUG -fp-speculation=safe -fPIC -debug minimal -m64 -mcmodel=small -pthread  -qopenmp -I/discover/nobackup/projects/gmao/SIteam/ESMF_Testing/intel_2025.3.0_mpiuni_O_develop/esmf/src/prologue/yaml-cpp/src -I/discover/nobackup/projects/gmao/SIteam/ESMF_Testing/intel_2025.3.0_mpiuni_O_develop/esmf/src/prologue/yaml-cpp/src/../include -I/discover/nobackup/projects/gmao/SIteam/ESMF_Testing/intel_2025.3.0_mpiuni_O_develop/esmf/build_config/Linux.intel.default -I/discover/nobackup/projects/gmao/SIteam/ESMF_Testing/intel_2025.3.0_mpiuni_O_develop/esmf/src/Infrastructure -I/discover/nobackup/projects/gmao/SIteam/ESMF_Testing/intel_2025.3.0_mpiuni_O_develop/esmf/src/Superstructure -I/discover/nobackup/projects/gmao/SIteam/ESMF_Testing/intel_2025.3.0_mpiuni_O_develop/esmf/src/Infrastructure/stubs/pthread  -I/discover/nobackup/projects/gmao/SIteam/ESMF_Testing/intel_2025.3.0_mpiuni_O_develop/esmf/src/include   -I/discover/nobackup/projects/gmao/SIteam/ESMF_Testing/intel_2025.3.0_mpiuni_O_develop/esmf/src/prologue/yaml-cpp/include -DESMF_NO_INTEGER_1_BYTE -DESMF_NO_INTEGER_2_BYTE -DESMF_VERSION_STRING_GIT='"v9.0.0b13"' -DESMF_MPIUNI -I/discover/nobackup/projects/gmao/SIteam/ESMF_Testing/intel_2025.3.0_mpiuni_O_develop/esmf/src/Infrastructure/stubs/mpiuni -DESMF_MOAB=1 -DESMF_LAPACK=1 -DESMF_LAPACK_INTERNAL=1 -DESMF_NO_ACC_SOFTWARE_STACK=1 -DESMF_YAMLCPP=1 -DESMF_YAML=1 -DESMF_NO_OPENACC -DESMF_TESTEXHAUSTIVE -DESMF_BOPT_O -DESMF_TESTPERFORMANCE -DESMF_TESTCOMPTUNNEL -DESMF_TESTWITHTHREADS -DSx86_64_small=1 -DESMF_OS_Linux=1 -DESMF_COMM=mpiuni -DESMF_DIR=/discover/nobackup/projects/gmao/SIteam/ESMF_Testing/intel_2025.3.0_mpiuni_O_develop/esmf -D__SDIR__='"src/prologue/yaml-cpp/src"' -DESMF_CXXSTD=11 /discover/nobackup/projects/gmao/SIteam/ESMF_Testing/intel_2025.3.0_mpiuni_O_develop/esmf/src/prologue/yaml-cpp/src/regex_yaml.cpp -o /discover/nobackup/projects/gmao/SIteam/ESMF_Testing/intel_2025.3.0_mpiuni_O_develop/esmf/obj/objO/Linux.intel.64.mpiuni.default/regex_yaml.o
icpx -c -std=c++11 -O -DNDEBUG -fp-speculation=safe -fPIC -debug minimal -m64 -mcmodel=small -pthread  -qopenmp -I/discover/nobackup/projects/gmao/SIteam/ESMF_Testing/intel_2025.3.0_mpiuni_O_develop/esmf/src/prologue/yaml-cpp/src -I/discover/nobackup/projects/gmao/SIteam/ESMF_Testing/intel_2025.3.0_mpiuni_O_develop/esmf/src/prologue/yaml-cpp/src/../include -I/discover/nobackup/projects/gmao/SIteam/ESMF_Testing/intel_2025.3.0_mpiuni_O_develop/esmf/build_config/Linux.intel.default -I/discover/nobackup/projects/gmao/SIteam/ESMF_Testing/intel_2025.3.0_mpiuni_O_develop/esmf/src/Infrastructure -I/discover/nobackup/projects/gmao/SIteam/ESMF_Testing/intel_2025.3.0_mpiuni_O_develop/esmf/src/Superstructure -I/discover/nobackup/projects/gmao/SIteam/ESMF_Testing/intel_2025.3.0_mpiuni_O_develop/esmf/src/Infrastructure/stubs/pthread  -I/discover/nobackup/projects/gmao/SIteam/ESMF_Testing/intel_2025.3.0_mpiuni_O_develop/esmf/src/include   -I/discover/nobackup/projects/gmao/SIteam/ESMF_Testing/intel_2025.3.0_mpiuni_O_develop/esmf/src/prologue/yaml-cpp/include -DESMF_NO_INTEGER_1_BYTE -DESMF_NO_INTEGER_2_BYTE -DESMF_VERSION_STRING_GIT='"v9.0.0b13"' -DESMF_MPIUNI -I/discover/nobackup/projects/gmao/SIteam/ESMF_Testing/intel_2025.3.0_mpiuni_O_develop/esmf/src/Infrastructure/stubs/mpiuni -DESMF_MOAB=1 -DESMF_LAPACK=1 -DESMF_LAPACK_INTERNAL=1 -DESMF_NO_ACC_SOFTWARE_STACK=1 -DESMF_YAMLCPP=1 -DESMF_YAML=1 -DESMF_NO_OPENACC -DESMF_TESTEXHAUSTIVE -DESMF_BOPT_O -DESMF_TESTPERFORMANCE -DESMF_TESTCOMPTUNNEL -DESMF_TESTWITHTHREADS -DSx86_64_small=1 -DESMF_OS_Linux=1 -DESMF_COMM=mpiuni -DESMF_DIR=/discover/nobackup/projects/gmao/SIteam/ESMF_Testing/intel_2025.3.0_mpiuni_O_develop/esmf -D__SDIR__='"src/prologue/yaml-cpp/src"' -DESMF_CXXSTD=11 /discover/nobackup/projects/gmao/SIteam/ESMF_Testing/intel_2025.3.0_mpiuni_O_develop/esmf/src/prologue/yaml-cpp/src/stream.cpp -o /discover/nobackup/projects/gmao/SIteam/ESMF_Testing/intel_2025.3.0_mpiuni_O_develop/esmf/obj/objO/Linux.intel.64.mpiuni.default/stream.o
icpx -c -std=c++11 -O -DNDEBUG -fp-speculation=safe -fPIC -debug minimal -m64 -mcmodel=small -pthread  -qopenmp -I/discover/nobackup/projects/gmao/SIteam/ESMF_Testing/intel_2025.3.0_mpiuni_O_develop/esmf/src/prologue/yaml-cpp/src -I/discover/nobackup/projects/gmao/SIteam/ESMF_Testing/intel_2025.3.0_mpiuni_O_develop/esmf/src/prologue/yaml-cpp/src/../include -I/discover/nobackup/projects/gmao/SIteam/ESMF_Testing/intel_2025.3.0_mpiuni_O_develop/esmf/build_config/Linux.intel.default -I/discover/nobackup/projects/gmao/SIteam/ESMF_Testing/intel_2025.3.0_mpiuni_O_develop/esmf/src/Infrastructure -I/discover/nobackup/projects/gmao/SIteam/ESMF_Testing/intel_2025.3.0_mpiuni_O_develop/esmf/src/Superstructure -I/discover/nobackup/projects/gmao/SIteam/ESMF_Testing/intel_2025.3.0_mpiuni_O_develop/esmf/src/Infrastructure/stubs/pthread  -I/discover/nobackup/projects/gmao/SIteam/ESMF_Testing/intel_2025.3.0_mpiuni_O_develop/esmf/src/include   -I/discover/nobackup/projects/gmao/SIteam/ESMF_Testing/intel_2025.3.0_mpiuni_O_develop/esmf/src/prologue/yaml-cpp/include -DESMF_NO_INTEGER_1_BYTE -DESMF_NO_INTEGER_2_BYTE -DESMF_VERSION_STRING_GIT='"v9.0.0b13"' -DESMF_MPIUNI -I/discover/nobackup/projects/gmao/SIteam/ESMF_Testing/intel_2025.3.0_mpiuni_O_develop/esmf/src/Infrastructure/stubs/mpiuni -DESMF_MOAB=1 -DESMF_LAPACK=1 -DESMF_LAPACK_INTERNAL=1 -DESMF_NO_ACC_SOFTWARE_STACK=1 -DESMF_YAMLCPP=1 -DESMF_YAML=1 -DESMF_NO_OPENACC -DESMF_TESTEXHAUSTIVE -DESMF_BOPT_O -DESMF_TESTPERFORMANCE -DESMF_TESTCOMPTUNNEL -DESMF_TESTWITHTHREADS -DSx86_64_small=1 -DESMF_OS_Linux=1 -DESMF_COMM=mpiuni -DESMF_DIR=/discover/nobackup/projects/gmao/SIteam/ESMF_Testing/intel_2025.3.0_mpiuni_O_develop/esmf -D__SDIR__='"src/prologue/yaml-cpp/src"' -DESMF_CXXSTD=11 /discover/nobackup/projects/gmao/SIteam/ESMF_Testing/intel_2025.3.0_mpiuni_O_develop/esmf/src/prologue/yaml-cpp/src/emitterstate.cpp -o /discover/nobackup/projects/gmao/SIteam/ESMF_Testing/intel_2025.3.0_mpiuni_O_develop/esmf/obj/objO/Linux.intel.64.mpiuni.default/emitterstate.o
icpx -c -std=c++11 -O -DNDEBUG -fp-speculation=safe -fPIC -debug minimal -m64 -mcmodel=small -pthread  -qopenmp -I/discover/nobackup/projects/gmao/SIteam/ESMF_Testing/intel_2025.3.0_mpiuni_O_develop/esmf/src/prologue/yaml-cpp/src -I/discover/nobackup/projects/gmao/SIteam/ESMF_Testing/intel_2025.3.0_mpiuni_O_develop/esmf/src/prologue/yaml-cpp/src/../include -I/discover/nobackup/projects/gmao/SIteam/ESMF_Testing/intel_2025.3.0_mpiuni_O_develop/esmf/build_config/Linux.intel.default -I/discover/nobackup/projects/gmao/SIteam/ESMF_Testing/intel_2025.3.0_mpiuni_O_develop/esmf/src/Infrastructure -I/discover/nobackup/projects/gmao/SIteam/ESMF_Testing/intel_2025.3.0_mpiuni_O_develop/esmf/src/Superstructure -I/discover/nobackup/projects/gmao/SIteam/ESMF_Testing/intel_2025.3.0_mpiuni_O_develop/esmf/src/Infrastructure/stubs/pthread  -I/discover/nobackup/projects/gmao/SIteam/ESMF_Testing/intel_2025.3.0_mpiuni_O_develop/esmf/src/include   -I/discover/nobackup/projects/gmao/SIteam/ESMF_Testing/intel_2025.3.0_mpiuni_O_develop/esmf/src/prologue/yaml-cpp/include -DESMF_NO_INTEGER_1_BYTE -DESMF_NO_INTEGER_2_BYTE -DESMF_VERSION_STRING_GIT='"v9.0.0b13"' -DESMF_MPIUNI -I/discover/nobackup/projects/gmao/SIteam/ESMF_Testing/intel_2025.3.0_mpiuni_O_develop/esmf/src/Infrastructure/stubs/mpiuni -DESMF_MOAB=1 -DESMF_LAPACK=1 -DESMF_LAPACK_INTERNAL=1 -DESMF_NO_ACC_SOFTWARE_STACK=1 -DESMF_YAMLCPP=1 -DESMF_YAML=1 -DESMF_NO_OPENACC -DESMF_TESTEXHAUSTIVE -DESMF_BOPT_O -DESMF_TESTPERFORMANCE -DESMF_TESTCOMPTUNNEL -DESMF_TESTWITHTHREADS -DSx86_64_small=1 -DESMF_OS_Linux=1 -DESMF_COMM=mpiuni -DESMF_DIR=/discover/nobackup/projects/gmao/SIteam/ESMF_Testing/intel_2025.3.0_mpiuni_O_develop/esmf -D__SDIR__='"src/prologue/yaml-cpp/src"' -DESMF_CXXSTD=11 /discover/nobackup/projects/gmao/SIteam/ESMF_Testing/intel_2025.3.0_mpiuni_O_develop/esmf/src/prologue/yaml-cpp/src/node_data.cpp -o /discover/nobackup/projects/gmao/SIteam/ESMF_Testing/intel_2025.3.0_mpiuni_O_develop/esmf/obj/objO/Linux.intel.64.mpiuni.default/node_data.o
icpx -c -std=c++11 -O -DNDEBUG -fp-speculation=safe -fPIC -debug minimal -m64 -mcmodel=small -pthread  -qopenmp -I/discover/nobackup/projects/gmao/SIteam/ESMF_Testing/intel_2025.3.0_mpiuni_O_develop/esmf/src/prologue/yaml-cpp/src -I/discover/nobackup/projects/gmao/SIteam/ESMF_Testing/intel_2025.3.0_mpiuni_O_develop/esmf/src/prologue/yaml-cpp/src/../include -I/discover/nobackup/projects/gmao/SIteam/ESMF_Testing/intel_2025.3.0_mpiuni_O_develop/esmf/build_config/Linux.intel.default -I/discover/nobackup/projects/gmao/SIteam/ESMF_Testing/intel_2025.3.0_mpiuni_O_develop/esmf/src/Infrastructure -I/discover/nobackup/projects/gmao/SIteam/ESMF_Testing/intel_2025.3.0_mpiuni_O_develop/esmf/src/Superstructure -I/discover/nobackup/projects/gmao/SIteam/ESMF_Testing/intel_2025.3.0_mpiuni_O_develop/esmf/src/Infrastructure/stubs/pthread  -I/discover/nobackup/projects/gmao/SIteam/ESMF_Testing/intel_2025.3.0_mpiuni_O_develop/esmf/src/include   -I/discover/nobackup/projects/gmao/SIteam/ESMF_Testing/intel_2025.3.0_mpiuni_O_develop/esmf/src/prologue/yaml-cpp/include -DESMF_NO_INTEGER_1_BYTE -DESMF_NO_INTEGER_2_BYTE -DESMF_VERSION_STRING_GIT='"v9.0.0b13"' -DESMF_MPIUNI -I/discover/nobackup/projects/gmao/SIteam/ESMF_Testing/intel_2025.3.0_mpiuni_O_develop/esmf/src/Infrastructure/stubs/mpiuni -DESMF_MOAB=1 -DESMF_LAPACK=1 -DESMF_LAPACK_INTERNAL=1 -DESMF_NO_ACC_SOFTWARE_STACK=1 -DESMF_YAMLCPP=1 -DESMF_YAML=1 -DESMF_NO_OPENACC -DESMF_TESTEXHAUSTIVE -DESMF_BOPT_O -DESMF_TESTPERFORMANCE -DESMF_TESTCOMPTUNNEL -DESMF_TESTWITHTHREADS -DSx86_64_small=1 -DESMF_OS_Linux=1 -DESMF_COMM=mpiuni -DESMF_DIR=/discover/nobackup/projects/gmao/SIteam/ESMF_Testing/intel_2025.3.0_mpiuni_O_develop/esmf -D__SDIR__='"src/prologue/yaml-cpp/src"' -DESMF_CXXSTD=11 /discover/nobackup/projects/gmao/SIteam/ESMF_Testing/intel_2025.3.0_mpiuni_O_develop/esmf/src/prologue/yaml-cpp/src/scanner.cpp -o /discover/nobackup/projects/gmao/SIteam/ESMF_Testing/intel_2025.3.0_mpiuni_O_develop/esmf/obj/objO/Linux.intel.64.mpiuni.default/scanner.o
icpx -c -std=c++11 -O -DNDEBUG -fp-speculation=safe -fPIC -debug minimal -m64 -mcmodel=small -pthread  -qopenmp -I/discover/nobackup/projects/gmao/SIteam/ESMF_Testing/intel_2025.3.0_mpiuni_O_develop/esmf/src/prologue/yaml-cpp/src -I/discover/nobackup/projects/gmao/SIteam/ESMF_Testing/intel_2025.3.0_mpiuni_O_develop/esmf/src/prologue/yaml-cpp/src/../include -I/discover/nobackup/projects/gmao/SIteam/ESMF_Testing/intel_2025.3.0_mpiuni_O_develop/esmf/build_config/Linux.intel.default -I/discover/nobackup/projects/gmao/SIteam/ESMF_Testing/intel_2025.3.0_mpiuni_O_develop/esmf/src/Infrastructure -I/discover/nobackup/projects/gmao/SIteam/ESMF_Testing/intel_2025.3.0_mpiuni_O_develop/esmf/src/Superstructure -I/discover/nobackup/projects/gmao/SIteam/ESMF_Testing/intel_2025.3.0_mpiuni_O_develop/esmf/src/Infrastructure/stubs/pthread  -I/discover/nobackup/projects/gmao/SIteam/ESMF_Testing/intel_2025.3.0_mpiuni_O_develop/esmf/src/include   -I/discover/nobackup/projects/gmao/SIteam/ESMF_Testing/intel_2025.3.0_mpiuni_O_develop/esmf/src/prologue/yaml-cpp/include -DESMF_NO_INTEGER_1_BYTE -DESMF_NO_INTEGER_2_BYTE -DESMF_VERSION_STRING_GIT='"v9.0.0b13"' -DESMF_MPIUNI -I/discover/nobackup/projects/gmao/SIteam/ESMF_Testing/intel_2025.3.0_mpiuni_O_develop/esmf/src/Infrastructure/stubs/mpiuni -DESMF_MOAB=1 -DESMF_LAPACK=1 -DESMF_LAPACK_INTERNAL=1 -DESMF_NO_ACC_SOFTWARE_STACK=1 -DESMF_YAMLCPP=1 -DESMF_YAML=1 -DESMF_NO_OPENACC -DESMF_TESTEXHAUSTIVE -DESMF_BOPT_O -DESMF_TESTPERFORMANCE -DESMF_TESTCOMPTUNNEL -DESMF_TESTWITHTHREADS -DSx86_64_small=1 -DESMF_OS_Linux=1 -DESMF_COMM=mpiuni -DESMF_DIR=/discover/nobackup/projects/gmao/SIteam/ESMF_Testing/intel_2025.3.0_mpiuni_O_develop/esmf -D__SDIR__='"src/prologue/yaml-cpp/src"' -DESMF_CXXSTD=11 /discover/nobackup/projects/gmao/SIteam/ESMF_Testing/intel_2025.3.0_mpiuni_O_develop/esmf/src/prologue/yaml-cpp/src/tag.cpp -o /discover/nobackup/projects/gmao/SIteam/ESMF_Testing/intel_2025.3.0_mpiuni_O_develop/esmf/obj/objO/Linux.intel.64.mpiuni.default/tag.o
make[8]: Leaving directory '/gpfsm/dnb10/projects/p50/ESMF_Testing/intel_2025.3.0_mpiuni_O_develop/esmf/mod/modO/Linux.intel.64.mpiuni.default'
make[7]: Leaving directory '/gpfsm/dnb10/projects/p50/ESMF_Testing/intel_2025.3.0_mpiuni_O_develop/esmf/mod/modO/Linux.intel.64.mpiuni.default'
make[6]: Leaving directory '/gpfsm/dnb10/projects/p50/ESMF_Testing/intel_2025.3.0_mpiuni_O_develop/esmf/src/prologue/yaml-cpp/src'
make[5]: Leaving directory '/gpfsm/dnb10/projects/p50/ESMF_Testing/intel_2025.3.0_mpiuni_O_develop/esmf/src/prologue/yaml-cpp'
make[4]: Leaving directory '/gpfsm/dnb10/projects/p50/ESMF_Testing/intel_2025.3.0_mpiuni_O_develop/esmf/src/prologue'
tree_lib in: /discover/nobackup/projects/gmao/SIteam/ESMF_Testing/intel_2025.3.0_mpiuni_O_develop/esmf/src/test_harness
make[4]: Entering directory '/gpfsm/dnb10/projects/p50/ESMF_Testing/intel_2025.3.0_mpiuni_O_develop/esmf/src/test_harness'
/bin/sh: line 0: [: -ge: unary operator expected
dir=`pwd`; cd /discover/nobackup/projects/gmao/SIteam/ESMF_Testing/intel_2025.3.0_mpiuni_O_develop/esmf/mod/modO/Linux.intel.64.mpiuni.default; make -f ${dir}/makefile MAKEFILE=${dir}/makefile esmflib
make[5]: Entering directory '/gpfsm/dnb10/projects/p50/ESMF_Testing/intel_2025.3.0_mpiuni_O_develop/esmf/mod/modO/Linux.intel.64.mpiuni.default'
/bin/sh: line 0: [: -ge: unary operator expected
make[5]: Leaving directory '/gpfsm/dnb10/projects/p50/ESMF_Testing/intel_2025.3.0_mpiuni_O_develop/esmf/mod/modO/Linux.intel.64.mpiuni.default'
tree_lib in: /discover/nobackup/projects/gmao/SIteam/ESMF_Testing/intel_2025.3.0_mpiuni_O_develop/esmf/src/test_harness/src
make[5]: Entering directory '/gpfsm/dnb10/projects/p50/ESMF_Testing/intel_2025.3.0_mpiuni_O_develop/esmf/src/test_harness/src'
/bin/sh: line 0: [: -ge: unary operator expected
dir=`pwd`; cd /discover/nobackup/projects/gmao/SIteam/ESMF_Testing/intel_2025.3.0_mpiuni_O_develop/esmf/mod/modO/Linux.intel.64.mpiuni.default; make -f ${dir}/makefile MAKEFILE=${dir}/makefile esmflib
make[6]: Entering directory '/gpfsm/dnb10/projects/p50/ESMF_Testing/intel_2025.3.0_mpiuni_O_develop/esmf/mod/modO/Linux.intel.64.mpiuni.default'
/bin/sh: line 0: [: -ge: unary operator expected
make[6]: Leaving directory '/gpfsm/dnb10/projects/p50/ESMF_Testing/intel_2025.3.0_mpiuni_O_develop/esmf/mod/modO/Linux.intel.64.mpiuni.default'
make[5]: Leaving directory '/gpfsm/dnb10/projects/p50/ESMF_Testing/intel_2025.3.0_mpiuni_O_develop/esmf/src/test_harness/src'
make[4]: Leaving directory '/gpfsm/dnb10/projects/p50/ESMF_Testing/intel_2025.3.0_mpiuni_O_develop/esmf/src/test_harness'
tree_lib in: /discover/nobackup/projects/gmao/SIteam/ESMF_Testing/intel_2025.3.0_mpiuni_O_develop/esmf/src/Infrastructure
make[4]: Entering directory '/gpfsm/dnb10/projects/p50/ESMF_Testing/intel_2025.3.0_mpiuni_O_develop/esmf/src/Infrastructure'
/bin/sh: line 0: [: -ge: unary operator expected
dir=`pwd`; cd /discover/nobackup/projects/gmao/SIteam/ESMF_Testing/intel_2025.3.0_mpiuni_O_develop/esmf/mod/modO/Linux.intel.64.mpiuni.default; make -f ${dir}/makefile MAKEFILE=${dir}/makefile esmflib
make[5]: Entering directory '/gpfsm/dnb10/projects/p50/ESMF_Testing/intel_2025.3.0_mpiuni_O_develop/esmf/mod/modO/Linux.intel.64.mpiuni.default'
/bin/sh: line 0: [: -ge: unary operator expected
make[5]: Leaving directory '/gpfsm/dnb10/projects/p50/ESMF_Testing/intel_2025.3.0_mpiuni_O_develop/esmf/mod/modO/Linux.intel.64.mpiuni.default'
tree_lib in: /discover/nobackup/projects/gmao/SIteam/ESMF_Testing/intel_2025.3.0_mpiuni_O_develop/esmf/src/Infrastructure/stubs
make[5]: Entering directory '/gpfsm/dnb10/projects/p50/ESMF_Testing/intel_2025.3.0_mpiuni_O_develop/esmf/src/Infrastructure/stubs'
/bin/sh: line 0: [: -ge: unary operator expected
dir=`pwd`; cd /discover/nobackup/projects/gmao/SIteam/ESMF_Testing/intel_2025.3.0_mpiuni_O_develop/esmf/mod/modO/Linux.intel.64.mpiuni.default; make -f ${dir}/makefile MAKEFILE=${dir}/makefile esmflib
make[6]: Entering directory '/gpfsm/dnb10/projects/p50/ESMF_Testing/intel_2025.3.0_mpiuni_O_develop/esmf/mod/modO/Linux.intel.64.mpiuni.default'
/bin/sh: line 0: [: -ge: unary operator expected
make[6]: Leaving directory '/gpfsm/dnb10/projects/p50/ESMF_Testing/intel_2025.3.0_mpiuni_O_develop/esmf/mod/modO/Linux.intel.64.mpiuni.default'
tree_lib in: /discover/nobackup/projects/gmao/SIteam/ESMF_Testing/intel_2025.3.0_mpiuni_O_develop/esmf/src/Infrastructure/stubs/mpiuni
make[6]: Entering directory '/gpfsm/dnb10/projects/p50/ESMF_Testing/intel_2025.3.0_mpiuni_O_develop/esmf/src/Infrastructure/stubs/mpiuni'
/bin/sh: line 0: [: -ge: unary operator expected
dir=`pwd`; cd /discover/nobackup/projects/gmao/SIteam/ESMF_Testing/intel_2025.3.0_mpiuni_O_develop/esmf/mod/modO/Linux.intel.64.mpiuni.default; make -f ${dir}/makefile MAKEFILE=${dir}/makefile esmflib
make[7]: Entering directory '/gpfsm/dnb10/projects/p50/ESMF_Testing/intel_2025.3.0_mpiuni_O_develop/esmf/mod/modO/Linux.intel.64.mpiuni.default'
/bin/sh: line 0: [: -ge: unary operator expected
make[8]: Entering directory '/gpfsm/dnb10/projects/p50/ESMF_Testing/intel_2025.3.0_mpiuni_O_develop/esmf/mod/modO/Linux.intel.64.mpiuni.default'
/bin/sh: line 0: [: -ge: unary operator expected
icx -c -std=c99 -O -DNDEBUG -fp-speculation=safe -fPIC -debug minimal  -qopenmp -I/discover/nobackup/projects/gmao/SIteam/ESMF_Testing/intel_2025.3.0_mpiuni_O_develop/esmf/src/Infrastructure/stubs/mpiuni -I/discover/nobackup/projects/gmao/SIteam/ESMF_Testing/intel_2025.3.0_mpiuni_O_develop/esmf/src/Infrastructure/stubs/mpiuni/../include -I/discover/nobackup/projects/gmao/SIteam/ESMF_Testing/intel_2025.3.0_mpiuni_O_develop/esmf/build_config/Linux.intel.default -I/discover/nobackup/projects/gmao/SIteam/ESMF_Testing/intel_2025.3.0_mpiuni_O_develop/esmf/src/Infrastructure -I/discover/nobackup/projects/gmao/SIteam/ESMF_Testing/intel_2025.3.0_mpiuni_O_develop/esmf/src/Superstructure  -I/discover/nobackup/projects/gmao/SIteam/ESMF_Testing/intel_2025.3.0_mpiuni_O_develop/esmf/src/include   -DESMF_NO_INTEGER_1_BYTE -DESMF_NO_INTEGER_2_BYTE -DESMF_VERSION_STRING_GIT='"v9.0.0b13"' -DESMF_MPIUNI -I/discover/nobackup/projects/gmao/SIteam/ESMF_Testing/intel_2025.3.0_mpiuni_O_develop/esmf/src/Infrastructure/stubs/mpiuni -DESMF_MOAB=1 -DESMF_LAPACK=1 -DESMF_LAPACK_INTERNAL=1 -DESMF_NO_ACC_SOFTWARE_STACK=1 -DESMF_YAMLCPP=1 -DESMF_YAML=1 -DESMF_NO_OPENACC -DESMF_TESTEXHAUSTIVE -DESMF_BOPT_O -DESMF_TESTPERFORMANCE -DESMF_TESTCOMPTUNNEL -DESMF_TESTWITHTHREADS -DSx86_64_small=1 -DESMF_OS_Linux=1 -DESMF_COMM=mpiuni -DESMF_DIR=/discover/nobackup/projects/gmao/SIteam/ESMF_Testing/intel_2025.3.0_mpiuni_O_develop/esmf -D__SDIR__='"src/Infrastructure/stubs/mpiuni"' -DESMF_CSTD=99 /discover/nobackup/projects/gmao/SIteam/ESMF_Testing/intel_2025.3.0_mpiuni_O_develop/esmf/src/Infrastructure/stubs/mpiuni/mpi.c -o /discover/nobackup/projects/gmao/SIteam/ESMF_Testing/intel_2025.3.0_mpiuni_O_develop/esmf/obj/objO/Linux.intel.64.mpiuni.default/mpi.o
make[8]: Leaving directory '/gpfsm/dnb10/projects/p50/ESMF_Testing/intel_2025.3.0_mpiuni_O_develop/esmf/mod/modO/Linux.intel.64.mpiuni.default'
make[7]: Leaving directory '/gpfsm/dnb10/projects/p50/ESMF_Testing/intel_2025.3.0_mpiuni_O_develop/esmf/mod/modO/Linux.intel.64.mpiuni.default'
make[6]: Leaving directory '/gpfsm/dnb10/projects/p50/ESMF_Testing/intel_2025.3.0_mpiuni_O_develop/esmf/src/Infrastructure/stubs/mpiuni'
make[5]: Leaving directory '/gpfsm/dnb10/projects/p50/ESMF_Testing/intel_2025.3.0_mpiuni_O_develop/esmf/src/Infrastructure/stubs'
tree_lib in: /discover/nobackup/projects/gmao/SIteam/ESMF_Testing/intel_2025.3.0_mpiuni_O_develop/esmf/src/Infrastructure/Util
make[5]: Entering directory '/gpfsm/dnb10/projects/p50/ESMF_Testing/intel_2025.3.0_mpiuni_O_develop/esmf/src/Infrastructure/Util'
/bin/sh: line 0: [: -ge: unary operator expected
dir=`pwd`; cd /discover/nobackup/projects/gmao/SIteam/ESMF_Testing/intel_2025.3.0_mpiuni_O_develop/esmf/mod/modO/Linux.intel.64.mpiuni.default; make -f ${dir}/makefile MAKEFILE=${dir}/makefile esmflib
make[6]: Entering directory '/gpfsm/dnb10/projects/p50/ESMF_Testing/intel_2025.3.0_mpiuni_O_develop/esmf/mod/modO/Linux.intel.64.mpiuni.default'
/bin/sh: line 0: [: -ge: unary operator expected
make[6]: Leaving directory '/gpfsm/dnb10/projects/p50/ESMF_Testing/intel_2025.3.0_mpiuni_O_develop/esmf/mod/modO/Linux.intel.64.mpiuni.default'
tree_lib in: /discover/nobackup/projects/gmao/SIteam/ESMF_Testing/intel_2025.3.0_mpiuni_O_develop/esmf/src/Infrastructure/Util/src
make[6]: Entering directory '/gpfsm/dnb10/projects/p50/ESMF_Testing/intel_2025.3.0_mpiuni_O_develop/esmf/src/Infrastructure/Util/src'
/bin/sh: line 0: [: -ge: unary operator expected
dir=`pwd`; cd /discover/nobackup/projects/gmao/SIteam/ESMF_Testing/intel_2025.3.0_mpiuni_O_develop/esmf/mod/modO/Linux.intel.64.mpiuni.default; make -f ${dir}/makefile MAKEFILE=${dir}/makefile esmflib
make[7]: Entering directory '/gpfsm/dnb10/projects/p50/ESMF_Testing/intel_2025.3.0_mpiuni_O_develop/esmf/mod/modO/Linux.intel.64.mpiuni.default'
/bin/sh: line 0: [: -ge: unary operator expected
gcc -E -P -x c -C -nostdinc -I/discover/nobackup/projects/gmao/SIteam/ESMF_Testing/intel_2025.3.0_mpiuni_O_develop/esmf/src/include /discover/nobackup/projects/gmao/SIteam/ESMF_Testing/intel_2025.3.0_mpiuni_O_develop/esmf/src/Infrastructure/Util/src/ESMF_FortranWordsize.cppF90 | tr "@^|" "\n#'" | sed -e '/^#pragma GCC/d' > /discover/nobackup/projects/gmao/SIteam/ESMF_Testing/intel_2025.3.0_mpiuni_O_develop/esmf/src/Infrastructure/Util/src/ESMF_FortranWordsize.F90
gcc -E -P -x c -C -nostdinc -I/discover/nobackup/projects/gmao/SIteam/ESMF_Testing/intel_2025.3.0_mpiuni_O_develop/esmf/src/include /discover/nobackup/projects/gmao/SIteam/ESMF_Testing/intel_2025.3.0_mpiuni_O_develop/esmf/src/Infrastructure/Util/src/ESMF_TypeKindGet.cppF90 | tr "@^|" "\n#'" | sed -e '/^#pragma GCC/d' > /discover/nobackup/projects/gmao/SIteam/ESMF_Testing/intel_2025.3.0_mpiuni_O_develop/esmf/src/Infrastructure/Util/src/ESMF_TypeKindGet.F90
gcc -E -P -x c -C -nostdinc -I/discover/nobackup/projects/gmao/SIteam/ESMF_Testing/intel_2025.3.0_mpiuni_O_develop/esmf/src/include /discover/nobackup/projects/gmao/SIteam/ESMF_Testing/intel_2025.3.0_mpiuni_O_develop/esmf/src/Infrastructure/Util/src/ESMF_UtilSort.cppF90 | tr "@^|" "\n#'" | sed -e '/^#pragma GCC/d' > /discover/nobackup/projects/gmao/SIteam/ESMF_Testing/intel_2025.3.0_mpiuni_O_develop/esmf/src/Infrastructure/Util/src/ESMF_UtilSort.F90
make[8]: Entering directory '/gpfsm/dnb10/projects/p50/ESMF_Testing/intel_2025.3.0_mpiuni_O_develop/esmf/mod/modO/Linux.intel.64.mpiuni.default'
/bin/sh: line 0: [: -ge: unary operator expected
icpx -c -std=c++11 -O -DNDEBUG -fp-speculation=safe -fPIC -debug minimal -m64 -mcmodel=small -pthread  -qopenmp -I/discover/nobackup/projects/gmao/SIteam/ESMF_Testing/intel_2025.3.0_mpiuni_O_develop/esmf/src/Infrastructure/Util/src -I/discover/nobackup/projects/gmao/SIteam/ESMF_Testing/intel_2025.3.0_mpiuni_O_develop/esmf/src/Infrastructure/Util/src/../include -I/discover/nobackup/projects/gmao/SIteam/ESMF_Testing/intel_2025.3.0_mpiuni_O_develop/esmf/build_config/Linux.intel.default -I/discover/nobackup/projects/gmao/SIteam/ESMF_Testing/intel_2025.3.0_mpiuni_O_develop/esmf/src/Infrastructure -I/discover/nobackup/projects/gmao/SIteam/ESMF_Testing/intel_2025.3.0_mpiuni_O_develop/esmf/src/Superstructure -I/discover/nobackup/projects/gmao/SIteam/ESMF_Testing/intel_2025.3.0_mpiuni_O_develop/esmf/src/Infrastructure/stubs/pthread  -I/discover/nobackup/projects/gmao/SIteam/ESMF_Testing/intel_2025.3.0_mpiuni_O_develop/esmf/src/include   -I/discover/nobackup/projects/gmao/SIteam/ESMF_Testing/intel_2025.3.0_mpiuni_O_develop/esmf/src/prologue/yaml-cpp/include -DESMF_NO_INTEGER_1_BYTE -DESMF_NO_INTEGER_2_BYTE -DESMF_VERSION_STRING_GIT='"v9.0.0b13"' -DESMF_MPIUNI -I/discover/nobackup/projects/gmao/SIteam/ESMF_Testing/intel_2025.3.0_mpiuni_O_develop/esmf/src/Infrastructure/stubs/mpiuni -DESMF_MOAB=1 -DESMF_LAPACK=1 -DESMF_LAPACK_INTERNAL=1 -DESMF_NO_ACC_SOFTWARE_STACK=1 -DESMF_YAMLCPP=1 -DESMF_YAML=1 -DESMF_NO_OPENACC -DESMF_TESTEXHAUSTIVE -DESMF_BOPT_O -DESMF_TESTPERFORMANCE -DESMF_TESTCOMPTUNNEL -DESMF_TESTWITHTHREADS -DSx86_64_small=1 -DESMF_OS_Linux=1 -DESMF_COMM=mpiuni -DESMF_DIR=/discover/nobackup/projects/gmao/SIteam/ESMF_Testing/intel_2025.3.0_mpiuni_O_develop/esmf -D__SDIR__='"src/Infrastructure/Util/src"' -DESMF_CXXSTD=11 /discover/nobackup/projects/gmao/SIteam/ESMF_Testing/intel_2025.3.0_mpiuni_O_develop/esmf/src/Infrastructure/Util/src/ESMCI_Util.C -o /discover/nobackup/projects/gmao/SIteam/ESMF_Testing/intel_2025.3.0_mpiuni_O_develop/esmf/obj/objO/Linux.intel.64.mpiuni.default/ESMCI_Util.o
icpx -c -std=c++11 -O -DNDEBUG -fp-speculation=safe -fPIC -debug minimal -m64 -mcmodel=small -pthread  -qopenmp -I/discover/nobackup/projects/gmao/SIteam/ESMF_Testing/intel_2025.3.0_mpiuni_O_develop/esmf/src/Infrastructure/Util/src -I/discover/nobackup/projects/gmao/SIteam/ESMF_Testing/intel_2025.3.0_mpiuni_O_develop/esmf/src/Infrastructure/Util/src/../include -I/discover/nobackup/projects/gmao/SIteam/ESMF_Testing/intel_2025.3.0_mpiuni_O_develop/esmf/build_config/Linux.intel.default -I/discover/nobackup/projects/gmao/SIteam/ESMF_Testing/intel_2025.3.0_mpiuni_O_develop/esmf/src/Infrastructure -I/discover/nobackup/projects/gmao/SIteam/ESMF_Testing/intel_2025.3.0_mpiuni_O_develop/esmf/src/Superstructure -I/discover/nobackup/projects/gmao/SIteam/ESMF_Testing/intel_2025.3.0_mpiuni_O_develop/esmf/src/Infrastructure/stubs/pthread  -I/discover/nobackup/projects/gmao/SIteam/ESMF_Testing/intel_2025.3.0_mpiuni_O_develop/esmf/src/include   -I/discover/nobackup/projects/gmao/SIteam/ESMF_Testing/intel_2025.3.0_mpiuni_O_develop/esmf/src/prologue/yaml-cpp/include -DESMF_NO_INTEGER_1_BYTE -DESMF_NO_INTEGER_2_BYTE -DESMF_VERSION_STRING_GIT='"v9.0.0b13"' -DESMF_MPIUNI -I/discover/nobackup/projects/gmao/SIteam/ESMF_Testing/intel_2025.3.0_mpiuni_O_develop/esmf/src/Infrastructure/stubs/mpiuni -DESMF_MOAB=1 -DESMF_LAPACK=1 -DESMF_LAPACK_INTERNAL=1 -DESMF_NO_ACC_SOFTWARE_STACK=1 -DESMF_YAMLCPP=1 -DESMF_YAML=1 -DESMF_NO_OPENACC -DESMF_TESTEXHAUSTIVE -DESMF_BOPT_O -DESMF_TESTPERFORMANCE -DESMF_TESTCOMPTUNNEL -DESMF_TESTWITHTHREADS -DSx86_64_small=1 -DESMF_OS_Linux=1 -DESMF_COMM=mpiuni -DESMF_DIR=/discover/nobackup/projects/gmao/SIteam/ESMF_Testing/intel_2025.3.0_mpiuni_O_develop/esmf -D__SDIR__='"src/Infrastructure/Util/src"' -DESMF_CXXSTD=11 /discover/nobackup/projects/gmao/SIteam/ESMF_Testing/intel_2025.3.0_mpiuni_O_develop/esmf/src/Infrastructure/Util/src/ESMCI_Fraction.C -o /discover/nobackup/projects/gmao/SIteam/ESMF_Testing/intel_2025.3.0_mpiuni_O_develop/esmf/obj/objO/Linux.intel.64.mpiuni.default/ESMCI_Fraction.o
icpx -c -std=c++11 -O -DNDEBUG -fp-speculation=safe -fPIC -debug minimal -m64 -mcmodel=small -pthread  -qopenmp -I/discover/nobackup/projects/gmao/SIteam/ESMF_Testing/intel_2025.3.0_mpiuni_O_develop/esmf/src/Infrastructure/Util/src -I/discover/nobackup/projects/gmao/SIteam/ESMF_Testing/intel_2025.3.0_mpiuni_O_develop/esmf/src/Infrastructure/Util/src/../include -I/discover/nobackup/projects/gmao/SIteam/ESMF_Testing/intel_2025.3.0_mpiuni_O_develop/esmf/build_config/Linux.intel.default -I/discover/nobackup/projects/gmao/SIteam/ESMF_Testing/intel_2025.3.0_mpiuni_O_develop/esmf/src/Infrastructure -I/discover/nobackup/projects/gmao/SIteam/ESMF_Testing/intel_2025.3.0_mpiuni_O_develop/esmf/src/Superstructure -I/discover/nobackup/projects/gmao/SIteam/ESMF_Testing/intel_2025.3.0_mpiuni_O_develop/esmf/src/Infrastructure/stubs/pthread  -I/discover/nobackup/projects/gmao/SIteam/ESMF_Testing/intel_2025.3.0_mpiuni_O_develop/esmf/src/include   -I/discover/nobackup/projects/gmao/SIteam/ESMF_Testing/intel_2025.3.0_mpiuni_O_develop/esmf/src/prologue/yaml-cpp/include -DESMF_NO_INTEGER_1_BYTE -DESMF_NO_INTEGER_2_BYTE -DESMF_VERSION_STRING_GIT='"v9.0.0b13"' -DESMF_MPIUNI -I/discover/nobackup/projects/gmao/SIteam/ESMF_Testing/intel_2025.3.0_mpiuni_O_develop/esmf/src/Infrastructure/stubs/mpiuni -DESMF_MOAB=1 -DESMF_LAPACK=1 -DESMF_LAPACK_INTERNAL=1 -DESMF_NO_ACC_SOFTWARE_STACK=1 -DESMF_YAMLCPP=1 -DESMF_YAML=1 -DESMF_NO_OPENACC -DESMF_TESTEXHAUSTIVE -DESMF_BOPT_O -DESMF_TESTPERFORMANCE -DESMF_TESTCOMPTUNNEL -DESMF_TESTWITHTHREADS -DSx86_64_small=1 -DESMF_OS_Linux=1 -DESMF_COMM=mpiuni -DESMF_DIR=/discover/nobackup/projects/gmao/SIteam/ESMF_Testing/intel_2025.3.0_mpiuni_O_develop/esmf -D__SDIR__='"src/Infrastructure/Util/src"' -DESMF_CXXSTD=11 /discover/nobackup/projects/gmao/SIteam/ESMF_Testing/intel_2025.3.0_mpiuni_O_develop/esmf/src/Infrastructure/Util/src/ESMCI_F90Interface.C -o /discover/nobackup/projects/gmao/SIteam/ESMF_Testing/intel_2025.3.0_mpiuni_O_develop/esmf/obj/objO/Linux.intel.64.mpiuni.default/ESMCI_F90Interface.o
icpx -c -std=c++11 -O -DNDEBUG -fp-speculation=safe -fPIC -debug minimal -m64 -mcmodel=small -pthread  -qopenmp -I/discover/nobackup/projects/gmao/SIteam/ESMF_Testing/intel_2025.3.0_mpiuni_O_develop/esmf/src/Infrastructure/Util/src -I/discover/nobackup/projects/gmao/SIteam/ESMF_Testing/intel_2025.3.0_mpiuni_O_develop/esmf/src/Infrastructure/Util/src/../include -I/discover/nobackup/projects/gmao/SIteam/ESMF_Testing/intel_2025.3.0_mpiuni_O_develop/esmf/build_config/Linux.intel.default -I/discover/nobackup/projects/gmao/SIteam/ESMF_Testing/intel_2025.3.0_mpiuni_O_develop/esmf/src/Infrastructure -I/discover/nobackup/projects/gmao/SIteam/ESMF_Testing/intel_2025.3.0_mpiuni_O_develop/esmf/src/Superstructure -I/discover/nobackup/projects/gmao/SIteam/ESMF_Testing/intel_2025.3.0_mpiuni_O_develop/esmf/src/Infrastructure/stubs/pthread  -I/discover/nobackup/projects/gmao/SIteam/ESMF_Testing/intel_2025.3.0_mpiuni_O_develop/esmf/src/include   -I/discover/nobackup/projects/gmao/SIteam/ESMF_Testing/intel_2025.3.0_mpiuni_O_develop/esmf/src/prologue/yaml-cpp/include -DESMF_NO_INTEGER_1_BYTE -DESMF_NO_INTEGER_2_BYTE -DESMF_VERSION_STRING_GIT='"v9.0.0b13"' -DESMF_MPIUNI -I/discover/nobackup/projects/gmao/SIteam/ESMF_Testing/intel_2025.3.0_mpiuni_O_develop/esmf/src/Infrastructure/stubs/mpiuni -DESMF_MOAB=1 -DESMF_LAPACK=1 -DESMF_LAPACK_INTERNAL=1 -DESMF_NO_ACC_SOFTWARE_STACK=1 -DESMF_YAMLCPP=1 -DESMF_YAML=1 -DESMF_NO_OPENACC -DESMF_TESTEXHAUSTIVE -DESMF_BOPT_O -DESMF_TESTPERFORMANCE -DESMF_TESTCOMPTUNNEL -DESMF_TESTWITHTHREADS -DSx86_64_small=1 -DESMF_OS_Linux=1 -DESMF_COMM=mpiuni -DESMF_DIR=/discover/nobackup/projects/gmao/SIteam/ESMF_Testing/intel_2025.3.0_mpiuni_O_develop/esmf -D__SDIR__='"src/Infrastructure/Util/src"' -DESMF_CXXSTD=11 /discover/nobackup/projects/gmao/SIteam/ESMF_Testing/intel_2025.3.0_mpiuni_O_develop/esmf/src/Infrastructure/Util/src/ESMCI_CoordSys.C -o /discover/nobackup/projects/gmao/SIteam/ESMF_Testing/intel_2025.3.0_mpiuni_O_develop/esmf/obj/objO/Linux.intel.64.mpiuni.default/ESMCI_CoordSys.o
make[8]: Leaving directory '/gpfsm/dnb10/projects/p50/ESMF_Testing/intel_2025.3.0_mpiuni_O_develop/esmf/mod/modO/Linux.intel.64.mpiuni.default'
make[8]: Entering directory '/gpfsm/dnb10/projects/p50/ESMF_Testing/intel_2025.3.0_mpiuni_O_develop/esmf/mod/modO/Linux.intel.64.mpiuni.default'
/bin/sh: line 0: [: -ge: unary operator expected
ifx -c -O -fp-speculation=safe -fPIC -debug minimal -assume realloc_lhs -m64 -mcmodel=small -pthread -threads  -openmp -I/discover/nobackup/projects/gmao/SIteam/ESMF_Testing/intel_2025.3.0_mpiuni_O_develop/esmf/src/Infrastructure/Util/src -I/discover/nobackup/projects/gmao/SIteam/ESMF_Testing/intel_2025.3.0_mpiuni_O_develop/esmf/build_config/Linux.intel.default -I/discover/nobackup/projects/gmao/SIteam/ESMF_Testing/intel_2025.3.0_mpiuni_O_develop/esmf/src/Infrastructure -I/discover/nobackup/projects/gmao/SIteam/ESMF_Testing/intel_2025.3.0_mpiuni_O_develop/esmf/src/Superstructure -I/discover/nobackup/projects/gmao/SIteam/ESMF_Testing/intel_2025.3.0_mpiuni_O_develop/esmf/mod/modO/Linux.intel.64.mpiuni.default -I/discover/nobackup/projects/gmao/SIteam/ESMF_Testing/intel_2025.3.0_mpiuni_O_develop/esmf/src/include   -DESMF_NO_INTEGER_1_BYTE -DESMF_NO_INTEGER_2_BYTE -DESMF_VERSION_STRING_GIT='"v9.0.0b13"' -DESMF_MPIUNI -I/discover/nobackup/projects/gmao/SIteam/ESMF_Testing/intel_2025.3.0_mpiuni_O_develop/esmf/src/Infrastructure/stubs/mpiuni -DESMF_MOAB=1 -DESMF_LAPACK=1 -DESMF_LAPACK_INTERNAL=1 -DESMF_NO_ACC_SOFTWARE_STACK=1 -DESMF_YAMLCPP=1 -DESMF_YAML=1 -DESMF_NO_OPENACC -DESMF_TESTEXHAUSTIVE -DESMF_BOPT_O -DESMF_TESTPERFORMANCE -DESMF_TESTCOMPTUNNEL -DESMF_TESTWITHTHREADS -DSx86_64_small=1 -DESMF_OS_Linux=1 -DESMF_COMM=mpiuni -DESMF_DIR=/discover/nobackup/projects/gmao/SIteam/ESMF_Testing/intel_2025.3.0_mpiuni_O_develop/esmf /discover/nobackup/projects/gmao/SIteam/ESMF_Testing/intel_2025.3.0_mpiuni_O_develop/esmf/src/Infrastructure/Util/src/ESMF_UtilTypes.F90 -o /discover/nobackup/projects/gmao/SIteam/ESMF_Testing/intel_2025.3.0_mpiuni_O_develop/esmf/obj/objO/Linux.intel.64.mpiuni.default/ESMF_UtilTypes.o
make[8]: ifx: Command not found
make[8]: *** [/discover/nobackup/projects/gmao/SIteam/ESMF_Testing/intel_2025.3.0_mpiuni_O_develop/esmf/build/common.mk:4013: /discover/nobackup/projects/gmao/SIteam/ESMF_Testing/intel_2025.3.0_mpiuni_O_develop/esmf/obj/objO/Linux.intel.64.mpiuni.default/ESMF_UtilTypes.o] Error 127
make[8]: Leaving directory '/gpfsm/dnb10/projects/p50/ESMF_Testing/intel_2025.3.0_mpiuni_O_develop/esmf/mod/modO/Linux.intel.64.mpiuni.default'
make[7]: *** [/discover/nobackup/projects/gmao/SIteam/ESMF_Testing/intel_2025.3.0_mpiuni_O_develop/esmf/build/common.mk:2431: esmflib] Error 2
make[7]: Leaving directory '/gpfsm/dnb10/projects/p50/ESMF_Testing/intel_2025.3.0_mpiuni_O_develop/esmf/mod/modO/Linux.intel.64.mpiuni.default'
make[6]: *** [/discover/nobackup/projects/gmao/SIteam/ESMF_Testing/intel_2025.3.0_mpiuni_O_develop/esmf/build/common.mk:2423: tree_lib-default] Error 2
make[6]: Leaving directory '/gpfsm/dnb10/projects/p50/ESMF_Testing/intel_2025.3.0_mpiuni_O_develop/esmf/src/Infrastructure/Util/src'
make[5]: *** [/discover/nobackup/projects/gmao/SIteam/ESMF_Testing/intel_2025.3.0_mpiuni_O_develop/esmf/build/common.mk:3957: tree] Error 1
make[5]: Leaving directory '/gpfsm/dnb10/projects/p50/ESMF_Testing/intel_2025.3.0_mpiuni_O_develop/esmf/src/Infrastructure/Util'
make[4]: *** [/discover/nobackup/projects/gmao/SIteam/ESMF_Testing/intel_2025.3.0_mpiuni_O_develop/esmf/build/common.mk:3957: tree] Error 1
make[4]: Leaving directory '/gpfsm/dnb10/projects/p50/ESMF_Testing/intel_2025.3.0_mpiuni_O_develop/esmf/src/Infrastructure'
make[3]: *** [/discover/nobackup/projects/gmao/SIteam/ESMF_Testing/intel_2025.3.0_mpiuni_O_develop/esmf/build/common.mk:3957: tree] Error 1
make[3]: Leaving directory '/gpfsm/dnb10/projects/p50/ESMF_Testing/intel_2025.3.0_mpiuni_O_develop/esmf/src'
make[2]: *** [/discover/nobackup/projects/gmao/SIteam/ESMF_Testing/intel_2025.3.0_mpiuni_O_develop/esmf/build/common.mk:3957: tree] Error 1
make[2]: Leaving directory '/gpfsm/dnb10/projects/p50/ESMF_Testing/intel_2025.3.0_mpiuni_O_develop/esmf'
make[1]: *** [/discover/nobackup/projects/gmao/SIteam/ESMF_Testing/intel_2025.3.0_mpiuni_O_develop/esmf/build/common.mk:2390: build_libs] Error 2
make[1]: Leaving directory '/gpfsm/dnb10/projects/p50/ESMF_Testing/intel_2025.3.0_mpiuni_O_develop/esmf'
make: *** [/discover/nobackup/projects/gmao/SIteam/ESMF_Testing/intel_2025.3.0_mpiuni_O_develop/esmf/build/common.mk:2382: lib] Error 2
