2026-08-01 22:28:34
20260802 000941.840 INFO             PET0 !!!!!!!!!!!!!!!!!!!!!!!!!!!!!!!!!!!!!!!!!!!!!!!!!!!!!!
20260802 000941.840 INFO             PET0 !!! THE ESMF_LOG IS SET TO OUTPUT ALL LOG MESSAGES !!!
20260802 000941.840 INFO             PET0 !!!     THIS MAY CAUSE SLOWDOWN IN PERFORMANCE     !!!
20260802 000941.840 INFO             PET0 !!! FOR PRODUCTION RUNS, USE:                      !!!
20260802 000941.840 INFO             PET0 !!!                   ESMF_LOGKIND_Multi_On_Error  !!!
20260802 000941.840 INFO             PET0 !!!!!!!!!!!!!!!!!!!!!!!!!!!!!!!!!!!!!!!!!!!!!!!!!!!!!!
20260802 000941.840 INFO             PET0 Running with ESMF Version   : develop+g02ff1b231d
20260802 000941.840 INFO             PET0 ESMF library build date/time: "Aug  1 2026" "22:26:04"
20260802 000941.840 INFO             PET0 ESMF library build location : /discover/nobackup/projects/gmao/SIteam/ESMF_Testing/intel_2021.13.0_intelmpi_g_develop/esmf
20260802 000941.840 INFO             PET0 ESMF_COMM                   : intelmpi
20260802 000941.841 INFO             PET0 ESMF_MOAB                   : enabled
20260802 000941.841 INFO             PET0 ESMF_LAPACK                 : enabled
20260802 000941.841 INFO             PET0 ESMF_NETCDF                 : enabled
20260802 000941.841 INFO             PET0 ESMF_PNETCDF                : disabled
20260802 000941.841 INFO             PET0 ESMF_PIO                    : enabled
20260802 000941.841 INFO             PET0 ESMF_YAMLCPP                : enabled
20260802 000941.841 INFO             PET0 esmApp STARTING
20260802 000941.940 INFO             PET0 Reading Attributes for Connector: MED-TO-OCN
20260802 000941.940 INFO             PET0 Reading Attributes for Connector: MED-TO-ATM
20260802 000941.942 INFO             PET0 Reading Attributes for Connector: OCN-TO-MED
20260802 000941.942 INFO             PET0 Reading Attributes for Connector: ATM-TO-MED
20260802 000941.944 INFO             PET0 esm: IInitAdvertise intro.
20260802 000941.944 INFO             PET0 esm: IInitAdvertise extro.
20260802 000941.959 INFO             PET0 MED-TO-ATM: InitializeIPDv05p1 intro.
20260802 000941.960 INFO             PET0 MED-TO-ATM: InitializeIPDv05p1 extro.
20260802 000941.961 INFO             PET0 esm: IInitAdvertiseFinish intro.
20260802 000941.961 INFO             PET0 esm: IInitAdvertiseFinish extro.
20260802 000941.963 INFO             PET0 MED-TO-ATM: InitializeIPDv05p2a intro.
20260802 000941.964 INFO             PET0   MED-TO-ATM:      importStandardNameList(i=  1): sea_surface_temperature
20260802 000941.964 INFO             PET0   MED-TO-ATM:         importNamespaceList(i=  1): MED:ATM
20260802 000941.964 INFO             PET0   MED-TO-ATM:            importCplSetList(i=  1): __UNSPECIFIED__
20260802 000941.964 INFO             PET0   MED-TO-ATM:      exportStandardNameList(j=  1): sea_surface_temperature
20260802 000941.964 INFO             PET0   MED-TO-ATM:         exportNamespaceList(j=  1): ATM
20260802 000941.964 INFO             PET0   MED-TO-ATM:            exportCplSetList(j=  1): __UNSPECIFIED__
20260802 000941.964 INFO             PET0   MED-TO-ATM: bondLevel= 2
20260802 000941.964 INFO             PET0   MED-TO-ATM: ProducerConnection (bondLevelMax):         2
20260802 000941.964 INFO             PET0 MED-TO-ATM: InitializeIPDv05p2a extro.
20260802 000941.966 INFO             PET0 MED-TO-ATM: InitializeIPDv05p2b intro.
20260802 000941.967 INFO             PET0   MED-TO-ATM:      importStandardNameList(i=  1): sea_surface_temperature
20260802 000941.967 INFO             PET0   MED-TO-ATM:         importNamespaceList(i=  1): MED:ATM
20260802 000941.967 INFO             PET0   MED-TO-ATM:            importCplSetList(i=  1): __UNSPECIFIED__
20260802 000941.967 INFO             PET0   MED-TO-ATM:      exportStandardNameList(j=  1): sea_surface_temperature
20260802 000941.967 INFO             PET0   MED-TO-ATM:         exportNamespaceList(j=  1): ATM
20260802 000941.967 INFO             PET0   MED-TO-ATM:            exportCplSetList(j=  1): __UNSPECIFIED__
20260802 000941.967 INFO             PET0   MED-TO-ATM: bondLevel= 2
20260802 000941.967 INFO             PET0 MED-TO-ATM: InitializeIPDv05p2b extro.
20260802 000941.969 INFO             PET0 esm: IInitModifyCplLists intro.
20260802 000941.970 INFO             PET0 esm: IInitModifyCplLists extro.
20260802 000941.973 INFO             PET0 MED-TO-ATM: InitializeIPDv05p3 intro.
20260802 000941.973 INFO             PET0   MED-TO-ATM: handle cplList(1): sea_surface_temperature, cplSetList(1): __UNSPECIFIED__
20260802 000941.973 INFO             PET0   MED-TO-ATM: - connected.
20260802 000941.973 INFO             PET0 MED-TO-ATM: InitializeIPDv05p3 extro.
20260802 000941.975 INFO             PET0 esm: InitializeIPDv02p3 intro.
20260802 000941.975 INFO             PET0   esm: IInitCheck intro.
20260802 000941.975 INFO             PET0   esm: IInitCheck extro.
20260802 000942.010 INFO             PET0   MED-TO-ATM: InitializeIPDv05p4 intro.
20260802 000942.011 INFO             PET0     MED-TO-ATM: handle cplList(1): sea_surface_temperature, cplSetList(1): __UNSPECIFIED__
20260802 000942.011 INFO             PET0     MED-TO-ATM: - nothing shared or transferred
20260802 000942.011 INFO             PET0   MED-TO-ATM: InitializeIPDv05p4 extro.
20260802 000942.014 INFO             PET0   MED-TO-ATM: InitializeIPDv05p5 intro.
20260802 000942.015 INFO             PET0     MED-TO-ATM: handle cplList(1): sea_surface_temperature, cplSetList(1): __UNSPECIFIED__
20260802 000942.015 INFO             PET0     MED-TO-ATM: - nothing shared or transferred, or may already be handled
20260802 000942.015 INFO             PET0   MED-TO-ATM: InitializeIPDv05p5 extro.
20260802 000942.017 INFO             PET0   esm: IInitRealize intro.
20260802 000942.017 INFO             PET0   esm: IInitRealize extro.
20260802 000942.018 INFO             PET0   MED-TO-ATM: InitializeIPDv05p6a intro.
20260802 000942.018 INFO             PET0   MED-TO-ATM: InitializeIPDv05p6a extro.
20260802 000942.340 INFO             PET0   MED-TO-ATM: InitializeIPDv05p6b intro.
20260802 000942.341 INFO             PET0     MED-TO-ATM: handle cplList(1): sea_surface_temperature, cplSetList(1): __UNSPECIFIED__
20260802 000942.341 INFO             PET0     MED-TO-ATM: - no Field sharing between import and export side: remap.
20260802 000942.342 DEBUG            PET0     ESMF_FieldBundleRegridStorePair(): srcField: sst dimCount= 2 rank= 2
20260802 000942.342 DEBUG            PET0     ESMF_FieldBundleRegridStorePair(): dstField: sst dimCount= 2 rank= 2
20260802 000942.342 DEBUG            PET0     ESMF_FieldBundleRegridStorePair(): Inside 'rhReuse' branch!
20260802 000942.342 DEBUG            PET0     ESMF_FieldBundleRegridStorePair(): srcGeomtype==ESMF_GEOMTYPE_GRID dimCount= 2
20260802 000942.342 DEBUG            PET0     ESMF_FieldBundleRegridStorePair(): dstGeomtype==ESMF_GEOMTYPE_GRID dimCount= 2
20260802 000942.342 DEBUG            PET0     ESMF_FieldBundleRegridStorePair(): no rhListMatch -> pre-compute new remapping!
20260802 000942.342 DEBUG            PET0     ESMF_FieldBundleRegridStorePair(): must precompute full regridding!
20260802 000942.373 INFO             PET0     MED-TO-ATM: called default label_ComputeRouteHandle
20260802 000942.373 INFO             PET0      DetermineSrcDstOverlap: sst, srcLocalPet=           0
20260802 000942.373 INFO             PET0      DetermineSrcDstOverlap: sst, dstLocalPet=           0
20260802 000942.373 INFO             PET0      DetermineSrcDstOverlap: srcDstOverlap= T
20260802 000942.373 INFO             PET0      BuildUpdatePackets: sst, srcLocalPet=           0
20260802 000942.373 INFO             PET0      BuildUpdatePackets: sst, dstLocalPet=           0
20260802 000942.373 INFO             PET0      creating new UpdatePacket for srcPetCount=           4  dstPetCount=           4
20260802 000942.373 INFO             PET0      upE%sendToPets list of size 1 :
20260802 000942.373 INFO             PET0           0
20260802 000942.373 INFO             PET0      upE%recvFromPet=           0
20260802 000942.373 INFO             PET0      after field add, now upE%fieldCount=           1
20260802 000942.373 INFO             PET0      BuildUpdatePackets: final UpdatePacket count=           1
20260802 000942.373 INFO             PET0   MED-TO-ATM: InitializeIPDv05p6b extro.
20260802 000942.954 INFO             PET0 esm: InitializeIPDv02p3 extro.
20260802 000942.954 INFO             PET0 esm: InitializeIPDv02p5 intro.
20260802 000942.955 INFO             PET0   esm: InitializeIPDv02p5Data intro.
20260802 000942.955 INFO             PET0     esm: InternalInitializeComplete intro.
20260802 000942.955 INFO             PET0     esm: InternalInitializeComplete extro.
20260802 000942.959 INFO             PET0     esm: loopDataDependentInitialize intro.
20260802 000942.959 INFO             PET0     esm: loopDataDependentInitialize extro.
20260802 000942.959 INFO             PET0   esm: InitializeIPDv02p5Data extro.
20260802 000942.959 INFO             PET0 esm: InitializeIPDv02p5 extro.
20260802 000942.959 INFO             PET0 esm: Run intro.
20260802 000942.959 INFO             PET0   >>>esm: entered Run (phase=RunPhase1) with current time: 2010  6  1  0  0  0   0
20260802 000942.960 INFO             PET0   esm: after lable_SetRunClock, current time: 2010  6  1  0  0  0   0
20260802 000942.960 INFO             PET0   esm: begin -------> RunSequence.
20260802 000942.960 INFO             PET0     esm: RunSequence event loopLevel=   2  levelMember=   1  loopIteration=   1, current time: 2010  6  1  0  0  0   0
20260802 000942.960 INFO             PET0     ------>Advancing MED from: 2010  6  1  0  0  0   0
20260802 000942.960 INFO             PET0     ---------------------> to: 2010  6  1  0  1 40   0
20260802 000942.962 INFO             PET0     MED-TO-ATM: Run intro.
20260802 000942.962 INFO             PET0     MED-TO-ATM: Run extro.
20260802 000942.963 INFO             PET0     ------>Advancing ATM from: 2010  6  1  0  0  0   0
20260802 000942.963 INFO             PET0     ---------------------> to: 2010  6  1  0  1 40   0
20260802 000942.964 INFO             PET0     ------>Advancing OCN from: 2010  6  1  0  0  0   0
20260802 000942.964 INFO             PET0     ---------------------> to: 2010  6  1  0  1 40   0
20260802 000942.965 INFO             PET0     esm: RunSequence event loopLevel=   2  levelMember=   1  loopIteration=   2, current time: 2010  6  1  0  1 40   0
20260802 000942.965 INFO             PET0     ------>Advancing MED from: 2010  6  1  0  1 40   0
20260802 000942.965 INFO             PET0     ---------------------> to: 2010  6  1  0  3 20   0
20260802 000942.966 INFO             PET0     MED-TO-ATM: Run intro.
20260802 000942.967 INFO             PET0     MED-TO-ATM: Run extro.
20260802 000942.967 INFO             PET0     ------>Advancing ATM from: 2010  6  1  0  1 40   0
20260802 000942.967 INFO             PET0     ---------------------> to: 2010  6  1  0  3 20   0
20260802 000942.968 INFO             PET0     ------>Advancing OCN from: 2010  6  1  0  1 40   0
20260802 000942.968 INFO             PET0     ---------------------> to: 2010  6  1  0  3 20   0
20260802 000942.969 INFO             PET0     esm: RunSequence event loopLevel=   1  levelMember=   1  loopIteration=   1, current time: 2010  6  1  0  0  0   0
20260802 000942.969 INFO             PET0     MED-TO-ATM: Run intro.
20260802 000942.969 INFO             PET0     MED-TO-ATM: Run extro.
20260802 000942.970 INFO             PET0     esm: RunSequence event loopLevel=   2  levelMember=   2  loopIteration=   1, current time: 2010  6  1  0  3 20   0
20260802 000942.970 INFO             PET0     ------>Advancing MED from: 2010  6  1  0  3 20   0
20260802 000942.970 INFO             PET0     ---------------------> to: 2010  6  1  0  5  0   0
20260802 000942.970 INFO             PET0     MED-TO-ATM: Run intro.
20260802 000942.971 INFO             PET0     MED-TO-ATM: Run extro.
20260802 000942.972 INFO             PET0     ------>Advancing ATM from: 2010  6  1  0  3 20   0
20260802 000942.972 INFO             PET0     ---------------------> to: 2010  6  1  0  5  0   0
20260802 000942.972 INFO             PET0     ------>Advancing OCN from: 2010  6  1  0  3 20   0
20260802 000942.972 INFO             PET0     ---------------------> to: 2010  6  1  0  5  0   0
20260802 000942.974 INFO             PET0     esm: RunSequence event loopLevel=   2  levelMember=   2  loopIteration=   2, current time: 2010  6  1  0  5  0   0
20260802 000942.974 INFO             PET0     ------>Advancing MED from: 2010  6  1  0  5  0   0
20260802 000942.974 INFO             PET0     ---------------------> to: 2010  6  1  0  6 40   0
20260802 000942.974 INFO             PET0     MED-TO-ATM: Run intro.
20260802 000942.975 INFO             PET0     MED-TO-ATM: Run extro.
20260802 000942.976 INFO             PET0     ------>Advancing ATM from: 2010  6  1  0  5  0   0
20260802 000942.976 INFO             PET0     ---------------------> to: 2010  6  1  0  6 40   0
20260802 000942.977 INFO             PET0     ------>Advancing OCN from: 2010  6  1  0  5  0   0
20260802 000942.977 INFO             PET0     ---------------------> to: 2010  6  1  0  6 40   0
20260802 000942.978 INFO             PET0     esm: RunSequence event loopLevel=   2  levelMember=   2  loopIteration=   3, current time: 2010  6  1  0  6 40   0
20260802 000942.978 INFO             PET0     ------>Advancing MED from: 2010  6  1  0  6 40   0
20260802 000942.978 INFO             PET0     ---------------------> to: 2010  6  1  0  8 20   0
20260802 000942.978 INFO             PET0     MED-TO-ATM: Run intro.
20260802 000942.979 INFO             PET0     MED-TO-ATM: Run extro.
20260802 000942.980 INFO             PET0     ------>Advancing ATM from: 2010  6  1  0  6 40   0
20260802 000942.980 INFO             PET0     ---------------------> to: 2010  6  1  0  8 20   0
20260802 000942.981 INFO             PET0     ------>Advancing OCN from: 2010  6  1  0  6 40   0
20260802 000942.981 INFO             PET0     ---------------------> to: 2010  6  1  0  8 20   0
20260802 000942.982 INFO             PET0     esm: RunSequence event loopLevel=   2  levelMember=   2  loopIteration=   4, current time: 2010  6  1  0  8 20   0
20260802 000942.982 INFO             PET0     ------>Advancing MED from: 2010  6  1  0  8 20   0
20260802 000942.982 INFO             PET0     ---------------------> to: 2010  6  1  0 10  0   0
20260802 000942.982 INFO             PET0     MED-TO-ATM: Run intro.
20260802 000942.983 INFO             PET0     MED-TO-ATM: Run extro.
20260802 000942.984 INFO             PET0     ------>Advancing ATM from: 2010  6  1  0  8 20   0
20260802 000942.984 INFO             PET0     ---------------------> to: 2010  6  1  0 10  0   0
20260802 000942.985 INFO             PET0     ------>Advancing OCN from: 2010  6  1  0  8 20   0
20260802 000942.985 INFO             PET0     ---------------------> to: 2010  6  1  0 10  0   0
20260802 000942.986 INFO             PET0     esm: RunSequence event loopLevel=   2  levelMember=   2  loopIteration=   5, current time: 2010  6  1  0 10  0   0
20260802 000942.986 INFO             PET0     ------>Advancing MED from: 2010  6  1  0 10  0   0
20260802 000942.986 INFO             PET0     ---------------------> to: 2010  6  1  0 11 40   0
20260802 000942.987 INFO             PET0     MED-TO-ATM: Run intro.
20260802 000942.987 INFO             PET0     MED-TO-ATM: Run extro.
20260802 000942.988 INFO             PET0     ------>Advancing ATM from: 2010  6  1  0 10  0   0
20260802 000942.988 INFO             PET0     ---------------------> to: 2010  6  1  0 11 40   0
20260802 000942.989 INFO             PET0     ------>Advancing OCN from: 2010  6  1  0 10  0   0
20260802 000942.989 INFO             PET0     ---------------------> to: 2010  6  1  0 11 40   0
20260802 000942.990 INFO             PET0     esm: RunSequence event loopLevel=   2  levelMember=   2  loopIteration=   6, current time: 2010  6  1  0 11 40   0
20260802 000942.990 INFO             PET0     ------>Advancing MED from: 2010  6  1  0 11 40   0
20260802 000942.990 INFO             PET0     ---------------------> to: 2010  6  1  0 13 20   0
20260802 000942.991 INFO             PET0     MED-TO-ATM: Run intro.
20260802 000942.991 INFO             PET0     MED-TO-ATM: Run extro.
20260802 000942.992 INFO             PET0     ------>Advancing ATM from: 2010  6  1  0 11 40   0
20260802 000942.992 INFO             PET0     ---------------------> to: 2010  6  1  0 13 20   0
20260802 000942.993 INFO             PET0     ------>Advancing OCN from: 2010  6  1  0 11 40   0
20260802 000942.993 INFO             PET0     ---------------------> to: 2010  6  1  0 13 20   0
20260802 000942.994 INFO             PET0     esm: RunSequence event loopLevel=   2  levelMember=   2  loopIteration=   7, current time: 2010  6  1  0 13 20   0
20260802 000942.994 INFO             PET0     ------>Advancing MED from: 2010  6  1  0 13 20   0
20260802 000942.994 INFO             PET0     ---------------------> to: 2010  6  1  0 15  0   0
20260802 000942.995 INFO             PET0     MED-TO-ATM: Run intro.
20260802 000942.995 INFO             PET0     MED-TO-ATM: Run extro.
20260802 000942.996 INFO             PET0     ------>Advancing ATM from: 2010  6  1  0 13 20   0
20260802 000942.996 INFO             PET0     ---------------------> to: 2010  6  1  0 15  0   0
20260802 000942.997 INFO             PET0     ------>Advancing OCN from: 2010  6  1  0 13 20   0
20260802 000942.997 INFO             PET0     ---------------------> to: 2010  6  1  0 15  0   0
20260802 000942.998 INFO             PET0     esm: RunSequence event loopLevel=   1  levelMember=   1  loopIteration=   1, current time: 2010  6  1  0  0  0   0
20260802 000942.999 INFO             PET0     esm: RunSequence event loopLevel=   1  levelMember=   1  loopIteration=   2, current time: 2010  6  1  0 15  0   0
20260802 000942.999 INFO             PET0     esm: RunSequence event loopLevel=   2  levelMember=   1  loopIteration=   1, current time: 2010  6  1  0 15  0   0
20260802 000942.999 INFO             PET0     ------>Advancing MED from: 2010  6  1  0 15  0   0
20260802 000942.999 INFO             PET0     ---------------------> to: 2010  6  1  0 16 40   0
20260802 000943.000 INFO             PET0     MED-TO-ATM: Run intro.
20260802 000943.001 INFO             PET0     MED-TO-ATM: Run extro.
20260802 000943.001 INFO             PET0     ------>Advancing ATM from: 2010  6  1  0 15  0   0
20260802 000943.001 INFO             PET0     ---------------------> to: 2010  6  1  0 16 40   0
20260802 000943.002 INFO             PET0     ------>Advancing OCN from: 2010  6  1  0 15  0   0
20260802 000943.002 INFO             PET0     ---------------------> to: 2010  6  1  0 16 40   0
20260802 000943.003 INFO             PET0     esm: RunSequence event loopLevel=   2  levelMember=   1  loopIteration=   2, current time: 2010  6  1  0 16 40   0
20260802 000943.003 INFO             PET0     ------>Advancing MED from: 2010  6  1  0 16 40   0
20260802 000943.003 INFO             PET0     ---------------------> to: 2010  6  1  0 18 20   0
20260802 000943.004 INFO             PET0     MED-TO-ATM: Run intro.
20260802 000943.005 INFO             PET0     MED-TO-ATM: Run extro.
20260802 000943.005 INFO             PET0     ------>Advancing ATM from: 2010  6  1  0 16 40   0
20260802 000943.005 INFO             PET0     ---------------------> to: 2010  6  1  0 18 20   0
20260802 000943.006 INFO             PET0     ------>Advancing OCN from: 2010  6  1  0 16 40   0
20260802 000943.006 INFO             PET0     ---------------------> to: 2010  6  1  0 18 20   0
20260802 000943.007 INFO             PET0     esm: RunSequence event loopLevel=   2  levelMember=   1  loopIteration=   3, current time: 2010  6  1  0 18 20   0
20260802 000943.007 INFO             PET0     ------>Advancing MED from: 2010  6  1  0 18 20   0
20260802 000943.007 INFO             PET0     ---------------------> to: 2010  6  1  0 20  0   0
20260802 000943.008 INFO             PET0     MED-TO-ATM: Run intro.
20260802 000943.009 INFO             PET0     MED-TO-ATM: Run extro.
20260802 000943.009 INFO             PET0     ------>Advancing ATM from: 2010  6  1  0 18 20   0
20260802 000943.009 INFO             PET0     ---------------------> to: 2010  6  1  0 20  0   0
20260802 000943.010 INFO             PET0     ------>Advancing OCN from: 2010  6  1  0 18 20   0
20260802 000943.010 INFO             PET0     ---------------------> to: 2010  6  1  0 20  0   0
20260802 000943.011 INFO             PET0     esm: RunSequence event loopLevel=   2  levelMember=   1  loopIteration=   4, current time: 2010  6  1  0 20  0   0
20260802 000943.011 INFO             PET0     ------>Advancing MED from: 2010  6  1  0 20  0   0
20260802 000943.011 INFO             PET0     ---------------------> to: 2010  6  1  0 21 40   0
20260802 000943.012 INFO             PET0     MED-TO-ATM: Run intro.
20260802 000943.013 INFO             PET0     MED-TO-ATM: Run extro.
20260802 000943.013 INFO             PET0     ------>Advancing ATM from: 2010  6  1  0 20  0   0
20260802 000943.013 INFO             PET0     ---------------------> to: 2010  6  1  0 21 40   0
20260802 000943.014 INFO             PET0     ------>Advancing OCN from: 2010  6  1  0 20  0   0
20260802 000943.014 INFO             PET0     ---------------------> to: 2010  6  1  0 21 40   0
20260802 000943.015 INFO             PET0     esm: RunSequence event loopLevel=   2  levelMember=   1  loopIteration=   5, current time: 2010  6  1  0 21 40   0
20260802 000943.015 INFO             PET0     ------>Advancing MED from: 2010  6  1  0 21 40   0
20260802 000943.015 INFO             PET0     ---------------------> to: 2010  6  1  0 23 20   0
20260802 000943.017 INFO             PET0     MED-TO-ATM: Run intro.
20260802 000943.017 INFO             PET0     MED-TO-ATM: Run extro.
20260802 000943.017 INFO             PET0     ------>Advancing ATM from: 2010  6  1  0 21 40   0
20260802 000943.017 INFO             PET0     ---------------------> to: 2010  6  1  0 23 20   0
20260802 000943.018 INFO             PET0     ------>Advancing OCN from: 2010  6  1  0 21 40   0
20260802 000943.018 INFO             PET0     ---------------------> to: 2010  6  1  0 23 20   0
20260802 000943.019 INFO             PET0     esm: RunSequence event loopLevel=   2  levelMember=   1  loopIteration=   6, current time: 2010  6  1  0 23 20   0
20260802 000943.019 INFO             PET0     ------>Advancing MED from: 2010  6  1  0 23 20   0
20260802 000943.020 INFO             PET0     ---------------------> to: 2010  6  1  0 25  0   0
20260802 000943.021 INFO             PET0     MED-TO-ATM: Run intro.
20260802 000943.021 INFO             PET0     MED-TO-ATM: Run extro.
20260802 000943.021 INFO             PET0     ------>Advancing ATM from: 2010  6  1  0 23 20   0
20260802 000943.021 INFO             PET0     ---------------------> to: 2010  6  1  0 25  0   0
20260802 000943.022 INFO             PET0     ------>Advancing OCN from: 2010  6  1  0 23 20   0
20260802 000943.022 INFO             PET0     ---------------------> to: 2010  6  1  0 25  0   0
20260802 000943.023 INFO             PET0     esm: RunSequence event loopLevel=   2  levelMember=   1  loopIteration=   7, current time: 2010  6  1  0 25  0   0
20260802 000943.023 INFO             PET0     ------>Advancing MED from: 2010  6  1  0 25  0   0
20260802 000943.023 INFO             PET0     ---------------------> to: 2010  6  1  0 26 40   0
20260802 000943.025 INFO             PET0     MED-TO-ATM: Run intro.
20260802 000943.025 INFO             PET0     MED-TO-ATM: Run extro.
20260802 000943.026 INFO             PET0     ------>Advancing ATM from: 2010  6  1  0 25  0   0
20260802 000943.026 INFO             PET0     ---------------------> to: 2010  6  1  0 26 40   0
20260802 000943.026 INFO             PET0     ------>Advancing OCN from: 2010  6  1  0 25  0   0
20260802 000943.026 INFO             PET0     ---------------------> to: 2010  6  1  0 26 40   0
20260802 000943.027 INFO             PET0     esm: RunSequence event loopLevel=   2  levelMember=   1  loopIteration=   8, current time: 2010  6  1  0 26 40   0
20260802 000943.028 INFO             PET0     ------>Advancing MED from: 2010  6  1  0 26 40   0
20260802 000943.028 INFO             PET0     ---------------------> to: 2010  6  1  0 28 20   0
20260802 000943.029 INFO             PET0     MED-TO-ATM: Run intro.
20260802 000943.029 INFO             PET0     MED-TO-ATM: Run extro.
20260802 000943.030 INFO             PET0     ------>Advancing ATM from: 2010  6  1  0 26 40   0
20260802 000943.030 INFO             PET0     ---------------------> to: 2010  6  1  0 28 20   0
20260802 000943.030 INFO             PET0     ------>Advancing OCN from: 2010  6  1  0 26 40   0
20260802 000943.030 INFO             PET0     ---------------------> to: 2010  6  1  0 28 20   0
20260802 000943.031 INFO             PET0     esm: RunSequence event loopLevel=   2  levelMember=   1  loopIteration=   9, current time: 2010  6  1  0 28 20   0
20260802 000943.032 INFO             PET0     ------>Advancing MED from: 2010  6  1  0 28 20   0
20260802 000943.032 INFO             PET0     ---------------------> to: 2010  6  1  0 30  0   0
20260802 000943.033 INFO             PET0     MED-TO-ATM: Run intro.
20260802 000943.033 INFO             PET0     MED-TO-ATM: Run extro.
20260802 000943.034 INFO             PET0     ------>Advancing ATM from: 2010  6  1  0 28 20   0
20260802 000943.034 INFO             PET0     ---------------------> to: 2010  6  1  0 30  0   0
20260802 000943.034 INFO             PET0     ------>Advancing OCN from: 2010  6  1  0 28 20   0
20260802 000943.034 INFO             PET0     ---------------------> to: 2010  6  1  0 30  0   0
20260802 000943.035 INFO             PET0     esm: RunSequence event loopLevel=   1  levelMember=   1  loopIteration=   2, current time: 2010  6  1  0 15  0   0
20260802 000943.036 INFO             PET0     MED-TO-ATM: Run intro.
20260802 000943.036 INFO             PET0     MED-TO-ATM: Run extro.
20260802 000943.036 INFO             PET0     esm: RunSequence event loopLevel=   2  levelMember=   2  loopIteration=   1, current time: 2010  6  1  0 30  0   0
20260802 000943.036 INFO             PET0     ------>Advancing MED from: 2010  6  1  0 30  0   0
20260802 000943.036 INFO             PET0     ---------------------> to: 2010  6  1  0 31 40   0
20260802 000943.037 INFO             PET0     MED-TO-ATM: Run intro.
20260802 000943.037 INFO             PET0     MED-TO-ATM: Run extro.
20260802 000943.038 INFO             PET0     ------>Advancing ATM from: 2010  6  1  0 30  0   0
20260802 000943.038 INFO             PET0     ---------------------> to: 2010  6  1  0 31 40   0
20260802 000943.039 INFO             PET0     OCN: detected import field at invalidTime
20260802 000943.039 INFO             PET0     OCN: detected import field at invalidTime
20260802 000943.039 INFO             PET0     ------>Advancing OCN from: 2010  6  1  0 30  0   0
20260802 000943.039 INFO             PET0     ---------------------> to: 2010  6  1  0 31 40   0
20260802 000943.040 INFO             PET0     esm: RunSequence event loopLevel=   2  levelMember=   2  loopIteration=   2, current time: 2010  6  1  0 31 40   0
20260802 000943.040 INFO             PET0     ------>Advancing MED from: 2010  6  1  0 31 40   0
20260802 000943.041 INFO             PET0     ---------------------> to: 2010  6  1  0 33 20   0
20260802 000943.041 INFO             PET0     MED-TO-ATM: Run intro.
20260802 000943.041 INFO             PET0     MED-TO-ATM: Run extro.
20260802 000943.042 INFO             PET0     ------>Advancing ATM from: 2010  6  1  0 31 40   0
20260802 000943.042 INFO             PET0     ---------------------> to: 2010  6  1  0 33 20   0
20260802 000943.043 INFO             PET0     ------>Advancing OCN from: 2010  6  1  0 31 40   0
20260802 000943.043 INFO             PET0     ---------------------> to: 2010  6  1  0 33 20   0
20260802 000943.044 INFO             PET0     esm: RunSequence event loopLevel=   2  levelMember=   2  loopIteration=   3, current time: 2010  6  1  0 33 20   0
20260802 000943.045 INFO             PET0     ------>Advancing MED from: 2010  6  1  0 33 20   0
20260802 000943.045 INFO             PET0     ---------------------> to: 2010  6  1  0 35  0   0
20260802 000943.045 INFO             PET0     MED-TO-ATM: Run intro.
20260802 000943.045 INFO             PET0     MED-TO-ATM: Run extro.
20260802 000943.047 INFO             PET0     ------>Advancing ATM from: 2010  6  1  0 33 20   0
20260802 000943.047 INFO             PET0     ---------------------> to: 2010  6  1  0 35  0   0
20260802 000943.047 INFO             PET0     ------>Advancing OCN from: 2010  6  1  0 33 20   0
20260802 000943.047 INFO             PET0     ---------------------> to: 2010  6  1  0 35  0   0
20260802 000943.048 INFO             PET0     esm: RunSequence event loopLevel=   2  levelMember=   2  loopIteration=   4, current time: 2010  6  1  0 35  0   0
20260802 000943.049 INFO             PET0     ------>Advancing MED from: 2010  6  1  0 35  0   0
20260802 000943.049 INFO             PET0     ---------------------> to: 2010  6  1  0 36 40   0
20260802 000943.049 INFO             PET0     MED-TO-ATM: Run intro.
20260802 000943.049 INFO             PET0     MED-TO-ATM: Run extro.
20260802 000943.051 INFO             PET0     ------>Advancing ATM from: 2010  6  1  0 35  0   0
20260802 000943.051 INFO             PET0     ---------------------> to: 2010  6  1  0 36 40   0
20260802 000943.051 INFO             PET0     ------>Advancing OCN from: 2010  6  1  0 35  0   0
20260802 000943.051 INFO             PET0     ---------------------> to: 2010  6  1  0 36 40   0
20260802 000943.052 INFO             PET0     esm: RunSequence event loopLevel=   2  levelMember=   2  loopIteration=   5, current time: 2010  6  1  0 36 40   0
20260802 000943.053 INFO             PET0     ------>Advancing MED from: 2010  6  1  0 36 40   0
20260802 000943.053 INFO             PET0     ---------------------> to: 2010  6  1  0 38 20   0
20260802 000943.053 INFO             PET0     MED-TO-ATM: Run intro.
20260802 000943.053 INFO             PET0     MED-TO-ATM: Run extro.
20260802 000943.055 INFO             PET0     ------>Advancing ATM from: 2010  6  1  0 36 40   0
20260802 000943.055 INFO             PET0     ---------------------> to: 2010  6  1  0 38 20   0
20260802 000943.055 INFO             PET0     ------>Advancing OCN from: 2010  6  1  0 36 40   0
20260802 000943.055 INFO             PET0     ---------------------> to: 2010  6  1  0 38 20   0
20260802 000943.056 INFO             PET0     esm: RunSequence event loopLevel=   2  levelMember=   2  loopIteration=   6, current time: 2010  6  1  0 38 20   0
20260802 000943.057 INFO             PET0     ------>Advancing MED from: 2010  6  1  0 38 20   0
20260802 000943.057 INFO             PET0     ---------------------> to: 2010  6  1  0 40  0   0
20260802 000943.057 INFO             PET0     MED-TO-ATM: Run intro.
20260802 000943.057 INFO             PET0     MED-TO-ATM: Run extro.
20260802 000943.059 INFO             PET0     ------>Advancing ATM from: 2010  6  1  0 38 20   0
20260802 000943.059 INFO             PET0     ---------------------> to: 2010  6  1  0 40  0   0
20260802 000943.059 INFO             PET0     ------>Advancing OCN from: 2010  6  1  0 38 20   0
20260802 000943.059 INFO             PET0     ---------------------> to: 2010  6  1  0 40  0   0
20260802 000943.060 INFO             PET0     esm: RunSequence event loopLevel=   2  levelMember=   2  loopIteration=   7, current time: 2010  6  1  0 40  0   0
20260802 000943.061 INFO             PET0     ------>Advancing MED from: 2010  6  1  0 40  0   0
20260802 000943.061 INFO             PET0     ---------------------> to: 2010  6  1  0 41 40   0
20260802 000943.061 INFO             PET0     MED-TO-ATM: Run intro.
20260802 000943.061 INFO             PET0     MED-TO-ATM: Run extro.
20260802 000943.063 INFO             PET0     ------>Advancing ATM from: 2010  6  1  0 40  0   0
20260802 000943.063 INFO             PET0     ---------------------> to: 2010  6  1  0 41 40   0
20260802 000943.063 INFO             PET0     ------>Advancing OCN from: 2010  6  1  0 40  0   0
20260802 000943.063 INFO             PET0     ---------------------> to: 2010  6  1  0 41 40   0
20260802 000943.064 INFO             PET0     esm: RunSequence event loopLevel=   2  levelMember=   2  loopIteration=   8, current time: 2010  6  1  0 41 40   0
20260802 000943.065 INFO             PET0     ------>Advancing MED from: 2010  6  1  0 41 40   0
20260802 000943.065 INFO             PET0     ---------------------> to: 2010  6  1  0 43 20   0
20260802 000943.065 INFO             PET0     MED-TO-ATM: Run intro.
20260802 000943.066 INFO             PET0     MED-TO-ATM: Run extro.
20260802 000943.067 INFO             PET0     ------>Advancing ATM from: 2010  6  1  0 41 40   0
20260802 000943.067 INFO             PET0     ---------------------> to: 2010  6  1  0 43 20   0
20260802 000943.067 INFO             PET0     ------>Advancing OCN from: 2010  6  1  0 41 40   0
20260802 000943.067 INFO             PET0     ---------------------> to: 2010  6  1  0 43 20   0
20260802 000943.069 INFO             PET0     esm: RunSequence event loopLevel=   2  levelMember=   2  loopIteration=   9, current time: 2010  6  1  0 43 20   0
20260802 000943.069 INFO             PET0     ------>Advancing MED from: 2010  6  1  0 43 20   0
20260802 000943.069 INFO             PET0     ---------------------> to: 2010  6  1  0 45  0   0
20260802 000943.069 INFO             PET0     MED-TO-ATM: Run intro.
20260802 000943.070 INFO             PET0     MED-TO-ATM: Run extro.
20260802 000943.071 INFO             PET0     ------>Advancing ATM from: 2010  6  1  0 43 20   0
20260802 000943.071 INFO             PET0     ---------------------> to: 2010  6  1  0 45  0   0
20260802 000943.071 INFO             PET0     ------>Advancing OCN from: 2010  6  1  0 43 20   0
20260802 000943.071 INFO             PET0     ---------------------> to: 2010  6  1  0 45  0   0
20260802 000943.073 INFO             PET0     esm: RunSequence event loopLevel=   1  levelMember=   1  loopIteration=   2, current time: 2010  6  1  0 15  0   0
20260802 000943.073 INFO             PET0   esm: end <--------- RunSequence
20260802 000943.073 INFO             PET0   <<<esm: leaving Run (phase=RunPhase1) with current time: 2010  6  1  0 30  0   0
20260802 000943.073 INFO             PET0 esm: Run extro.
20260802 000943.074 INFO             PET0 esm: Finalize intro.
20260802 000943.074 INFO             PET0   MED-TO-ATM: Finalize intro.
20260802 000943.075 INFO             PET0   MED-TO-ATM: Finalize extro.
20260802 000943.076 INFO             PET0 esm: Finalize extro.
20260802 000943.076 INFO             PET0 esmApp FINISHED
20260802 000943.076 INFO             PET0  Finalizing ESMF
20260802 000941.841 INFO             PET1 !!!!!!!!!!!!!!!!!!!!!!!!!!!!!!!!!!!!!!!!!!!!!!!!!!!!!!
20260802 000941.841 INFO             PET1 !!! THE ESMF_LOG IS SET TO OUTPUT ALL LOG MESSAGES !!!
20260802 000941.841 INFO             PET1 !!!     THIS MAY CAUSE SLOWDOWN IN PERFORMANCE     !!!
20260802 000941.841 INFO             PET1 !!! FOR PRODUCTION RUNS, USE:                      !!!
20260802 000941.841 INFO             PET1 !!!                   ESMF_LOGKIND_Multi_On_Error  !!!
20260802 000941.841 INFO             PET1 !!!!!!!!!!!!!!!!!!!!!!!!!!!!!!!!!!!!!!!!!!!!!!!!!!!!!!
20260802 000941.841 INFO             PET1 Running with ESMF Version   : develop+g02ff1b231d
20260802 000941.841 INFO             PET1 ESMF library build date/time: "Aug  1 2026" "22:26:04"
20260802 000941.841 INFO             PET1 ESMF library build location : /discover/nobackup/projects/gmao/SIteam/ESMF_Testing/intel_2021.13.0_intelmpi_g_develop/esmf
20260802 000941.841 INFO             PET1 ESMF_COMM                   : intelmpi
20260802 000941.841 INFO             PET1 ESMF_MOAB                   : enabled
20260802 000941.841 INFO             PET1 ESMF_LAPACK                 : enabled
20260802 000941.841 INFO             PET1 ESMF_NETCDF                 : enabled
20260802 000941.841 INFO             PET1 ESMF_PNETCDF                : disabled
20260802 000941.841 INFO             PET1 ESMF_PIO                    : enabled
20260802 000941.841 INFO             PET1 ESMF_YAMLCPP                : enabled
20260802 000941.841 INFO             PET1 esmApp STARTING
20260802 000941.940 INFO             PET1 Reading Attributes for Connector: MED-TO-OCN
20260802 000941.940 INFO             PET1 Reading Attributes for Connector: MED-TO-ATM
20260802 000941.942 INFO             PET1 Reading Attributes for Connector: OCN-TO-MED
20260802 000941.942 INFO             PET1 Reading Attributes for Connector: ATM-TO-MED
20260802 000941.944 INFO             PET1 esm: IInitAdvertise intro.
20260802 000941.944 INFO             PET1 esm: IInitAdvertise extro.
20260802 000941.959 INFO             PET1 MED-TO-ATM: InitializeIPDv05p1 intro.
20260802 000941.960 INFO             PET1 MED-TO-ATM: InitializeIPDv05p1 extro.
20260802 000941.961 INFO             PET1 esm: IInitAdvertiseFinish intro.
20260802 000941.961 INFO             PET1 esm: IInitAdvertiseFinish extro.
20260802 000941.963 INFO             PET1 MED-TO-ATM: InitializeIPDv05p2a intro.
20260802 000941.964 INFO             PET1   MED-TO-ATM:      importStandardNameList(i=  1): sea_surface_temperature
20260802 000941.964 INFO             PET1   MED-TO-ATM:         importNamespaceList(i=  1): MED:ATM
20260802 000941.964 INFO             PET1   MED-TO-ATM:            importCplSetList(i=  1): __UNSPECIFIED__
20260802 000941.964 INFO             PET1   MED-TO-ATM:      exportStandardNameList(j=  1): sea_surface_temperature
20260802 000941.964 INFO             PET1   MED-TO-ATM:         exportNamespaceList(j=  1): ATM
20260802 000941.964 INFO             PET1   MED-TO-ATM:            exportCplSetList(j=  1): __UNSPECIFIED__
20260802 000941.964 INFO             PET1   MED-TO-ATM: bondLevel= 2
20260802 000941.964 INFO             PET1   MED-TO-ATM: ProducerConnection (bondLevelMax):         2
20260802 000941.964 INFO             PET1 MED-TO-ATM: InitializeIPDv05p2a extro.
20260802 000941.966 INFO             PET1 MED-TO-ATM: InitializeIPDv05p2b intro.
20260802 000941.967 INFO             PET1   MED-TO-ATM:      importStandardNameList(i=  1): sea_surface_temperature
20260802 000941.967 INFO             PET1   MED-TO-ATM:         importNamespaceList(i=  1): MED:ATM
20260802 000941.967 INFO             PET1   MED-TO-ATM:            importCplSetList(i=  1): __UNSPECIFIED__
20260802 000941.967 INFO             PET1   MED-TO-ATM:      exportStandardNameList(j=  1): sea_surface_temperature
20260802 000941.967 INFO             PET1   MED-TO-ATM:         exportNamespaceList(j=  1): ATM
20260802 000941.967 INFO             PET1   MED-TO-ATM:            exportCplSetList(j=  1): __UNSPECIFIED__
20260802 000941.967 INFO             PET1   MED-TO-ATM: bondLevel= 2
20260802 000941.967 INFO             PET1 MED-TO-ATM: InitializeIPDv05p2b extro.
20260802 000941.969 INFO             PET1 esm: IInitModifyCplLists intro.
20260802 000941.970 INFO             PET1 esm: IInitModifyCplLists extro.
20260802 000941.973 INFO             PET1 MED-TO-ATM: InitializeIPDv05p3 intro.
20260802 000941.973 INFO             PET1   MED-TO-ATM: handle cplList(1): sea_surface_temperature, cplSetList(1): __UNSPECIFIED__
20260802 000941.973 INFO             PET1   MED-TO-ATM: - connected.
20260802 000941.973 INFO             PET1 MED-TO-ATM: InitializeIPDv05p3 extro.
20260802 000941.975 INFO             PET1 esm: InitializeIPDv02p3 intro.
20260802 000941.975 INFO             PET1   esm: IInitCheck intro.
20260802 000941.975 INFO             PET1   esm: IInitCheck extro.
20260802 000942.010 INFO             PET1   MED-TO-ATM: InitializeIPDv05p4 intro.
20260802 000942.011 INFO             PET1     MED-TO-ATM: handle cplList(1): sea_surface_temperature, cplSetList(1): __UNSPECIFIED__
20260802 000942.011 INFO             PET1     MED-TO-ATM: - nothing shared or transferred
20260802 000942.011 INFO             PET1   MED-TO-ATM: InitializeIPDv05p4 extro.
20260802 000942.014 INFO             PET1   MED-TO-ATM: InitializeIPDv05p5 intro.
20260802 000942.015 INFO             PET1     MED-TO-ATM: handle cplList(1): sea_surface_temperature, cplSetList(1): __UNSPECIFIED__
20260802 000942.015 INFO             PET1     MED-TO-ATM: - nothing shared or transferred, or may already be handled
20260802 000942.015 INFO             PET1   MED-TO-ATM: InitializeIPDv05p5 extro.
20260802 000942.017 INFO             PET1   esm: IInitRealize intro.
20260802 000942.017 INFO             PET1   esm: IInitRealize extro.
20260802 000942.018 INFO             PET1   MED-TO-ATM: InitializeIPDv05p6a intro.
20260802 000942.018 INFO             PET1   MED-TO-ATM: InitializeIPDv05p6a extro.
20260802 000942.340 INFO             PET1   MED-TO-ATM: InitializeIPDv05p6b intro.
20260802 000942.341 INFO             PET1     MED-TO-ATM: handle cplList(1): sea_surface_temperature, cplSetList(1): __UNSPECIFIED__
20260802 000942.341 INFO             PET1     MED-TO-ATM: - no Field sharing between import and export side: remap.
20260802 000942.342 DEBUG            PET1     ESMF_FieldBundleRegridStorePair(): srcField: sst dimCount= 2 rank= 2
20260802 000942.342 DEBUG            PET1     ESMF_FieldBundleRegridStorePair(): dstField: sst dimCount= 2 rank= 2
20260802 000942.342 DEBUG            PET1     ESMF_FieldBundleRegridStorePair(): Inside 'rhReuse' branch!
20260802 000942.342 DEBUG            PET1     ESMF_FieldBundleRegridStorePair(): srcGeomtype==ESMF_GEOMTYPE_GRID dimCount= 2
20260802 000942.342 DEBUG            PET1     ESMF_FieldBundleRegridStorePair(): dstGeomtype==ESMF_GEOMTYPE_GRID dimCount= 2
20260802 000942.342 DEBUG            PET1     ESMF_FieldBundleRegridStorePair(): no rhListMatch -> pre-compute new remapping!
20260802 000942.342 DEBUG            PET1     ESMF_FieldBundleRegridStorePair(): must precompute full regridding!
20260802 000942.373 INFO             PET1     MED-TO-ATM: called default label_ComputeRouteHandle
20260802 000942.373 INFO             PET1      DetermineSrcDstOverlap: sst, srcLocalPet=           1
20260802 000942.373 INFO             PET1      DetermineSrcDstOverlap: sst, dstLocalPet=           1
20260802 000942.373 INFO             PET1      DetermineSrcDstOverlap: srcDstOverlap= T
20260802 000942.373 INFO             PET1      BuildUpdatePackets: sst, srcLocalPet=           1
20260802 000942.373 INFO             PET1      BuildUpdatePackets: sst, dstLocalPet=           1
20260802 000942.373 INFO             PET1      creating new UpdatePacket for srcPetCount=           4  dstPetCount=           4
20260802 000942.373 INFO             PET1      upE%sendToPets list of size 1 :
20260802 000942.373 INFO             PET1           1
20260802 000942.373 INFO             PET1      upE%recvFromPet=           1
20260802 000942.373 INFO             PET1      after field add, now upE%fieldCount=           1
20260802 000942.373 INFO             PET1      BuildUpdatePackets: final UpdatePacket count=           1
20260802 000942.373 INFO             PET1   MED-TO-ATM: InitializeIPDv05p6b extro.
20260802 000942.954 INFO             PET1 esm: InitializeIPDv02p3 extro.
20260802 000942.954 INFO             PET1 esm: InitializeIPDv02p5 intro.
20260802 000942.955 INFO             PET1   esm: InitializeIPDv02p5Data intro.
20260802 000942.955 INFO             PET1     esm: InternalInitializeComplete intro.
20260802 000942.955 INFO             PET1     esm: InternalInitializeComplete extro.
20260802 000942.959 INFO             PET1     esm: loopDataDependentInitialize intro.
20260802 000942.959 INFO             PET1     esm: loopDataDependentInitialize extro.
20260802 000942.959 INFO             PET1   esm: InitializeIPDv02p5Data extro.
20260802 000942.959 INFO             PET1 esm: InitializeIPDv02p5 extro.
20260802 000942.959 INFO             PET1 esm: Run intro.
20260802 000942.959 INFO             PET1   >>>esm: entered Run (phase=RunPhase1) with current time: 2010  6  1  0  0  0   0
20260802 000942.960 INFO             PET1   esm: after lable_SetRunClock, current time: 2010  6  1  0  0  0   0
20260802 000942.960 INFO             PET1   esm: begin -------> RunSequence.
20260802 000942.960 INFO             PET1     esm: RunSequence event loopLevel=   2  levelMember=   1  loopIteration=   1, current time: 2010  6  1  0  0  0   0
20260802 000942.960 INFO             PET1     ------>Advancing MED from: 2010  6  1  0  0  0   0
20260802 000942.960 INFO             PET1     ---------------------> to: 2010  6  1  0  1 40   0
20260802 000942.962 INFO             PET1     MED-TO-ATM: Run intro.
20260802 000942.963 INFO             PET1     MED-TO-ATM: Run extro.
20260802 000942.963 INFO             PET1     ------>Advancing ATM from: 2010  6  1  0  0  0   0
20260802 000942.963 INFO             PET1     ---------------------> to: 2010  6  1  0  1 40   0
20260802 000942.964 INFO             PET1     ------>Advancing OCN from: 2010  6  1  0  0  0   0
20260802 000942.964 INFO             PET1     ---------------------> to: 2010  6  1  0  1 40   0
20260802 000942.965 INFO             PET1     esm: RunSequence event loopLevel=   2  levelMember=   1  loopIteration=   2, current time: 2010  6  1  0  1 40   0
20260802 000942.965 INFO             PET1     ------>Advancing MED from: 2010  6  1  0  1 40   0
20260802 000942.965 INFO             PET1     ---------------------> to: 2010  6  1  0  3 20   0
20260802 000942.966 INFO             PET1     MED-TO-ATM: Run intro.
20260802 000942.967 INFO             PET1     MED-TO-ATM: Run extro.
20260802 000942.967 INFO             PET1     ------>Advancing ATM from: 2010  6  1  0  1 40   0
20260802 000942.967 INFO             PET1     ---------------------> to: 2010  6  1  0  3 20   0
20260802 000942.968 INFO             PET1     ------>Advancing OCN from: 2010  6  1  0  1 40   0
20260802 000942.968 INFO             PET1     ---------------------> to: 2010  6  1  0  3 20   0
20260802 000942.969 INFO             PET1     esm: RunSequence event loopLevel=   1  levelMember=   1  loopIteration=   1, current time: 2010  6  1  0  0  0   0
20260802 000942.969 INFO             PET1     MED-TO-ATM: Run intro.
20260802 000942.969 INFO             PET1     MED-TO-ATM: Run extro.
20260802 000942.970 INFO             PET1     esm: RunSequence event loopLevel=   2  levelMember=   2  loopIteration=   1, current time: 2010  6  1  0  3 20   0
20260802 000942.970 INFO             PET1     ------>Advancing MED from: 2010  6  1  0  3 20   0
20260802 000942.970 INFO             PET1     ---------------------> to: 2010  6  1  0  5  0   0
20260802 000942.970 INFO             PET1     MED-TO-ATM: Run intro.
20260802 000942.971 INFO             PET1     MED-TO-ATM: Run extro.
20260802 000942.972 INFO             PET1     ------>Advancing ATM from: 2010  6  1  0  3 20   0
20260802 000942.972 INFO             PET1     ---------------------> to: 2010  6  1  0  5  0   0
20260802 000942.972 INFO             PET1     ------>Advancing OCN from: 2010  6  1  0  3 20   0
20260802 000942.972 INFO             PET1     ---------------------> to: 2010  6  1  0  5  0   0
20260802 000942.974 INFO             PET1     esm: RunSequence event loopLevel=   2  levelMember=   2  loopIteration=   2, current time: 2010  6  1  0  5  0   0
20260802 000942.974 INFO             PET1     ------>Advancing MED from: 2010  6  1  0  5  0   0
20260802 000942.974 INFO             PET1     ---------------------> to: 2010  6  1  0  6 40   0
20260802 000942.975 INFO             PET1     MED-TO-ATM: Run intro.
20260802 000942.975 INFO             PET1     MED-TO-ATM: Run extro.
20260802 000942.976 INFO             PET1     ------>Advancing ATM from: 2010  6  1  0  5  0   0
20260802 000942.976 INFO             PET1     ---------------------> to: 2010  6  1  0  6 40   0
20260802 000942.977 INFO             PET1     ------>Advancing OCN from: 2010  6  1  0  5  0   0
20260802 000942.977 INFO             PET1     ---------------------> to: 2010  6  1  0  6 40   0
20260802 000942.978 INFO             PET1     esm: RunSequence event loopLevel=   2  levelMember=   2  loopIteration=   3, current time: 2010  6  1  0  6 40   0
20260802 000942.978 INFO             PET1     ------>Advancing MED from: 2010  6  1  0  6 40   0
20260802 000942.978 INFO             PET1     ---------------------> to: 2010  6  1  0  8 20   0
20260802 000942.978 INFO             PET1     MED-TO-ATM: Run intro.
20260802 000942.979 INFO             PET1     MED-TO-ATM: Run extro.
20260802 000942.980 INFO             PET1     ------>Advancing ATM from: 2010  6  1  0  6 40   0
20260802 000942.980 INFO             PET1     ---------------------> to: 2010  6  1  0  8 20   0
20260802 000942.981 INFO             PET1     ------>Advancing OCN from: 2010  6  1  0  6 40   0
20260802 000942.981 INFO             PET1     ---------------------> to: 2010  6  1  0  8 20   0
20260802 000942.982 INFO             PET1     esm: RunSequence event loopLevel=   2  levelMember=   2  loopIteration=   4, current time: 2010  6  1  0  8 20   0
20260802 000942.982 INFO             PET1     ------>Advancing MED from: 2010  6  1  0  8 20   0
20260802 000942.982 INFO             PET1     ---------------------> to: 2010  6  1  0 10  0   0
20260802 000942.983 INFO             PET1     MED-TO-ATM: Run intro.
20260802 000942.983 INFO             PET1     MED-TO-ATM: Run extro.
20260802 000942.984 INFO             PET1     ------>Advancing ATM from: 2010  6  1  0  8 20   0
20260802 000942.984 INFO             PET1     ---------------------> to: 2010  6  1  0 10  0   0
20260802 000942.985 INFO             PET1     ------>Advancing OCN from: 2010  6  1  0  8 20   0
20260802 000942.985 INFO             PET1     ---------------------> to: 2010  6  1  0 10  0   0
20260802 000942.986 INFO             PET1     esm: RunSequence event loopLevel=   2  levelMember=   2  loopIteration=   5, current time: 2010  6  1  0 10  0   0
20260802 000942.986 INFO             PET1     ------>Advancing MED from: 2010  6  1  0 10  0   0
20260802 000942.986 INFO             PET1     ---------------------> to: 2010  6  1  0 11 40   0
20260802 000942.987 INFO             PET1     MED-TO-ATM: Run intro.
20260802 000942.987 INFO             PET1     MED-TO-ATM: Run extro.
20260802 000942.988 INFO             PET1     ------>Advancing ATM from: 2010  6  1  0 10  0   0
20260802 000942.988 INFO             PET1     ---------------------> to: 2010  6  1  0 11 40   0
20260802 000942.989 INFO             PET1     ------>Advancing OCN from: 2010  6  1  0 10  0   0
20260802 000942.989 INFO             PET1     ---------------------> to: 2010  6  1  0 11 40   0
20260802 000942.990 INFO             PET1     esm: RunSequence event loopLevel=   2  levelMember=   2  loopIteration=   6, current time: 2010  6  1  0 11 40   0
20260802 000942.990 INFO             PET1     ------>Advancing MED from: 2010  6  1  0 11 40   0
20260802 000942.990 INFO             PET1     ---------------------> to: 2010  6  1  0 13 20   0
20260802 000942.991 INFO             PET1     MED-TO-ATM: Run intro.
20260802 000942.991 INFO             PET1     MED-TO-ATM: Run extro.
20260802 000942.992 INFO             PET1     ------>Advancing ATM from: 2010  6  1  0 11 40   0
20260802 000942.992 INFO             PET1     ---------------------> to: 2010  6  1  0 13 20   0
20260802 000942.993 INFO             PET1     ------>Advancing OCN from: 2010  6  1  0 11 40   0
20260802 000942.993 INFO             PET1     ---------------------> to: 2010  6  1  0 13 20   0
20260802 000942.994 INFO             PET1     esm: RunSequence event loopLevel=   2  levelMember=   2  loopIteration=   7, current time: 2010  6  1  0 13 20   0
20260802 000942.994 INFO             PET1     ------>Advancing MED from: 2010  6  1  0 13 20   0
20260802 000942.994 INFO             PET1     ---------------------> to: 2010  6  1  0 15  0   0
20260802 000942.995 INFO             PET1     MED-TO-ATM: Run intro.
20260802 000942.995 INFO             PET1     MED-TO-ATM: Run extro.
20260802 000942.996 INFO             PET1     ------>Advancing ATM from: 2010  6  1  0 13 20   0
20260802 000942.996 INFO             PET1     ---------------------> to: 2010  6  1  0 15  0   0
20260802 000942.997 INFO             PET1     ------>Advancing OCN from: 2010  6  1  0 13 20   0
20260802 000942.997 INFO             PET1     ---------------------> to: 2010  6  1  0 15  0   0
20260802 000942.998 INFO             PET1     esm: RunSequence event loopLevel=   1  levelMember=   1  loopIteration=   1, current time: 2010  6  1  0  0  0   0
20260802 000942.999 INFO             PET1     esm: RunSequence event loopLevel=   1  levelMember=   1  loopIteration=   2, current time: 2010  6  1  0 15  0   0
20260802 000942.999 INFO             PET1     esm: RunSequence event loopLevel=   2  levelMember=   1  loopIteration=   1, current time: 2010  6  1  0 15  0   0
20260802 000942.999 INFO             PET1     ------>Advancing MED from: 2010  6  1  0 15  0   0
20260802 000942.999 INFO             PET1     ---------------------> to: 2010  6  1  0 16 40   0
20260802 000943.000 INFO             PET1     MED-TO-ATM: Run intro.
20260802 000943.001 INFO             PET1     MED-TO-ATM: Run extro.
20260802 000943.001 INFO             PET1     ------>Advancing ATM from: 2010  6  1  0 15  0   0
20260802 000943.001 INFO             PET1     ---------------------> to: 2010  6  1  0 16 40   0
20260802 000943.002 INFO             PET1     ------>Advancing OCN from: 2010  6  1  0 15  0   0
20260802 000943.002 INFO             PET1     ---------------------> to: 2010  6  1  0 16 40   0
20260802 000943.003 INFO             PET1     esm: RunSequence event loopLevel=   2  levelMember=   1  loopIteration=   2, current time: 2010  6  1  0 16 40   0
20260802 000943.003 INFO             PET1     ------>Advancing MED from: 2010  6  1  0 16 40   0
20260802 000943.003 INFO             PET1     ---------------------> to: 2010  6  1  0 18 20   0
20260802 000943.004 INFO             PET1     MED-TO-ATM: Run intro.
20260802 000943.005 INFO             PET1     MED-TO-ATM: Run extro.
20260802 000943.005 INFO             PET1     ------>Advancing ATM from: 2010  6  1  0 16 40   0
20260802 000943.005 INFO             PET1     ---------------------> to: 2010  6  1  0 18 20   0
20260802 000943.006 INFO             PET1     ------>Advancing OCN from: 2010  6  1  0 16 40   0
20260802 000943.006 INFO             PET1     ---------------------> to: 2010  6  1  0 18 20   0
20260802 000943.007 INFO             PET1     esm: RunSequence event loopLevel=   2  levelMember=   1  loopIteration=   3, current time: 2010  6  1  0 18 20   0
20260802 000943.007 INFO             PET1     ------>Advancing MED from: 2010  6  1  0 18 20   0
20260802 000943.007 INFO             PET1     ---------------------> to: 2010  6  1  0 20  0   0
20260802 000943.008 INFO             PET1     MED-TO-ATM: Run intro.
20260802 000943.009 INFO             PET1     MED-TO-ATM: Run extro.
20260802 000943.009 INFO             PET1     ------>Advancing ATM from: 2010  6  1  0 18 20   0
20260802 000943.009 INFO             PET1     ---------------------> to: 2010  6  1  0 20  0   0
20260802 000943.010 INFO             PET1     ------>Advancing OCN from: 2010  6  1  0 18 20   0
20260802 000943.010 INFO             PET1     ---------------------> to: 2010  6  1  0 20  0   0
20260802 000943.011 INFO             PET1     esm: RunSequence event loopLevel=   2  levelMember=   1  loopIteration=   4, current time: 2010  6  1  0 20  0   0
20260802 000943.011 INFO             PET1     ------>Advancing MED from: 2010  6  1  0 20  0   0
20260802 000943.011 INFO             PET1     ---------------------> to: 2010  6  1  0 21 40   0
20260802 000943.013 INFO             PET1     MED-TO-ATM: Run intro.
20260802 000943.013 INFO             PET1     MED-TO-ATM: Run extro.
20260802 000943.013 INFO             PET1     ------>Advancing ATM from: 2010  6  1  0 20  0   0
20260802 000943.013 INFO             PET1     ---------------------> to: 2010  6  1  0 21 40   0
20260802 000943.014 INFO             PET1     ------>Advancing OCN from: 2010  6  1  0 20  0   0
20260802 000943.014 INFO             PET1     ---------------------> to: 2010  6  1  0 21 40   0
20260802 000943.015 INFO             PET1     esm: RunSequence event loopLevel=   2  levelMember=   1  loopIteration=   5, current time: 2010  6  1  0 21 40   0
20260802 000943.016 INFO             PET1     ------>Advancing MED from: 2010  6  1  0 21 40   0
20260802 000943.016 INFO             PET1     ---------------------> to: 2010  6  1  0 23 20   0
20260802 000943.017 INFO             PET1     MED-TO-ATM: Run intro.
20260802 000943.017 INFO             PET1     MED-TO-ATM: Run extro.
20260802 000943.017 INFO             PET1     ------>Advancing ATM from: 2010  6  1  0 21 40   0
20260802 000943.017 INFO             PET1     ---------------------> to: 2010  6  1  0 23 20   0
20260802 000943.018 INFO             PET1     ------>Advancing OCN from: 2010  6  1  0 21 40   0
20260802 000943.018 INFO             PET1     ---------------------> to: 2010  6  1  0 23 20   0
20260802 000943.019 INFO             PET1     esm: RunSequence event loopLevel=   2  levelMember=   1  loopIteration=   6, current time: 2010  6  1  0 23 20   0
20260802 000943.019 INFO             PET1     ------>Advancing MED from: 2010  6  1  0 23 20   0
20260802 000943.020 INFO             PET1     ---------------------> to: 2010  6  1  0 25  0   0
20260802 000943.021 INFO             PET1     MED-TO-ATM: Run intro.
20260802 000943.021 INFO             PET1     MED-TO-ATM: Run extro.
20260802 000943.021 INFO             PET1     ------>Advancing ATM from: 2010  6  1  0 23 20   0
20260802 000943.021 INFO             PET1     ---------------------> to: 2010  6  1  0 25  0   0
20260802 000943.022 INFO             PET1     ------>Advancing OCN from: 2010  6  1  0 23 20   0
20260802 000943.022 INFO             PET1     ---------------------> to: 2010  6  1  0 25  0   0
20260802 000943.023 INFO             PET1     esm: RunSequence event loopLevel=   2  levelMember=   1  loopIteration=   7, current time: 2010  6  1  0 25  0   0
20260802 000943.023 INFO             PET1     ------>Advancing MED from: 2010  6  1  0 25  0   0
20260802 000943.024 INFO             PET1     ---------------------> to: 2010  6  1  0 26 40   0
20260802 000943.025 INFO             PET1     MED-TO-ATM: Run intro.
20260802 000943.025 INFO             PET1     MED-TO-ATM: Run extro.
20260802 000943.025 INFO             PET1     ------>Advancing ATM from: 2010  6  1  0 25  0   0
20260802 000943.026 INFO             PET1     ---------------------> to: 2010  6  1  0 26 40   0
20260802 000943.026 INFO             PET1     ------>Advancing OCN from: 2010  6  1  0 25  0   0
20260802 000943.026 INFO             PET1     ---------------------> to: 2010  6  1  0 26 40   0
20260802 000943.027 INFO             PET1     esm: RunSequence event loopLevel=   2  levelMember=   1  loopIteration=   8, current time: 2010  6  1  0 26 40   0
20260802 000943.028 INFO             PET1     ------>Advancing MED from: 2010  6  1  0 26 40   0
20260802 000943.028 INFO             PET1     ---------------------> to: 2010  6  1  0 28 20   0
20260802 000943.029 INFO             PET1     MED-TO-ATM: Run intro.
20260802 000943.029 INFO             PET1     MED-TO-ATM: Run extro.
20260802 000943.030 INFO             PET1     ------>Advancing ATM from: 2010  6  1  0 26 40   0
20260802 000943.030 INFO             PET1     ---------------------> to: 2010  6  1  0 28 20   0
20260802 000943.030 INFO             PET1     ------>Advancing OCN from: 2010  6  1  0 26 40   0
20260802 000943.030 INFO             PET1     ---------------------> to: 2010  6  1  0 28 20   0
20260802 000943.031 INFO             PET1     esm: RunSequence event loopLevel=   2  levelMember=   1  loopIteration=   9, current time: 2010  6  1  0 28 20   0
20260802 000943.032 INFO             PET1     ------>Advancing MED from: 2010  6  1  0 28 20   0
20260802 000943.032 INFO             PET1     ---------------------> to: 2010  6  1  0 30  0   0
20260802 000943.033 INFO             PET1     MED-TO-ATM: Run intro.
20260802 000943.033 INFO             PET1     MED-TO-ATM: Run extro.
20260802 000943.034 INFO             PET1     ------>Advancing ATM from: 2010  6  1  0 28 20   0
20260802 000943.034 INFO             PET1     ---------------------> to: 2010  6  1  0 30  0   0
20260802 000943.034 INFO             PET1     ------>Advancing OCN from: 2010  6  1  0 28 20   0
20260802 000943.034 INFO             PET1     ---------------------> to: 2010  6  1  0 30  0   0
20260802 000943.035 INFO             PET1     esm: RunSequence event loopLevel=   1  levelMember=   1  loopIteration=   2, current time: 2010  6  1  0 15  0   0
20260802 000943.036 INFO             PET1     MED-TO-ATM: Run intro.
20260802 000943.036 INFO             PET1     MED-TO-ATM: Run extro.
20260802 000943.036 INFO             PET1     esm: RunSequence event loopLevel=   2  levelMember=   2  loopIteration=   1, current time: 2010  6  1  0 30  0   0
20260802 000943.036 INFO             PET1     ------>Advancing MED from: 2010  6  1  0 30  0   0
20260802 000943.036 INFO             PET1     ---------------------> to: 2010  6  1  0 31 40   0
20260802 000943.037 INFO             PET1     MED-TO-ATM: Run intro.
20260802 000943.037 INFO             PET1     MED-TO-ATM: Run extro.
20260802 000943.038 INFO             PET1     ------>Advancing ATM from: 2010  6  1  0 30  0   0
20260802 000943.038 INFO             PET1     ---------------------> to: 2010  6  1  0 31 40   0
20260802 000943.039 INFO             PET1     OCN: detected import field at invalidTime
20260802 000943.039 INFO             PET1     OCN: detected import field at invalidTime
20260802 000943.039 INFO             PET1     ------>Advancing OCN from: 2010  6  1  0 30  0   0
20260802 000943.039 INFO             PET1     ---------------------> to: 2010  6  1  0 31 40   0
20260802 000943.040 INFO             PET1     esm: RunSequence event loopLevel=   2  levelMember=   2  loopIteration=   2, current time: 2010  6  1  0 31 40   0
20260802 000943.040 INFO             PET1     ------>Advancing MED from: 2010  6  1  0 31 40   0
20260802 000943.041 INFO             PET1     ---------------------> to: 2010  6  1  0 33 20   0
20260802 000943.041 INFO             PET1     MED-TO-ATM: Run intro.
20260802 000943.041 INFO             PET1     MED-TO-ATM: Run extro.
20260802 000943.043 INFO             PET1     ------>Advancing ATM from: 2010  6  1  0 31 40   0
20260802 000943.043 INFO             PET1     ---------------------> to: 2010  6  1  0 33 20   0
20260802 000943.043 INFO             PET1     ------>Advancing OCN from: 2010  6  1  0 31 40   0
20260802 000943.043 INFO             PET1     ---------------------> to: 2010  6  1  0 33 20   0
20260802 000943.044 INFO             PET1     esm: RunSequence event loopLevel=   2  levelMember=   2  loopIteration=   3, current time: 2010  6  1  0 33 20   0
20260802 000943.045 INFO             PET1     ------>Advancing MED from: 2010  6  1  0 33 20   0
20260802 000943.045 INFO             PET1     ---------------------> to: 2010  6  1  0 35  0   0
20260802 000943.045 INFO             PET1     MED-TO-ATM: Run intro.
20260802 000943.045 INFO             PET1     MED-TO-ATM: Run extro.
20260802 000943.047 INFO             PET1     ------>Advancing ATM from: 2010  6  1  0 33 20   0
20260802 000943.047 INFO             PET1     ---------------------> to: 2010  6  1  0 35  0   0
20260802 000943.047 INFO             PET1     ------>Advancing OCN from: 2010  6  1  0 33 20   0
20260802 000943.047 INFO             PET1     ---------------------> to: 2010  6  1  0 35  0   0
20260802 000943.048 INFO             PET1     esm: RunSequence event loopLevel=   2  levelMember=   2  loopIteration=   4, current time: 2010  6  1  0 35  0   0
20260802 000943.049 INFO             PET1     ------>Advancing MED from: 2010  6  1  0 35  0   0
20260802 000943.049 INFO             PET1     ---------------------> to: 2010  6  1  0 36 40   0
20260802 000943.049 INFO             PET1     MED-TO-ATM: Run intro.
20260802 000943.049 INFO             PET1     MED-TO-ATM: Run extro.
20260802 000943.051 INFO             PET1     ------>Advancing ATM from: 2010  6  1  0 35  0   0
20260802 000943.051 INFO             PET1     ---------------------> to: 2010  6  1  0 36 40   0
20260802 000943.051 INFO             PET1     ------>Advancing OCN from: 2010  6  1  0 35  0   0
20260802 000943.051 INFO             PET1     ---------------------> to: 2010  6  1  0 36 40   0
20260802 000943.052 INFO             PET1     esm: RunSequence event loopLevel=   2  levelMember=   2  loopIteration=   5, current time: 2010  6  1  0 36 40   0
20260802 000943.053 INFO             PET1     ------>Advancing MED from: 2010  6  1  0 36 40   0
20260802 000943.053 INFO             PET1     ---------------------> to: 2010  6  1  0 38 20   0
20260802 000943.053 INFO             PET1     MED-TO-ATM: Run intro.
20260802 000943.053 INFO             PET1     MED-TO-ATM: Run extro.
20260802 000943.055 INFO             PET1     ------>Advancing ATM from: 2010  6  1  0 36 40   0
20260802 000943.055 INFO             PET1     ---------------------> to: 2010  6  1  0 38 20   0
20260802 000943.055 INFO             PET1     ------>Advancing OCN from: 2010  6  1  0 36 40   0
20260802 000943.055 INFO             PET1     ---------------------> to: 2010  6  1  0 38 20   0
20260802 000943.056 INFO             PET1     esm: RunSequence event loopLevel=   2  levelMember=   2  loopIteration=   6, current time: 2010  6  1  0 38 20   0
20260802 000943.057 INFO             PET1     ------>Advancing MED from: 2010  6  1  0 38 20   0
20260802 000943.057 INFO             PET1     ---------------------> to: 2010  6  1  0 40  0   0
20260802 000943.057 INFO             PET1     MED-TO-ATM: Run intro.
20260802 000943.057 INFO             PET1     MED-TO-ATM: Run extro.
20260802 000943.059 INFO             PET1     ------>Advancing ATM from: 2010  6  1  0 38 20   0
20260802 000943.059 INFO             PET1     ---------------------> to: 2010  6  1  0 40  0   0
20260802 000943.059 INFO             PET1     ------>Advancing OCN from: 2010  6  1  0 38 20   0
20260802 000943.059 INFO             PET1     ---------------------> to: 2010  6  1  0 40  0   0
20260802 000943.060 INFO             PET1     esm: RunSequence event loopLevel=   2  levelMember=   2  loopIteration=   7, current time: 2010  6  1  0 40  0   0
20260802 000943.061 INFO             PET1     ------>Advancing MED from: 2010  6  1  0 40  0   0
20260802 000943.061 INFO             PET1     ---------------------> to: 2010  6  1  0 41 40   0
20260802 000943.061 INFO             PET1     MED-TO-ATM: Run intro.
20260802 000943.062 INFO             PET1     MED-TO-ATM: Run extro.
20260802 000943.063 INFO             PET1     ------>Advancing ATM from: 2010  6  1  0 40  0   0
20260802 000943.063 INFO             PET1     ---------------------> to: 2010  6  1  0 41 40   0
20260802 000943.063 INFO             PET1     ------>Advancing OCN from: 2010  6  1  0 40  0   0
20260802 000943.063 INFO             PET1     ---------------------> to: 2010  6  1  0 41 40   0
20260802 000943.065 INFO             PET1     esm: RunSequence event loopLevel=   2  levelMember=   2  loopIteration=   8, current time: 2010  6  1  0 41 40   0
20260802 000943.065 INFO             PET1     ------>Advancing MED from: 2010  6  1  0 41 40   0
20260802 000943.065 INFO             PET1     ---------------------> to: 2010  6  1  0 43 20   0
20260802 000943.065 INFO             PET1     MED-TO-ATM: Run intro.
20260802 000943.066 INFO             PET1     MED-TO-ATM: Run extro.
20260802 000943.067 INFO             PET1     ------>Advancing ATM from: 2010  6  1  0 41 40   0
20260802 000943.067 INFO             PET1     ---------------------> to: 2010  6  1  0 43 20   0
20260802 000943.067 INFO             PET1     ------>Advancing OCN from: 2010  6  1  0 41 40   0
20260802 000943.067 INFO             PET1     ---------------------> to: 2010  6  1  0 43 20   0
20260802 000943.069 INFO             PET1     esm: RunSequence event loopLevel=   2  levelMember=   2  loopIteration=   9, current time: 2010  6  1  0 43 20   0
20260802 000943.069 INFO             PET1     ------>Advancing MED from: 2010  6  1  0 43 20   0
20260802 000943.069 INFO             PET1     ---------------------> to: 2010  6  1  0 45  0   0
20260802 000943.069 INFO             PET1     MED-TO-ATM: Run intro.
20260802 000943.070 INFO             PET1     MED-TO-ATM: Run extro.
20260802 000943.071 INFO             PET1     ------>Advancing ATM from: 2010  6  1  0 43 20   0
20260802 000943.071 INFO             PET1     ---------------------> to: 2010  6  1  0 45  0   0
20260802 000943.071 INFO             PET1     ------>Advancing OCN from: 2010  6  1  0 43 20   0
20260802 000943.071 INFO             PET1     ---------------------> to: 2010  6  1  0 45  0   0
20260802 000943.073 INFO             PET1     esm: RunSequence event loopLevel=   1  levelMember=   1  loopIteration=   2, current time: 2010  6  1  0 15  0   0
20260802 000943.073 INFO             PET1   esm: end <--------- RunSequence
20260802 000943.073 INFO             PET1   <<<esm: leaving Run (phase=RunPhase1) with current time: 2010  6  1  0 30  0   0
20260802 000943.073 INFO             PET1 esm: Run extro.
20260802 000943.074 INFO             PET1 esm: Finalize intro.
20260802 000943.074 INFO             PET1   MED-TO-ATM: Finalize intro.
20260802 000943.075 INFO             PET1   MED-TO-ATM: Finalize extro.
20260802 000943.076 INFO             PET1 esm: Finalize extro.
20260802 000943.076 INFO             PET1 esmApp FINISHED
20260802 000943.076 INFO             PET1  Finalizing ESMF
20260802 000941.840 INFO             PET2 !!!!!!!!!!!!!!!!!!!!!!!!!!!!!!!!!!!!!!!!!!!!!!!!!!!!!!
20260802 000941.841 INFO             PET2 !!! THE ESMF_LOG IS SET TO OUTPUT ALL LOG MESSAGES !!!
20260802 000941.841 INFO             PET2 !!!     THIS MAY CAUSE SLOWDOWN IN PERFORMANCE     !!!
20260802 000941.841 INFO             PET2 !!! FOR PRODUCTION RUNS, USE:                      !!!
20260802 000941.841 INFO             PET2 !!!                   ESMF_LOGKIND_Multi_On_Error  !!!
20260802 000941.841 INFO             PET2 !!!!!!!!!!!!!!!!!!!!!!!!!!!!!!!!!!!!!!!!!!!!!!!!!!!!!!
20260802 000941.841 INFO             PET2 Running with ESMF Version   : develop+g02ff1b231d
20260802 000941.841 INFO             PET2 ESMF library build date/time: "Aug  1 2026" "22:26:04"
20260802 000941.841 INFO             PET2 ESMF library build location : /discover/nobackup/projects/gmao/SIteam/ESMF_Testing/intel_2021.13.0_intelmpi_g_develop/esmf
20260802 000941.841 INFO             PET2 ESMF_COMM                   : intelmpi
20260802 000941.841 INFO             PET2 ESMF_MOAB                   : enabled
20260802 000941.841 INFO             PET2 ESMF_LAPACK                 : enabled
20260802 000941.841 INFO             PET2 ESMF_NETCDF                 : enabled
20260802 000941.841 INFO             PET2 ESMF_PNETCDF                : disabled
20260802 000941.841 INFO             PET2 ESMF_PIO                    : enabled
20260802 000941.841 INFO             PET2 ESMF_YAMLCPP                : enabled
20260802 000941.841 INFO             PET2 esmApp STARTING
20260802 000941.940 INFO             PET2 Reading Attributes for Connector: MED-TO-OCN
20260802 000941.940 INFO             PET2 Reading Attributes for Connector: MED-TO-ATM
20260802 000941.942 INFO             PET2 Reading Attributes for Connector: OCN-TO-MED
20260802 000941.942 INFO             PET2 Reading Attributes for Connector: ATM-TO-MED
20260802 000941.944 INFO             PET2 esm: IInitAdvertise intro.
20260802 000941.944 INFO             PET2 esm: IInitAdvertise extro.
20260802 000941.959 INFO             PET2 MED-TO-ATM: InitializeIPDv05p1 intro.
20260802 000941.960 INFO             PET2 MED-TO-ATM: InitializeIPDv05p1 extro.
20260802 000941.961 INFO             PET2 esm: IInitAdvertiseFinish intro.
20260802 000941.961 INFO             PET2 esm: IInitAdvertiseFinish extro.
20260802 000941.963 INFO             PET2 MED-TO-ATM: InitializeIPDv05p2a intro.
20260802 000941.964 INFO             PET2   MED-TO-ATM:      importStandardNameList(i=  1): sea_surface_temperature
20260802 000941.964 INFO             PET2   MED-TO-ATM:         importNamespaceList(i=  1): MED:ATM
20260802 000941.964 INFO             PET2   MED-TO-ATM:            importCplSetList(i=  1): __UNSPECIFIED__
20260802 000941.964 INFO             PET2   MED-TO-ATM:      exportStandardNameList(j=  1): sea_surface_temperature
20260802 000941.964 INFO             PET2   MED-TO-ATM:         exportNamespaceList(j=  1): ATM
20260802 000941.964 INFO             PET2   MED-TO-ATM:            exportCplSetList(j=  1): __UNSPECIFIED__
20260802 000941.964 INFO             PET2   MED-TO-ATM: bondLevel= 2
20260802 000941.964 INFO             PET2   MED-TO-ATM: ProducerConnection (bondLevelMax):         2
20260802 000941.964 INFO             PET2 MED-TO-ATM: InitializeIPDv05p2a extro.
20260802 000941.966 INFO             PET2 MED-TO-ATM: InitializeIPDv05p2b intro.
20260802 000941.967 INFO             PET2   MED-TO-ATM:      importStandardNameList(i=  1): sea_surface_temperature
20260802 000941.967 INFO             PET2   MED-TO-ATM:         importNamespaceList(i=  1): MED:ATM
20260802 000941.967 INFO             PET2   MED-TO-ATM:            importCplSetList(i=  1): __UNSPECIFIED__
20260802 000941.967 INFO             PET2   MED-TO-ATM:      exportStandardNameList(j=  1): sea_surface_temperature
20260802 000941.967 INFO             PET2   MED-TO-ATM:         exportNamespaceList(j=  1): ATM
20260802 000941.967 INFO             PET2   MED-TO-ATM:            exportCplSetList(j=  1): __UNSPECIFIED__
20260802 000941.967 INFO             PET2   MED-TO-ATM: bondLevel= 2
20260802 000941.967 INFO             PET2 MED-TO-ATM: InitializeIPDv05p2b extro.
20260802 000941.969 INFO             PET2 esm: IInitModifyCplLists intro.
20260802 000941.970 INFO             PET2 esm: IInitModifyCplLists extro.
20260802 000941.973 INFO             PET2 MED-TO-ATM: InitializeIPDv05p3 intro.
20260802 000941.973 INFO             PET2   MED-TO-ATM: handle cplList(1): sea_surface_temperature, cplSetList(1): __UNSPECIFIED__
20260802 000941.973 INFO             PET2   MED-TO-ATM: - connected.
20260802 000941.973 INFO             PET2 MED-TO-ATM: InitializeIPDv05p3 extro.
20260802 000941.975 INFO             PET2 esm: InitializeIPDv02p3 intro.
20260802 000941.975 INFO             PET2   esm: IInitCheck intro.
20260802 000941.975 INFO             PET2   esm: IInitCheck extro.
20260802 000942.010 INFO             PET2   MED-TO-ATM: InitializeIPDv05p4 intro.
20260802 000942.011 INFO             PET2     MED-TO-ATM: handle cplList(1): sea_surface_temperature, cplSetList(1): __UNSPECIFIED__
20260802 000942.011 INFO             PET2     MED-TO-ATM: - nothing shared or transferred
20260802 000942.011 INFO             PET2   MED-TO-ATM: InitializeIPDv05p4 extro.
20260802 000942.014 INFO             PET2   MED-TO-ATM: InitializeIPDv05p5 intro.
20260802 000942.015 INFO             PET2     MED-TO-ATM: handle cplList(1): sea_surface_temperature, cplSetList(1): __UNSPECIFIED__
20260802 000942.015 INFO             PET2     MED-TO-ATM: - nothing shared or transferred, or may already be handled
20260802 000942.015 INFO             PET2   MED-TO-ATM: InitializeIPDv05p5 extro.
20260802 000942.017 INFO             PET2   esm: IInitRealize intro.
20260802 000942.017 INFO             PET2   esm: IInitRealize extro.
20260802 000942.018 INFO             PET2   MED-TO-ATM: InitializeIPDv05p6a intro.
20260802 000942.018 INFO             PET2   MED-TO-ATM: InitializeIPDv05p6a extro.
20260802 000942.340 INFO             PET2   MED-TO-ATM: InitializeIPDv05p6b intro.
20260802 000942.341 INFO             PET2     MED-TO-ATM: handle cplList(1): sea_surface_temperature, cplSetList(1): __UNSPECIFIED__
20260802 000942.341 INFO             PET2     MED-TO-ATM: - no Field sharing between import and export side: remap.
20260802 000942.342 DEBUG            PET2     ESMF_FieldBundleRegridStorePair(): srcField: sst dimCount= 2 rank= 2
20260802 000942.342 DEBUG            PET2     ESMF_FieldBundleRegridStorePair(): dstField: sst dimCount= 2 rank= 2
20260802 000942.342 DEBUG            PET2     ESMF_FieldBundleRegridStorePair(): Inside 'rhReuse' branch!
20260802 000942.342 DEBUG            PET2     ESMF_FieldBundleRegridStorePair(): srcGeomtype==ESMF_GEOMTYPE_GRID dimCount= 2
20260802 000942.342 DEBUG            PET2     ESMF_FieldBundleRegridStorePair(): dstGeomtype==ESMF_GEOMTYPE_GRID dimCount= 2
20260802 000942.342 DEBUG            PET2     ESMF_FieldBundleRegridStorePair(): no rhListMatch -> pre-compute new remapping!
20260802 000942.342 DEBUG            PET2     ESMF_FieldBundleRegridStorePair(): must precompute full regridding!
20260802 000942.373 INFO             PET2     MED-TO-ATM: called default label_ComputeRouteHandle
20260802 000942.373 INFO             PET2      DetermineSrcDstOverlap: sst, srcLocalPet=           2
20260802 000942.373 INFO             PET2      DetermineSrcDstOverlap: sst, dstLocalPet=           2
20260802 000942.373 INFO             PET2      DetermineSrcDstOverlap: srcDstOverlap= T
20260802 000942.373 INFO             PET2      BuildUpdatePackets: sst, srcLocalPet=           2
20260802 000942.373 INFO             PET2      BuildUpdatePackets: sst, dstLocalPet=           2
20260802 000942.373 INFO             PET2      creating new UpdatePacket for srcPetCount=           4  dstPetCount=           4
20260802 000942.373 INFO             PET2      upE%sendToPets list of size 1 :
20260802 000942.373 INFO             PET2           2
20260802 000942.373 INFO             PET2      upE%recvFromPet=           2
20260802 000942.373 INFO             PET2      after field add, now upE%fieldCount=           1
20260802 000942.373 INFO             PET2      BuildUpdatePackets: final UpdatePacket count=           1
20260802 000942.373 INFO             PET2   MED-TO-ATM: InitializeIPDv05p6b extro.
20260802 000942.954 INFO             PET2 esm: InitializeIPDv02p3 extro.
20260802 000942.955 INFO             PET2 esm: InitializeIPDv02p5 intro.
20260802 000942.955 INFO             PET2   esm: InitializeIPDv02p5Data intro.
20260802 000942.955 INFO             PET2     esm: InternalInitializeComplete intro.
20260802 000942.955 INFO             PET2     esm: InternalInitializeComplete extro.
20260802 000942.959 INFO             PET2     esm: loopDataDependentInitialize intro.
20260802 000942.959 INFO             PET2     esm: loopDataDependentInitialize extro.
20260802 000942.959 INFO             PET2   esm: InitializeIPDv02p5Data extro.
20260802 000942.959 INFO             PET2 esm: InitializeIPDv02p5 extro.
20260802 000942.959 INFO             PET2 esm: Run intro.
20260802 000942.959 INFO             PET2   >>>esm: entered Run (phase=RunPhase1) with current time: 2010  6  1  0  0  0   0
20260802 000942.960 INFO             PET2   esm: after lable_SetRunClock, current time: 2010  6  1  0  0  0   0
20260802 000942.960 INFO             PET2   esm: begin -------> RunSequence.
20260802 000942.960 INFO             PET2     esm: RunSequence event loopLevel=   2  levelMember=   1  loopIteration=   1, current time: 2010  6  1  0  0  0   0
20260802 000942.960 INFO             PET2     ------>Advancing MED from: 2010  6  1  0  0  0   0
20260802 000942.960 INFO             PET2     ---------------------> to: 2010  6  1  0  1 40   0
20260802 000942.962 INFO             PET2     MED-TO-ATM: Run intro.
20260802 000942.963 INFO             PET2     MED-TO-ATM: Run extro.
20260802 000942.963 INFO             PET2     ------>Advancing ATM from: 2010  6  1  0  0  0   0
20260802 000942.963 INFO             PET2     ---------------------> to: 2010  6  1  0  1 40   0
20260802 000942.964 INFO             PET2     ------>Advancing OCN from: 2010  6  1  0  0  0   0
20260802 000942.964 INFO             PET2     ---------------------> to: 2010  6  1  0  1 40   0
20260802 000942.965 INFO             PET2     esm: RunSequence event loopLevel=   2  levelMember=   1  loopIteration=   2, current time: 2010  6  1  0  1 40   0
20260802 000942.965 INFO             PET2     ------>Advancing MED from: 2010  6  1  0  1 40   0
20260802 000942.965 INFO             PET2     ---------------------> to: 2010  6  1  0  3 20   0
20260802 000942.966 INFO             PET2     MED-TO-ATM: Run intro.
20260802 000942.967 INFO             PET2     MED-TO-ATM: Run extro.
20260802 000942.967 INFO             PET2     ------>Advancing ATM from: 2010  6  1  0  1 40   0
20260802 000942.967 INFO             PET2     ---------------------> to: 2010  6  1  0  3 20   0
20260802 000942.968 INFO             PET2     ------>Advancing OCN from: 2010  6  1  0  1 40   0
20260802 000942.968 INFO             PET2     ---------------------> to: 2010  6  1  0  3 20   0
20260802 000942.969 INFO             PET2     esm: RunSequence event loopLevel=   1  levelMember=   1  loopIteration=   1, current time: 2010  6  1  0  0  0   0
20260802 000942.969 INFO             PET2     MED-TO-ATM: Run intro.
20260802 000942.969 INFO             PET2     MED-TO-ATM: Run extro.
20260802 000942.970 INFO             PET2     esm: RunSequence event loopLevel=   2  levelMember=   2  loopIteration=   1, current time: 2010  6  1  0  3 20   0
20260802 000942.970 INFO             PET2     ------>Advancing MED from: 2010  6  1  0  3 20   0
20260802 000942.970 INFO             PET2     ---------------------> to: 2010  6  1  0  5  0   0
20260802 000942.970 INFO             PET2     MED-TO-ATM: Run intro.
20260802 000942.971 INFO             PET2     MED-TO-ATM: Run extro.
20260802 000942.972 INFO             PET2     ------>Advancing ATM from: 2010  6  1  0  3 20   0
20260802 000942.972 INFO             PET2     ---------------------> to: 2010  6  1  0  5  0   0
20260802 000942.972 INFO             PET2     ------>Advancing OCN from: 2010  6  1  0  3 20   0
20260802 000942.972 INFO             PET2     ---------------------> to: 2010  6  1  0  5  0   0
20260802 000942.974 INFO             PET2     esm: RunSequence event loopLevel=   2  levelMember=   2  loopIteration=   2, current time: 2010  6  1  0  5  0   0
20260802 000942.974 INFO             PET2     ------>Advancing MED from: 2010  6  1  0  5  0   0
20260802 000942.974 INFO             PET2     ---------------------> to: 2010  6  1  0  6 40   0
20260802 000942.975 INFO             PET2     MED-TO-ATM: Run intro.
20260802 000942.975 INFO             PET2     MED-TO-ATM: Run extro.
20260802 000942.976 INFO             PET2     ------>Advancing ATM from: 2010  6  1  0  5  0   0
20260802 000942.976 INFO             PET2     ---------------------> to: 2010  6  1  0  6 40   0
20260802 000942.977 INFO             PET2     ------>Advancing OCN from: 2010  6  1  0  5  0   0
20260802 000942.977 INFO             PET2     ---------------------> to: 2010  6  1  0  6 40   0
20260802 000942.978 INFO             PET2     esm: RunSequence event loopLevel=   2  levelMember=   2  loopIteration=   3, current time: 2010  6  1  0  6 40   0
20260802 000942.978 INFO             PET2     ------>Advancing MED from: 2010  6  1  0  6 40   0
20260802 000942.978 INFO             PET2     ---------------------> to: 2010  6  1  0  8 20   0
20260802 000942.978 INFO             PET2     MED-TO-ATM: Run intro.
20260802 000942.979 INFO             PET2     MED-TO-ATM: Run extro.
20260802 000942.980 INFO             PET2     ------>Advancing ATM from: 2010  6  1  0  6 40   0
20260802 000942.980 INFO             PET2     ---------------------> to: 2010  6  1  0  8 20   0
20260802 000942.981 INFO             PET2     ------>Advancing OCN from: 2010  6  1  0  6 40   0
20260802 000942.981 INFO             PET2     ---------------------> to: 2010  6  1  0  8 20   0
20260802 000942.982 INFO             PET2     esm: RunSequence event loopLevel=   2  levelMember=   2  loopIteration=   4, current time: 2010  6  1  0  8 20   0
20260802 000942.982 INFO             PET2     ------>Advancing MED from: 2010  6  1  0  8 20   0
20260802 000942.982 INFO             PET2     ---------------------> to: 2010  6  1  0 10  0   0
20260802 000942.983 INFO             PET2     MED-TO-ATM: Run intro.
20260802 000942.983 INFO             PET2     MED-TO-ATM: Run extro.
20260802 000942.984 INFO             PET2     ------>Advancing ATM from: 2010  6  1  0  8 20   0
20260802 000942.984 INFO             PET2     ---------------------> to: 2010  6  1  0 10  0   0
20260802 000942.985 INFO             PET2     ------>Advancing OCN from: 2010  6  1  0  8 20   0
20260802 000942.985 INFO             PET2     ---------------------> to: 2010  6  1  0 10  0   0
20260802 000942.986 INFO             PET2     esm: RunSequence event loopLevel=   2  levelMember=   2  loopIteration=   5, current time: 2010  6  1  0 10  0   0
20260802 000942.986 INFO             PET2     ------>Advancing MED from: 2010  6  1  0 10  0   0
20260802 000942.986 INFO             PET2     ---------------------> to: 2010  6  1  0 11 40   0
20260802 000942.987 INFO             PET2     MED-TO-ATM: Run intro.
20260802 000942.987 INFO             PET2     MED-TO-ATM: Run extro.
20260802 000942.988 INFO             PET2     ------>Advancing ATM from: 2010  6  1  0 10  0   0
20260802 000942.988 INFO             PET2     ---------------------> to: 2010  6  1  0 11 40   0
20260802 000942.989 INFO             PET2     ------>Advancing OCN from: 2010  6  1  0 10  0   0
20260802 000942.989 INFO             PET2     ---------------------> to: 2010  6  1  0 11 40   0
20260802 000942.990 INFO             PET2     esm: RunSequence event loopLevel=   2  levelMember=   2  loopIteration=   6, current time: 2010  6  1  0 11 40   0
20260802 000942.990 INFO             PET2     ------>Advancing MED from: 2010  6  1  0 11 40   0
20260802 000942.990 INFO             PET2     ---------------------> to: 2010  6  1  0 13 20   0
20260802 000942.991 INFO             PET2     MED-TO-ATM: Run intro.
20260802 000942.991 INFO             PET2     MED-TO-ATM: Run extro.
20260802 000942.992 INFO             PET2     ------>Advancing ATM from: 2010  6  1  0 11 40   0
20260802 000942.992 INFO             PET2     ---------------------> to: 2010  6  1  0 13 20   0
20260802 000942.993 INFO             PET2     ------>Advancing OCN from: 2010  6  1  0 11 40   0
20260802 000942.993 INFO             PET2     ---------------------> to: 2010  6  1  0 13 20   0
20260802 000942.994 INFO             PET2     esm: RunSequence event loopLevel=   2  levelMember=   2  loopIteration=   7, current time: 2010  6  1  0 13 20   0
20260802 000942.994 INFO             PET2     ------>Advancing MED from: 2010  6  1  0 13 20   0
20260802 000942.994 INFO             PET2     ---------------------> to: 2010  6  1  0 15  0   0
20260802 000942.995 INFO             PET2     MED-TO-ATM: Run intro.
20260802 000942.995 INFO             PET2     MED-TO-ATM: Run extro.
20260802 000942.996 INFO             PET2     ------>Advancing ATM from: 2010  6  1  0 13 20   0
20260802 000942.996 INFO             PET2     ---------------------> to: 2010  6  1  0 15  0   0
20260802 000942.997 INFO             PET2     ------>Advancing OCN from: 2010  6  1  0 13 20   0
20260802 000942.997 INFO             PET2     ---------------------> to: 2010  6  1  0 15  0   0
20260802 000942.998 INFO             PET2     esm: RunSequence event loopLevel=   1  levelMember=   1  loopIteration=   1, current time: 2010  6  1  0  0  0   0
20260802 000942.999 INFO             PET2     esm: RunSequence event loopLevel=   1  levelMember=   1  loopIteration=   2, current time: 2010  6  1  0 15  0   0
20260802 000942.999 INFO             PET2     esm: RunSequence event loopLevel=   2  levelMember=   1  loopIteration=   1, current time: 2010  6  1  0 15  0   0
20260802 000942.999 INFO             PET2     ------>Advancing MED from: 2010  6  1  0 15  0   0
20260802 000942.999 INFO             PET2     ---------------------> to: 2010  6  1  0 16 40   0
20260802 000943.000 INFO             PET2     MED-TO-ATM: Run intro.
20260802 000943.001 INFO             PET2     MED-TO-ATM: Run extro.
20260802 000943.001 INFO             PET2     ------>Advancing ATM from: 2010  6  1  0 15  0   0
20260802 000943.001 INFO             PET2     ---------------------> to: 2010  6  1  0 16 40   0
20260802 000943.002 INFO             PET2     ------>Advancing OCN from: 2010  6  1  0 15  0   0
20260802 000943.002 INFO             PET2     ---------------------> to: 2010  6  1  0 16 40   0
20260802 000943.003 INFO             PET2     esm: RunSequence event loopLevel=   2  levelMember=   1  loopIteration=   2, current time: 2010  6  1  0 16 40   0
20260802 000943.003 INFO             PET2     ------>Advancing MED from: 2010  6  1  0 16 40   0
20260802 000943.003 INFO             PET2     ---------------------> to: 2010  6  1  0 18 20   0
20260802 000943.004 INFO             PET2     MED-TO-ATM: Run intro.
20260802 000943.005 INFO             PET2     MED-TO-ATM: Run extro.
20260802 000943.005 INFO             PET2     ------>Advancing ATM from: 2010  6  1  0 16 40   0
20260802 000943.005 INFO             PET2     ---------------------> to: 2010  6  1  0 18 20   0
20260802 000943.006 INFO             PET2     ------>Advancing OCN from: 2010  6  1  0 16 40   0
20260802 000943.006 INFO             PET2     ---------------------> to: 2010  6  1  0 18 20   0
20260802 000943.007 INFO             PET2     esm: RunSequence event loopLevel=   2  levelMember=   1  loopIteration=   3, current time: 2010  6  1  0 18 20   0
20260802 000943.007 INFO             PET2     ------>Advancing MED from: 2010  6  1  0 18 20   0
20260802 000943.007 INFO             PET2     ---------------------> to: 2010  6  1  0 20  0   0
20260802 000943.008 INFO             PET2     MED-TO-ATM: Run intro.
20260802 000943.009 INFO             PET2     MED-TO-ATM: Run extro.
20260802 000943.009 INFO             PET2     ------>Advancing ATM from: 2010  6  1  0 18 20   0
20260802 000943.009 INFO             PET2     ---------------------> to: 2010  6  1  0 20  0   0
20260802 000943.010 INFO             PET2     ------>Advancing OCN from: 2010  6  1  0 18 20   0
20260802 000943.010 INFO             PET2     ---------------------> to: 2010  6  1  0 20  0   0
20260802 000943.011 INFO             PET2     esm: RunSequence event loopLevel=   2  levelMember=   1  loopIteration=   4, current time: 2010  6  1  0 20  0   0
20260802 000943.011 INFO             PET2     ------>Advancing MED from: 2010  6  1  0 20  0   0
20260802 000943.011 INFO             PET2     ---------------------> to: 2010  6  1  0 21 40   0
20260802 000943.013 INFO             PET2     MED-TO-ATM: Run intro.
20260802 000943.013 INFO             PET2     MED-TO-ATM: Run extro.
20260802 000943.013 INFO             PET2     ------>Advancing ATM from: 2010  6  1  0 20  0   0
20260802 000943.013 INFO             PET2     ---------------------> to: 2010  6  1  0 21 40   0
20260802 000943.014 INFO             PET2     ------>Advancing OCN from: 2010  6  1  0 20  0   0
20260802 000943.014 INFO             PET2     ---------------------> to: 2010  6  1  0 21 40   0
20260802 000943.015 INFO             PET2     esm: RunSequence event loopLevel=   2  levelMember=   1  loopIteration=   5, current time: 2010  6  1  0 21 40   0
20260802 000943.016 INFO             PET2     ------>Advancing MED from: 2010  6  1  0 21 40   0
20260802 000943.016 INFO             PET2     ---------------------> to: 2010  6  1  0 23 20   0
20260802 000943.017 INFO             PET2     MED-TO-ATM: Run intro.
20260802 000943.017 INFO             PET2     MED-TO-ATM: Run extro.
20260802 000943.017 INFO             PET2     ------>Advancing ATM from: 2010  6  1  0 21 40   0
20260802 000943.017 INFO             PET2     ---------------------> to: 2010  6  1  0 23 20   0
20260802 000943.018 INFO             PET2     ------>Advancing OCN from: 2010  6  1  0 21 40   0
20260802 000943.018 INFO             PET2     ---------------------> to: 2010  6  1  0 23 20   0
20260802 000943.019 INFO             PET2     esm: RunSequence event loopLevel=   2  levelMember=   1  loopIteration=   6, current time: 2010  6  1  0 23 20   0
20260802 000943.019 INFO             PET2     ------>Advancing MED from: 2010  6  1  0 23 20   0
20260802 000943.020 INFO             PET2     ---------------------> to: 2010  6  1  0 25  0   0
20260802 000943.021 INFO             PET2     MED-TO-ATM: Run intro.
20260802 000943.021 INFO             PET2     MED-TO-ATM: Run extro.
20260802 000943.021 INFO             PET2     ------>Advancing ATM from: 2010  6  1  0 23 20   0
20260802 000943.021 INFO             PET2     ---------------------> to: 2010  6  1  0 25  0   0
20260802 000943.022 INFO             PET2     ------>Advancing OCN from: 2010  6  1  0 23 20   0
20260802 000943.022 INFO             PET2     ---------------------> to: 2010  6  1  0 25  0   0
20260802 000943.023 INFO             PET2     esm: RunSequence event loopLevel=   2  levelMember=   1  loopIteration=   7, current time: 2010  6  1  0 25  0   0
20260802 000943.023 INFO             PET2     ------>Advancing MED from: 2010  6  1  0 25  0   0
20260802 000943.023 INFO             PET2     ---------------------> to: 2010  6  1  0 26 40   0
20260802 000943.025 INFO             PET2     MED-TO-ATM: Run intro.
20260802 000943.025 INFO             PET2     MED-TO-ATM: Run extro.
20260802 000943.026 INFO             PET2     ------>Advancing ATM from: 2010  6  1  0 25  0   0
20260802 000943.026 INFO             PET2     ---------------------> to: 2010  6  1  0 26 40   0
20260802 000943.026 INFO             PET2     ------>Advancing OCN from: 2010  6  1  0 25  0   0
20260802 000943.026 INFO             PET2     ---------------------> to: 2010  6  1  0 26 40   0
20260802 000943.027 INFO             PET2     esm: RunSequence event loopLevel=   2  levelMember=   1  loopIteration=   8, current time: 2010  6  1  0 26 40   0
20260802 000943.028 INFO             PET2     ------>Advancing MED from: 2010  6  1  0 26 40   0
20260802 000943.028 INFO             PET2     ---------------------> to: 2010  6  1  0 28 20   0
20260802 000943.029 INFO             PET2     MED-TO-ATM: Run intro.
20260802 000943.029 INFO             PET2     MED-TO-ATM: Run extro.
20260802 000943.030 INFO             PET2     ------>Advancing ATM from: 2010  6  1  0 26 40   0
20260802 000943.030 INFO             PET2     ---------------------> to: 2010  6  1  0 28 20   0
20260802 000943.030 INFO             PET2     ------>Advancing OCN from: 2010  6  1  0 26 40   0
20260802 000943.030 INFO             PET2     ---------------------> to: 2010  6  1  0 28 20   0
20260802 000943.031 INFO             PET2     esm: RunSequence event loopLevel=   2  levelMember=   1  loopIteration=   9, current time: 2010  6  1  0 28 20   0
20260802 000943.032 INFO             PET2     ------>Advancing MED from: 2010  6  1  0 28 20   0
20260802 000943.032 INFO             PET2     ---------------------> to: 2010  6  1  0 30  0   0
20260802 000943.033 INFO             PET2     MED-TO-ATM: Run intro.
20260802 000943.033 INFO             PET2     MED-TO-ATM: Run extro.
20260802 000943.034 INFO             PET2     ------>Advancing ATM from: 2010  6  1  0 28 20   0
20260802 000943.034 INFO             PET2     ---------------------> to: 2010  6  1  0 30  0   0
20260802 000943.034 INFO             PET2     ------>Advancing OCN from: 2010  6  1  0 28 20   0
20260802 000943.034 INFO             PET2     ---------------------> to: 2010  6  1  0 30  0   0
20260802 000943.035 INFO             PET2     esm: RunSequence event loopLevel=   1  levelMember=   1  loopIteration=   2, current time: 2010  6  1  0 15  0   0
20260802 000943.036 INFO             PET2     MED-TO-ATM: Run intro.
20260802 000943.036 INFO             PET2     MED-TO-ATM: Run extro.
20260802 000943.036 INFO             PET2     esm: RunSequence event loopLevel=   2  levelMember=   2  loopIteration=   1, current time: 2010  6  1  0 30  0   0
20260802 000943.036 INFO             PET2     ------>Advancing MED from: 2010  6  1  0 30  0   0
20260802 000943.036 INFO             PET2     ---------------------> to: 2010  6  1  0 31 40   0
20260802 000943.037 INFO             PET2     MED-TO-ATM: Run intro.
20260802 000943.037 INFO             PET2     MED-TO-ATM: Run extro.
20260802 000943.038 INFO             PET2     ------>Advancing ATM from: 2010  6  1  0 30  0   0
20260802 000943.038 INFO             PET2     ---------------------> to: 2010  6  1  0 31 40   0
20260802 000943.039 INFO             PET2     OCN: detected import field at invalidTime
20260802 000943.039 INFO             PET2     OCN: detected import field at invalidTime
20260802 000943.039 INFO             PET2     ------>Advancing OCN from: 2010  6  1  0 30  0   0
20260802 000943.039 INFO             PET2     ---------------------> to: 2010  6  1  0 31 40   0
20260802 000943.040 INFO             PET2     esm: RunSequence event loopLevel=   2  levelMember=   2  loopIteration=   2, current time: 2010  6  1  0 31 40   0
20260802 000943.040 INFO             PET2     ------>Advancing MED from: 2010  6  1  0 31 40   0
20260802 000943.041 INFO             PET2     ---------------------> to: 2010  6  1  0 33 20   0
20260802 000943.041 INFO             PET2     MED-TO-ATM: Run intro.
20260802 000943.041 INFO             PET2     MED-TO-ATM: Run extro.
20260802 000943.042 INFO             PET2     ------>Advancing ATM from: 2010  6  1  0 31 40   0
20260802 000943.043 INFO             PET2     ---------------------> to: 2010  6  1  0 33 20   0
20260802 000943.043 INFO             PET2     ------>Advancing OCN from: 2010  6  1  0 31 40   0
20260802 000943.043 INFO             PET2     ---------------------> to: 2010  6  1  0 33 20   0
20260802 000943.044 INFO             PET2     esm: RunSequence event loopLevel=   2  levelMember=   2  loopIteration=   3, current time: 2010  6  1  0 33 20   0
20260802 000943.045 INFO             PET2     ------>Advancing MED from: 2010  6  1  0 33 20   0
20260802 000943.045 INFO             PET2     ---------------------> to: 2010  6  1  0 35  0   0
20260802 000943.045 INFO             PET2     MED-TO-ATM: Run intro.
20260802 000943.045 INFO             PET2     MED-TO-ATM: Run extro.
20260802 000943.047 INFO             PET2     ------>Advancing ATM from: 2010  6  1  0 33 20   0
20260802 000943.047 INFO             PET2     ---------------------> to: 2010  6  1  0 35  0   0
20260802 000943.047 INFO             PET2     ------>Advancing OCN from: 2010  6  1  0 33 20   0
20260802 000943.047 INFO             PET2     ---------------------> to: 2010  6  1  0 35  0   0
20260802 000943.048 INFO             PET2     esm: RunSequence event loopLevel=   2  levelMember=   2  loopIteration=   4, current time: 2010  6  1  0 35  0   0
20260802 000943.049 INFO             PET2     ------>Advancing MED from: 2010  6  1  0 35  0   0
20260802 000943.049 INFO             PET2     ---------------------> to: 2010  6  1  0 36 40   0
20260802 000943.049 INFO             PET2     MED-TO-ATM: Run intro.
20260802 000943.049 INFO             PET2     MED-TO-ATM: Run extro.
20260802 000943.051 INFO             PET2     ------>Advancing ATM from: 2010  6  1  0 35  0   0
20260802 000943.051 INFO             PET2     ---------------------> to: 2010  6  1  0 36 40   0
20260802 000943.051 INFO             PET2     ------>Advancing OCN from: 2010  6  1  0 35  0   0
20260802 000943.051 INFO             PET2     ---------------------> to: 2010  6  1  0 36 40   0
20260802 000943.052 INFO             PET2     esm: RunSequence event loopLevel=   2  levelMember=   2  loopIteration=   5, current time: 2010  6  1  0 36 40   0
20260802 000943.053 INFO             PET2     ------>Advancing MED from: 2010  6  1  0 36 40   0
20260802 000943.053 INFO             PET2     ---------------------> to: 2010  6  1  0 38 20   0
20260802 000943.053 INFO             PET2     MED-TO-ATM: Run intro.
20260802 000943.053 INFO             PET2     MED-TO-ATM: Run extro.
20260802 000943.055 INFO             PET2     ------>Advancing ATM from: 2010  6  1  0 36 40   0
20260802 000943.055 INFO             PET2     ---------------------> to: 2010  6  1  0 38 20   0
20260802 000943.055 INFO             PET2     ------>Advancing OCN from: 2010  6  1  0 36 40   0
20260802 000943.055 INFO             PET2     ---------------------> to: 2010  6  1  0 38 20   0
20260802 000943.056 INFO             PET2     esm: RunSequence event loopLevel=   2  levelMember=   2  loopIteration=   6, current time: 2010  6  1  0 38 20   0
20260802 000943.057 INFO             PET2     ------>Advancing MED from: 2010  6  1  0 38 20   0
20260802 000943.057 INFO             PET2     ---------------------> to: 2010  6  1  0 40  0   0
20260802 000943.057 INFO             PET2     MED-TO-ATM: Run intro.
20260802 000943.057 INFO             PET2     MED-TO-ATM: Run extro.
20260802 000943.059 INFO             PET2     ------>Advancing ATM from: 2010  6  1  0 38 20   0
20260802 000943.059 INFO             PET2     ---------------------> to: 2010  6  1  0 40  0   0
20260802 000943.059 INFO             PET2     ------>Advancing OCN from: 2010  6  1  0 38 20   0
20260802 000943.059 INFO             PET2     ---------------------> to: 2010  6  1  0 40  0   0
20260802 000943.060 INFO             PET2     esm: RunSequence event loopLevel=   2  levelMember=   2  loopIteration=   7, current time: 2010  6  1  0 40  0   0
20260802 000943.061 INFO             PET2     ------>Advancing MED from: 2010  6  1  0 40  0   0
20260802 000943.061 INFO             PET2     ---------------------> to: 2010  6  1  0 41 40   0
20260802 000943.061 INFO             PET2     MED-TO-ATM: Run intro.
20260802 000943.062 INFO             PET2     MED-TO-ATM: Run extro.
20260802 000943.063 INFO             PET2     ------>Advancing ATM from: 2010  6  1  0 40  0   0
20260802 000943.063 INFO             PET2     ---------------------> to: 2010  6  1  0 41 40   0
20260802 000943.063 INFO             PET2     ------>Advancing OCN from: 2010  6  1  0 40  0   0
20260802 000943.063 INFO             PET2     ---------------------> to: 2010  6  1  0 41 40   0
20260802 000943.065 INFO             PET2     esm: RunSequence event loopLevel=   2  levelMember=   2  loopIteration=   8, current time: 2010  6  1  0 41 40   0
20260802 000943.065 INFO             PET2     ------>Advancing MED from: 2010  6  1  0 41 40   0
20260802 000943.065 INFO             PET2     ---------------------> to: 2010  6  1  0 43 20   0
20260802 000943.065 INFO             PET2     MED-TO-ATM: Run intro.
20260802 000943.066 INFO             PET2     MED-TO-ATM: Run extro.
20260802 000943.067 INFO             PET2     ------>Advancing ATM from: 2010  6  1  0 41 40   0
20260802 000943.067 INFO             PET2     ---------------------> to: 2010  6  1  0 43 20   0
20260802 000943.067 INFO             PET2     ------>Advancing OCN from: 2010  6  1  0 41 40   0
20260802 000943.067 INFO             PET2     ---------------------> to: 2010  6  1  0 43 20   0
20260802 000943.069 INFO             PET2     esm: RunSequence event loopLevel=   2  levelMember=   2  loopIteration=   9, current time: 2010  6  1  0 43 20   0
20260802 000943.069 INFO             PET2     ------>Advancing MED from: 2010  6  1  0 43 20   0
20260802 000943.069 INFO             PET2     ---------------------> to: 2010  6  1  0 45  0   0
20260802 000943.069 INFO             PET2     MED-TO-ATM: Run intro.
20260802 000943.070 INFO             PET2     MED-TO-ATM: Run extro.
20260802 000943.071 INFO             PET2     ------>Advancing ATM from: 2010  6  1  0 43 20   0
20260802 000943.071 INFO             PET2     ---------------------> to: 2010  6  1  0 45  0   0
20260802 000943.071 INFO             PET2     ------>Advancing OCN from: 2010  6  1  0 43 20   0
20260802 000943.071 INFO             PET2     ---------------------> to: 2010  6  1  0 45  0   0
20260802 000943.073 INFO             PET2     esm: RunSequence event loopLevel=   1  levelMember=   1  loopIteration=   2, current time: 2010  6  1  0 15  0   0
20260802 000943.073 INFO             PET2   esm: end <--------- RunSequence
20260802 000943.073 INFO             PET2   <<<esm: leaving Run (phase=RunPhase1) with current time: 2010  6  1  0 30  0   0
20260802 000943.073 INFO             PET2 esm: Run extro.
20260802 000943.074 INFO             PET2 esm: Finalize intro.
20260802 000943.074 INFO             PET2   MED-TO-ATM: Finalize intro.
20260802 000943.075 INFO             PET2   MED-TO-ATM: Finalize extro.
20260802 000943.076 INFO             PET2 esm: Finalize extro.
20260802 000943.076 INFO             PET2 esmApp FINISHED
20260802 000943.076 INFO             PET2  Finalizing ESMF
20260802 000941.840 INFO             PET3 !!!!!!!!!!!!!!!!!!!!!!!!!!!!!!!!!!!!!!!!!!!!!!!!!!!!!!
20260802 000941.840 INFO             PET3 !!! THE ESMF_LOG IS SET TO OUTPUT ALL LOG MESSAGES !!!
20260802 000941.840 INFO             PET3 !!!     THIS MAY CAUSE SLOWDOWN IN PERFORMANCE     !!!
20260802 000941.840 INFO             PET3 !!! FOR PRODUCTION RUNS, USE:                      !!!
20260802 000941.840 INFO             PET3 !!!                   ESMF_LOGKIND_Multi_On_Error  !!!
20260802 000941.840 INFO             PET3 !!!!!!!!!!!!!!!!!!!!!!!!!!!!!!!!!!!!!!!!!!!!!!!!!!!!!!
20260802 000941.840 INFO             PET3 Running with ESMF Version   : develop+g02ff1b231d
20260802 000941.840 INFO             PET3 ESMF library build date/time: "Aug  1 2026" "22:26:04"
20260802 000941.840 INFO             PET3 ESMF library build location : /discover/nobackup/projects/gmao/SIteam/ESMF_Testing/intel_2021.13.0_intelmpi_g_develop/esmf
20260802 000941.840 INFO             PET3 ESMF_COMM                   : intelmpi
20260802 000941.841 INFO             PET3 ESMF_MOAB                   : enabled
20260802 000941.841 INFO             PET3 ESMF_LAPACK                 : enabled
20260802 000941.841 INFO             PET3 ESMF_NETCDF                 : enabled
20260802 000941.841 INFO             PET3 ESMF_PNETCDF                : disabled
20260802 000941.841 INFO             PET3 ESMF_PIO                    : enabled
20260802 000941.841 INFO             PET3 ESMF_YAMLCPP                : enabled
20260802 000941.841 INFO             PET3 esmApp STARTING
20260802 000941.940 INFO             PET3 Reading Attributes for Connector: MED-TO-OCN
20260802 000941.940 INFO             PET3 Reading Attributes for Connector: MED-TO-ATM
20260802 000941.942 INFO             PET3 Reading Attributes for Connector: OCN-TO-MED
20260802 000941.942 INFO             PET3 Reading Attributes for Connector: ATM-TO-MED
20260802 000941.944 INFO             PET3 esm: IInitAdvertise intro.
20260802 000941.944 INFO             PET3 esm: IInitAdvertise extro.
20260802 000941.959 INFO             PET3 MED-TO-ATM: InitializeIPDv05p1 intro.
20260802 000941.960 INFO             PET3 MED-TO-ATM: InitializeIPDv05p1 extro.
20260802 000941.961 INFO             PET3 esm: IInitAdvertiseFinish intro.
20260802 000941.961 INFO             PET3 esm: IInitAdvertiseFinish extro.
20260802 000941.963 INFO             PET3 MED-TO-ATM: InitializeIPDv05p2a intro.
20260802 000941.964 INFO             PET3   MED-TO-ATM:      importStandardNameList(i=  1): sea_surface_temperature
20260802 000941.964 INFO             PET3   MED-TO-ATM:         importNamespaceList(i=  1): MED:ATM
20260802 000941.964 INFO             PET3   MED-TO-ATM:            importCplSetList(i=  1): __UNSPECIFIED__
20260802 000941.964 INFO             PET3   MED-TO-ATM:      exportStandardNameList(j=  1): sea_surface_temperature
20260802 000941.964 INFO             PET3   MED-TO-ATM:         exportNamespaceList(j=  1): ATM
20260802 000941.964 INFO             PET3   MED-TO-ATM:            exportCplSetList(j=  1): __UNSPECIFIED__
20260802 000941.964 INFO             PET3   MED-TO-ATM: bondLevel= 2
20260802 000941.964 INFO             PET3   MED-TO-ATM: ProducerConnection (bondLevelMax):         2
20260802 000941.964 INFO             PET3 MED-TO-ATM: InitializeIPDv05p2a extro.
20260802 000941.966 INFO             PET3 MED-TO-ATM: InitializeIPDv05p2b intro.
20260802 000941.967 INFO             PET3   MED-TO-ATM:      importStandardNameList(i=  1): sea_surface_temperature
20260802 000941.967 INFO             PET3   MED-TO-ATM:         importNamespaceList(i=  1): MED:ATM
20260802 000941.967 INFO             PET3   MED-TO-ATM:            importCplSetList(i=  1): __UNSPECIFIED__
20260802 000941.967 INFO             PET3   MED-TO-ATM:      exportStandardNameList(j=  1): sea_surface_temperature
20260802 000941.967 INFO             PET3   MED-TO-ATM:         exportNamespaceList(j=  1): ATM
20260802 000941.967 INFO             PET3   MED-TO-ATM:            exportCplSetList(j=  1): __UNSPECIFIED__
20260802 000941.967 INFO             PET3   MED-TO-ATM: bondLevel= 2
20260802 000941.967 INFO             PET3 MED-TO-ATM: InitializeIPDv05p2b extro.
20260802 000941.969 INFO             PET3 esm: IInitModifyCplLists intro.
20260802 000941.970 INFO             PET3 esm: IInitModifyCplLists extro.
20260802 000941.973 INFO             PET3 MED-TO-ATM: InitializeIPDv05p3 intro.
20260802 000941.973 INFO             PET3   MED-TO-ATM: handle cplList(1): sea_surface_temperature, cplSetList(1): __UNSPECIFIED__
20260802 000941.973 INFO             PET3   MED-TO-ATM: - connected.
20260802 000941.973 INFO             PET3 MED-TO-ATM: InitializeIPDv05p3 extro.
20260802 000941.975 INFO             PET3 esm: InitializeIPDv02p3 intro.
20260802 000941.975 INFO             PET3   esm: IInitCheck intro.
20260802 000941.975 INFO             PET3   esm: IInitCheck extro.
20260802 000942.010 INFO             PET3   MED-TO-ATM: InitializeIPDv05p4 intro.
20260802 000942.011 INFO             PET3     MED-TO-ATM: handle cplList(1): sea_surface_temperature, cplSetList(1): __UNSPECIFIED__
20260802 000942.011 INFO             PET3     MED-TO-ATM: - nothing shared or transferred
20260802 000942.011 INFO             PET3   MED-TO-ATM: InitializeIPDv05p4 extro.
20260802 000942.014 INFO             PET3   MED-TO-ATM: InitializeIPDv05p5 intro.
20260802 000942.015 INFO             PET3     MED-TO-ATM: handle cplList(1): sea_surface_temperature, cplSetList(1): __UNSPECIFIED__
20260802 000942.015 INFO             PET3     MED-TO-ATM: - nothing shared or transferred, or may already be handled
20260802 000942.015 INFO             PET3   MED-TO-ATM: InitializeIPDv05p5 extro.
20260802 000942.017 INFO             PET3   esm: IInitRealize intro.
20260802 000942.017 INFO             PET3   esm: IInitRealize extro.
20260802 000942.018 INFO             PET3   MED-TO-ATM: InitializeIPDv05p6a intro.
20260802 000942.018 INFO             PET3   MED-TO-ATM: InitializeIPDv05p6a extro.
20260802 000942.340 INFO             PET3   MED-TO-ATM: InitializeIPDv05p6b intro.
20260802 000942.341 INFO             PET3     MED-TO-ATM: handle cplList(1): sea_surface_temperature, cplSetList(1): __UNSPECIFIED__
20260802 000942.341 INFO             PET3     MED-TO-ATM: - no Field sharing between import and export side: remap.
20260802 000942.342 DEBUG            PET3     ESMF_FieldBundleRegridStorePair(): srcField: sst dimCount= 2 rank= 2
20260802 000942.342 DEBUG            PET3     ESMF_FieldBundleRegridStorePair(): dstField: sst dimCount= 2 rank= 2
20260802 000942.342 DEBUG            PET3     ESMF_FieldBundleRegridStorePair(): Inside 'rhReuse' branch!
20260802 000942.342 DEBUG            PET3     ESMF_FieldBundleRegridStorePair(): srcGeomtype==ESMF_GEOMTYPE_GRID dimCount= 2
20260802 000942.342 DEBUG            PET3     ESMF_FieldBundleRegridStorePair(): dstGeomtype==ESMF_GEOMTYPE_GRID dimCount= 2
20260802 000942.342 DEBUG            PET3     ESMF_FieldBundleRegridStorePair(): no rhListMatch -> pre-compute new remapping!
20260802 000942.342 DEBUG            PET3     ESMF_FieldBundleRegridStorePair(): must precompute full regridding!
20260802 000942.373 INFO             PET3     MED-TO-ATM: called default label_ComputeRouteHandle
20260802 000942.373 INFO             PET3      DetermineSrcDstOverlap: sst, srcLocalPet=           3
20260802 000942.373 INFO             PET3      DetermineSrcDstOverlap: sst, dstLocalPet=           3
20260802 000942.373 INFO             PET3      DetermineSrcDstOverlap: srcDstOverlap= T
20260802 000942.373 INFO             PET3      BuildUpdatePackets: sst, srcLocalPet=           3
20260802 000942.373 INFO             PET3      BuildUpdatePackets: sst, dstLocalPet=           3
20260802 000942.373 INFO             PET3      creating new UpdatePacket for srcPetCount=           4  dstPetCount=           4
20260802 000942.373 INFO             PET3      upE%sendToPets list of size 1 :
20260802 000942.373 INFO             PET3           3
20260802 000942.373 INFO             PET3      upE%recvFromPet=           3
20260802 000942.373 INFO             PET3      after field add, now upE%fieldCount=           1
20260802 000942.373 INFO             PET3      BuildUpdatePackets: final UpdatePacket count=           1
20260802 000942.373 INFO             PET3   MED-TO-ATM: InitializeIPDv05p6b extro.
20260802 000942.954 INFO             PET3 esm: InitializeIPDv02p3 extro.
20260802 000942.954 INFO             PET3 esm: InitializeIPDv02p5 intro.
20260802 000942.955 INFO             PET3   esm: InitializeIPDv02p5Data intro.
20260802 000942.955 INFO             PET3     esm: InternalInitializeComplete intro.
20260802 000942.955 INFO             PET3     esm: InternalInitializeComplete extro.
20260802 000942.959 INFO             PET3     esm: loopDataDependentInitialize intro.
20260802 000942.959 INFO             PET3     esm: loopDataDependentInitialize extro.
20260802 000942.959 INFO             PET3   esm: InitializeIPDv02p5Data extro.
20260802 000942.959 INFO             PET3 esm: InitializeIPDv02p5 extro.
20260802 000942.959 INFO             PET3 esm: Run intro.
20260802 000942.959 INFO             PET3   >>>esm: entered Run (phase=RunPhase1) with current time: 2010  6  1  0  0  0   0
20260802 000942.960 INFO             PET3   esm: after lable_SetRunClock, current time: 2010  6  1  0  0  0   0
20260802 000942.960 INFO             PET3   esm: begin -------> RunSequence.
20260802 000942.960 INFO             PET3     esm: RunSequence event loopLevel=   2  levelMember=   1  loopIteration=   1, current time: 2010  6  1  0  0  0   0
20260802 000942.960 INFO             PET3     ------>Advancing MED from: 2010  6  1  0  0  0   0
20260802 000942.960 INFO             PET3     ---------------------> to: 2010  6  1  0  1 40   0
20260802 000942.962 INFO             PET3     MED-TO-ATM: Run intro.
20260802 000942.963 INFO             PET3     MED-TO-ATM: Run extro.
20260802 000942.963 INFO             PET3     ------>Advancing ATM from: 2010  6  1  0  0  0   0
20260802 000942.963 INFO             PET3     ---------------------> to: 2010  6  1  0  1 40   0
20260802 000942.964 INFO             PET3     ------>Advancing OCN from: 2010  6  1  0  0  0   0
20260802 000942.964 INFO             PET3     ---------------------> to: 2010  6  1  0  1 40   0
20260802 000942.965 INFO             PET3     esm: RunSequence event loopLevel=   2  levelMember=   1  loopIteration=   2, current time: 2010  6  1  0  1 40   0
20260802 000942.965 INFO             PET3     ------>Advancing MED from: 2010  6  1  0  1 40   0
20260802 000942.965 INFO             PET3     ---------------------> to: 2010  6  1  0  3 20   0
20260802 000942.966 INFO             PET3     MED-TO-ATM: Run intro.
20260802 000942.967 INFO             PET3     MED-TO-ATM: Run extro.
20260802 000942.967 INFO             PET3     ------>Advancing ATM from: 2010  6  1  0  1 40   0
20260802 000942.967 INFO             PET3     ---------------------> to: 2010  6  1  0  3 20   0
20260802 000942.968 INFO             PET3     ------>Advancing OCN from: 2010  6  1  0  1 40   0
20260802 000942.968 INFO             PET3     ---------------------> to: 2010  6  1  0  3 20   0
20260802 000942.969 INFO             PET3     esm: RunSequence event loopLevel=   1  levelMember=   1  loopIteration=   1, current time: 2010  6  1  0  0  0   0
20260802 000942.969 INFO             PET3     MED-TO-ATM: Run intro.
20260802 000942.969 INFO             PET3     MED-TO-ATM: Run extro.
20260802 000942.970 INFO             PET3     esm: RunSequence event loopLevel=   2  levelMember=   2  loopIteration=   1, current time: 2010  6  1  0  3 20   0
20260802 000942.970 INFO             PET3     ------>Advancing MED from: 2010  6  1  0  3 20   0
20260802 000942.970 INFO             PET3     ---------------------> to: 2010  6  1  0  5  0   0
20260802 000942.970 INFO             PET3     MED-TO-ATM: Run intro.
20260802 000942.971 INFO             PET3     MED-TO-ATM: Run extro.
20260802 000942.972 INFO             PET3     ------>Advancing ATM from: 2010  6  1  0  3 20   0
20260802 000942.972 INFO             PET3     ---------------------> to: 2010  6  1  0  5  0   0
20260802 000942.972 INFO             PET3     ------>Advancing OCN from: 2010  6  1  0  3 20   0
20260802 000942.972 INFO             PET3     ---------------------> to: 2010  6  1  0  5  0   0
20260802 000942.974 INFO             PET3     esm: RunSequence event loopLevel=   2  levelMember=   2  loopIteration=   2, current time: 2010  6  1  0  5  0   0
20260802 000942.974 INFO             PET3     ------>Advancing MED from: 2010  6  1  0  5  0   0
20260802 000942.974 INFO             PET3     ---------------------> to: 2010  6  1  0  6 40   0
20260802 000942.975 INFO             PET3     MED-TO-ATM: Run intro.
20260802 000942.975 INFO             PET3     MED-TO-ATM: Run extro.
20260802 000942.976 INFO             PET3     ------>Advancing ATM from: 2010  6  1  0  5  0   0
20260802 000942.976 INFO             PET3     ---------------------> to: 2010  6  1  0  6 40   0
20260802 000942.977 INFO             PET3     ------>Advancing OCN from: 2010  6  1  0  5  0   0
20260802 000942.977 INFO             PET3     ---------------------> to: 2010  6  1  0  6 40   0
20260802 000942.978 INFO             PET3     esm: RunSequence event loopLevel=   2  levelMember=   2  loopIteration=   3, current time: 2010  6  1  0  6 40   0
20260802 000942.978 INFO             PET3     ------>Advancing MED from: 2010  6  1  0  6 40   0
20260802 000942.978 INFO             PET3     ---------------------> to: 2010  6  1  0  8 20   0
20260802 000942.978 INFO             PET3     MED-TO-ATM: Run intro.
20260802 000942.979 INFO             PET3     MED-TO-ATM: Run extro.
20260802 000942.980 INFO             PET3     ------>Advancing ATM from: 2010  6  1  0  6 40   0
20260802 000942.980 INFO             PET3     ---------------------> to: 2010  6  1  0  8 20   0
20260802 000942.981 INFO             PET3     ------>Advancing OCN from: 2010  6  1  0  6 40   0
20260802 000942.981 INFO             PET3     ---------------------> to: 2010  6  1  0  8 20   0
20260802 000942.982 INFO             PET3     esm: RunSequence event loopLevel=   2  levelMember=   2  loopIteration=   4, current time: 2010  6  1  0  8 20   0
20260802 000942.982 INFO             PET3     ------>Advancing MED from: 2010  6  1  0  8 20   0
20260802 000942.982 INFO             PET3     ---------------------> to: 2010  6  1  0 10  0   0
20260802 000942.983 INFO             PET3     MED-TO-ATM: Run intro.
20260802 000942.983 INFO             PET3     MED-TO-ATM: Run extro.
20260802 000942.984 INFO             PET3     ------>Advancing ATM from: 2010  6  1  0  8 20   0
20260802 000942.984 INFO             PET3     ---------------------> to: 2010  6  1  0 10  0   0
20260802 000942.985 INFO             PET3     ------>Advancing OCN from: 2010  6  1  0  8 20   0
20260802 000942.985 INFO             PET3     ---------------------> to: 2010  6  1  0 10  0   0
20260802 000942.986 INFO             PET3     esm: RunSequence event loopLevel=   2  levelMember=   2  loopIteration=   5, current time: 2010  6  1  0 10  0   0
20260802 000942.986 INFO             PET3     ------>Advancing MED from: 2010  6  1  0 10  0   0
20260802 000942.986 INFO             PET3     ---------------------> to: 2010  6  1  0 11 40   0
20260802 000942.987 INFO             PET3     MED-TO-ATM: Run intro.
20260802 000942.987 INFO             PET3     MED-TO-ATM: Run extro.
20260802 000942.988 INFO             PET3     ------>Advancing ATM from: 2010  6  1  0 10  0   0
20260802 000942.988 INFO             PET3     ---------------------> to: 2010  6  1  0 11 40   0
20260802 000942.989 INFO             PET3     ------>Advancing OCN from: 2010  6  1  0 10  0   0
20260802 000942.989 INFO             PET3     ---------------------> to: 2010  6  1  0 11 40   0
20260802 000942.990 INFO             PET3     esm: RunSequence event loopLevel=   2  levelMember=   2  loopIteration=   6, current time: 2010  6  1  0 11 40   0
20260802 000942.990 INFO             PET3     ------>Advancing MED from: 2010  6  1  0 11 40   0
20260802 000942.990 INFO             PET3     ---------------------> to: 2010  6  1  0 13 20   0
20260802 000942.991 INFO             PET3     MED-TO-ATM: Run intro.
20260802 000942.991 INFO             PET3     MED-TO-ATM: Run extro.
20260802 000942.992 INFO             PET3     ------>Advancing ATM from: 2010  6  1  0 11 40   0
20260802 000942.992 INFO             PET3     ---------------------> to: 2010  6  1  0 13 20   0
20260802 000942.993 INFO             PET3     ------>Advancing OCN from: 2010  6  1  0 11 40   0
20260802 000942.993 INFO             PET3     ---------------------> to: 2010  6  1  0 13 20   0
20260802 000942.994 INFO             PET3     esm: RunSequence event loopLevel=   2  levelMember=   2  loopIteration=   7, current time: 2010  6  1  0 13 20   0
20260802 000942.994 INFO             PET3     ------>Advancing MED from: 2010  6  1  0 13 20   0
20260802 000942.994 INFO             PET3     ---------------------> to: 2010  6  1  0 15  0   0
20260802 000942.995 INFO             PET3     MED-TO-ATM: Run intro.
20260802 000942.995 INFO             PET3     MED-TO-ATM: Run extro.
20260802 000942.996 INFO             PET3     ------>Advancing ATM from: 2010  6  1  0 13 20   0
20260802 000942.996 INFO             PET3     ---------------------> to: 2010  6  1  0 15  0   0
20260802 000942.997 INFO             PET3     ------>Advancing OCN from: 2010  6  1  0 13 20   0
20260802 000942.997 INFO             PET3     ---------------------> to: 2010  6  1  0 15  0   0
20260802 000942.998 INFO             PET3     esm: RunSequence event loopLevel=   1  levelMember=   1  loopIteration=   1, current time: 2010  6  1  0  0  0   0
20260802 000942.999 INFO             PET3     esm: RunSequence event loopLevel=   1  levelMember=   1  loopIteration=   2, current time: 2010  6  1  0 15  0   0
20260802 000942.999 INFO             PET3     esm: RunSequence event loopLevel=   2  levelMember=   1  loopIteration=   1, current time: 2010  6  1  0 15  0   0
20260802 000942.999 INFO             PET3     ------>Advancing MED from: 2010  6  1  0 15  0   0
20260802 000942.999 INFO             PET3     ---------------------> to: 2010  6  1  0 16 40   0
20260802 000943.000 INFO             PET3     MED-TO-ATM: Run intro.
20260802 000943.001 INFO             PET3     MED-TO-ATM: Run extro.
20260802 000943.001 INFO             PET3     ------>Advancing ATM from: 2010  6  1  0 15  0   0
20260802 000943.001 INFO             PET3     ---------------------> to: 2010  6  1  0 16 40   0
20260802 000943.002 INFO             PET3     ------>Advancing OCN from: 2010  6  1  0 15  0   0
20260802 000943.002 INFO             PET3     ---------------------> to: 2010  6  1  0 16 40   0
20260802 000943.003 INFO             PET3     esm: RunSequence event loopLevel=   2  levelMember=   1  loopIteration=   2, current time: 2010  6  1  0 16 40   0
20260802 000943.003 INFO             PET3     ------>Advancing MED from: 2010  6  1  0 16 40   0
20260802 000943.003 INFO             PET3     ---------------------> to: 2010  6  1  0 18 20   0
20260802 000943.004 INFO             PET3     MED-TO-ATM: Run intro.
20260802 000943.005 INFO             PET3     MED-TO-ATM: Run extro.
20260802 000943.005 INFO             PET3     ------>Advancing ATM from: 2010  6  1  0 16 40   0
20260802 000943.005 INFO             PET3     ---------------------> to: 2010  6  1  0 18 20   0
20260802 000943.006 INFO             PET3     ------>Advancing OCN from: 2010  6  1  0 16 40   0
20260802 000943.006 INFO             PET3     ---------------------> to: 2010  6  1  0 18 20   0
20260802 000943.007 INFO             PET3     esm: RunSequence event loopLevel=   2  levelMember=   1  loopIteration=   3, current time: 2010  6  1  0 18 20   0
20260802 000943.007 INFO             PET3     ------>Advancing MED from: 2010  6  1  0 18 20   0
20260802 000943.007 INFO             PET3     ---------------------> to: 2010  6  1  0 20  0   0
20260802 000943.008 INFO             PET3     MED-TO-ATM: Run intro.
20260802 000943.009 INFO             PET3     MED-TO-ATM: Run extro.
20260802 000943.009 INFO             PET3     ------>Advancing ATM from: 2010  6  1  0 18 20   0
20260802 000943.009 INFO             PET3     ---------------------> to: 2010  6  1  0 20  0   0
20260802 000943.010 INFO             PET3     ------>Advancing OCN from: 2010  6  1  0 18 20   0
20260802 000943.010 INFO             PET3     ---------------------> to: 2010  6  1  0 20  0   0
20260802 000943.011 INFO             PET3     esm: RunSequence event loopLevel=   2  levelMember=   1  loopIteration=   4, current time: 2010  6  1  0 20  0   0
20260802 000943.011 INFO             PET3     ------>Advancing MED from: 2010  6  1  0 20  0   0
20260802 000943.011 INFO             PET3     ---------------------> to: 2010  6  1  0 21 40   0
20260802 000943.013 INFO             PET3     MED-TO-ATM: Run intro.
20260802 000943.013 INFO             PET3     MED-TO-ATM: Run extro.
20260802 000943.013 INFO             PET3     ------>Advancing ATM from: 2010  6  1  0 20  0   0
20260802 000943.013 INFO             PET3     ---------------------> to: 2010  6  1  0 21 40   0
20260802 000943.014 INFO             PET3     ------>Advancing OCN from: 2010  6  1  0 20  0   0
20260802 000943.014 INFO             PET3     ---------------------> to: 2010  6  1  0 21 40   0
20260802 000943.015 INFO             PET3     esm: RunSequence event loopLevel=   2  levelMember=   1  loopIteration=   5, current time: 2010  6  1  0 21 40   0
20260802 000943.016 INFO             PET3     ------>Advancing MED from: 2010  6  1  0 21 40   0
20260802 000943.016 INFO             PET3     ---------------------> to: 2010  6  1  0 23 20   0
20260802 000943.017 INFO             PET3     MED-TO-ATM: Run intro.
20260802 000943.017 INFO             PET3     MED-TO-ATM: Run extro.
20260802 000943.017 INFO             PET3     ------>Advancing ATM from: 2010  6  1  0 21 40   0
20260802 000943.017 INFO             PET3     ---------------------> to: 2010  6  1  0 23 20   0
20260802 000943.018 INFO             PET3     ------>Advancing OCN from: 2010  6  1  0 21 40   0
20260802 000943.018 INFO             PET3     ---------------------> to: 2010  6  1  0 23 20   0
20260802 000943.019 INFO             PET3     esm: RunSequence event loopLevel=   2  levelMember=   1  loopIteration=   6, current time: 2010  6  1  0 23 20   0
20260802 000943.019 INFO             PET3     ------>Advancing MED from: 2010  6  1  0 23 20   0
20260802 000943.020 INFO             PET3     ---------------------> to: 2010  6  1  0 25  0   0
20260802 000943.021 INFO             PET3     MED-TO-ATM: Run intro.
20260802 000943.021 INFO             PET3     MED-TO-ATM: Run extro.
20260802 000943.021 INFO             PET3     ------>Advancing ATM from: 2010  6  1  0 23 20   0
20260802 000943.021 INFO             PET3     ---------------------> to: 2010  6  1  0 25  0   0
20260802 000943.022 INFO             PET3     ------>Advancing OCN from: 2010  6  1  0 23 20   0
20260802 000943.022 INFO             PET3     ---------------------> to: 2010  6  1  0 25  0   0
20260802 000943.023 INFO             PET3     esm: RunSequence event loopLevel=   2  levelMember=   1  loopIteration=   7, current time: 2010  6  1  0 25  0   0
20260802 000943.023 INFO             PET3     ------>Advancing MED from: 2010  6  1  0 25  0   0
20260802 000943.023 INFO             PET3     ---------------------> to: 2010  6  1  0 26 40   0
20260802 000943.025 INFO             PET3     MED-TO-ATM: Run intro.
20260802 000943.025 INFO             PET3     MED-TO-ATM: Run extro.
20260802 000943.025 INFO             PET3     ------>Advancing ATM from: 2010  6  1  0 25  0   0
20260802 000943.025 INFO             PET3     ---------------------> to: 2010  6  1  0 26 40   0
20260802 000943.026 INFO             PET3     ------>Advancing OCN from: 2010  6  1  0 25  0   0
20260802 000943.026 INFO             PET3     ---------------------> to: 2010  6  1  0 26 40   0
20260802 000943.027 INFO             PET3     esm: RunSequence event loopLevel=   2  levelMember=   1  loopIteration=   8, current time: 2010  6  1  0 26 40   0
20260802 000943.028 INFO             PET3     ------>Advancing MED from: 2010  6  1  0 26 40   0
20260802 000943.028 INFO             PET3     ---------------------> to: 2010  6  1  0 28 20   0
20260802 000943.029 INFO             PET3     MED-TO-ATM: Run intro.
20260802 000943.029 INFO             PET3     MED-TO-ATM: Run extro.
20260802 000943.030 INFO             PET3     ------>Advancing ATM from: 2010  6  1  0 26 40   0
20260802 000943.030 INFO             PET3     ---------------------> to: 2010  6  1  0 28 20   0
20260802 000943.030 INFO             PET3     ------>Advancing OCN from: 2010  6  1  0 26 40   0
20260802 000943.030 INFO             PET3     ---------------------> to: 2010  6  1  0 28 20   0
20260802 000943.031 INFO             PET3     esm: RunSequence event loopLevel=   2  levelMember=   1  loopIteration=   9, current time: 2010  6  1  0 28 20   0
20260802 000943.032 INFO             PET3     ------>Advancing MED from: 2010  6  1  0 28 20   0
20260802 000943.032 INFO             PET3     ---------------------> to: 2010  6  1  0 30  0   0
20260802 000943.033 INFO             PET3     MED-TO-ATM: Run intro.
20260802 000943.033 INFO             PET3     MED-TO-ATM: Run extro.
20260802 000943.034 INFO             PET3     ------>Advancing ATM from: 2010  6  1  0 28 20   0
20260802 000943.034 INFO             PET3     ---------------------> to: 2010  6  1  0 30  0   0
20260802 000943.034 INFO             PET3     ------>Advancing OCN from: 2010  6  1  0 28 20   0
20260802 000943.034 INFO             PET3     ---------------------> to: 2010  6  1  0 30  0   0
20260802 000943.035 INFO             PET3     esm: RunSequence event loopLevel=   1  levelMember=   1  loopIteration=   2, current time: 2010  6  1  0 15  0   0
20260802 000943.036 INFO             PET3     MED-TO-ATM: Run intro.
20260802 000943.036 INFO             PET3     MED-TO-ATM: Run extro.
20260802 000943.036 INFO             PET3     esm: RunSequence event loopLevel=   2  levelMember=   2  loopIteration=   1, current time: 2010  6  1  0 30  0   0
20260802 000943.036 INFO             PET3     ------>Advancing MED from: 2010  6  1  0 30  0   0
20260802 000943.036 INFO             PET3     ---------------------> to: 2010  6  1  0 31 40   0
20260802 000943.037 INFO             PET3     MED-TO-ATM: Run intro.
20260802 000943.037 INFO             PET3     MED-TO-ATM: Run extro.
20260802 000943.038 INFO             PET3     ------>Advancing ATM from: 2010  6  1  0 30  0   0
20260802 000943.038 INFO             PET3     ---------------------> to: 2010  6  1  0 31 40   0
20260802 000943.039 INFO             PET3     OCN: detected import field at invalidTime
20260802 000943.039 INFO             PET3     OCN: detected import field at invalidTime
20260802 000943.039 INFO             PET3     ------>Advancing OCN from: 2010  6  1  0 30  0   0
20260802 000943.039 INFO             PET3     ---------------------> to: 2010  6  1  0 31 40   0
20260802 000943.040 INFO             PET3     esm: RunSequence event loopLevel=   2  levelMember=   2  loopIteration=   2, current time: 2010  6  1  0 31 40   0
20260802 000943.040 INFO             PET3     ------>Advancing MED from: 2010  6  1  0 31 40   0
20260802 000943.041 INFO             PET3     ---------------------> to: 2010  6  1  0 33 20   0
20260802 000943.041 INFO             PET3     MED-TO-ATM: Run intro.
20260802 000943.041 INFO             PET3     MED-TO-ATM: Run extro.
20260802 000943.042 INFO             PET3     ------>Advancing ATM from: 2010  6  1  0 31 40   0
20260802 000943.042 INFO             PET3     ---------------------> to: 2010  6  1  0 33 20   0
20260802 000943.043 INFO             PET3     ------>Advancing OCN from: 2010  6  1  0 31 40   0
20260802 000943.043 INFO             PET3     ---------------------> to: 2010  6  1  0 33 20   0
20260802 000943.044 INFO             PET3     esm: RunSequence event loopLevel=   2  levelMember=   2  loopIteration=   3, current time: 2010  6  1  0 33 20   0
20260802 000943.045 INFO             PET3     ------>Advancing MED from: 2010  6  1  0 33 20   0
20260802 000943.045 INFO             PET3     ---------------------> to: 2010  6  1  0 35  0   0
20260802 000943.045 INFO             PET3     MED-TO-ATM: Run intro.
20260802 000943.045 INFO             PET3     MED-TO-ATM: Run extro.
20260802 000943.047 INFO             PET3     ------>Advancing ATM from: 2010  6  1  0 33 20   0
20260802 000943.047 INFO             PET3     ---------------------> to: 2010  6  1  0 35  0   0
20260802 000943.047 INFO             PET3     ------>Advancing OCN from: 2010  6  1  0 33 20   0
20260802 000943.047 INFO             PET3     ---------------------> to: 2010  6  1  0 35  0   0
20260802 000943.048 INFO             PET3     esm: RunSequence event loopLevel=   2  levelMember=   2  loopIteration=   4, current time: 2010  6  1  0 35  0   0
20260802 000943.049 INFO             PET3     ------>Advancing MED from: 2010  6  1  0 35  0   0
20260802 000943.049 INFO             PET3     ---------------------> to: 2010  6  1  0 36 40   0
20260802 000943.049 INFO             PET3     MED-TO-ATM: Run intro.
20260802 000943.049 INFO             PET3     MED-TO-ATM: Run extro.
20260802 000943.051 INFO             PET3     ------>Advancing ATM from: 2010  6  1  0 35  0   0
20260802 000943.051 INFO             PET3     ---------------------> to: 2010  6  1  0 36 40   0
20260802 000943.051 INFO             PET3     ------>Advancing OCN from: 2010  6  1  0 35  0   0
20260802 000943.051 INFO             PET3     ---------------------> to: 2010  6  1  0 36 40   0
20260802 000943.052 INFO             PET3     esm: RunSequence event loopLevel=   2  levelMember=   2  loopIteration=   5, current time: 2010  6  1  0 36 40   0
20260802 000943.053 INFO             PET3     ------>Advancing MED from: 2010  6  1  0 36 40   0
20260802 000943.053 INFO             PET3     ---------------------> to: 2010  6  1  0 38 20   0
20260802 000943.053 INFO             PET3     MED-TO-ATM: Run intro.
20260802 000943.053 INFO             PET3     MED-TO-ATM: Run extro.
20260802 000943.055 INFO             PET3     ------>Advancing ATM from: 2010  6  1  0 36 40   0
20260802 000943.055 INFO             PET3     ---------------------> to: 2010  6  1  0 38 20   0
20260802 000943.055 INFO             PET3     ------>Advancing OCN from: 2010  6  1  0 36 40   0
20260802 000943.055 INFO             PET3     ---------------------> to: 2010  6  1  0 38 20   0
20260802 000943.056 INFO             PET3     esm: RunSequence event loopLevel=   2  levelMember=   2  loopIteration=   6, current time: 2010  6  1  0 38 20   0
20260802 000943.057 INFO             PET3     ------>Advancing MED from: 2010  6  1  0 38 20   0
20260802 000943.057 INFO             PET3     ---------------------> to: 2010  6  1  0 40  0   0
20260802 000943.057 INFO             PET3     MED-TO-ATM: Run intro.
20260802 000943.057 INFO             PET3     MED-TO-ATM: Run extro.
20260802 000943.059 INFO             PET3     ------>Advancing ATM from: 2010  6  1  0 38 20   0
20260802 000943.059 INFO             PET3     ---------------------> to: 2010  6  1  0 40  0   0
20260802 000943.059 INFO             PET3     ------>Advancing OCN from: 2010  6  1  0 38 20   0
20260802 000943.059 INFO             PET3     ---------------------> to: 2010  6  1  0 40  0   0
20260802 000943.060 INFO             PET3     esm: RunSequence event loopLevel=   2  levelMember=   2  loopIteration=   7, current time: 2010  6  1  0 40  0   0
20260802 000943.061 INFO             PET3     ------>Advancing MED from: 2010  6  1  0 40  0   0
20260802 000943.061 INFO             PET3     ---------------------> to: 2010  6  1  0 41 40   0
20260802 000943.061 INFO             PET3     MED-TO-ATM: Run intro.
20260802 000943.062 INFO             PET3     MED-TO-ATM: Run extro.
20260802 000943.063 INFO             PET3     ------>Advancing ATM from: 2010  6  1  0 40  0   0
20260802 000943.063 INFO             PET3     ---------------------> to: 2010  6  1  0 41 40   0
20260802 000943.063 INFO             PET3     ------>Advancing OCN from: 2010  6  1  0 40  0   0
20260802 000943.063 INFO             PET3     ---------------------> to: 2010  6  1  0 41 40   0
20260802 000943.065 INFO             PET3     esm: RunSequence event loopLevel=   2  levelMember=   2  loopIteration=   8, current time: 2010  6  1  0 41 40   0
20260802 000943.065 INFO             PET3     ------>Advancing MED from: 2010  6  1  0 41 40   0
20260802 000943.065 INFO             PET3     ---------------------> to: 2010  6  1  0 43 20   0
20260802 000943.065 INFO             PET3     MED-TO-ATM: Run intro.
20260802 000943.066 INFO             PET3     MED-TO-ATM: Run extro.
20260802 000943.067 INFO             PET3     ------>Advancing ATM from: 2010  6  1  0 41 40   0
20260802 000943.067 INFO             PET3     ---------------------> to: 2010  6  1  0 43 20   0
20260802 000943.067 INFO             PET3     ------>Advancing OCN from: 2010  6  1  0 41 40   0
20260802 000943.067 INFO             PET3     ---------------------> to: 2010  6  1  0 43 20   0
20260802 000943.069 INFO             PET3     esm: RunSequence event loopLevel=   2  levelMember=   2  loopIteration=   9, current time: 2010  6  1  0 43 20   0
20260802 000943.069 INFO             PET3     ------>Advancing MED from: 2010  6  1  0 43 20   0
20260802 000943.069 INFO             PET3     ---------------------> to: 2010  6  1  0 45  0   0
20260802 000943.069 INFO             PET3     MED-TO-ATM: Run intro.
20260802 000943.070 INFO             PET3     MED-TO-ATM: Run extro.
20260802 000943.071 INFO             PET3     ------>Advancing ATM from: 2010  6  1  0 43 20   0
20260802 000943.071 INFO             PET3     ---------------------> to: 2010  6  1  0 45  0   0
20260802 000943.071 INFO             PET3     ------>Advancing OCN from: 2010  6  1  0 43 20   0
20260802 000943.071 INFO             PET3     ---------------------> to: 2010  6  1  0 45  0   0
20260802 000943.073 INFO             PET3     esm: RunSequence event loopLevel=   1  levelMember=   1  loopIteration=   2, current time: 2010  6  1  0 15  0   0
20260802 000943.073 INFO             PET3   esm: end <--------- RunSequence
20260802 000943.073 INFO             PET3   <<<esm: leaving Run (phase=RunPhase1) with current time: 2010  6  1  0 30  0   0
20260802 000943.073 INFO             PET3 esm: Run extro.
20260802 000943.074 INFO             PET3 esm: Finalize intro.
20260802 000943.074 INFO             PET3   MED-TO-ATM: Finalize intro.
20260802 000943.075 INFO             PET3   MED-TO-ATM: Finalize extro.
20260802 000943.076 INFO             PET3 esm: Finalize extro.
20260802 000943.076 INFO             PET3 esmApp FINISHED
20260802 000943.076 INFO             PET3  Finalizing ESMF
