2026-07-02 21:30:30
20260702 223235.375 INFO             PET0 !!!!!!!!!!!!!!!!!!!!!!!!!!!!!!!!!!!!!!!!!!!!!!!!!!!!!!
20260702 223235.375 INFO             PET0 !!! THE ESMF_LOG IS SET TO OUTPUT ALL LOG MESSAGES !!!
20260702 223235.375 INFO             PET0 !!!     THIS MAY CAUSE SLOWDOWN IN PERFORMANCE     !!!
20260702 223235.375 INFO             PET0 !!! FOR PRODUCTION RUNS, USE:                      !!!
20260702 223235.375 INFO             PET0 !!!                   ESMF_LOGKIND_Multi_On_Error  !!!
20260702 223235.375 INFO             PET0 !!!!!!!!!!!!!!!!!!!!!!!!!!!!!!!!!!!!!!!!!!!!!!!!!!!!!!
20260702 223235.375 INFO             PET0 Running with ESMF Version   : feature/intel-update+gf55a8a3a41
20260702 223235.375 INFO             PET0 ESMF library build date/time: "Jul  2 2026" "21:27:39"
20260702 223235.375 INFO             PET0 ESMF library build location : /scratch3/NCEPDEV/stmp/Gerhard.Theurich/ESMF-Nightly-Testing-Hera/intel_2023.2.0_intelmpi_g_feature_intel-update/esmf
20260702 223235.375 INFO             PET0 ESMF_COMM                   : intelmpi
20260702 223235.376 INFO             PET0 ESMF_MOAB                   : enabled
20260702 223235.376 INFO             PET0 ESMF_LAPACK                 : enabled
20260702 223235.376 INFO             PET0 ESMF_NETCDF                 : enabled
20260702 223235.376 INFO             PET0 ESMF_PNETCDF                : disabled
20260702 223235.376 INFO             PET0 ESMF_PIO                    : enabled
20260702 223235.376 INFO             PET0 ESMF_YAMLCPP                : enabled
20260702 223235.377 INFO             PET0 esmApp STARTING
20260702 223235.397 INFO             PET0 esm: InitializeGeneric intro.
20260702 223235.397 INFO             PET0   esm: InitializeGeneric intro {IS}:--- StateLog() start -----------------
20260702 223235.397 INFO             PET0   esm: InitializeGeneric intro {IS}:State object is invalid! Not created or deleted!
20260702 223235.397 INFO             PET0   esm: InitializeGeneric intro {IS}:--- StateLog() end -------------------
20260702 223235.397 INFO             PET0   esm: InitializeGeneric intro {ES}:--- StateLog() start -----------------
20260702 223235.397 INFO             PET0   esm: InitializeGeneric intro {ES}:State object is invalid! Not created or deleted!
20260702 223235.397 INFO             PET0   esm: InitializeGeneric intro {ES}:--- StateLog() end -------------------
20260702 223235.397 INFO             PET0   >>>esm: entered Initialize (phase=<none>) without valid internal Clock.
20260702 223235.397 INFO             PET0   esm: InitializeP0 intro.
20260702 223235.397 INFO             PET0     esm: InitializeP0 intro {IS}:--- StateLog() start -----------------
20260702 223235.397 INFO             PET0     esm: InitializeP0 intro {IS}:State object is invalid! Not created or deleted!
20260702 223235.397 INFO             PET0     esm: InitializeP0 intro {IS}:--- StateLog() end -------------------
20260702 223235.397 INFO             PET0     esm: InitializeP0 intro {ES}:--- StateLog() start -----------------
20260702 223235.397 INFO             PET0     esm: InitializeP0 intro {ES}:State object is invalid! Not created or deleted!
20260702 223235.397 INFO             PET0     esm: InitializeP0 intro {ES}:--- StateLog() end -------------------
20260702 223235.398 INFO             PET0     >>>esm: entered Initialize (phase=<none>) without valid internal Clock.
20260702 223235.398 INFO             PET0     <<<esm: leaving Initialize (phase=<none>) without valid internal Clock.
20260702 223235.398 INFO             PET0     esm: InitializeP0 extro {IS}:--- StateLog() start -----------------
20260702 223235.398 INFO             PET0     esm: InitializeP0 extro {IS}:State object is invalid! Not created or deleted!
20260702 223235.398 INFO             PET0     esm: InitializeP0 extro {IS}:--- StateLog() end -------------------
20260702 223235.398 INFO             PET0     esm: InitializeP0 extro {ES}:--- StateLog() start -----------------
20260702 223235.398 INFO             PET0     esm: InitializeP0 extro {ES}:State object is invalid! Not created or deleted!
20260702 223235.398 INFO             PET0     esm: InitializeP0 extro {ES}:--- StateLog() end -------------------
20260702 223235.398 INFO             PET0   esm: InitializeP0 extro.
20260702 223235.398 INFO             PET0   esm: InitializeIPDv02p1 intro.
20260702 223235.398 INFO             PET0     esm: InitializeIPDv02p1 intro {IS}:--- StateLog() start -----------------
20260702 223235.398 INFO             PET0     esm: InitializeIPDv02p1 intro {IS}:State object is invalid! Not created or deleted!
20260702 223235.398 INFO             PET0     esm: InitializeIPDv02p1 intro {IS}:--- StateLog() end -------------------
20260702 223235.398 INFO             PET0     esm: InitializeIPDv02p1 intro {ES}:--- StateLog() start -----------------
20260702 223235.398 INFO             PET0     esm: InitializeIPDv02p1 intro {ES}:State object is invalid! Not created or deleted!
20260702 223235.398 INFO             PET0     esm: InitializeIPDv02p1 intro {ES}:--- StateLog() end -------------------
20260702 223235.399 INFO             PET0     >>>esm: entered Initialize (phase=<none>) without valid internal Clock.
20260702 223235.484 INFO             PET0     esm - Creating state: modelComp 1 Import State
20260702 223235.484 INFO             PET0     esm - Creating state: modelComp 1 Export State
20260702 223235.485 INFO             PET0     esm - Creating state: modelComp 2 Import State
20260702 223235.485 INFO             PET0     esm - Creating state: modelComp 2 Export State
20260702 223235.487 INFO             PET0     esm - Creating state: modelComp 3 Import State
20260702 223235.487 INFO             PET0     esm - Creating state: modelComp 3 Export State
20260702 223235.491 INFO             PET0     ATM: InitializeP0 intro.
20260702 223235.494 INFO             PET0     ATM: InitializeP0 extro.
20260702 223235.494 INFO             PET0     OCN: InitializeP0 intro.
20260702 223235.497 INFO             PET0     OCN: InitializeP0 extro.
20260702 223235.497 INFO             PET0     LND: InitializeP0 intro.
20260702 223235.499 INFO             PET0     LND: InitializeP0 extro.
20260702 223235.505 INFO             PET0     ATM-TO-OCN: InitializeP0 intro.
20260702 223235.506 INFO             PET0     ATM-TO-OCN: InitializeP0 extro.
20260702 223235.507 INFO             PET0     ATM-TO-LND: InitializeP0 intro.
20260702 223235.509 INFO             PET0     ATM-TO-LND: InitializeP0 extro.
20260702 223235.510 INFO             PET0     OCN-TO-ATM: InitializeP0 intro.
20260702 223235.511 INFO             PET0     OCN-TO-ATM: InitializeP0 extro.
20260702 223235.513 INFO             PET0     LND-TO-ATM: InitializeP0 intro.
20260702 223235.514 INFO             PET0     LND-TO-ATM: InitializeP0 extro.
20260702 223235.527 INFO             PET0     esm: IInitAdvertise intro.
20260702 223235.527 INFO             PET0     esm: IInitAdvertise extro.
20260702 223235.528 INFO             PET0     ATM: InitializeIPDvXp01 intro.
20260702 223235.534 INFO             PET0     ATM: InitializeIPDvXp01 extro.
20260702 223235.534 INFO             PET0     OCN: InitializeIPDvXp01 intro.
20260702 223235.539 INFO             PET0     OCN: InitializeIPDvXp01 extro.
20260702 223235.540 INFO             PET0     LND: InitializeIPDvXp01 intro.
20260702 223235.540 INFO             PET0     LND: InitializeIPDvXp01 extro.
20260702 223235.545 INFO             PET0     ATM-TO-OCN: InitializeIPDv05p1 intro.
20260702 223235.546 INFO             PET0     ATM-TO-OCN: InitializeIPDv05p1 extro.
20260702 223235.546 INFO             PET0     ATM-TO-LND: InitializeIPDv05p1 intro.
20260702 223235.546 INFO             PET0     ATM-TO-LND: InitializeIPDv05p1 extro.
20260702 223235.547 INFO             PET0     OCN-TO-ATM: InitializeIPDv05p1 intro.
20260702 223235.547 INFO             PET0     OCN-TO-ATM: InitializeIPDv05p1 extro.
20260702 223235.548 INFO             PET0     LND-TO-ATM: InitializeIPDv05p1 intro.
20260702 223235.548 INFO             PET0     LND-TO-ATM: InitializeIPDv05p1 extro.
20260702 223235.548 INFO             PET0     esm: IInitAdvertiseFinish intro.
20260702 223235.548 INFO             PET0     esm: IInitAdvertiseFinish extro.
20260702 223235.549 INFO             PET0     ATM-TO-OCN: InitializeIPDv05p2a intro.
20260702 223235.550 INFO             PET0     ATM-TO-OCN: InitializeIPDv05p2a extro.
20260702 223235.551 INFO             PET0     ATM-TO-LND: InitializeIPDv05p2a intro.
20260702 223235.551 INFO             PET0     ATM-TO-LND: InitializeIPDv05p2a extro.
20260702 223235.551 INFO             PET0     OCN-TO-ATM: InitializeIPDv05p2a intro.
20260702 223235.552 INFO             PET0     OCN-TO-ATM: InitializeIPDv05p2a extro.
20260702 223235.552 INFO             PET0     LND-TO-ATM: InitializeIPDv05p2a intro.
20260702 223235.552 INFO             PET0     LND-TO-ATM: InitializeIPDv05p2a extro.
20260702 223235.553 INFO             PET0     ATM-TO-OCN: InitializeIPDv05p2b intro.
20260702 223235.554 INFO             PET0     ATM-TO-OCN: InitializeIPDv05p2b extro.
20260702 223235.554 INFO             PET0     ATM-TO-LND: InitializeIPDv05p2b intro.
20260702 223235.555 INFO             PET0     ATM-TO-LND: InitializeIPDv05p2b extro.
20260702 223235.555 INFO             PET0     OCN-TO-ATM: InitializeIPDv05p2b intro.
20260702 223235.556 INFO             PET0     OCN-TO-ATM: InitializeIPDv05p2b extro.
20260702 223235.556 INFO             PET0     LND-TO-ATM: InitializeIPDv05p2b intro.
20260702 223235.557 INFO             PET0     LND-TO-ATM: InitializeIPDv05p2b extro.
20260702 223235.557 INFO             PET0     esm: IInitModifyCplLists intro.
20260702 223235.558 INFO             PET0     esm: IInitModifyCplLists extro.
20260702 223235.559 INFO             PET0     ATM-TO-OCN: InitializeIPDv05p3 intro.
20260702 223235.561 INFO             PET0     ATM-TO-OCN: InitializeIPDv05p3 extro.
20260702 223235.561 INFO             PET0     ATM-TO-LND: InitializeIPDv05p3 intro.
20260702 223235.562 INFO             PET0     ATM-TO-LND: InitializeIPDv05p3 extro.
20260702 223235.562 INFO             PET0     OCN-TO-ATM: InitializeIPDv05p3 intro.
20260702 223235.563 INFO             PET0     OCN-TO-ATM: InitializeIPDv05p3 extro.
20260702 223235.564 INFO             PET0     LND-TO-ATM: InitializeIPDv05p3 intro.
20260702 223235.564 INFO             PET0     LND-TO-ATM: InitializeIPDv05p3 extro.
20260702 223235.565 INFO             PET0     <<<esm: leaving Initialize (phase=<none>) with current time: 2010  6  1  0  0  0   0
20260702 223235.565 INFO             PET0     esm: InitializeIPDv02p1 extro {IS}:--- StateLog() start -----------------
20260702 223235.565 INFO             PET0     esm: InitializeIPDv02p1 extro {IS}:State object is invalid! Not created or deleted!
20260702 223235.565 INFO             PET0     esm: InitializeIPDv02p1 extro {IS}:--- StateLog() end -------------------
20260702 223235.565 INFO             PET0     esm: InitializeIPDv02p1 extro {ES}:--- StateLog() start -----------------
20260702 223235.565 INFO             PET0     esm: InitializeIPDv02p1 extro {ES}:State object is invalid! Not created or deleted!
20260702 223235.565 INFO             PET0     esm: InitializeIPDv02p1 extro {ES}:--- StateLog() end -------------------
20260702 223235.565 INFO             PET0   esm: InitializeIPDv02p1 extro.
20260702 223235.565 INFO             PET0   esm: InitializeIPDv02p3 intro.
20260702 223235.566 INFO             PET0     esm: IInitCheck intro.
20260702 223235.566 INFO             PET0     esm: IInitCheck extro.
20260702 223235.566 INFO             PET0     ATM: InitializeIPDvXp04 intro.
20260702 223235.580 INFO             PET0     ATM: InitializeIPDvXp04 extro.
20260702 223235.580 INFO             PET0     OCN: InitializeIPDvXp04 intro.
20260702 223235.592 INFO             PET0     OCN: InitializeIPDvXp04 extro.
20260702 223235.593 INFO             PET0     LND: InitializeIPDvXp04 intro.
20260702 223235.593 INFO             PET0     LND: InitializeIPDvXp04 extro.
20260702 223235.598 INFO             PET0     ATM-TO-OCN: InitializeIPDv05p4 intro.
20260702 223235.599 INFO             PET0     ATM-TO-OCN: InitializeIPDv05p4 extro.
20260702 223235.600 INFO             PET0     ATM-TO-LND: InitializeIPDv05p4 intro.
20260702 223235.600 INFO             PET0     ATM-TO-LND: InitializeIPDv05p4 extro.
20260702 223235.601 INFO             PET0     OCN-TO-ATM: InitializeIPDv05p4 intro.
20260702 223235.602 INFO             PET0     OCN-TO-ATM: InitializeIPDv05p4 extro.
20260702 223235.602 INFO             PET0     LND-TO-ATM: InitializeIPDv05p4 intro.
20260702 223235.603 INFO             PET0     LND-TO-ATM: InitializeIPDv05p4 extro.
20260702 223235.604 INFO             PET0     ATM-TO-OCN: InitializeIPDv05p5 intro.
20260702 223235.605 INFO             PET0     ATM-TO-OCN: InitializeIPDv05p5 extro.
20260702 223235.605 INFO             PET0     ATM-TO-LND: InitializeIPDv05p5 intro.
20260702 223235.606 INFO             PET0     ATM-TO-LND: InitializeIPDv05p5 extro.
20260702 223235.606 INFO             PET0     OCN-TO-ATM: InitializeIPDv05p5 intro.
20260702 223235.607 INFO             PET0     OCN-TO-ATM: InitializeIPDv05p5 extro.
20260702 223235.608 INFO             PET0     LND-TO-ATM: InitializeIPDv05p5 intro.
20260702 223235.608 INFO             PET0     LND-TO-ATM: InitializeIPDv05p5 extro.
20260702 223235.609 INFO             PET0     esm: IInitRealize intro.
20260702 223235.609 INFO             PET0     esm: IInitRealize extro.
20260702 223235.610 INFO             PET0     ATM-TO-OCN: InitializeIPDv05p6a intro.
20260702 223235.610 INFO             PET0     ATM-TO-OCN: InitializeIPDv05p6a extro.
20260702 223235.610 INFO             PET0     ATM-TO-LND: InitializeIPDv05p6a intro.
20260702 223235.611 INFO             PET0     ATM-TO-LND: InitializeIPDv05p6a extro.
20260702 223235.611 INFO             PET0     OCN-TO-ATM: InitializeIPDv05p6a intro.
20260702 223235.611 INFO             PET0     OCN-TO-ATM: InitializeIPDv05p6a extro.
20260702 223235.612 INFO             PET0     LND-TO-ATM: InitializeIPDv05p6a intro.
20260702 223235.612 INFO             PET0     LND-TO-ATM: InitializeIPDv05p6a extro.
20260702 223235.612 INFO             PET0     ATM-TO-OCN: InitializeIPDv05p6b intro.
20260702 223235.756 INFO             PET0     ATM-TO-OCN: InitializeIPDv05p6b extro.
20260702 223235.756 INFO             PET0     ATM-TO-LND: InitializeIPDv05p6b intro.
20260702 223235.757 INFO             PET0     ATM-TO-LND: InitializeIPDv05p6b extro.
20260702 223235.757 INFO             PET0     OCN-TO-ATM: InitializeIPDv05p6b intro.
20260702 223235.891 INFO             PET0     OCN-TO-ATM: InitializeIPDv05p6b extro.
20260702 223235.892 INFO             PET0     LND-TO-ATM: InitializeIPDv05p6b intro.
20260702 223235.892 INFO             PET0     LND-TO-ATM: InitializeIPDv05p6b extro.
20260702 223235.893 INFO             PET0     ATM: InitializeIPDvXp07 intro.
20260702 223235.893 INFO             PET0     ATM: InitializeIPDvXp07 extro.
20260702 223235.894 INFO             PET0     OCN: InitializeIPDvXp07 intro.
20260702 223235.894 INFO             PET0     OCN: InitializeIPDvXp07 extro.
20260702 223235.895 INFO             PET0     LND: InitializeIPDvXp07 intro.
20260702 223235.895 INFO             PET0     LND: InitializeIPDvXp07 extro.
20260702 223235.895 INFO             PET0   esm: InitializeIPDv02p3 extro.
20260702 223235.895 INFO             PET0   esm: InitializeIPDv02p5 intro.
20260702 223235.895 INFO             PET0     esm: InitializeIPDv02p5Data intro.
20260702 223235.896 INFO             PET0       esm: InternalInitializeComplete intro.
20260702 223235.896 INFO             PET0       esm: InternalInitializeComplete extro.
20260702 223235.896 INFO             PET0       ATM: InitializeIPDv01p5 intro.
20260702 223235.897 INFO             PET0       ATM: InitializeIPDv01p5 extro.
20260702 223235.897 INFO             PET0       OCN: InitializeIPDv01p5 intro.
20260702 223235.897 INFO             PET0       OCN: InitializeIPDv01p5 extro.
20260702 223235.898 INFO             PET0       LND: InitializeIPDv01p5 intro.
20260702 223235.898 INFO             PET0       LND: InitializeIPDv01p5 extro.
20260702 223235.903 INFO             PET0       esm: loopDataDependentInitialize intro.
20260702 223235.903 INFO             PET0       esm: loopDataDependentInitialize extro.
20260702 223235.903 INFO             PET0     esm: InitializeIPDv02p5Data extro.
20260702 223235.903 INFO             PET0   esm: InitializeIPDv02p5 extro.
20260702 223235.903 INFO             PET0   <<<esm: leaving Initialize (phase=<none>) with current time: 2010  6  1  0  0  0   0
20260702 223235.904 INFO             PET0   esm: InitializeGeneric extro {IS}:--- StateLog() start -----------------
20260702 223235.904 INFO             PET0   esm: InitializeGeneric extro {IS}:State object is invalid! Not created or deleted!
20260702 223235.904 INFO             PET0   esm: InitializeGeneric extro {IS}:--- StateLog() end -------------------
20260702 223235.904 INFO             PET0   esm: InitializeGeneric extro {ES}:--- StateLog() start -----------------
20260702 223235.904 INFO             PET0   esm: InitializeGeneric extro {ES}:State object is invalid! Not created or deleted!
20260702 223235.904 INFO             PET0   esm: InitializeGeneric extro {ES}:--- StateLog() end -------------------
20260702 223235.904 INFO             PET0 esm: InitializeGeneric extro.
20260702 223235.904 INFO             PET0 esm: Run intro.
20260702 223235.904 INFO             PET0   >>>esm: entered Run (phase=RunPhase1) with current time: 2010  6  1  0  0  0   0
20260702 223235.904 INFO             PET0   esm: after lable_SetRunClock, current time: 2010  6  1  0  0  0   0
20260702 223235.904 INFO             PET0   esm: begin -------> RunSequence.
20260702 223235.904 INFO             PET0     esm: RunSequence event loopLevel=   1  levelMember=   1  loopIteration=   1, current time: 2010  6  1  0  0  0   0
20260702 223235.905 INFO             PET0     ATM-TO-OCN: Run intro.
20260702 223235.905 INFO             PET0     ATM-TO-OCN: Run extro.
20260702 223235.906 INFO             PET0     OCN-TO-ATM: Run intro.
20260702 223235.906 INFO             PET0     OCN-TO-ATM: Run extro.
20260702 223235.906 INFO             PET0     ATM-TO-LND: Run intro.
20260702 223235.907 INFO             PET0     ATM-TO-LND: Run extro.
20260702 223235.907 INFO             PET0     LND-TO-ATM: Run intro.
20260702 223235.907 INFO             PET0     LND-TO-ATM: Run extro.
20260702 223235.907 INFO             PET0     ATM: Run intro.
20260702 223235.908 INFO             PET0       ------>Advancing ATM from: 2010  6  1  0  0  0   0
20260702 223235.908 INFO             PET0       ---------------------> to: 2010  6  1  0 30  0   0
20260702 223235.908 INFO             PET0     ATM: Run extro.
20260702 223235.908 INFO             PET0     esm: RunSequence event loopLevel=   2  levelMember=   1  loopIteration=   1, current time: 2010  6  1  0  0  0   0
20260702 223235.908 INFO             PET0     OCN: Run intro.
20260702 223235.909 INFO             PET0       ------>Advancing OCN from: 2010  6  1  0  0  0   0
20260702 223235.909 INFO             PET0       ---------------------> to: 2010  6  1  0  5  0   0
20260702 223235.909 INFO             PET0       ------>Advancing OCN from: 2010  6  1  0  5  0   0
20260702 223235.909 INFO             PET0       ---------------------> to: 2010  6  1  0 10  0   0
20260702 223235.909 INFO             PET0       ------>Advancing OCN from: 2010  6  1  0 10  0   0
20260702 223235.909 INFO             PET0       ---------------------> to: 2010  6  1  0 15  0   0
20260702 223235.909 INFO             PET0       ------>Advancing OCN from: 2010  6  1  0 15  0   0
20260702 223235.909 INFO             PET0       ---------------------> to: 2010  6  1  0 20  0   0
20260702 223235.909 INFO             PET0       ------>Advancing OCN from: 2010  6  1  0 20  0   0
20260702 223235.909 INFO             PET0       ---------------------> to: 2010  6  1  0 25  0   0
20260702 223235.909 INFO             PET0       ------>Advancing OCN from: 2010  6  1  0 25  0   0
20260702 223235.909 INFO             PET0       ---------------------> to: 2010  6  1  0 30  0   0
20260702 223235.909 INFO             PET0     OCN: Run extro.
20260702 223235.910 INFO             PET0     esm: RunSequence event loopLevel=   3  levelMember=   1  loopIteration=   1, current time: 2010  6  1  0  0  0   0
20260702 223235.910 INFO             PET0     esm: RunSequence event loopLevel=   4  levelMember=   1  loopIteration=   1, current time: 2010  6  1  0  0  0   0
20260702 223235.910 INFO             PET0     LND-TO-ATM: Run intro.
20260702 223235.910 INFO             PET0     LND-TO-ATM: Run extro.
20260702 223235.910 INFO             PET0     esm: RunSequence event loopLevel=   3  levelMember=   1  loopIteration=   1, current time: 2010  6  1  0  0  0   0
20260702 223235.910 INFO             PET0     esm: RunSequence event loopLevel=   3  levelMember=   1  loopIteration=   2, current time: 2010  6  1  0  5  0   0
20260702 223235.910 INFO             PET0     esm: RunSequence event loopLevel=   3  levelMember=   1  loopIteration=   3, current time: 2010  6  1  0 10  0   0
20260702 223235.910 INFO             PET0     esm: RunSequence event loopLevel=   4  levelMember=   1  loopIteration=   2, current time: 2010  6  1  0 10  0   0
20260702 223235.911 INFO             PET0     LND-TO-ATM: Run intro.
20260702 223235.911 INFO             PET0     LND-TO-ATM: Run extro.
20260702 223235.911 INFO             PET0     esm: RunSequence event loopLevel=   3  levelMember=   1  loopIteration=   3, current time: 2010  6  1  0 10  0   0
20260702 223235.911 INFO             PET0     esm: RunSequence event loopLevel=   3  levelMember=   1  loopIteration=   4, current time: 2010  6  1  0 15  0   0
20260702 223235.911 INFO             PET0     esm: RunSequence event loopLevel=   3  levelMember=   1  loopIteration=   5, current time: 2010  6  1  0 20  0   0
20260702 223235.911 INFO             PET0     esm: RunSequence event loopLevel=   4  levelMember=   1  loopIteration=   3, current time: 2010  6  1  0 20  0   0
20260702 223235.911 INFO             PET0     LND-TO-ATM: Run intro.
20260702 223235.911 INFO             PET0     LND-TO-ATM: Run extro.
20260702 223235.912 INFO             PET0     esm: RunSequence event loopLevel=   3  levelMember=   1  loopIteration=   5, current time: 2010  6  1  0 20  0   0
20260702 223235.912 INFO             PET0     esm: RunSequence event loopLevel=   3  levelMember=   1  loopIteration=   6, current time: 2010  6  1  0 25  0   0
20260702 223235.912 INFO             PET0     esm: RunSequence event loopLevel=   2  levelMember=   1  loopIteration=   1, current time: 2010  6  1  0  0  0   0
20260702 223235.912 INFO             PET0     LND: Run intro.
20260702 223235.912 INFO             PET0       ------>Advancing LND from: 2010  6  1  0  0  0   0
20260702 223235.912 INFO             PET0       ---------------------> to: 2010  6  1  0  5  0   0
20260702 223235.912 INFO             PET0       ------>Advancing LND from: 2010  6  1  0  5  0   0
20260702 223235.912 INFO             PET0       ---------------------> to: 2010  6  1  0 10  0   0
20260702 223235.912 INFO             PET0       ------>Advancing LND from: 2010  6  1  0 10  0   0
20260702 223235.912 INFO             PET0       ---------------------> to: 2010  6  1  0 15  0   0
20260702 223235.913 INFO             PET0       ------>Advancing LND from: 2010  6  1  0 15  0   0
20260702 223235.913 INFO             PET0       ---------------------> to: 2010  6  1  0 20  0   0
20260702 223235.913 INFO             PET0       ------>Advancing LND from: 2010  6  1  0 20  0   0
20260702 223235.913 INFO             PET0       ---------------------> to: 2010  6  1  0 25  0   0
20260702 223235.913 INFO             PET0       ------>Advancing LND from: 2010  6  1  0 25  0   0
20260702 223235.913 INFO             PET0       ---------------------> to: 2010  6  1  0 30  0   0
20260702 223235.913 INFO             PET0     LND: Run extro.
20260702 223235.913 INFO             PET0     esm: RunSequence event loopLevel=   1  levelMember=   1  loopIteration=   1, current time: 2010  6  1  0  0  0   0
20260702 223235.913 INFO             PET0     esm: RunSequence event loopLevel=   1  levelMember=   1  loopIteration=   2, current time: 2010  6  1  0 30  0   0
20260702 223235.913 INFO             PET0     ATM-TO-OCN: Run intro.
20260702 223235.914 INFO             PET0     ATM-TO-OCN: Run extro.
20260702 223235.914 INFO             PET0     OCN-TO-ATM: Run intro.
20260702 223235.914 INFO             PET0     OCN-TO-ATM: Run extro.
20260702 223235.915 INFO             PET0     ATM-TO-LND: Run intro.
20260702 223235.915 INFO             PET0     ATM-TO-LND: Run extro.
20260702 223235.915 INFO             PET0     LND-TO-ATM: Run intro.
20260702 223235.915 INFO             PET0     LND-TO-ATM: Run extro.
20260702 223235.916 INFO             PET0     ATM: Run intro.
20260702 223235.916 INFO             PET0       ------>Advancing ATM from: 2010  6  1  0 30  0   0
20260702 223235.916 INFO             PET0       ---------------------> to: 2010  6  1  1  0  0   0
20260702 223235.916 INFO             PET0     ATM: Run extro.
20260702 223235.916 INFO             PET0     esm: RunSequence event loopLevel=   2  levelMember=   1  loopIteration=   1, current time: 2010  6  1  0 30  0   0
20260702 223235.916 INFO             PET0     OCN: Run intro.
20260702 223235.917 INFO             PET0       ------>Advancing OCN from: 2010  6  1  0 30  0   0
20260702 223235.917 INFO             PET0       ---------------------> to: 2010  6  1  0 35  0   0
20260702 223235.917 INFO             PET0       ------>Advancing OCN from: 2010  6  1  0 35  0   0
20260702 223235.917 INFO             PET0       ---------------------> to: 2010  6  1  0 40  0   0
20260702 223235.917 INFO             PET0       ------>Advancing OCN from: 2010  6  1  0 40  0   0
20260702 223235.917 INFO             PET0       ---------------------> to: 2010  6  1  0 45  0   0
20260702 223235.917 INFO             PET0       ------>Advancing OCN from: 2010  6  1  0 45  0   0
20260702 223235.917 INFO             PET0       ---------------------> to: 2010  6  1  0 50  0   0
20260702 223235.917 INFO             PET0       ------>Advancing OCN from: 2010  6  1  0 50  0   0
20260702 223235.917 INFO             PET0       ---------------------> to: 2010  6  1  0 55  0   0
20260702 223235.917 INFO             PET0       ------>Advancing OCN from: 2010  6  1  0 55  0   0
20260702 223235.917 INFO             PET0       ---------------------> to: 2010  6  1  1  0  0   0
20260702 223235.918 INFO             PET0     OCN: Run extro.
20260702 223235.918 INFO             PET0     esm: RunSequence event loopLevel=   3  levelMember=   1  loopIteration=   1, current time: 2010  6  1  0 30  0   0
20260702 223235.918 INFO             PET0     esm: RunSequence event loopLevel=   4  levelMember=   1  loopIteration=   1, current time: 2010  6  1  0 30  0   0
20260702 223235.918 INFO             PET0     LND-TO-ATM: Run intro.
20260702 223235.918 INFO             PET0     LND-TO-ATM: Run extro.
20260702 223235.918 INFO             PET0     esm: RunSequence event loopLevel=   3  levelMember=   1  loopIteration=   1, current time: 2010  6  1  0 30  0   0
20260702 223235.918 INFO             PET0     esm: RunSequence event loopLevel=   3  levelMember=   1  loopIteration=   2, current time: 2010  6  1  0 35  0   0
20260702 223235.918 INFO             PET0     esm: RunSequence event loopLevel=   3  levelMember=   1  loopIteration=   3, current time: 2010  6  1  0 40  0   0
20260702 223235.918 INFO             PET0     esm: RunSequence event loopLevel=   4  levelMember=   1  loopIteration=   2, current time: 2010  6  1  0 40  0   0
20260702 223235.919 INFO             PET0     LND-TO-ATM: Run intro.
20260702 223235.919 INFO             PET0     LND-TO-ATM: Run extro.
20260702 223235.919 INFO             PET0     esm: RunSequence event loopLevel=   3  levelMember=   1  loopIteration=   3, current time: 2010  6  1  0 40  0   0
20260702 223235.919 INFO             PET0     esm: RunSequence event loopLevel=   3  levelMember=   1  loopIteration=   4, current time: 2010  6  1  0 45  0   0
20260702 223235.919 INFO             PET0     esm: RunSequence event loopLevel=   3  levelMember=   1  loopIteration=   5, current time: 2010  6  1  0 50  0   0
20260702 223235.919 INFO             PET0     esm: RunSequence event loopLevel=   4  levelMember=   1  loopIteration=   3, current time: 2010  6  1  0 50  0   0
20260702 223235.919 INFO             PET0     LND-TO-ATM: Run intro.
20260702 223235.919 INFO             PET0     LND-TO-ATM: Run extro.
20260702 223235.920 INFO             PET0     esm: RunSequence event loopLevel=   3  levelMember=   1  loopIteration=   5, current time: 2010  6  1  0 50  0   0
20260702 223235.920 INFO             PET0     esm: RunSequence event loopLevel=   3  levelMember=   1  loopIteration=   6, current time: 2010  6  1  0 55  0   0
20260702 223235.920 INFO             PET0     esm: RunSequence event loopLevel=   2  levelMember=   1  loopIteration=   1, current time: 2010  6  1  0 30  0   0
20260702 223235.920 INFO             PET0     LND: Run intro.
20260702 223235.920 INFO             PET0       ------>Advancing LND from: 2010  6  1  0 30  0   0
20260702 223235.920 INFO             PET0       ---------------------> to: 2010  6  1  0 35  0   0
20260702 223235.920 INFO             PET0       ------>Advancing LND from: 2010  6  1  0 35  0   0
20260702 223235.920 INFO             PET0       ---------------------> to: 2010  6  1  0 40  0   0
20260702 223235.920 INFO             PET0       ------>Advancing LND from: 2010  6  1  0 40  0   0
20260702 223235.920 INFO             PET0       ---------------------> to: 2010  6  1  0 45  0   0
20260702 223235.921 INFO             PET0       ------>Advancing LND from: 2010  6  1  0 45  0   0
20260702 223235.921 INFO             PET0       ---------------------> to: 2010  6  1  0 50  0   0
20260702 223235.921 INFO             PET0       ------>Advancing LND from: 2010  6  1  0 50  0   0
20260702 223235.921 INFO             PET0       ---------------------> to: 2010  6  1  0 55  0   0
20260702 223235.921 INFO             PET0       ------>Advancing LND from: 2010  6  1  0 55  0   0
20260702 223235.921 INFO             PET0       ---------------------> to: 2010  6  1  1  0  0   0
20260702 223235.921 INFO             PET0     LND: Run extro.
20260702 223235.921 INFO             PET0     esm: RunSequence event loopLevel=   1  levelMember=   1  loopIteration=   2, current time: 2010  6  1  0 30  0   0
20260702 223235.921 INFO             PET0   esm: end <--------- RunSequence
20260702 223235.921 INFO             PET0   <<<esm: leaving Run (phase=RunPhase1) with current time: 2010  6  1  1  0  0   0
20260702 223235.921 INFO             PET0 esm: Run extro.
20260702 223235.921 INFO             PET0 esm: Finalize intro.
20260702 223235.922 INFO             PET0   ATM-TO-OCN: Finalize intro.
20260702 223235.922 INFO             PET0   ATM-TO-OCN: Finalize extro.
20260702 223235.922 INFO             PET0   ATM-TO-LND: Finalize intro.
20260702 223235.922 INFO             PET0   ATM-TO-LND: Finalize extro.
20260702 223235.923 INFO             PET0   OCN-TO-ATM: Finalize intro.
20260702 223235.923 INFO             PET0   OCN-TO-ATM: Finalize extro.
20260702 223235.923 INFO             PET0   LND-TO-ATM: Finalize intro.
20260702 223235.923 INFO             PET0   LND-TO-ATM: Finalize extro.
20260702 223235.924 INFO             PET0   ATM: Finalize intro.
20260702 223235.924 INFO             PET0   ATM: Finalize extro.
20260702 223235.924 INFO             PET0   OCN: Finalize intro.
20260702 223235.924 INFO             PET0   OCN: Finalize extro.
20260702 223235.924 INFO             PET0   LND: Finalize intro.
20260702 223235.924 INFO             PET0   LND: Finalize extro.
20260702 223235.925 INFO             PET0 esm: Finalize extro.
20260702 223235.925 INFO             PET0 esmApp FINISHED
20260702 223235.925 INFO             PET0  Finalizing ESMF
20260702 223235.376 INFO             PET1 !!!!!!!!!!!!!!!!!!!!!!!!!!!!!!!!!!!!!!!!!!!!!!!!!!!!!!
20260702 223235.376 INFO             PET1 !!! THE ESMF_LOG IS SET TO OUTPUT ALL LOG MESSAGES !!!
20260702 223235.376 INFO             PET1 !!!     THIS MAY CAUSE SLOWDOWN IN PERFORMANCE     !!!
20260702 223235.376 INFO             PET1 !!! FOR PRODUCTION RUNS, USE:                      !!!
20260702 223235.376 INFO             PET1 !!!                   ESMF_LOGKIND_Multi_On_Error  !!!
20260702 223235.376 INFO             PET1 !!!!!!!!!!!!!!!!!!!!!!!!!!!!!!!!!!!!!!!!!!!!!!!!!!!!!!
20260702 223235.376 INFO             PET1 Running with ESMF Version   : feature/intel-update+gf55a8a3a41
20260702 223235.376 INFO             PET1 ESMF library build date/time: "Jul  2 2026" "21:27:39"
20260702 223235.376 INFO             PET1 ESMF library build location : /scratch3/NCEPDEV/stmp/Gerhard.Theurich/ESMF-Nightly-Testing-Hera/intel_2023.2.0_intelmpi_g_feature_intel-update/esmf
20260702 223235.376 INFO             PET1 ESMF_COMM                   : intelmpi
20260702 223235.377 INFO             PET1 ESMF_MOAB                   : enabled
20260702 223235.377 INFO             PET1 ESMF_LAPACK                 : enabled
20260702 223235.377 INFO             PET1 ESMF_NETCDF                 : enabled
20260702 223235.377 INFO             PET1 ESMF_PNETCDF                : disabled
20260702 223235.377 INFO             PET1 ESMF_PIO                    : enabled
20260702 223235.377 INFO             PET1 ESMF_YAMLCPP                : enabled
20260702 223235.377 INFO             PET1 esmApp STARTING
20260702 223235.397 INFO             PET1 esm: InitializeGeneric intro.
20260702 223235.397 INFO             PET1   esm: InitializeGeneric intro {IS}:--- StateLog() start -----------------
20260702 223235.397 INFO             PET1   esm: InitializeGeneric intro {IS}:State object is invalid! Not created or deleted!
20260702 223235.397 INFO             PET1   esm: InitializeGeneric intro {IS}:--- StateLog() end -------------------
20260702 223235.397 INFO             PET1   esm: InitializeGeneric intro {ES}:--- StateLog() start -----------------
20260702 223235.397 INFO             PET1   esm: InitializeGeneric intro {ES}:State object is invalid! Not created or deleted!
20260702 223235.397 INFO             PET1   esm: InitializeGeneric intro {ES}:--- StateLog() end -------------------
20260702 223235.397 INFO             PET1   >>>esm: entered Initialize (phase=<none>) without valid internal Clock.
20260702 223235.397 INFO             PET1   esm: InitializeP0 intro.
20260702 223235.397 INFO             PET1     esm: InitializeP0 intro {IS}:--- StateLog() start -----------------
20260702 223235.397 INFO             PET1     esm: InitializeP0 intro {IS}:State object is invalid! Not created or deleted!
20260702 223235.397 INFO             PET1     esm: InitializeP0 intro {IS}:--- StateLog() end -------------------
20260702 223235.397 INFO             PET1     esm: InitializeP0 intro {ES}:--- StateLog() start -----------------
20260702 223235.397 INFO             PET1     esm: InitializeP0 intro {ES}:State object is invalid! Not created or deleted!
20260702 223235.397 INFO             PET1     esm: InitializeP0 intro {ES}:--- StateLog() end -------------------
20260702 223235.397 INFO             PET1     >>>esm: entered Initialize (phase=<none>) without valid internal Clock.
20260702 223235.397 INFO             PET1     <<<esm: leaving Initialize (phase=<none>) without valid internal Clock.
20260702 223235.397 INFO             PET1     esm: InitializeP0 extro {IS}:--- StateLog() start -----------------
20260702 223235.397 INFO             PET1     esm: InitializeP0 extro {IS}:State object is invalid! Not created or deleted!
20260702 223235.397 INFO             PET1     esm: InitializeP0 extro {IS}:--- StateLog() end -------------------
20260702 223235.397 INFO             PET1     esm: InitializeP0 extro {ES}:--- StateLog() start -----------------
20260702 223235.397 INFO             PET1     esm: InitializeP0 extro {ES}:State object is invalid! Not created or deleted!
20260702 223235.397 INFO             PET1     esm: InitializeP0 extro {ES}:--- StateLog() end -------------------
20260702 223235.397 INFO             PET1   esm: InitializeP0 extro.
20260702 223235.398 INFO             PET1   esm: InitializeIPDv02p1 intro.
20260702 223235.398 INFO             PET1     esm: InitializeIPDv02p1 intro {IS}:--- StateLog() start -----------------
20260702 223235.398 INFO             PET1     esm: InitializeIPDv02p1 intro {IS}:State object is invalid! Not created or deleted!
20260702 223235.398 INFO             PET1     esm: InitializeIPDv02p1 intro {IS}:--- StateLog() end -------------------
20260702 223235.398 INFO             PET1     esm: InitializeIPDv02p1 intro {ES}:--- StateLog() start -----------------
20260702 223235.398 INFO             PET1     esm: InitializeIPDv02p1 intro {ES}:State object is invalid! Not created or deleted!
20260702 223235.398 INFO             PET1     esm: InitializeIPDv02p1 intro {ES}:--- StateLog() end -------------------
20260702 223235.398 INFO             PET1     >>>esm: entered Initialize (phase=<none>) without valid internal Clock.
20260702 223235.476 INFO             PET1     esm - Creating state: modelComp 1 Import State
20260702 223235.476 INFO             PET1     esm - Creating state: modelComp 1 Export State
20260702 223235.476 INFO             PET1     esm - Creating state: modelComp 2 Import State
20260702 223235.477 INFO             PET1     esm - Creating state: modelComp 2 Export State
20260702 223235.477 INFO             PET1     esm - Creating state: modelComp 3 Import State
20260702 223235.477 INFO             PET1     esm - Creating state: modelComp 3 Export State
20260702 223235.479 INFO             PET1     ATM: InitializeP0 intro.
20260702 223235.480 INFO             PET1     ATM: InitializeP0 extro.
20260702 223235.480 INFO             PET1     OCN: InitializeP0 intro.
20260702 223235.481 INFO             PET1     OCN: InitializeP0 extro.
20260702 223235.481 INFO             PET1     LND: InitializeP0 intro.
20260702 223235.482 INFO             PET1     LND: InitializeP0 extro.
20260702 223235.504 INFO             PET1     ATM-TO-OCN: InitializeP0 intro.
20260702 223235.504 INFO             PET1     ATM-TO-OCN: InitializeP0 extro.
20260702 223235.507 INFO             PET1     ATM-TO-LND: InitializeP0 intro.
20260702 223235.507 INFO             PET1     ATM-TO-LND: InitializeP0 extro.
20260702 223235.510 INFO             PET1     OCN-TO-ATM: InitializeP0 intro.
20260702 223235.510 INFO             PET1     OCN-TO-ATM: InitializeP0 extro.
20260702 223235.512 INFO             PET1     LND-TO-ATM: InitializeP0 intro.
20260702 223235.513 INFO             PET1     LND-TO-ATM: InitializeP0 extro.
20260702 223235.525 INFO             PET1     esm: IInitAdvertise intro.
20260702 223235.525 INFO             PET1     esm: IInitAdvertise extro.
20260702 223235.525 INFO             PET1     ATM: InitializeIPDvXp01 intro.
20260702 223235.528 INFO             PET1     ATM: InitializeIPDvXp01 extro.
20260702 223235.528 INFO             PET1     OCN: InitializeIPDvXp01 intro.
20260702 223235.530 INFO             PET1     OCN: InitializeIPDvXp01 extro.
20260702 223235.530 INFO             PET1     LND: InitializeIPDvXp01 intro.
20260702 223235.531 INFO             PET1     LND: InitializeIPDvXp01 extro.
20260702 223235.544 INFO             PET1     ATM-TO-OCN: InitializeIPDv05p1 intro.
20260702 223235.546 INFO             PET1     ATM-TO-OCN: InitializeIPDv05p1 extro.
20260702 223235.546 INFO             PET1     ATM-TO-LND: InitializeIPDv05p1 intro.
20260702 223235.546 INFO             PET1     ATM-TO-LND: InitializeIPDv05p1 extro.
20260702 223235.547 INFO             PET1     OCN-TO-ATM: InitializeIPDv05p1 intro.
20260702 223235.547 INFO             PET1     OCN-TO-ATM: InitializeIPDv05p1 extro.
20260702 223235.547 INFO             PET1     LND-TO-ATM: InitializeIPDv05p1 intro.
20260702 223235.548 INFO             PET1     LND-TO-ATM: InitializeIPDv05p1 extro.
20260702 223235.548 INFO             PET1     esm: IInitAdvertiseFinish intro.
20260702 223235.548 INFO             PET1     esm: IInitAdvertiseFinish extro.
20260702 223235.549 INFO             PET1     ATM-TO-OCN: InitializeIPDv05p2a intro.
20260702 223235.550 INFO             PET1     ATM-TO-OCN: InitializeIPDv05p2a extro.
20260702 223235.550 INFO             PET1     ATM-TO-LND: InitializeIPDv05p2a intro.
20260702 223235.551 INFO             PET1     ATM-TO-LND: InitializeIPDv05p2a extro.
20260702 223235.551 INFO             PET1     OCN-TO-ATM: InitializeIPDv05p2a intro.
20260702 223235.552 INFO             PET1     OCN-TO-ATM: InitializeIPDv05p2a extro.
20260702 223235.552 INFO             PET1     LND-TO-ATM: InitializeIPDv05p2a intro.
20260702 223235.552 INFO             PET1     LND-TO-ATM: InitializeIPDv05p2a extro.
20260702 223235.553 INFO             PET1     ATM-TO-OCN: InitializeIPDv05p2b intro.
20260702 223235.554 INFO             PET1     ATM-TO-OCN: InitializeIPDv05p2b extro.
20260702 223235.554 INFO             PET1     ATM-TO-LND: InitializeIPDv05p2b intro.
20260702 223235.555 INFO             PET1     ATM-TO-LND: InitializeIPDv05p2b extro.
20260702 223235.555 INFO             PET1     OCN-TO-ATM: InitializeIPDv05p2b intro.
20260702 223235.556 INFO             PET1     OCN-TO-ATM: InitializeIPDv05p2b extro.
20260702 223235.556 INFO             PET1     LND-TO-ATM: InitializeIPDv05p2b intro.
20260702 223235.556 INFO             PET1     LND-TO-ATM: InitializeIPDv05p2b extro.
20260702 223235.557 INFO             PET1     esm: IInitModifyCplLists intro.
20260702 223235.557 INFO             PET1     esm: IInitModifyCplLists extro.
20260702 223235.558 INFO             PET1     ATM-TO-OCN: InitializeIPDv05p3 intro.
20260702 223235.560 INFO             PET1     ATM-TO-OCN: InitializeIPDv05p3 extro.
20260702 223235.560 INFO             PET1     ATM-TO-LND: InitializeIPDv05p3 intro.
20260702 223235.562 INFO             PET1     ATM-TO-LND: InitializeIPDv05p3 extro.
20260702 223235.562 INFO             PET1     OCN-TO-ATM: InitializeIPDv05p3 intro.
20260702 223235.563 INFO             PET1     OCN-TO-ATM: InitializeIPDv05p3 extro.
20260702 223235.563 INFO             PET1     LND-TO-ATM: InitializeIPDv05p3 intro.
20260702 223235.564 INFO             PET1     LND-TO-ATM: InitializeIPDv05p3 extro.
20260702 223235.564 INFO             PET1     <<<esm: leaving Initialize (phase=<none>) with current time: 2010  6  1  0  0  0   0
20260702 223235.564 INFO             PET1     esm: InitializeIPDv02p1 extro {IS}:--- StateLog() start -----------------
20260702 223235.564 INFO             PET1     esm: InitializeIPDv02p1 extro {IS}:State object is invalid! Not created or deleted!
20260702 223235.564 INFO             PET1     esm: InitializeIPDv02p1 extro {IS}:--- StateLog() end -------------------
20260702 223235.564 INFO             PET1     esm: InitializeIPDv02p1 extro {ES}:--- StateLog() start -----------------
20260702 223235.564 INFO             PET1     esm: InitializeIPDv02p1 extro {ES}:State object is invalid! Not created or deleted!
20260702 223235.564 INFO             PET1     esm: InitializeIPDv02p1 extro {ES}:--- StateLog() end -------------------
20260702 223235.564 INFO             PET1   esm: InitializeIPDv02p1 extro.
20260702 223235.565 INFO             PET1   esm: InitializeIPDv02p3 intro.
20260702 223235.565 INFO             PET1     esm: IInitCheck intro.
20260702 223235.565 INFO             PET1     esm: IInitCheck extro.
20260702 223235.565 INFO             PET1     ATM: InitializeIPDvXp04 intro.
20260702 223235.572 INFO             PET1     ATM: InitializeIPDvXp04 extro.
20260702 223235.573 INFO             PET1     OCN: InitializeIPDvXp04 intro.
20260702 223235.579 INFO             PET1     OCN: InitializeIPDvXp04 extro.
20260702 223235.579 INFO             PET1     LND: InitializeIPDvXp04 intro.
20260702 223235.579 INFO             PET1     LND: InitializeIPDvXp04 extro.
20260702 223235.597 INFO             PET1     ATM-TO-OCN: InitializeIPDv05p4 intro.
20260702 223235.599 INFO             PET1     ATM-TO-OCN: InitializeIPDv05p4 extro.
20260702 223235.599 INFO             PET1     ATM-TO-LND: InitializeIPDv05p4 intro.
20260702 223235.600 INFO             PET1     ATM-TO-LND: InitializeIPDv05p4 extro.
20260702 223235.600 INFO             PET1     OCN-TO-ATM: InitializeIPDv05p4 intro.
20260702 223235.601 INFO             PET1     OCN-TO-ATM: InitializeIPDv05p4 extro.
20260702 223235.602 INFO             PET1     LND-TO-ATM: InitializeIPDv05p4 intro.
20260702 223235.603 INFO             PET1     LND-TO-ATM: InitializeIPDv05p4 extro.
20260702 223235.603 INFO             PET1     ATM-TO-OCN: InitializeIPDv05p5 intro.
20260702 223235.604 INFO             PET1     ATM-TO-OCN: InitializeIPDv05p5 extro.
20260702 223235.605 INFO             PET1     ATM-TO-LND: InitializeIPDv05p5 intro.
20260702 223235.606 INFO             PET1     ATM-TO-LND: InitializeIPDv05p5 extro.
20260702 223235.606 INFO             PET1     OCN-TO-ATM: InitializeIPDv05p5 intro.
20260702 223235.607 INFO             PET1     OCN-TO-ATM: InitializeIPDv05p5 extro.
20260702 223235.607 INFO             PET1     LND-TO-ATM: InitializeIPDv05p5 intro.
20260702 223235.608 INFO             PET1     LND-TO-ATM: InitializeIPDv05p5 extro.
20260702 223235.608 INFO             PET1     esm: IInitRealize intro.
20260702 223235.608 INFO             PET1     esm: IInitRealize extro.
20260702 223235.609 INFO             PET1     ATM-TO-OCN: InitializeIPDv05p6a intro.
20260702 223235.610 INFO             PET1     ATM-TO-OCN: InitializeIPDv05p6a extro.
20260702 223235.610 INFO             PET1     ATM-TO-LND: InitializeIPDv05p6a intro.
20260702 223235.611 INFO             PET1     ATM-TO-LND: InitializeIPDv05p6a extro.
20260702 223235.611 INFO             PET1     OCN-TO-ATM: InitializeIPDv05p6a intro.
20260702 223235.611 INFO             PET1     OCN-TO-ATM: InitializeIPDv05p6a extro.
20260702 223235.611 INFO             PET1     LND-TO-ATM: InitializeIPDv05p6a intro.
20260702 223235.612 INFO             PET1     LND-TO-ATM: InitializeIPDv05p6a extro.
20260702 223235.612 INFO             PET1     ATM-TO-OCN: InitializeIPDv05p6b intro.
20260702 223235.756 INFO             PET1     ATM-TO-OCN: InitializeIPDv05p6b extro.
20260702 223235.756 INFO             PET1     ATM-TO-LND: InitializeIPDv05p6b intro.
20260702 223235.757 INFO             PET1     ATM-TO-LND: InitializeIPDv05p6b extro.
20260702 223235.757 INFO             PET1     OCN-TO-ATM: InitializeIPDv05p6b intro.
20260702 223235.891 INFO             PET1     OCN-TO-ATM: InitializeIPDv05p6b extro.
20260702 223235.891 INFO             PET1     LND-TO-ATM: InitializeIPDv05p6b intro.
20260702 223235.892 INFO             PET1     LND-TO-ATM: InitializeIPDv05p6b extro.
20260702 223235.892 INFO             PET1     ATM: InitializeIPDvXp07 intro.
20260702 223235.893 INFO             PET1     ATM: InitializeIPDvXp07 extro.
20260702 223235.893 INFO             PET1     OCN: InitializeIPDvXp07 intro.
20260702 223235.893 INFO             PET1     OCN: InitializeIPDvXp07 extro.
20260702 223235.893 INFO             PET1     LND: InitializeIPDvXp07 intro.
20260702 223235.893 INFO             PET1     LND: InitializeIPDvXp07 extro.
20260702 223235.893 INFO             PET1   esm: InitializeIPDv02p3 extro.
20260702 223235.893 INFO             PET1   esm: InitializeIPDv02p5 intro.
20260702 223235.894 INFO             PET1     esm: InitializeIPDv02p5Data intro.
20260702 223235.894 INFO             PET1       esm: InternalInitializeComplete intro.
20260702 223235.894 INFO             PET1       esm: InternalInitializeComplete extro.
20260702 223235.894 INFO             PET1       ATM: InitializeIPDv01p5 intro.
20260702 223235.894 INFO             PET1       ATM: InitializeIPDv01p5 extro.
20260702 223235.895 INFO             PET1       OCN: InitializeIPDv01p5 intro.
20260702 223235.895 INFO             PET1       OCN: InitializeIPDv01p5 extro.
20260702 223235.895 INFO             PET1       LND: InitializeIPDv01p5 intro.
20260702 223235.895 INFO             PET1       LND: InitializeIPDv01p5 extro.
20260702 223235.903 INFO             PET1       esm: loopDataDependentInitialize intro.
20260702 223235.903 INFO             PET1       esm: loopDataDependentInitialize extro.
20260702 223235.903 INFO             PET1     esm: InitializeIPDv02p5Data extro.
20260702 223235.903 INFO             PET1   esm: InitializeIPDv02p5 extro.
20260702 223235.903 INFO             PET1   <<<esm: leaving Initialize (phase=<none>) with current time: 2010  6  1  0  0  0   0
20260702 223235.903 INFO             PET1   esm: InitializeGeneric extro {IS}:--- StateLog() start -----------------
20260702 223235.903 INFO             PET1   esm: InitializeGeneric extro {IS}:State object is invalid! Not created or deleted!
20260702 223235.903 INFO             PET1   esm: InitializeGeneric extro {IS}:--- StateLog() end -------------------
20260702 223235.903 INFO             PET1   esm: InitializeGeneric extro {ES}:--- StateLog() start -----------------
20260702 223235.903 INFO             PET1   esm: InitializeGeneric extro {ES}:State object is invalid! Not created or deleted!
20260702 223235.903 INFO             PET1   esm: InitializeGeneric extro {ES}:--- StateLog() end -------------------
20260702 223235.903 INFO             PET1 esm: InitializeGeneric extro.
20260702 223235.904 INFO             PET1 esm: Run intro.
20260702 223235.904 INFO             PET1   >>>esm: entered Run (phase=RunPhase1) with current time: 2010  6  1  0  0  0   0
20260702 223235.904 INFO             PET1   esm: after lable_SetRunClock, current time: 2010  6  1  0  0  0   0
20260702 223235.904 INFO             PET1   esm: begin -------> RunSequence.
20260702 223235.904 INFO             PET1     esm: RunSequence event loopLevel=   1  levelMember=   1  loopIteration=   1, current time: 2010  6  1  0  0  0   0
20260702 223235.904 INFO             PET1     ATM-TO-OCN: Run intro.
20260702 223235.905 INFO             PET1     ATM-TO-OCN: Run extro.
20260702 223235.906 INFO             PET1     OCN-TO-ATM: Run intro.
20260702 223235.906 INFO             PET1     OCN-TO-ATM: Run extro.
20260702 223235.906 INFO             PET1     ATM-TO-LND: Run intro.
20260702 223235.906 INFO             PET1     ATM-TO-LND: Run extro.
20260702 223235.906 INFO             PET1     LND-TO-ATM: Run intro.
20260702 223235.906 INFO             PET1     LND-TO-ATM: Run extro.
20260702 223235.907 INFO             PET1     ATM: Run intro.
20260702 223235.907 INFO             PET1       ------>Advancing ATM from: 2010  6  1  0  0  0   0
20260702 223235.907 INFO             PET1       ---------------------> to: 2010  6  1  0 30  0   0
20260702 223235.907 INFO             PET1     ATM: Run extro.
20260702 223235.907 INFO             PET1     esm: RunSequence event loopLevel=   2  levelMember=   1  loopIteration=   1, current time: 2010  6  1  0  0  0   0
20260702 223235.907 INFO             PET1     OCN: Run intro.
20260702 223235.907 INFO             PET1       ------>Advancing OCN from: 2010  6  1  0  0  0   0
20260702 223235.907 INFO             PET1       ---------------------> to: 2010  6  1  0  5  0   0
20260702 223235.908 INFO             PET1       ------>Advancing OCN from: 2010  6  1  0  5  0   0
20260702 223235.908 INFO             PET1       ---------------------> to: 2010  6  1  0 10  0   0
20260702 223235.908 INFO             PET1       ------>Advancing OCN from: 2010  6  1  0 10  0   0
20260702 223235.908 INFO             PET1       ---------------------> to: 2010  6  1  0 15  0   0
20260702 223235.908 INFO             PET1       ------>Advancing OCN from: 2010  6  1  0 15  0   0
20260702 223235.908 INFO             PET1       ---------------------> to: 2010  6  1  0 20  0   0
20260702 223235.908 INFO             PET1       ------>Advancing OCN from: 2010  6  1  0 20  0   0
20260702 223235.908 INFO             PET1       ---------------------> to: 2010  6  1  0 25  0   0
20260702 223235.908 INFO             PET1       ------>Advancing OCN from: 2010  6  1  0 25  0   0
20260702 223235.908 INFO             PET1       ---------------------> to: 2010  6  1  0 30  0   0
20260702 223235.908 INFO             PET1     OCN: Run extro.
20260702 223235.908 INFO             PET1     esm: RunSequence event loopLevel=   3  levelMember=   1  loopIteration=   1, current time: 2010  6  1  0  0  0   0
20260702 223235.908 INFO             PET1     esm: RunSequence event loopLevel=   4  levelMember=   1  loopIteration=   1, current time: 2010  6  1  0  0  0   0
20260702 223235.908 INFO             PET1     LND-TO-ATM: Run intro.
20260702 223235.908 INFO             PET1     LND-TO-ATM: Run extro.
20260702 223235.908 INFO             PET1     esm: RunSequence event loopLevel=   3  levelMember=   1  loopIteration=   1, current time: 2010  6  1  0  0  0   0
20260702 223235.908 INFO             PET1     esm: RunSequence event loopLevel=   3  levelMember=   1  loopIteration=   2, current time: 2010  6  1  0  5  0   0
20260702 223235.908 INFO             PET1     esm: RunSequence event loopLevel=   3  levelMember=   1  loopIteration=   3, current time: 2010  6  1  0 10  0   0
20260702 223235.908 INFO             PET1     esm: RunSequence event loopLevel=   4  levelMember=   1  loopIteration=   2, current time: 2010  6  1  0 10  0   0
20260702 223235.909 INFO             PET1     LND-TO-ATM: Run intro.
20260702 223235.909 INFO             PET1     LND-TO-ATM: Run extro.
20260702 223235.909 INFO             PET1     esm: RunSequence event loopLevel=   3  levelMember=   1  loopIteration=   3, current time: 2010  6  1  0 10  0   0
20260702 223235.909 INFO             PET1     esm: RunSequence event loopLevel=   3  levelMember=   1  loopIteration=   4, current time: 2010  6  1  0 15  0   0
20260702 223235.909 INFO             PET1     esm: RunSequence event loopLevel=   3  levelMember=   1  loopIteration=   5, current time: 2010  6  1  0 20  0   0
20260702 223235.909 INFO             PET1     esm: RunSequence event loopLevel=   4  levelMember=   1  loopIteration=   3, current time: 2010  6  1  0 20  0   0
20260702 223235.909 INFO             PET1     LND-TO-ATM: Run intro.
20260702 223235.909 INFO             PET1     LND-TO-ATM: Run extro.
20260702 223235.909 INFO             PET1     esm: RunSequence event loopLevel=   3  levelMember=   1  loopIteration=   5, current time: 2010  6  1  0 20  0   0
20260702 223235.909 INFO             PET1     esm: RunSequence event loopLevel=   3  levelMember=   1  loopIteration=   6, current time: 2010  6  1  0 25  0   0
20260702 223235.909 INFO             PET1     esm: RunSequence event loopLevel=   2  levelMember=   1  loopIteration=   1, current time: 2010  6  1  0  0  0   0
20260702 223235.909 INFO             PET1     LND: Run intro.
20260702 223235.909 INFO             PET1       ------>Advancing LND from: 2010  6  1  0  0  0   0
20260702 223235.909 INFO             PET1       ---------------------> to: 2010  6  1  0  5  0   0
20260702 223235.909 INFO             PET1       ------>Advancing LND from: 2010  6  1  0  5  0   0
20260702 223235.910 INFO             PET1       ---------------------> to: 2010  6  1  0 10  0   0
20260702 223235.910 INFO             PET1       ------>Advancing LND from: 2010  6  1  0 10  0   0
20260702 223235.910 INFO             PET1       ---------------------> to: 2010  6  1  0 15  0   0
20260702 223235.910 INFO             PET1       ------>Advancing LND from: 2010  6  1  0 15  0   0
20260702 223235.910 INFO             PET1       ---------------------> to: 2010  6  1  0 20  0   0
20260702 223235.910 INFO             PET1       ------>Advancing LND from: 2010  6  1  0 20  0   0
20260702 223235.910 INFO             PET1       ---------------------> to: 2010  6  1  0 25  0   0
20260702 223235.910 INFO             PET1       ------>Advancing LND from: 2010  6  1  0 25  0   0
20260702 223235.910 INFO             PET1       ---------------------> to: 2010  6  1  0 30  0   0
20260702 223235.910 INFO             PET1     LND: Run extro.
20260702 223235.910 INFO             PET1     esm: RunSequence event loopLevel=   1  levelMember=   1  loopIteration=   1, current time: 2010  6  1  0  0  0   0
20260702 223235.910 INFO             PET1     esm: RunSequence event loopLevel=   1  levelMember=   1  loopIteration=   2, current time: 2010  6  1  0 30  0   0
20260702 223235.910 INFO             PET1     ATM-TO-OCN: Run intro.
20260702 223235.914 INFO             PET1     ATM-TO-OCN: Run extro.
20260702 223235.914 INFO             PET1     OCN-TO-ATM: Run intro.
20260702 223235.914 INFO             PET1     OCN-TO-ATM: Run extro.
20260702 223235.914 INFO             PET1     ATM-TO-LND: Run intro.
20260702 223235.914 INFO             PET1     ATM-TO-LND: Run extro.
20260702 223235.915 INFO             PET1     LND-TO-ATM: Run intro.
20260702 223235.915 INFO             PET1     LND-TO-ATM: Run extro.
20260702 223235.915 INFO             PET1     ATM: Run intro.
20260702 223235.915 INFO             PET1       ------>Advancing ATM from: 2010  6  1  0 30  0   0
20260702 223235.915 INFO             PET1       ---------------------> to: 2010  6  1  1  0  0   0
20260702 223235.915 INFO             PET1     ATM: Run extro.
20260702 223235.915 INFO             PET1     esm: RunSequence event loopLevel=   2  levelMember=   1  loopIteration=   1, current time: 2010  6  1  0 30  0   0
20260702 223235.915 INFO             PET1     OCN: Run intro.
20260702 223235.916 INFO             PET1       ------>Advancing OCN from: 2010  6  1  0 30  0   0
20260702 223235.916 INFO             PET1       ---------------------> to: 2010  6  1  0 35  0   0
20260702 223235.916 INFO             PET1       ------>Advancing OCN from: 2010  6  1  0 35  0   0
20260702 223235.916 INFO             PET1       ---------------------> to: 2010  6  1  0 40  0   0
20260702 223235.916 INFO             PET1       ------>Advancing OCN from: 2010  6  1  0 40  0   0
20260702 223235.916 INFO             PET1       ---------------------> to: 2010  6  1  0 45  0   0
20260702 223235.916 INFO             PET1       ------>Advancing OCN from: 2010  6  1  0 45  0   0
20260702 223235.916 INFO             PET1       ---------------------> to: 2010  6  1  0 50  0   0
20260702 223235.916 INFO             PET1       ------>Advancing OCN from: 2010  6  1  0 50  0   0
20260702 223235.916 INFO             PET1       ---------------------> to: 2010  6  1  0 55  0   0
20260702 223235.916 INFO             PET1       ------>Advancing OCN from: 2010  6  1  0 55  0   0
20260702 223235.916 INFO             PET1       ---------------------> to: 2010  6  1  1  0  0   0
20260702 223235.916 INFO             PET1     OCN: Run extro.
20260702 223235.916 INFO             PET1     esm: RunSequence event loopLevel=   3  levelMember=   1  loopIteration=   1, current time: 2010  6  1  0 30  0   0
20260702 223235.916 INFO             PET1     esm: RunSequence event loopLevel=   4  levelMember=   1  loopIteration=   1, current time: 2010  6  1  0 30  0   0
20260702 223235.916 INFO             PET1     LND-TO-ATM: Run intro.
20260702 223235.916 INFO             PET1     LND-TO-ATM: Run extro.
20260702 223235.916 INFO             PET1     esm: RunSequence event loopLevel=   3  levelMember=   1  loopIteration=   1, current time: 2010  6  1  0 30  0   0
20260702 223235.916 INFO             PET1     esm: RunSequence event loopLevel=   3  levelMember=   1  loopIteration=   2, current time: 2010  6  1  0 35  0   0
20260702 223235.916 INFO             PET1     esm: RunSequence event loopLevel=   3  levelMember=   1  loopIteration=   3, current time: 2010  6  1  0 40  0   0
20260702 223235.916 INFO             PET1     esm: RunSequence event loopLevel=   4  levelMember=   1  loopIteration=   2, current time: 2010  6  1  0 40  0   0
20260702 223235.917 INFO             PET1     LND-TO-ATM: Run intro.
20260702 223235.917 INFO             PET1     LND-TO-ATM: Run extro.
20260702 223235.917 INFO             PET1     esm: RunSequence event loopLevel=   3  levelMember=   1  loopIteration=   3, current time: 2010  6  1  0 40  0   0
20260702 223235.917 INFO             PET1     esm: RunSequence event loopLevel=   3  levelMember=   1  loopIteration=   4, current time: 2010  6  1  0 45  0   0
20260702 223235.917 INFO             PET1     esm: RunSequence event loopLevel=   3  levelMember=   1  loopIteration=   5, current time: 2010  6  1  0 50  0   0
20260702 223235.917 INFO             PET1     esm: RunSequence event loopLevel=   4  levelMember=   1  loopIteration=   3, current time: 2010  6  1  0 50  0   0
20260702 223235.917 INFO             PET1     LND-TO-ATM: Run intro.
20260702 223235.917 INFO             PET1     LND-TO-ATM: Run extro.
20260702 223235.917 INFO             PET1     esm: RunSequence event loopLevel=   3  levelMember=   1  loopIteration=   5, current time: 2010  6  1  0 50  0   0
20260702 223235.917 INFO             PET1     esm: RunSequence event loopLevel=   3  levelMember=   1  loopIteration=   6, current time: 2010  6  1  0 55  0   0
20260702 223235.917 INFO             PET1     esm: RunSequence event loopLevel=   2  levelMember=   1  loopIteration=   1, current time: 2010  6  1  0 30  0   0
20260702 223235.917 INFO             PET1     LND: Run intro.
20260702 223235.917 INFO             PET1       ------>Advancing LND from: 2010  6  1  0 30  0   0
20260702 223235.917 INFO             PET1       ---------------------> to: 2010  6  1  0 35  0   0
20260702 223235.918 INFO             PET1       ------>Advancing LND from: 2010  6  1  0 35  0   0
20260702 223235.918 INFO             PET1       ---------------------> to: 2010  6  1  0 40  0   0
20260702 223235.918 INFO             PET1       ------>Advancing LND from: 2010  6  1  0 40  0   0
20260702 223235.918 INFO             PET1       ---------------------> to: 2010  6  1  0 45  0   0
20260702 223235.918 INFO             PET1       ------>Advancing LND from: 2010  6  1  0 45  0   0
20260702 223235.918 INFO             PET1       ---------------------> to: 2010  6  1  0 50  0   0
20260702 223235.918 INFO             PET1       ------>Advancing LND from: 2010  6  1  0 50  0   0
20260702 223235.918 INFO             PET1       ---------------------> to: 2010  6  1  0 55  0   0
20260702 223235.918 INFO             PET1       ------>Advancing LND from: 2010  6  1  0 55  0   0
20260702 223235.918 INFO             PET1       ---------------------> to: 2010  6  1  1  0  0   0
20260702 223235.918 INFO             PET1     LND: Run extro.
20260702 223235.918 INFO             PET1     esm: RunSequence event loopLevel=   1  levelMember=   1  loopIteration=   2, current time: 2010  6  1  0 30  0   0
20260702 223235.918 INFO             PET1   esm: end <--------- RunSequence
20260702 223235.918 INFO             PET1   <<<esm: leaving Run (phase=RunPhase1) with current time: 2010  6  1  1  0  0   0
20260702 223235.918 INFO             PET1 esm: Run extro.
20260702 223235.918 INFO             PET1 esm: Finalize intro.
20260702 223235.918 INFO             PET1   ATM-TO-OCN: Finalize intro.
20260702 223235.918 INFO             PET1   ATM-TO-OCN: Finalize extro.
20260702 223235.919 INFO             PET1   ATM-TO-LND: Finalize intro.
20260702 223235.919 INFO             PET1   ATM-TO-LND: Finalize extro.
20260702 223235.919 INFO             PET1   OCN-TO-ATM: Finalize intro.
20260702 223235.919 INFO             PET1   OCN-TO-ATM: Finalize extro.
20260702 223235.919 INFO             PET1   LND-TO-ATM: Finalize intro.
20260702 223235.919 INFO             PET1   LND-TO-ATM: Finalize extro.
20260702 223235.919 INFO             PET1   ATM: Finalize intro.
20260702 223235.919 INFO             PET1   ATM: Finalize extro.
20260702 223235.919 INFO             PET1   OCN: Finalize intro.
20260702 223235.919 INFO             PET1   OCN: Finalize extro.
20260702 223235.920 INFO             PET1   LND: Finalize intro.
20260702 223235.920 INFO             PET1   LND: Finalize extro.
20260702 223235.920 INFO             PET1 esm: Finalize extro.
20260702 223235.920 INFO             PET1 esmApp FINISHED
20260702 223235.920 INFO             PET1  Finalizing ESMF
20260702 223235.375 INFO             PET2 !!!!!!!!!!!!!!!!!!!!!!!!!!!!!!!!!!!!!!!!!!!!!!!!!!!!!!
20260702 223235.376 INFO             PET2 !!! THE ESMF_LOG IS SET TO OUTPUT ALL LOG MESSAGES !!!
20260702 223235.376 INFO             PET2 !!!     THIS MAY CAUSE SLOWDOWN IN PERFORMANCE     !!!
20260702 223235.376 INFO             PET2 !!! FOR PRODUCTION RUNS, USE:                      !!!
20260702 223235.376 INFO             PET2 !!!                   ESMF_LOGKIND_Multi_On_Error  !!!
20260702 223235.376 INFO             PET2 !!!!!!!!!!!!!!!!!!!!!!!!!!!!!!!!!!!!!!!!!!!!!!!!!!!!!!
20260702 223235.376 INFO             PET2 Running with ESMF Version   : feature/intel-update+gf55a8a3a41
20260702 223235.376 INFO             PET2 ESMF library build date/time: "Jul  2 2026" "21:27:39"
20260702 223235.376 INFO             PET2 ESMF library build location : /scratch3/NCEPDEV/stmp/Gerhard.Theurich/ESMF-Nightly-Testing-Hera/intel_2023.2.0_intelmpi_g_feature_intel-update/esmf
20260702 223235.376 INFO             PET2 ESMF_COMM                   : intelmpi
20260702 223235.376 INFO             PET2 ESMF_MOAB                   : enabled
20260702 223235.376 INFO             PET2 ESMF_LAPACK                 : enabled
20260702 223235.376 INFO             PET2 ESMF_NETCDF                 : enabled
20260702 223235.376 INFO             PET2 ESMF_PNETCDF                : disabled
20260702 223235.376 INFO             PET2 ESMF_PIO                    : enabled
20260702 223235.376 INFO             PET2 ESMF_YAMLCPP                : enabled
20260702 223235.377 INFO             PET2 esmApp STARTING
20260702 223235.397 INFO             PET2 esm: InitializeGeneric intro.
20260702 223235.397 INFO             PET2   esm: InitializeGeneric intro {IS}:--- StateLog() start -----------------
20260702 223235.397 INFO             PET2   esm: InitializeGeneric intro {IS}:State object is invalid! Not created or deleted!
20260702 223235.397 INFO             PET2   esm: InitializeGeneric intro {IS}:--- StateLog() end -------------------
20260702 223235.397 INFO             PET2   esm: InitializeGeneric intro {ES}:--- StateLog() start -----------------
20260702 223235.397 INFO             PET2   esm: InitializeGeneric intro {ES}:State object is invalid! Not created or deleted!
20260702 223235.397 INFO             PET2   esm: InitializeGeneric intro {ES}:--- StateLog() end -------------------
20260702 223235.397 INFO             PET2   >>>esm: entered Initialize (phase=<none>) without valid internal Clock.
20260702 223235.397 INFO             PET2   esm: InitializeP0 intro.
20260702 223235.397 INFO             PET2     esm: InitializeP0 intro {IS}:--- StateLog() start -----------------
20260702 223235.397 INFO             PET2     esm: InitializeP0 intro {IS}:State object is invalid! Not created or deleted!
20260702 223235.397 INFO             PET2     esm: InitializeP0 intro {IS}:--- StateLog() end -------------------
20260702 223235.397 INFO             PET2     esm: InitializeP0 intro {ES}:--- StateLog() start -----------------
20260702 223235.397 INFO             PET2     esm: InitializeP0 intro {ES}:State object is invalid! Not created or deleted!
20260702 223235.397 INFO             PET2     esm: InitializeP0 intro {ES}:--- StateLog() end -------------------
20260702 223235.398 INFO             PET2     >>>esm: entered Initialize (phase=<none>) without valid internal Clock.
20260702 223235.398 INFO             PET2     <<<esm: leaving Initialize (phase=<none>) without valid internal Clock.
20260702 223235.398 INFO             PET2     esm: InitializeP0 extro {IS}:--- StateLog() start -----------------
20260702 223235.398 INFO             PET2     esm: InitializeP0 extro {IS}:State object is invalid! Not created or deleted!
20260702 223235.398 INFO             PET2     esm: InitializeP0 extro {IS}:--- StateLog() end -------------------
20260702 223235.398 INFO             PET2     esm: InitializeP0 extro {ES}:--- StateLog() start -----------------
20260702 223235.398 INFO             PET2     esm: InitializeP0 extro {ES}:State object is invalid! Not created or deleted!
20260702 223235.398 INFO             PET2     esm: InitializeP0 extro {ES}:--- StateLog() end -------------------
20260702 223235.398 INFO             PET2   esm: InitializeP0 extro.
20260702 223235.398 INFO             PET2   esm: InitializeIPDv02p1 intro.
20260702 223235.398 INFO             PET2     esm: InitializeIPDv02p1 intro {IS}:--- StateLog() start -----------------
20260702 223235.398 INFO             PET2     esm: InitializeIPDv02p1 intro {IS}:State object is invalid! Not created or deleted!
20260702 223235.398 INFO             PET2     esm: InitializeIPDv02p1 intro {IS}:--- StateLog() end -------------------
20260702 223235.398 INFO             PET2     esm: InitializeIPDv02p1 intro {ES}:--- StateLog() start -----------------
20260702 223235.398 INFO             PET2     esm: InitializeIPDv02p1 intro {ES}:State object is invalid! Not created or deleted!
20260702 223235.398 INFO             PET2     esm: InitializeIPDv02p1 intro {ES}:--- StateLog() end -------------------
20260702 223235.399 INFO             PET2     >>>esm: entered Initialize (phase=<none>) without valid internal Clock.
20260702 223235.483 INFO             PET2     esm - Creating state: modelComp 1 Import State
20260702 223235.484 INFO             PET2     esm - Creating state: modelComp 1 Export State
20260702 223235.485 INFO             PET2     esm - Creating state: modelComp 2 Import State
20260702 223235.485 INFO             PET2     esm - Creating state: modelComp 2 Export State
20260702 223235.487 INFO             PET2     esm - Creating state: modelComp 3 Import State
20260702 223235.487 INFO             PET2     esm - Creating state: modelComp 3 Export State
20260702 223235.491 INFO             PET2     ATM: InitializeP0 intro.
20260702 223235.494 INFO             PET2     ATM: InitializeP0 extro.
20260702 223235.494 INFO             PET2     OCN: InitializeP0 intro.
20260702 223235.496 INFO             PET2     OCN: InitializeP0 extro.
20260702 223235.497 INFO             PET2     LND: InitializeP0 intro.
20260702 223235.499 INFO             PET2     LND: InitializeP0 extro.
20260702 223235.505 INFO             PET2     ATM-TO-OCN: InitializeP0 intro.
20260702 223235.506 INFO             PET2     ATM-TO-OCN: InitializeP0 extro.
20260702 223235.508 INFO             PET2     ATM-TO-LND: InitializeP0 intro.
20260702 223235.509 INFO             PET2     ATM-TO-LND: InitializeP0 extro.
20260702 223235.511 INFO             PET2     OCN-TO-ATM: InitializeP0 intro.
20260702 223235.512 INFO             PET2     OCN-TO-ATM: InitializeP0 extro.
20260702 223235.514 INFO             PET2     LND-TO-ATM: InitializeP0 intro.
20260702 223235.515 INFO             PET2     LND-TO-ATM: InitializeP0 extro.
20260702 223235.527 INFO             PET2     esm: IInitAdvertise intro.
20260702 223235.527 INFO             PET2     esm: IInitAdvertise extro.
20260702 223235.528 INFO             PET2     ATM: InitializeIPDvXp01 intro.
20260702 223235.534 INFO             PET2     ATM: InitializeIPDvXp01 extro.
20260702 223235.534 INFO             PET2     OCN: InitializeIPDvXp01 intro.
20260702 223235.539 INFO             PET2     OCN: InitializeIPDvXp01 extro.
20260702 223235.540 INFO             PET2     LND: InitializeIPDvXp01 intro.
20260702 223235.540 INFO             PET2     LND: InitializeIPDvXp01 extro.
20260702 223235.545 INFO             PET2     ATM-TO-OCN: InitializeIPDv05p1 intro.
20260702 223235.546 INFO             PET2     ATM-TO-OCN: InitializeIPDv05p1 extro.
20260702 223235.546 INFO             PET2     ATM-TO-LND: InitializeIPDv05p1 intro.
20260702 223235.546 INFO             PET2     ATM-TO-LND: InitializeIPDv05p1 extro.
20260702 223235.547 INFO             PET2     OCN-TO-ATM: InitializeIPDv05p1 intro.
20260702 223235.547 INFO             PET2     OCN-TO-ATM: InitializeIPDv05p1 extro.
20260702 223235.548 INFO             PET2     LND-TO-ATM: InitializeIPDv05p1 intro.
20260702 223235.548 INFO             PET2     LND-TO-ATM: InitializeIPDv05p1 extro.
20260702 223235.548 INFO             PET2     esm: IInitAdvertiseFinish intro.
20260702 223235.548 INFO             PET2     esm: IInitAdvertiseFinish extro.
20260702 223235.549 INFO             PET2     ATM-TO-OCN: InitializeIPDv05p2a intro.
20260702 223235.550 INFO             PET2     ATM-TO-OCN: InitializeIPDv05p2a extro.
20260702 223235.551 INFO             PET2     ATM-TO-LND: InitializeIPDv05p2a intro.
20260702 223235.551 INFO             PET2     ATM-TO-LND: InitializeIPDv05p2a extro.
20260702 223235.551 INFO             PET2     OCN-TO-ATM: InitializeIPDv05p2a intro.
20260702 223235.552 INFO             PET2     OCN-TO-ATM: InitializeIPDv05p2a extro.
20260702 223235.552 INFO             PET2     LND-TO-ATM: InitializeIPDv05p2a intro.
20260702 223235.552 INFO             PET2     LND-TO-ATM: InitializeIPDv05p2a extro.
20260702 223235.553 INFO             PET2     ATM-TO-OCN: InitializeIPDv05p2b intro.
20260702 223235.554 INFO             PET2     ATM-TO-OCN: InitializeIPDv05p2b extro.
20260702 223235.554 INFO             PET2     ATM-TO-LND: InitializeIPDv05p2b intro.
20260702 223235.555 INFO             PET2     ATM-TO-LND: InitializeIPDv05p2b extro.
20260702 223235.555 INFO             PET2     OCN-TO-ATM: InitializeIPDv05p2b intro.
20260702 223235.556 INFO             PET2     OCN-TO-ATM: InitializeIPDv05p2b extro.
20260702 223235.556 INFO             PET2     LND-TO-ATM: InitializeIPDv05p2b intro.
20260702 223235.557 INFO             PET2     LND-TO-ATM: InitializeIPDv05p2b extro.
20260702 223235.557 INFO             PET2     esm: IInitModifyCplLists intro.
20260702 223235.558 INFO             PET2     esm: IInitModifyCplLists extro.
20260702 223235.559 INFO             PET2     ATM-TO-OCN: InitializeIPDv05p3 intro.
20260702 223235.561 INFO             PET2     ATM-TO-OCN: InitializeIPDv05p3 extro.
20260702 223235.561 INFO             PET2     ATM-TO-LND: InitializeIPDv05p3 intro.
20260702 223235.562 INFO             PET2     ATM-TO-LND: InitializeIPDv05p3 extro.
20260702 223235.562 INFO             PET2     OCN-TO-ATM: InitializeIPDv05p3 intro.
20260702 223235.563 INFO             PET2     OCN-TO-ATM: InitializeIPDv05p3 extro.
20260702 223235.564 INFO             PET2     LND-TO-ATM: InitializeIPDv05p3 intro.
20260702 223235.564 INFO             PET2     LND-TO-ATM: InitializeIPDv05p3 extro.
20260702 223235.565 INFO             PET2     <<<esm: leaving Initialize (phase=<none>) with current time: 2010  6  1  0  0  0   0
20260702 223235.565 INFO             PET2     esm: InitializeIPDv02p1 extro {IS}:--- StateLog() start -----------------
20260702 223235.565 INFO             PET2     esm: InitializeIPDv02p1 extro {IS}:State object is invalid! Not created or deleted!
20260702 223235.565 INFO             PET2     esm: InitializeIPDv02p1 extro {IS}:--- StateLog() end -------------------
20260702 223235.565 INFO             PET2     esm: InitializeIPDv02p1 extro {ES}:--- StateLog() start -----------------
20260702 223235.565 INFO             PET2     esm: InitializeIPDv02p1 extro {ES}:State object is invalid! Not created or deleted!
20260702 223235.565 INFO             PET2     esm: InitializeIPDv02p1 extro {ES}:--- StateLog() end -------------------
20260702 223235.565 INFO             PET2   esm: InitializeIPDv02p1 extro.
20260702 223235.565 INFO             PET2   esm: InitializeIPDv02p3 intro.
20260702 223235.566 INFO             PET2     esm: IInitCheck intro.
20260702 223235.566 INFO             PET2     esm: IInitCheck extro.
20260702 223235.566 INFO             PET2     ATM: InitializeIPDvXp04 intro.
20260702 223235.579 INFO             PET2     ATM: InitializeIPDvXp04 extro.
20260702 223235.580 INFO             PET2     OCN: InitializeIPDvXp04 intro.
20260702 223235.591 INFO             PET2     OCN: InitializeIPDvXp04 extro.
20260702 223235.592 INFO             PET2     LND: InitializeIPDvXp04 intro.
20260702 223235.592 INFO             PET2     LND: InitializeIPDvXp04 extro.
20260702 223235.598 INFO             PET2     ATM-TO-OCN: InitializeIPDv05p4 intro.
20260702 223235.599 INFO             PET2     ATM-TO-OCN: InitializeIPDv05p4 extro.
20260702 223235.600 INFO             PET2     ATM-TO-LND: InitializeIPDv05p4 intro.
20260702 223235.600 INFO             PET2     ATM-TO-LND: InitializeIPDv05p4 extro.
20260702 223235.601 INFO             PET2     OCN-TO-ATM: InitializeIPDv05p4 intro.
20260702 223235.602 INFO             PET2     OCN-TO-ATM: InitializeIPDv05p4 extro.
20260702 223235.602 INFO             PET2     LND-TO-ATM: InitializeIPDv05p4 intro.
20260702 223235.603 INFO             PET2     LND-TO-ATM: InitializeIPDv05p4 extro.
20260702 223235.603 INFO             PET2     ATM-TO-OCN: InitializeIPDv05p5 intro.
20260702 223235.605 INFO             PET2     ATM-TO-OCN: InitializeIPDv05p5 extro.
20260702 223235.605 INFO             PET2     ATM-TO-LND: InitializeIPDv05p5 intro.
20260702 223235.606 INFO             PET2     ATM-TO-LND: InitializeIPDv05p5 extro.
20260702 223235.606 INFO             PET2     OCN-TO-ATM: InitializeIPDv05p5 intro.
20260702 223235.607 INFO             PET2     OCN-TO-ATM: InitializeIPDv05p5 extro.
20260702 223235.607 INFO             PET2     LND-TO-ATM: InitializeIPDv05p5 intro.
20260702 223235.608 INFO             PET2     LND-TO-ATM: InitializeIPDv05p5 extro.
20260702 223235.609 INFO             PET2     esm: IInitRealize intro.
20260702 223235.609 INFO             PET2     esm: IInitRealize extro.
20260702 223235.609 INFO             PET2     ATM-TO-OCN: InitializeIPDv05p6a intro.
20260702 223235.610 INFO             PET2     ATM-TO-OCN: InitializeIPDv05p6a extro.
20260702 223235.610 INFO             PET2     ATM-TO-LND: InitializeIPDv05p6a intro.
20260702 223235.611 INFO             PET2     ATM-TO-LND: InitializeIPDv05p6a extro.
20260702 223235.611 INFO             PET2     OCN-TO-ATM: InitializeIPDv05p6a intro.
20260702 223235.611 INFO             PET2     OCN-TO-ATM: InitializeIPDv05p6a extro.
20260702 223235.612 INFO             PET2     LND-TO-ATM: InitializeIPDv05p6a intro.
20260702 223235.612 INFO             PET2     LND-TO-ATM: InitializeIPDv05p6a extro.
20260702 223235.612 INFO             PET2     ATM-TO-OCN: InitializeIPDv05p6b intro.
20260702 223235.756 INFO             PET2     ATM-TO-OCN: InitializeIPDv05p6b extro.
20260702 223235.756 INFO             PET2     ATM-TO-LND: InitializeIPDv05p6b intro.
20260702 223235.757 INFO             PET2     ATM-TO-LND: InitializeIPDv05p6b extro.
20260702 223235.757 INFO             PET2     OCN-TO-ATM: InitializeIPDv05p6b intro.
20260702 223235.891 INFO             PET2     OCN-TO-ATM: InitializeIPDv05p6b extro.
20260702 223235.892 INFO             PET2     LND-TO-ATM: InitializeIPDv05p6b intro.
20260702 223235.892 INFO             PET2     LND-TO-ATM: InitializeIPDv05p6b extro.
20260702 223235.893 INFO             PET2     ATM: InitializeIPDvXp07 intro.
20260702 223235.893 INFO             PET2     ATM: InitializeIPDvXp07 extro.
20260702 223235.893 INFO             PET2     OCN: InitializeIPDvXp07 intro.
20260702 223235.894 INFO             PET2     OCN: InitializeIPDvXp07 extro.
20260702 223235.894 INFO             PET2     LND: InitializeIPDvXp07 intro.
20260702 223235.894 INFO             PET2     LND: InitializeIPDvXp07 extro.
20260702 223235.894 INFO             PET2   esm: InitializeIPDv02p3 extro.
20260702 223235.894 INFO             PET2   esm: InitializeIPDv02p5 intro.
20260702 223235.895 INFO             PET2     esm: InitializeIPDv02p5Data intro.
20260702 223235.895 INFO             PET2       esm: InternalInitializeComplete intro.
20260702 223235.895 INFO             PET2       esm: InternalInitializeComplete extro.
20260702 223235.896 INFO             PET2       ATM: InitializeIPDv01p5 intro.
20260702 223235.896 INFO             PET2       ATM: InitializeIPDv01p5 extro.
20260702 223235.896 INFO             PET2       OCN: InitializeIPDv01p5 intro.
20260702 223235.896 INFO             PET2       OCN: InitializeIPDv01p5 extro.
20260702 223235.897 INFO             PET2       LND: InitializeIPDv01p5 intro.
20260702 223235.897 INFO             PET2       LND: InitializeIPDv01p5 extro.
20260702 223235.903 INFO             PET2       esm: loopDataDependentInitialize intro.
20260702 223235.903 INFO             PET2       esm: loopDataDependentInitialize extro.
20260702 223235.903 INFO             PET2     esm: InitializeIPDv02p5Data extro.
20260702 223235.903 INFO             PET2   esm: InitializeIPDv02p5 extro.
20260702 223235.903 INFO             PET2   <<<esm: leaving Initialize (phase=<none>) with current time: 2010  6  1  0  0  0   0
20260702 223235.904 INFO             PET2   esm: InitializeGeneric extro {IS}:--- StateLog() start -----------------
20260702 223235.904 INFO             PET2   esm: InitializeGeneric extro {IS}:State object is invalid! Not created or deleted!
20260702 223235.904 INFO             PET2   esm: InitializeGeneric extro {IS}:--- StateLog() end -------------------
20260702 223235.904 INFO             PET2   esm: InitializeGeneric extro {ES}:--- StateLog() start -----------------
20260702 223235.904 INFO             PET2   esm: InitializeGeneric extro {ES}:State object is invalid! Not created or deleted!
20260702 223235.904 INFO             PET2   esm: InitializeGeneric extro {ES}:--- StateLog() end -------------------
20260702 223235.904 INFO             PET2 esm: InitializeGeneric extro.
20260702 223235.904 INFO             PET2 esm: Run intro.
20260702 223235.904 INFO             PET2   >>>esm: entered Run (phase=RunPhase1) with current time: 2010  6  1  0  0  0   0
20260702 223235.904 INFO             PET2   esm: after lable_SetRunClock, current time: 2010  6  1  0  0  0   0
20260702 223235.904 INFO             PET2   esm: begin -------> RunSequence.
20260702 223235.904 INFO             PET2     esm: RunSequence event loopLevel=   1  levelMember=   1  loopIteration=   1, current time: 2010  6  1  0  0  0   0
20260702 223235.905 INFO             PET2     ATM-TO-OCN: Run intro.
20260702 223235.905 INFO             PET2     ATM-TO-OCN: Run extro.
20260702 223235.906 INFO             PET2     OCN-TO-ATM: Run intro.
20260702 223235.906 INFO             PET2     OCN-TO-ATM: Run extro.
20260702 223235.906 INFO             PET2     ATM-TO-LND: Run intro.
20260702 223235.906 INFO             PET2     ATM-TO-LND: Run extro.
20260702 223235.907 INFO             PET2     LND-TO-ATM: Run intro.
20260702 223235.907 INFO             PET2     LND-TO-ATM: Run extro.
20260702 223235.907 INFO             PET2     ATM: Run intro.
20260702 223235.907 INFO             PET2       ------>Advancing ATM from: 2010  6  1  0  0  0   0
20260702 223235.907 INFO             PET2       ---------------------> to: 2010  6  1  0 30  0   0
20260702 223235.907 INFO             PET2     ATM: Run extro.
20260702 223235.908 INFO             PET2     esm: RunSequence event loopLevel=   2  levelMember=   1  loopIteration=   1, current time: 2010  6  1  0  0  0   0
20260702 223235.908 INFO             PET2     OCN: Run intro.
20260702 223235.908 INFO             PET2       ------>Advancing OCN from: 2010  6  1  0  0  0   0
20260702 223235.908 INFO             PET2       ---------------------> to: 2010  6  1  0  5  0   0
20260702 223235.908 INFO             PET2       ------>Advancing OCN from: 2010  6  1  0  5  0   0
20260702 223235.908 INFO             PET2       ---------------------> to: 2010  6  1  0 10  0   0
20260702 223235.908 INFO             PET2       ------>Advancing OCN from: 2010  6  1  0 10  0   0
20260702 223235.908 INFO             PET2       ---------------------> to: 2010  6  1  0 15  0   0
20260702 223235.909 INFO             PET2       ------>Advancing OCN from: 2010  6  1  0 15  0   0
20260702 223235.909 INFO             PET2       ---------------------> to: 2010  6  1  0 20  0   0
20260702 223235.909 INFO             PET2       ------>Advancing OCN from: 2010  6  1  0 20  0   0
20260702 223235.909 INFO             PET2       ---------------------> to: 2010  6  1  0 25  0   0
20260702 223235.909 INFO             PET2       ------>Advancing OCN from: 2010  6  1  0 25  0   0
20260702 223235.909 INFO             PET2       ---------------------> to: 2010  6  1  0 30  0   0
20260702 223235.909 INFO             PET2     OCN: Run extro.
20260702 223235.909 INFO             PET2     esm: RunSequence event loopLevel=   3  levelMember=   1  loopIteration=   1, current time: 2010  6  1  0  0  0   0
20260702 223235.909 INFO             PET2     esm: RunSequence event loopLevel=   4  levelMember=   1  loopIteration=   1, current time: 2010  6  1  0  0  0   0
20260702 223235.909 INFO             PET2     LND-TO-ATM: Run intro.
20260702 223235.909 INFO             PET2     LND-TO-ATM: Run extro.
20260702 223235.909 INFO             PET2     esm: RunSequence event loopLevel=   3  levelMember=   1  loopIteration=   1, current time: 2010  6  1  0  0  0   0
20260702 223235.910 INFO             PET2     esm: RunSequence event loopLevel=   3  levelMember=   1  loopIteration=   2, current time: 2010  6  1  0  5  0   0
20260702 223235.910 INFO             PET2     esm: RunSequence event loopLevel=   3  levelMember=   1  loopIteration=   3, current time: 2010  6  1  0 10  0   0
20260702 223235.910 INFO             PET2     esm: RunSequence event loopLevel=   4  levelMember=   1  loopIteration=   2, current time: 2010  6  1  0 10  0   0
20260702 223235.910 INFO             PET2     LND-TO-ATM: Run intro.
20260702 223235.910 INFO             PET2     LND-TO-ATM: Run extro.
20260702 223235.910 INFO             PET2     esm: RunSequence event loopLevel=   3  levelMember=   1  loopIteration=   3, current time: 2010  6  1  0 10  0   0
20260702 223235.910 INFO             PET2     esm: RunSequence event loopLevel=   3  levelMember=   1  loopIteration=   4, current time: 2010  6  1  0 15  0   0
20260702 223235.910 INFO             PET2     esm: RunSequence event loopLevel=   3  levelMember=   1  loopIteration=   5, current time: 2010  6  1  0 20  0   0
20260702 223235.910 INFO             PET2     esm: RunSequence event loopLevel=   4  levelMember=   1  loopIteration=   3, current time: 2010  6  1  0 20  0   0
20260702 223235.910 INFO             PET2     LND-TO-ATM: Run intro.
20260702 223235.911 INFO             PET2     LND-TO-ATM: Run extro.
20260702 223235.911 INFO             PET2     esm: RunSequence event loopLevel=   3  levelMember=   1  loopIteration=   5, current time: 2010  6  1  0 20  0   0
20260702 223235.911 INFO             PET2     esm: RunSequence event loopLevel=   3  levelMember=   1  loopIteration=   6, current time: 2010  6  1  0 25  0   0
20260702 223235.911 INFO             PET2     esm: RunSequence event loopLevel=   2  levelMember=   1  loopIteration=   1, current time: 2010  6  1  0  0  0   0
20260702 223235.911 INFO             PET2     LND: Run intro.
20260702 223235.911 INFO             PET2       ------>Advancing LND from: 2010  6  1  0  0  0   0
20260702 223235.911 INFO             PET2       ---------------------> to: 2010  6  1  0  5  0   0
20260702 223235.911 INFO             PET2       ------>Advancing LND from: 2010  6  1  0  5  0   0
20260702 223235.911 INFO             PET2       ---------------------> to: 2010  6  1  0 10  0   0
20260702 223235.911 INFO             PET2       ------>Advancing LND from: 2010  6  1  0 10  0   0
20260702 223235.911 INFO             PET2       ---------------------> to: 2010  6  1  0 15  0   0
20260702 223235.911 INFO             PET2       ------>Advancing LND from: 2010  6  1  0 15  0   0
20260702 223235.911 INFO             PET2       ---------------------> to: 2010  6  1  0 20  0   0
20260702 223235.911 INFO             PET2       ------>Advancing LND from: 2010  6  1  0 20  0   0
20260702 223235.911 INFO             PET2       ---------------------> to: 2010  6  1  0 25  0   0
20260702 223235.912 INFO             PET2       ------>Advancing LND from: 2010  6  1  0 25  0   0
20260702 223235.912 INFO             PET2       ---------------------> to: 2010  6  1  0 30  0   0
20260702 223235.912 INFO             PET2     LND: Run extro.
20260702 223235.912 INFO             PET2     esm: RunSequence event loopLevel=   1  levelMember=   1  loopIteration=   1, current time: 2010  6  1  0  0  0   0
20260702 223235.912 INFO             PET2     esm: RunSequence event loopLevel=   1  levelMember=   1  loopIteration=   2, current time: 2010  6  1  0 30  0   0
20260702 223235.912 INFO             PET2     ATM-TO-OCN: Run intro.
20260702 223235.914 INFO             PET2     ATM-TO-OCN: Run extro.
20260702 223235.914 INFO             PET2     OCN-TO-ATM: Run intro.
20260702 223235.914 INFO             PET2     OCN-TO-ATM: Run extro.
20260702 223235.914 INFO             PET2     ATM-TO-LND: Run intro.
20260702 223235.915 INFO             PET2     ATM-TO-LND: Run extro.
20260702 223235.915 INFO             PET2     LND-TO-ATM: Run intro.
20260702 223235.915 INFO             PET2     LND-TO-ATM: Run extro.
20260702 223235.915 INFO             PET2     ATM: Run intro.
20260702 223235.915 INFO             PET2       ------>Advancing ATM from: 2010  6  1  0 30  0   0
20260702 223235.916 INFO             PET2       ---------------------> to: 2010  6  1  1  0  0   0
20260702 223235.916 INFO             PET2     ATM: Run extro.
20260702 223235.916 INFO             PET2     esm: RunSequence event loopLevel=   2  levelMember=   1  loopIteration=   1, current time: 2010  6  1  0 30  0   0
20260702 223235.916 INFO             PET2     OCN: Run intro.
20260702 223235.916 INFO             PET2       ------>Advancing OCN from: 2010  6  1  0 30  0   0
20260702 223235.916 INFO             PET2       ---------------------> to: 2010  6  1  0 35  0   0
20260702 223235.916 INFO             PET2       ------>Advancing OCN from: 2010  6  1  0 35  0   0
20260702 223235.916 INFO             PET2       ---------------------> to: 2010  6  1  0 40  0   0
20260702 223235.917 INFO             PET2       ------>Advancing OCN from: 2010  6  1  0 40  0   0
20260702 223235.917 INFO             PET2       ---------------------> to: 2010  6  1  0 45  0   0
20260702 223235.917 INFO             PET2       ------>Advancing OCN from: 2010  6  1  0 45  0   0
20260702 223235.917 INFO             PET2       ---------------------> to: 2010  6  1  0 50  0   0
20260702 223235.917 INFO             PET2       ------>Advancing OCN from: 2010  6  1  0 50  0   0
20260702 223235.917 INFO             PET2       ---------------------> to: 2010  6  1  0 55  0   0
20260702 223235.917 INFO             PET2       ------>Advancing OCN from: 2010  6  1  0 55  0   0
20260702 223235.917 INFO             PET2       ---------------------> to: 2010  6  1  1  0  0   0
20260702 223235.917 INFO             PET2     OCN: Run extro.
20260702 223235.917 INFO             PET2     esm: RunSequence event loopLevel=   3  levelMember=   1  loopIteration=   1, current time: 2010  6  1  0 30  0   0
20260702 223235.917 INFO             PET2     esm: RunSequence event loopLevel=   4  levelMember=   1  loopIteration=   1, current time: 2010  6  1  0 30  0   0
20260702 223235.917 INFO             PET2     LND-TO-ATM: Run intro.
20260702 223235.917 INFO             PET2     LND-TO-ATM: Run extro.
20260702 223235.917 INFO             PET2     esm: RunSequence event loopLevel=   3  levelMember=   1  loopIteration=   1, current time: 2010  6  1  0 30  0   0
20260702 223235.918 INFO             PET2     esm: RunSequence event loopLevel=   3  levelMember=   1  loopIteration=   2, current time: 2010  6  1  0 35  0   0
20260702 223235.918 INFO             PET2     esm: RunSequence event loopLevel=   3  levelMember=   1  loopIteration=   3, current time: 2010  6  1  0 40  0   0
20260702 223235.918 INFO             PET2     esm: RunSequence event loopLevel=   4  levelMember=   1  loopIteration=   2, current time: 2010  6  1  0 40  0   0
20260702 223235.918 INFO             PET2     LND-TO-ATM: Run intro.
20260702 223235.918 INFO             PET2     LND-TO-ATM: Run extro.
20260702 223235.918 INFO             PET2     esm: RunSequence event loopLevel=   3  levelMember=   1  loopIteration=   3, current time: 2010  6  1  0 40  0   0
20260702 223235.918 INFO             PET2     esm: RunSequence event loopLevel=   3  levelMember=   1  loopIteration=   4, current time: 2010  6  1  0 45  0   0
20260702 223235.918 INFO             PET2     esm: RunSequence event loopLevel=   3  levelMember=   1  loopIteration=   5, current time: 2010  6  1  0 50  0   0
20260702 223235.918 INFO             PET2     esm: RunSequence event loopLevel=   4  levelMember=   1  loopIteration=   3, current time: 2010  6  1  0 50  0   0
20260702 223235.918 INFO             PET2     LND-TO-ATM: Run intro.
20260702 223235.919 INFO             PET2     LND-TO-ATM: Run extro.
20260702 223235.919 INFO             PET2     esm: RunSequence event loopLevel=   3  levelMember=   1  loopIteration=   5, current time: 2010  6  1  0 50  0   0
20260702 223235.919 INFO             PET2     esm: RunSequence event loopLevel=   3  levelMember=   1  loopIteration=   6, current time: 2010  6  1  0 55  0   0
20260702 223235.919 INFO             PET2     esm: RunSequence event loopLevel=   2  levelMember=   1  loopIteration=   1, current time: 2010  6  1  0 30  0   0
20260702 223235.919 INFO             PET2     LND: Run intro.
20260702 223235.919 INFO             PET2       ------>Advancing LND from: 2010  6  1  0 30  0   0
20260702 223235.919 INFO             PET2       ---------------------> to: 2010  6  1  0 35  0   0
20260702 223235.919 INFO             PET2       ------>Advancing LND from: 2010  6  1  0 35  0   0
20260702 223235.919 INFO             PET2       ---------------------> to: 2010  6  1  0 40  0   0
20260702 223235.919 INFO             PET2       ------>Advancing LND from: 2010  6  1  0 40  0   0
20260702 223235.919 INFO             PET2       ---------------------> to: 2010  6  1  0 45  0   0
20260702 223235.919 INFO             PET2       ------>Advancing LND from: 2010  6  1  0 45  0   0
20260702 223235.919 INFO             PET2       ---------------------> to: 2010  6  1  0 50  0   0
20260702 223235.920 INFO             PET2       ------>Advancing LND from: 2010  6  1  0 50  0   0
20260702 223235.920 INFO             PET2       ---------------------> to: 2010  6  1  0 55  0   0
20260702 223235.920 INFO             PET2       ------>Advancing LND from: 2010  6  1  0 55  0   0
20260702 223235.920 INFO             PET2       ---------------------> to: 2010  6  1  1  0  0   0
20260702 223235.920 INFO             PET2     LND: Run extro.
20260702 223235.920 INFO             PET2     esm: RunSequence event loopLevel=   1  levelMember=   1  loopIteration=   2, current time: 2010  6  1  0 30  0   0
20260702 223235.920 INFO             PET2   esm: end <--------- RunSequence
20260702 223235.920 INFO             PET2   <<<esm: leaving Run (phase=RunPhase1) with current time: 2010  6  1  1  0  0   0
20260702 223235.920 INFO             PET2 esm: Run extro.
20260702 223235.920 INFO             PET2 esm: Finalize intro.
20260702 223235.920 INFO             PET2   ATM-TO-OCN: Finalize intro.
20260702 223235.921 INFO             PET2   ATM-TO-OCN: Finalize extro.
20260702 223235.921 INFO             PET2   ATM-TO-LND: Finalize intro.
20260702 223235.921 INFO             PET2   ATM-TO-LND: Finalize extro.
20260702 223235.921 INFO             PET2   OCN-TO-ATM: Finalize intro.
20260702 223235.921 INFO             PET2   OCN-TO-ATM: Finalize extro.
20260702 223235.922 INFO             PET2   LND-TO-ATM: Finalize intro.
20260702 223235.922 INFO             PET2   LND-TO-ATM: Finalize extro.
20260702 223235.922 INFO             PET2   ATM: Finalize intro.
20260702 223235.922 INFO             PET2   ATM: Finalize extro.
20260702 223235.922 INFO             PET2   OCN: Finalize intro.
20260702 223235.922 INFO             PET2   OCN: Finalize extro.
20260702 223235.923 INFO             PET2   LND: Finalize intro.
20260702 223235.923 INFO             PET2   LND: Finalize extro.
20260702 223235.923 INFO             PET2 esm: Finalize extro.
20260702 223235.923 INFO             PET2 esmApp FINISHED
20260702 223235.923 INFO             PET2  Finalizing ESMF
20260702 223235.376 INFO             PET3 !!!!!!!!!!!!!!!!!!!!!!!!!!!!!!!!!!!!!!!!!!!!!!!!!!!!!!
20260702 223235.376 INFO             PET3 !!! THE ESMF_LOG IS SET TO OUTPUT ALL LOG MESSAGES !!!
20260702 223235.376 INFO             PET3 !!!     THIS MAY CAUSE SLOWDOWN IN PERFORMANCE     !!!
20260702 223235.376 INFO             PET3 !!! FOR PRODUCTION RUNS, USE:                      !!!
20260702 223235.376 INFO             PET3 !!!                   ESMF_LOGKIND_Multi_On_Error  !!!
20260702 223235.376 INFO             PET3 !!!!!!!!!!!!!!!!!!!!!!!!!!!!!!!!!!!!!!!!!!!!!!!!!!!!!!
20260702 223235.376 INFO             PET3 Running with ESMF Version   : feature/intel-update+gf55a8a3a41
20260702 223235.376 INFO             PET3 ESMF library build date/time: "Jul  2 2026" "21:27:39"
20260702 223235.376 INFO             PET3 ESMF library build location : /scratch3/NCEPDEV/stmp/Gerhard.Theurich/ESMF-Nightly-Testing-Hera/intel_2023.2.0_intelmpi_g_feature_intel-update/esmf
20260702 223235.376 INFO             PET3 ESMF_COMM                   : intelmpi
20260702 223235.377 INFO             PET3 ESMF_MOAB                   : enabled
20260702 223235.377 INFO             PET3 ESMF_LAPACK                 : enabled
20260702 223235.377 INFO             PET3 ESMF_NETCDF                 : enabled
20260702 223235.377 INFO             PET3 ESMF_PNETCDF                : disabled
20260702 223235.377 INFO             PET3 ESMF_PIO                    : enabled
20260702 223235.377 INFO             PET3 ESMF_YAMLCPP                : enabled
20260702 223235.377 INFO             PET3 esmApp STARTING
20260702 223235.397 INFO             PET3 esm: InitializeGeneric intro.
20260702 223235.397 INFO             PET3   esm: InitializeGeneric intro {IS}:--- StateLog() start -----------------
20260702 223235.397 INFO             PET3   esm: InitializeGeneric intro {IS}:State object is invalid! Not created or deleted!
20260702 223235.397 INFO             PET3   esm: InitializeGeneric intro {IS}:--- StateLog() end -------------------
20260702 223235.397 INFO             PET3   esm: InitializeGeneric intro {ES}:--- StateLog() start -----------------
20260702 223235.397 INFO             PET3   esm: InitializeGeneric intro {ES}:State object is invalid! Not created or deleted!
20260702 223235.397 INFO             PET3   esm: InitializeGeneric intro {ES}:--- StateLog() end -------------------
20260702 223235.397 INFO             PET3   >>>esm: entered Initialize (phase=<none>) without valid internal Clock.
20260702 223235.397 INFO             PET3   esm: InitializeP0 intro.
20260702 223235.397 INFO             PET3     esm: InitializeP0 intro {IS}:--- StateLog() start -----------------
20260702 223235.397 INFO             PET3     esm: InitializeP0 intro {IS}:State object is invalid! Not created or deleted!
20260702 223235.397 INFO             PET3     esm: InitializeP0 intro {IS}:--- StateLog() end -------------------
20260702 223235.397 INFO             PET3     esm: InitializeP0 intro {ES}:--- StateLog() start -----------------
20260702 223235.397 INFO             PET3     esm: InitializeP0 intro {ES}:State object is invalid! Not created or deleted!
20260702 223235.397 INFO             PET3     esm: InitializeP0 intro {ES}:--- StateLog() end -------------------
20260702 223235.397 INFO             PET3     >>>esm: entered Initialize (phase=<none>) without valid internal Clock.
20260702 223235.398 INFO             PET3     <<<esm: leaving Initialize (phase=<none>) without valid internal Clock.
20260702 223235.398 INFO             PET3     esm: InitializeP0 extro {IS}:--- StateLog() start -----------------
20260702 223235.398 INFO             PET3     esm: InitializeP0 extro {IS}:State object is invalid! Not created or deleted!
20260702 223235.398 INFO             PET3     esm: InitializeP0 extro {IS}:--- StateLog() end -------------------
20260702 223235.398 INFO             PET3     esm: InitializeP0 extro {ES}:--- StateLog() start -----------------
20260702 223235.398 INFO             PET3     esm: InitializeP0 extro {ES}:State object is invalid! Not created or deleted!
20260702 223235.398 INFO             PET3     esm: InitializeP0 extro {ES}:--- StateLog() end -------------------
20260702 223235.398 INFO             PET3   esm: InitializeP0 extro.
20260702 223235.398 INFO             PET3   esm: InitializeIPDv02p1 intro.
20260702 223235.398 INFO             PET3     esm: InitializeIPDv02p1 intro {IS}:--- StateLog() start -----------------
20260702 223235.398 INFO             PET3     esm: InitializeIPDv02p1 intro {IS}:State object is invalid! Not created or deleted!
20260702 223235.398 INFO             PET3     esm: InitializeIPDv02p1 intro {IS}:--- StateLog() end -------------------
20260702 223235.398 INFO             PET3     esm: InitializeIPDv02p1 intro {ES}:--- StateLog() start -----------------
20260702 223235.398 INFO             PET3     esm: InitializeIPDv02p1 intro {ES}:State object is invalid! Not created or deleted!
20260702 223235.398 INFO             PET3     esm: InitializeIPDv02p1 intro {ES}:--- StateLog() end -------------------
20260702 223235.398 INFO             PET3     >>>esm: entered Initialize (phase=<none>) without valid internal Clock.
20260702 223235.483 INFO             PET3     esm - Creating state: modelComp 1 Import State
20260702 223235.484 INFO             PET3     esm - Creating state: modelComp 1 Export State
20260702 223235.485 INFO             PET3     esm - Creating state: modelComp 2 Import State
20260702 223235.485 INFO             PET3     esm - Creating state: modelComp 2 Export State
20260702 223235.487 INFO             PET3     esm - Creating state: modelComp 3 Import State
20260702 223235.487 INFO             PET3     esm - Creating state: modelComp 3 Export State
20260702 223235.491 INFO             PET3     ATM: InitializeP0 intro.
20260702 223235.493 INFO             PET3     ATM: InitializeP0 extro.
20260702 223235.494 INFO             PET3     OCN: InitializeP0 intro.
20260702 223235.496 INFO             PET3     OCN: InitializeP0 extro.
20260702 223235.497 INFO             PET3     LND: InitializeP0 intro.
20260702 223235.499 INFO             PET3     LND: InitializeP0 extro.
20260702 223235.505 INFO             PET3     ATM-TO-OCN: InitializeP0 intro.
20260702 223235.506 INFO             PET3     ATM-TO-OCN: InitializeP0 extro.
20260702 223235.508 INFO             PET3     ATM-TO-LND: InitializeP0 intro.
20260702 223235.509 INFO             PET3     ATM-TO-LND: InitializeP0 extro.
20260702 223235.511 INFO             PET3     OCN-TO-ATM: InitializeP0 intro.
20260702 223235.512 INFO             PET3     OCN-TO-ATM: InitializeP0 extro.
20260702 223235.514 INFO             PET3     LND-TO-ATM: InitializeP0 intro.
20260702 223235.515 INFO             PET3     LND-TO-ATM: InitializeP0 extro.
20260702 223235.527 INFO             PET3     esm: IInitAdvertise intro.
20260702 223235.527 INFO             PET3     esm: IInitAdvertise extro.
20260702 223235.528 INFO             PET3     ATM: InitializeIPDvXp01 intro.
20260702 223235.534 INFO             PET3     ATM: InitializeIPDvXp01 extro.
20260702 223235.534 INFO             PET3     OCN: InitializeIPDvXp01 intro.
20260702 223235.539 INFO             PET3     OCN: InitializeIPDvXp01 extro.
20260702 223235.540 INFO             PET3     LND: InitializeIPDvXp01 intro.
20260702 223235.540 INFO             PET3     LND: InitializeIPDvXp01 extro.
20260702 223235.545 INFO             PET3     ATM-TO-OCN: InitializeIPDv05p1 intro.
20260702 223235.546 INFO             PET3     ATM-TO-OCN: InitializeIPDv05p1 extro.
20260702 223235.546 INFO             PET3     ATM-TO-LND: InitializeIPDv05p1 intro.
20260702 223235.546 INFO             PET3     ATM-TO-LND: InitializeIPDv05p1 extro.
20260702 223235.547 INFO             PET3     OCN-TO-ATM: InitializeIPDv05p1 intro.
20260702 223235.547 INFO             PET3     OCN-TO-ATM: InitializeIPDv05p1 extro.
20260702 223235.548 INFO             PET3     LND-TO-ATM: InitializeIPDv05p1 intro.
20260702 223235.548 INFO             PET3     LND-TO-ATM: InitializeIPDv05p1 extro.
20260702 223235.548 INFO             PET3     esm: IInitAdvertiseFinish intro.
20260702 223235.548 INFO             PET3     esm: IInitAdvertiseFinish extro.
20260702 223235.549 INFO             PET3     ATM-TO-OCN: InitializeIPDv05p2a intro.
20260702 223235.550 INFO             PET3     ATM-TO-OCN: InitializeIPDv05p2a extro.
20260702 223235.551 INFO             PET3     ATM-TO-LND: InitializeIPDv05p2a intro.
20260702 223235.551 INFO             PET3     ATM-TO-LND: InitializeIPDv05p2a extro.
20260702 223235.551 INFO             PET3     OCN-TO-ATM: InitializeIPDv05p2a intro.
20260702 223235.552 INFO             PET3     OCN-TO-ATM: InitializeIPDv05p2a extro.
20260702 223235.552 INFO             PET3     LND-TO-ATM: InitializeIPDv05p2a intro.
20260702 223235.552 INFO             PET3     LND-TO-ATM: InitializeIPDv05p2a extro.
20260702 223235.553 INFO             PET3     ATM-TO-OCN: InitializeIPDv05p2b intro.
20260702 223235.554 INFO             PET3     ATM-TO-OCN: InitializeIPDv05p2b extro.
20260702 223235.554 INFO             PET3     ATM-TO-LND: InitializeIPDv05p2b intro.
20260702 223235.555 INFO             PET3     ATM-TO-LND: InitializeIPDv05p2b extro.
20260702 223235.555 INFO             PET3     OCN-TO-ATM: InitializeIPDv05p2b intro.
20260702 223235.556 INFO             PET3     OCN-TO-ATM: InitializeIPDv05p2b extro.
20260702 223235.556 INFO             PET3     LND-TO-ATM: InitializeIPDv05p2b intro.
20260702 223235.557 INFO             PET3     LND-TO-ATM: InitializeIPDv05p2b extro.
20260702 223235.557 INFO             PET3     esm: IInitModifyCplLists intro.
20260702 223235.558 INFO             PET3     esm: IInitModifyCplLists extro.
20260702 223235.559 INFO             PET3     ATM-TO-OCN: InitializeIPDv05p3 intro.
20260702 223235.561 INFO             PET3     ATM-TO-OCN: InitializeIPDv05p3 extro.
20260702 223235.561 INFO             PET3     ATM-TO-LND: InitializeIPDv05p3 intro.
20260702 223235.562 INFO             PET3     ATM-TO-LND: InitializeIPDv05p3 extro.
20260702 223235.562 INFO             PET3     OCN-TO-ATM: InitializeIPDv05p3 intro.
20260702 223235.563 INFO             PET3     OCN-TO-ATM: InitializeIPDv05p3 extro.
20260702 223235.564 INFO             PET3     LND-TO-ATM: InitializeIPDv05p3 intro.
20260702 223235.564 INFO             PET3     LND-TO-ATM: InitializeIPDv05p3 extro.
20260702 223235.565 INFO             PET3     <<<esm: leaving Initialize (phase=<none>) with current time: 2010  6  1  0  0  0   0
20260702 223235.565 INFO             PET3     esm: InitializeIPDv02p1 extro {IS}:--- StateLog() start -----------------
20260702 223235.565 INFO             PET3     esm: InitializeIPDv02p1 extro {IS}:State object is invalid! Not created or deleted!
20260702 223235.565 INFO             PET3     esm: InitializeIPDv02p1 extro {IS}:--- StateLog() end -------------------
20260702 223235.565 INFO             PET3     esm: InitializeIPDv02p1 extro {ES}:--- StateLog() start -----------------
20260702 223235.565 INFO             PET3     esm: InitializeIPDv02p1 extro {ES}:State object is invalid! Not created or deleted!
20260702 223235.565 INFO             PET3     esm: InitializeIPDv02p1 extro {ES}:--- StateLog() end -------------------
20260702 223235.565 INFO             PET3   esm: InitializeIPDv02p1 extro.
20260702 223235.565 INFO             PET3   esm: InitializeIPDv02p3 intro.
20260702 223235.566 INFO             PET3     esm: IInitCheck intro.
20260702 223235.566 INFO             PET3     esm: IInitCheck extro.
20260702 223235.566 INFO             PET3     ATM: InitializeIPDvXp04 intro.
20260702 223235.580 INFO             PET3     ATM: InitializeIPDvXp04 extro.
20260702 223235.580 INFO             PET3     OCN: InitializeIPDvXp04 intro.
20260702 223235.592 INFO             PET3     OCN: InitializeIPDvXp04 extro.
20260702 223235.592 INFO             PET3     LND: InitializeIPDvXp04 intro.
20260702 223235.592 INFO             PET3     LND: InitializeIPDvXp04 extro.
20260702 223235.598 INFO             PET3     ATM-TO-OCN: InitializeIPDv05p4 intro.
20260702 223235.599 INFO             PET3     ATM-TO-OCN: InitializeIPDv05p4 extro.
20260702 223235.600 INFO             PET3     ATM-TO-LND: InitializeIPDv05p4 intro.
20260702 223235.600 INFO             PET3     ATM-TO-LND: InitializeIPDv05p4 extro.
20260702 223235.601 INFO             PET3     OCN-TO-ATM: InitializeIPDv05p4 intro.
20260702 223235.602 INFO             PET3     OCN-TO-ATM: InitializeIPDv05p4 extro.
20260702 223235.602 INFO             PET3     LND-TO-ATM: InitializeIPDv05p4 intro.
20260702 223235.603 INFO             PET3     LND-TO-ATM: InitializeIPDv05p4 extro.
20260702 223235.604 INFO             PET3     ATM-TO-OCN: InitializeIPDv05p5 intro.
20260702 223235.605 INFO             PET3     ATM-TO-OCN: InitializeIPDv05p5 extro.
20260702 223235.605 INFO             PET3     ATM-TO-LND: InitializeIPDv05p5 intro.
20260702 223235.606 INFO             PET3     ATM-TO-LND: InitializeIPDv05p5 extro.
20260702 223235.606 INFO             PET3     OCN-TO-ATM: InitializeIPDv05p5 intro.
20260702 223235.607 INFO             PET3     OCN-TO-ATM: InitializeIPDv05p5 extro.
20260702 223235.608 INFO             PET3     LND-TO-ATM: InitializeIPDv05p5 intro.
20260702 223235.608 INFO             PET3     LND-TO-ATM: InitializeIPDv05p5 extro.
20260702 223235.609 INFO             PET3     esm: IInitRealize intro.
20260702 223235.609 INFO             PET3     esm: IInitRealize extro.
20260702 223235.610 INFO             PET3     ATM-TO-OCN: InitializeIPDv05p6a intro.
20260702 223235.610 INFO             PET3     ATM-TO-OCN: InitializeIPDv05p6a extro.
20260702 223235.610 INFO             PET3     ATM-TO-LND: InitializeIPDv05p6a intro.
20260702 223235.611 INFO             PET3     ATM-TO-LND: InitializeIPDv05p6a extro.
20260702 223235.611 INFO             PET3     OCN-TO-ATM: InitializeIPDv05p6a intro.
20260702 223235.611 INFO             PET3     OCN-TO-ATM: InitializeIPDv05p6a extro.
20260702 223235.612 INFO             PET3     LND-TO-ATM: InitializeIPDv05p6a intro.
20260702 223235.612 INFO             PET3     LND-TO-ATM: InitializeIPDv05p6a extro.
20260702 223235.612 INFO             PET3     ATM-TO-OCN: InitializeIPDv05p6b intro.
20260702 223235.756 INFO             PET3     ATM-TO-OCN: InitializeIPDv05p6b extro.
20260702 223235.756 INFO             PET3     ATM-TO-LND: InitializeIPDv05p6b intro.
20260702 223235.757 INFO             PET3     ATM-TO-LND: InitializeIPDv05p6b extro.
20260702 223235.757 INFO             PET3     OCN-TO-ATM: InitializeIPDv05p6b intro.
20260702 223235.891 INFO             PET3     OCN-TO-ATM: InitializeIPDv05p6b extro.
20260702 223235.892 INFO             PET3     LND-TO-ATM: InitializeIPDv05p6b intro.
20260702 223235.892 INFO             PET3     LND-TO-ATM: InitializeIPDv05p6b extro.
20260702 223235.893 INFO             PET3     ATM: InitializeIPDvXp07 intro.
20260702 223235.893 INFO             PET3     ATM: InitializeIPDvXp07 extro.
20260702 223235.893 INFO             PET3     OCN: InitializeIPDvXp07 intro.
20260702 223235.894 INFO             PET3     OCN: InitializeIPDvXp07 extro.
20260702 223235.894 INFO             PET3     LND: InitializeIPDvXp07 intro.
20260702 223235.894 INFO             PET3     LND: InitializeIPDvXp07 extro.
20260702 223235.894 INFO             PET3   esm: InitializeIPDv02p3 extro.
20260702 223235.894 INFO             PET3   esm: InitializeIPDv02p5 intro.
20260702 223235.895 INFO             PET3     esm: InitializeIPDv02p5Data intro.
20260702 223235.895 INFO             PET3       esm: InternalInitializeComplete intro.
20260702 223235.895 INFO             PET3       esm: InternalInitializeComplete extro.
20260702 223235.896 INFO             PET3       ATM: InitializeIPDv01p5 intro.
20260702 223235.896 INFO             PET3       ATM: InitializeIPDv01p5 extro.
20260702 223235.896 INFO             PET3       OCN: InitializeIPDv01p5 intro.
20260702 223235.896 INFO             PET3       OCN: InitializeIPDv01p5 extro.
20260702 223235.897 INFO             PET3       LND: InitializeIPDv01p5 intro.
20260702 223235.897 INFO             PET3       LND: InitializeIPDv01p5 extro.
20260702 223235.903 INFO             PET3       esm: loopDataDependentInitialize intro.
20260702 223235.903 INFO             PET3       esm: loopDataDependentInitialize extro.
20260702 223235.903 INFO             PET3     esm: InitializeIPDv02p5Data extro.
20260702 223235.903 INFO             PET3   esm: InitializeIPDv02p5 extro.
20260702 223235.903 INFO             PET3   <<<esm: leaving Initialize (phase=<none>) with current time: 2010  6  1  0  0  0   0
20260702 223235.904 INFO             PET3   esm: InitializeGeneric extro {IS}:--- StateLog() start -----------------
20260702 223235.904 INFO             PET3   esm: InitializeGeneric extro {IS}:State object is invalid! Not created or deleted!
20260702 223235.904 INFO             PET3   esm: InitializeGeneric extro {IS}:--- StateLog() end -------------------
20260702 223235.904 INFO             PET3   esm: InitializeGeneric extro {ES}:--- StateLog() start -----------------
20260702 223235.904 INFO             PET3   esm: InitializeGeneric extro {ES}:State object is invalid! Not created or deleted!
20260702 223235.904 INFO             PET3   esm: InitializeGeneric extro {ES}:--- StateLog() end -------------------
20260702 223235.904 INFO             PET3 esm: InitializeGeneric extro.
20260702 223235.904 INFO             PET3 esm: Run intro.
20260702 223235.904 INFO             PET3   >>>esm: entered Run (phase=RunPhase1) with current time: 2010  6  1  0  0  0   0
20260702 223235.904 INFO             PET3   esm: after lable_SetRunClock, current time: 2010  6  1  0  0  0   0
20260702 223235.904 INFO             PET3   esm: begin -------> RunSequence.
20260702 223235.904 INFO             PET3     esm: RunSequence event loopLevel=   1  levelMember=   1  loopIteration=   1, current time: 2010  6  1  0  0  0   0
20260702 223235.905 INFO             PET3     ATM-TO-OCN: Run intro.
20260702 223235.905 INFO             PET3     ATM-TO-OCN: Run extro.
20260702 223235.905 INFO             PET3     OCN-TO-ATM: Run intro.
20260702 223235.906 INFO             PET3     OCN-TO-ATM: Run extro.
20260702 223235.906 INFO             PET3     ATM-TO-LND: Run intro.
20260702 223235.906 INFO             PET3     ATM-TO-LND: Run extro.
20260702 223235.906 INFO             PET3     LND-TO-ATM: Run intro.
20260702 223235.906 INFO             PET3     LND-TO-ATM: Run extro.
20260702 223235.907 INFO             PET3     ATM: Run intro.
20260702 223235.907 INFO             PET3       ------>Advancing ATM from: 2010  6  1  0  0  0   0
20260702 223235.907 INFO             PET3       ---------------------> to: 2010  6  1  0 30  0   0
20260702 223235.907 INFO             PET3     ATM: Run extro.
20260702 223235.907 INFO             PET3     esm: RunSequence event loopLevel=   2  levelMember=   1  loopIteration=   1, current time: 2010  6  1  0  0  0   0
20260702 223235.908 INFO             PET3     OCN: Run intro.
20260702 223235.908 INFO             PET3       ------>Advancing OCN from: 2010  6  1  0  0  0   0
20260702 223235.908 INFO             PET3       ---------------------> to: 2010  6  1  0  5  0   0
20260702 223235.908 INFO             PET3       ------>Advancing OCN from: 2010  6  1  0  5  0   0
20260702 223235.908 INFO             PET3       ---------------------> to: 2010  6  1  0 10  0   0
20260702 223235.908 INFO             PET3       ------>Advancing OCN from: 2010  6  1  0 10  0   0
20260702 223235.908 INFO             PET3       ---------------------> to: 2010  6  1  0 15  0   0
20260702 223235.908 INFO             PET3       ------>Advancing OCN from: 2010  6  1  0 15  0   0
20260702 223235.908 INFO             PET3       ---------------------> to: 2010  6  1  0 20  0   0
20260702 223235.908 INFO             PET3       ------>Advancing OCN from: 2010  6  1  0 20  0   0
20260702 223235.908 INFO             PET3       ---------------------> to: 2010  6  1  0 25  0   0
20260702 223235.908 INFO             PET3       ------>Advancing OCN from: 2010  6  1  0 25  0   0
20260702 223235.908 INFO             PET3       ---------------------> to: 2010  6  1  0 30  0   0
20260702 223235.909 INFO             PET3     OCN: Run extro.
20260702 223235.909 INFO             PET3     esm: RunSequence event loopLevel=   3  levelMember=   1  loopIteration=   1, current time: 2010  6  1  0  0  0   0
20260702 223235.909 INFO             PET3     esm: RunSequence event loopLevel=   4  levelMember=   1  loopIteration=   1, current time: 2010  6  1  0  0  0   0
20260702 223235.909 INFO             PET3     LND-TO-ATM: Run intro.
20260702 223235.909 INFO             PET3     LND-TO-ATM: Run extro.
20260702 223235.909 INFO             PET3     esm: RunSequence event loopLevel=   3  levelMember=   1  loopIteration=   1, current time: 2010  6  1  0  0  0   0
20260702 223235.909 INFO             PET3     esm: RunSequence event loopLevel=   3  levelMember=   1  loopIteration=   2, current time: 2010  6  1  0  5  0   0
20260702 223235.909 INFO             PET3     esm: RunSequence event loopLevel=   3  levelMember=   1  loopIteration=   3, current time: 2010  6  1  0 10  0   0
20260702 223235.909 INFO             PET3     esm: RunSequence event loopLevel=   4  levelMember=   1  loopIteration=   2, current time: 2010  6  1  0 10  0   0
20260702 223235.910 INFO             PET3     LND-TO-ATM: Run intro.
20260702 223235.910 INFO             PET3     LND-TO-ATM: Run extro.
20260702 223235.910 INFO             PET3     esm: RunSequence event loopLevel=   3  levelMember=   1  loopIteration=   3, current time: 2010  6  1  0 10  0   0
20260702 223235.910 INFO             PET3     esm: RunSequence event loopLevel=   3  levelMember=   1  loopIteration=   4, current time: 2010  6  1  0 15  0   0
20260702 223235.910 INFO             PET3     esm: RunSequence event loopLevel=   3  levelMember=   1  loopIteration=   5, current time: 2010  6  1  0 20  0   0
20260702 223235.910 INFO             PET3     esm: RunSequence event loopLevel=   4  levelMember=   1  loopIteration=   3, current time: 2010  6  1  0 20  0   0
20260702 223235.910 INFO             PET3     LND-TO-ATM: Run intro.
20260702 223235.910 INFO             PET3     LND-TO-ATM: Run extro.
20260702 223235.910 INFO             PET3     esm: RunSequence event loopLevel=   3  levelMember=   1  loopIteration=   5, current time: 2010  6  1  0 20  0   0
20260702 223235.910 INFO             PET3     esm: RunSequence event loopLevel=   3  levelMember=   1  loopIteration=   6, current time: 2010  6  1  0 25  0   0
20260702 223235.910 INFO             PET3     esm: RunSequence event loopLevel=   2  levelMember=   1  loopIteration=   1, current time: 2010  6  1  0  0  0   0
20260702 223235.911 INFO             PET3     LND: Run intro.
20260702 223235.911 INFO             PET3       ------>Advancing LND from: 2010  6  1  0  0  0   0
20260702 223235.911 INFO             PET3       ---------------------> to: 2010  6  1  0  5  0   0
20260702 223235.911 INFO             PET3       ------>Advancing LND from: 2010  6  1  0  5  0   0
20260702 223235.911 INFO             PET3       ---------------------> to: 2010  6  1  0 10  0   0
20260702 223235.911 INFO             PET3       ------>Advancing LND from: 2010  6  1  0 10  0   0
20260702 223235.911 INFO             PET3       ---------------------> to: 2010  6  1  0 15  0   0
20260702 223235.911 INFO             PET3       ------>Advancing LND from: 2010  6  1  0 15  0   0
20260702 223235.911 INFO             PET3       ---------------------> to: 2010  6  1  0 20  0   0
20260702 223235.911 INFO             PET3       ------>Advancing LND from: 2010  6  1  0 20  0   0
20260702 223235.911 INFO             PET3       ---------------------> to: 2010  6  1  0 25  0   0
20260702 223235.911 INFO             PET3       ------>Advancing LND from: 2010  6  1  0 25  0   0
20260702 223235.911 INFO             PET3       ---------------------> to: 2010  6  1  0 30  0   0
20260702 223235.911 INFO             PET3     LND: Run extro.
20260702 223235.911 INFO             PET3     esm: RunSequence event loopLevel=   1  levelMember=   1  loopIteration=   1, current time: 2010  6  1  0  0  0   0
20260702 223235.911 INFO             PET3     esm: RunSequence event loopLevel=   1  levelMember=   1  loopIteration=   2, current time: 2010  6  1  0 30  0   0
20260702 223235.912 INFO             PET3     ATM-TO-OCN: Run intro.
20260702 223235.912 INFO             PET3     ATM-TO-OCN: Run extro.
20260702 223235.913 INFO             PET3     OCN-TO-ATM: Run intro.
20260702 223235.913 INFO             PET3     OCN-TO-ATM: Run extro.
20260702 223235.913 INFO             PET3     ATM-TO-LND: Run intro.
20260702 223235.913 INFO             PET3     ATM-TO-LND: Run extro.
20260702 223235.914 INFO             PET3     LND-TO-ATM: Run intro.
20260702 223235.914 INFO             PET3     LND-TO-ATM: Run extro.
20260702 223235.914 INFO             PET3     ATM: Run intro.
20260702 223235.914 INFO             PET3       ------>Advancing ATM from: 2010  6  1  0 30  0   0
20260702 223235.914 INFO             PET3       ---------------------> to: 2010  6  1  1  0  0   0
20260702 223235.914 INFO             PET3     ATM: Run extro.
20260702 223235.914 INFO             PET3     esm: RunSequence event loopLevel=   2  levelMember=   1  loopIteration=   1, current time: 2010  6  1  0 30  0   0
20260702 223235.915 INFO             PET3     OCN: Run intro.
20260702 223235.915 INFO             PET3       ------>Advancing OCN from: 2010  6  1  0 30  0   0
20260702 223235.915 INFO             PET3       ---------------------> to: 2010  6  1  0 35  0   0
20260702 223235.915 INFO             PET3       ------>Advancing OCN from: 2010  6  1  0 35  0   0
20260702 223235.915 INFO             PET3       ---------------------> to: 2010  6  1  0 40  0   0
20260702 223235.915 INFO             PET3       ------>Advancing OCN from: 2010  6  1  0 40  0   0
20260702 223235.915 INFO             PET3       ---------------------> to: 2010  6  1  0 45  0   0
20260702 223235.915 INFO             PET3       ------>Advancing OCN from: 2010  6  1  0 45  0   0
20260702 223235.915 INFO             PET3       ---------------------> to: 2010  6  1  0 50  0   0
20260702 223235.915 INFO             PET3       ------>Advancing OCN from: 2010  6  1  0 50  0   0
20260702 223235.915 INFO             PET3       ---------------------> to: 2010  6  1  0 55  0   0
20260702 223235.915 INFO             PET3       ------>Advancing OCN from: 2010  6  1  0 55  0   0
20260702 223235.916 INFO             PET3       ---------------------> to: 2010  6  1  1  0  0   0
20260702 223235.916 INFO             PET3     OCN: Run extro.
20260702 223235.916 INFO             PET3     esm: RunSequence event loopLevel=   3  levelMember=   1  loopIteration=   1, current time: 2010  6  1  0 30  0   0
20260702 223235.916 INFO             PET3     esm: RunSequence event loopLevel=   4  levelMember=   1  loopIteration=   1, current time: 2010  6  1  0 30  0   0
20260702 223235.916 INFO             PET3     LND-TO-ATM: Run intro.
20260702 223235.916 INFO             PET3     LND-TO-ATM: Run extro.
20260702 223235.916 INFO             PET3     esm: RunSequence event loopLevel=   3  levelMember=   1  loopIteration=   1, current time: 2010  6  1  0 30  0   0
20260702 223235.916 INFO             PET3     esm: RunSequence event loopLevel=   3  levelMember=   1  loopIteration=   2, current time: 2010  6  1  0 35  0   0
20260702 223235.916 INFO             PET3     esm: RunSequence event loopLevel=   3  levelMember=   1  loopIteration=   3, current time: 2010  6  1  0 40  0   0
20260702 223235.916 INFO             PET3     esm: RunSequence event loopLevel=   4  levelMember=   1  loopIteration=   2, current time: 2010  6  1  0 40  0   0
20260702 223235.917 INFO             PET3     LND-TO-ATM: Run intro.
20260702 223235.917 INFO             PET3     LND-TO-ATM: Run extro.
20260702 223235.917 INFO             PET3     esm: RunSequence event loopLevel=   3  levelMember=   1  loopIteration=   3, current time: 2010  6  1  0 40  0   0
20260702 223235.917 INFO             PET3     esm: RunSequence event loopLevel=   3  levelMember=   1  loopIteration=   4, current time: 2010  6  1  0 45  0   0
20260702 223235.917 INFO             PET3     esm: RunSequence event loopLevel=   3  levelMember=   1  loopIteration=   5, current time: 2010  6  1  0 50  0   0
20260702 223235.917 INFO             PET3     esm: RunSequence event loopLevel=   4  levelMember=   1  loopIteration=   3, current time: 2010  6  1  0 50  0   0
20260702 223235.917 INFO             PET3     LND-TO-ATM: Run intro.
20260702 223235.917 INFO             PET3     LND-TO-ATM: Run extro.
20260702 223235.917 INFO             PET3     esm: RunSequence event loopLevel=   3  levelMember=   1  loopIteration=   5, current time: 2010  6  1  0 50  0   0
20260702 223235.917 INFO             PET3     esm: RunSequence event loopLevel=   3  levelMember=   1  loopIteration=   6, current time: 2010  6  1  0 55  0   0
20260702 223235.917 INFO             PET3     esm: RunSequence event loopLevel=   2  levelMember=   1  loopIteration=   1, current time: 2010  6  1  0 30  0   0
20260702 223235.918 INFO             PET3     LND: Run intro.
20260702 223235.918 INFO             PET3       ------>Advancing LND from: 2010  6  1  0 30  0   0
20260702 223235.918 INFO             PET3       ---------------------> to: 2010  6  1  0 35  0   0
20260702 223235.918 INFO             PET3       ------>Advancing LND from: 2010  6  1  0 35  0   0
20260702 223235.918 INFO             PET3       ---------------------> to: 2010  6  1  0 40  0   0
20260702 223235.918 INFO             PET3       ------>Advancing LND from: 2010  6  1  0 40  0   0
20260702 223235.918 INFO             PET3       ---------------------> to: 2010  6  1  0 45  0   0
20260702 223235.918 INFO             PET3       ------>Advancing LND from: 2010  6  1  0 45  0   0
20260702 223235.918 INFO             PET3       ---------------------> to: 2010  6  1  0 50  0   0
20260702 223235.918 INFO             PET3       ------>Advancing LND from: 2010  6  1  0 50  0   0
20260702 223235.918 INFO             PET3       ---------------------> to: 2010  6  1  0 55  0   0
20260702 223235.918 INFO             PET3       ------>Advancing LND from: 2010  6  1  0 55  0   0
20260702 223235.918 INFO             PET3       ---------------------> to: 2010  6  1  1  0  0   0
20260702 223235.918 INFO             PET3     LND: Run extro.
20260702 223235.918 INFO             PET3     esm: RunSequence event loopLevel=   1  levelMember=   1  loopIteration=   2, current time: 2010  6  1  0 30  0   0
20260702 223235.919 INFO             PET3   esm: end <--------- RunSequence
20260702 223235.919 INFO             PET3   <<<esm: leaving Run (phase=RunPhase1) with current time: 2010  6  1  1  0  0   0
20260702 223235.919 INFO             PET3 esm: Run extro.
20260702 223235.919 INFO             PET3 esm: Finalize intro.
20260702 223235.919 INFO             PET3   ATM-TO-OCN: Finalize intro.
20260702 223235.919 INFO             PET3   ATM-TO-OCN: Finalize extro.
20260702 223235.920 INFO             PET3   ATM-TO-LND: Finalize intro.
20260702 223235.920 INFO             PET3   ATM-TO-LND: Finalize extro.
20260702 223235.920 INFO             PET3   OCN-TO-ATM: Finalize intro.
20260702 223235.920 INFO             PET3   OCN-TO-ATM: Finalize extro.
20260702 223235.920 INFO             PET3   LND-TO-ATM: Finalize intro.
20260702 223235.920 INFO             PET3   LND-TO-ATM: Finalize extro.
20260702 223235.921 INFO             PET3   ATM: Finalize intro.
20260702 223235.921 INFO             PET3   ATM: Finalize extro.
20260702 223235.921 INFO             PET3   OCN: Finalize intro.
20260702 223235.921 INFO             PET3   OCN: Finalize extro.
20260702 223235.921 INFO             PET3   LND: Finalize intro.
20260702 223235.921 INFO             PET3   LND: Finalize extro.
20260702 223235.922 INFO             PET3 esm: Finalize extro.
20260702 223235.922 INFO             PET3 esmApp FINISHED
20260702 223235.922 INFO             PET3  Finalizing ESMF
