2026-05-16 01:50:45
20260516 054210.952 INFO             PET0 !!!!!!!!!!!!!!!!!!!!!!!!!!!!!!!!!!!!!!!!!!!!!!!!!!!!!!
20260516 054210.952 INFO             PET0 !!! THE ESMF_LOG IS SET TO OUTPUT ALL LOG MESSAGES !!!
20260516 054210.952 INFO             PET0 !!!     THIS MAY CAUSE SLOWDOWN IN PERFORMANCE     !!!
20260516 054210.952 INFO             PET0 !!! FOR PRODUCTION RUNS, USE:                      !!!
20260516 054210.952 INFO             PET0 !!!                   ESMF_LOGKIND_Multi_On_Error  !!!
20260516 054210.952 INFO             PET0 !!!!!!!!!!!!!!!!!!!!!!!!!!!!!!!!!!!!!!!!!!!!!!!!!!!!!!
20260516 054210.952 INFO             PET0 Running with ESMF Version   : v9.0.0b13
20260516 054210.952 INFO             PET0 ESMF library build date/time: "May 16 2026" "01:48:57"
20260516 054210.952 INFO             PET0 ESMF library build location : /discover/nobackup/projects/gmao/SIteam/ESMF_Testing/nag_7.2.28_openmpi_g_develop/esmf
20260516 054210.952 INFO             PET0 ESMF_COMM                   : openmpi
20260516 054210.952 INFO             PET0 ESMF_MOAB                   : enabled
20260516 054210.952 INFO             PET0 ESMF_LAPACK                 : enabled
20260516 054210.952 INFO             PET0 ESMF_NETCDF                 : enabled
20260516 054210.952 INFO             PET0 ESMF_PNETCDF                : disabled
20260516 054210.953 INFO             PET0 ESMF_PIO                    : enabled
20260516 054210.953 INFO             PET0 ESMF_YAMLCPP                : enabled
20260516 054210.954 INFO             PET0 esmApp STARTING
20260516 054210.963 INFO             PET0 esm: InitializeGeneric intro.
20260516 054210.963 INFO             PET0   esm: InitializeGeneric intro {IS}:--- StateLog() start -----------------
20260516 054210.963 INFO             PET0   esm: InitializeGeneric intro {IS}:State object is invalid! Not created or deleted!
20260516 054210.963 INFO             PET0   esm: InitializeGeneric intro {IS}:--- StateLog() end -------------------
20260516 054210.963 INFO             PET0   esm: InitializeGeneric intro {ES}:--- StateLog() start -----------------
20260516 054210.963 INFO             PET0   esm: InitializeGeneric intro {ES}:State object is invalid! Not created or deleted!
20260516 054210.963 INFO             PET0   esm: InitializeGeneric intro {ES}:--- StateLog() end -------------------
20260516 054210.963 INFO             PET0   >>>esm: entered Initialize (phase=<none>) without valid internal Clock.
20260516 054210.963 INFO             PET0   esm: InitializeP0 intro.
20260516 054210.963 INFO             PET0     esm: InitializeP0 intro {IS}:--- StateLog() start -----------------
20260516 054210.963 INFO             PET0     esm: InitializeP0 intro {IS}:State object is invalid! Not created or deleted!
20260516 054210.963 INFO             PET0     esm: InitializeP0 intro {IS}:--- StateLog() end -------------------
20260516 054210.963 INFO             PET0     esm: InitializeP0 intro {ES}:--- StateLog() start -----------------
20260516 054210.963 INFO             PET0     esm: InitializeP0 intro {ES}:State object is invalid! Not created or deleted!
20260516 054210.963 INFO             PET0     esm: InitializeP0 intro {ES}:--- StateLog() end -------------------
20260516 054210.963 INFO             PET0     >>>esm: entered Initialize (phase=<none>) without valid internal Clock.
20260516 054210.963 INFO             PET0     <<<esm: leaving Initialize (phase=<none>) without valid internal Clock.
20260516 054210.963 INFO             PET0     esm: InitializeP0 extro {IS}:--- StateLog() start -----------------
20260516 054210.963 INFO             PET0     esm: InitializeP0 extro {IS}:State object is invalid! Not created or deleted!
20260516 054210.964 INFO             PET0     esm: InitializeP0 extro {IS}:--- StateLog() end -------------------
20260516 054210.964 INFO             PET0     esm: InitializeP0 extro {ES}:--- StateLog() start -----------------
20260516 054210.964 INFO             PET0     esm: InitializeP0 extro {ES}:State object is invalid! Not created or deleted!
20260516 054210.964 INFO             PET0     esm: InitializeP0 extro {ES}:--- StateLog() end -------------------
20260516 054210.964 INFO             PET0   esm: InitializeP0 extro.
20260516 054210.964 INFO             PET0   esm: InitializeIPDv02p1 intro.
20260516 054210.964 INFO             PET0     esm: InitializeIPDv02p1 intro {IS}:--- StateLog() start -----------------
20260516 054210.964 INFO             PET0     esm: InitializeIPDv02p1 intro {IS}:State object is invalid! Not created or deleted!
20260516 054210.964 INFO             PET0     esm: InitializeIPDv02p1 intro {IS}:--- StateLog() end -------------------
20260516 054210.964 INFO             PET0     esm: InitializeIPDv02p1 intro {ES}:--- StateLog() start -----------------
20260516 054210.964 INFO             PET0     esm: InitializeIPDv02p1 intro {ES}:State object is invalid! Not created or deleted!
20260516 054210.964 INFO             PET0     esm: InitializeIPDv02p1 intro {ES}:--- StateLog() end -------------------
20260516 054210.964 INFO             PET0     >>>esm: entered Initialize (phase=<none>) without valid internal Clock.
20260516 054210.965 INFO             PET0     esm - Creating model component ATM with petList of size 2 :
20260516 054210.965 INFO             PET0           0      1
20260516 054210.967 INFO             PET0     esm - Creating model component OCN with petList of size 2 :
20260516 054210.968 INFO             PET0           2      3
20260516 054210.968 INFO             PET0     esm - Creating connector component ATM-TO-OCN with petList of size 4 :
20260516 054210.968 INFO             PET0           0      1      2      3
20260516 054210.976 INFO             PET0     esm - Creating connector component OCN-TO-ATM with petList of size 4 :
20260516 054210.976 INFO             PET0           2      3      0      1
20260516 054210.981 INFO             PET0     esm - Creating state: modelComp 1 Import State
20260516 054210.981 INFO             PET0     esm - Creating state: modelComp 1 Export State
20260516 054210.982 INFO             PET0     esm - Creating state: modelComp 2 Import State
20260516 054210.982 INFO             PET0     esm - Creating state: modelComp 2 Export State
20260516 054210.983 INFO             PET0     ATM: InitializeP0 intro.
20260516 054210.984 INFO             PET0     ATM: InitializeP0 extro.
20260516 054210.987 INFO             PET0     ATM-TO-OCN: InitializeP0 intro.
20260516 054210.988 INFO             PET0     ATM-TO-OCN: InitializeP0 extro.
20260516 054210.988 INFO             PET0     OCN-TO-ATM: InitializeP0 intro.
20260516 054210.989 INFO             PET0     OCN-TO-ATM: InitializeP0 extro.
20260516 054210.991 INFO             PET0     esm: IInitAdvertise intro.
20260516 054210.991 INFO             PET0       esm: IInitAdvertise intro {IS}:--- StateLog() start -----------------
20260516 054210.991 INFO             PET0       esm: IInitAdvertise intro {IS}:State object is invalid! Not created or deleted!
20260516 054210.991 INFO             PET0       esm: IInitAdvertise intro {IS}:--- StateLog() end -------------------
20260516 054210.991 INFO             PET0       esm: IInitAdvertise intro {ES}:--- StateLog() start -----------------
20260516 054210.991 INFO             PET0       esm: IInitAdvertise intro {ES}:State object is invalid! Not created or deleted!
20260516 054210.991 INFO             PET0       esm: IInitAdvertise intro {ES}:--- StateLog() end -------------------
20260516 054210.991 INFO             PET0       >>>esm: entered Initialize (phase=<none>) with current time: 2010  6  1  0  0  0   0
20260516 054210.991 INFO             PET0       <<<esm: leaving Initialize (phase=<none>) with current time: 2010  6  1  0  0  0   0
20260516 054210.991 INFO             PET0       esm: IInitAdvertise extro {IS}:--- StateLog() start -----------------
20260516 054210.991 INFO             PET0       esm: IInitAdvertise extro {IS}:State object is invalid! Not created or deleted!
20260516 054210.991 INFO             PET0       esm: IInitAdvertise extro {IS}:--- StateLog() end -------------------
20260516 054210.991 INFO             PET0       esm: IInitAdvertise extro {ES}:--- StateLog() start -----------------
20260516 054210.991 INFO             PET0       esm: IInitAdvertise extro {ES}:State object is invalid! Not created or deleted!
20260516 054210.991 INFO             PET0       esm: IInitAdvertise extro {ES}:--- StateLog() end -------------------
20260516 054210.991 INFO             PET0     esm: IInitAdvertise extro.
20260516 054210.992 INFO             PET0     ATM: InitializeIPDvXp01 intro.
20260516 054210.995 INFO             PET0     ATM: InitializeIPDvXp01 extro.
20260516 054210.997 INFO             PET0     ATM-TO-OCN: InitializeIPDv05p1 intro.
20260516 054211.005 INFO             PET0     ATM-TO-OCN: InitializeIPDv05p1 extro.
20260516 054211.005 INFO             PET0     OCN-TO-ATM: InitializeIPDv05p1 intro.
20260516 054211.008 INFO             PET0     OCN-TO-ATM: InitializeIPDv05p1 extro.
20260516 054211.008 INFO             PET0     esm: IInitAdvertiseFinish intro.
20260516 054211.008 INFO             PET0       esm: IInitAdvertiseFinish intro {IS}:--- StateLog() start -----------------
20260516 054211.008 INFO             PET0       esm: IInitAdvertiseFinish intro {IS}:State object is invalid! Not created or deleted!
20260516 054211.008 INFO             PET0       esm: IInitAdvertiseFinish intro {IS}:--- StateLog() end -------------------
20260516 054211.008 INFO             PET0       esm: IInitAdvertiseFinish intro {ES}:--- StateLog() start -----------------
20260516 054211.008 INFO             PET0       esm: IInitAdvertiseFinish intro {ES}:State object is invalid! Not created or deleted!
20260516 054211.008 INFO             PET0       esm: IInitAdvertiseFinish intro {ES}:--- StateLog() end -------------------
20260516 054211.008 INFO             PET0       >>>esm: entered Initialize (phase=<none>) with current time: 2010  6  1  0  0  0   0
20260516 054211.008 INFO             PET0       <<<esm: leaving Initialize (phase=<none>) with current time: 2010  6  1  0  0  0   0
20260516 054211.008 INFO             PET0       esm: IInitAdvertiseFinish extro {IS}:--- StateLog() start -----------------
20260516 054211.008 INFO             PET0       esm: IInitAdvertiseFinish extro {IS}:State object is invalid! Not created or deleted!
20260516 054211.008 INFO             PET0       esm: IInitAdvertiseFinish extro {IS}:--- StateLog() end -------------------
20260516 054211.008 INFO             PET0       esm: IInitAdvertiseFinish extro {ES}:--- StateLog() start -----------------
20260516 054211.008 INFO             PET0       esm: IInitAdvertiseFinish extro {ES}:State object is invalid! Not created or deleted!
20260516 054211.008 INFO             PET0       esm: IInitAdvertiseFinish extro {ES}:--- StateLog() end -------------------
20260516 054211.008 INFO             PET0     esm: IInitAdvertiseFinish extro.
20260516 054211.009 INFO             PET0     ATM-TO-OCN: InitializeIPDv05p2a intro.
20260516 054211.017 INFO             PET0     ATM-TO-OCN: InitializeIPDv05p2a extro.
20260516 054211.017 INFO             PET0     OCN-TO-ATM: InitializeIPDv05p2a intro.
20260516 054211.020 INFO             PET0     OCN-TO-ATM: InitializeIPDv05p2a extro.
20260516 054211.020 INFO             PET0     ATM-TO-OCN: InitializeIPDv05p2b intro.
20260516 054211.028 INFO             PET0     ATM-TO-OCN: InitializeIPDv05p2b extro.
20260516 054211.028 INFO             PET0     OCN-TO-ATM: InitializeIPDv05p2b intro.
20260516 054211.031 INFO             PET0     OCN-TO-ATM: InitializeIPDv05p2b extro.
20260516 054211.031 INFO             PET0     esm: IInitModifyCplLists intro.
20260516 054211.031 INFO             PET0       esm: IInitModifyCplLists intro {IS}:--- StateLog() start -----------------
20260516 054211.031 INFO             PET0       esm: IInitModifyCplLists intro {IS}:State object is invalid! Not created or deleted!
20260516 054211.031 INFO             PET0       esm: IInitModifyCplLists intro {IS}:--- StateLog() end -------------------
20260516 054211.031 INFO             PET0       esm: IInitModifyCplLists intro {ES}:--- StateLog() start -----------------
20260516 054211.031 INFO             PET0       esm: IInitModifyCplLists intro {ES}:State object is invalid! Not created or deleted!
20260516 054211.031 INFO             PET0       esm: IInitModifyCplLists intro {ES}:--- StateLog() end -------------------
20260516 054211.031 INFO             PET0       >>>esm: entered Initialize (phase=<none>) with current time: 2010  6  1  0  0  0   0
20260516 054211.031 INFO             PET0       Driver is in ModifyCplLists()
20260516 054211.031 INFO             PET0        Found  2  Connectors. Modifying CplList Attribute....
20260516 054211.032 INFO             PET0       <<<esm: leaving Initialize (phase=<none>) with current time: 2010  6  1  0  0  0   0
20260516 054211.032 INFO             PET0       esm: IInitModifyCplLists extro {IS}:--- StateLog() start -----------------
20260516 054211.032 INFO             PET0       esm: IInitModifyCplLists extro {IS}:State object is invalid! Not created or deleted!
20260516 054211.032 INFO             PET0       esm: IInitModifyCplLists extro {IS}:--- StateLog() end -------------------
20260516 054211.032 INFO             PET0       esm: IInitModifyCplLists extro {ES}:--- StateLog() start -----------------
20260516 054211.032 INFO             PET0       esm: IInitModifyCplLists extro {ES}:State object is invalid! Not created or deleted!
20260516 054211.032 INFO             PET0       esm: IInitModifyCplLists extro {ES}:--- StateLog() end -------------------
20260516 054211.032 INFO             PET0     esm: IInitModifyCplLists extro.
20260516 054211.032 INFO             PET0     ATM-TO-OCN: InitializeIPDv05p3 intro.
20260516 054211.041 INFO             PET0     ATM-TO-OCN: InitializeIPDv05p3 extro.
20260516 054211.042 INFO             PET0     OCN-TO-ATM: InitializeIPDv05p3 intro.
20260516 054211.044 INFO             PET0     OCN-TO-ATM: InitializeIPDv05p3 extro.
20260516 054211.045 INFO             PET0     <<<esm: leaving Initialize (phase=<none>) with current time: 2010  6  1  0  0  0   0
20260516 054211.045 INFO             PET0     esm: InitializeIPDv02p1 extro {IS}:--- StateLog() start -----------------
20260516 054211.045 INFO             PET0     esm: InitializeIPDv02p1 extro {IS}:State object is invalid! Not created or deleted!
20260516 054211.045 INFO             PET0     esm: InitializeIPDv02p1 extro {IS}:--- StateLog() end -------------------
20260516 054211.045 INFO             PET0     esm: InitializeIPDv02p1 extro {ES}:--- StateLog() start -----------------
20260516 054211.045 INFO             PET0     esm: InitializeIPDv02p1 extro {ES}:State object is invalid! Not created or deleted!
20260516 054211.045 INFO             PET0     esm: InitializeIPDv02p1 extro {ES}:--- StateLog() end -------------------
20260516 054211.045 INFO             PET0   esm: InitializeIPDv02p1 extro.
20260516 054211.045 INFO             PET0   esm: InitializeIPDv02p3 intro.
20260516 054211.045 INFO             PET0     esm: InitializeIPDv02p3 intro {IS}:--- StateLog() start -----------------
20260516 054211.045 INFO             PET0     esm: InitializeIPDv02p3 intro {IS}:State object is invalid! Not created or deleted!
20260516 054211.045 INFO             PET0     esm: InitializeIPDv02p3 intro {IS}:--- StateLog() end -------------------
20260516 054211.045 INFO             PET0     esm: InitializeIPDv02p3 intro {ES}:--- StateLog() start -----------------
20260516 054211.045 INFO             PET0     esm: InitializeIPDv02p3 intro {ES}:State object is invalid! Not created or deleted!
20260516 054211.045 INFO             PET0     esm: InitializeIPDv02p3 intro {ES}:--- StateLog() end -------------------
20260516 054211.045 INFO             PET0     >>>esm: entered Initialize (phase=<none>) with current time: 2010  6  1  0  0  0   0
20260516 054211.045 INFO             PET0     esm: IInitCheck intro.
20260516 054211.045 INFO             PET0       esm: IInitCheck intro {IS}:--- StateLog() start -----------------
20260516 054211.045 INFO             PET0       esm: IInitCheck intro {IS}:State object is invalid! Not created or deleted!
20260516 054211.045 INFO             PET0       esm: IInitCheck intro {IS}:--- StateLog() end -------------------
20260516 054211.045 INFO             PET0       esm: IInitCheck intro {ES}:--- StateLog() start -----------------
20260516 054211.045 INFO             PET0       esm: IInitCheck intro {ES}:State object is invalid! Not created or deleted!
20260516 054211.045 INFO             PET0       esm: IInitCheck intro {ES}:--- StateLog() end -------------------
20260516 054211.045 INFO             PET0       >>>esm: entered Initialize (phase=<none>) with current time: 2010  6  1  0  0  0   0
20260516 054211.046 INFO             PET0       <<<esm: leaving Initialize (phase=<none>) with current time: 2010  6  1  0  0  0   0
20260516 054211.046 INFO             PET0       esm: IInitCheck extro {IS}:--- StateLog() start -----------------
20260516 054211.046 INFO             PET0       esm: IInitCheck extro {IS}:State object is invalid! Not created or deleted!
20260516 054211.046 INFO             PET0       esm: IInitCheck extro {IS}:--- StateLog() end -------------------
20260516 054211.046 INFO             PET0       esm: IInitCheck extro {ES}:--- StateLog() start -----------------
20260516 054211.046 INFO             PET0       esm: IInitCheck extro {ES}:State object is invalid! Not created or deleted!
20260516 054211.046 INFO             PET0       esm: IInitCheck extro {ES}:--- StateLog() end -------------------
20260516 054211.046 INFO             PET0     esm: IInitCheck extro.
20260516 054211.046 INFO             PET0     ATM: InitializeIPDvXp04 intro.
20260516 054211.053 INFO             PET0     ATM: InitializeIPDvXp04 extro.
20260516 054211.055 INFO             PET0     ATM-TO-OCN: InitializeIPDv05p4 intro.
20260516 054211.069 INFO             PET0     ATM-TO-OCN: InitializeIPDv05p4 extro.
20260516 054211.069 INFO             PET0     OCN-TO-ATM: InitializeIPDv05p4 intro.
20260516 054211.075 INFO             PET0     OCN-TO-ATM: InitializeIPDv05p4 extro.
20260516 054211.075 INFO             PET0     ATM-TO-OCN: InitializeIPDv05p5 intro.
20260516 054211.090 INFO             PET0     ATM-TO-OCN: InitializeIPDv05p5 extro.
20260516 054211.090 INFO             PET0     OCN-TO-ATM: InitializeIPDv05p5 intro.
20260516 054211.096 INFO             PET0     OCN-TO-ATM: InitializeIPDv05p5 extro.
20260516 054211.097 INFO             PET0     esm: IInitRealize intro.
20260516 054211.097 INFO             PET0       esm: IInitRealize intro {IS}:--- StateLog() start -----------------
20260516 054211.097 INFO             PET0       esm: IInitRealize intro {IS}:State object is invalid! Not created or deleted!
20260516 054211.097 INFO             PET0       esm: IInitRealize intro {IS}:--- StateLog() end -------------------
20260516 054211.097 INFO             PET0       esm: IInitRealize intro {ES}:--- StateLog() start -----------------
20260516 054211.097 INFO             PET0       esm: IInitRealize intro {ES}:State object is invalid! Not created or deleted!
20260516 054211.097 INFO             PET0       esm: IInitRealize intro {ES}:--- StateLog() end -------------------
20260516 054211.097 INFO             PET0       >>>esm: entered Initialize (phase=<none>) with current time: 2010  6  1  0  0  0   0
20260516 054211.097 INFO             PET0       <<<esm: leaving Initialize (phase=<none>) with current time: 2010  6  1  0  0  0   0
20260516 054211.097 INFO             PET0       esm: IInitRealize extro {IS}:--- StateLog() start -----------------
20260516 054211.097 INFO             PET0       esm: IInitRealize extro {IS}:State object is invalid! Not created or deleted!
20260516 054211.097 INFO             PET0       esm: IInitRealize extro {IS}:--- StateLog() end -------------------
20260516 054211.097 INFO             PET0       esm: IInitRealize extro {ES}:--- StateLog() start -----------------
20260516 054211.097 INFO             PET0       esm: IInitRealize extro {ES}:State object is invalid! Not created or deleted!
20260516 054211.097 INFO             PET0       esm: IInitRealize extro {ES}:--- StateLog() end -------------------
20260516 054211.097 INFO             PET0     esm: IInitRealize extro.
20260516 054211.097 INFO             PET0     ATM-TO-OCN: InitializeIPDv05p6a intro.
20260516 054211.111 INFO             PET0     ATM-TO-OCN: InitializeIPDv05p6a extro.
20260516 054211.112 INFO             PET0     OCN-TO-ATM: InitializeIPDv05p6a intro.
20260516 054211.118 INFO             PET0     OCN-TO-ATM: InitializeIPDv05p6a extro.
20260516 054211.118 INFO             PET0     ATM-TO-OCN: InitializeIPDv05p6b intro.
20260516 054211.244 INFO             PET0     ATM-TO-OCN: InitializeIPDv05p6b extro.
20260516 054211.245 INFO             PET0     OCN-TO-ATM: InitializeIPDv05p6b intro.
20260516 054211.341 INFO             PET0     OCN-TO-ATM: InitializeIPDv05p6b extro.
20260516 054211.341 INFO             PET0     ATM: InitializeIPDvXp07 intro.
20260516 054211.342 INFO             PET0     ATM: InitializeIPDvXp07 extro.
20260516 054211.342 INFO             PET0     <<<esm: leaving Initialize (phase=<none>) with current time: 2010  6  1  0  0  0   0
20260516 054211.342 INFO             PET0     esm: InitializeIPDv02p3 extro {IS}:--- StateLog() start -----------------
20260516 054211.342 INFO             PET0     esm: InitializeIPDv02p3 extro {IS}:State object is invalid! Not created or deleted!
20260516 054211.342 INFO             PET0     esm: InitializeIPDv02p3 extro {IS}:--- StateLog() end -------------------
20260516 054211.342 INFO             PET0     esm: InitializeIPDv02p3 extro {ES}:--- StateLog() start -----------------
20260516 054211.342 INFO             PET0     esm: InitializeIPDv02p3 extro {ES}:State object is invalid! Not created or deleted!
20260516 054211.342 INFO             PET0     esm: InitializeIPDv02p3 extro {ES}:--- StateLog() end -------------------
20260516 054211.342 INFO             PET0   esm: InitializeIPDv02p3 extro.
20260516 054211.342 INFO             PET0   esm: InitializeIPDv02p5 intro.
20260516 054211.342 INFO             PET0     esm: InitializeIPDv02p5 intro {IS}:--- StateLog() start -----------------
20260516 054211.342 INFO             PET0     esm: InitializeIPDv02p5 intro {IS}:State object is invalid! Not created or deleted!
20260516 054211.342 INFO             PET0     esm: InitializeIPDv02p5 intro {IS}:--- StateLog() end -------------------
20260516 054211.342 INFO             PET0     esm: InitializeIPDv02p5 intro {ES}:--- StateLog() start -----------------
20260516 054211.342 INFO             PET0     esm: InitializeIPDv02p5 intro {ES}:State object is invalid! Not created or deleted!
20260516 054211.342 INFO             PET0     esm: InitializeIPDv02p5 intro {ES}:--- StateLog() end -------------------
20260516 054211.342 INFO             PET0     >>>esm: entered Initialize (phase=<none>) with current time: 2010  6  1  0  0  0   0
20260516 054211.342 INFO             PET0     esm: this is a top level driver, no 'Updated' and 'InitializeDataComplete' info on this level.
20260516 054211.342 INFO             PET0     esm: InitializeIPDv02p5Data intro.
20260516 054211.342 INFO             PET0       esm: InitializeIPDv02p5Data intro {IS}:--- StateLog() start -----------------
20260516 054211.342 INFO             PET0       esm: InitializeIPDv02p5Data intro {IS}:State object is invalid! Not created or deleted!
20260516 054211.342 INFO             PET0       esm: InitializeIPDv02p5Data intro {IS}:--- StateLog() end -------------------
20260516 054211.342 INFO             PET0       esm: InitializeIPDv02p5Data intro {ES}:--- StateLog() start -----------------
20260516 054211.342 INFO             PET0       esm: InitializeIPDv02p5Data intro {ES}:State object is invalid! Not created or deleted!
20260516 054211.342 INFO             PET0       esm: InitializeIPDv02p5Data intro {ES}:--- StateLog() end -------------------
20260516 054211.342 INFO             PET0       >>>esm: entered Initialize (phase=<none>) with current time: 2010  6  1  0  0  0   0
20260516 054211.343 INFO             PET0       esm: InternalInitializeComplete intro.
20260516 054211.343 INFO             PET0         esm: InternalInitializeComplete intro {IS}:--- StateLog() start -----------------
20260516 054211.343 INFO             PET0         esm: InternalInitializeComplete intro {IS}:State object is invalid! Not created or deleted!
20260516 054211.343 INFO             PET0         esm: InternalInitializeComplete intro {IS}:--- StateLog() end -------------------
20260516 054211.343 INFO             PET0         esm: InternalInitializeComplete intro {ES}:--- StateLog() start -----------------
20260516 054211.343 INFO             PET0         esm: InternalInitializeComplete intro {ES}:State object is invalid! Not created or deleted!
20260516 054211.343 INFO             PET0         esm: InternalInitializeComplete intro {ES}:--- StateLog() end -------------------
20260516 054211.343 INFO             PET0         >>>esm: entered Initialize (phase=<none>) with current time: 2010  6  1  0  0  0   0
20260516 054211.343 INFO             PET0         esm: InitializeDataComplete='true'
20260516 054211.343 INFO             PET0         <<<esm: leaving Initialize (phase=<none>) with current time: 2010  6  1  0  0  0   0
20260516 054211.343 INFO             PET0         esm: InternalInitializeComplete extro {IS}:--- StateLog() start -----------------
20260516 054211.343 INFO             PET0         esm: InternalInitializeComplete extro {IS}:State object is invalid! Not created or deleted!
20260516 054211.343 INFO             PET0         esm: InternalInitializeComplete extro {IS}:--- StateLog() end -------------------
20260516 054211.343 INFO             PET0         esm: InternalInitializeComplete extro {ES}:--- StateLog() start -----------------
20260516 054211.343 INFO             PET0         esm: InternalInitializeComplete extro {ES}:State object is invalid! Not created or deleted!
20260516 054211.343 INFO             PET0         esm: InternalInitializeComplete extro {ES}:--- StateLog() end -------------------
20260516 054211.343 INFO             PET0       esm: InternalInitializeComplete extro.
20260516 054211.343 INFO             PET0       ATM: InitializeIPDv01p5 intro.
20260516 054211.343 INFO             PET0       ATM: InitializeIPDv01p5 extro.
20260516 054211.345 INFO             PET0       esm: components present that trigger loopDataDependentInitialize().
20260516 054211.345 INFO             PET0       esm: loopDataDependentInitialize intro.
20260516 054211.345 INFO             PET0         esm: loopDataDependentInitialize intro {IS}:--- StateLog() start -----------------
20260516 054211.345 INFO             PET0         esm: loopDataDependentInitialize intro {IS}:State object is invalid! Not created or deleted!
20260516 054211.345 INFO             PET0         esm: loopDataDependentInitialize intro {IS}:--- StateLog() end -------------------
20260516 054211.345 INFO             PET0         esm: loopDataDependentInitialize intro {ES}:--- StateLog() start -----------------
20260516 054211.345 INFO             PET0         esm: loopDataDependentInitialize intro {ES}:State object is invalid! Not created or deleted!
20260516 054211.345 INFO             PET0         esm: loopDataDependentInitialize intro {ES}:--- StateLog() end -------------------
20260516 054211.345 INFO             PET0         >>>esm: entered Initialize (phase=<none>) with current time: 2010  6  1  0  0  0   0
20260516 054211.346 INFO             PET0         esm: component    0=esm, dataComplete (local): true
20260516 054211.346 INFO             PET0         esm: component    0=esm, dataComplete (global):  T
20260516 054211.346 INFO             PET0         esm: component    1=ATM, dataComplete (local): true
20260516 054211.346 INFO             PET0         esm: component    1=ATM, dataComplete (global):  T
20260516 054211.346 INFO             PET0         esm: component    2=OCN, dataComplete (local): true
20260516 054211.346 INFO             PET0         esm: component    2=OCN, dataComplete (global):  T
20260516 054211.346 INFO             PET0         esm: someProgress= F, allComplete= T, present(dataDepAllComplete)= T
20260516 054211.346 INFO             PET0         esm: finished resolving initialize data dependencies on this level.
20260516 054211.346 INFO             PET0         <<<esm: leaving Initialize (phase=<none>) with current time: 2010  6  1  0  0  0   0
20260516 054211.346 INFO             PET0         esm: loopDataDependentInitialize extro {IS}:--- StateLog() start -----------------
20260516 054211.346 INFO             PET0         esm: loopDataDependentInitialize extro {IS}:State object is invalid! Not created or deleted!
20260516 054211.346 INFO             PET0         esm: loopDataDependentInitialize extro {IS}:--- StateLog() end -------------------
20260516 054211.346 INFO             PET0         esm: loopDataDependentInitialize extro {ES}:--- StateLog() start -----------------
20260516 054211.346 INFO             PET0         esm: loopDataDependentInitialize extro {ES}:State object is invalid! Not created or deleted!
20260516 054211.346 INFO             PET0         esm: loopDataDependentInitialize extro {ES}:--- StateLog() end -------------------
20260516 054211.346 INFO             PET0       esm: loopDataDependentInitialize extro.
20260516 054211.346 INFO             PET0       esm: loopDataDependentInitialize() returned with dataDepAllComplete:  T
20260516 054211.346 INFO             PET0       <<<esm: leaving Initialize (phase=<none>) with current time: 2010  6  1  0  0  0   0
20260516 054211.346 INFO             PET0       esm: InitializeIPDv02p5Data extro {IS}:--- StateLog() start -----------------
20260516 054211.346 INFO             PET0       esm: InitializeIPDv02p5Data extro {IS}:State object is invalid! Not created or deleted!
20260516 054211.346 INFO             PET0       esm: InitializeIPDv02p5Data extro {IS}:--- StateLog() end -------------------
20260516 054211.346 INFO             PET0       esm: InitializeIPDv02p5Data extro {ES}:--- StateLog() start -----------------
20260516 054211.346 INFO             PET0       esm: InitializeIPDv02p5Data extro {ES}:State object is invalid! Not created or deleted!
20260516 054211.346 INFO             PET0       esm: InitializeIPDv02p5Data extro {ES}:--- StateLog() end -------------------
20260516 054211.346 INFO             PET0     esm: InitializeIPDv02p5Data extro.
20260516 054211.346 INFO             PET0     <<<esm: leaving Initialize (phase=<none>) with current time: 2010  6  1  0  0  0   0
20260516 054211.346 INFO             PET0     esm: InitializeIPDv02p5 extro {IS}:--- StateLog() start -----------------
20260516 054211.346 INFO             PET0     esm: InitializeIPDv02p5 extro {IS}:State object is invalid! Not created or deleted!
20260516 054211.346 INFO             PET0     esm: InitializeIPDv02p5 extro {IS}:--- StateLog() end -------------------
20260516 054211.346 INFO             PET0     esm: InitializeIPDv02p5 extro {ES}:--- StateLog() start -----------------
20260516 054211.346 INFO             PET0     esm: InitializeIPDv02p5 extro {ES}:State object is invalid! Not created or deleted!
20260516 054211.346 INFO             PET0     esm: InitializeIPDv02p5 extro {ES}:--- StateLog() end -------------------
20260516 054211.346 INFO             PET0   esm: InitializeIPDv02p5 extro.
20260516 054211.346 INFO             PET0   <<<esm: leaving Initialize (phase=<none>) with current time: 2010  6  1  0  0  0   0
20260516 054211.346 INFO             PET0   esm: InitializeGeneric extro {IS}:--- StateLog() start -----------------
20260516 054211.346 INFO             PET0   esm: InitializeGeneric extro {IS}:State object is invalid! Not created or deleted!
20260516 054211.346 INFO             PET0   esm: InitializeGeneric extro {IS}:--- StateLog() end -------------------
20260516 054211.346 INFO             PET0   esm: InitializeGeneric extro {ES}:--- StateLog() start -----------------
20260516 054211.346 INFO             PET0   esm: InitializeGeneric extro {ES}:State object is invalid! Not created or deleted!
20260516 054211.346 INFO             PET0   esm: InitializeGeneric extro {ES}:--- StateLog() end -------------------
20260516 054211.346 INFO             PET0 esm: InitializeGeneric extro.
20260516 054211.347 INFO             PET0 esm: Run intro.
20260516 054211.347 INFO             PET0   esm: Run intro {IS}:--- StateLog() start -----------------
20260516 054211.347 INFO             PET0   esm: Run intro {IS}:State object is invalid! Not created or deleted!
20260516 054211.347 INFO             PET0   esm: Run intro {IS}:--- StateLog() end -------------------
20260516 054211.347 INFO             PET0   esm: Run intro {ES}:--- StateLog() start -----------------
20260516 054211.347 INFO             PET0   esm: Run intro {ES}:State object is invalid! Not created or deleted!
20260516 054211.347 INFO             PET0   esm: Run intro {ES}:--- StateLog() end -------------------
20260516 054211.347 INFO             PET0   >>>esm: entered Run (phase=RunPhase1) with current time: 2010  6  1  0  0  0   0
20260516 054211.347 INFO             PET0   esm: after lable_SetRunClock, current time: 2010  6  1  0  0  0   0
20260516 054211.347 INFO             PET0   esm: begin -------> RunSequence.
20260516 054211.347 INFO             PET0     esm: RunSequence event loopLevel=   1  levelMember=   1  loopIteration=   1, current time: 2010  6  1  0  0  0   0
20260516 054211.347 INFO             PET0     ATM-TO-OCN: Run intro.
20260516 054211.348 INFO             PET0     ATM-TO-OCN: Run extro.
20260516 054211.349 INFO             PET0     OCN-TO-ATM: Run intro.
20260516 054211.349 INFO             PET0     OCN-TO-ATM: Run extro.
20260516 054211.349 INFO             PET0     ATM: Run intro.
20260516 054211.350 INFO             PET0       ------>Advancing ATM from: 2010  6  1  0  0  0   0
20260516 054211.350 INFO             PET0       ---------------------> to: 2010  6  1  0 15  0   0
20260516 054211.350 INFO             PET0     ATM: Run extro.
20260516 054211.350 INFO             PET0     esm: RunSequence event loopLevel=   1  levelMember=   1  loopIteration=   2, current time: 2010  6  1  0 15  0   0
20260516 054211.350 INFO             PET0     ATM-TO-OCN: Run intro.
20260516 054211.352 INFO             PET0     ATM-TO-OCN: Run extro.
20260516 054211.352 INFO             PET0     OCN-TO-ATM: Run intro.
20260516 054211.363 INFO             PET0     OCN-TO-ATM: Run extro.
20260516 054211.363 INFO             PET0     ATM: Run intro.
20260516 054211.363 INFO             PET0       ------>Advancing ATM from: 2010  6  1  0 15  0   0
20260516 054211.363 INFO             PET0       ---------------------> to: 2010  6  1  0 30  0   0
20260516 054211.363 INFO             PET0     ATM: Run extro.
20260516 054211.363 INFO             PET0     esm: RunSequence event loopLevel=   1  levelMember=   1  loopIteration=   3, current time: 2010  6  1  0 30  0   0
20260516 054211.363 INFO             PET0     ATM-TO-OCN: Run intro.
20260516 054211.364 INFO             PET0     ATM-TO-OCN: Run extro.
20260516 054211.364 INFO             PET0     OCN-TO-ATM: Run intro.
20260516 054211.368 INFO             PET0     OCN-TO-ATM: Run extro.
20260516 054211.369 INFO             PET0     ATM: Run intro.
20260516 054211.369 INFO             PET0       ------>Advancing ATM from: 2010  6  1  0 30  0   0
20260516 054211.369 INFO             PET0       ---------------------> to: 2010  6  1  0 45  0   0
20260516 054211.369 INFO             PET0     ATM: Run extro.
20260516 054211.369 INFO             PET0     esm: RunSequence event loopLevel=   1  levelMember=   1  loopIteration=   4, current time: 2010  6  1  0 45  0   0
20260516 054211.369 INFO             PET0     ATM-TO-OCN: Run intro.
20260516 054211.369 INFO             PET0     ATM-TO-OCN: Run extro.
20260516 054211.370 INFO             PET0     OCN-TO-ATM: Run intro.
20260516 054211.374 INFO             PET0     OCN-TO-ATM: Run extro.
20260516 054211.374 INFO             PET0     ATM: Run intro.
20260516 054211.374 INFO             PET0       ------>Advancing ATM from: 2010  6  1  0 45  0   0
20260516 054211.374 INFO             PET0       ---------------------> to: 2010  6  1  1  0  0   0
20260516 054211.374 INFO             PET0     ATM: Run extro.
20260516 054211.374 INFO             PET0   esm: end <--------- RunSequence
20260516 054211.374 INFO             PET0   <<<esm: leaving Run (phase=RunPhase1) with current time: 2010  6  1  1  0  0   0
20260516 054211.374 INFO             PET0   esm: Run extro {IS}:--- StateLog() start -----------------
20260516 054211.375 INFO             PET0   esm: Run extro {IS}:State object is invalid! Not created or deleted!
20260516 054211.375 INFO             PET0   esm: Run extro {IS}:--- StateLog() end -------------------
20260516 054211.375 INFO             PET0   esm: Run extro {ES}:--- StateLog() start -----------------
20260516 054211.375 INFO             PET0   esm: Run extro {ES}:State object is invalid! Not created or deleted!
20260516 054211.375 INFO             PET0   esm: Run extro {ES}:--- StateLog() end -------------------
20260516 054211.375 INFO             PET0 esm: Run extro.
20260516 054211.375 INFO             PET0 esm: Finalize intro.
20260516 054211.375 INFO             PET0   esm: Finalize intro {IS}:--- StateLog() start -----------------
20260516 054211.375 INFO             PET0   esm: Finalize intro {IS}:State object is invalid! Not created or deleted!
20260516 054211.375 INFO             PET0   esm: Finalize intro {IS}:--- StateLog() end -------------------
20260516 054211.375 INFO             PET0   esm: Finalize intro {ES}:--- StateLog() start -----------------
20260516 054211.375 INFO             PET0   esm: Finalize intro {ES}:State object is invalid! Not created or deleted!
20260516 054211.375 INFO             PET0   esm: Finalize intro {ES}:--- StateLog() end -------------------
20260516 054211.375 INFO             PET0   >>>esm: entered Finalize (phase=FinalizePhase1) with current time: 2010  6  1  1  0  0   0
20260516 054211.375 INFO             PET0   Calling Finalize phase 1 for connectorComp: ATM-TO-OCN
20260516 054211.375 INFO             PET0   ATM-TO-OCN: Finalize intro.
20260516 054211.375 INFO             PET0   ATM-TO-OCN: Finalize extro.
20260516 054211.375 INFO             PET0   Calling Finalize phase 1 for connectorComp: OCN-TO-ATM
20260516 054211.375 INFO             PET0   OCN-TO-ATM: Finalize intro.
20260516 054211.375 INFO             PET0   OCN-TO-ATM: Finalize extro.
20260516 054211.376 INFO             PET0   Calling Finalize phase 1 for modelComp: ATM
20260516 054211.376 INFO             PET0   ATM: Finalize intro.
20260516 054211.376 INFO             PET0   ATM: Finalize extro.
20260516 054211.376 INFO             PET0   Calling Finalize phase 1 for modelComp: OCN
20260516 054211.376 INFO             PET0   Delete modelComp: ATM
20260516 054211.376 INFO             PET0   Delete Import-/Export State for modelComp: ATM
20260516 054211.376 INFO             PET0   Delete modelComp: OCN
20260516 054211.376 INFO             PET0   Delete Import-/Export State for modelComp: OCN
20260516 054211.376 INFO             PET0   Delete connectorComp: ATM-TO-OCN
20260516 054211.376 INFO             PET0   Delete connectorComp: OCN-TO-ATM
20260516 054211.376 INFO             PET0   <<<esm: leaving Finalize (phase=FinalizePhase1) with current time: 2010  6  1  1  0  0   0
20260516 054211.376 INFO             PET0 esm: Finalize extro.
20260516 054211.376 INFO             PET0 esmApp FINISHED
20260516 054211.376 INFO             PET0  Finalizing ESMF
20260516 054210.953 INFO             PET1 !!!!!!!!!!!!!!!!!!!!!!!!!!!!!!!!!!!!!!!!!!!!!!!!!!!!!!
20260516 054210.953 INFO             PET1 !!! THE ESMF_LOG IS SET TO OUTPUT ALL LOG MESSAGES !!!
20260516 054210.953 INFO             PET1 !!!     THIS MAY CAUSE SLOWDOWN IN PERFORMANCE     !!!
20260516 054210.953 INFO             PET1 !!! FOR PRODUCTION RUNS, USE:                      !!!
20260516 054210.953 INFO             PET1 !!!                   ESMF_LOGKIND_Multi_On_Error  !!!
20260516 054210.953 INFO             PET1 !!!!!!!!!!!!!!!!!!!!!!!!!!!!!!!!!!!!!!!!!!!!!!!!!!!!!!
20260516 054210.953 INFO             PET1 Running with ESMF Version   : v9.0.0b13
20260516 054210.953 INFO             PET1 ESMF library build date/time: "May 16 2026" "01:48:57"
20260516 054210.953 INFO             PET1 ESMF library build location : /discover/nobackup/projects/gmao/SIteam/ESMF_Testing/nag_7.2.28_openmpi_g_develop/esmf
20260516 054210.953 INFO             PET1 ESMF_COMM                   : openmpi
20260516 054210.953 INFO             PET1 ESMF_MOAB                   : enabled
20260516 054210.953 INFO             PET1 ESMF_LAPACK                 : enabled
20260516 054210.953 INFO             PET1 ESMF_NETCDF                 : enabled
20260516 054210.953 INFO             PET1 ESMF_PNETCDF                : disabled
20260516 054210.953 INFO             PET1 ESMF_PIO                    : enabled
20260516 054210.953 INFO             PET1 ESMF_YAMLCPP                : enabled
20260516 054210.954 INFO             PET1 esmApp STARTING
20260516 054210.963 INFO             PET1 esm: InitializeGeneric intro.
20260516 054210.963 INFO             PET1   esm: InitializeGeneric intro {IS}:--- StateLog() start -----------------
20260516 054210.963 INFO             PET1   esm: InitializeGeneric intro {IS}:State object is invalid! Not created or deleted!
20260516 054210.963 INFO             PET1   esm: InitializeGeneric intro {IS}:--- StateLog() end -------------------
20260516 054210.963 INFO             PET1   esm: InitializeGeneric intro {ES}:--- StateLog() start -----------------
20260516 054210.963 INFO             PET1   esm: InitializeGeneric intro {ES}:State object is invalid! Not created or deleted!
20260516 054210.963 INFO             PET1   esm: InitializeGeneric intro {ES}:--- StateLog() end -------------------
20260516 054210.963 INFO             PET1   >>>esm: entered Initialize (phase=<none>) without valid internal Clock.
20260516 054210.963 INFO             PET1   esm: InitializeP0 intro.
20260516 054210.963 INFO             PET1     esm: InitializeP0 intro {IS}:--- StateLog() start -----------------
20260516 054210.963 INFO             PET1     esm: InitializeP0 intro {IS}:State object is invalid! Not created or deleted!
20260516 054210.963 INFO             PET1     esm: InitializeP0 intro {IS}:--- StateLog() end -------------------
20260516 054210.963 INFO             PET1     esm: InitializeP0 intro {ES}:--- StateLog() start -----------------
20260516 054210.963 INFO             PET1     esm: InitializeP0 intro {ES}:State object is invalid! Not created or deleted!
20260516 054210.963 INFO             PET1     esm: InitializeP0 intro {ES}:--- StateLog() end -------------------
20260516 054210.963 INFO             PET1     >>>esm: entered Initialize (phase=<none>) without valid internal Clock.
20260516 054210.964 INFO             PET1     <<<esm: leaving Initialize (phase=<none>) without valid internal Clock.
20260516 054210.964 INFO             PET1     esm: InitializeP0 extro {IS}:--- StateLog() start -----------------
20260516 054210.964 INFO             PET1     esm: InitializeP0 extro {IS}:State object is invalid! Not created or deleted!
20260516 054210.964 INFO             PET1     esm: InitializeP0 extro {IS}:--- StateLog() end -------------------
20260516 054210.964 INFO             PET1     esm: InitializeP0 extro {ES}:--- StateLog() start -----------------
20260516 054210.964 INFO             PET1     esm: InitializeP0 extro {ES}:State object is invalid! Not created or deleted!
20260516 054210.964 INFO             PET1     esm: InitializeP0 extro {ES}:--- StateLog() end -------------------
20260516 054210.964 INFO             PET1   esm: InitializeP0 extro.
20260516 054210.964 INFO             PET1   esm: InitializeIPDv02p1 intro.
20260516 054210.964 INFO             PET1     esm: InitializeIPDv02p1 intro {IS}:--- StateLog() start -----------------
20260516 054210.964 INFO             PET1     esm: InitializeIPDv02p1 intro {IS}:State object is invalid! Not created or deleted!
20260516 054210.964 INFO             PET1     esm: InitializeIPDv02p1 intro {IS}:--- StateLog() end -------------------
20260516 054210.964 INFO             PET1     esm: InitializeIPDv02p1 intro {ES}:--- StateLog() start -----------------
20260516 054210.964 INFO             PET1     esm: InitializeIPDv02p1 intro {ES}:State object is invalid! Not created or deleted!
20260516 054210.964 INFO             PET1     esm: InitializeIPDv02p1 intro {ES}:--- StateLog() end -------------------
20260516 054210.964 INFO             PET1     >>>esm: entered Initialize (phase=<none>) without valid internal Clock.
20260516 054210.965 INFO             PET1     esm - Creating model component ATM with petList of size 2 :
20260516 054210.965 INFO             PET1           0      1
20260516 054210.967 INFO             PET1     esm - Creating model component OCN with petList of size 2 :
20260516 054210.967 INFO             PET1           2      3
20260516 054210.968 INFO             PET1     esm - Creating connector component ATM-TO-OCN with petList of size 4 :
20260516 054210.968 INFO             PET1           0      1      2      3
20260516 054210.976 INFO             PET1     esm - Creating connector component OCN-TO-ATM with petList of size 4 :
20260516 054210.976 INFO             PET1           2      3      0      1
20260516 054210.981 INFO             PET1     esm - Creating state: modelComp 1 Import State
20260516 054210.981 INFO             PET1     esm - Creating state: modelComp 1 Export State
20260516 054210.982 INFO             PET1     esm - Creating state: modelComp 2 Import State
20260516 054210.982 INFO             PET1     esm - Creating state: modelComp 2 Export State
20260516 054210.983 INFO             PET1     ATM: InitializeP0 intro.
20260516 054210.984 INFO             PET1     ATM: InitializeP0 extro.
20260516 054210.987 INFO             PET1     ATM-TO-OCN: InitializeP0 intro.
20260516 054210.988 INFO             PET1     ATM-TO-OCN: InitializeP0 extro.
20260516 054210.989 INFO             PET1     OCN-TO-ATM: InitializeP0 intro.
20260516 054210.989 INFO             PET1     OCN-TO-ATM: InitializeP0 extro.
20260516 054210.991 INFO             PET1     esm: IInitAdvertise intro.
20260516 054210.991 INFO             PET1       esm: IInitAdvertise intro {IS}:--- StateLog() start -----------------
20260516 054210.991 INFO             PET1       esm: IInitAdvertise intro {IS}:State object is invalid! Not created or deleted!
20260516 054210.991 INFO             PET1       esm: IInitAdvertise intro {IS}:--- StateLog() end -------------------
20260516 054210.991 INFO             PET1       esm: IInitAdvertise intro {ES}:--- StateLog() start -----------------
20260516 054210.991 INFO             PET1       esm: IInitAdvertise intro {ES}:State object is invalid! Not created or deleted!
20260516 054210.991 INFO             PET1       esm: IInitAdvertise intro {ES}:--- StateLog() end -------------------
20260516 054210.991 INFO             PET1       >>>esm: entered Initialize (phase=<none>) with current time: 2010  6  1  0  0  0   0
20260516 054210.991 INFO             PET1       <<<esm: leaving Initialize (phase=<none>) with current time: 2010  6  1  0  0  0   0
20260516 054210.991 INFO             PET1       esm: IInitAdvertise extro {IS}:--- StateLog() start -----------------
20260516 054210.991 INFO             PET1       esm: IInitAdvertise extro {IS}:State object is invalid! Not created or deleted!
20260516 054210.991 INFO             PET1       esm: IInitAdvertise extro {IS}:--- StateLog() end -------------------
20260516 054210.991 INFO             PET1       esm: IInitAdvertise extro {ES}:--- StateLog() start -----------------
20260516 054210.991 INFO             PET1       esm: IInitAdvertise extro {ES}:State object is invalid! Not created or deleted!
20260516 054210.991 INFO             PET1       esm: IInitAdvertise extro {ES}:--- StateLog() end -------------------
20260516 054210.991 INFO             PET1     esm: IInitAdvertise extro.
20260516 054210.992 INFO             PET1     ATM: InitializeIPDvXp01 intro.
20260516 054210.995 INFO             PET1     ATM: InitializeIPDvXp01 extro.
20260516 054210.997 INFO             PET1     ATM-TO-OCN: InitializeIPDv05p1 intro.
20260516 054211.005 INFO             PET1     ATM-TO-OCN: InitializeIPDv05p1 extro.
20260516 054211.005 INFO             PET1     OCN-TO-ATM: InitializeIPDv05p1 intro.
20260516 054211.008 INFO             PET1     OCN-TO-ATM: InitializeIPDv05p1 extro.
20260516 054211.008 INFO             PET1     esm: IInitAdvertiseFinish intro.
20260516 054211.008 INFO             PET1       esm: IInitAdvertiseFinish intro {IS}:--- StateLog() start -----------------
20260516 054211.008 INFO             PET1       esm: IInitAdvertiseFinish intro {IS}:State object is invalid! Not created or deleted!
20260516 054211.008 INFO             PET1       esm: IInitAdvertiseFinish intro {IS}:--- StateLog() end -------------------
20260516 054211.008 INFO             PET1       esm: IInitAdvertiseFinish intro {ES}:--- StateLog() start -----------------
20260516 054211.008 INFO             PET1       esm: IInitAdvertiseFinish intro {ES}:State object is invalid! Not created or deleted!
20260516 054211.008 INFO             PET1       esm: IInitAdvertiseFinish intro {ES}:--- StateLog() end -------------------
20260516 054211.008 INFO             PET1       >>>esm: entered Initialize (phase=<none>) with current time: 2010  6  1  0  0  0   0
20260516 054211.008 INFO             PET1       <<<esm: leaving Initialize (phase=<none>) with current time: 2010  6  1  0  0  0   0
20260516 054211.008 INFO             PET1       esm: IInitAdvertiseFinish extro {IS}:--- StateLog() start -----------------
20260516 054211.008 INFO             PET1       esm: IInitAdvertiseFinish extro {IS}:State object is invalid! Not created or deleted!
20260516 054211.008 INFO             PET1       esm: IInitAdvertiseFinish extro {IS}:--- StateLog() end -------------------
20260516 054211.008 INFO             PET1       esm: IInitAdvertiseFinish extro {ES}:--- StateLog() start -----------------
20260516 054211.008 INFO             PET1       esm: IInitAdvertiseFinish extro {ES}:State object is invalid! Not created or deleted!
20260516 054211.008 INFO             PET1       esm: IInitAdvertiseFinish extro {ES}:--- StateLog() end -------------------
20260516 054211.008 INFO             PET1     esm: IInitAdvertiseFinish extro.
20260516 054211.009 INFO             PET1     ATM-TO-OCN: InitializeIPDv05p2a intro.
20260516 054211.017 INFO             PET1     ATM-TO-OCN: InitializeIPDv05p2a extro.
20260516 054211.017 INFO             PET1     OCN-TO-ATM: InitializeIPDv05p2a intro.
20260516 054211.020 INFO             PET1     OCN-TO-ATM: InitializeIPDv05p2a extro.
20260516 054211.020 INFO             PET1     ATM-TO-OCN: InitializeIPDv05p2b intro.
20260516 054211.028 INFO             PET1     ATM-TO-OCN: InitializeIPDv05p2b extro.
20260516 054211.028 INFO             PET1     OCN-TO-ATM: InitializeIPDv05p2b intro.
20260516 054211.031 INFO             PET1     OCN-TO-ATM: InitializeIPDv05p2b extro.
20260516 054211.031 INFO             PET1     esm: IInitModifyCplLists intro.
20260516 054211.031 INFO             PET1       esm: IInitModifyCplLists intro {IS}:--- StateLog() start -----------------
20260516 054211.031 INFO             PET1       esm: IInitModifyCplLists intro {IS}:State object is invalid! Not created or deleted!
20260516 054211.031 INFO             PET1       esm: IInitModifyCplLists intro {IS}:--- StateLog() end -------------------
20260516 054211.031 INFO             PET1       esm: IInitModifyCplLists intro {ES}:--- StateLog() start -----------------
20260516 054211.031 INFO             PET1       esm: IInitModifyCplLists intro {ES}:State object is invalid! Not created or deleted!
20260516 054211.031 INFO             PET1       esm: IInitModifyCplLists intro {ES}:--- StateLog() end -------------------
20260516 054211.031 INFO             PET1       >>>esm: entered Initialize (phase=<none>) with current time: 2010  6  1  0  0  0   0
20260516 054211.031 INFO             PET1       Driver is in ModifyCplLists()
20260516 054211.031 INFO             PET1        Found  2  Connectors. Modifying CplList Attribute....
20260516 054211.032 INFO             PET1       <<<esm: leaving Initialize (phase=<none>) with current time: 2010  6  1  0  0  0   0
20260516 054211.032 INFO             PET1       esm: IInitModifyCplLists extro {IS}:--- StateLog() start -----------------
20260516 054211.032 INFO             PET1       esm: IInitModifyCplLists extro {IS}:State object is invalid! Not created or deleted!
20260516 054211.032 INFO             PET1       esm: IInitModifyCplLists extro {IS}:--- StateLog() end -------------------
20260516 054211.032 INFO             PET1       esm: IInitModifyCplLists extro {ES}:--- StateLog() start -----------------
20260516 054211.032 INFO             PET1       esm: IInitModifyCplLists extro {ES}:State object is invalid! Not created or deleted!
20260516 054211.032 INFO             PET1       esm: IInitModifyCplLists extro {ES}:--- StateLog() end -------------------
20260516 054211.032 INFO             PET1     esm: IInitModifyCplLists extro.
20260516 054211.032 INFO             PET1     ATM-TO-OCN: InitializeIPDv05p3 intro.
20260516 054211.041 INFO             PET1     ATM-TO-OCN: InitializeIPDv05p3 extro.
20260516 054211.042 INFO             PET1     OCN-TO-ATM: InitializeIPDv05p3 intro.
20260516 054211.044 INFO             PET1     OCN-TO-ATM: InitializeIPDv05p3 extro.
20260516 054211.045 INFO             PET1     <<<esm: leaving Initialize (phase=<none>) with current time: 2010  6  1  0  0  0   0
20260516 054211.045 INFO             PET1     esm: InitializeIPDv02p1 extro {IS}:--- StateLog() start -----------------
20260516 054211.045 INFO             PET1     esm: InitializeIPDv02p1 extro {IS}:State object is invalid! Not created or deleted!
20260516 054211.045 INFO             PET1     esm: InitializeIPDv02p1 extro {IS}:--- StateLog() end -------------------
20260516 054211.045 INFO             PET1     esm: InitializeIPDv02p1 extro {ES}:--- StateLog() start -----------------
20260516 054211.045 INFO             PET1     esm: InitializeIPDv02p1 extro {ES}:State object is invalid! Not created or deleted!
20260516 054211.045 INFO             PET1     esm: InitializeIPDv02p1 extro {ES}:--- StateLog() end -------------------
20260516 054211.045 INFO             PET1   esm: InitializeIPDv02p1 extro.
20260516 054211.045 INFO             PET1   esm: InitializeIPDv02p3 intro.
20260516 054211.045 INFO             PET1     esm: InitializeIPDv02p3 intro {IS}:--- StateLog() start -----------------
20260516 054211.045 INFO             PET1     esm: InitializeIPDv02p3 intro {IS}:State object is invalid! Not created or deleted!
20260516 054211.045 INFO             PET1     esm: InitializeIPDv02p3 intro {IS}:--- StateLog() end -------------------
20260516 054211.045 INFO             PET1     esm: InitializeIPDv02p3 intro {ES}:--- StateLog() start -----------------
20260516 054211.045 INFO             PET1     esm: InitializeIPDv02p3 intro {ES}:State object is invalid! Not created or deleted!
20260516 054211.045 INFO             PET1     esm: InitializeIPDv02p3 intro {ES}:--- StateLog() end -------------------
20260516 054211.045 INFO             PET1     >>>esm: entered Initialize (phase=<none>) with current time: 2010  6  1  0  0  0   0
20260516 054211.045 INFO             PET1     esm: IInitCheck intro.
20260516 054211.045 INFO             PET1       esm: IInitCheck intro {IS}:--- StateLog() start -----------------
20260516 054211.045 INFO             PET1       esm: IInitCheck intro {IS}:State object is invalid! Not created or deleted!
20260516 054211.045 INFO             PET1       esm: IInitCheck intro {IS}:--- StateLog() end -------------------
20260516 054211.045 INFO             PET1       esm: IInitCheck intro {ES}:--- StateLog() start -----------------
20260516 054211.045 INFO             PET1       esm: IInitCheck intro {ES}:State object is invalid! Not created or deleted!
20260516 054211.045 INFO             PET1       esm: IInitCheck intro {ES}:--- StateLog() end -------------------
20260516 054211.045 INFO             PET1       >>>esm: entered Initialize (phase=<none>) with current time: 2010  6  1  0  0  0   0
20260516 054211.046 INFO             PET1       <<<esm: leaving Initialize (phase=<none>) with current time: 2010  6  1  0  0  0   0
20260516 054211.046 INFO             PET1       esm: IInitCheck extro {IS}:--- StateLog() start -----------------
20260516 054211.046 INFO             PET1       esm: IInitCheck extro {IS}:State object is invalid! Not created or deleted!
20260516 054211.046 INFO             PET1       esm: IInitCheck extro {IS}:--- StateLog() end -------------------
20260516 054211.046 INFO             PET1       esm: IInitCheck extro {ES}:--- StateLog() start -----------------
20260516 054211.046 INFO             PET1       esm: IInitCheck extro {ES}:State object is invalid! Not created or deleted!
20260516 054211.046 INFO             PET1       esm: IInitCheck extro {ES}:--- StateLog() end -------------------
20260516 054211.046 INFO             PET1     esm: IInitCheck extro.
20260516 054211.046 INFO             PET1     ATM: InitializeIPDvXp04 intro.
20260516 054211.053 INFO             PET1     ATM: InitializeIPDvXp04 extro.
20260516 054211.055 INFO             PET1     ATM-TO-OCN: InitializeIPDv05p4 intro.
20260516 054211.069 INFO             PET1     ATM-TO-OCN: InitializeIPDv05p4 extro.
20260516 054211.069 INFO             PET1     OCN-TO-ATM: InitializeIPDv05p4 intro.
20260516 054211.075 INFO             PET1     OCN-TO-ATM: InitializeIPDv05p4 extro.
20260516 054211.075 INFO             PET1     ATM-TO-OCN: InitializeIPDv05p5 intro.
20260516 054211.090 INFO             PET1     ATM-TO-OCN: InitializeIPDv05p5 extro.
20260516 054211.090 INFO             PET1     OCN-TO-ATM: InitializeIPDv05p5 intro.
20260516 054211.096 INFO             PET1     OCN-TO-ATM: InitializeIPDv05p5 extro.
20260516 054211.097 INFO             PET1     esm: IInitRealize intro.
20260516 054211.097 INFO             PET1       esm: IInitRealize intro {IS}:--- StateLog() start -----------------
20260516 054211.097 INFO             PET1       esm: IInitRealize intro {IS}:State object is invalid! Not created or deleted!
20260516 054211.097 INFO             PET1       esm: IInitRealize intro {IS}:--- StateLog() end -------------------
20260516 054211.097 INFO             PET1       esm: IInitRealize intro {ES}:--- StateLog() start -----------------
20260516 054211.097 INFO             PET1       esm: IInitRealize intro {ES}:State object is invalid! Not created or deleted!
20260516 054211.097 INFO             PET1       esm: IInitRealize intro {ES}:--- StateLog() end -------------------
20260516 054211.097 INFO             PET1       >>>esm: entered Initialize (phase=<none>) with current time: 2010  6  1  0  0  0   0
20260516 054211.097 INFO             PET1       <<<esm: leaving Initialize (phase=<none>) with current time: 2010  6  1  0  0  0   0
20260516 054211.097 INFO             PET1       esm: IInitRealize extro {IS}:--- StateLog() start -----------------
20260516 054211.097 INFO             PET1       esm: IInitRealize extro {IS}:State object is invalid! Not created or deleted!
20260516 054211.097 INFO             PET1       esm: IInitRealize extro {IS}:--- StateLog() end -------------------
20260516 054211.097 INFO             PET1       esm: IInitRealize extro {ES}:--- StateLog() start -----------------
20260516 054211.097 INFO             PET1       esm: IInitRealize extro {ES}:State object is invalid! Not created or deleted!
20260516 054211.097 INFO             PET1       esm: IInitRealize extro {ES}:--- StateLog() end -------------------
20260516 054211.097 INFO             PET1     esm: IInitRealize extro.
20260516 054211.097 INFO             PET1     ATM-TO-OCN: InitializeIPDv05p6a intro.
20260516 054211.111 INFO             PET1     ATM-TO-OCN: InitializeIPDv05p6a extro.
20260516 054211.112 INFO             PET1     OCN-TO-ATM: InitializeIPDv05p6a intro.
20260516 054211.118 INFO             PET1     OCN-TO-ATM: InitializeIPDv05p6a extro.
20260516 054211.118 INFO             PET1     ATM-TO-OCN: InitializeIPDv05p6b intro.
20260516 054211.244 INFO             PET1     ATM-TO-OCN: InitializeIPDv05p6b extro.
20260516 054211.245 INFO             PET1     OCN-TO-ATM: InitializeIPDv05p6b intro.
20260516 054211.341 INFO             PET1     OCN-TO-ATM: InitializeIPDv05p6b extro.
20260516 054211.341 INFO             PET1     ATM: InitializeIPDvXp07 intro.
20260516 054211.342 INFO             PET1     ATM: InitializeIPDvXp07 extro.
20260516 054211.342 INFO             PET1     <<<esm: leaving Initialize (phase=<none>) with current time: 2010  6  1  0  0  0   0
20260516 054211.342 INFO             PET1     esm: InitializeIPDv02p3 extro {IS}:--- StateLog() start -----------------
20260516 054211.342 INFO             PET1     esm: InitializeIPDv02p3 extro {IS}:State object is invalid! Not created or deleted!
20260516 054211.342 INFO             PET1     esm: InitializeIPDv02p3 extro {IS}:--- StateLog() end -------------------
20260516 054211.342 INFO             PET1     esm: InitializeIPDv02p3 extro {ES}:--- StateLog() start -----------------
20260516 054211.342 INFO             PET1     esm: InitializeIPDv02p3 extro {ES}:State object is invalid! Not created or deleted!
20260516 054211.342 INFO             PET1     esm: InitializeIPDv02p3 extro {ES}:--- StateLog() end -------------------
20260516 054211.342 INFO             PET1   esm: InitializeIPDv02p3 extro.
20260516 054211.342 INFO             PET1   esm: InitializeIPDv02p5 intro.
20260516 054211.342 INFO             PET1     esm: InitializeIPDv02p5 intro {IS}:--- StateLog() start -----------------
20260516 054211.342 INFO             PET1     esm: InitializeIPDv02p5 intro {IS}:State object is invalid! Not created or deleted!
20260516 054211.342 INFO             PET1     esm: InitializeIPDv02p5 intro {IS}:--- StateLog() end -------------------
20260516 054211.342 INFO             PET1     esm: InitializeIPDv02p5 intro {ES}:--- StateLog() start -----------------
20260516 054211.342 INFO             PET1     esm: InitializeIPDv02p5 intro {ES}:State object is invalid! Not created or deleted!
20260516 054211.342 INFO             PET1     esm: InitializeIPDv02p5 intro {ES}:--- StateLog() end -------------------
20260516 054211.342 INFO             PET1     >>>esm: entered Initialize (phase=<none>) with current time: 2010  6  1  0  0  0   0
20260516 054211.342 INFO             PET1     esm: this is a top level driver, no 'Updated' and 'InitializeDataComplete' info on this level.
20260516 054211.342 INFO             PET1     esm: InitializeIPDv02p5Data intro.
20260516 054211.342 INFO             PET1       esm: InitializeIPDv02p5Data intro {IS}:--- StateLog() start -----------------
20260516 054211.342 INFO             PET1       esm: InitializeIPDv02p5Data intro {IS}:State object is invalid! Not created or deleted!
20260516 054211.342 INFO             PET1       esm: InitializeIPDv02p5Data intro {IS}:--- StateLog() end -------------------
20260516 054211.342 INFO             PET1       esm: InitializeIPDv02p5Data intro {ES}:--- StateLog() start -----------------
20260516 054211.342 INFO             PET1       esm: InitializeIPDv02p5Data intro {ES}:State object is invalid! Not created or deleted!
20260516 054211.342 INFO             PET1       esm: InitializeIPDv02p5Data intro {ES}:--- StateLog() end -------------------
20260516 054211.342 INFO             PET1       >>>esm: entered Initialize (phase=<none>) with current time: 2010  6  1  0  0  0   0
20260516 054211.343 INFO             PET1       esm: InternalInitializeComplete intro.
20260516 054211.343 INFO             PET1         esm: InternalInitializeComplete intro {IS}:--- StateLog() start -----------------
20260516 054211.343 INFO             PET1         esm: InternalInitializeComplete intro {IS}:State object is invalid! Not created or deleted!
20260516 054211.343 INFO             PET1         esm: InternalInitializeComplete intro {IS}:--- StateLog() end -------------------
20260516 054211.343 INFO             PET1         esm: InternalInitializeComplete intro {ES}:--- StateLog() start -----------------
20260516 054211.343 INFO             PET1         esm: InternalInitializeComplete intro {ES}:State object is invalid! Not created or deleted!
20260516 054211.343 INFO             PET1         esm: InternalInitializeComplete intro {ES}:--- StateLog() end -------------------
20260516 054211.343 INFO             PET1         >>>esm: entered Initialize (phase=<none>) with current time: 2010  6  1  0  0  0   0
20260516 054211.343 INFO             PET1         esm: InitializeDataComplete='true'
20260516 054211.343 INFO             PET1         <<<esm: leaving Initialize (phase=<none>) with current time: 2010  6  1  0  0  0   0
20260516 054211.343 INFO             PET1         esm: InternalInitializeComplete extro {IS}:--- StateLog() start -----------------
20260516 054211.343 INFO             PET1         esm: InternalInitializeComplete extro {IS}:State object is invalid! Not created or deleted!
20260516 054211.343 INFO             PET1         esm: InternalInitializeComplete extro {IS}:--- StateLog() end -------------------
20260516 054211.343 INFO             PET1         esm: InternalInitializeComplete extro {ES}:--- StateLog() start -----------------
20260516 054211.343 INFO             PET1         esm: InternalInitializeComplete extro {ES}:State object is invalid! Not created or deleted!
20260516 054211.343 INFO             PET1         esm: InternalInitializeComplete extro {ES}:--- StateLog() end -------------------
20260516 054211.343 INFO             PET1       esm: InternalInitializeComplete extro.
20260516 054211.343 INFO             PET1       ATM: InitializeIPDv01p5 intro.
20260516 054211.343 INFO             PET1       ATM: InitializeIPDv01p5 extro.
20260516 054211.345 INFO             PET1       esm: components present that trigger loopDataDependentInitialize().
20260516 054211.345 INFO             PET1       esm: loopDataDependentInitialize intro.
20260516 054211.345 INFO             PET1         esm: loopDataDependentInitialize intro {IS}:--- StateLog() start -----------------
20260516 054211.345 INFO             PET1         esm: loopDataDependentInitialize intro {IS}:State object is invalid! Not created or deleted!
20260516 054211.345 INFO             PET1         esm: loopDataDependentInitialize intro {IS}:--- StateLog() end -------------------
20260516 054211.345 INFO             PET1         esm: loopDataDependentInitialize intro {ES}:--- StateLog() start -----------------
20260516 054211.345 INFO             PET1         esm: loopDataDependentInitialize intro {ES}:State object is invalid! Not created or deleted!
20260516 054211.345 INFO             PET1         esm: loopDataDependentInitialize intro {ES}:--- StateLog() end -------------------
20260516 054211.345 INFO             PET1         >>>esm: entered Initialize (phase=<none>) with current time: 2010  6  1  0  0  0   0
20260516 054211.346 INFO             PET1         esm: component    0=esm, dataComplete (local): true
20260516 054211.346 INFO             PET1         esm: component    0=esm, dataComplete (global):  T
20260516 054211.346 INFO             PET1         esm: component    1=ATM, dataComplete (local): true
20260516 054211.346 INFO             PET1         esm: component    1=ATM, dataComplete (global):  T
20260516 054211.346 INFO             PET1         esm: component    2=OCN, dataComplete (local): true
20260516 054211.346 INFO             PET1         esm: component    2=OCN, dataComplete (global):  T
20260516 054211.346 INFO             PET1         esm: someProgress= F, allComplete= T, present(dataDepAllComplete)= T
20260516 054211.346 INFO             PET1         esm: finished resolving initialize data dependencies on this level.
20260516 054211.346 INFO             PET1         <<<esm: leaving Initialize (phase=<none>) with current time: 2010  6  1  0  0  0   0
20260516 054211.346 INFO             PET1         esm: loopDataDependentInitialize extro {IS}:--- StateLog() start -----------------
20260516 054211.346 INFO             PET1         esm: loopDataDependentInitialize extro {IS}:State object is invalid! Not created or deleted!
20260516 054211.346 INFO             PET1         esm: loopDataDependentInitialize extro {IS}:--- StateLog() end -------------------
20260516 054211.346 INFO             PET1         esm: loopDataDependentInitialize extro {ES}:--- StateLog() start -----------------
20260516 054211.346 INFO             PET1         esm: loopDataDependentInitialize extro {ES}:State object is invalid! Not created or deleted!
20260516 054211.346 INFO             PET1         esm: loopDataDependentInitialize extro {ES}:--- StateLog() end -------------------
20260516 054211.346 INFO             PET1       esm: loopDataDependentInitialize extro.
20260516 054211.346 INFO             PET1       esm: loopDataDependentInitialize() returned with dataDepAllComplete:  T
20260516 054211.346 INFO             PET1       <<<esm: leaving Initialize (phase=<none>) with current time: 2010  6  1  0  0  0   0
20260516 054211.346 INFO             PET1       esm: InitializeIPDv02p5Data extro {IS}:--- StateLog() start -----------------
20260516 054211.346 INFO             PET1       esm: InitializeIPDv02p5Data extro {IS}:State object is invalid! Not created or deleted!
20260516 054211.346 INFO             PET1       esm: InitializeIPDv02p5Data extro {IS}:--- StateLog() end -------------------
20260516 054211.346 INFO             PET1       esm: InitializeIPDv02p5Data extro {ES}:--- StateLog() start -----------------
20260516 054211.346 INFO             PET1       esm: InitializeIPDv02p5Data extro {ES}:State object is invalid! Not created or deleted!
20260516 054211.346 INFO             PET1       esm: InitializeIPDv02p5Data extro {ES}:--- StateLog() end -------------------
20260516 054211.346 INFO             PET1     esm: InitializeIPDv02p5Data extro.
20260516 054211.346 INFO             PET1     <<<esm: leaving Initialize (phase=<none>) with current time: 2010  6  1  0  0  0   0
20260516 054211.346 INFO             PET1     esm: InitializeIPDv02p5 extro {IS}:--- StateLog() start -----------------
20260516 054211.346 INFO             PET1     esm: InitializeIPDv02p5 extro {IS}:State object is invalid! Not created or deleted!
20260516 054211.346 INFO             PET1     esm: InitializeIPDv02p5 extro {IS}:--- StateLog() end -------------------
20260516 054211.346 INFO             PET1     esm: InitializeIPDv02p5 extro {ES}:--- StateLog() start -----------------
20260516 054211.346 INFO             PET1     esm: InitializeIPDv02p5 extro {ES}:State object is invalid! Not created or deleted!
20260516 054211.346 INFO             PET1     esm: InitializeIPDv02p5 extro {ES}:--- StateLog() end -------------------
20260516 054211.346 INFO             PET1   esm: InitializeIPDv02p5 extro.
20260516 054211.346 INFO             PET1   <<<esm: leaving Initialize (phase=<none>) with current time: 2010  6  1  0  0  0   0
20260516 054211.346 INFO             PET1   esm: InitializeGeneric extro {IS}:--- StateLog() start -----------------
20260516 054211.346 INFO             PET1   esm: InitializeGeneric extro {IS}:State object is invalid! Not created or deleted!
20260516 054211.346 INFO             PET1   esm: InitializeGeneric extro {IS}:--- StateLog() end -------------------
20260516 054211.346 INFO             PET1   esm: InitializeGeneric extro {ES}:--- StateLog() start -----------------
20260516 054211.346 INFO             PET1   esm: InitializeGeneric extro {ES}:State object is invalid! Not created or deleted!
20260516 054211.346 INFO             PET1   esm: InitializeGeneric extro {ES}:--- StateLog() end -------------------
20260516 054211.346 INFO             PET1 esm: InitializeGeneric extro.
20260516 054211.347 INFO             PET1 esm: Run intro.
20260516 054211.347 INFO             PET1   esm: Run intro {IS}:--- StateLog() start -----------------
20260516 054211.347 INFO             PET1   esm: Run intro {IS}:State object is invalid! Not created or deleted!
20260516 054211.347 INFO             PET1   esm: Run intro {IS}:--- StateLog() end -------------------
20260516 054211.347 INFO             PET1   esm: Run intro {ES}:--- StateLog() start -----------------
20260516 054211.347 INFO             PET1   esm: Run intro {ES}:State object is invalid! Not created or deleted!
20260516 054211.347 INFO             PET1   esm: Run intro {ES}:--- StateLog() end -------------------
20260516 054211.347 INFO             PET1   >>>esm: entered Run (phase=RunPhase1) with current time: 2010  6  1  0  0  0   0
20260516 054211.347 INFO             PET1   esm: after lable_SetRunClock, current time: 2010  6  1  0  0  0   0
20260516 054211.347 INFO             PET1   esm: begin -------> RunSequence.
20260516 054211.347 INFO             PET1     esm: RunSequence event loopLevel=   1  levelMember=   1  loopIteration=   1, current time: 2010  6  1  0  0  0   0
20260516 054211.347 INFO             PET1     ATM-TO-OCN: Run intro.
20260516 054211.349 INFO             PET1     ATM-TO-OCN: Run extro.
20260516 054211.349 INFO             PET1     OCN-TO-ATM: Run intro.
20260516 054211.349 INFO             PET1     OCN-TO-ATM: Run extro.
20260516 054211.350 INFO             PET1     ATM: Run intro.
20260516 054211.350 INFO             PET1       ------>Advancing ATM from: 2010  6  1  0  0  0   0
20260516 054211.350 INFO             PET1       ---------------------> to: 2010  6  1  0 15  0   0
20260516 054211.350 INFO             PET1     ATM: Run extro.
20260516 054211.350 INFO             PET1     esm: RunSequence event loopLevel=   1  levelMember=   1  loopIteration=   2, current time: 2010  6  1  0 15  0   0
20260516 054211.350 INFO             PET1     ATM-TO-OCN: Run intro.
20260516 054211.351 INFO             PET1     ATM-TO-OCN: Run extro.
20260516 054211.351 INFO             PET1     OCN-TO-ATM: Run intro.
20260516 054211.363 INFO             PET1     OCN-TO-ATM: Run extro.
20260516 054211.363 INFO             PET1     ATM: Run intro.
20260516 054211.363 INFO             PET1       ------>Advancing ATM from: 2010  6  1  0 15  0   0
20260516 054211.363 INFO             PET1       ---------------------> to: 2010  6  1  0 30  0   0
20260516 054211.363 INFO             PET1     ATM: Run extro.
20260516 054211.363 INFO             PET1     esm: RunSequence event loopLevel=   1  levelMember=   1  loopIteration=   3, current time: 2010  6  1  0 30  0   0
20260516 054211.363 INFO             PET1     ATM-TO-OCN: Run intro.
20260516 054211.364 INFO             PET1     ATM-TO-OCN: Run extro.
20260516 054211.364 INFO             PET1     OCN-TO-ATM: Run intro.
20260516 054211.368 INFO             PET1     OCN-TO-ATM: Run extro.
20260516 054211.369 INFO             PET1     ATM: Run intro.
20260516 054211.369 INFO             PET1       ------>Advancing ATM from: 2010  6  1  0 30  0   0
20260516 054211.369 INFO             PET1       ---------------------> to: 2010  6  1  0 45  0   0
20260516 054211.369 INFO             PET1     ATM: Run extro.
20260516 054211.369 INFO             PET1     esm: RunSequence event loopLevel=   1  levelMember=   1  loopIteration=   4, current time: 2010  6  1  0 45  0   0
20260516 054211.369 INFO             PET1     ATM-TO-OCN: Run intro.
20260516 054211.369 INFO             PET1     ATM-TO-OCN: Run extro.
20260516 054211.369 INFO             PET1     OCN-TO-ATM: Run intro.
20260516 054211.374 INFO             PET1     OCN-TO-ATM: Run extro.
20260516 054211.374 INFO             PET1     ATM: Run intro.
20260516 054211.374 INFO             PET1       ------>Advancing ATM from: 2010  6  1  0 45  0   0
20260516 054211.374 INFO             PET1       ---------------------> to: 2010  6  1  1  0  0   0
20260516 054211.374 INFO             PET1     ATM: Run extro.
20260516 054211.374 INFO             PET1   esm: end <--------- RunSequence
20260516 054211.374 INFO             PET1   <<<esm: leaving Run (phase=RunPhase1) with current time: 2010  6  1  1  0  0   0
20260516 054211.374 INFO             PET1   esm: Run extro {IS}:--- StateLog() start -----------------
20260516 054211.375 INFO             PET1   esm: Run extro {IS}:State object is invalid! Not created or deleted!
20260516 054211.375 INFO             PET1   esm: Run extro {IS}:--- StateLog() end -------------------
20260516 054211.375 INFO             PET1   esm: Run extro {ES}:--- StateLog() start -----------------
20260516 054211.375 INFO             PET1   esm: Run extro {ES}:State object is invalid! Not created or deleted!
20260516 054211.375 INFO             PET1   esm: Run extro {ES}:--- StateLog() end -------------------
20260516 054211.375 INFO             PET1 esm: Run extro.
20260516 054211.375 INFO             PET1 esm: Finalize intro.
20260516 054211.375 INFO             PET1   esm: Finalize intro {IS}:--- StateLog() start -----------------
20260516 054211.375 INFO             PET1   esm: Finalize intro {IS}:State object is invalid! Not created or deleted!
20260516 054211.375 INFO             PET1   esm: Finalize intro {IS}:--- StateLog() end -------------------
20260516 054211.375 INFO             PET1   esm: Finalize intro {ES}:--- StateLog() start -----------------
20260516 054211.375 INFO             PET1   esm: Finalize intro {ES}:State object is invalid! Not created or deleted!
20260516 054211.375 INFO             PET1   esm: Finalize intro {ES}:--- StateLog() end -------------------
20260516 054211.375 INFO             PET1   >>>esm: entered Finalize (phase=FinalizePhase1) with current time: 2010  6  1  1  0  0   0
20260516 054211.375 INFO             PET1   Calling Finalize phase 1 for connectorComp: ATM-TO-OCN
20260516 054211.375 INFO             PET1   ATM-TO-OCN: Finalize intro.
20260516 054211.375 INFO             PET1   ATM-TO-OCN: Finalize extro.
20260516 054211.375 INFO             PET1   Calling Finalize phase 1 for connectorComp: OCN-TO-ATM
20260516 054211.375 INFO             PET1   OCN-TO-ATM: Finalize intro.
20260516 054211.375 INFO             PET1   OCN-TO-ATM: Finalize extro.
20260516 054211.376 INFO             PET1   Calling Finalize phase 1 for modelComp: ATM
20260516 054211.376 INFO             PET1   ATM: Finalize intro.
20260516 054211.376 INFO             PET1   ATM: Finalize extro.
20260516 054211.376 INFO             PET1   Calling Finalize phase 1 for modelComp: OCN
20260516 054211.376 INFO             PET1   Delete modelComp: ATM
20260516 054211.376 INFO             PET1   Delete Import-/Export State for modelComp: ATM
20260516 054211.376 INFO             PET1   Delete modelComp: OCN
20260516 054211.376 INFO             PET1   Delete Import-/Export State for modelComp: OCN
20260516 054211.376 INFO             PET1   Delete connectorComp: ATM-TO-OCN
20260516 054211.376 INFO             PET1   Delete connectorComp: OCN-TO-ATM
20260516 054211.376 INFO             PET1   <<<esm: leaving Finalize (phase=FinalizePhase1) with current time: 2010  6  1  1  0  0   0
20260516 054211.376 INFO             PET1 esm: Finalize extro.
20260516 054211.376 INFO             PET1 esmApp FINISHED
20260516 054211.376 INFO             PET1  Finalizing ESMF
20260516 054210.953 INFO             PET2 !!!!!!!!!!!!!!!!!!!!!!!!!!!!!!!!!!!!!!!!!!!!!!!!!!!!!!
20260516 054210.954 INFO             PET2 !!! THE ESMF_LOG IS SET TO OUTPUT ALL LOG MESSAGES !!!
20260516 054210.954 INFO             PET2 !!!     THIS MAY CAUSE SLOWDOWN IN PERFORMANCE     !!!
20260516 054210.954 INFO             PET2 !!! FOR PRODUCTION RUNS, USE:                      !!!
20260516 054210.954 INFO             PET2 !!!                   ESMF_LOGKIND_Multi_On_Error  !!!
20260516 054210.954 INFO             PET2 !!!!!!!!!!!!!!!!!!!!!!!!!!!!!!!!!!!!!!!!!!!!!!!!!!!!!!
20260516 054210.954 INFO             PET2 Running with ESMF Version   : v9.0.0b13
20260516 054210.954 INFO             PET2 ESMF library build date/time: "May 16 2026" "01:48:57"
20260516 054210.954 INFO             PET2 ESMF library build location : /discover/nobackup/projects/gmao/SIteam/ESMF_Testing/nag_7.2.28_openmpi_g_develop/esmf
20260516 054210.954 INFO             PET2 ESMF_COMM                   : openmpi
20260516 054210.954 INFO             PET2 ESMF_MOAB                   : enabled
20260516 054210.954 INFO             PET2 ESMF_LAPACK                 : enabled
20260516 054210.954 INFO             PET2 ESMF_NETCDF                 : enabled
20260516 054210.954 INFO             PET2 ESMF_PNETCDF                : disabled
20260516 054210.954 INFO             PET2 ESMF_PIO                    : enabled
20260516 054210.954 INFO             PET2 ESMF_YAMLCPP                : enabled
20260516 054210.954 INFO             PET2 esmApp STARTING
20260516 054210.963 INFO             PET2 esm: InitializeGeneric intro.
20260516 054210.963 INFO             PET2   esm: InitializeGeneric intro {IS}:--- StateLog() start -----------------
20260516 054210.963 INFO             PET2   esm: InitializeGeneric intro {IS}:State object is invalid! Not created or deleted!
20260516 054210.963 INFO             PET2   esm: InitializeGeneric intro {IS}:--- StateLog() end -------------------
20260516 054210.963 INFO             PET2   esm: InitializeGeneric intro {ES}:--- StateLog() start -----------------
20260516 054210.963 INFO             PET2   esm: InitializeGeneric intro {ES}:State object is invalid! Not created or deleted!
20260516 054210.963 INFO             PET2   esm: InitializeGeneric intro {ES}:--- StateLog() end -------------------
20260516 054210.963 INFO             PET2   >>>esm: entered Initialize (phase=<none>) without valid internal Clock.
20260516 054210.963 INFO             PET2   esm: InitializeP0 intro.
20260516 054210.963 INFO             PET2     esm: InitializeP0 intro {IS}:--- StateLog() start -----------------
20260516 054210.963 INFO             PET2     esm: InitializeP0 intro {IS}:State object is invalid! Not created or deleted!
20260516 054210.963 INFO             PET2     esm: InitializeP0 intro {IS}:--- StateLog() end -------------------
20260516 054210.963 INFO             PET2     esm: InitializeP0 intro {ES}:--- StateLog() start -----------------
20260516 054210.963 INFO             PET2     esm: InitializeP0 intro {ES}:State object is invalid! Not created or deleted!
20260516 054210.963 INFO             PET2     esm: InitializeP0 intro {ES}:--- StateLog() end -------------------
20260516 054210.963 INFO             PET2     >>>esm: entered Initialize (phase=<none>) without valid internal Clock.
20260516 054210.964 INFO             PET2     <<<esm: leaving Initialize (phase=<none>) without valid internal Clock.
20260516 054210.964 INFO             PET2     esm: InitializeP0 extro {IS}:--- StateLog() start -----------------
20260516 054210.964 INFO             PET2     esm: InitializeP0 extro {IS}:State object is invalid! Not created or deleted!
20260516 054210.964 INFO             PET2     esm: InitializeP0 extro {IS}:--- StateLog() end -------------------
20260516 054210.964 INFO             PET2     esm: InitializeP0 extro {ES}:--- StateLog() start -----------------
20260516 054210.964 INFO             PET2     esm: InitializeP0 extro {ES}:State object is invalid! Not created or deleted!
20260516 054210.964 INFO             PET2     esm: InitializeP0 extro {ES}:--- StateLog() end -------------------
20260516 054210.964 INFO             PET2   esm: InitializeP0 extro.
20260516 054210.964 INFO             PET2   esm: InitializeIPDv02p1 intro.
20260516 054210.964 INFO             PET2     esm: InitializeIPDv02p1 intro {IS}:--- StateLog() start -----------------
20260516 054210.964 INFO             PET2     esm: InitializeIPDv02p1 intro {IS}:State object is invalid! Not created or deleted!
20260516 054210.964 INFO             PET2     esm: InitializeIPDv02p1 intro {IS}:--- StateLog() end -------------------
20260516 054210.964 INFO             PET2     esm: InitializeIPDv02p1 intro {ES}:--- StateLog() start -----------------
20260516 054210.964 INFO             PET2     esm: InitializeIPDv02p1 intro {ES}:State object is invalid! Not created or deleted!
20260516 054210.964 INFO             PET2     esm: InitializeIPDv02p1 intro {ES}:--- StateLog() end -------------------
20260516 054210.964 INFO             PET2     >>>esm: entered Initialize (phase=<none>) without valid internal Clock.
20260516 054210.965 INFO             PET2     esm - Creating model component ATM with petList of size 2 :
20260516 054210.965 INFO             PET2           0      1
20260516 054210.968 INFO             PET2     esm - Creating model component OCN with petList of size 2 :
20260516 054210.968 INFO             PET2           2      3
20260516 054210.970 INFO             PET2     esm - Creating connector component ATM-TO-OCN with petList of size 4 :
20260516 054210.970 INFO             PET2           0      1      2      3
20260516 054210.976 INFO             PET2     esm - Creating connector component OCN-TO-ATM with petList of size 4 :
20260516 054210.976 INFO             PET2           2      3      0      1
20260516 054210.981 INFO             PET2     esm - Creating state: modelComp 1 Import State
20260516 054210.981 INFO             PET2     esm - Creating state: modelComp 1 Export State
20260516 054210.982 INFO             PET2     esm - Creating state: modelComp 2 Import State
20260516 054210.982 INFO             PET2     esm - Creating state: modelComp 2 Export State
20260516 054210.983 INFO             PET2     OCN: InitializeP0 intro.
20260516 054210.984 INFO             PET2     OCN: InitializeP0 extro.
20260516 054210.987 INFO             PET2     ATM-TO-OCN: InitializeP0 intro.
20260516 054210.988 INFO             PET2     ATM-TO-OCN: InitializeP0 extro.
20260516 054210.989 INFO             PET2     OCN-TO-ATM: InitializeP0 intro.
20260516 054210.989 INFO             PET2     OCN-TO-ATM: InitializeP0 extro.
20260516 054210.991 INFO             PET2     esm: IInitAdvertise intro.
20260516 054210.991 INFO             PET2       esm: IInitAdvertise intro {IS}:--- StateLog() start -----------------
20260516 054210.991 INFO             PET2       esm: IInitAdvertise intro {IS}:State object is invalid! Not created or deleted!
20260516 054210.991 INFO             PET2       esm: IInitAdvertise intro {IS}:--- StateLog() end -------------------
20260516 054210.991 INFO             PET2       esm: IInitAdvertise intro {ES}:--- StateLog() start -----------------
20260516 054210.991 INFO             PET2       esm: IInitAdvertise intro {ES}:State object is invalid! Not created or deleted!
20260516 054210.991 INFO             PET2       esm: IInitAdvertise intro {ES}:--- StateLog() end -------------------
20260516 054210.991 INFO             PET2       >>>esm: entered Initialize (phase=<none>) with current time: 2010  6  1  0  0  0   0
20260516 054210.991 INFO             PET2       <<<esm: leaving Initialize (phase=<none>) with current time: 2010  6  1  0  0  0   0
20260516 054210.991 INFO             PET2       esm: IInitAdvertise extro {IS}:--- StateLog() start -----------------
20260516 054210.991 INFO             PET2       esm: IInitAdvertise extro {IS}:State object is invalid! Not created or deleted!
20260516 054210.991 INFO             PET2       esm: IInitAdvertise extro {IS}:--- StateLog() end -------------------
20260516 054210.991 INFO             PET2       esm: IInitAdvertise extro {ES}:--- StateLog() start -----------------
20260516 054210.991 INFO             PET2       esm: IInitAdvertise extro {ES}:State object is invalid! Not created or deleted!
20260516 054210.991 INFO             PET2       esm: IInitAdvertise extro {ES}:--- StateLog() end -------------------
20260516 054210.991 INFO             PET2     esm: IInitAdvertise extro.
20260516 054210.991 INFO             PET2     OCN: InitializeIPDvXp01 intro.
20260516 054210.994 INFO             PET2     OCN: InitializeIPDvXp01 extro.
20260516 054210.996 INFO             PET2     ATM-TO-OCN: InitializeIPDv05p1 intro.
20260516 054211.004 INFO             PET2     ATM-TO-OCN: InitializeIPDv05p1 extro.
20260516 054211.004 INFO             PET2     OCN-TO-ATM: InitializeIPDv05p1 intro.
20260516 054211.008 INFO             PET2     OCN-TO-ATM: InitializeIPDv05p1 extro.
20260516 054211.008 INFO             PET2     esm: IInitAdvertiseFinish intro.
20260516 054211.008 INFO             PET2       esm: IInitAdvertiseFinish intro {IS}:--- StateLog() start -----------------
20260516 054211.008 INFO             PET2       esm: IInitAdvertiseFinish intro {IS}:State object is invalid! Not created or deleted!
20260516 054211.008 INFO             PET2       esm: IInitAdvertiseFinish intro {IS}:--- StateLog() end -------------------
20260516 054211.008 INFO             PET2       esm: IInitAdvertiseFinish intro {ES}:--- StateLog() start -----------------
20260516 054211.008 INFO             PET2       esm: IInitAdvertiseFinish intro {ES}:State object is invalid! Not created or deleted!
20260516 054211.008 INFO             PET2       esm: IInitAdvertiseFinish intro {ES}:--- StateLog() end -------------------
20260516 054211.009 INFO             PET2       >>>esm: entered Initialize (phase=<none>) with current time: 2010  6  1  0  0  0   0
20260516 054211.009 INFO             PET2       <<<esm: leaving Initialize (phase=<none>) with current time: 2010  6  1  0  0  0   0
20260516 054211.009 INFO             PET2       esm: IInitAdvertiseFinish extro {IS}:--- StateLog() start -----------------
20260516 054211.009 INFO             PET2       esm: IInitAdvertiseFinish extro {IS}:State object is invalid! Not created or deleted!
20260516 054211.009 INFO             PET2       esm: IInitAdvertiseFinish extro {IS}:--- StateLog() end -------------------
20260516 054211.009 INFO             PET2       esm: IInitAdvertiseFinish extro {ES}:--- StateLog() start -----------------
20260516 054211.009 INFO             PET2       esm: IInitAdvertiseFinish extro {ES}:State object is invalid! Not created or deleted!
20260516 054211.009 INFO             PET2       esm: IInitAdvertiseFinish extro {ES}:--- StateLog() end -------------------
20260516 054211.009 INFO             PET2     esm: IInitAdvertiseFinish extro.
20260516 054211.009 INFO             PET2     ATM-TO-OCN: InitializeIPDv05p2a intro.
20260516 054211.016 INFO             PET2     ATM-TO-OCN: InitializeIPDv05p2a extro.
20260516 054211.016 INFO             PET2     OCN-TO-ATM: InitializeIPDv05p2a intro.
20260516 054211.020 INFO             PET2     OCN-TO-ATM: InitializeIPDv05p2a extro.
20260516 054211.021 INFO             PET2     ATM-TO-OCN: InitializeIPDv05p2b intro.
20260516 054211.027 INFO             PET2     ATM-TO-OCN: InitializeIPDv05p2b extro.
20260516 054211.027 INFO             PET2     OCN-TO-ATM: InitializeIPDv05p2b intro.
20260516 054211.031 INFO             PET2     OCN-TO-ATM: InitializeIPDv05p2b extro.
20260516 054211.032 INFO             PET2     esm: IInitModifyCplLists intro.
20260516 054211.032 INFO             PET2       esm: IInitModifyCplLists intro {IS}:--- StateLog() start -----------------
20260516 054211.032 INFO             PET2       esm: IInitModifyCplLists intro {IS}:State object is invalid! Not created or deleted!
20260516 054211.032 INFO             PET2       esm: IInitModifyCplLists intro {IS}:--- StateLog() end -------------------
20260516 054211.032 INFO             PET2       esm: IInitModifyCplLists intro {ES}:--- StateLog() start -----------------
20260516 054211.032 INFO             PET2       esm: IInitModifyCplLists intro {ES}:State object is invalid! Not created or deleted!
20260516 054211.032 INFO             PET2       esm: IInitModifyCplLists intro {ES}:--- StateLog() end -------------------
20260516 054211.032 INFO             PET2       >>>esm: entered Initialize (phase=<none>) with current time: 2010  6  1  0  0  0   0
20260516 054211.032 INFO             PET2       Driver is in ModifyCplLists()
20260516 054211.032 INFO             PET2        Found  2  Connectors. Modifying CplList Attribute....
20260516 054211.032 INFO             PET2       <<<esm: leaving Initialize (phase=<none>) with current time: 2010  6  1  0  0  0   0
20260516 054211.032 INFO             PET2       esm: IInitModifyCplLists extro {IS}:--- StateLog() start -----------------
20260516 054211.032 INFO             PET2       esm: IInitModifyCplLists extro {IS}:State object is invalid! Not created or deleted!
20260516 054211.032 INFO             PET2       esm: IInitModifyCplLists extro {IS}:--- StateLog() end -------------------
20260516 054211.032 INFO             PET2       esm: IInitModifyCplLists extro {ES}:--- StateLog() start -----------------
20260516 054211.032 INFO             PET2       esm: IInitModifyCplLists extro {ES}:State object is invalid! Not created or deleted!
20260516 054211.032 INFO             PET2       esm: IInitModifyCplLists extro {ES}:--- StateLog() end -------------------
20260516 054211.032 INFO             PET2     esm: IInitModifyCplLists extro.
20260516 054211.033 INFO             PET2     ATM-TO-OCN: InitializeIPDv05p3 intro.
20260516 054211.040 INFO             PET2     ATM-TO-OCN: InitializeIPDv05p3 extro.
20260516 054211.040 INFO             PET2     OCN-TO-ATM: InitializeIPDv05p3 intro.
20260516 054211.045 INFO             PET2     OCN-TO-ATM: InitializeIPDv05p3 extro.
20260516 054211.045 INFO             PET2     <<<esm: leaving Initialize (phase=<none>) with current time: 2010  6  1  0  0  0   0
20260516 054211.045 INFO             PET2     esm: InitializeIPDv02p1 extro {IS}:--- StateLog() start -----------------
20260516 054211.045 INFO             PET2     esm: InitializeIPDv02p1 extro {IS}:State object is invalid! Not created or deleted!
20260516 054211.045 INFO             PET2     esm: InitializeIPDv02p1 extro {IS}:--- StateLog() end -------------------
20260516 054211.045 INFO             PET2     esm: InitializeIPDv02p1 extro {ES}:--- StateLog() start -----------------
20260516 054211.045 INFO             PET2     esm: InitializeIPDv02p1 extro {ES}:State object is invalid! Not created or deleted!
20260516 054211.045 INFO             PET2     esm: InitializeIPDv02p1 extro {ES}:--- StateLog() end -------------------
20260516 054211.045 INFO             PET2   esm: InitializeIPDv02p1 extro.
20260516 054211.045 INFO             PET2   esm: InitializeIPDv02p3 intro.
20260516 054211.045 INFO             PET2     esm: InitializeIPDv02p3 intro {IS}:--- StateLog() start -----------------
20260516 054211.045 INFO             PET2     esm: InitializeIPDv02p3 intro {IS}:State object is invalid! Not created or deleted!
20260516 054211.045 INFO             PET2     esm: InitializeIPDv02p3 intro {IS}:--- StateLog() end -------------------
20260516 054211.045 INFO             PET2     esm: InitializeIPDv02p3 intro {ES}:--- StateLog() start -----------------
20260516 054211.045 INFO             PET2     esm: InitializeIPDv02p3 intro {ES}:State object is invalid! Not created or deleted!
20260516 054211.045 INFO             PET2     esm: InitializeIPDv02p3 intro {ES}:--- StateLog() end -------------------
20260516 054211.046 INFO             PET2     >>>esm: entered Initialize (phase=<none>) with current time: 2010  6  1  0  0  0   0
20260516 054211.046 INFO             PET2     esm: IInitCheck intro.
20260516 054211.046 INFO             PET2       esm: IInitCheck intro {IS}:--- StateLog() start -----------------
20260516 054211.046 INFO             PET2       esm: IInitCheck intro {IS}:State object is invalid! Not created or deleted!
20260516 054211.046 INFO             PET2       esm: IInitCheck intro {IS}:--- StateLog() end -------------------
20260516 054211.046 INFO             PET2       esm: IInitCheck intro {ES}:--- StateLog() start -----------------
20260516 054211.046 INFO             PET2       esm: IInitCheck intro {ES}:State object is invalid! Not created or deleted!
20260516 054211.046 INFO             PET2       esm: IInitCheck intro {ES}:--- StateLog() end -------------------
20260516 054211.046 INFO             PET2       >>>esm: entered Initialize (phase=<none>) with current time: 2010  6  1  0  0  0   0
20260516 054211.046 INFO             PET2       <<<esm: leaving Initialize (phase=<none>) with current time: 2010  6  1  0  0  0   0
20260516 054211.046 INFO             PET2       esm: IInitCheck extro {IS}:--- StateLog() start -----------------
20260516 054211.046 INFO             PET2       esm: IInitCheck extro {IS}:State object is invalid! Not created or deleted!
20260516 054211.046 INFO             PET2       esm: IInitCheck extro {IS}:--- StateLog() end -------------------
20260516 054211.046 INFO             PET2       esm: IInitCheck extro {ES}:--- StateLog() start -----------------
20260516 054211.046 INFO             PET2       esm: IInitCheck extro {ES}:State object is invalid! Not created or deleted!
20260516 054211.046 INFO             PET2       esm: IInitCheck extro {ES}:--- StateLog() end -------------------
20260516 054211.046 INFO             PET2     esm: IInitCheck extro.
20260516 054211.046 INFO             PET2     OCN: InitializeIPDvXp04 intro.
20260516 054211.053 INFO             PET2     OCN: InitializeIPDvXp04 extro.
20260516 054211.055 INFO             PET2     ATM-TO-OCN: InitializeIPDv05p4 intro.
20260516 054211.066 INFO             PET2     ATM-TO-OCN: InitializeIPDv05p4 extro.
20260516 054211.067 INFO             PET2     OCN-TO-ATM: InitializeIPDv05p4 intro.
20260516 054211.076 INFO             PET2     OCN-TO-ATM: InitializeIPDv05p4 extro.
20260516 054211.076 INFO             PET2     ATM-TO-OCN: InitializeIPDv05p5 intro.
20260516 054211.088 INFO             PET2     ATM-TO-OCN: InitializeIPDv05p5 extro.
20260516 054211.088 INFO             PET2     OCN-TO-ATM: InitializeIPDv05p5 intro.
20260516 054211.097 INFO             PET2     OCN-TO-ATM: InitializeIPDv05p5 extro.
20260516 054211.097 INFO             PET2     esm: IInitRealize intro.
20260516 054211.097 INFO             PET2       esm: IInitRealize intro {IS}:--- StateLog() start -----------------
20260516 054211.097 INFO             PET2       esm: IInitRealize intro {IS}:State object is invalid! Not created or deleted!
20260516 054211.097 INFO             PET2       esm: IInitRealize intro {IS}:--- StateLog() end -------------------
20260516 054211.097 INFO             PET2       esm: IInitRealize intro {ES}:--- StateLog() start -----------------
20260516 054211.097 INFO             PET2       esm: IInitRealize intro {ES}:State object is invalid! Not created or deleted!
20260516 054211.097 INFO             PET2       esm: IInitRealize intro {ES}:--- StateLog() end -------------------
20260516 054211.097 INFO             PET2       >>>esm: entered Initialize (phase=<none>) with current time: 2010  6  1  0  0  0   0
20260516 054211.098 INFO             PET2       <<<esm: leaving Initialize (phase=<none>) with current time: 2010  6  1  0  0  0   0
20260516 054211.098 INFO             PET2       esm: IInitRealize extro {IS}:--- StateLog() start -----------------
20260516 054211.098 INFO             PET2       esm: IInitRealize extro {IS}:State object is invalid! Not created or deleted!
20260516 054211.098 INFO             PET2       esm: IInitRealize extro {IS}:--- StateLog() end -------------------
20260516 054211.098 INFO             PET2       esm: IInitRealize extro {ES}:--- StateLog() start -----------------
20260516 054211.098 INFO             PET2       esm: IInitRealize extro {ES}:State object is invalid! Not created or deleted!
20260516 054211.098 INFO             PET2       esm: IInitRealize extro {ES}:--- StateLog() end -------------------
20260516 054211.098 INFO             PET2     esm: IInitRealize extro.
20260516 054211.098 INFO             PET2     ATM-TO-OCN: InitializeIPDv05p6a intro.
20260516 054211.109 INFO             PET2     ATM-TO-OCN: InitializeIPDv05p6a extro.
20260516 054211.109 INFO             PET2     OCN-TO-ATM: InitializeIPDv05p6a intro.
20260516 054211.118 INFO             PET2     OCN-TO-ATM: InitializeIPDv05p6a extro.
20260516 054211.119 INFO             PET2     ATM-TO-OCN: InitializeIPDv05p6b intro.
20260516 054211.244 INFO             PET2     ATM-TO-OCN: InitializeIPDv05p6b extro.
20260516 054211.245 INFO             PET2     OCN-TO-ATM: InitializeIPDv05p6b intro.
20260516 054211.341 INFO             PET2     OCN-TO-ATM: InitializeIPDv05p6b extro.
20260516 054211.342 INFO             PET2     OCN: InitializeIPDvXp07 intro.
20260516 054211.342 INFO             PET2     OCN: InitializeIPDvXp07 extro.
20260516 054211.342 INFO             PET2     <<<esm: leaving Initialize (phase=<none>) with current time: 2010  6  1  0  0  0   0
20260516 054211.342 INFO             PET2     esm: InitializeIPDv02p3 extro {IS}:--- StateLog() start -----------------
20260516 054211.342 INFO             PET2     esm: InitializeIPDv02p3 extro {IS}:State object is invalid! Not created or deleted!
20260516 054211.342 INFO             PET2     esm: InitializeIPDv02p3 extro {IS}:--- StateLog() end -------------------
20260516 054211.342 INFO             PET2     esm: InitializeIPDv02p3 extro {ES}:--- StateLog() start -----------------
20260516 054211.342 INFO             PET2     esm: InitializeIPDv02p3 extro {ES}:State object is invalid! Not created or deleted!
20260516 054211.342 INFO             PET2     esm: InitializeIPDv02p3 extro {ES}:--- StateLog() end -------------------
20260516 054211.342 INFO             PET2   esm: InitializeIPDv02p3 extro.
20260516 054211.342 INFO             PET2   esm: InitializeIPDv02p5 intro.
20260516 054211.342 INFO             PET2     esm: InitializeIPDv02p5 intro {IS}:--- StateLog() start -----------------
20260516 054211.342 INFO             PET2     esm: InitializeIPDv02p5 intro {IS}:State object is invalid! Not created or deleted!
20260516 054211.342 INFO             PET2     esm: InitializeIPDv02p5 intro {IS}:--- StateLog() end -------------------
20260516 054211.342 INFO             PET2     esm: InitializeIPDv02p5 intro {ES}:--- StateLog() start -----------------
20260516 054211.342 INFO             PET2     esm: InitializeIPDv02p5 intro {ES}:State object is invalid! Not created or deleted!
20260516 054211.342 INFO             PET2     esm: InitializeIPDv02p5 intro {ES}:--- StateLog() end -------------------
20260516 054211.342 INFO             PET2     >>>esm: entered Initialize (phase=<none>) with current time: 2010  6  1  0  0  0   0
20260516 054211.342 INFO             PET2     esm: this is a top level driver, no 'Updated' and 'InitializeDataComplete' info on this level.
20260516 054211.342 INFO             PET2     esm: InitializeIPDv02p5Data intro.
20260516 054211.342 INFO             PET2       esm: InitializeIPDv02p5Data intro {IS}:--- StateLog() start -----------------
20260516 054211.342 INFO             PET2       esm: InitializeIPDv02p5Data intro {IS}:State object is invalid! Not created or deleted!
20260516 054211.342 INFO             PET2       esm: InitializeIPDv02p5Data intro {IS}:--- StateLog() end -------------------
20260516 054211.342 INFO             PET2       esm: InitializeIPDv02p5Data intro {ES}:--- StateLog() start -----------------
20260516 054211.342 INFO             PET2       esm: InitializeIPDv02p5Data intro {ES}:State object is invalid! Not created or deleted!
20260516 054211.342 INFO             PET2       esm: InitializeIPDv02p5Data intro {ES}:--- StateLog() end -------------------
20260516 054211.343 INFO             PET2       >>>esm: entered Initialize (phase=<none>) with current time: 2010  6  1  0  0  0   0
20260516 054211.343 INFO             PET2       esm: InternalInitializeComplete intro.
20260516 054211.343 INFO             PET2         esm: InternalInitializeComplete intro {IS}:--- StateLog() start -----------------
20260516 054211.343 INFO             PET2         esm: InternalInitializeComplete intro {IS}:State object is invalid! Not created or deleted!
20260516 054211.343 INFO             PET2         esm: InternalInitializeComplete intro {IS}:--- StateLog() end -------------------
20260516 054211.343 INFO             PET2         esm: InternalInitializeComplete intro {ES}:--- StateLog() start -----------------
20260516 054211.343 INFO             PET2         esm: InternalInitializeComplete intro {ES}:State object is invalid! Not created or deleted!
20260516 054211.343 INFO             PET2         esm: InternalInitializeComplete intro {ES}:--- StateLog() end -------------------
20260516 054211.343 INFO             PET2         >>>esm: entered Initialize (phase=<none>) with current time: 2010  6  1  0  0  0   0
20260516 054211.343 INFO             PET2         esm: InitializeDataComplete='true'
20260516 054211.343 INFO             PET2         <<<esm: leaving Initialize (phase=<none>) with current time: 2010  6  1  0  0  0   0
20260516 054211.343 INFO             PET2         esm: InternalInitializeComplete extro {IS}:--- StateLog() start -----------------
20260516 054211.343 INFO             PET2         esm: InternalInitializeComplete extro {IS}:State object is invalid! Not created or deleted!
20260516 054211.343 INFO             PET2         esm: InternalInitializeComplete extro {IS}:--- StateLog() end -------------------
20260516 054211.343 INFO             PET2         esm: InternalInitializeComplete extro {ES}:--- StateLog() start -----------------
20260516 054211.343 INFO             PET2         esm: InternalInitializeComplete extro {ES}:State object is invalid! Not created or deleted!
20260516 054211.343 INFO             PET2         esm: InternalInitializeComplete extro {ES}:--- StateLog() end -------------------
20260516 054211.343 INFO             PET2       esm: InternalInitializeComplete extro.
20260516 054211.343 INFO             PET2       OCN: InitializeIPDv01p5 intro.
20260516 054211.344 INFO             PET2       OCN: InitializeIPDv01p5 extro.
20260516 054211.345 INFO             PET2       esm: components present that trigger loopDataDependentInitialize().
20260516 054211.345 INFO             PET2       esm: loopDataDependentInitialize intro.
20260516 054211.345 INFO             PET2         esm: loopDataDependentInitialize intro {IS}:--- StateLog() start -----------------
20260516 054211.345 INFO             PET2         esm: loopDataDependentInitialize intro {IS}:State object is invalid! Not created or deleted!
20260516 054211.345 INFO             PET2         esm: loopDataDependentInitialize intro {IS}:--- StateLog() end -------------------
20260516 054211.345 INFO             PET2         esm: loopDataDependentInitialize intro {ES}:--- StateLog() start -----------------
20260516 054211.345 INFO             PET2         esm: loopDataDependentInitialize intro {ES}:State object is invalid! Not created or deleted!
20260516 054211.345 INFO             PET2         esm: loopDataDependentInitialize intro {ES}:--- StateLog() end -------------------
20260516 054211.345 INFO             PET2         >>>esm: entered Initialize (phase=<none>) with current time: 2010  6  1  0  0  0   0
20260516 054211.346 INFO             PET2         esm: component    0=esm, dataComplete (local): true
20260516 054211.346 INFO             PET2         esm: component    0=esm, dataComplete (global):  T
20260516 054211.346 INFO             PET2         esm: component    1=ATM, dataComplete (local): true
20260516 054211.346 INFO             PET2         esm: component    1=ATM, dataComplete (global):  T
20260516 054211.346 INFO             PET2         esm: component    2=OCN, dataComplete (local): true
20260516 054211.346 INFO             PET2         esm: component    2=OCN, dataComplete (global):  T
20260516 054211.346 INFO             PET2         esm: someProgress= F, allComplete= T, present(dataDepAllComplete)= T
20260516 054211.346 INFO             PET2         esm: finished resolving initialize data dependencies on this level.
20260516 054211.346 INFO             PET2         <<<esm: leaving Initialize (phase=<none>) with current time: 2010  6  1  0  0  0   0
20260516 054211.346 INFO             PET2         esm: loopDataDependentInitialize extro {IS}:--- StateLog() start -----------------
20260516 054211.346 INFO             PET2         esm: loopDataDependentInitialize extro {IS}:State object is invalid! Not created or deleted!
20260516 054211.346 INFO             PET2         esm: loopDataDependentInitialize extro {IS}:--- StateLog() end -------------------
20260516 054211.346 INFO             PET2         esm: loopDataDependentInitialize extro {ES}:--- StateLog() start -----------------
20260516 054211.346 INFO             PET2         esm: loopDataDependentInitialize extro {ES}:State object is invalid! Not created or deleted!
20260516 054211.346 INFO             PET2         esm: loopDataDependentInitialize extro {ES}:--- StateLog() end -------------------
20260516 054211.346 INFO             PET2       esm: loopDataDependentInitialize extro.
20260516 054211.346 INFO             PET2       esm: loopDataDependentInitialize() returned with dataDepAllComplete:  T
20260516 054211.346 INFO             PET2       <<<esm: leaving Initialize (phase=<none>) with current time: 2010  6  1  0  0  0   0
20260516 054211.346 INFO             PET2       esm: InitializeIPDv02p5Data extro {IS}:--- StateLog() start -----------------
20260516 054211.346 INFO             PET2       esm: InitializeIPDv02p5Data extro {IS}:State object is invalid! Not created or deleted!
20260516 054211.346 INFO             PET2       esm: InitializeIPDv02p5Data extro {IS}:--- StateLog() end -------------------
20260516 054211.346 INFO             PET2       esm: InitializeIPDv02p5Data extro {ES}:--- StateLog() start -----------------
20260516 054211.346 INFO             PET2       esm: InitializeIPDv02p5Data extro {ES}:State object is invalid! Not created or deleted!
20260516 054211.346 INFO             PET2       esm: InitializeIPDv02p5Data extro {ES}:--- StateLog() end -------------------
20260516 054211.346 INFO             PET2     esm: InitializeIPDv02p5Data extro.
20260516 054211.346 INFO             PET2     <<<esm: leaving Initialize (phase=<none>) with current time: 2010  6  1  0  0  0   0
20260516 054211.346 INFO             PET2     esm: InitializeIPDv02p5 extro {IS}:--- StateLog() start -----------------
20260516 054211.346 INFO             PET2     esm: InitializeIPDv02p5 extro {IS}:State object is invalid! Not created or deleted!
20260516 054211.346 INFO             PET2     esm: InitializeIPDv02p5 extro {IS}:--- StateLog() end -------------------
20260516 054211.346 INFO             PET2     esm: InitializeIPDv02p5 extro {ES}:--- StateLog() start -----------------
20260516 054211.346 INFO             PET2     esm: InitializeIPDv02p5 extro {ES}:State object is invalid! Not created or deleted!
20260516 054211.346 INFO             PET2     esm: InitializeIPDv02p5 extro {ES}:--- StateLog() end -------------------
20260516 054211.346 INFO             PET2   esm: InitializeIPDv02p5 extro.
20260516 054211.346 INFO             PET2   <<<esm: leaving Initialize (phase=<none>) with current time: 2010  6  1  0  0  0   0
20260516 054211.346 INFO             PET2   esm: InitializeGeneric extro {IS}:--- StateLog() start -----------------
20260516 054211.346 INFO             PET2   esm: InitializeGeneric extro {IS}:State object is invalid! Not created or deleted!
20260516 054211.346 INFO             PET2   esm: InitializeGeneric extro {IS}:--- StateLog() end -------------------
20260516 054211.346 INFO             PET2   esm: InitializeGeneric extro {ES}:--- StateLog() start -----------------
20260516 054211.346 INFO             PET2   esm: InitializeGeneric extro {ES}:State object is invalid! Not created or deleted!
20260516 054211.346 INFO             PET2   esm: InitializeGeneric extro {ES}:--- StateLog() end -------------------
20260516 054211.346 INFO             PET2 esm: InitializeGeneric extro.
20260516 054211.347 INFO             PET2 esm: Run intro.
20260516 054211.347 INFO             PET2   esm: Run intro {IS}:--- StateLog() start -----------------
20260516 054211.347 INFO             PET2   esm: Run intro {IS}:State object is invalid! Not created or deleted!
20260516 054211.347 INFO             PET2   esm: Run intro {IS}:--- StateLog() end -------------------
20260516 054211.347 INFO             PET2   esm: Run intro {ES}:--- StateLog() start -----------------
20260516 054211.347 INFO             PET2   esm: Run intro {ES}:State object is invalid! Not created or deleted!
20260516 054211.347 INFO             PET2   esm: Run intro {ES}:--- StateLog() end -------------------
20260516 054211.347 INFO             PET2   >>>esm: entered Run (phase=RunPhase1) with current time: 2010  6  1  0  0  0   0
20260516 054211.347 INFO             PET2   esm: after lable_SetRunClock, current time: 2010  6  1  0  0  0   0
20260516 054211.347 INFO             PET2   esm: begin -------> RunSequence.
20260516 054211.347 INFO             PET2     esm: RunSequence event loopLevel=   1  levelMember=   1  loopIteration=   1, current time: 2010  6  1  0  0  0   0
20260516 054211.347 INFO             PET2     ATM-TO-OCN: Run intro.
20260516 054211.349 INFO             PET2     ATM-TO-OCN: Run extro.
20260516 054211.349 INFO             PET2     OCN-TO-ATM: Run intro.
20260516 054211.349 INFO             PET2     OCN-TO-ATM: Run extro.
20260516 054211.349 INFO             PET2     OCN: Run intro.
20260516 054211.350 INFO             PET2       ------>Advancing OCN from: 2010  6  1  0  0  0   0
20260516 054211.350 INFO             PET2       ---------------------> to: 2010  6  1  0  5  0   0
20260516 054211.359 INFO             PET2       ------>Advancing OCN from: 2010  6  1  0  5  0   0
20260516 054211.359 INFO             PET2       ---------------------> to: 2010  6  1  0 10  0   0
20260516 054211.360 INFO             PET2       ------>Advancing OCN from: 2010  6  1  0 10  0   0
20260516 054211.360 INFO             PET2       ---------------------> to: 2010  6  1  0 15  0   0
20260516 054211.362 INFO             PET2     OCN: Run extro.
20260516 054211.362 INFO             PET2     esm: RunSequence event loopLevel=   1  levelMember=   1  loopIteration=   2, current time: 2010  6  1  0 15  0   0
20260516 054211.362 INFO             PET2     ATM-TO-OCN: Run intro.
20260516 054211.362 INFO             PET2     ATM-TO-OCN: Run extro.
20260516 054211.362 INFO             PET2     OCN-TO-ATM: Run intro.
20260516 054211.363 INFO             PET2     OCN-TO-ATM: Run extro.
20260516 054211.363 INFO             PET2     OCN: Run intro.
20260516 054211.363 INFO             PET2       ------>Advancing OCN from: 2010  6  1  0 15  0   0
20260516 054211.363 INFO             PET2       ---------------------> to: 2010  6  1  0 20  0   0
20260516 054211.364 INFO             PET2       ------>Advancing OCN from: 2010  6  1  0 20  0   0
20260516 054211.365 INFO             PET2       ---------------------> to: 2010  6  1  0 25  0   0
20260516 054211.366 INFO             PET2       ------>Advancing OCN from: 2010  6  1  0 25  0   0
20260516 054211.366 INFO             PET2       ---------------------> to: 2010  6  1  0 30  0   0
20260516 054211.367 INFO             PET2     OCN: Run extro.
20260516 054211.367 INFO             PET2     esm: RunSequence event loopLevel=   1  levelMember=   1  loopIteration=   3, current time: 2010  6  1  0 30  0   0
20260516 054211.368 INFO             PET2     ATM-TO-OCN: Run intro.
20260516 054211.368 INFO             PET2     ATM-TO-OCN: Run extro.
20260516 054211.368 INFO             PET2     OCN-TO-ATM: Run intro.
20260516 054211.368 INFO             PET2     OCN-TO-ATM: Run extro.
20260516 054211.369 INFO             PET2     OCN: Run intro.
20260516 054211.369 INFO             PET2       ------>Advancing OCN from: 2010  6  1  0 30  0   0
20260516 054211.369 INFO             PET2       ---------------------> to: 2010  6  1  0 35  0   0
20260516 054211.370 INFO             PET2       ------>Advancing OCN from: 2010  6  1  0 35  0   0
20260516 054211.370 INFO             PET2       ---------------------> to: 2010  6  1  0 40  0   0
20260516 054211.372 INFO             PET2       ------>Advancing OCN from: 2010  6  1  0 40  0   0
20260516 054211.372 INFO             PET2       ---------------------> to: 2010  6  1  0 45  0   0
20260516 054211.373 INFO             PET2     OCN: Run extro.
20260516 054211.373 INFO             PET2     esm: RunSequence event loopLevel=   1  levelMember=   1  loopIteration=   4, current time: 2010  6  1  0 45  0   0
20260516 054211.373 INFO             PET2     ATM-TO-OCN: Run intro.
20260516 054211.374 INFO             PET2     ATM-TO-OCN: Run extro.
20260516 054211.374 INFO             PET2     OCN-TO-ATM: Run intro.
20260516 054211.374 INFO             PET2     OCN-TO-ATM: Run extro.
20260516 054211.374 INFO             PET2     OCN: Run intro.
20260516 054211.374 INFO             PET2       ------>Advancing OCN from: 2010  6  1  0 45  0   0
20260516 054211.374 INFO             PET2       ---------------------> to: 2010  6  1  0 50  0   0
20260516 054211.376 INFO             PET2       ------>Advancing OCN from: 2010  6  1  0 50  0   0
20260516 054211.376 INFO             PET2       ---------------------> to: 2010  6  1  0 55  0   0
20260516 054211.377 INFO             PET2       ------>Advancing OCN from: 2010  6  1  0 55  0   0
20260516 054211.377 INFO             PET2       ---------------------> to: 2010  6  1  1  0  0   0
20260516 054211.379 INFO             PET2     OCN: Run extro.
20260516 054211.379 INFO             PET2   esm: end <--------- RunSequence
20260516 054211.379 INFO             PET2   <<<esm: leaving Run (phase=RunPhase1) with current time: 2010  6  1  1  0  0   0
20260516 054211.379 INFO             PET2   esm: Run extro {IS}:--- StateLog() start -----------------
20260516 054211.379 INFO             PET2   esm: Run extro {IS}:State object is invalid! Not created or deleted!
20260516 054211.379 INFO             PET2   esm: Run extro {IS}:--- StateLog() end -------------------
20260516 054211.379 INFO             PET2   esm: Run extro {ES}:--- StateLog() start -----------------
20260516 054211.379 INFO             PET2   esm: Run extro {ES}:State object is invalid! Not created or deleted!
20260516 054211.379 INFO             PET2   esm: Run extro {ES}:--- StateLog() end -------------------
20260516 054211.379 INFO             PET2 esm: Run extro.
20260516 054211.379 INFO             PET2 esm: Finalize intro.
20260516 054211.379 INFO             PET2   esm: Finalize intro {IS}:--- StateLog() start -----------------
20260516 054211.379 INFO             PET2   esm: Finalize intro {IS}:State object is invalid! Not created or deleted!
20260516 054211.379 INFO             PET2   esm: Finalize intro {IS}:--- StateLog() end -------------------
20260516 054211.379 INFO             PET2   esm: Finalize intro {ES}:--- StateLog() start -----------------
20260516 054211.379 INFO             PET2   esm: Finalize intro {ES}:State object is invalid! Not created or deleted!
20260516 054211.379 INFO             PET2   esm: Finalize intro {ES}:--- StateLog() end -------------------
20260516 054211.379 INFO             PET2   >>>esm: entered Finalize (phase=FinalizePhase1) with current time: 2010  6  1  1  0  0   0
20260516 054211.379 INFO             PET2   Calling Finalize phase 1 for connectorComp: ATM-TO-OCN
20260516 054211.379 INFO             PET2   ATM-TO-OCN: Finalize intro.
20260516 054211.380 INFO             PET2   ATM-TO-OCN: Finalize extro.
20260516 054211.380 INFO             PET2   Calling Finalize phase 1 for connectorComp: OCN-TO-ATM
20260516 054211.380 INFO             PET2   OCN-TO-ATM: Finalize intro.
20260516 054211.380 INFO             PET2   OCN-TO-ATM: Finalize extro.
20260516 054211.380 INFO             PET2   Calling Finalize phase 1 for modelComp: ATM
20260516 054211.380 INFO             PET2   Calling Finalize phase 1 for modelComp: OCN
20260516 054211.380 INFO             PET2   OCN: Finalize intro.
20260516 054211.380 INFO             PET2   OCN: Finalize extro.
20260516 054211.380 INFO             PET2   Delete modelComp: ATM
20260516 054211.380 INFO             PET2   Delete Import-/Export State for modelComp: ATM
20260516 054211.380 INFO             PET2   Delete modelComp: OCN
20260516 054211.380 INFO             PET2   Delete Import-/Export State for modelComp: OCN
20260516 054211.380 INFO             PET2   Delete connectorComp: ATM-TO-OCN
20260516 054211.380 INFO             PET2   Delete connectorComp: OCN-TO-ATM
20260516 054211.380 INFO             PET2   <<<esm: leaving Finalize (phase=FinalizePhase1) with current time: 2010  6  1  1  0  0   0
20260516 054211.380 INFO             PET2 esm: Finalize extro.
20260516 054211.380 INFO             PET2 esmApp FINISHED
20260516 054211.380 INFO             PET2  Finalizing ESMF
20260516 054210.953 INFO             PET3 !!!!!!!!!!!!!!!!!!!!!!!!!!!!!!!!!!!!!!!!!!!!!!!!!!!!!!
20260516 054210.953 INFO             PET3 !!! THE ESMF_LOG IS SET TO OUTPUT ALL LOG MESSAGES !!!
20260516 054210.953 INFO             PET3 !!!     THIS MAY CAUSE SLOWDOWN IN PERFORMANCE     !!!
20260516 054210.953 INFO             PET3 !!! FOR PRODUCTION RUNS, USE:                      !!!
20260516 054210.953 INFO             PET3 !!!                   ESMF_LOGKIND_Multi_On_Error  !!!
20260516 054210.953 INFO             PET3 !!!!!!!!!!!!!!!!!!!!!!!!!!!!!!!!!!!!!!!!!!!!!!!!!!!!!!
20260516 054210.953 INFO             PET3 Running with ESMF Version   : v9.0.0b13
20260516 054210.953 INFO             PET3 ESMF library build date/time: "May 16 2026" "01:48:57"
20260516 054210.953 INFO             PET3 ESMF library build location : /discover/nobackup/projects/gmao/SIteam/ESMF_Testing/nag_7.2.28_openmpi_g_develop/esmf
20260516 054210.953 INFO             PET3 ESMF_COMM                   : openmpi
20260516 054210.953 INFO             PET3 ESMF_MOAB                   : enabled
20260516 054210.953 INFO             PET3 ESMF_LAPACK                 : enabled
20260516 054210.953 INFO             PET3 ESMF_NETCDF                 : enabled
20260516 054210.953 INFO             PET3 ESMF_PNETCDF                : disabled
20260516 054210.953 INFO             PET3 ESMF_PIO                    : enabled
20260516 054210.953 INFO             PET3 ESMF_YAMLCPP                : enabled
20260516 054210.954 INFO             PET3 esmApp STARTING
20260516 054210.963 INFO             PET3 esm: InitializeGeneric intro.
20260516 054210.963 INFO             PET3   esm: InitializeGeneric intro {IS}:--- StateLog() start -----------------
20260516 054210.963 INFO             PET3   esm: InitializeGeneric intro {IS}:State object is invalid! Not created or deleted!
20260516 054210.963 INFO             PET3   esm: InitializeGeneric intro {IS}:--- StateLog() end -------------------
20260516 054210.963 INFO             PET3   esm: InitializeGeneric intro {ES}:--- StateLog() start -----------------
20260516 054210.963 INFO             PET3   esm: InitializeGeneric intro {ES}:State object is invalid! Not created or deleted!
20260516 054210.963 INFO             PET3   esm: InitializeGeneric intro {ES}:--- StateLog() end -------------------
20260516 054210.963 INFO             PET3   >>>esm: entered Initialize (phase=<none>) without valid internal Clock.
20260516 054210.963 INFO             PET3   esm: InitializeP0 intro.
20260516 054210.963 INFO             PET3     esm: InitializeP0 intro {IS}:--- StateLog() start -----------------
20260516 054210.963 INFO             PET3     esm: InitializeP0 intro {IS}:State object is invalid! Not created or deleted!
20260516 054210.963 INFO             PET3     esm: InitializeP0 intro {IS}:--- StateLog() end -------------------
20260516 054210.963 INFO             PET3     esm: InitializeP0 intro {ES}:--- StateLog() start -----------------
20260516 054210.963 INFO             PET3     esm: InitializeP0 intro {ES}:State object is invalid! Not created or deleted!
20260516 054210.963 INFO             PET3     esm: InitializeP0 intro {ES}:--- StateLog() end -------------------
20260516 054210.963 INFO             PET3     >>>esm: entered Initialize (phase=<none>) without valid internal Clock.
20260516 054210.963 INFO             PET3     <<<esm: leaving Initialize (phase=<none>) without valid internal Clock.
20260516 054210.963 INFO             PET3     esm: InitializeP0 extro {IS}:--- StateLog() start -----------------
20260516 054210.963 INFO             PET3     esm: InitializeP0 extro {IS}:State object is invalid! Not created or deleted!
20260516 054210.964 INFO             PET3     esm: InitializeP0 extro {IS}:--- StateLog() end -------------------
20260516 054210.964 INFO             PET3     esm: InitializeP0 extro {ES}:--- StateLog() start -----------------
20260516 054210.964 INFO             PET3     esm: InitializeP0 extro {ES}:State object is invalid! Not created or deleted!
20260516 054210.964 INFO             PET3     esm: InitializeP0 extro {ES}:--- StateLog() end -------------------
20260516 054210.964 INFO             PET3   esm: InitializeP0 extro.
20260516 054210.964 INFO             PET3   esm: InitializeIPDv02p1 intro.
20260516 054210.964 INFO             PET3     esm: InitializeIPDv02p1 intro {IS}:--- StateLog() start -----------------
20260516 054210.964 INFO             PET3     esm: InitializeIPDv02p1 intro {IS}:State object is invalid! Not created or deleted!
20260516 054210.964 INFO             PET3     esm: InitializeIPDv02p1 intro {IS}:--- StateLog() end -------------------
20260516 054210.964 INFO             PET3     esm: InitializeIPDv02p1 intro {ES}:--- StateLog() start -----------------
20260516 054210.964 INFO             PET3     esm: InitializeIPDv02p1 intro {ES}:State object is invalid! Not created or deleted!
20260516 054210.964 INFO             PET3     esm: InitializeIPDv02p1 intro {ES}:--- StateLog() end -------------------
20260516 054210.964 INFO             PET3     >>>esm: entered Initialize (phase=<none>) without valid internal Clock.
20260516 054210.965 INFO             PET3     esm - Creating model component ATM with petList of size 2 :
20260516 054210.965 INFO             PET3           0      1
20260516 054210.968 INFO             PET3     esm - Creating model component OCN with petList of size 2 :
20260516 054210.968 INFO             PET3           2      3
20260516 054210.970 INFO             PET3     esm - Creating connector component ATM-TO-OCN with petList of size 4 :
20260516 054210.970 INFO             PET3           0      1      2      3
20260516 054210.976 INFO             PET3     esm - Creating connector component OCN-TO-ATM with petList of size 4 :
20260516 054210.976 INFO             PET3           2      3      0      1
20260516 054210.981 INFO             PET3     esm - Creating state: modelComp 1 Import State
20260516 054210.981 INFO             PET3     esm - Creating state: modelComp 1 Export State
20260516 054210.982 INFO             PET3     esm - Creating state: modelComp 2 Import State
20260516 054210.982 INFO             PET3     esm - Creating state: modelComp 2 Export State
20260516 054210.983 INFO             PET3     OCN: InitializeP0 intro.
20260516 054210.984 INFO             PET3     OCN: InitializeP0 extro.
20260516 054210.987 INFO             PET3     ATM-TO-OCN: InitializeP0 intro.
20260516 054210.988 INFO             PET3     ATM-TO-OCN: InitializeP0 extro.
20260516 054210.989 INFO             PET3     OCN-TO-ATM: InitializeP0 intro.
20260516 054210.989 INFO             PET3     OCN-TO-ATM: InitializeP0 extro.
20260516 054210.991 INFO             PET3     esm: IInitAdvertise intro.
20260516 054210.991 INFO             PET3       esm: IInitAdvertise intro {IS}:--- StateLog() start -----------------
20260516 054210.991 INFO             PET3       esm: IInitAdvertise intro {IS}:State object is invalid! Not created or deleted!
20260516 054210.991 INFO             PET3       esm: IInitAdvertise intro {IS}:--- StateLog() end -------------------
20260516 054210.991 INFO             PET3       esm: IInitAdvertise intro {ES}:--- StateLog() start -----------------
20260516 054210.991 INFO             PET3       esm: IInitAdvertise intro {ES}:State object is invalid! Not created or deleted!
20260516 054210.991 INFO             PET3       esm: IInitAdvertise intro {ES}:--- StateLog() end -------------------
20260516 054210.991 INFO             PET3       >>>esm: entered Initialize (phase=<none>) with current time: 2010  6  1  0  0  0   0
20260516 054210.991 INFO             PET3       <<<esm: leaving Initialize (phase=<none>) with current time: 2010  6  1  0  0  0   0
20260516 054210.991 INFO             PET3       esm: IInitAdvertise extro {IS}:--- StateLog() start -----------------
20260516 054210.991 INFO             PET3       esm: IInitAdvertise extro {IS}:State object is invalid! Not created or deleted!
20260516 054210.991 INFO             PET3       esm: IInitAdvertise extro {IS}:--- StateLog() end -------------------
20260516 054210.991 INFO             PET3       esm: IInitAdvertise extro {ES}:--- StateLog() start -----------------
20260516 054210.991 INFO             PET3       esm: IInitAdvertise extro {ES}:State object is invalid! Not created or deleted!
20260516 054210.991 INFO             PET3       esm: IInitAdvertise extro {ES}:--- StateLog() end -------------------
20260516 054210.991 INFO             PET3     esm: IInitAdvertise extro.
20260516 054210.992 INFO             PET3     OCN: InitializeIPDvXp01 intro.
20260516 054210.995 INFO             PET3     OCN: InitializeIPDvXp01 extro.
20260516 054210.997 INFO             PET3     ATM-TO-OCN: InitializeIPDv05p1 intro.
20260516 054211.004 INFO             PET3     ATM-TO-OCN: InitializeIPDv05p1 extro.
20260516 054211.004 INFO             PET3     OCN-TO-ATM: InitializeIPDv05p1 intro.
20260516 054211.008 INFO             PET3     OCN-TO-ATM: InitializeIPDv05p1 extro.
20260516 054211.008 INFO             PET3     esm: IInitAdvertiseFinish intro.
20260516 054211.008 INFO             PET3       esm: IInitAdvertiseFinish intro {IS}:--- StateLog() start -----------------
20260516 054211.008 INFO             PET3       esm: IInitAdvertiseFinish intro {IS}:State object is invalid! Not created or deleted!
20260516 054211.008 INFO             PET3       esm: IInitAdvertiseFinish intro {IS}:--- StateLog() end -------------------
20260516 054211.008 INFO             PET3       esm: IInitAdvertiseFinish intro {ES}:--- StateLog() start -----------------
20260516 054211.008 INFO             PET3       esm: IInitAdvertiseFinish intro {ES}:State object is invalid! Not created or deleted!
20260516 054211.008 INFO             PET3       esm: IInitAdvertiseFinish intro {ES}:--- StateLog() end -------------------
20260516 054211.009 INFO             PET3       >>>esm: entered Initialize (phase=<none>) with current time: 2010  6  1  0  0  0   0
20260516 054211.009 INFO             PET3       <<<esm: leaving Initialize (phase=<none>) with current time: 2010  6  1  0  0  0   0
20260516 054211.009 INFO             PET3       esm: IInitAdvertiseFinish extro {IS}:--- StateLog() start -----------------
20260516 054211.009 INFO             PET3       esm: IInitAdvertiseFinish extro {IS}:State object is invalid! Not created or deleted!
20260516 054211.009 INFO             PET3       esm: IInitAdvertiseFinish extro {IS}:--- StateLog() end -------------------
20260516 054211.009 INFO             PET3       esm: IInitAdvertiseFinish extro {ES}:--- StateLog() start -----------------
20260516 054211.009 INFO             PET3       esm: IInitAdvertiseFinish extro {ES}:State object is invalid! Not created or deleted!
20260516 054211.009 INFO             PET3       esm: IInitAdvertiseFinish extro {ES}:--- StateLog() end -------------------
20260516 054211.009 INFO             PET3     esm: IInitAdvertiseFinish extro.
20260516 054211.009 INFO             PET3     ATM-TO-OCN: InitializeIPDv05p2a intro.
20260516 054211.016 INFO             PET3     ATM-TO-OCN: InitializeIPDv05p2a extro.
20260516 054211.016 INFO             PET3     OCN-TO-ATM: InitializeIPDv05p2a intro.
20260516 054211.020 INFO             PET3     OCN-TO-ATM: InitializeIPDv05p2a extro.
20260516 054211.021 INFO             PET3     ATM-TO-OCN: InitializeIPDv05p2b intro.
20260516 054211.027 INFO             PET3     ATM-TO-OCN: InitializeIPDv05p2b extro.
20260516 054211.027 INFO             PET3     OCN-TO-ATM: InitializeIPDv05p2b intro.
20260516 054211.031 INFO             PET3     OCN-TO-ATM: InitializeIPDv05p2b extro.
20260516 054211.032 INFO             PET3     esm: IInitModifyCplLists intro.
20260516 054211.032 INFO             PET3       esm: IInitModifyCplLists intro {IS}:--- StateLog() start -----------------
20260516 054211.032 INFO             PET3       esm: IInitModifyCplLists intro {IS}:State object is invalid! Not created or deleted!
20260516 054211.032 INFO             PET3       esm: IInitModifyCplLists intro {IS}:--- StateLog() end -------------------
20260516 054211.032 INFO             PET3       esm: IInitModifyCplLists intro {ES}:--- StateLog() start -----------------
20260516 054211.032 INFO             PET3       esm: IInitModifyCplLists intro {ES}:State object is invalid! Not created or deleted!
20260516 054211.032 INFO             PET3       esm: IInitModifyCplLists intro {ES}:--- StateLog() end -------------------
20260516 054211.032 INFO             PET3       >>>esm: entered Initialize (phase=<none>) with current time: 2010  6  1  0  0  0   0
20260516 054211.032 INFO             PET3       Driver is in ModifyCplLists()
20260516 054211.032 INFO             PET3        Found  2  Connectors. Modifying CplList Attribute....
20260516 054211.032 INFO             PET3       <<<esm: leaving Initialize (phase=<none>) with current time: 2010  6  1  0  0  0   0
20260516 054211.032 INFO             PET3       esm: IInitModifyCplLists extro {IS}:--- StateLog() start -----------------
20260516 054211.032 INFO             PET3       esm: IInitModifyCplLists extro {IS}:State object is invalid! Not created or deleted!
20260516 054211.032 INFO             PET3       esm: IInitModifyCplLists extro {IS}:--- StateLog() end -------------------
20260516 054211.032 INFO             PET3       esm: IInitModifyCplLists extro {ES}:--- StateLog() start -----------------
20260516 054211.032 INFO             PET3       esm: IInitModifyCplLists extro {ES}:State object is invalid! Not created or deleted!
20260516 054211.032 INFO             PET3       esm: IInitModifyCplLists extro {ES}:--- StateLog() end -------------------
20260516 054211.032 INFO             PET3     esm: IInitModifyCplLists extro.
20260516 054211.033 INFO             PET3     ATM-TO-OCN: InitializeIPDv05p3 intro.
20260516 054211.040 INFO             PET3     ATM-TO-OCN: InitializeIPDv05p3 extro.
20260516 054211.040 INFO             PET3     OCN-TO-ATM: InitializeIPDv05p3 intro.
20260516 054211.045 INFO             PET3     OCN-TO-ATM: InitializeIPDv05p3 extro.
20260516 054211.045 INFO             PET3     <<<esm: leaving Initialize (phase=<none>) with current time: 2010  6  1  0  0  0   0
20260516 054211.045 INFO             PET3     esm: InitializeIPDv02p1 extro {IS}:--- StateLog() start -----------------
20260516 054211.045 INFO             PET3     esm: InitializeIPDv02p1 extro {IS}:State object is invalid! Not created or deleted!
20260516 054211.045 INFO             PET3     esm: InitializeIPDv02p1 extro {IS}:--- StateLog() end -------------------
20260516 054211.045 INFO             PET3     esm: InitializeIPDv02p1 extro {ES}:--- StateLog() start -----------------
20260516 054211.045 INFO             PET3     esm: InitializeIPDv02p1 extro {ES}:State object is invalid! Not created or deleted!
20260516 054211.045 INFO             PET3     esm: InitializeIPDv02p1 extro {ES}:--- StateLog() end -------------------
20260516 054211.045 INFO             PET3   esm: InitializeIPDv02p1 extro.
20260516 054211.045 INFO             PET3   esm: InitializeIPDv02p3 intro.
20260516 054211.045 INFO             PET3     esm: InitializeIPDv02p3 intro {IS}:--- StateLog() start -----------------
20260516 054211.045 INFO             PET3     esm: InitializeIPDv02p3 intro {IS}:State object is invalid! Not created or deleted!
20260516 054211.045 INFO             PET3     esm: InitializeIPDv02p3 intro {IS}:--- StateLog() end -------------------
20260516 054211.045 INFO             PET3     esm: InitializeIPDv02p3 intro {ES}:--- StateLog() start -----------------
20260516 054211.045 INFO             PET3     esm: InitializeIPDv02p3 intro {ES}:State object is invalid! Not created or deleted!
20260516 054211.045 INFO             PET3     esm: InitializeIPDv02p3 intro {ES}:--- StateLog() end -------------------
20260516 054211.046 INFO             PET3     >>>esm: entered Initialize (phase=<none>) with current time: 2010  6  1  0  0  0   0
20260516 054211.046 INFO             PET3     esm: IInitCheck intro.
20260516 054211.046 INFO             PET3       esm: IInitCheck intro {IS}:--- StateLog() start -----------------
20260516 054211.046 INFO             PET3       esm: IInitCheck intro {IS}:State object is invalid! Not created or deleted!
20260516 054211.046 INFO             PET3       esm: IInitCheck intro {IS}:--- StateLog() end -------------------
20260516 054211.046 INFO             PET3       esm: IInitCheck intro {ES}:--- StateLog() start -----------------
20260516 054211.046 INFO             PET3       esm: IInitCheck intro {ES}:State object is invalid! Not created or deleted!
20260516 054211.046 INFO             PET3       esm: IInitCheck intro {ES}:--- StateLog() end -------------------
20260516 054211.046 INFO             PET3       >>>esm: entered Initialize (phase=<none>) with current time: 2010  6  1  0  0  0   0
20260516 054211.046 INFO             PET3       <<<esm: leaving Initialize (phase=<none>) with current time: 2010  6  1  0  0  0   0
20260516 054211.046 INFO             PET3       esm: IInitCheck extro {IS}:--- StateLog() start -----------------
20260516 054211.046 INFO             PET3       esm: IInitCheck extro {IS}:State object is invalid! Not created or deleted!
20260516 054211.046 INFO             PET3       esm: IInitCheck extro {IS}:--- StateLog() end -------------------
20260516 054211.046 INFO             PET3       esm: IInitCheck extro {ES}:--- StateLog() start -----------------
20260516 054211.046 INFO             PET3       esm: IInitCheck extro {ES}:State object is invalid! Not created or deleted!
20260516 054211.046 INFO             PET3       esm: IInitCheck extro {ES}:--- StateLog() end -------------------
20260516 054211.046 INFO             PET3     esm: IInitCheck extro.
20260516 054211.046 INFO             PET3     OCN: InitializeIPDvXp04 intro.
20260516 054211.053 INFO             PET3     OCN: InitializeIPDvXp04 extro.
20260516 054211.055 INFO             PET3     ATM-TO-OCN: InitializeIPDv05p4 intro.
20260516 054211.066 INFO             PET3     ATM-TO-OCN: InitializeIPDv05p4 extro.
20260516 054211.067 INFO             PET3     OCN-TO-ATM: InitializeIPDv05p4 intro.
20260516 054211.076 INFO             PET3     OCN-TO-ATM: InitializeIPDv05p4 extro.
20260516 054211.076 INFO             PET3     ATM-TO-OCN: InitializeIPDv05p5 intro.
20260516 054211.088 INFO             PET3     ATM-TO-OCN: InitializeIPDv05p5 extro.
20260516 054211.088 INFO             PET3     OCN-TO-ATM: InitializeIPDv05p5 intro.
20260516 054211.097 INFO             PET3     OCN-TO-ATM: InitializeIPDv05p5 extro.
20260516 054211.097 INFO             PET3     esm: IInitRealize intro.
20260516 054211.097 INFO             PET3       esm: IInitRealize intro {IS}:--- StateLog() start -----------------
20260516 054211.097 INFO             PET3       esm: IInitRealize intro {IS}:State object is invalid! Not created or deleted!
20260516 054211.097 INFO             PET3       esm: IInitRealize intro {IS}:--- StateLog() end -------------------
20260516 054211.097 INFO             PET3       esm: IInitRealize intro {ES}:--- StateLog() start -----------------
20260516 054211.097 INFO             PET3       esm: IInitRealize intro {ES}:State object is invalid! Not created or deleted!
20260516 054211.097 INFO             PET3       esm: IInitRealize intro {ES}:--- StateLog() end -------------------
20260516 054211.097 INFO             PET3       >>>esm: entered Initialize (phase=<none>) with current time: 2010  6  1  0  0  0   0
20260516 054211.098 INFO             PET3       <<<esm: leaving Initialize (phase=<none>) with current time: 2010  6  1  0  0  0   0
20260516 054211.098 INFO             PET3       esm: IInitRealize extro {IS}:--- StateLog() start -----------------
20260516 054211.098 INFO             PET3       esm: IInitRealize extro {IS}:State object is invalid! Not created or deleted!
20260516 054211.098 INFO             PET3       esm: IInitRealize extro {IS}:--- StateLog() end -------------------
20260516 054211.098 INFO             PET3       esm: IInitRealize extro {ES}:--- StateLog() start -----------------
20260516 054211.098 INFO             PET3       esm: IInitRealize extro {ES}:State object is invalid! Not created or deleted!
20260516 054211.098 INFO             PET3       esm: IInitRealize extro {ES}:--- StateLog() end -------------------
20260516 054211.098 INFO             PET3     esm: IInitRealize extro.
20260516 054211.098 INFO             PET3     ATM-TO-OCN: InitializeIPDv05p6a intro.
20260516 054211.109 INFO             PET3     ATM-TO-OCN: InitializeIPDv05p6a extro.
20260516 054211.109 INFO             PET3     OCN-TO-ATM: InitializeIPDv05p6a intro.
20260516 054211.118 INFO             PET3     OCN-TO-ATM: InitializeIPDv05p6a extro.
20260516 054211.119 INFO             PET3     ATM-TO-OCN: InitializeIPDv05p6b intro.
20260516 054211.244 INFO             PET3     ATM-TO-OCN: InitializeIPDv05p6b extro.
20260516 054211.245 INFO             PET3     OCN-TO-ATM: InitializeIPDv05p6b intro.
20260516 054211.341 INFO             PET3     OCN-TO-ATM: InitializeIPDv05p6b extro.
20260516 054211.341 INFO             PET3     OCN: InitializeIPDvXp07 intro.
20260516 054211.342 INFO             PET3     OCN: InitializeIPDvXp07 extro.
20260516 054211.342 INFO             PET3     <<<esm: leaving Initialize (phase=<none>) with current time: 2010  6  1  0  0  0   0
20260516 054211.342 INFO             PET3     esm: InitializeIPDv02p3 extro {IS}:--- StateLog() start -----------------
20260516 054211.342 INFO             PET3     esm: InitializeIPDv02p3 extro {IS}:State object is invalid! Not created or deleted!
20260516 054211.342 INFO             PET3     esm: InitializeIPDv02p3 extro {IS}:--- StateLog() end -------------------
20260516 054211.342 INFO             PET3     esm: InitializeIPDv02p3 extro {ES}:--- StateLog() start -----------------
20260516 054211.342 INFO             PET3     esm: InitializeIPDv02p3 extro {ES}:State object is invalid! Not created or deleted!
20260516 054211.342 INFO             PET3     esm: InitializeIPDv02p3 extro {ES}:--- StateLog() end -------------------
20260516 054211.342 INFO             PET3   esm: InitializeIPDv02p3 extro.
20260516 054211.342 INFO             PET3   esm: InitializeIPDv02p5 intro.
20260516 054211.342 INFO             PET3     esm: InitializeIPDv02p5 intro {IS}:--- StateLog() start -----------------
20260516 054211.342 INFO             PET3     esm: InitializeIPDv02p5 intro {IS}:State object is invalid! Not created or deleted!
20260516 054211.342 INFO             PET3     esm: InitializeIPDv02p5 intro {IS}:--- StateLog() end -------------------
20260516 054211.342 INFO             PET3     esm: InitializeIPDv02p5 intro {ES}:--- StateLog() start -----------------
20260516 054211.342 INFO             PET3     esm: InitializeIPDv02p5 intro {ES}:State object is invalid! Not created or deleted!
20260516 054211.342 INFO             PET3     esm: InitializeIPDv02p5 intro {ES}:--- StateLog() end -------------------
20260516 054211.342 INFO             PET3     >>>esm: entered Initialize (phase=<none>) with current time: 2010  6  1  0  0  0   0
20260516 054211.342 INFO             PET3     esm: this is a top level driver, no 'Updated' and 'InitializeDataComplete' info on this level.
20260516 054211.342 INFO             PET3     esm: InitializeIPDv02p5Data intro.
20260516 054211.342 INFO             PET3       esm: InitializeIPDv02p5Data intro {IS}:--- StateLog() start -----------------
20260516 054211.342 INFO             PET3       esm: InitializeIPDv02p5Data intro {IS}:State object is invalid! Not created or deleted!
20260516 054211.342 INFO             PET3       esm: InitializeIPDv02p5Data intro {IS}:--- StateLog() end -------------------
20260516 054211.342 INFO             PET3       esm: InitializeIPDv02p5Data intro {ES}:--- StateLog() start -----------------
20260516 054211.342 INFO             PET3       esm: InitializeIPDv02p5Data intro {ES}:State object is invalid! Not created or deleted!
20260516 054211.342 INFO             PET3       esm: InitializeIPDv02p5Data intro {ES}:--- StateLog() end -------------------
20260516 054211.342 INFO             PET3       >>>esm: entered Initialize (phase=<none>) with current time: 2010  6  1  0  0  0   0
20260516 054211.343 INFO             PET3       esm: InternalInitializeComplete intro.
20260516 054211.343 INFO             PET3         esm: InternalInitializeComplete intro {IS}:--- StateLog() start -----------------
20260516 054211.343 INFO             PET3         esm: InternalInitializeComplete intro {IS}:State object is invalid! Not created or deleted!
20260516 054211.343 INFO             PET3         esm: InternalInitializeComplete intro {IS}:--- StateLog() end -------------------
20260516 054211.343 INFO             PET3         esm: InternalInitializeComplete intro {ES}:--- StateLog() start -----------------
20260516 054211.343 INFO             PET3         esm: InternalInitializeComplete intro {ES}:State object is invalid! Not created or deleted!
20260516 054211.343 INFO             PET3         esm: InternalInitializeComplete intro {ES}:--- StateLog() end -------------------
20260516 054211.343 INFO             PET3         >>>esm: entered Initialize (phase=<none>) with current time: 2010  6  1  0  0  0   0
20260516 054211.343 INFO             PET3         esm: InitializeDataComplete='true'
20260516 054211.343 INFO             PET3         <<<esm: leaving Initialize (phase=<none>) with current time: 2010  6  1  0  0  0   0
20260516 054211.343 INFO             PET3         esm: InternalInitializeComplete extro {IS}:--- StateLog() start -----------------
20260516 054211.343 INFO             PET3         esm: InternalInitializeComplete extro {IS}:State object is invalid! Not created or deleted!
20260516 054211.343 INFO             PET3         esm: InternalInitializeComplete extro {IS}:--- StateLog() end -------------------
20260516 054211.343 INFO             PET3         esm: InternalInitializeComplete extro {ES}:--- StateLog() start -----------------
20260516 054211.343 INFO             PET3         esm: InternalInitializeComplete extro {ES}:State object is invalid! Not created or deleted!
20260516 054211.343 INFO             PET3         esm: InternalInitializeComplete extro {ES}:--- StateLog() end -------------------
20260516 054211.343 INFO             PET3       esm: InternalInitializeComplete extro.
20260516 054211.343 INFO             PET3       OCN: InitializeIPDv01p5 intro.
20260516 054211.344 INFO             PET3       OCN: InitializeIPDv01p5 extro.
20260516 054211.345 INFO             PET3       esm: components present that trigger loopDataDependentInitialize().
20260516 054211.345 INFO             PET3       esm: loopDataDependentInitialize intro.
20260516 054211.345 INFO             PET3         esm: loopDataDependentInitialize intro {IS}:--- StateLog() start -----------------
20260516 054211.345 INFO             PET3         esm: loopDataDependentInitialize intro {IS}:State object is invalid! Not created or deleted!
20260516 054211.345 INFO             PET3         esm: loopDataDependentInitialize intro {IS}:--- StateLog() end -------------------
20260516 054211.345 INFO             PET3         esm: loopDataDependentInitialize intro {ES}:--- StateLog() start -----------------
20260516 054211.345 INFO             PET3         esm: loopDataDependentInitialize intro {ES}:State object is invalid! Not created or deleted!
20260516 054211.345 INFO             PET3         esm: loopDataDependentInitialize intro {ES}:--- StateLog() end -------------------
20260516 054211.345 INFO             PET3         >>>esm: entered Initialize (phase=<none>) with current time: 2010  6  1  0  0  0   0
20260516 054211.346 INFO             PET3         esm: component    0=esm, dataComplete (local): true
20260516 054211.346 INFO             PET3         esm: component    0=esm, dataComplete (global):  T
20260516 054211.346 INFO             PET3         esm: component    1=ATM, dataComplete (local): true
20260516 054211.346 INFO             PET3         esm: component    1=ATM, dataComplete (global):  T
20260516 054211.346 INFO             PET3         esm: component    2=OCN, dataComplete (local): true
20260516 054211.346 INFO             PET3         esm: component    2=OCN, dataComplete (global):  T
20260516 054211.346 INFO             PET3         esm: someProgress= F, allComplete= T, present(dataDepAllComplete)= T
20260516 054211.346 INFO             PET3         esm: finished resolving initialize data dependencies on this level.
20260516 054211.346 INFO             PET3         <<<esm: leaving Initialize (phase=<none>) with current time: 2010  6  1  0  0  0   0
20260516 054211.346 INFO             PET3         esm: loopDataDependentInitialize extro {IS}:--- StateLog() start -----------------
20260516 054211.346 INFO             PET3         esm: loopDataDependentInitialize extro {IS}:State object is invalid! Not created or deleted!
20260516 054211.346 INFO             PET3         esm: loopDataDependentInitialize extro {IS}:--- StateLog() end -------------------
20260516 054211.346 INFO             PET3         esm: loopDataDependentInitialize extro {ES}:--- StateLog() start -----------------
20260516 054211.346 INFO             PET3         esm: loopDataDependentInitialize extro {ES}:State object is invalid! Not created or deleted!
20260516 054211.346 INFO             PET3         esm: loopDataDependentInitialize extro {ES}:--- StateLog() end -------------------
20260516 054211.346 INFO             PET3       esm: loopDataDependentInitialize extro.
20260516 054211.346 INFO             PET3       esm: loopDataDependentInitialize() returned with dataDepAllComplete:  T
20260516 054211.346 INFO             PET3       <<<esm: leaving Initialize (phase=<none>) with current time: 2010  6  1  0  0  0   0
20260516 054211.346 INFO             PET3       esm: InitializeIPDv02p5Data extro {IS}:--- StateLog() start -----------------
20260516 054211.346 INFO             PET3       esm: InitializeIPDv02p5Data extro {IS}:State object is invalid! Not created or deleted!
20260516 054211.346 INFO             PET3       esm: InitializeIPDv02p5Data extro {IS}:--- StateLog() end -------------------
20260516 054211.346 INFO             PET3       esm: InitializeIPDv02p5Data extro {ES}:--- StateLog() start -----------------
20260516 054211.346 INFO             PET3       esm: InitializeIPDv02p5Data extro {ES}:State object is invalid! Not created or deleted!
20260516 054211.346 INFO             PET3       esm: InitializeIPDv02p5Data extro {ES}:--- StateLog() end -------------------
20260516 054211.346 INFO             PET3     esm: InitializeIPDv02p5Data extro.
20260516 054211.346 INFO             PET3     <<<esm: leaving Initialize (phase=<none>) with current time: 2010  6  1  0  0  0   0
20260516 054211.346 INFO             PET3     esm: InitializeIPDv02p5 extro {IS}:--- StateLog() start -----------------
20260516 054211.346 INFO             PET3     esm: InitializeIPDv02p5 extro {IS}:State object is invalid! Not created or deleted!
20260516 054211.346 INFO             PET3     esm: InitializeIPDv02p5 extro {IS}:--- StateLog() end -------------------
20260516 054211.346 INFO             PET3     esm: InitializeIPDv02p5 extro {ES}:--- StateLog() start -----------------
20260516 054211.346 INFO             PET3     esm: InitializeIPDv02p5 extro {ES}:State object is invalid! Not created or deleted!
20260516 054211.346 INFO             PET3     esm: InitializeIPDv02p5 extro {ES}:--- StateLog() end -------------------
20260516 054211.346 INFO             PET3   esm: InitializeIPDv02p5 extro.
20260516 054211.346 INFO             PET3   <<<esm: leaving Initialize (phase=<none>) with current time: 2010  6  1  0  0  0   0
20260516 054211.346 INFO             PET3   esm: InitializeGeneric extro {IS}:--- StateLog() start -----------------
20260516 054211.346 INFO             PET3   esm: InitializeGeneric extro {IS}:State object is invalid! Not created or deleted!
20260516 054211.346 INFO             PET3   esm: InitializeGeneric extro {IS}:--- StateLog() end -------------------
20260516 054211.346 INFO             PET3   esm: InitializeGeneric extro {ES}:--- StateLog() start -----------------
20260516 054211.346 INFO             PET3   esm: InitializeGeneric extro {ES}:State object is invalid! Not created or deleted!
20260516 054211.346 INFO             PET3   esm: InitializeGeneric extro {ES}:--- StateLog() end -------------------
20260516 054211.346 INFO             PET3 esm: InitializeGeneric extro.
20260516 054211.347 INFO             PET3 esm: Run intro.
20260516 054211.347 INFO             PET3   esm: Run intro {IS}:--- StateLog() start -----------------
20260516 054211.347 INFO             PET3   esm: Run intro {IS}:State object is invalid! Not created or deleted!
20260516 054211.347 INFO             PET3   esm: Run intro {IS}:--- StateLog() end -------------------
20260516 054211.347 INFO             PET3   esm: Run intro {ES}:--- StateLog() start -----------------
20260516 054211.347 INFO             PET3   esm: Run intro {ES}:State object is invalid! Not created or deleted!
20260516 054211.347 INFO             PET3   esm: Run intro {ES}:--- StateLog() end -------------------
20260516 054211.347 INFO             PET3   >>>esm: entered Run (phase=RunPhase1) with current time: 2010  6  1  0  0  0   0
20260516 054211.347 INFO             PET3   esm: after lable_SetRunClock, current time: 2010  6  1  0  0  0   0
20260516 054211.347 INFO             PET3   esm: begin -------> RunSequence.
20260516 054211.347 INFO             PET3     esm: RunSequence event loopLevel=   1  levelMember=   1  loopIteration=   1, current time: 2010  6  1  0  0  0   0
20260516 054211.347 INFO             PET3     ATM-TO-OCN: Run intro.
20260516 054211.349 INFO             PET3     ATM-TO-OCN: Run extro.
20260516 054211.349 INFO             PET3     OCN-TO-ATM: Run intro.
20260516 054211.349 INFO             PET3     OCN-TO-ATM: Run extro.
20260516 054211.350 INFO             PET3     OCN: Run intro.
20260516 054211.350 INFO             PET3       ------>Advancing OCN from: 2010  6  1  0  0  0   0
20260516 054211.350 INFO             PET3       ---------------------> to: 2010  6  1  0  5  0   0
20260516 054211.359 INFO             PET3       ------>Advancing OCN from: 2010  6  1  0  5  0   0
20260516 054211.359 INFO             PET3       ---------------------> to: 2010  6  1  0 10  0   0
20260516 054211.360 INFO             PET3       ------>Advancing OCN from: 2010  6  1  0 10  0   0
20260516 054211.360 INFO             PET3       ---------------------> to: 2010  6  1  0 15  0   0
20260516 054211.362 INFO             PET3     OCN: Run extro.
20260516 054211.362 INFO             PET3     esm: RunSequence event loopLevel=   1  levelMember=   1  loopIteration=   2, current time: 2010  6  1  0 15  0   0
20260516 054211.362 INFO             PET3     ATM-TO-OCN: Run intro.
20260516 054211.362 INFO             PET3     ATM-TO-OCN: Run extro.
20260516 054211.362 INFO             PET3     OCN-TO-ATM: Run intro.
20260516 054211.363 INFO             PET3     OCN-TO-ATM: Run extro.
20260516 054211.363 INFO             PET3     OCN: Run intro.
20260516 054211.363 INFO             PET3       ------>Advancing OCN from: 2010  6  1  0 15  0   0
20260516 054211.363 INFO             PET3       ---------------------> to: 2010  6  1  0 20  0   0
20260516 054211.364 INFO             PET3       ------>Advancing OCN from: 2010  6  1  0 20  0   0
20260516 054211.364 INFO             PET3       ---------------------> to: 2010  6  1  0 25  0   0
20260516 054211.366 INFO             PET3       ------>Advancing OCN from: 2010  6  1  0 25  0   0
20260516 054211.366 INFO             PET3       ---------------------> to: 2010  6  1  0 30  0   0
20260516 054211.367 INFO             PET3     OCN: Run extro.
20260516 054211.367 INFO             PET3     esm: RunSequence event loopLevel=   1  levelMember=   1  loopIteration=   3, current time: 2010  6  1  0 30  0   0
20260516 054211.368 INFO             PET3     ATM-TO-OCN: Run intro.
20260516 054211.368 INFO             PET3     ATM-TO-OCN: Run extro.
20260516 054211.368 INFO             PET3     OCN-TO-ATM: Run intro.
20260516 054211.368 INFO             PET3     OCN-TO-ATM: Run extro.
20260516 054211.369 INFO             PET3     OCN: Run intro.
20260516 054211.369 INFO             PET3       ------>Advancing OCN from: 2010  6  1  0 30  0   0
20260516 054211.369 INFO             PET3       ---------------------> to: 2010  6  1  0 35  0   0
20260516 054211.370 INFO             PET3       ------>Advancing OCN from: 2010  6  1  0 35  0   0
20260516 054211.370 INFO             PET3       ---------------------> to: 2010  6  1  0 40  0   0
20260516 054211.372 INFO             PET3       ------>Advancing OCN from: 2010  6  1  0 40  0   0
20260516 054211.372 INFO             PET3       ---------------------> to: 2010  6  1  0 45  0   0
20260516 054211.373 INFO             PET3     OCN: Run extro.
20260516 054211.373 INFO             PET3     esm: RunSequence event loopLevel=   1  levelMember=   1  loopIteration=   4, current time: 2010  6  1  0 45  0   0
20260516 054211.373 INFO             PET3     ATM-TO-OCN: Run intro.
20260516 054211.374 INFO             PET3     ATM-TO-OCN: Run extro.
20260516 054211.374 INFO             PET3     OCN-TO-ATM: Run intro.
20260516 054211.374 INFO             PET3     OCN-TO-ATM: Run extro.
20260516 054211.374 INFO             PET3     OCN: Run intro.
20260516 054211.374 INFO             PET3       ------>Advancing OCN from: 2010  6  1  0 45  0   0
20260516 054211.374 INFO             PET3       ---------------------> to: 2010  6  1  0 50  0   0
20260516 054211.376 INFO             PET3       ------>Advancing OCN from: 2010  6  1  0 50  0   0
20260516 054211.376 INFO             PET3       ---------------------> to: 2010  6  1  0 55  0   0
20260516 054211.377 INFO             PET3       ------>Advancing OCN from: 2010  6  1  0 55  0   0
20260516 054211.377 INFO             PET3       ---------------------> to: 2010  6  1  1  0  0   0
20260516 054211.379 INFO             PET3     OCN: Run extro.
20260516 054211.379 INFO             PET3   esm: end <--------- RunSequence
20260516 054211.379 INFO             PET3   <<<esm: leaving Run (phase=RunPhase1) with current time: 2010  6  1  1  0  0   0
20260516 054211.379 INFO             PET3   esm: Run extro {IS}:--- StateLog() start -----------------
20260516 054211.379 INFO             PET3   esm: Run extro {IS}:State object is invalid! Not created or deleted!
20260516 054211.379 INFO             PET3   esm: Run extro {IS}:--- StateLog() end -------------------
20260516 054211.379 INFO             PET3   esm: Run extro {ES}:--- StateLog() start -----------------
20260516 054211.379 INFO             PET3   esm: Run extro {ES}:State object is invalid! Not created or deleted!
20260516 054211.379 INFO             PET3   esm: Run extro {ES}:--- StateLog() end -------------------
20260516 054211.379 INFO             PET3 esm: Run extro.
20260516 054211.379 INFO             PET3 esm: Finalize intro.
20260516 054211.379 INFO             PET3   esm: Finalize intro {IS}:--- StateLog() start -----------------
20260516 054211.379 INFO             PET3   esm: Finalize intro {IS}:State object is invalid! Not created or deleted!
20260516 054211.379 INFO             PET3   esm: Finalize intro {IS}:--- StateLog() end -------------------
20260516 054211.379 INFO             PET3   esm: Finalize intro {ES}:--- StateLog() start -----------------
20260516 054211.379 INFO             PET3   esm: Finalize intro {ES}:State object is invalid! Not created or deleted!
20260516 054211.379 INFO             PET3   esm: Finalize intro {ES}:--- StateLog() end -------------------
20260516 054211.379 INFO             PET3   >>>esm: entered Finalize (phase=FinalizePhase1) with current time: 2010  6  1  1  0  0   0
20260516 054211.379 INFO             PET3   Calling Finalize phase 1 for connectorComp: ATM-TO-OCN
20260516 054211.379 INFO             PET3   ATM-TO-OCN: Finalize intro.
20260516 054211.379 INFO             PET3   ATM-TO-OCN: Finalize extro.
20260516 054211.380 INFO             PET3   Calling Finalize phase 1 for connectorComp: OCN-TO-ATM
20260516 054211.380 INFO             PET3   OCN-TO-ATM: Finalize intro.
20260516 054211.380 INFO             PET3   OCN-TO-ATM: Finalize extro.
20260516 054211.380 INFO             PET3   Calling Finalize phase 1 for modelComp: ATM
20260516 054211.380 INFO             PET3   Calling Finalize phase 1 for modelComp: OCN
20260516 054211.380 INFO             PET3   OCN: Finalize intro.
20260516 054211.380 INFO             PET3   OCN: Finalize extro.
20260516 054211.380 INFO             PET3   Delete modelComp: ATM
20260516 054211.380 INFO             PET3   Delete Import-/Export State for modelComp: ATM
20260516 054211.380 INFO             PET3   Delete modelComp: OCN
20260516 054211.380 INFO             PET3   Delete Import-/Export State for modelComp: OCN
20260516 054211.380 INFO             PET3   Delete connectorComp: ATM-TO-OCN
20260516 054211.380 INFO             PET3   Delete connectorComp: OCN-TO-ATM
20260516 054211.380 INFO             PET3   <<<esm: leaving Finalize (phase=FinalizePhase1) with current time: 2010  6  1  1  0  0   0
20260516 054211.380 INFO             PET3 esm: Finalize extro.
20260516 054211.380 INFO             PET3 esmApp FINISHED
20260516 054211.381 INFO             PET3  Finalizing ESMF
