2026-05-28 22:14:17
20260528 224206.162 INFO             PET0 !!!!!!!!!!!!!!!!!!!!!!!!!!!!!!!!!!!!!!!!!!!!!!!!!!!!!!
20260528 224206.169 INFO             PET0 !!! THE ESMF_LOG IS SET TO OUTPUT ALL LOG MESSAGES !!!
20260528 224206.169 INFO             PET0 !!!     THIS MAY CAUSE SLOWDOWN IN PERFORMANCE     !!!
20260528 224206.169 INFO             PET0 !!! FOR PRODUCTION RUNS, USE:                      !!!
20260528 224206.169 INFO             PET0 !!!                   ESMF_LOGKIND_Multi_On_Error  !!!
20260528 224206.169 INFO             PET0 !!!!!!!!!!!!!!!!!!!!!!!!!!!!!!!!!!!!!!!!!!!!!!!!!!!!!!
20260528 224206.169 INFO             PET0 Running with ESMF Version   : develop+gf183dd1f0b
20260528 224206.169 INFO             PET0 ESMF library build date/time: "May 28 2026" "22:13:07"
20260528 224206.169 INFO             PET0 ESMF library build location : /usr/local/esmf/esmf-testing/gfortranclang_14.2.0_17.0.0_mpich_O_develop/esmf
20260528 224206.169 INFO             PET0 ESMF_COMM                   : mpich
20260528 224206.169 INFO             PET0 ESMF_MOAB                   : enabled
20260528 224206.169 INFO             PET0 ESMF_LAPACK                 : enabled
20260528 224206.169 INFO             PET0 ESMF_NETCDF                 : enabled
20260528 224206.169 INFO             PET0 ESMF_PNETCDF                : disabled
20260528 224206.169 INFO             PET0 ESMF_PIO                    : enabled
20260528 224206.169 INFO             PET0 ESMF_YAMLCPP                : enabled
20260528 224206.174 INFO             PET0 mainApp STARTING
20260528 224206.211 INFO             PET0 driver: InitializeGeneric intro.
20260528 224206.211 INFO             PET0   driver: InitializeGeneric intro {IS}:--- StateLog() start -----------------
20260528 224206.211 INFO             PET0   driver: InitializeGeneric intro {IS}:State object is invalid! Not created or deleted!
20260528 224206.211 INFO             PET0   driver: InitializeGeneric intro {IS}:--- StateLog() end -------------------
20260528 224206.211 INFO             PET0   driver: InitializeGeneric intro {ES}:--- StateLog() start -----------------
20260528 224206.211 INFO             PET0   driver: InitializeGeneric intro {ES}:State object is invalid! Not created or deleted!
20260528 224206.211 INFO             PET0   driver: InitializeGeneric intro {ES}:--- StateLog() end -------------------
20260528 224206.211 INFO             PET0   >>>driver: entered Initialize (phase=<none>) without valid internal Clock.
20260528 224206.211 INFO             PET0   driver: InitializeP0 intro.
20260528 224206.211 INFO             PET0     driver: InitializeP0 intro {IS}:--- StateLog() start -----------------
20260528 224206.211 INFO             PET0     driver: InitializeP0 intro {IS}:State object is invalid! Not created or deleted!
20260528 224206.211 INFO             PET0     driver: InitializeP0 intro {IS}:--- StateLog() end -------------------
20260528 224206.211 INFO             PET0     driver: InitializeP0 intro {ES}:--- StateLog() start -----------------
20260528 224206.211 INFO             PET0     driver: InitializeP0 intro {ES}:State object is invalid! Not created or deleted!
20260528 224206.211 INFO             PET0     driver: InitializeP0 intro {ES}:--- StateLog() end -------------------
20260528 224206.211 INFO             PET0     >>>driver: entered Initialize (phase=<none>) without valid internal Clock.
20260528 224206.211 INFO             PET0     <<<driver: leaving Initialize (phase=<none>) without valid internal Clock.
20260528 224206.211 INFO             PET0     driver: InitializeP0 extro {IS}:--- StateLog() start -----------------
20260528 224206.211 INFO             PET0     driver: InitializeP0 extro {IS}:State object is invalid! Not created or deleted!
20260528 224206.211 INFO             PET0     driver: InitializeP0 extro {IS}:--- StateLog() end -------------------
20260528 224206.211 INFO             PET0     driver: InitializeP0 extro {ES}:--- StateLog() start -----------------
20260528 224206.211 INFO             PET0     driver: InitializeP0 extro {ES}:State object is invalid! Not created or deleted!
20260528 224206.211 INFO             PET0     driver: InitializeP0 extro {ES}:--- StateLog() end -------------------
20260528 224206.211 INFO             PET0   driver: InitializeP0 extro.
20260528 224206.211 INFO             PET0   driver: InitializeIPDv02p1 intro.
20260528 224206.211 INFO             PET0     driver: InitializeIPDv02p1 intro {IS}:--- StateLog() start -----------------
20260528 224206.211 INFO             PET0     driver: InitializeIPDv02p1 intro {IS}:State object is invalid! Not created or deleted!
20260528 224206.211 INFO             PET0     driver: InitializeIPDv02p1 intro {IS}:--- StateLog() end -------------------
20260528 224206.211 INFO             PET0     driver: InitializeIPDv02p1 intro {ES}:--- StateLog() start -----------------
20260528 224206.211 INFO             PET0     driver: InitializeIPDv02p1 intro {ES}:State object is invalid! Not created or deleted!
20260528 224206.211 INFO             PET0     driver: InitializeIPDv02p1 intro {ES}:--- StateLog() end -------------------
20260528 224206.211 INFO             PET0     >>>driver: entered Initialize (phase=<none>) without valid internal Clock.
20260528 224206.218 INFO             PET0     driver - Creating model component MODEL without petList.
20260528 224206.218 DEBUG            PET0     Generic SetVM() is executing for: MODEL
20260528 224206.218 DEBUG            PET0     Generic SetVM() is calling ESMF_GridCompSetVMMaxPEs() for: MODEL with:
20260528 224206.218 DEBUG            PET0      -             MaxCount =          2
20260528 224206.218 DEBUG            PET0      -       OpenMpHandling =
20260528 224206.218 DEBUG            PET0      -     OpenMpNumThreads =         -1
20260528 224206.218 DEBUG            PET0      -   ForceChildPthreads =          F
20260528 224206.218 DEBUG            PET0      -  PthreadMinStackSize =         -1
20260528 224206.240 INFO             PET0      GridCompIsPetLocal:  T
20260528 224206.240 INFO             PET0      VmIsCreated:  T
20260528 224206.240 INFO             PET0      valid MPI_COMM with size=           2
20260528 224206.240 INFO             PET0     driver - Creating state: modelComp 1 Import State
20260528 224206.240 INFO             PET0     driver - Creating state: modelComp 1 Export State
20260528 224206.244 INFO             PET0     MODEL: InitializeP0 intro.
20260528 224206.244 INFO             PET0       MODEL: InitializeP0 intro {IS}:--- StateLog() start -----------------
20260528 224206.244 INFO             PET0       MODEL: InitializeP0 intro {IS}:<name: MODEL-ImportState> <intent: ESMF_STATEINTENT_IMPORT> <itemCount:    0>
20260528 224206.244 INFO             PET0       MODEL: InitializeP0 intro {IS}:--- StateLog() end -------------------
20260528 224206.244 INFO             PET0       MODEL: InitializeP0 intro {ES}:--- StateLog() start -----------------
20260528 224206.244 INFO             PET0       MODEL: InitializeP0 intro {ES}:<name: MODEL-ExportState> <intent: ESMF_STATEINTENT_EXPORT> <itemCount:    0>
20260528 224206.244 INFO             PET0       MODEL: InitializeP0 intro {ES}:--- StateLog() end -------------------
20260528 224206.244 INFO             PET0       >>>MODEL: entered Initialize (phase=<none>) without valid internal Clock.
20260528 224206.245 INFO             PET0       <<<MODEL: leaving Initialize (phase=<none>) without valid internal Clock.
20260528 224206.245 INFO             PET0       MODEL: InitializeP0 extro {IS}:--- StateLog() start -----------------
20260528 224206.245 INFO             PET0       MODEL: InitializeP0 extro {IS}:<name: MODEL-ImportState> <intent: ESMF_STATEINTENT_IMPORT> <itemCount:    0>
20260528 224206.245 INFO             PET0       MODEL: InitializeP0 extro {IS}:--- StateLog() end -------------------
20260528 224206.245 INFO             PET0       MODEL: InitializeP0 extro {ES}:--- StateLog() start -----------------
20260528 224206.245 INFO             PET0       MODEL: InitializeP0 extro {ES}:<name: MODEL-ExportState> <intent: ESMF_STATEINTENT_EXPORT> <itemCount:    0>
20260528 224206.245 INFO             PET0       MODEL: InitializeP0 extro {ES}:--- StateLog() end -------------------
20260528 224206.245 INFO             PET0     MODEL: InitializeP0 extro.
20260528 224206.245 INFO             PET0     driver: IInitAdvertise intro.
20260528 224206.245 INFO             PET0       driver: IInitAdvertise intro {IS}:--- StateLog() start -----------------
20260528 224206.245 INFO             PET0       driver: IInitAdvertise intro {IS}:State object is invalid! Not created or deleted!
20260528 224206.245 INFO             PET0       driver: IInitAdvertise intro {IS}:--- StateLog() end -------------------
20260528 224206.245 INFO             PET0       driver: IInitAdvertise intro {ES}:--- StateLog() start -----------------
20260528 224206.245 INFO             PET0       driver: IInitAdvertise intro {ES}:State object is invalid! Not created or deleted!
20260528 224206.245 INFO             PET0       driver: IInitAdvertise intro {ES}:--- StateLog() end -------------------
20260528 224206.245 INFO             PET0       >>>driver: entered Initialize (phase=<none>) with current time:    0  1  1  0  0  0   0
20260528 224206.245 INFO             PET0       <<<driver: leaving Initialize (phase=<none>) with current time:    0  1  1  0  0  0   0
20260528 224206.245 INFO             PET0       driver: IInitAdvertise extro {IS}:--- StateLog() start -----------------
20260528 224206.245 INFO             PET0       driver: IInitAdvertise extro {IS}:State object is invalid! Not created or deleted!
20260528 224206.245 INFO             PET0       driver: IInitAdvertise extro {IS}:--- StateLog() end -------------------
20260528 224206.245 INFO             PET0       driver: IInitAdvertise extro {ES}:--- StateLog() start -----------------
20260528 224206.245 INFO             PET0       driver: IInitAdvertise extro {ES}:State object is invalid! Not created or deleted!
20260528 224206.245 INFO             PET0       driver: IInitAdvertise extro {ES}:--- StateLog() end -------------------
20260528 224206.245 INFO             PET0     driver: IInitAdvertise extro.
20260528 224206.246 INFO             PET0     MODEL: InitializeIPDvXp01 intro.
20260528 224206.246 INFO             PET0       MODEL: InitializeIPDvXp01 intro {IS}:--- StateLog() start -----------------
20260528 224206.246 INFO             PET0       MODEL: InitializeIPDvXp01 intro {IS}:<name: MODEL-ImportState> <intent: ESMF_STATEINTENT_IMPORT> <itemCount:    0>
20260528 224206.246 INFO             PET0       MODEL: InitializeIPDvXp01 intro {IS}:--- StateLog() end -------------------
20260528 224206.246 INFO             PET0       MODEL: InitializeIPDvXp01 intro {ES}:--- StateLog() start -----------------
20260528 224206.246 INFO             PET0       MODEL: InitializeIPDvXp01 intro {ES}:<name: MODEL-ExportState> <intent: ESMF_STATEINTENT_EXPORT> <itemCount:    0>
20260528 224206.246 INFO             PET0       MODEL: InitializeIPDvXp01 intro {ES}:--- StateLog() end -------------------
20260528 224206.246 INFO             PET0       >>>MODEL: entered Initialize (phase=IPDvXp01) without valid internal Clock.
20260528 224206.246 INFO             PET0       <<<MODEL: leaving Initialize (phase=IPDvXp01) without valid internal Clock.
20260528 224206.246 INFO             PET0       MODEL: InitializeIPDvXp01 extro {IS}:--- StateLog() start -----------------
20260528 224206.246 INFO             PET0       MODEL: InitializeIPDvXp01 extro {IS}:<name: MODEL-ImportState> <intent: ESMF_STATEINTENT_IMPORT> <itemCount:    0>
20260528 224206.246 INFO             PET0       MODEL: InitializeIPDvXp01 extro {IS}:--- StateLog() end -------------------
20260528 224206.246 INFO             PET0       MODEL: InitializeIPDvXp01 extro {ES}:--- StateLog() start -----------------
20260528 224206.246 INFO             PET0       MODEL: InitializeIPDvXp01 extro {ES}:<name: MODEL-ExportState> <intent: ESMF_STATEINTENT_EXPORT> <itemCount:    2>
20260528 224206.246 INFO             PET0       MODEL: InitializeIPDvXp01 extro {ES}:+-<item: 0001> <itemType: Field> <itemName: pmsl>
20260528 224206.246 INFO             PET0       MODEL: InitializeIPDvXp01 extro {ES}:!--- FieldLog() start -----------------
20260528 224206.246 INFO             PET0       MODEL: InitializeIPDvXp01 extro {ES}:! <name: pmsl> <fieldStatus: ESMF_FIELDSTATUS_EMPTY>
20260528 224206.246 INFO             PET0       MODEL: InitializeIPDvXp01 extro {ES}:! 0x16b570d18 => 0x138f059c0 => 0x138f05bd0
20260528 224206.246 INFO             PET0       MODEL: InitializeIPDvXp01 extro {ES}:!--- FieldLog() end -------------------
20260528 224206.246 INFO             PET0       MODEL: InitializeIPDvXp01 extro {ES}:+-<item: 0002> <itemType: Field> <itemName: rsns>
20260528 224206.246 INFO             PET0       MODEL: InitializeIPDvXp01 extro {ES}:!--- FieldLog() start -----------------
20260528 224206.246 INFO             PET0       MODEL: InitializeIPDvXp01 extro {ES}:! <name: rsns> <fieldStatus: ESMF_FIELDSTATUS_EMPTY>
20260528 224206.246 INFO             PET0       MODEL: InitializeIPDvXp01 extro {ES}:! 0x16b570d18 => 0x138f0b780 => 0x138f0b990
20260528 224206.246 INFO             PET0       MODEL: InitializeIPDvXp01 extro {ES}:!--- FieldLog() end -------------------
20260528 224206.246 INFO             PET0       MODEL: InitializeIPDvXp01 extro {ES}:--- StateLog() end -------------------
20260528 224206.246 INFO             PET0     MODEL: InitializeIPDvXp01 extro.
20260528 224206.250 INFO             PET0     driver: IInitAdvertiseFinish intro.
20260528 224206.250 INFO             PET0       driver: IInitAdvertiseFinish intro {IS}:--- StateLog() start -----------------
20260528 224206.250 INFO             PET0       driver: IInitAdvertiseFinish intro {IS}:State object is invalid! Not created or deleted!
20260528 224206.250 INFO             PET0       driver: IInitAdvertiseFinish intro {IS}:--- StateLog() end -------------------
20260528 224206.250 INFO             PET0       driver: IInitAdvertiseFinish intro {ES}:--- StateLog() start -----------------
20260528 224206.250 INFO             PET0       driver: IInitAdvertiseFinish intro {ES}:State object is invalid! Not created or deleted!
20260528 224206.250 INFO             PET0       driver: IInitAdvertiseFinish intro {ES}:--- StateLog() end -------------------
20260528 224206.250 INFO             PET0       >>>driver: entered Initialize (phase=<none>) with current time:    0  1  1  0  0  0   0
20260528 224206.250 INFO             PET0       <<<driver: leaving Initialize (phase=<none>) with current time:    0  1  1  0  0  0   0
20260528 224206.250 INFO             PET0       driver: IInitAdvertiseFinish extro {IS}:--- StateLog() start -----------------
20260528 224206.250 INFO             PET0       driver: IInitAdvertiseFinish extro {IS}:State object is invalid! Not created or deleted!
20260528 224206.250 INFO             PET0       driver: IInitAdvertiseFinish extro {IS}:--- StateLog() end -------------------
20260528 224206.250 INFO             PET0       driver: IInitAdvertiseFinish extro {ES}:--- StateLog() start -----------------
20260528 224206.250 INFO             PET0       driver: IInitAdvertiseFinish extro {ES}:State object is invalid! Not created or deleted!
20260528 224206.250 INFO             PET0       driver: IInitAdvertiseFinish extro {ES}:--- StateLog() end -------------------
20260528 224206.250 INFO             PET0     driver: IInitAdvertiseFinish extro.
20260528 224206.250 INFO             PET0     driver: IInitModifyCplLists intro.
20260528 224206.250 INFO             PET0       driver: IInitModifyCplLists intro {IS}:--- StateLog() start -----------------
20260528 224206.250 INFO             PET0       driver: IInitModifyCplLists intro {IS}:State object is invalid! Not created or deleted!
20260528 224206.250 INFO             PET0       driver: IInitModifyCplLists intro {IS}:--- StateLog() end -------------------
20260528 224206.250 INFO             PET0       driver: IInitModifyCplLists intro {ES}:--- StateLog() start -----------------
20260528 224206.250 INFO             PET0       driver: IInitModifyCplLists intro {ES}:State object is invalid! Not created or deleted!
20260528 224206.250 INFO             PET0       driver: IInitModifyCplLists intro {ES}:--- StateLog() end -------------------
20260528 224206.250 INFO             PET0       >>>driver: entered Initialize (phase=<none>) with current time:    0  1  1  0  0  0   0
20260528 224206.250 INFO             PET0       <<<driver: leaving Initialize (phase=<none>) with current time:    0  1  1  0  0  0   0
20260528 224206.250 INFO             PET0       driver: IInitModifyCplLists extro {IS}:--- StateLog() start -----------------
20260528 224206.250 INFO             PET0       driver: IInitModifyCplLists extro {IS}:State object is invalid! Not created or deleted!
20260528 224206.250 INFO             PET0       driver: IInitModifyCplLists extro {IS}:--- StateLog() end -------------------
20260528 224206.250 INFO             PET0       driver: IInitModifyCplLists extro {ES}:--- StateLog() start -----------------
20260528 224206.250 INFO             PET0       driver: IInitModifyCplLists extro {ES}:State object is invalid! Not created or deleted!
20260528 224206.250 INFO             PET0       driver: IInitModifyCplLists extro {ES}:--- StateLog() end -------------------
20260528 224206.250 INFO             PET0     driver: IInitModifyCplLists extro.
20260528 224206.250 INFO             PET0     <<<driver: leaving Initialize (phase=<none>) with current time:    0  1  1  0  0  0   0
20260528 224206.250 INFO             PET0     driver: InitializeIPDv02p1 extro {IS}:--- StateLog() start -----------------
20260528 224206.250 INFO             PET0     driver: InitializeIPDv02p1 extro {IS}:State object is invalid! Not created or deleted!
20260528 224206.250 INFO             PET0     driver: InitializeIPDv02p1 extro {IS}:--- StateLog() end -------------------
20260528 224206.250 INFO             PET0     driver: InitializeIPDv02p1 extro {ES}:--- StateLog() start -----------------
20260528 224206.250 INFO             PET0     driver: InitializeIPDv02p1 extro {ES}:State object is invalid! Not created or deleted!
20260528 224206.250 INFO             PET0     driver: InitializeIPDv02p1 extro {ES}:--- StateLog() end -------------------
20260528 224206.250 INFO             PET0   driver: InitializeIPDv02p1 extro.
20260528 224206.250 INFO             PET0   driver: InitializeIPDv02p3 intro.
20260528 224206.250 INFO             PET0     driver: InitializeIPDv02p3 intro {IS}:--- StateLog() start -----------------
20260528 224206.250 INFO             PET0     driver: InitializeIPDv02p3 intro {IS}:State object is invalid! Not created or deleted!
20260528 224206.250 INFO             PET0     driver: InitializeIPDv02p3 intro {IS}:--- StateLog() end -------------------
20260528 224206.250 INFO             PET0     driver: InitializeIPDv02p3 intro {ES}:--- StateLog() start -----------------
20260528 224206.250 INFO             PET0     driver: InitializeIPDv02p3 intro {ES}:State object is invalid! Not created or deleted!
20260528 224206.250 INFO             PET0     driver: InitializeIPDv02p3 intro {ES}:--- StateLog() end -------------------
20260528 224206.250 INFO             PET0     >>>driver: entered Initialize (phase=<none>) with current time:    0  1  1  0  0  0   0
20260528 224206.251 INFO             PET0     driver: IInitCheck intro.
20260528 224206.251 INFO             PET0       driver: IInitCheck intro {IS}:--- StateLog() start -----------------
20260528 224206.251 INFO             PET0       driver: IInitCheck intro {IS}:State object is invalid! Not created or deleted!
20260528 224206.251 INFO             PET0       driver: IInitCheck intro {IS}:--- StateLog() end -------------------
20260528 224206.251 INFO             PET0       driver: IInitCheck intro {ES}:--- StateLog() start -----------------
20260528 224206.251 INFO             PET0       driver: IInitCheck intro {ES}:State object is invalid! Not created or deleted!
20260528 224206.251 INFO             PET0       driver: IInitCheck intro {ES}:--- StateLog() end -------------------
20260528 224206.251 INFO             PET0       >>>driver: entered Initialize (phase=<none>) with current time:    0  1  1  0  0  0   0
20260528 224206.251 INFO             PET0       <<<driver: leaving Initialize (phase=<none>) with current time:    0  1  1  0  0  0   0
20260528 224206.251 INFO             PET0       driver: IInitCheck extro {IS}:--- StateLog() start -----------------
20260528 224206.251 INFO             PET0       driver: IInitCheck extro {IS}:State object is invalid! Not created or deleted!
20260528 224206.251 INFO             PET0       driver: IInitCheck extro {IS}:--- StateLog() end -------------------
20260528 224206.251 INFO             PET0       driver: IInitCheck extro {ES}:--- StateLog() start -----------------
20260528 224206.251 INFO             PET0       driver: IInitCheck extro {ES}:State object is invalid! Not created or deleted!
20260528 224206.251 INFO             PET0       driver: IInitCheck extro {ES}:--- StateLog() end -------------------
20260528 224206.251 INFO             PET0     driver: IInitCheck extro.
20260528 224206.254 INFO             PET0     MODEL: InitializeIPDvXp04 intro.
20260528 224206.254 INFO             PET0       MODEL: InitializeIPDvXp04 intro {IS}:--- StateLog() start -----------------
20260528 224206.254 INFO             PET0       MODEL: InitializeIPDvXp04 intro {IS}:<name: MODEL-ImportState> <intent: ESMF_STATEINTENT_IMPORT> <itemCount:    0>
20260528 224206.254 INFO             PET0       MODEL: InitializeIPDvXp04 intro {IS}:--- StateLog() end -------------------
20260528 224206.254 INFO             PET0       MODEL: InitializeIPDvXp04 intro {ES}:--- StateLog() start -----------------
20260528 224206.254 INFO             PET0       MODEL: InitializeIPDvXp04 intro {ES}:<name: MODEL-ExportState> <intent: ESMF_STATEINTENT_EXPORT> <itemCount:    2>
20260528 224206.254 INFO             PET0       MODEL: InitializeIPDvXp04 intro {ES}:+-<item: 0001> <itemType: Field> <itemName: pmsl>
20260528 224206.254 INFO             PET0       MODEL: InitializeIPDvXp04 intro {ES}:!--- FieldLog() start -----------------
20260528 224206.254 INFO             PET0       MODEL: InitializeIPDvXp04 intro {ES}:! <name: pmsl> <fieldStatus: ESMF_FIELDSTATUS_EMPTY>
20260528 224206.254 INFO             PET0       MODEL: InitializeIPDvXp04 intro {ES}:! 0x16b571a08 => 0x138f059c0 => 0x138f05bd0
20260528 224206.254 INFO             PET0       MODEL: InitializeIPDvXp04 intro {ES}:!--- FieldLog() end -------------------
20260528 224206.254 INFO             PET0       MODEL: InitializeIPDvXp04 intro {ES}:+-<item: 0002> <itemType: Field> <itemName: rsns>
20260528 224206.254 INFO             PET0       MODEL: InitializeIPDvXp04 intro {ES}:!--- FieldLog() start -----------------
20260528 224206.254 INFO             PET0       MODEL: InitializeIPDvXp04 intro {ES}:! <name: rsns> <fieldStatus: ESMF_FIELDSTATUS_EMPTY>
20260528 224206.254 INFO             PET0       MODEL: InitializeIPDvXp04 intro {ES}:! 0x16b571a08 => 0x138f0b780 => 0x138f0b990
20260528 224206.254 INFO             PET0       MODEL: InitializeIPDvXp04 intro {ES}:!--- FieldLog() end -------------------
20260528 224206.254 INFO             PET0       MODEL: InitializeIPDvXp04 intro {ES}:--- StateLog() end -------------------
20260528 224206.254 INFO             PET0       >>>MODEL: entered Initialize (phase=IPDvXp04) without valid internal Clock.
20260528 224206.255 INFO             PET0       After Realize: - MemInfo: VmRSS:                       	25935872 (bytes)
20260528 224206.255 INFO             PET0       After Realize: - MemInfo: Total allocated space (bytes): 	386318336
20260528 224206.255 INFO             PET0       After Realize: - MemInfo: Wall-clock time since execution start:               0.098429 seconds
20260528 224206.255 INFO             PET0       <<<MODEL: leaving Initialize (phase=IPDvXp04) without valid internal Clock.
20260528 224206.255 INFO             PET0       MODEL: InitializeIPDvXp04 extro {IS}:--- StateLog() start -----------------
20260528 224206.255 INFO             PET0       MODEL: InitializeIPDvXp04 extro {IS}:<name: MODEL-ImportState> <intent: ESMF_STATEINTENT_IMPORT> <itemCount:    0>
20260528 224206.255 INFO             PET0       MODEL: InitializeIPDvXp04 extro {IS}:--- StateLog() end -------------------
20260528 224206.255 INFO             PET0       MODEL: InitializeIPDvXp04 extro {ES}:--- StateLog() start -----------------
20260528 224206.255 INFO             PET0       MODEL: InitializeIPDvXp04 extro {ES}:<name: MODEL-ExportState> <intent: ESMF_STATEINTENT_EXPORT> <itemCount:    2>
20260528 224206.255 INFO             PET0       MODEL: InitializeIPDvXp04 extro {ES}:+-<item: 0001> <itemType: Field> <itemName: pmsl>
20260528 224206.255 INFO             PET0       MODEL: InitializeIPDvXp04 extro {ES}:!--- FieldLog() start -----------------
20260528 224206.255 INFO             PET0       MODEL: InitializeIPDvXp04 extro {ES}:! <name: pmsl> <fieldStatus: ESMF_FIELDSTATUS_COMPLETE>
20260528 224206.255 INFO             PET0       MODEL: InitializeIPDvXp04 extro {ES}:! 0x16b571d18 => 0x108205880 => 0x108205a90
20260528 224206.255 INFO             PET0       MODEL: InitializeIPDvXp04 extro {ES}:! <typekind: Real*8> <rank:    2> <dimCount:    2>
20260528 224206.255 INFO             PET0       MODEL: InitializeIPDvXp04 extro {ES}:! ! --- Array::log() start -----------------------------------
20260528 224206.255 INFO             PET0       MODEL: InitializeIPDvXp04 extro {ES}:! ! 0x13a80d000
20260528 224206.255 INFO             PET0       MODEL: InitializeIPDvXp04 extro {ES}:! ! <name: pmsl>
20260528 224206.255 INFO             PET0       MODEL: InitializeIPDvXp04 extro {ES}:! ! ! --- DistGrid::log() start --------------------------------
20260528 224206.255 INFO             PET0       MODEL: InitializeIPDvXp04 extro {ES}:! ! ! 0x13a80a800
20260528 224206.255 INFO             PET0       MODEL: InitializeIPDvXp04 extro {ES}:! ! ! DistGrid object is valid!<name: DG-Grid004-sloc:0>
20260528 224206.255 INFO             PET0       MODEL: InitializeIPDvXp04 extro {ES}:! ! ! --- DistGrid::log() end ----------------------------------
20260528 224206.255 INFO             PET0       MODEL: InitializeIPDvXp04 extro {ES}:! ! --- Array::log() end -------------------------------------
20260528 224206.255 INFO             PET0       MODEL: InitializeIPDvXp04 extro {ES}:!--- FieldLog() end -------------------
20260528 224206.255 INFO             PET0       MODEL: InitializeIPDvXp04 extro {ES}:+-<item: 0002> <itemType: Field> <itemName: rsns>
20260528 224206.255 INFO             PET0       MODEL: InitializeIPDvXp04 extro {ES}:!--- FieldLog() start -----------------
20260528 224206.255 INFO             PET0       MODEL: InitializeIPDvXp04 extro {ES}:! <name: rsns> <fieldStatus: ESMF_FIELDSTATUS_COMPLETE>
20260528 224206.255 INFO             PET0       MODEL: InitializeIPDvXp04 extro {ES}:! 0x16b571d18 => 0x108206120 => 0x108206330
20260528 224206.255 INFO             PET0       MODEL: InitializeIPDvXp04 extro {ES}:! <typekind: Real*8> <rank:    2> <dimCount:    2>
20260528 224206.255 INFO             PET0       MODEL: InitializeIPDvXp04 extro {ES}:! ! --- Array::log() start -----------------------------------
20260528 224206.255 INFO             PET0       MODEL: InitializeIPDvXp04 extro {ES}:! ! 0x13a80e600
20260528 224206.255 INFO             PET0       MODEL: InitializeIPDvXp04 extro {ES}:! ! <name: rsns>
20260528 224206.255 INFO             PET0       MODEL: InitializeIPDvXp04 extro {ES}:! ! ! --- DistGrid::log() start --------------------------------
20260528 224206.255 INFO             PET0       MODEL: InitializeIPDvXp04 extro {ES}:! ! ! 0x13a80a800
20260528 224206.255 INFO             PET0       MODEL: InitializeIPDvXp04 extro {ES}:! ! ! DistGrid object is valid!<name: DG-Grid004-sloc:0>
20260528 224206.255 INFO             PET0       MODEL: InitializeIPDvXp04 extro {ES}:! ! ! --- DistGrid::log() end ----------------------------------
20260528 224206.255 INFO             PET0       MODEL: InitializeIPDvXp04 extro {ES}:! ! --- Array::log() end -------------------------------------
20260528 224206.255 INFO             PET0       MODEL: InitializeIPDvXp04 extro {ES}:!--- FieldLog() end -------------------
20260528 224206.255 INFO             PET0       MODEL: InitializeIPDvXp04 extro {ES}:--- StateLog() end -------------------
20260528 224206.255 INFO             PET0     MODEL: InitializeIPDvXp04 extro.
20260528 224206.255 INFO             PET0     driver: IInitRealize intro.
20260528 224206.255 INFO             PET0       driver: IInitRealize intro {IS}:--- StateLog() start -----------------
20260528 224206.255 INFO             PET0       driver: IInitRealize intro {IS}:State object is invalid! Not created or deleted!
20260528 224206.255 INFO             PET0       driver: IInitRealize intro {IS}:--- StateLog() end -------------------
20260528 224206.255 INFO             PET0       driver: IInitRealize intro {ES}:--- StateLog() start -----------------
20260528 224206.256 INFO             PET0       driver: IInitRealize intro {ES}:State object is invalid! Not created or deleted!
20260528 224206.256 INFO             PET0       driver: IInitRealize intro {ES}:--- StateLog() end -------------------
20260528 224206.256 INFO             PET0       >>>driver: entered Initialize (phase=<none>) with current time:    0  1  1  0  0  0   0
20260528 224206.256 INFO             PET0       <<<driver: leaving Initialize (phase=<none>) with current time:    0  1  1  0  0  0   0
20260528 224206.256 INFO             PET0       driver: IInitRealize extro {IS}:--- StateLog() start -----------------
20260528 224206.256 INFO             PET0       driver: IInitRealize extro {IS}:State object is invalid! Not created or deleted!
20260528 224206.256 INFO             PET0       driver: IInitRealize extro {IS}:--- StateLog() end -------------------
20260528 224206.256 INFO             PET0       driver: IInitRealize extro {ES}:--- StateLog() start -----------------
20260528 224206.256 INFO             PET0       driver: IInitRealize extro {ES}:State object is invalid! Not created or deleted!
20260528 224206.256 INFO             PET0       driver: IInitRealize extro {ES}:--- StateLog() end -------------------
20260528 224206.256 INFO             PET0     driver: IInitRealize extro.
20260528 224206.263 INFO             PET0     MODEL: InitializeIPDvXp07 intro.
20260528 224206.263 INFO             PET0       MODEL: InitializeIPDvXp07 intro {IS}:--- StateLog() start -----------------
20260528 224206.263 INFO             PET0       MODEL: InitializeIPDvXp07 intro {IS}:<name: MODEL-ImportState> <intent: ESMF_STATEINTENT_IMPORT> <itemCount:    0>
20260528 224206.263 INFO             PET0       MODEL: InitializeIPDvXp07 intro {IS}:--- StateLog() end -------------------
20260528 224206.263 INFO             PET0       MODEL: InitializeIPDvXp07 intro {ES}:--- StateLog() start -----------------
20260528 224206.263 INFO             PET0       MODEL: InitializeIPDvXp07 intro {ES}:<name: MODEL-ExportState> <intent: ESMF_STATEINTENT_EXPORT> <itemCount:    2>
20260528 224206.263 INFO             PET0       MODEL: InitializeIPDvXp07 intro {ES}:+-<item: 0001> <itemType: Field> <itemName: pmsl>
20260528 224206.263 INFO             PET0       MODEL: InitializeIPDvXp07 intro {ES}:!--- FieldLog() start -----------------
20260528 224206.263 INFO             PET0       MODEL: InitializeIPDvXp07 intro {ES}:! <name: pmsl> <fieldStatus: ESMF_FIELDSTATUS_COMPLETE>
20260528 224206.263 INFO             PET0       MODEL: InitializeIPDvXp07 intro {ES}:! 0x16b571878 => 0x108205880 => 0x108205a90
20260528 224206.263 INFO             PET0       MODEL: InitializeIPDvXp07 intro {ES}:! <typekind: Real*8> <rank:    2> <dimCount:    2>
20260528 224206.263 INFO             PET0       MODEL: InitializeIPDvXp07 intro {ES}:! ! --- Array::log() start -----------------------------------
20260528 224206.263 INFO             PET0       MODEL: InitializeIPDvXp07 intro {ES}:! ! 0x13a80d000
20260528 224206.263 INFO             PET0       MODEL: InitializeIPDvXp07 intro {ES}:! ! <name: pmsl>
20260528 224206.263 INFO             PET0       MODEL: InitializeIPDvXp07 intro {ES}:! ! ! --- DistGrid::log() start --------------------------------
20260528 224206.263 INFO             PET0       MODEL: InitializeIPDvXp07 intro {ES}:! ! ! 0x13a80a800
20260528 224206.263 INFO             PET0       MODEL: InitializeIPDvXp07 intro {ES}:! ! ! DistGrid object is valid!<name: DG-Grid004-sloc:0>
20260528 224206.263 INFO             PET0       MODEL: InitializeIPDvXp07 intro {ES}:! ! ! --- DistGrid::log() end ----------------------------------
20260528 224206.263 INFO             PET0       MODEL: InitializeIPDvXp07 intro {ES}:! ! --- Array::log() end -------------------------------------
20260528 224206.263 INFO             PET0       MODEL: InitializeIPDvXp07 intro {ES}:!--- FieldLog() end -------------------
20260528 224206.263 INFO             PET0       MODEL: InitializeIPDvXp07 intro {ES}:+-<item: 0002> <itemType: Field> <itemName: rsns>
20260528 224206.263 INFO             PET0       MODEL: InitializeIPDvXp07 intro {ES}:!--- FieldLog() start -----------------
20260528 224206.263 INFO             PET0       MODEL: InitializeIPDvXp07 intro {ES}:! <name: rsns> <fieldStatus: ESMF_FIELDSTATUS_COMPLETE>
20260528 224206.263 INFO             PET0       MODEL: InitializeIPDvXp07 intro {ES}:! 0x16b571878 => 0x108206120 => 0x108206330
20260528 224206.263 INFO             PET0       MODEL: InitializeIPDvXp07 intro {ES}:! <typekind: Real*8> <rank:    2> <dimCount:    2>
20260528 224206.263 INFO             PET0       MODEL: InitializeIPDvXp07 intro {ES}:! ! --- Array::log() start -----------------------------------
20260528 224206.263 INFO             PET0       MODEL: InitializeIPDvXp07 intro {ES}:! ! 0x13a80e600
20260528 224206.263 INFO             PET0       MODEL: InitializeIPDvXp07 intro {ES}:! ! <name: rsns>
20260528 224206.263 INFO             PET0       MODEL: InitializeIPDvXp07 intro {ES}:! ! ! --- DistGrid::log() start --------------------------------
20260528 224206.263 INFO             PET0       MODEL: InitializeIPDvXp07 intro {ES}:! ! ! 0x13a80a800
20260528 224206.263 INFO             PET0       MODEL: InitializeIPDvXp07 intro {ES}:! ! ! DistGrid object is valid!<name: DG-Grid004-sloc:0>
20260528 224206.263 INFO             PET0       MODEL: InitializeIPDvXp07 intro {ES}:! ! ! --- DistGrid::log() end ----------------------------------
20260528 224206.263 INFO             PET0       MODEL: InitializeIPDvXp07 intro {ES}:! ! --- Array::log() end -------------------------------------
20260528 224206.263 INFO             PET0       MODEL: InitializeIPDvXp07 intro {ES}:!--- FieldLog() end -------------------
20260528 224206.263 INFO             PET0       MODEL: InitializeIPDvXp07 intro {ES}:--- StateLog() end -------------------
20260528 224206.263 INFO             PET0       >>>MODEL: entered Initialize (phase=IPDvXp07) without valid internal Clock.
20260528 224206.263 INFO             PET0       <<<MODEL: leaving Initialize (phase=IPDvXp07) with current time:    0  1  1  0  0  0   0
20260528 224206.263 INFO             PET0       MODEL: InitializeIPDvXp07 extro {IS}:--- StateLog() start -----------------
20260528 224206.263 INFO             PET0       MODEL: InitializeIPDvXp07 extro {IS}:<name: MODEL-ImportState> <intent: ESMF_STATEINTENT_IMPORT> <itemCount:    0>
20260528 224206.263 INFO             PET0       MODEL: InitializeIPDvXp07 extro {IS}:--- StateLog() end -------------------
20260528 224206.263 INFO             PET0       MODEL: InitializeIPDvXp07 extro {ES}:--- StateLog() start -----------------
20260528 224206.263 INFO             PET0       MODEL: InitializeIPDvXp07 extro {ES}:<name: MODEL-ExportState> <intent: ESMF_STATEINTENT_EXPORT> <itemCount:    2>
20260528 224206.263 INFO             PET0       MODEL: InitializeIPDvXp07 extro {ES}:+-<item: 0001> <itemType: Field> <itemName: pmsl>
20260528 224206.263 INFO             PET0       MODEL: InitializeIPDvXp07 extro {ES}:!--- FieldLog() start -----------------
20260528 224206.263 INFO             PET0       MODEL: InitializeIPDvXp07 extro {ES}:! <name: pmsl> <fieldStatus: ESMF_FIELDSTATUS_COMPLETE>
20260528 224206.263 INFO             PET0       MODEL: InitializeIPDvXp07 extro {ES}:! 0x16b571b88 => 0x108205880 => 0x108205a90
20260528 224206.263 INFO             PET0       MODEL: InitializeIPDvXp07 extro {ES}:! <typekind: Real*8> <rank:    2> <dimCount:    2>
20260528 224206.263 INFO             PET0       MODEL: InitializeIPDvXp07 extro {ES}:! ! --- Array::log() start -----------------------------------
20260528 224206.263 INFO             PET0       MODEL: InitializeIPDvXp07 extro {ES}:! ! 0x13a80d000
20260528 224206.263 INFO             PET0       MODEL: InitializeIPDvXp07 extro {ES}:! ! <name: pmsl>
20260528 224206.263 INFO             PET0       MODEL: InitializeIPDvXp07 extro {ES}:! ! ! --- DistGrid::log() start --------------------------------
20260528 224206.263 INFO             PET0       MODEL: InitializeIPDvXp07 extro {ES}:! ! ! 0x13a80a800
20260528 224206.263 INFO             PET0       MODEL: InitializeIPDvXp07 extro {ES}:! ! ! DistGrid object is valid!<name: DG-Grid004-sloc:0>
20260528 224206.263 INFO             PET0       MODEL: InitializeIPDvXp07 extro {ES}:! ! ! --- DistGrid::log() end ----------------------------------
20260528 224206.263 INFO             PET0       MODEL: InitializeIPDvXp07 extro {ES}:! ! --- Array::log() end -------------------------------------
20260528 224206.263 INFO             PET0       MODEL: InitializeIPDvXp07 extro {ES}:!--- FieldLog() end -------------------
20260528 224206.263 INFO             PET0       MODEL: InitializeIPDvXp07 extro {ES}:+-<item: 0002> <itemType: Field> <itemName: rsns>
20260528 224206.263 INFO             PET0       MODEL: InitializeIPDvXp07 extro {ES}:!--- FieldLog() start -----------------
20260528 224206.263 INFO             PET0       MODEL: InitializeIPDvXp07 extro {ES}:! <name: rsns> <fieldStatus: ESMF_FIELDSTATUS_COMPLETE>
20260528 224206.263 INFO             PET0       MODEL: InitializeIPDvXp07 extro {ES}:! 0x16b571b88 => 0x108206120 => 0x108206330
20260528 224206.263 INFO             PET0       MODEL: InitializeIPDvXp07 extro {ES}:! <typekind: Real*8> <rank:    2> <dimCount:    2>
20260528 224206.263 INFO             PET0       MODEL: InitializeIPDvXp07 extro {ES}:! ! --- Array::log() start -----------------------------------
20260528 224206.263 INFO             PET0       MODEL: InitializeIPDvXp07 extro {ES}:! ! 0x13a80e600
20260528 224206.263 INFO             PET0       MODEL: InitializeIPDvXp07 extro {ES}:! ! <name: rsns>
20260528 224206.263 INFO             PET0       MODEL: InitializeIPDvXp07 extro {ES}:! ! ! --- DistGrid::log() start --------------------------------
20260528 224206.263 INFO             PET0       MODEL: InitializeIPDvXp07 extro {ES}:! ! ! 0x13a80a800
20260528 224206.263 INFO             PET0       MODEL: InitializeIPDvXp07 extro {ES}:! ! ! DistGrid object is valid!<name: DG-Grid004-sloc:0>
20260528 224206.263 INFO             PET0       MODEL: InitializeIPDvXp07 extro {ES}:! ! ! --- DistGrid::log() end ----------------------------------
20260528 224206.263 INFO             PET0       MODEL: InitializeIPDvXp07 extro {ES}:! ! --- Array::log() end -------------------------------------
20260528 224206.263 INFO             PET0       MODEL: InitializeIPDvXp07 extro {ES}:!--- FieldLog() end -------------------
20260528 224206.263 INFO             PET0       MODEL: InitializeIPDvXp07 extro {ES}:--- StateLog() end -------------------
20260528 224206.263 INFO             PET0     MODEL: InitializeIPDvXp07 extro.
20260528 224206.264 INFO             PET0     <<<driver: leaving Initialize (phase=<none>) with current time:    0  1  1  0  0  0   0
20260528 224206.264 INFO             PET0     driver: InitializeIPDv02p3 extro {IS}:--- StateLog() start -----------------
20260528 224206.264 INFO             PET0     driver: InitializeIPDv02p3 extro {IS}:State object is invalid! Not created or deleted!
20260528 224206.264 INFO             PET0     driver: InitializeIPDv02p3 extro {IS}:--- StateLog() end -------------------
20260528 224206.264 INFO             PET0     driver: InitializeIPDv02p3 extro {ES}:--- StateLog() start -----------------
20260528 224206.264 INFO             PET0     driver: InitializeIPDv02p3 extro {ES}:State object is invalid! Not created or deleted!
20260528 224206.264 INFO             PET0     driver: InitializeIPDv02p3 extro {ES}:--- StateLog() end -------------------
20260528 224206.264 INFO             PET0   driver: InitializeIPDv02p3 extro.
20260528 224206.264 INFO             PET0   driver: InitializeIPDv02p5 intro.
20260528 224206.264 INFO             PET0     driver: InitializeIPDv02p5 intro {IS}:--- StateLog() start -----------------
20260528 224206.264 INFO             PET0     driver: InitializeIPDv02p5 intro {IS}:State object is invalid! Not created or deleted!
20260528 224206.264 INFO             PET0     driver: InitializeIPDv02p5 intro {IS}:--- StateLog() end -------------------
20260528 224206.264 INFO             PET0     driver: InitializeIPDv02p5 intro {ES}:--- StateLog() start -----------------
20260528 224206.264 INFO             PET0     driver: InitializeIPDv02p5 intro {ES}:State object is invalid! Not created or deleted!
20260528 224206.264 INFO             PET0     driver: InitializeIPDv02p5 intro {ES}:--- StateLog() end -------------------
20260528 224206.264 INFO             PET0     >>>driver: entered Initialize (phase=<none>) with current time:    0  1  1  0  0  0   0
20260528 224206.264 INFO             PET0     driver: this is a top level driver, no 'Updated' and 'InitializeDataComplete' info on this level.
20260528 224206.264 INFO             PET0     driver: InitializeIPDv02p5Data intro.
20260528 224206.264 INFO             PET0       driver: InitializeIPDv02p5Data intro {IS}:--- StateLog() start -----------------
20260528 224206.264 INFO             PET0       driver: InitializeIPDv02p5Data intro {IS}:State object is invalid! Not created or deleted!
20260528 224206.264 INFO             PET0       driver: InitializeIPDv02p5Data intro {IS}:--- StateLog() end -------------------
20260528 224206.264 INFO             PET0       driver: InitializeIPDv02p5Data intro {ES}:--- StateLog() start -----------------
20260528 224206.264 INFO             PET0       driver: InitializeIPDv02p5Data intro {ES}:State object is invalid! Not created or deleted!
20260528 224206.264 INFO             PET0       driver: InitializeIPDv02p5Data intro {ES}:--- StateLog() end -------------------
20260528 224206.264 INFO             PET0       >>>driver: entered Initialize (phase=<none>) with current time:    0  1  1  0  0  0   0
20260528 224206.264 INFO             PET0       driver: InternalInitializeComplete intro.
20260528 224206.264 INFO             PET0         driver: InternalInitializeComplete intro {IS}:--- StateLog() start -----------------
20260528 224206.264 INFO             PET0         driver: InternalInitializeComplete intro {IS}:State object is invalid! Not created or deleted!
20260528 224206.264 INFO             PET0         driver: InternalInitializeComplete intro {IS}:--- StateLog() end -------------------
20260528 224206.264 INFO             PET0         driver: InternalInitializeComplete intro {ES}:--- StateLog() start -----------------
20260528 224206.264 INFO             PET0         driver: InternalInitializeComplete intro {ES}:State object is invalid! Not created or deleted!
20260528 224206.264 INFO             PET0         driver: InternalInitializeComplete intro {ES}:--- StateLog() end -------------------
20260528 224206.264 INFO             PET0         >>>driver: entered Initialize (phase=<none>) with current time:    0  1  1  0  0  0   0
20260528 224206.264 INFO             PET0         driver: InitializeDataComplete='true'
20260528 224206.264 INFO             PET0         <<<driver: leaving Initialize (phase=<none>) with current time:    0  1  1  0  0  0   0
20260528 224206.264 INFO             PET0         driver: InternalInitializeComplete extro {IS}:--- StateLog() start -----------------
20260528 224206.264 INFO             PET0         driver: InternalInitializeComplete extro {IS}:State object is invalid! Not created or deleted!
20260528 224206.264 INFO             PET0         driver: InternalInitializeComplete extro {IS}:--- StateLog() end -------------------
20260528 224206.264 INFO             PET0         driver: InternalInitializeComplete extro {ES}:--- StateLog() start -----------------
20260528 224206.264 INFO             PET0         driver: InternalInitializeComplete extro {ES}:State object is invalid! Not created or deleted!
20260528 224206.264 INFO             PET0         driver: InternalInitializeComplete extro {ES}:--- StateLog() end -------------------
20260528 224206.264 INFO             PET0       driver: InternalInitializeComplete extro.
20260528 224206.264 INFO             PET0       MODEL: InitializeIPDvXp08 intro.
20260528 224206.264 INFO             PET0         MODEL: InitializeIPDvXp08 intro {IS}:--- StateLog() start -----------------
20260528 224206.264 INFO             PET0         MODEL: InitializeIPDvXp08 intro {IS}:<name: MODEL-ImportState> <intent: ESMF_STATEINTENT_IMPORT> <itemCount:    0>
20260528 224206.264 INFO             PET0         MODEL: InitializeIPDvXp08 intro {IS}:--- StateLog() end -------------------
20260528 224206.264 INFO             PET0         MODEL: InitializeIPDvXp08 intro {ES}:--- StateLog() start -----------------
20260528 224206.265 INFO             PET0         MODEL: InitializeIPDvXp08 intro {ES}:<name: MODEL-ExportState> <intent: ESMF_STATEINTENT_EXPORT> <itemCount:    2>
20260528 224206.265 INFO             PET0         MODEL: InitializeIPDvXp08 intro {ES}:+-<item: 0001> <itemType: Field> <itemName: pmsl>
20260528 224206.265 INFO             PET0         MODEL: InitializeIPDvXp08 intro {ES}:!--- FieldLog() start -----------------
20260528 224206.265 INFO             PET0         MODEL: InitializeIPDvXp08 intro {ES}:! <name: pmsl> <fieldStatus: ESMF_FIELDSTATUS_COMPLETE>
20260528 224206.265 INFO             PET0         MODEL: InitializeIPDvXp08 intro {ES}:! 0x16b570bc8 => 0x108205880 => 0x108205a90
20260528 224206.265 INFO             PET0         MODEL: InitializeIPDvXp08 intro {ES}:! <typekind: Real*8> <rank:    2> <dimCount:    2>
20260528 224206.265 INFO             PET0         MODEL: InitializeIPDvXp08 intro {ES}:! ! --- Array::log() start -----------------------------------
20260528 224206.265 INFO             PET0         MODEL: InitializeIPDvXp08 intro {ES}:! ! 0x13a80d000
20260528 224206.265 INFO             PET0         MODEL: InitializeIPDvXp08 intro {ES}:! ! <name: pmsl>
20260528 224206.265 INFO             PET0         MODEL: InitializeIPDvXp08 intro {ES}:! ! ! --- DistGrid::log() start --------------------------------
20260528 224206.265 INFO             PET0         MODEL: InitializeIPDvXp08 intro {ES}:! ! ! 0x13a80a800
20260528 224206.265 INFO             PET0         MODEL: InitializeIPDvXp08 intro {ES}:! ! ! DistGrid object is valid!<name: DG-Grid004-sloc:0>
20260528 224206.265 INFO             PET0         MODEL: InitializeIPDvXp08 intro {ES}:! ! ! --- DistGrid::log() end ----------------------------------
20260528 224206.265 INFO             PET0         MODEL: InitializeIPDvXp08 intro {ES}:! ! --- Array::log() end -------------------------------------
20260528 224206.265 INFO             PET0         MODEL: InitializeIPDvXp08 intro {ES}:!--- FieldLog() end -------------------
20260528 224206.265 INFO             PET0         MODEL: InitializeIPDvXp08 intro {ES}:+-<item: 0002> <itemType: Field> <itemName: rsns>
20260528 224206.265 INFO             PET0         MODEL: InitializeIPDvXp08 intro {ES}:!--- FieldLog() start -----------------
20260528 224206.265 INFO             PET0         MODEL: InitializeIPDvXp08 intro {ES}:! <name: rsns> <fieldStatus: ESMF_FIELDSTATUS_COMPLETE>
20260528 224206.265 INFO             PET0         MODEL: InitializeIPDvXp08 intro {ES}:! 0x16b570bc8 => 0x108206120 => 0x108206330
20260528 224206.265 INFO             PET0         MODEL: InitializeIPDvXp08 intro {ES}:! <typekind: Real*8> <rank:    2> <dimCount:    2>
20260528 224206.265 INFO             PET0         MODEL: InitializeIPDvXp08 intro {ES}:! ! --- Array::log() start -----------------------------------
20260528 224206.265 INFO             PET0         MODEL: InitializeIPDvXp08 intro {ES}:! ! 0x13a80e600
20260528 224206.265 INFO             PET0         MODEL: InitializeIPDvXp08 intro {ES}:! ! <name: rsns>
20260528 224206.265 INFO             PET0         MODEL: InitializeIPDvXp08 intro {ES}:! ! ! --- DistGrid::log() start --------------------------------
20260528 224206.265 INFO             PET0         MODEL: InitializeIPDvXp08 intro {ES}:! ! ! 0x13a80a800
20260528 224206.265 INFO             PET0         MODEL: InitializeIPDvXp08 intro {ES}:! ! ! DistGrid object is valid!<name: DG-Grid004-sloc:0>
20260528 224206.265 INFO             PET0         MODEL: InitializeIPDvXp08 intro {ES}:! ! ! --- DistGrid::log() end ----------------------------------
20260528 224206.265 INFO             PET0         MODEL: InitializeIPDvXp08 intro {ES}:! ! --- Array::log() end -------------------------------------
20260528 224206.265 INFO             PET0         MODEL: InitializeIPDvXp08 intro {ES}:!--- FieldLog() end -------------------
20260528 224206.265 INFO             PET0         MODEL: InitializeIPDvXp08 intro {ES}:--- StateLog() end -------------------
20260528 224206.265 INFO             PET0         >>>MODEL: entered Initialize (phase=IPDv05p8) with current time:    0  1  1  0  0  0   0
20260528 224206.265 INFO             PET0         MODEL: InitializeDataProgress='false', InitializeDataComplete='false'
20260528 224206.265 INFO             PET0         <<<MODEL: leaving Initialize (phase=IPDv05p8) with current time:    0  1  1  0  0  0   0
20260528 224206.265 INFO             PET0         MODEL: InitializeIPDvXp08 extro {IS}:--- StateLog() start -----------------
20260528 224206.265 INFO             PET0         MODEL: InitializeIPDvXp08 extro {IS}:<name: MODEL-ImportState> <intent: ESMF_STATEINTENT_IMPORT> <itemCount:    0>
20260528 224206.265 INFO             PET0         MODEL: InitializeIPDvXp08 extro {IS}:--- StateLog() end -------------------
20260528 224206.265 INFO             PET0         MODEL: InitializeIPDvXp08 extro {ES}:--- StateLog() start -----------------
20260528 224206.265 INFO             PET0         MODEL: InitializeIPDvXp08 extro {ES}:<name: MODEL-ExportState> <intent: ESMF_STATEINTENT_EXPORT> <itemCount:    2>
20260528 224206.265 INFO             PET0         MODEL: InitializeIPDvXp08 extro {ES}:+-<item: 0001> <itemType: Field> <itemName: pmsl>
20260528 224206.265 INFO             PET0         MODEL: InitializeIPDvXp08 extro {ES}:!--- FieldLog() start -----------------
20260528 224206.265 INFO             PET0         MODEL: InitializeIPDvXp08 extro {ES}:! <name: pmsl> <fieldStatus: ESMF_FIELDSTATUS_COMPLETE>
20260528 224206.265 INFO             PET0         MODEL: InitializeIPDvXp08 extro {ES}:! 0x16b570ed8 => 0x108205880 => 0x108205a90
20260528 224206.265 INFO             PET0         MODEL: InitializeIPDvXp08 extro {ES}:! <typekind: Real*8> <rank:    2> <dimCount:    2>
20260528 224206.265 INFO             PET0         MODEL: InitializeIPDvXp08 extro {ES}:! ! --- Array::log() start -----------------------------------
20260528 224206.265 INFO             PET0         MODEL: InitializeIPDvXp08 extro {ES}:! ! 0x13a80d000
20260528 224206.265 INFO             PET0         MODEL: InitializeIPDvXp08 extro {ES}:! ! <name: pmsl>
20260528 224206.265 INFO             PET0         MODEL: InitializeIPDvXp08 extro {ES}:! ! ! --- DistGrid::log() start --------------------------------
20260528 224206.265 INFO             PET0         MODEL: InitializeIPDvXp08 extro {ES}:! ! ! 0x13a80a800
20260528 224206.265 INFO             PET0         MODEL: InitializeIPDvXp08 extro {ES}:! ! ! DistGrid object is valid!<name: DG-Grid004-sloc:0>
20260528 224206.265 INFO             PET0         MODEL: InitializeIPDvXp08 extro {ES}:! ! ! --- DistGrid::log() end ----------------------------------
20260528 224206.265 INFO             PET0         MODEL: InitializeIPDvXp08 extro {ES}:! ! --- Array::log() end -------------------------------------
20260528 224206.265 INFO             PET0         MODEL: InitializeIPDvXp08 extro {ES}:!--- FieldLog() end -------------------
20260528 224206.265 INFO             PET0         MODEL: InitializeIPDvXp08 extro {ES}:+-<item: 0002> <itemType: Field> <itemName: rsns>
20260528 224206.265 INFO             PET0         MODEL: InitializeIPDvXp08 extro {ES}:!--- FieldLog() start -----------------
20260528 224206.265 INFO             PET0         MODEL: InitializeIPDvXp08 extro {ES}:! <name: rsns> <fieldStatus: ESMF_FIELDSTATUS_COMPLETE>
20260528 224206.265 INFO             PET0         MODEL: InitializeIPDvXp08 extro {ES}:! 0x16b570ed8 => 0x108206120 => 0x108206330
20260528 224206.265 INFO             PET0         MODEL: InitializeIPDvXp08 extro {ES}:! <typekind: Real*8> <rank:    2> <dimCount:    2>
20260528 224206.265 INFO             PET0         MODEL: InitializeIPDvXp08 extro {ES}:! ! --- Array::log() start -----------------------------------
20260528 224206.265 INFO             PET0         MODEL: InitializeIPDvXp08 extro {ES}:! ! 0x13a80e600
20260528 224206.265 INFO             PET0         MODEL: InitializeIPDvXp08 extro {ES}:! ! <name: rsns>
20260528 224206.265 INFO             PET0         MODEL: InitializeIPDvXp08 extro {ES}:! ! ! --- DistGrid::log() start --------------------------------
20260528 224206.265 INFO             PET0         MODEL: InitializeIPDvXp08 extro {ES}:! ! ! 0x13a80a800
20260528 224206.265 INFO             PET0         MODEL: InitializeIPDvXp08 extro {ES}:! ! ! DistGrid object is valid!<name: DG-Grid004-sloc:0>
20260528 224206.265 INFO             PET0         MODEL: InitializeIPDvXp08 extro {ES}:! ! ! --- DistGrid::log() end ----------------------------------
20260528 224206.265 INFO             PET0         MODEL: InitializeIPDvXp08 extro {ES}:! ! --- Array::log() end -------------------------------------
20260528 224206.265 INFO             PET0         MODEL: InitializeIPDvXp08 extro {ES}:!--- FieldLog() end -------------------
20260528 224206.265 INFO             PET0         MODEL: InitializeIPDvXp08 extro {ES}:--- StateLog() end -------------------
20260528 224206.265 INFO             PET0       MODEL: InitializeIPDvXp08 extro.
20260528 224206.266 INFO             PET0       driver: components present that trigger loopDataDependentInitialize().
20260528 224206.266 INFO             PET0       driver: loopDataDependentInitialize intro.
20260528 224206.266 INFO             PET0         driver: loopDataDependentInitialize intro {IS}:--- StateLog() start -----------------
20260528 224206.266 INFO             PET0         driver: loopDataDependentInitialize intro {IS}:State object is invalid! Not created or deleted!
20260528 224206.266 INFO             PET0         driver: loopDataDependentInitialize intro {IS}:--- StateLog() end -------------------
20260528 224206.266 INFO             PET0         driver: loopDataDependentInitialize intro {ES}:--- StateLog() start -----------------
20260528 224206.266 INFO             PET0         driver: loopDataDependentInitialize intro {ES}:State object is invalid! Not created or deleted!
20260528 224206.266 INFO             PET0         driver: loopDataDependentInitialize intro {ES}:--- StateLog() end -------------------
20260528 224206.266 INFO             PET0         >>>driver: entered Initialize (phase=<none>) with current time:    0  1  1  0  0  0   0
20260528 224206.266 INFO             PET0         driver: component    0=driver, dataComplete (local): true
20260528 224206.266 INFO             PET0         driver: component    0=driver, dataComplete (global):  T
20260528 224206.266 INFO             PET0         driver: component    1=MODEL, dataComplete (local): false
20260528 224206.266 INFO             PET0         driver: component    1=MODEL, dataComplete (global):  F
20260528 224206.266 INFO             PET0         MODEL: InitializeIPDvXp08 intro.
20260528 224206.266 INFO             PET0           MODEL: InitializeIPDvXp08 intro {IS}:--- StateLog() start -----------------
20260528 224206.266 INFO             PET0           MODEL: InitializeIPDvXp08 intro {IS}:<name: MODEL-ImportState> <intent: ESMF_STATEINTENT_IMPORT> <itemCount:    0>
20260528 224206.266 INFO             PET0           MODEL: InitializeIPDvXp08 intro {IS}:--- StateLog() end -------------------
20260528 224206.266 INFO             PET0           MODEL: InitializeIPDvXp08 intro {ES}:--- StateLog() start -----------------
20260528 224206.266 INFO             PET0           MODEL: InitializeIPDvXp08 intro {ES}:<name: MODEL-ExportState> <intent: ESMF_STATEINTENT_EXPORT> <itemCount:    2>
20260528 224206.266 INFO             PET0           MODEL: InitializeIPDvXp08 intro {ES}:+-<item: 0001> <itemType: Field> <itemName: pmsl>
20260528 224206.266 INFO             PET0           MODEL: InitializeIPDvXp08 intro {ES}:!--- FieldLog() start -----------------
20260528 224206.266 INFO             PET0           MODEL: InitializeIPDvXp08 intro {ES}:! <name: pmsl> <fieldStatus: ESMF_FIELDSTATUS_COMPLETE>
20260528 224206.266 INFO             PET0           MODEL: InitializeIPDvXp08 intro {ES}:! 0x16b5703b8 => 0x108205880 => 0x108205a90
20260528 224206.266 INFO             PET0           MODEL: InitializeIPDvXp08 intro {ES}:! <typekind: Real*8> <rank:    2> <dimCount:    2>
20260528 224206.266 INFO             PET0           MODEL: InitializeIPDvXp08 intro {ES}:! ! --- Array::log() start -----------------------------------
20260528 224206.266 INFO             PET0           MODEL: InitializeIPDvXp08 intro {ES}:! ! 0x13a80d000
20260528 224206.266 INFO             PET0           MODEL: InitializeIPDvXp08 intro {ES}:! ! <name: pmsl>
20260528 224206.266 INFO             PET0           MODEL: InitializeIPDvXp08 intro {ES}:! ! ! --- DistGrid::log() start --------------------------------
20260528 224206.266 INFO             PET0           MODEL: InitializeIPDvXp08 intro {ES}:! ! ! 0x13a80a800
20260528 224206.266 INFO             PET0           MODEL: InitializeIPDvXp08 intro {ES}:! ! ! DistGrid object is valid!<name: DG-Grid004-sloc:0>
20260528 224206.266 INFO             PET0           MODEL: InitializeIPDvXp08 intro {ES}:! ! ! --- DistGrid::log() end ----------------------------------
20260528 224206.266 INFO             PET0           MODEL: InitializeIPDvXp08 intro {ES}:! ! --- Array::log() end -------------------------------------
20260528 224206.266 INFO             PET0           MODEL: InitializeIPDvXp08 intro {ES}:!--- FieldLog() end -------------------
20260528 224206.266 INFO             PET0           MODEL: InitializeIPDvXp08 intro {ES}:+-<item: 0002> <itemType: Field> <itemName: rsns>
20260528 224206.266 INFO             PET0           MODEL: InitializeIPDvXp08 intro {ES}:!--- FieldLog() start -----------------
20260528 224206.266 INFO             PET0           MODEL: InitializeIPDvXp08 intro {ES}:! <name: rsns> <fieldStatus: ESMF_FIELDSTATUS_COMPLETE>
20260528 224206.266 INFO             PET0           MODEL: InitializeIPDvXp08 intro {ES}:! 0x16b5703b8 => 0x108206120 => 0x108206330
20260528 224206.267 INFO             PET0           MODEL: InitializeIPDvXp08 intro {ES}:! <typekind: Real*8> <rank:    2> <dimCount:    2>
20260528 224206.267 INFO             PET0           MODEL: InitializeIPDvXp08 intro {ES}:! ! --- Array::log() start -----------------------------------
20260528 224206.267 INFO             PET0           MODEL: InitializeIPDvXp08 intro {ES}:! ! 0x13a80e600
20260528 224206.267 INFO             PET0           MODEL: InitializeIPDvXp08 intro {ES}:! ! <name: rsns>
20260528 224206.267 INFO             PET0           MODEL: InitializeIPDvXp08 intro {ES}:! ! ! --- DistGrid::log() start --------------------------------
20260528 224206.267 INFO             PET0           MODEL: InitializeIPDvXp08 intro {ES}:! ! ! 0x13a80a800
20260528 224206.267 INFO             PET0           MODEL: InitializeIPDvXp08 intro {ES}:! ! ! DistGrid object is valid!<name: DG-Grid004-sloc:0>
20260528 224206.267 INFO             PET0           MODEL: InitializeIPDvXp08 intro {ES}:! ! ! --- DistGrid::log() end ----------------------------------
20260528 224206.267 INFO             PET0           MODEL: InitializeIPDvXp08 intro {ES}:! ! --- Array::log() end -------------------------------------
20260528 224206.267 INFO             PET0           MODEL: InitializeIPDvXp08 intro {ES}:!--- FieldLog() end -------------------
20260528 224206.267 INFO             PET0           MODEL: InitializeIPDvXp08 intro {ES}:--- StateLog() end -------------------
20260528 224206.267 INFO             PET0           >>>MODEL: entered Initialize (phase=IPDv05p8) with current time:    0  1  1  0  0  0   0
20260528 224206.267 INFO             PET0           MODEL: InitializeDataProgress='true', InitializeDataComplete='true'
20260528 224206.267 INFO             PET0           <<<MODEL: leaving Initialize (phase=IPDv05p8) with current time:    0  1  1  0  0  0   0
20260528 224206.267 INFO             PET0           MODEL: InitializeIPDvXp08 extro {IS}:--- StateLog() start -----------------
20260528 224206.267 INFO             PET0           MODEL: InitializeIPDvXp08 extro {IS}:<name: MODEL-ImportState> <intent: ESMF_STATEINTENT_IMPORT> <itemCount:    0>
20260528 224206.267 INFO             PET0           MODEL: InitializeIPDvXp08 extro {IS}:--- StateLog() end -------------------
20260528 224206.267 INFO             PET0           MODEL: InitializeIPDvXp08 extro {ES}:--- StateLog() start -----------------
20260528 224206.267 INFO             PET0           MODEL: InitializeIPDvXp08 extro {ES}:<name: MODEL-ExportState> <intent: ESMF_STATEINTENT_EXPORT> <itemCount:    2>
20260528 224206.267 INFO             PET0           MODEL: InitializeIPDvXp08 extro {ES}:+-<item: 0001> <itemType: Field> <itemName: pmsl>
20260528 224206.267 INFO             PET0           MODEL: InitializeIPDvXp08 extro {ES}:!--- FieldLog() start -----------------
20260528 224206.267 INFO             PET0           MODEL: InitializeIPDvXp08 extro {ES}:! <name: pmsl> <fieldStatus: ESMF_FIELDSTATUS_COMPLETE>
20260528 224206.267 INFO             PET0           MODEL: InitializeIPDvXp08 extro {ES}:! 0x16b5706c8 => 0x108205880 => 0x108205a90
20260528 224206.267 INFO             PET0           MODEL: InitializeIPDvXp08 extro {ES}:! <typekind: Real*8> <rank:    2> <dimCount:    2>
20260528 224206.267 INFO             PET0           MODEL: InitializeIPDvXp08 extro {ES}:! ! --- Array::log() start -----------------------------------
20260528 224206.267 INFO             PET0           MODEL: InitializeIPDvXp08 extro {ES}:! ! 0x13a80d000
20260528 224206.267 INFO             PET0           MODEL: InitializeIPDvXp08 extro {ES}:! ! <name: pmsl>
20260528 224206.267 INFO             PET0           MODEL: InitializeIPDvXp08 extro {ES}:! ! ! --- DistGrid::log() start --------------------------------
20260528 224206.267 INFO             PET0           MODEL: InitializeIPDvXp08 extro {ES}:! ! ! 0x13a80a800
20260528 224206.267 INFO             PET0           MODEL: InitializeIPDvXp08 extro {ES}:! ! ! DistGrid object is valid!<name: DG-Grid004-sloc:0>
20260528 224206.267 INFO             PET0           MODEL: InitializeIPDvXp08 extro {ES}:! ! ! --- DistGrid::log() end ----------------------------------
20260528 224206.267 INFO             PET0           MODEL: InitializeIPDvXp08 extro {ES}:! ! --- Array::log() end -------------------------------------
20260528 224206.267 INFO             PET0           MODEL: InitializeIPDvXp08 extro {ES}:!--- FieldLog() end -------------------
20260528 224206.267 INFO             PET0           MODEL: InitializeIPDvXp08 extro {ES}:+-<item: 0002> <itemType: Field> <itemName: rsns>
20260528 224206.267 INFO             PET0           MODEL: InitializeIPDvXp08 extro {ES}:!--- FieldLog() start -----------------
20260528 224206.267 INFO             PET0           MODEL: InitializeIPDvXp08 extro {ES}:! <name: rsns> <fieldStatus: ESMF_FIELDSTATUS_COMPLETE>
20260528 224206.267 INFO             PET0           MODEL: InitializeIPDvXp08 extro {ES}:! 0x16b5706c8 => 0x108206120 => 0x108206330
20260528 224206.267 INFO             PET0           MODEL: InitializeIPDvXp08 extro {ES}:! <typekind: Real*8> <rank:    2> <dimCount:    2>
20260528 224206.267 INFO             PET0           MODEL: InitializeIPDvXp08 extro {ES}:! ! --- Array::log() start -----------------------------------
20260528 224206.267 INFO             PET0           MODEL: InitializeIPDvXp08 extro {ES}:! ! 0x13a80e600
20260528 224206.267 INFO             PET0           MODEL: InitializeIPDvXp08 extro {ES}:! ! <name: rsns>
20260528 224206.267 INFO             PET0           MODEL: InitializeIPDvXp08 extro {ES}:! ! ! --- DistGrid::log() start --------------------------------
20260528 224206.267 INFO             PET0           MODEL: InitializeIPDvXp08 extro {ES}:! ! ! 0x13a80a800
20260528 224206.267 INFO             PET0           MODEL: InitializeIPDvXp08 extro {ES}:! ! ! DistGrid object is valid!<name: DG-Grid004-sloc:0>
20260528 224206.267 INFO             PET0           MODEL: InitializeIPDvXp08 extro {ES}:! ! ! --- DistGrid::log() end ----------------------------------
20260528 224206.267 INFO             PET0           MODEL: InitializeIPDvXp08 extro {ES}:! ! --- Array::log() end -------------------------------------
20260528 224206.267 INFO             PET0           MODEL: InitializeIPDvXp08 extro {ES}:!--- FieldLog() end -------------------
20260528 224206.267 INFO             PET0           MODEL: InitializeIPDvXp08 extro {ES}:--- StateLog() end -------------------
20260528 224206.267 INFO             PET0         MODEL: InitializeIPDvXp08 extro.
20260528 224206.267 INFO             PET0         driver: component    1=MODEL, someProgress (local): true
20260528 224206.275 INFO             PET0         driver: component    1=MODEL, someProgress (global):  T
20260528 224206.275 INFO             PET0         driver: someProgress= T, allComplete= F, present(dataDepAllComplete)= T
20260528 224206.275 INFO             PET0         driver: component    0=driver, dataComplete (local): true
20260528 224206.275 INFO             PET0         driver: component    0=driver, dataComplete (global):  T
20260528 224206.275 INFO             PET0         driver: component    1=MODEL, dataComplete (local): true
20260528 224206.275 INFO             PET0         driver: component    1=MODEL, dataComplete (global):  T
20260528 224206.275 INFO             PET0         driver: someProgress= F, allComplete= T, present(dataDepAllComplete)= T
20260528 224206.275 INFO             PET0         driver: finished resolving initialize data dependencies on this level.
20260528 224206.275 INFO             PET0         <<<driver: leaving Initialize (phase=<none>) with current time:    0  1  1  0  0  0   0
20260528 224206.275 INFO             PET0         driver: loopDataDependentInitialize extro {IS}:--- StateLog() start -----------------
20260528 224206.275 INFO             PET0         driver: loopDataDependentInitialize extro {IS}:State object is invalid! Not created or deleted!
20260528 224206.275 INFO             PET0         driver: loopDataDependentInitialize extro {IS}:--- StateLog() end -------------------
20260528 224206.275 INFO             PET0         driver: loopDataDependentInitialize extro {ES}:--- StateLog() start -----------------
20260528 224206.275 INFO             PET0         driver: loopDataDependentInitialize extro {ES}:State object is invalid! Not created or deleted!
20260528 224206.275 INFO             PET0         driver: loopDataDependentInitialize extro {ES}:--- StateLog() end -------------------
20260528 224206.275 INFO             PET0       driver: loopDataDependentInitialize extro.
20260528 224206.275 INFO             PET0       driver: loopDataDependentInitialize() returned with dataDepAllComplete:  T
20260528 224206.275 INFO             PET0       <<<driver: leaving Initialize (phase=<none>) with current time:    0  1  1  0  0  0   0
20260528 224206.275 INFO             PET0       driver: InitializeIPDv02p5Data extro {IS}:--- StateLog() start -----------------
20260528 224206.275 INFO             PET0       driver: InitializeIPDv02p5Data extro {IS}:State object is invalid! Not created or deleted!
20260528 224206.275 INFO             PET0       driver: InitializeIPDv02p5Data extro {IS}:--- StateLog() end -------------------
20260528 224206.275 INFO             PET0       driver: InitializeIPDv02p5Data extro {ES}:--- StateLog() start -----------------
20260528 224206.275 INFO             PET0       driver: InitializeIPDv02p5Data extro {ES}:State object is invalid! Not created or deleted!
20260528 224206.275 INFO             PET0       driver: InitializeIPDv02p5Data extro {ES}:--- StateLog() end -------------------
20260528 224206.275 INFO             PET0     driver: InitializeIPDv02p5Data extro.
20260528 224206.275 INFO             PET0     <<<driver: leaving Initialize (phase=<none>) with current time:    0  1  1  0  0  0   0
20260528 224206.275 INFO             PET0     driver: InitializeIPDv02p5 extro {IS}:--- StateLog() start -----------------
20260528 224206.275 INFO             PET0     driver: InitializeIPDv02p5 extro {IS}:State object is invalid! Not created or deleted!
20260528 224206.275 INFO             PET0     driver: InitializeIPDv02p5 extro {IS}:--- StateLog() end -------------------
20260528 224206.275 INFO             PET0     driver: InitializeIPDv02p5 extro {ES}:--- StateLog() start -----------------
20260528 224206.275 INFO             PET0     driver: InitializeIPDv02p5 extro {ES}:State object is invalid! Not created or deleted!
20260528 224206.275 INFO             PET0     driver: InitializeIPDv02p5 extro {ES}:--- StateLog() end -------------------
20260528 224206.275 INFO             PET0   driver: InitializeIPDv02p5 extro.
20260528 224206.275 INFO             PET0   <<<driver: leaving Initialize (phase=<none>) with current time:    0  1  1  0  0  0   0
20260528 224206.275 INFO             PET0   driver: InitializeGeneric extro {IS}:--- StateLog() start -----------------
20260528 224206.275 INFO             PET0   driver: InitializeGeneric extro {IS}:State object is invalid! Not created or deleted!
20260528 224206.275 INFO             PET0   driver: InitializeGeneric extro {IS}:--- StateLog() end -------------------
20260528 224206.275 INFO             PET0   driver: InitializeGeneric extro {ES}:--- StateLog() start -----------------
20260528 224206.275 INFO             PET0   driver: InitializeGeneric extro {ES}:State object is invalid! Not created or deleted!
20260528 224206.275 INFO             PET0   driver: InitializeGeneric extro {ES}:--- StateLog() end -------------------
20260528 224206.275 INFO             PET0 driver: InitializeGeneric extro.
20260528 224206.275 INFO             PET0 driver: Run intro.
20260528 224206.275 INFO             PET0   driver: Run intro {IS}:--- StateLog() start -----------------
20260528 224206.275 INFO             PET0   driver: Run intro {IS}:State object is invalid! Not created or deleted!
20260528 224206.275 INFO             PET0   driver: Run intro {IS}:--- StateLog() end -------------------
20260528 224206.276 INFO             PET0   driver: Run intro {ES}:--- StateLog() start -----------------
20260528 224206.276 INFO             PET0   driver: Run intro {ES}:State object is invalid! Not created or deleted!
20260528 224206.276 INFO             PET0   driver: Run intro {ES}:--- StateLog() end -------------------
20260528 224206.276 INFO             PET0   >>>driver: entered Run (phase=RunPhase1) with current time:    0  1  1  0  0  0   0
20260528 224206.276 INFO             PET0   driver: after lable_SetRunClock, current time:    0  1  1  0  0  0   0
20260528 224206.276 INFO             PET0   driver: begin -------> RunSequence.
20260528 224206.276 INFO             PET0     driver: RunSequence event loopLevel=   1  levelMember=   1  loopIteration=   1, current time:    0  1  1  0  0  0   0
20260528 224206.276 INFO             PET0     MODEL: Run intro.
20260528 224206.276 INFO             PET0       MODEL: Run intro {IS}:--- StateLog() start -----------------
20260528 224206.276 INFO             PET0       MODEL: Run intro {IS}:<name: MODEL-ImportState> <intent: ESMF_STATEINTENT_IMPORT> <itemCount:    0>
20260528 224206.276 INFO             PET0       MODEL: Run intro {IS}:--- StateLog() end -------------------
20260528 224206.276 INFO             PET0       MODEL: Run intro {ES}:--- StateLog() start -----------------
20260528 224206.276 INFO             PET0       MODEL: Run intro {ES}:<name: MODEL-ExportState> <intent: ESMF_STATEINTENT_EXPORT> <itemCount:    2>
20260528 224206.276 INFO             PET0       MODEL: Run intro {ES}:+-<item: 0001> <itemType: Field> <itemName: pmsl>
20260528 224206.276 INFO             PET0       MODEL: Run intro {ES}:!--- FieldLog() start -----------------
20260528 224206.276 INFO             PET0       MODEL: Run intro {ES}:! <name: pmsl> <fieldStatus: ESMF_FIELDSTATUS_COMPLETE>
20260528 224206.276 INFO             PET0       MODEL: Run intro {ES}:! 0x16b570e18 => 0x108205880 => 0x108205a90
20260528 224206.276 INFO             PET0       MODEL: Run intro {ES}:! <typekind: Real*8> <rank:    2> <dimCount:    2>
20260528 224206.276 INFO             PET0       MODEL: Run intro {ES}:! ! --- Array::log() start -----------------------------------
20260528 224206.276 INFO             PET0       MODEL: Run intro {ES}:! ! 0x13a80d000
20260528 224206.276 INFO             PET0       MODEL: Run intro {ES}:! ! <name: pmsl>
20260528 224206.276 INFO             PET0       MODEL: Run intro {ES}:! ! ! --- DistGrid::log() start --------------------------------
20260528 224206.276 INFO             PET0       MODEL: Run intro {ES}:! ! ! 0x13a80a800
20260528 224206.276 INFO             PET0       MODEL: Run intro {ES}:! ! ! DistGrid object is valid!<name: DG-Grid004-sloc:0>
20260528 224206.276 INFO             PET0       MODEL: Run intro {ES}:! ! ! --- DistGrid::log() end ----------------------------------
20260528 224206.276 INFO             PET0       MODEL: Run intro {ES}:! ! --- Array::log() end -------------------------------------
20260528 224206.276 INFO             PET0       MODEL: Run intro {ES}:!--- FieldLog() end -------------------
20260528 224206.276 INFO             PET0       MODEL: Run intro {ES}:+-<item: 0002> <itemType: Field> <itemName: rsns>
20260528 224206.276 INFO             PET0       MODEL: Run intro {ES}:!--- FieldLog() start -----------------
20260528 224206.276 INFO             PET0       MODEL: Run intro {ES}:! <name: rsns> <fieldStatus: ESMF_FIELDSTATUS_COMPLETE>
20260528 224206.276 INFO             PET0       MODEL: Run intro {ES}:! 0x16b570e18 => 0x108206120 => 0x108206330
20260528 224206.276 INFO             PET0       MODEL: Run intro {ES}:! <typekind: Real*8> <rank:    2> <dimCount:    2>
20260528 224206.276 INFO             PET0       MODEL: Run intro {ES}:! ! --- Array::log() start -----------------------------------
20260528 224206.276 INFO             PET0       MODEL: Run intro {ES}:! ! 0x13a80e600
20260528 224206.276 INFO             PET0       MODEL: Run intro {ES}:! ! <name: rsns>
20260528 224206.276 INFO             PET0       MODEL: Run intro {ES}:! ! ! --- DistGrid::log() start --------------------------------
20260528 224206.276 INFO             PET0       MODEL: Run intro {ES}:! ! ! 0x13a80a800
20260528 224206.276 INFO             PET0       MODEL: Run intro {ES}:! ! ! DistGrid object is valid!<name: DG-Grid004-sloc:0>
20260528 224206.276 INFO             PET0       MODEL: Run intro {ES}:! ! ! --- DistGrid::log() end ----------------------------------
20260528 224206.276 INFO             PET0       MODEL: Run intro {ES}:! ! --- Array::log() end -------------------------------------
20260528 224206.276 INFO             PET0       MODEL: Run intro {ES}:!--- FieldLog() end -------------------
20260528 224206.276 INFO             PET0       MODEL: Run intro {ES}:--- StateLog() end -------------------
20260528 224206.276 INFO             PET0       >>>MODEL: entered Run (phase=RunPhase1) with current time:    0  1  1  0  0  0   0
20260528 224206.276 INFO             PET0       MODEL: time step-loop starting, current time:    0  1  1  0  0  0   0
20260528 224206.276 INFO             PET0       ---->Advancing Model from:    0  1  1  0  0  0   0
20260528 224206.276 INFO             PET0       ---------------------> to:    0  1  1  0  0 30   0
20260528 224206.276 INFO             PET0       MODEL: time step-loop ending,   current time:    0  1  1  0  0 30   0
20260528 224206.276 INFO             PET0       <<<MODEL: leaving Run (phase=RunPhase1) with current time:    0  1  1  0  0 30   0
20260528 224206.276 INFO             PET0       MODEL: Run extro {IS}:--- StateLog() start -----------------
20260528 224206.276 INFO             PET0       MODEL: Run extro {IS}:<name: MODEL-ImportState> <intent: ESMF_STATEINTENT_IMPORT> <itemCount:    0>
20260528 224206.276 INFO             PET0       MODEL: Run extro {IS}:--- StateLog() end -------------------
20260528 224206.276 INFO             PET0       MODEL: Run extro {ES}:--- StateLog() start -----------------
20260528 224206.276 INFO             PET0       MODEL: Run extro {ES}:<name: MODEL-ExportState> <intent: ESMF_STATEINTENT_EXPORT> <itemCount:    2>
20260528 224206.276 INFO             PET0       MODEL: Run extro {ES}:+-<item: 0001> <itemType: Field> <itemName: pmsl>
20260528 224206.276 INFO             PET0       MODEL: Run extro {ES}:!--- FieldLog() start -----------------
20260528 224206.276 INFO             PET0       MODEL: Run extro {ES}:! <name: pmsl> <fieldStatus: ESMF_FIELDSTATUS_COMPLETE>
20260528 224206.276 INFO             PET0       MODEL: Run extro {ES}:! 0x16b571128 => 0x108205880 => 0x108205a90
20260528 224206.276 INFO             PET0       MODEL: Run extro {ES}:! <typekind: Real*8> <rank:    2> <dimCount:    2>
20260528 224206.276 INFO             PET0       MODEL: Run extro {ES}:! ! --- Array::log() start -----------------------------------
20260528 224206.276 INFO             PET0       MODEL: Run extro {ES}:! ! 0x13a80d000
20260528 224206.276 INFO             PET0       MODEL: Run extro {ES}:! ! <name: pmsl>
20260528 224206.276 INFO             PET0       MODEL: Run extro {ES}:! ! ! --- DistGrid::log() start --------------------------------
20260528 224206.276 INFO             PET0       MODEL: Run extro {ES}:! ! ! 0x13a80a800
20260528 224206.276 INFO             PET0       MODEL: Run extro {ES}:! ! ! DistGrid object is valid!<name: DG-Grid004-sloc:0>
20260528 224206.276 INFO             PET0       MODEL: Run extro {ES}:! ! ! --- DistGrid::log() end ----------------------------------
20260528 224206.276 INFO             PET0       MODEL: Run extro {ES}:! ! --- Array::log() end -------------------------------------
20260528 224206.276 INFO             PET0       MODEL: Run extro {ES}:!--- FieldLog() end -------------------
20260528 224206.276 INFO             PET0       MODEL: Run extro {ES}:+-<item: 0002> <itemType: Field> <itemName: rsns>
20260528 224206.276 INFO             PET0       MODEL: Run extro {ES}:!--- FieldLog() start -----------------
20260528 224206.276 INFO             PET0       MODEL: Run extro {ES}:! <name: rsns> <fieldStatus: ESMF_FIELDSTATUS_COMPLETE>
20260528 224206.276 INFO             PET0       MODEL: Run extro {ES}:! 0x16b571128 => 0x108206120 => 0x108206330
20260528 224206.276 INFO             PET0       MODEL: Run extro {ES}:! <typekind: Real*8> <rank:    2> <dimCount:    2>
20260528 224206.276 INFO             PET0       MODEL: Run extro {ES}:! ! --- Array::log() start -----------------------------------
20260528 224206.276 INFO             PET0       MODEL: Run extro {ES}:! ! 0x13a80e600
20260528 224206.276 INFO             PET0       MODEL: Run extro {ES}:! ! <name: rsns>
20260528 224206.276 INFO             PET0       MODEL: Run extro {ES}:! ! ! --- DistGrid::log() start --------------------------------
20260528 224206.276 INFO             PET0       MODEL: Run extro {ES}:! ! ! 0x13a80a800
20260528 224206.276 INFO             PET0       MODEL: Run extro {ES}:! ! ! DistGrid object is valid!<name: DG-Grid004-sloc:0>
20260528 224206.276 INFO             PET0       MODEL: Run extro {ES}:! ! ! --- DistGrid::log() end ----------------------------------
20260528 224206.276 INFO             PET0       MODEL: Run extro {ES}:! ! --- Array::log() end -------------------------------------
20260528 224206.276 INFO             PET0       MODEL: Run extro {ES}:!--- FieldLog() end -------------------
20260528 224206.276 INFO             PET0       MODEL: Run extro {ES}:--- StateLog() end -------------------
20260528 224206.276 INFO             PET0     MODEL: Run extro.
20260528 224206.276 INFO             PET0     driver: RunSequence event loopLevel=   1  levelMember=   1  loopIteration=   2, current time:    0  1  1  0  0 30   0
20260528 224206.278 INFO             PET0     MODEL: Run intro.
20260528 224206.278 INFO             PET0       MODEL: Run intro {IS}:--- StateLog() start -----------------
20260528 224206.278 INFO             PET0       MODEL: Run intro {IS}:<name: MODEL-ImportState> <intent: ESMF_STATEINTENT_IMPORT> <itemCount:    0>
20260528 224206.278 INFO             PET0       MODEL: Run intro {IS}:--- StateLog() end -------------------
20260528 224206.278 INFO             PET0       MODEL: Run intro {ES}:--- StateLog() start -----------------
20260528 224206.278 INFO             PET0       MODEL: Run intro {ES}:<name: MODEL-ExportState> <intent: ESMF_STATEINTENT_EXPORT> <itemCount:    2>
20260528 224206.278 INFO             PET0       MODEL: Run intro {ES}:+-<item: 0001> <itemType: Field> <itemName: pmsl>
20260528 224206.278 INFO             PET0       MODEL: Run intro {ES}:!--- FieldLog() start -----------------
20260528 224206.278 INFO             PET0       MODEL: Run intro {ES}:! <name: pmsl> <fieldStatus: ESMF_FIELDSTATUS_COMPLETE>
20260528 224206.278 INFO             PET0       MODEL: Run intro {ES}:! 0x16b570e18 => 0x108205880 => 0x108205a90
20260528 224206.278 INFO             PET0       MODEL: Run intro {ES}:! <typekind: Real*8> <rank:    2> <dimCount:    2>
20260528 224206.278 INFO             PET0       MODEL: Run intro {ES}:! ! --- Array::log() start -----------------------------------
20260528 224206.278 INFO             PET0       MODEL: Run intro {ES}:! ! 0x13a80d000
20260528 224206.278 INFO             PET0       MODEL: Run intro {ES}:! ! <name: pmsl>
20260528 224206.278 INFO             PET0       MODEL: Run intro {ES}:! ! ! --- DistGrid::log() start --------------------------------
20260528 224206.278 INFO             PET0       MODEL: Run intro {ES}:! ! ! 0x13a80a800
20260528 224206.278 INFO             PET0       MODEL: Run intro {ES}:! ! ! DistGrid object is valid!<name: DG-Grid004-sloc:0>
20260528 224206.278 INFO             PET0       MODEL: Run intro {ES}:! ! ! --- DistGrid::log() end ----------------------------------
20260528 224206.278 INFO             PET0       MODEL: Run intro {ES}:! ! --- Array::log() end -------------------------------------
20260528 224206.278 INFO             PET0       MODEL: Run intro {ES}:!--- FieldLog() end -------------------
20260528 224206.278 INFO             PET0       MODEL: Run intro {ES}:+-<item: 0002> <itemType: Field> <itemName: rsns>
20260528 224206.278 INFO             PET0       MODEL: Run intro {ES}:!--- FieldLog() start -----------------
20260528 224206.278 INFO             PET0       MODEL: Run intro {ES}:! <name: rsns> <fieldStatus: ESMF_FIELDSTATUS_COMPLETE>
20260528 224206.278 INFO             PET0       MODEL: Run intro {ES}:! 0x16b570e18 => 0x108206120 => 0x108206330
20260528 224206.278 INFO             PET0       MODEL: Run intro {ES}:! <typekind: Real*8> <rank:    2> <dimCount:    2>
20260528 224206.278 INFO             PET0       MODEL: Run intro {ES}:! ! --- Array::log() start -----------------------------------
20260528 224206.278 INFO             PET0       MODEL: Run intro {ES}:! ! 0x13a80e600
20260528 224206.278 INFO             PET0       MODEL: Run intro {ES}:! ! <name: rsns>
20260528 224206.278 INFO             PET0       MODEL: Run intro {ES}:! ! ! --- DistGrid::log() start --------------------------------
20260528 224206.278 INFO             PET0       MODEL: Run intro {ES}:! ! ! 0x13a80a800
20260528 224206.278 INFO             PET0       MODEL: Run intro {ES}:! ! ! DistGrid object is valid!<name: DG-Grid004-sloc:0>
20260528 224206.278 INFO             PET0       MODEL: Run intro {ES}:! ! ! --- DistGrid::log() end ----------------------------------
20260528 224206.278 INFO             PET0       MODEL: Run intro {ES}:! ! --- Array::log() end -------------------------------------
20260528 224206.278 INFO             PET0       MODEL: Run intro {ES}:!--- FieldLog() end -------------------
20260528 224206.278 INFO             PET0       MODEL: Run intro {ES}:--- StateLog() end -------------------
20260528 224206.278 INFO             PET0       >>>MODEL: entered Run (phase=RunPhase1) with current time:    0  1  1  0  0 30   0
20260528 224206.278 INFO             PET0       MODEL: time step-loop starting, current time:    0  1  1  0  0 30   0
20260528 224206.278 INFO             PET0       ---->Advancing Model from:    0  1  1  0  0 30   0
20260528 224206.278 INFO             PET0       ---------------------> to:    0  1  1  0  1  0   0
20260528 224206.278 INFO             PET0       MODEL: time step-loop ending,   current time:    0  1  1  0  1  0   0
20260528 224206.278 INFO             PET0       <<<MODEL: leaving Run (phase=RunPhase1) with current time:    0  1  1  0  1  0   0
20260528 224206.278 INFO             PET0       MODEL: Run extro {IS}:--- StateLog() start -----------------
20260528 224206.278 INFO             PET0       MODEL: Run extro {IS}:<name: MODEL-ImportState> <intent: ESMF_STATEINTENT_IMPORT> <itemCount:    0>
20260528 224206.278 INFO             PET0       MODEL: Run extro {IS}:--- StateLog() end -------------------
20260528 224206.278 INFO             PET0       MODEL: Run extro {ES}:--- StateLog() start -----------------
20260528 224206.278 INFO             PET0       MODEL: Run extro {ES}:<name: MODEL-ExportState> <intent: ESMF_STATEINTENT_EXPORT> <itemCount:    2>
20260528 224206.278 INFO             PET0       MODEL: Run extro {ES}:+-<item: 0001> <itemType: Field> <itemName: pmsl>
20260528 224206.278 INFO             PET0       MODEL: Run extro {ES}:!--- FieldLog() start -----------------
20260528 224206.278 INFO             PET0       MODEL: Run extro {ES}:! <name: pmsl> <fieldStatus: ESMF_FIELDSTATUS_COMPLETE>
20260528 224206.278 INFO             PET0       MODEL: Run extro {ES}:! 0x16b571128 => 0x108205880 => 0x108205a90
20260528 224206.278 INFO             PET0       MODEL: Run extro {ES}:! <typekind: Real*8> <rank:    2> <dimCount:    2>
20260528 224206.278 INFO             PET0       MODEL: Run extro {ES}:! ! --- Array::log() start -----------------------------------
20260528 224206.278 INFO             PET0       MODEL: Run extro {ES}:! ! 0x13a80d000
20260528 224206.278 INFO             PET0       MODEL: Run extro {ES}:! ! <name: pmsl>
20260528 224206.278 INFO             PET0       MODEL: Run extro {ES}:! ! ! --- DistGrid::log() start --------------------------------
20260528 224206.278 INFO             PET0       MODEL: Run extro {ES}:! ! ! 0x13a80a800
20260528 224206.278 INFO             PET0       MODEL: Run extro {ES}:! ! ! DistGrid object is valid!<name: DG-Grid004-sloc:0>
20260528 224206.278 INFO             PET0       MODEL: Run extro {ES}:! ! ! --- DistGrid::log() end ----------------------------------
20260528 224206.278 INFO             PET0       MODEL: Run extro {ES}:! ! --- Array::log() end -------------------------------------
20260528 224206.278 INFO             PET0       MODEL: Run extro {ES}:!--- FieldLog() end -------------------
20260528 224206.278 INFO             PET0       MODEL: Run extro {ES}:+-<item: 0002> <itemType: Field> <itemName: rsns>
20260528 224206.278 INFO             PET0       MODEL: Run extro {ES}:!--- FieldLog() start -----------------
20260528 224206.278 INFO             PET0       MODEL: Run extro {ES}:! <name: rsns> <fieldStatus: ESMF_FIELDSTATUS_COMPLETE>
20260528 224206.278 INFO             PET0       MODEL: Run extro {ES}:! 0x16b571128 => 0x108206120 => 0x108206330
20260528 224206.278 INFO             PET0       MODEL: Run extro {ES}:! <typekind: Real*8> <rank:    2> <dimCount:    2>
20260528 224206.278 INFO             PET0       MODEL: Run extro {ES}:! ! --- Array::log() start -----------------------------------
20260528 224206.278 INFO             PET0       MODEL: Run extro {ES}:! ! 0x13a80e600
20260528 224206.278 INFO             PET0       MODEL: Run extro {ES}:! ! <name: rsns>
20260528 224206.278 INFO             PET0       MODEL: Run extro {ES}:! ! ! --- DistGrid::log() start --------------------------------
20260528 224206.278 INFO             PET0       MODEL: Run extro {ES}:! ! ! 0x13a80a800
20260528 224206.278 INFO             PET0       MODEL: Run extro {ES}:! ! ! DistGrid object is valid!<name: DG-Grid004-sloc:0>
20260528 224206.278 INFO             PET0       MODEL: Run extro {ES}:! ! ! --- DistGrid::log() end ----------------------------------
20260528 224206.278 INFO             PET0       MODEL: Run extro {ES}:! ! --- Array::log() end -------------------------------------
20260528 224206.278 INFO             PET0       MODEL: Run extro {ES}:!--- FieldLog() end -------------------
20260528 224206.278 INFO             PET0       MODEL: Run extro {ES}:--- StateLog() end -------------------
20260528 224206.278 INFO             PET0     MODEL: Run extro.
20260528 224206.278 INFO             PET0     driver: RunSequence event loopLevel=   1  levelMember=   1  loopIteration=   3, current time:    0  1  1  0  1  0   0
20260528 224206.279 INFO             PET0     MODEL: Run intro.
20260528 224206.279 INFO             PET0       MODEL: Run intro {IS}:--- StateLog() start -----------------
20260528 224206.279 INFO             PET0       MODEL: Run intro {IS}:<name: MODEL-ImportState> <intent: ESMF_STATEINTENT_IMPORT> <itemCount:    0>
20260528 224206.279 INFO             PET0       MODEL: Run intro {IS}:--- StateLog() end -------------------
20260528 224206.279 INFO             PET0       MODEL: Run intro {ES}:--- StateLog() start -----------------
20260528 224206.279 INFO             PET0       MODEL: Run intro {ES}:<name: MODEL-ExportState> <intent: ESMF_STATEINTENT_EXPORT> <itemCount:    2>
20260528 224206.279 INFO             PET0       MODEL: Run intro {ES}:+-<item: 0001> <itemType: Field> <itemName: pmsl>
20260528 224206.279 INFO             PET0       MODEL: Run intro {ES}:!--- FieldLog() start -----------------
20260528 224206.279 INFO             PET0       MODEL: Run intro {ES}:! <name: pmsl> <fieldStatus: ESMF_FIELDSTATUS_COMPLETE>
20260528 224206.279 INFO             PET0       MODEL: Run intro {ES}:! 0x16b570e18 => 0x108205880 => 0x108205a90
20260528 224206.279 INFO             PET0       MODEL: Run intro {ES}:! <typekind: Real*8> <rank:    2> <dimCount:    2>
20260528 224206.279 INFO             PET0       MODEL: Run intro {ES}:! ! --- Array::log() start -----------------------------------
20260528 224206.279 INFO             PET0       MODEL: Run intro {ES}:! ! 0x13a80d000
20260528 224206.279 INFO             PET0       MODEL: Run intro {ES}:! ! <name: pmsl>
20260528 224206.279 INFO             PET0       MODEL: Run intro {ES}:! ! ! --- DistGrid::log() start --------------------------------
20260528 224206.279 INFO             PET0       MODEL: Run intro {ES}:! ! ! 0x13a80a800
20260528 224206.279 INFO             PET0       MODEL: Run intro {ES}:! ! ! DistGrid object is valid!<name: DG-Grid004-sloc:0>
20260528 224206.279 INFO             PET0       MODEL: Run intro {ES}:! ! ! --- DistGrid::log() end ----------------------------------
20260528 224206.279 INFO             PET0       MODEL: Run intro {ES}:! ! --- Array::log() end -------------------------------------
20260528 224206.279 INFO             PET0       MODEL: Run intro {ES}:!--- FieldLog() end -------------------
20260528 224206.279 INFO             PET0       MODEL: Run intro {ES}:+-<item: 0002> <itemType: Field> <itemName: rsns>
20260528 224206.279 INFO             PET0       MODEL: Run intro {ES}:!--- FieldLog() start -----------------
20260528 224206.279 INFO             PET0       MODEL: Run intro {ES}:! <name: rsns> <fieldStatus: ESMF_FIELDSTATUS_COMPLETE>
20260528 224206.279 INFO             PET0       MODEL: Run intro {ES}:! 0x16b570e18 => 0x108206120 => 0x108206330
20260528 224206.279 INFO             PET0       MODEL: Run intro {ES}:! <typekind: Real*8> <rank:    2> <dimCount:    2>
20260528 224206.279 INFO             PET0       MODEL: Run intro {ES}:! ! --- Array::log() start -----------------------------------
20260528 224206.279 INFO             PET0       MODEL: Run intro {ES}:! ! 0x13a80e600
20260528 224206.279 INFO             PET0       MODEL: Run intro {ES}:! ! <name: rsns>
20260528 224206.279 INFO             PET0       MODEL: Run intro {ES}:! ! ! --- DistGrid::log() start --------------------------------
20260528 224206.279 INFO             PET0       MODEL: Run intro {ES}:! ! ! 0x13a80a800
20260528 224206.279 INFO             PET0       MODEL: Run intro {ES}:! ! ! DistGrid object is valid!<name: DG-Grid004-sloc:0>
20260528 224206.279 INFO             PET0       MODEL: Run intro {ES}:! ! ! --- DistGrid::log() end ----------------------------------
20260528 224206.279 INFO             PET0       MODEL: Run intro {ES}:! ! --- Array::log() end -------------------------------------
20260528 224206.279 INFO             PET0       MODEL: Run intro {ES}:!--- FieldLog() end -------------------
20260528 224206.279 INFO             PET0       MODEL: Run intro {ES}:--- StateLog() end -------------------
20260528 224206.279 INFO             PET0       >>>MODEL: entered Run (phase=RunPhase1) with current time:    0  1  1  0  1  0   0
20260528 224206.279 INFO             PET0       MODEL: time step-loop starting, current time:    0  1  1  0  1  0   0
20260528 224206.279 INFO             PET0       ---->Advancing Model from:    0  1  1  0  1  0   0
20260528 224206.279 INFO             PET0       ---------------------> to:    0  1  1  0  1 30   0
20260528 224206.279 INFO             PET0       MODEL: time step-loop ending,   current time:    0  1  1  0  1 30   0
20260528 224206.279 INFO             PET0       <<<MODEL: leaving Run (phase=RunPhase1) with current time:    0  1  1  0  1 30   0
20260528 224206.279 INFO             PET0       MODEL: Run extro {IS}:--- StateLog() start -----------------
20260528 224206.279 INFO             PET0       MODEL: Run extro {IS}:<name: MODEL-ImportState> <intent: ESMF_STATEINTENT_IMPORT> <itemCount:    0>
20260528 224206.279 INFO             PET0       MODEL: Run extro {IS}:--- StateLog() end -------------------
20260528 224206.279 INFO             PET0       MODEL: Run extro {ES}:--- StateLog() start -----------------
20260528 224206.279 INFO             PET0       MODEL: Run extro {ES}:<name: MODEL-ExportState> <intent: ESMF_STATEINTENT_EXPORT> <itemCount:    2>
20260528 224206.279 INFO             PET0       MODEL: Run extro {ES}:+-<item: 0001> <itemType: Field> <itemName: pmsl>
20260528 224206.279 INFO             PET0       MODEL: Run extro {ES}:!--- FieldLog() start -----------------
20260528 224206.279 INFO             PET0       MODEL: Run extro {ES}:! <name: pmsl> <fieldStatus: ESMF_FIELDSTATUS_COMPLETE>
20260528 224206.279 INFO             PET0       MODEL: Run extro {ES}:! 0x16b571128 => 0x108205880 => 0x108205a90
20260528 224206.279 INFO             PET0       MODEL: Run extro {ES}:! <typekind: Real*8> <rank:    2> <dimCount:    2>
20260528 224206.279 INFO             PET0       MODEL: Run extro {ES}:! ! --- Array::log() start -----------------------------------
20260528 224206.279 INFO             PET0       MODEL: Run extro {ES}:! ! 0x13a80d000
20260528 224206.279 INFO             PET0       MODEL: Run extro {ES}:! ! <name: pmsl>
20260528 224206.279 INFO             PET0       MODEL: Run extro {ES}:! ! ! --- DistGrid::log() start --------------------------------
20260528 224206.279 INFO             PET0       MODEL: Run extro {ES}:! ! ! 0x13a80a800
20260528 224206.279 INFO             PET0       MODEL: Run extro {ES}:! ! ! DistGrid object is valid!<name: DG-Grid004-sloc:0>
20260528 224206.279 INFO             PET0       MODEL: Run extro {ES}:! ! ! --- DistGrid::log() end ----------------------------------
20260528 224206.279 INFO             PET0       MODEL: Run extro {ES}:! ! --- Array::log() end -------------------------------------
20260528 224206.279 INFO             PET0       MODEL: Run extro {ES}:!--- FieldLog() end -------------------
20260528 224206.279 INFO             PET0       MODEL: Run extro {ES}:+-<item: 0002> <itemType: Field> <itemName: rsns>
20260528 224206.279 INFO             PET0       MODEL: Run extro {ES}:!--- FieldLog() start -----------------
20260528 224206.279 INFO             PET0       MODEL: Run extro {ES}:! <name: rsns> <fieldStatus: ESMF_FIELDSTATUS_COMPLETE>
20260528 224206.279 INFO             PET0       MODEL: Run extro {ES}:! 0x16b571128 => 0x108206120 => 0x108206330
20260528 224206.279 INFO             PET0       MODEL: Run extro {ES}:! <typekind: Real*8> <rank:    2> <dimCount:    2>
20260528 224206.279 INFO             PET0       MODEL: Run extro {ES}:! ! --- Array::log() start -----------------------------------
20260528 224206.279 INFO             PET0       MODEL: Run extro {ES}:! ! 0x13a80e600
20260528 224206.279 INFO             PET0       MODEL: Run extro {ES}:! ! <name: rsns>
20260528 224206.279 INFO             PET0       MODEL: Run extro {ES}:! ! ! --- DistGrid::log() start --------------------------------
20260528 224206.279 INFO             PET0       MODEL: Run extro {ES}:! ! ! 0x13a80a800
20260528 224206.279 INFO             PET0       MODEL: Run extro {ES}:! ! ! DistGrid object is valid!<name: DG-Grid004-sloc:0>
20260528 224206.279 INFO             PET0       MODEL: Run extro {ES}:! ! ! --- DistGrid::log() end ----------------------------------
20260528 224206.279 INFO             PET0       MODEL: Run extro {ES}:! ! --- Array::log() end -------------------------------------
20260528 224206.279 INFO             PET0       MODEL: Run extro {ES}:!--- FieldLog() end -------------------
20260528 224206.279 INFO             PET0       MODEL: Run extro {ES}:--- StateLog() end -------------------
20260528 224206.279 INFO             PET0     MODEL: Run extro.
20260528 224206.279 INFO             PET0     driver: RunSequence event loopLevel=   1  levelMember=   1  loopIteration=   4, current time:    0  1  1  0  1 30   0
20260528 224206.279 INFO             PET0     MODEL: Run intro.
20260528 224206.279 INFO             PET0       MODEL: Run intro {IS}:--- StateLog() start -----------------
20260528 224206.279 INFO             PET0       MODEL: Run intro {IS}:<name: MODEL-ImportState> <intent: ESMF_STATEINTENT_IMPORT> <itemCount:    0>
20260528 224206.279 INFO             PET0       MODEL: Run intro {IS}:--- StateLog() end -------------------
20260528 224206.279 INFO             PET0       MODEL: Run intro {ES}:--- StateLog() start -----------------
20260528 224206.279 INFO             PET0       MODEL: Run intro {ES}:<name: MODEL-ExportState> <intent: ESMF_STATEINTENT_EXPORT> <itemCount:    2>
20260528 224206.279 INFO             PET0       MODEL: Run intro {ES}:+-<item: 0001> <itemType: Field> <itemName: pmsl>
20260528 224206.279 INFO             PET0       MODEL: Run intro {ES}:!--- FieldLog() start -----------------
20260528 224206.279 INFO             PET0       MODEL: Run intro {ES}:! <name: pmsl> <fieldStatus: ESMF_FIELDSTATUS_COMPLETE>
20260528 224206.279 INFO             PET0       MODEL: Run intro {ES}:! 0x16b570e18 => 0x108205880 => 0x108205a90
20260528 224206.279 INFO             PET0       MODEL: Run intro {ES}:! <typekind: Real*8> <rank:    2> <dimCount:    2>
20260528 224206.279 INFO             PET0       MODEL: Run intro {ES}:! ! --- Array::log() start -----------------------------------
20260528 224206.279 INFO             PET0       MODEL: Run intro {ES}:! ! 0x13a80d000
20260528 224206.279 INFO             PET0       MODEL: Run intro {ES}:! ! <name: pmsl>
20260528 224206.279 INFO             PET0       MODEL: Run intro {ES}:! ! ! --- DistGrid::log() start --------------------------------
20260528 224206.279 INFO             PET0       MODEL: Run intro {ES}:! ! ! 0x13a80a800
20260528 224206.279 INFO             PET0       MODEL: Run intro {ES}:! ! ! DistGrid object is valid!<name: DG-Grid004-sloc:0>
20260528 224206.279 INFO             PET0       MODEL: Run intro {ES}:! ! ! --- DistGrid::log() end ----------------------------------
20260528 224206.279 INFO             PET0       MODEL: Run intro {ES}:! ! --- Array::log() end -------------------------------------
20260528 224206.279 INFO             PET0       MODEL: Run intro {ES}:!--- FieldLog() end -------------------
20260528 224206.279 INFO             PET0       MODEL: Run intro {ES}:+-<item: 0002> <itemType: Field> <itemName: rsns>
20260528 224206.279 INFO             PET0       MODEL: Run intro {ES}:!--- FieldLog() start -----------------
20260528 224206.279 INFO             PET0       MODEL: Run intro {ES}:! <name: rsns> <fieldStatus: ESMF_FIELDSTATUS_COMPLETE>
20260528 224206.279 INFO             PET0       MODEL: Run intro {ES}:! 0x16b570e18 => 0x108206120 => 0x108206330
20260528 224206.279 INFO             PET0       MODEL: Run intro {ES}:! <typekind: Real*8> <rank:    2> <dimCount:    2>
20260528 224206.279 INFO             PET0       MODEL: Run intro {ES}:! ! --- Array::log() start -----------------------------------
20260528 224206.279 INFO             PET0       MODEL: Run intro {ES}:! ! 0x13a80e600
20260528 224206.279 INFO             PET0       MODEL: Run intro {ES}:! ! <name: rsns>
20260528 224206.279 INFO             PET0       MODEL: Run intro {ES}:! ! ! --- DistGrid::log() start --------------------------------
20260528 224206.279 INFO             PET0       MODEL: Run intro {ES}:! ! ! 0x13a80a800
20260528 224206.279 INFO             PET0       MODEL: Run intro {ES}:! ! ! DistGrid object is valid!<name: DG-Grid004-sloc:0>
20260528 224206.279 INFO             PET0       MODEL: Run intro {ES}:! ! ! --- DistGrid::log() end ----------------------------------
20260528 224206.279 INFO             PET0       MODEL: Run intro {ES}:! ! --- Array::log() end -------------------------------------
20260528 224206.279 INFO             PET0       MODEL: Run intro {ES}:!--- FieldLog() end -------------------
20260528 224206.279 INFO             PET0       MODEL: Run intro {ES}:--- StateLog() end -------------------
20260528 224206.279 INFO             PET0       >>>MODEL: entered Run (phase=RunPhase1) with current time:    0  1  1  0  1 30   0
20260528 224206.279 INFO             PET0       MODEL: time step-loop starting, current time:    0  1  1  0  1 30   0
20260528 224206.279 INFO             PET0       ---->Advancing Model from:    0  1  1  0  1 30   0
20260528 224206.279 INFO             PET0       ---------------------> to:    0  1  1  0  2  0   0
20260528 224206.279 INFO             PET0       MODEL: time step-loop ending,   current time:    0  1  1  0  2  0   0
20260528 224206.279 INFO             PET0       <<<MODEL: leaving Run (phase=RunPhase1) with current time:    0  1  1  0  2  0   0
20260528 224206.279 INFO             PET0       MODEL: Run extro {IS}:--- StateLog() start -----------------
20260528 224206.279 INFO             PET0       MODEL: Run extro {IS}:<name: MODEL-ImportState> <intent: ESMF_STATEINTENT_IMPORT> <itemCount:    0>
20260528 224206.279 INFO             PET0       MODEL: Run extro {IS}:--- StateLog() end -------------------
20260528 224206.279 INFO             PET0       MODEL: Run extro {ES}:--- StateLog() start -----------------
20260528 224206.279 INFO             PET0       MODEL: Run extro {ES}:<name: MODEL-ExportState> <intent: ESMF_STATEINTENT_EXPORT> <itemCount:    2>
20260528 224206.279 INFO             PET0       MODEL: Run extro {ES}:+-<item: 0001> <itemType: Field> <itemName: pmsl>
20260528 224206.279 INFO             PET0       MODEL: Run extro {ES}:!--- FieldLog() start -----------------
20260528 224206.279 INFO             PET0       MODEL: Run extro {ES}:! <name: pmsl> <fieldStatus: ESMF_FIELDSTATUS_COMPLETE>
20260528 224206.279 INFO             PET0       MODEL: Run extro {ES}:! 0x16b571128 => 0x108205880 => 0x108205a90
20260528 224206.279 INFO             PET0       MODEL: Run extro {ES}:! <typekind: Real*8> <rank:    2> <dimCount:    2>
20260528 224206.279 INFO             PET0       MODEL: Run extro {ES}:! ! --- Array::log() start -----------------------------------
20260528 224206.279 INFO             PET0       MODEL: Run extro {ES}:! ! 0x13a80d000
20260528 224206.279 INFO             PET0       MODEL: Run extro {ES}:! ! <name: pmsl>
20260528 224206.279 INFO             PET0       MODEL: Run extro {ES}:! ! ! --- DistGrid::log() start --------------------------------
20260528 224206.279 INFO             PET0       MODEL: Run extro {ES}:! ! ! 0x13a80a800
20260528 224206.279 INFO             PET0       MODEL: Run extro {ES}:! ! ! DistGrid object is valid!<name: DG-Grid004-sloc:0>
20260528 224206.279 INFO             PET0       MODEL: Run extro {ES}:! ! ! --- DistGrid::log() end ----------------------------------
20260528 224206.279 INFO             PET0       MODEL: Run extro {ES}:! ! --- Array::log() end -------------------------------------
20260528 224206.279 INFO             PET0       MODEL: Run extro {ES}:!--- FieldLog() end -------------------
20260528 224206.279 INFO             PET0       MODEL: Run extro {ES}:+-<item: 0002> <itemType: Field> <itemName: rsns>
20260528 224206.279 INFO             PET0       MODEL: Run extro {ES}:!--- FieldLog() start -----------------
20260528 224206.280 INFO             PET0       MODEL: Run extro {ES}:! <name: rsns> <fieldStatus: ESMF_FIELDSTATUS_COMPLETE>
20260528 224206.280 INFO             PET0       MODEL: Run extro {ES}:! 0x16b571128 => 0x108206120 => 0x108206330
20260528 224206.280 INFO             PET0       MODEL: Run extro {ES}:! <typekind: Real*8> <rank:    2> <dimCount:    2>
20260528 224206.280 INFO             PET0       MODEL: Run extro {ES}:! ! --- Array::log() start -----------------------------------
20260528 224206.280 INFO             PET0       MODEL: Run extro {ES}:! ! 0x13a80e600
20260528 224206.280 INFO             PET0       MODEL: Run extro {ES}:! ! <name: rsns>
20260528 224206.280 INFO             PET0       MODEL: Run extro {ES}:! ! ! --- DistGrid::log() start --------------------------------
20260528 224206.280 INFO             PET0       MODEL: Run extro {ES}:! ! ! 0x13a80a800
20260528 224206.280 INFO             PET0       MODEL: Run extro {ES}:! ! ! DistGrid object is valid!<name: DG-Grid004-sloc:0>
20260528 224206.280 INFO             PET0       MODEL: Run extro {ES}:! ! ! --- DistGrid::log() end ----------------------------------
20260528 224206.280 INFO             PET0       MODEL: Run extro {ES}:! ! --- Array::log() end -------------------------------------
20260528 224206.280 INFO             PET0       MODEL: Run extro {ES}:!--- FieldLog() end -------------------
20260528 224206.280 INFO             PET0       MODEL: Run extro {ES}:--- StateLog() end -------------------
20260528 224206.280 INFO             PET0     MODEL: Run extro.
20260528 224206.280 INFO             PET0     driver: RunSequence event loopLevel=   1  levelMember=   1  loopIteration=   5, current time:    0  1  1  0  2  0   0
20260528 224206.280 INFO             PET0     MODEL: Run intro.
20260528 224206.280 INFO             PET0       MODEL: Run intro {IS}:--- StateLog() start -----------------
20260528 224206.280 INFO             PET0       MODEL: Run intro {IS}:<name: MODEL-ImportState> <intent: ESMF_STATEINTENT_IMPORT> <itemCount:    0>
20260528 224206.280 INFO             PET0       MODEL: Run intro {IS}:--- StateLog() end -------------------
20260528 224206.280 INFO             PET0       MODEL: Run intro {ES}:--- StateLog() start -----------------
20260528 224206.280 INFO             PET0       MODEL: Run intro {ES}:<name: MODEL-ExportState> <intent: ESMF_STATEINTENT_EXPORT> <itemCount:    2>
20260528 224206.280 INFO             PET0       MODEL: Run intro {ES}:+-<item: 0001> <itemType: Field> <itemName: pmsl>
20260528 224206.280 INFO             PET0       MODEL: Run intro {ES}:!--- FieldLog() start -----------------
20260528 224206.280 INFO             PET0       MODEL: Run intro {ES}:! <name: pmsl> <fieldStatus: ESMF_FIELDSTATUS_COMPLETE>
20260528 224206.280 INFO             PET0       MODEL: Run intro {ES}:! 0x16b570e18 => 0x108205880 => 0x108205a90
20260528 224206.280 INFO             PET0       MODEL: Run intro {ES}:! <typekind: Real*8> <rank:    2> <dimCount:    2>
20260528 224206.280 INFO             PET0       MODEL: Run intro {ES}:! ! --- Array::log() start -----------------------------------
20260528 224206.280 INFO             PET0       MODEL: Run intro {ES}:! ! 0x13a80d000
20260528 224206.280 INFO             PET0       MODEL: Run intro {ES}:! ! <name: pmsl>
20260528 224206.280 INFO             PET0       MODEL: Run intro {ES}:! ! ! --- DistGrid::log() start --------------------------------
20260528 224206.280 INFO             PET0       MODEL: Run intro {ES}:! ! ! 0x13a80a800
20260528 224206.280 INFO             PET0       MODEL: Run intro {ES}:! ! ! DistGrid object is valid!<name: DG-Grid004-sloc:0>
20260528 224206.280 INFO             PET0       MODEL: Run intro {ES}:! ! ! --- DistGrid::log() end ----------------------------------
20260528 224206.280 INFO             PET0       MODEL: Run intro {ES}:! ! --- Array::log() end -------------------------------------
20260528 224206.280 INFO             PET0       MODEL: Run intro {ES}:!--- FieldLog() end -------------------
20260528 224206.280 INFO             PET0       MODEL: Run intro {ES}:+-<item: 0002> <itemType: Field> <itemName: rsns>
20260528 224206.280 INFO             PET0       MODEL: Run intro {ES}:!--- FieldLog() start -----------------
20260528 224206.280 INFO             PET0       MODEL: Run intro {ES}:! <name: rsns> <fieldStatus: ESMF_FIELDSTATUS_COMPLETE>
20260528 224206.280 INFO             PET0       MODEL: Run intro {ES}:! 0x16b570e18 => 0x108206120 => 0x108206330
20260528 224206.280 INFO             PET0       MODEL: Run intro {ES}:! <typekind: Real*8> <rank:    2> <dimCount:    2>
20260528 224206.280 INFO             PET0       MODEL: Run intro {ES}:! ! --- Array::log() start -----------------------------------
20260528 224206.280 INFO             PET0       MODEL: Run intro {ES}:! ! 0x13a80e600
20260528 224206.280 INFO             PET0       MODEL: Run intro {ES}:! ! <name: rsns>
20260528 224206.280 INFO             PET0       MODEL: Run intro {ES}:! ! ! --- DistGrid::log() start --------------------------------
20260528 224206.280 INFO             PET0       MODEL: Run intro {ES}:! ! ! 0x13a80a800
20260528 224206.280 INFO             PET0       MODEL: Run intro {ES}:! ! ! DistGrid object is valid!<name: DG-Grid004-sloc:0>
20260528 224206.280 INFO             PET0       MODEL: Run intro {ES}:! ! ! --- DistGrid::log() end ----------------------------------
20260528 224206.280 INFO             PET0       MODEL: Run intro {ES}:! ! --- Array::log() end -------------------------------------
20260528 224206.280 INFO             PET0       MODEL: Run intro {ES}:!--- FieldLog() end -------------------
20260528 224206.280 INFO             PET0       MODEL: Run intro {ES}:--- StateLog() end -------------------
20260528 224206.280 INFO             PET0       >>>MODEL: entered Run (phase=RunPhase1) with current time:    0  1  1  0  2  0   0
20260528 224206.280 INFO             PET0       MODEL: time step-loop starting, current time:    0  1  1  0  2  0   0
20260528 224206.280 INFO             PET0       ---->Advancing Model from:    0  1  1  0  2  0   0
20260528 224206.280 INFO             PET0       ---------------------> to:    0  1  1  0  2 30   0
20260528 224206.280 INFO             PET0       MODEL: time step-loop ending,   current time:    0  1  1  0  2 30   0
20260528 224206.280 INFO             PET0       <<<MODEL: leaving Run (phase=RunPhase1) with current time:    0  1  1  0  2 30   0
20260528 224206.280 INFO             PET0       MODEL: Run extro {IS}:--- StateLog() start -----------------
20260528 224206.280 INFO             PET0       MODEL: Run extro {IS}:<name: MODEL-ImportState> <intent: ESMF_STATEINTENT_IMPORT> <itemCount:    0>
20260528 224206.280 INFO             PET0       MODEL: Run extro {IS}:--- StateLog() end -------------------
20260528 224206.280 INFO             PET0       MODEL: Run extro {ES}:--- StateLog() start -----------------
20260528 224206.280 INFO             PET0       MODEL: Run extro {ES}:<name: MODEL-ExportState> <intent: ESMF_STATEINTENT_EXPORT> <itemCount:    2>
20260528 224206.280 INFO             PET0       MODEL: Run extro {ES}:+-<item: 0001> <itemType: Field> <itemName: pmsl>
20260528 224206.280 INFO             PET0       MODEL: Run extro {ES}:!--- FieldLog() start -----------------
20260528 224206.280 INFO             PET0       MODEL: Run extro {ES}:! <name: pmsl> <fieldStatus: ESMF_FIELDSTATUS_COMPLETE>
20260528 224206.280 INFO             PET0       MODEL: Run extro {ES}:! 0x16b571128 => 0x108205880 => 0x108205a90
20260528 224206.280 INFO             PET0       MODEL: Run extro {ES}:! <typekind: Real*8> <rank:    2> <dimCount:    2>
20260528 224206.280 INFO             PET0       MODEL: Run extro {ES}:! ! --- Array::log() start -----------------------------------
20260528 224206.280 INFO             PET0       MODEL: Run extro {ES}:! ! 0x13a80d000
20260528 224206.280 INFO             PET0       MODEL: Run extro {ES}:! ! <name: pmsl>
20260528 224206.280 INFO             PET0       MODEL: Run extro {ES}:! ! ! --- DistGrid::log() start --------------------------------
20260528 224206.280 INFO             PET0       MODEL: Run extro {ES}:! ! ! 0x13a80a800
20260528 224206.280 INFO             PET0       MODEL: Run extro {ES}:! ! ! DistGrid object is valid!<name: DG-Grid004-sloc:0>
20260528 224206.280 INFO             PET0       MODEL: Run extro {ES}:! ! ! --- DistGrid::log() end ----------------------------------
20260528 224206.280 INFO             PET0       MODEL: Run extro {ES}:! ! --- Array::log() end -------------------------------------
20260528 224206.280 INFO             PET0       MODEL: Run extro {ES}:!--- FieldLog() end -------------------
20260528 224206.280 INFO             PET0       MODEL: Run extro {ES}:+-<item: 0002> <itemType: Field> <itemName: rsns>
20260528 224206.280 INFO             PET0       MODEL: Run extro {ES}:!--- FieldLog() start -----------------
20260528 224206.280 INFO             PET0       MODEL: Run extro {ES}:! <name: rsns> <fieldStatus: ESMF_FIELDSTATUS_COMPLETE>
20260528 224206.280 INFO             PET0       MODEL: Run extro {ES}:! 0x16b571128 => 0x108206120 => 0x108206330
20260528 224206.280 INFO             PET0       MODEL: Run extro {ES}:! <typekind: Real*8> <rank:    2> <dimCount:    2>
20260528 224206.280 INFO             PET0       MODEL: Run extro {ES}:! ! --- Array::log() start -----------------------------------
20260528 224206.280 INFO             PET0       MODEL: Run extro {ES}:! ! 0x13a80e600
20260528 224206.280 INFO             PET0       MODEL: Run extro {ES}:! ! <name: rsns>
20260528 224206.280 INFO             PET0       MODEL: Run extro {ES}:! ! ! --- DistGrid::log() start --------------------------------
20260528 224206.280 INFO             PET0       MODEL: Run extro {ES}:! ! ! 0x13a80a800
20260528 224206.280 INFO             PET0       MODEL: Run extro {ES}:! ! ! DistGrid object is valid!<name: DG-Grid004-sloc:0>
20260528 224206.280 INFO             PET0       MODEL: Run extro {ES}:! ! ! --- DistGrid::log() end ----------------------------------
20260528 224206.280 INFO             PET0       MODEL: Run extro {ES}:! ! --- Array::log() end -------------------------------------
20260528 224206.280 INFO             PET0       MODEL: Run extro {ES}:!--- FieldLog() end -------------------
20260528 224206.280 INFO             PET0       MODEL: Run extro {ES}:--- StateLog() end -------------------
20260528 224206.280 INFO             PET0     MODEL: Run extro.
20260528 224206.280 INFO             PET0   driver: end <--------- RunSequence
20260528 224206.280 INFO             PET0   <<<driver: leaving Run (phase=RunPhase1) with current time:    0  1  1  0  2 30   0
20260528 224206.280 INFO             PET0   driver: Run extro {IS}:--- StateLog() start -----------------
20260528 224206.280 INFO             PET0   driver: Run extro {IS}:State object is invalid! Not created or deleted!
20260528 224206.280 INFO             PET0   driver: Run extro {IS}:--- StateLog() end -------------------
20260528 224206.280 INFO             PET0   driver: Run extro {ES}:--- StateLog() start -----------------
20260528 224206.280 INFO             PET0   driver: Run extro {ES}:State object is invalid! Not created or deleted!
20260528 224206.280 INFO             PET0   driver: Run extro {ES}:--- StateLog() end -------------------
20260528 224206.280 INFO             PET0 driver: Run extro.
20260528 224206.280 INFO             PET0 driver: Finalize intro.
20260528 224206.280 INFO             PET0   driver: Finalize intro {IS}:--- StateLog() start -----------------
20260528 224206.280 INFO             PET0   driver: Finalize intro {IS}:State object is invalid! Not created or deleted!
20260528 224206.280 INFO             PET0   driver: Finalize intro {IS}:--- StateLog() end -------------------
20260528 224206.280 INFO             PET0   driver: Finalize intro {ES}:--- StateLog() start -----------------
20260528 224206.280 INFO             PET0   driver: Finalize intro {ES}:State object is invalid! Not created or deleted!
20260528 224206.280 INFO             PET0   driver: Finalize intro {ES}:--- StateLog() end -------------------
20260528 224206.280 INFO             PET0   >>>driver: entered Finalize (phase=FinalizePhase1) with current time:    0  1  1  0  2 30   0
20260528 224206.280 INFO             PET0   Calling Finalize phase 1 for modelComp: MODEL
20260528 224206.280 INFO             PET0   MODEL: Finalize intro.
20260528 224206.280 INFO             PET0     MODEL: Finalize intro {IS}:--- StateLog() start -----------------
20260528 224206.280 INFO             PET0     MODEL: Finalize intro {IS}:<name: MODEL-ImportState> <intent: ESMF_STATEINTENT_IMPORT> <itemCount:    0>
20260528 224206.280 INFO             PET0     MODEL: Finalize intro {IS}:--- StateLog() end -------------------
20260528 224206.280 INFO             PET0     MODEL: Finalize intro {ES}:--- StateLog() start -----------------
20260528 224206.280 INFO             PET0     MODEL: Finalize intro {ES}:<name: MODEL-ExportState> <intent: ESMF_STATEINTENT_EXPORT> <itemCount:    2>
20260528 224206.280 INFO             PET0     MODEL: Finalize intro {ES}:+-<item: 0001> <itemType: Field> <itemName: pmsl>
20260528 224206.280 INFO             PET0     MODEL: Finalize intro {ES}:!--- FieldLog() start -----------------
20260528 224206.280 INFO             PET0     MODEL: Finalize intro {ES}:! <name: pmsl> <fieldStatus: ESMF_FIELDSTATUS_COMPLETE>
20260528 224206.280 INFO             PET0     MODEL: Finalize intro {ES}:! 0x16b571618 => 0x108205880 => 0x108205a90
20260528 224206.280 INFO             PET0     MODEL: Finalize intro {ES}:! <typekind: Real*8> <rank:    2> <dimCount:    2>
20260528 224206.280 INFO             PET0     MODEL: Finalize intro {ES}:! ! --- Array::log() start -----------------------------------
20260528 224206.280 INFO             PET0     MODEL: Finalize intro {ES}:! ! 0x13a80d000
20260528 224206.280 INFO             PET0     MODEL: Finalize intro {ES}:! ! <name: pmsl>
20260528 224206.280 INFO             PET0     MODEL: Finalize intro {ES}:! ! ! --- DistGrid::log() start --------------------------------
20260528 224206.280 INFO             PET0     MODEL: Finalize intro {ES}:! ! ! 0x13a80a800
20260528 224206.280 INFO             PET0     MODEL: Finalize intro {ES}:! ! ! DistGrid object is valid!<name: DG-Grid004-sloc:0>
20260528 224206.280 INFO             PET0     MODEL: Finalize intro {ES}:! ! ! --- DistGrid::log() end ----------------------------------
20260528 224206.280 INFO             PET0     MODEL: Finalize intro {ES}:! ! --- Array::log() end -------------------------------------
20260528 224206.280 INFO             PET0     MODEL: Finalize intro {ES}:!--- FieldLog() end -------------------
20260528 224206.280 INFO             PET0     MODEL: Finalize intro {ES}:+-<item: 0002> <itemType: Field> <itemName: rsns>
20260528 224206.280 INFO             PET0     MODEL: Finalize intro {ES}:!--- FieldLog() start -----------------
20260528 224206.280 INFO             PET0     MODEL: Finalize intro {ES}:! <name: rsns> <fieldStatus: ESMF_FIELDSTATUS_COMPLETE>
20260528 224206.280 INFO             PET0     MODEL: Finalize intro {ES}:! 0x16b571618 => 0x108206120 => 0x108206330
20260528 224206.280 INFO             PET0     MODEL: Finalize intro {ES}:! <typekind: Real*8> <rank:    2> <dimCount:    2>
20260528 224206.280 INFO             PET0     MODEL: Finalize intro {ES}:! ! --- Array::log() start -----------------------------------
20260528 224206.280 INFO             PET0     MODEL: Finalize intro {ES}:! ! 0x13a80e600
20260528 224206.280 INFO             PET0     MODEL: Finalize intro {ES}:! ! <name: rsns>
20260528 224206.280 INFO             PET0     MODEL: Finalize intro {ES}:! ! ! --- DistGrid::log() start --------------------------------
20260528 224206.280 INFO             PET0     MODEL: Finalize intro {ES}:! ! ! 0x13a80a800
20260528 224206.280 INFO             PET0     MODEL: Finalize intro {ES}:! ! ! DistGrid object is valid!<name: DG-Grid004-sloc:0>
20260528 224206.280 INFO             PET0     MODEL: Finalize intro {ES}:! ! ! --- DistGrid::log() end ----------------------------------
20260528 224206.280 INFO             PET0     MODEL: Finalize intro {ES}:! ! --- Array::log() end -------------------------------------
20260528 224206.280 INFO             PET0     MODEL: Finalize intro {ES}:!--- FieldLog() end -------------------
20260528 224206.280 INFO             PET0     MODEL: Finalize intro {ES}:--- StateLog() end -------------------
20260528 224206.280 INFO             PET0     >>>MODEL: entered Finalize (phase=FinalizePhase1) with current time:    0  1  1  0  2 30   0
20260528 224206.280 INFO             PET0     <<<MODEL: leaving Finalize (phase=FinalizePhase1) with current time:    0  1  1  0  2 30   0
20260528 224206.280 INFO             PET0   MODEL: Finalize extro.
20260528 224206.280 INFO             PET0   Delete modelComp: MODEL
20260528 224206.280 INFO             PET0   Delete Import-/Export State for modelComp: MODEL
20260528 224206.280 INFO             PET0   <<<driver: leaving Finalize (phase=FinalizePhase1) with current time:    0  1  1  0  2 30   0
20260528 224206.280 INFO             PET0 driver: Finalize extro.
20260528 224206.280 INFO             PET0 mainApp FINISHED
20260528 224206.280 INFO             PET0  Finalizing ESMF
20260528 224206.164 INFO             PET1 !!!!!!!!!!!!!!!!!!!!!!!!!!!!!!!!!!!!!!!!!!!!!!!!!!!!!!
20260528 224206.171 INFO             PET1 !!! THE ESMF_LOG IS SET TO OUTPUT ALL LOG MESSAGES !!!
20260528 224206.171 INFO             PET1 !!!     THIS MAY CAUSE SLOWDOWN IN PERFORMANCE     !!!
20260528 224206.171 INFO             PET1 !!! FOR PRODUCTION RUNS, USE:                      !!!
20260528 224206.171 INFO             PET1 !!!                   ESMF_LOGKIND_Multi_On_Error  !!!
20260528 224206.171 INFO             PET1 !!!!!!!!!!!!!!!!!!!!!!!!!!!!!!!!!!!!!!!!!!!!!!!!!!!!!!
20260528 224206.171 INFO             PET1 Running with ESMF Version   : develop+gf183dd1f0b
20260528 224206.171 INFO             PET1 ESMF library build date/time: "May 28 2026" "22:13:07"
20260528 224206.171 INFO             PET1 ESMF library build location : /usr/local/esmf/esmf-testing/gfortranclang_14.2.0_17.0.0_mpich_O_develop/esmf
20260528 224206.171 INFO             PET1 ESMF_COMM                   : mpich
20260528 224206.171 INFO             PET1 ESMF_MOAB                   : enabled
20260528 224206.171 INFO             PET1 ESMF_LAPACK                 : enabled
20260528 224206.171 INFO             PET1 ESMF_NETCDF                 : enabled
20260528 224206.171 INFO             PET1 ESMF_PNETCDF                : disabled
20260528 224206.171 INFO             PET1 ESMF_PIO                    : enabled
20260528 224206.171 INFO             PET1 ESMF_YAMLCPP                : enabled
20260528 224206.174 INFO             PET1 mainApp STARTING
20260528 224206.212 INFO             PET1 driver: InitializeGeneric intro.
20260528 224206.212 INFO             PET1   driver: InitializeGeneric intro {IS}:--- StateLog() start -----------------
20260528 224206.212 INFO             PET1   driver: InitializeGeneric intro {IS}:State object is invalid! Not created or deleted!
20260528 224206.212 INFO             PET1   driver: InitializeGeneric intro {IS}:--- StateLog() end -------------------
20260528 224206.212 INFO             PET1   driver: InitializeGeneric intro {ES}:--- StateLog() start -----------------
20260528 224206.212 INFO             PET1   driver: InitializeGeneric intro {ES}:State object is invalid! Not created or deleted!
20260528 224206.212 INFO             PET1   driver: InitializeGeneric intro {ES}:--- StateLog() end -------------------
20260528 224206.213 INFO             PET1   >>>driver: entered Initialize (phase=<none>) without valid internal Clock.
20260528 224206.213 INFO             PET1   driver: InitializeP0 intro.
20260528 224206.213 INFO             PET1     driver: InitializeP0 intro {IS}:--- StateLog() start -----------------
20260528 224206.213 INFO             PET1     driver: InitializeP0 intro {IS}:State object is invalid! Not created or deleted!
20260528 224206.213 INFO             PET1     driver: InitializeP0 intro {IS}:--- StateLog() end -------------------
20260528 224206.213 INFO             PET1     driver: InitializeP0 intro {ES}:--- StateLog() start -----------------
20260528 224206.213 INFO             PET1     driver: InitializeP0 intro {ES}:State object is invalid! Not created or deleted!
20260528 224206.213 INFO             PET1     driver: InitializeP0 intro {ES}:--- StateLog() end -------------------
20260528 224206.213 INFO             PET1     >>>driver: entered Initialize (phase=<none>) without valid internal Clock.
20260528 224206.213 INFO             PET1     <<<driver: leaving Initialize (phase=<none>) without valid internal Clock.
20260528 224206.213 INFO             PET1     driver: InitializeP0 extro {IS}:--- StateLog() start -----------------
20260528 224206.213 INFO             PET1     driver: InitializeP0 extro {IS}:State object is invalid! Not created or deleted!
20260528 224206.213 INFO             PET1     driver: InitializeP0 extro {IS}:--- StateLog() end -------------------
20260528 224206.213 INFO             PET1     driver: InitializeP0 extro {ES}:--- StateLog() start -----------------
20260528 224206.213 INFO             PET1     driver: InitializeP0 extro {ES}:State object is invalid! Not created or deleted!
20260528 224206.213 INFO             PET1     driver: InitializeP0 extro {ES}:--- StateLog() end -------------------
20260528 224206.213 INFO             PET1   driver: InitializeP0 extro.
20260528 224206.213 INFO             PET1   driver: InitializeIPDv02p1 intro.
20260528 224206.213 INFO             PET1     driver: InitializeIPDv02p1 intro {IS}:--- StateLog() start -----------------
20260528 224206.213 INFO             PET1     driver: InitializeIPDv02p1 intro {IS}:State object is invalid! Not created or deleted!
20260528 224206.213 INFO             PET1     driver: InitializeIPDv02p1 intro {IS}:--- StateLog() end -------------------
20260528 224206.213 INFO             PET1     driver: InitializeIPDv02p1 intro {ES}:--- StateLog() start -----------------
20260528 224206.213 INFO             PET1     driver: InitializeIPDv02p1 intro {ES}:State object is invalid! Not created or deleted!
20260528 224206.213 INFO             PET1     driver: InitializeIPDv02p1 intro {ES}:--- StateLog() end -------------------
20260528 224206.213 INFO             PET1     >>>driver: entered Initialize (phase=<none>) without valid internal Clock.
20260528 224206.218 INFO             PET1     driver - Creating model component MODEL without petList.
20260528 224206.218 DEBUG            PET1     Generic SetVM() is executing for: MODEL
20260528 224206.218 DEBUG            PET1     Generic SetVM() is calling ESMF_GridCompSetVMMaxPEs() for: MODEL with:
20260528 224206.218 DEBUG            PET1      -             MaxCount =          2
20260528 224206.218 DEBUG            PET1      -       OpenMpHandling =
20260528 224206.218 DEBUG            PET1      -     OpenMpNumThreads =         -1
20260528 224206.218 DEBUG            PET1      -   ForceChildPthreads =          F
20260528 224206.218 DEBUG            PET1      -  PthreadMinStackSize =         -1
20260528 224206.218 DEBUG            PET1     vmkt_create()#229 Pthread: service=1 (0: actual PET, 1: service thread) - PTHREAD_STACK_MIN: 16384 bytes stack_size: 4194304 bytes
20260528 224206.226 DEBUG            PET1     vmkt_create()#229 Pthread: service=1 (0: actual PET, 1: service thread) - PTHREAD_STACK_MIN: 16384 bytes stack_size: 4194304 bytes
20260528 224206.240 INFO             PET1      GridCompIsPetLocal:  T
20260528 224206.240 INFO             PET1      VmIsCreated:  T
20260528 224206.240 INFO             PET1      MPI_COMM_NULL
20260528 224206.242 INFO             PET1     driver - Creating state: modelComp 1 Import State
20260528 224206.242 INFO             PET1     driver - Creating state: modelComp 1 Export State
20260528 224206.245 INFO             PET1     driver: IInitAdvertise intro.
20260528 224206.245 INFO             PET1       driver: IInitAdvertise intro {IS}:--- StateLog() start -----------------
20260528 224206.245 INFO             PET1       driver: IInitAdvertise intro {IS}:State object is invalid! Not created or deleted!
20260528 224206.245 INFO             PET1       driver: IInitAdvertise intro {IS}:--- StateLog() end -------------------
20260528 224206.245 INFO             PET1       driver: IInitAdvertise intro {ES}:--- StateLog() start -----------------
20260528 224206.245 INFO             PET1       driver: IInitAdvertise intro {ES}:State object is invalid! Not created or deleted!
20260528 224206.245 INFO             PET1       driver: IInitAdvertise intro {ES}:--- StateLog() end -------------------
20260528 224206.245 INFO             PET1       >>>driver: entered Initialize (phase=<none>) with current time:    0  1  1  0  0  0   0
20260528 224206.245 INFO             PET1       <<<driver: leaving Initialize (phase=<none>) with current time:    0  1  1  0  0  0   0
20260528 224206.245 INFO             PET1       driver: IInitAdvertise extro {IS}:--- StateLog() start -----------------
20260528 224206.245 INFO             PET1       driver: IInitAdvertise extro {IS}:State object is invalid! Not created or deleted!
20260528 224206.245 INFO             PET1       driver: IInitAdvertise extro {IS}:--- StateLog() end -------------------
20260528 224206.246 INFO             PET1       driver: IInitAdvertise extro {ES}:--- StateLog() start -----------------
20260528 224206.246 INFO             PET1       driver: IInitAdvertise extro {ES}:State object is invalid! Not created or deleted!
20260528 224206.246 INFO             PET1       driver: IInitAdvertise extro {ES}:--- StateLog() end -------------------
20260528 224206.246 INFO             PET1     driver: IInitAdvertise extro.
20260528 224206.250 INFO             PET1     driver: IInitAdvertiseFinish intro.
20260528 224206.250 INFO             PET1       driver: IInitAdvertiseFinish intro {IS}:--- StateLog() start -----------------
20260528 224206.250 INFO             PET1       driver: IInitAdvertiseFinish intro {IS}:State object is invalid! Not created or deleted!
20260528 224206.250 INFO             PET1       driver: IInitAdvertiseFinish intro {IS}:--- StateLog() end -------------------
20260528 224206.250 INFO             PET1       driver: IInitAdvertiseFinish intro {ES}:--- StateLog() start -----------------
20260528 224206.250 INFO             PET1       driver: IInitAdvertiseFinish intro {ES}:State object is invalid! Not created or deleted!
20260528 224206.250 INFO             PET1       driver: IInitAdvertiseFinish intro {ES}:--- StateLog() end -------------------
20260528 224206.250 INFO             PET1       >>>driver: entered Initialize (phase=<none>) with current time:    0  1  1  0  0  0   0
20260528 224206.250 INFO             PET1       <<<driver: leaving Initialize (phase=<none>) with current time:    0  1  1  0  0  0   0
20260528 224206.250 INFO             PET1       driver: IInitAdvertiseFinish extro {IS}:--- StateLog() start -----------------
20260528 224206.250 INFO             PET1       driver: IInitAdvertiseFinish extro {IS}:State object is invalid! Not created or deleted!
20260528 224206.250 INFO             PET1       driver: IInitAdvertiseFinish extro {IS}:--- StateLog() end -------------------
20260528 224206.250 INFO             PET1       driver: IInitAdvertiseFinish extro {ES}:--- StateLog() start -----------------
20260528 224206.250 INFO             PET1       driver: IInitAdvertiseFinish extro {ES}:State object is invalid! Not created or deleted!
20260528 224206.250 INFO             PET1       driver: IInitAdvertiseFinish extro {ES}:--- StateLog() end -------------------
20260528 224206.250 INFO             PET1     driver: IInitAdvertiseFinish extro.
20260528 224206.250 INFO             PET1     driver: IInitModifyCplLists intro.
20260528 224206.250 INFO             PET1       driver: IInitModifyCplLists intro {IS}:--- StateLog() start -----------------
20260528 224206.250 INFO             PET1       driver: IInitModifyCplLists intro {IS}:State object is invalid! Not created or deleted!
20260528 224206.250 INFO             PET1       driver: IInitModifyCplLists intro {IS}:--- StateLog() end -------------------
20260528 224206.250 INFO             PET1       driver: IInitModifyCplLists intro {ES}:--- StateLog() start -----------------
20260528 224206.250 INFO             PET1       driver: IInitModifyCplLists intro {ES}:State object is invalid! Not created or deleted!
20260528 224206.250 INFO             PET1       driver: IInitModifyCplLists intro {ES}:--- StateLog() end -------------------
20260528 224206.250 INFO             PET1       >>>driver: entered Initialize (phase=<none>) with current time:    0  1  1  0  0  0   0
20260528 224206.250 INFO             PET1       <<<driver: leaving Initialize (phase=<none>) with current time:    0  1  1  0  0  0   0
20260528 224206.250 INFO             PET1       driver: IInitModifyCplLists extro {IS}:--- StateLog() start -----------------
20260528 224206.250 INFO             PET1       driver: IInitModifyCplLists extro {IS}:State object is invalid! Not created or deleted!
20260528 224206.250 INFO             PET1       driver: IInitModifyCplLists extro {IS}:--- StateLog() end -------------------
20260528 224206.250 INFO             PET1       driver: IInitModifyCplLists extro {ES}:--- StateLog() start -----------------
20260528 224206.250 INFO             PET1       driver: IInitModifyCplLists extro {ES}:State object is invalid! Not created or deleted!
20260528 224206.250 INFO             PET1       driver: IInitModifyCplLists extro {ES}:--- StateLog() end -------------------
20260528 224206.250 INFO             PET1     driver: IInitModifyCplLists extro.
20260528 224206.250 INFO             PET1     <<<driver: leaving Initialize (phase=<none>) with current time:    0  1  1  0  0  0   0
20260528 224206.250 INFO             PET1     driver: InitializeIPDv02p1 extro {IS}:--- StateLog() start -----------------
20260528 224206.250 INFO             PET1     driver: InitializeIPDv02p1 extro {IS}:State object is invalid! Not created or deleted!
20260528 224206.250 INFO             PET1     driver: InitializeIPDv02p1 extro {IS}:--- StateLog() end -------------------
20260528 224206.250 INFO             PET1     driver: InitializeIPDv02p1 extro {ES}:--- StateLog() start -----------------
20260528 224206.250 INFO             PET1     driver: InitializeIPDv02p1 extro {ES}:State object is invalid! Not created or deleted!
20260528 224206.250 INFO             PET1     driver: InitializeIPDv02p1 extro {ES}:--- StateLog() end -------------------
20260528 224206.250 INFO             PET1   driver: InitializeIPDv02p1 extro.
20260528 224206.254 INFO             PET1   driver: InitializeIPDv02p3 intro.
20260528 224206.254 INFO             PET1     driver: InitializeIPDv02p3 intro {IS}:--- StateLog() start -----------------
20260528 224206.254 INFO             PET1     driver: InitializeIPDv02p3 intro {IS}:State object is invalid! Not created or deleted!
20260528 224206.254 INFO             PET1     driver: InitializeIPDv02p3 intro {IS}:--- StateLog() end -------------------
20260528 224206.254 INFO             PET1     driver: InitializeIPDv02p3 intro {ES}:--- StateLog() start -----------------
20260528 224206.254 INFO             PET1     driver: InitializeIPDv02p3 intro {ES}:State object is invalid! Not created or deleted!
20260528 224206.254 INFO             PET1     driver: InitializeIPDv02p3 intro {ES}:--- StateLog() end -------------------
20260528 224206.254 INFO             PET1     >>>driver: entered Initialize (phase=<none>) with current time:    0  1  1  0  0  0   0
20260528 224206.254 INFO             PET1     driver: IInitCheck intro.
20260528 224206.254 INFO             PET1       driver: IInitCheck intro {IS}:--- StateLog() start -----------------
20260528 224206.254 INFO             PET1       driver: IInitCheck intro {IS}:State object is invalid! Not created or deleted!
20260528 224206.254 INFO             PET1       driver: IInitCheck intro {IS}:--- StateLog() end -------------------
20260528 224206.254 INFO             PET1       driver: IInitCheck intro {ES}:--- StateLog() start -----------------
20260528 224206.254 INFO             PET1       driver: IInitCheck intro {ES}:State object is invalid! Not created or deleted!
20260528 224206.254 INFO             PET1       driver: IInitCheck intro {ES}:--- StateLog() end -------------------
20260528 224206.254 INFO             PET1       >>>driver: entered Initialize (phase=<none>) with current time:    0  1  1  0  0  0   0
20260528 224206.254 INFO             PET1       <<<driver: leaving Initialize (phase=<none>) with current time:    0  1  1  0  0  0   0
20260528 224206.254 INFO             PET1       driver: IInitCheck extro {IS}:--- StateLog() start -----------------
20260528 224206.254 INFO             PET1       driver: IInitCheck extro {IS}:State object is invalid! Not created or deleted!
20260528 224206.254 INFO             PET1       driver: IInitCheck extro {IS}:--- StateLog() end -------------------
20260528 224206.254 INFO             PET1       driver: IInitCheck extro {ES}:--- StateLog() start -----------------
20260528 224206.254 INFO             PET1       driver: IInitCheck extro {ES}:State object is invalid! Not created or deleted!
20260528 224206.254 INFO             PET1       driver: IInitCheck extro {ES}:--- StateLog() end -------------------
20260528 224206.254 INFO             PET1     driver: IInitCheck extro.
20260528 224206.262 INFO             PET1     driver: IInitRealize intro.
20260528 224206.262 INFO             PET1       driver: IInitRealize intro {IS}:--- StateLog() start -----------------
20260528 224206.262 INFO             PET1       driver: IInitRealize intro {IS}:State object is invalid! Not created or deleted!
20260528 224206.262 INFO             PET1       driver: IInitRealize intro {IS}:--- StateLog() end -------------------
20260528 224206.262 INFO             PET1       driver: IInitRealize intro {ES}:--- StateLog() start -----------------
20260528 224206.262 INFO             PET1       driver: IInitRealize intro {ES}:State object is invalid! Not created or deleted!
20260528 224206.262 INFO             PET1       driver: IInitRealize intro {ES}:--- StateLog() end -------------------
20260528 224206.263 INFO             PET1       >>>driver: entered Initialize (phase=<none>) with current time:    0  1  1  0  0  0   0
20260528 224206.263 INFO             PET1       <<<driver: leaving Initialize (phase=<none>) with current time:    0  1  1  0  0  0   0
20260528 224206.263 INFO             PET1       driver: IInitRealize extro {IS}:--- StateLog() start -----------------
20260528 224206.263 INFO             PET1       driver: IInitRealize extro {IS}:State object is invalid! Not created or deleted!
20260528 224206.263 INFO             PET1       driver: IInitRealize extro {IS}:--- StateLog() end -------------------
20260528 224206.263 INFO             PET1       driver: IInitRealize extro {ES}:--- StateLog() start -----------------
20260528 224206.263 INFO             PET1       driver: IInitRealize extro {ES}:State object is invalid! Not created or deleted!
20260528 224206.263 INFO             PET1       driver: IInitRealize extro {ES}:--- StateLog() end -------------------
20260528 224206.263 INFO             PET1     driver: IInitRealize extro.
20260528 224206.264 INFO             PET1     <<<driver: leaving Initialize (phase=<none>) with current time:    0  1  1  0  0  0   0
20260528 224206.264 INFO             PET1     driver: InitializeIPDv02p3 extro {IS}:--- StateLog() start -----------------
20260528 224206.264 INFO             PET1     driver: InitializeIPDv02p3 extro {IS}:State object is invalid! Not created or deleted!
20260528 224206.264 INFO             PET1     driver: InitializeIPDv02p3 extro {IS}:--- StateLog() end -------------------
20260528 224206.264 INFO             PET1     driver: InitializeIPDv02p3 extro {ES}:--- StateLog() start -----------------
20260528 224206.264 INFO             PET1     driver: InitializeIPDv02p3 extro {ES}:State object is invalid! Not created or deleted!
20260528 224206.264 INFO             PET1     driver: InitializeIPDv02p3 extro {ES}:--- StateLog() end -------------------
20260528 224206.264 INFO             PET1   driver: InitializeIPDv02p3 extro.
20260528 224206.264 INFO             PET1   driver: InitializeIPDv02p5 intro.
20260528 224206.264 INFO             PET1     driver: InitializeIPDv02p5 intro {IS}:--- StateLog() start -----------------
20260528 224206.264 INFO             PET1     driver: InitializeIPDv02p5 intro {IS}:State object is invalid! Not created or deleted!
20260528 224206.264 INFO             PET1     driver: InitializeIPDv02p5 intro {IS}:--- StateLog() end -------------------
20260528 224206.264 INFO             PET1     driver: InitializeIPDv02p5 intro {ES}:--- StateLog() start -----------------
20260528 224206.264 INFO             PET1     driver: InitializeIPDv02p5 intro {ES}:State object is invalid! Not created or deleted!
20260528 224206.264 INFO             PET1     driver: InitializeIPDv02p5 intro {ES}:--- StateLog() end -------------------
20260528 224206.264 INFO             PET1     >>>driver: entered Initialize (phase=<none>) with current time:    0  1  1  0  0  0   0
20260528 224206.264 INFO             PET1     driver: this is a top level driver, no 'Updated' and 'InitializeDataComplete' info on this level.
20260528 224206.264 INFO             PET1     driver: InitializeIPDv02p5Data intro.
20260528 224206.264 INFO             PET1       driver: InitializeIPDv02p5Data intro {IS}:--- StateLog() start -----------------
20260528 224206.264 INFO             PET1       driver: InitializeIPDv02p5Data intro {IS}:State object is invalid! Not created or deleted!
20260528 224206.264 INFO             PET1       driver: InitializeIPDv02p5Data intro {IS}:--- StateLog() end -------------------
20260528 224206.264 INFO             PET1       driver: InitializeIPDv02p5Data intro {ES}:--- StateLog() start -----------------
20260528 224206.264 INFO             PET1       driver: InitializeIPDv02p5Data intro {ES}:State object is invalid! Not created or deleted!
20260528 224206.264 INFO             PET1       driver: InitializeIPDv02p5Data intro {ES}:--- StateLog() end -------------------
20260528 224206.264 INFO             PET1       >>>driver: entered Initialize (phase=<none>) with current time:    0  1  1  0  0  0   0
20260528 224206.264 INFO             PET1       driver: InternalInitializeComplete intro.
20260528 224206.264 INFO             PET1         driver: InternalInitializeComplete intro {IS}:--- StateLog() start -----------------
20260528 224206.264 INFO             PET1         driver: InternalInitializeComplete intro {IS}:State object is invalid! Not created or deleted!
20260528 224206.264 INFO             PET1         driver: InternalInitializeComplete intro {IS}:--- StateLog() end -------------------
20260528 224206.264 INFO             PET1         driver: InternalInitializeComplete intro {ES}:--- StateLog() start -----------------
20260528 224206.264 INFO             PET1         driver: InternalInitializeComplete intro {ES}:State object is invalid! Not created or deleted!
20260528 224206.264 INFO             PET1         driver: InternalInitializeComplete intro {ES}:--- StateLog() end -------------------
20260528 224206.264 INFO             PET1         >>>driver: entered Initialize (phase=<none>) with current time:    0  1  1  0  0  0   0
20260528 224206.264 INFO             PET1         driver: InitializeDataComplete='true'
20260528 224206.264 INFO             PET1         <<<driver: leaving Initialize (phase=<none>) with current time:    0  1  1  0  0  0   0
20260528 224206.264 INFO             PET1         driver: InternalInitializeComplete extro {IS}:--- StateLog() start -----------------
20260528 224206.264 INFO             PET1         driver: InternalInitializeComplete extro {IS}:State object is invalid! Not created or deleted!
20260528 224206.264 INFO             PET1         driver: InternalInitializeComplete extro {IS}:--- StateLog() end -------------------
20260528 224206.264 INFO             PET1         driver: InternalInitializeComplete extro {ES}:--- StateLog() start -----------------
20260528 224206.264 INFO             PET1         driver: InternalInitializeComplete extro {ES}:State object is invalid! Not created or deleted!
20260528 224206.264 INFO             PET1         driver: InternalInitializeComplete extro {ES}:--- StateLog() end -------------------
20260528 224206.264 INFO             PET1       driver: InternalInitializeComplete extro.
20260528 224206.266 INFO             PET1       driver: components present that trigger loopDataDependentInitialize().
20260528 224206.266 INFO             PET1       driver: loopDataDependentInitialize intro.
20260528 224206.266 INFO             PET1         driver: loopDataDependentInitialize intro {IS}:--- StateLog() start -----------------
20260528 224206.266 INFO             PET1         driver: loopDataDependentInitialize intro {IS}:State object is invalid! Not created or deleted!
20260528 224206.266 INFO             PET1         driver: loopDataDependentInitialize intro {IS}:--- StateLog() end -------------------
20260528 224206.266 INFO             PET1         driver: loopDataDependentInitialize intro {ES}:--- StateLog() start -----------------
20260528 224206.266 INFO             PET1         driver: loopDataDependentInitialize intro {ES}:State object is invalid! Not created or deleted!
20260528 224206.266 INFO             PET1         driver: loopDataDependentInitialize intro {ES}:--- StateLog() end -------------------
20260528 224206.266 INFO             PET1         >>>driver: entered Initialize (phase=<none>) with current time:    0  1  1  0  0  0   0
20260528 224206.266 INFO             PET1         driver: component    0=driver, dataComplete (local): true
20260528 224206.266 INFO             PET1         driver: component    0=driver, dataComplete (global):  T
20260528 224206.266 INFO             PET1         driver: component    1=MODEL, dataComplete (local): false
20260528 224206.266 INFO             PET1         driver: component    1=MODEL, dataComplete (global):  F
20260528 224206.267 INFO             PET1         driver: component    1=MODEL, someProgress (local): true
20260528 224206.275 INFO             PET1         driver: component    1=MODEL, someProgress (global):  T
20260528 224206.275 INFO             PET1         driver: someProgress= T, allComplete= F, present(dataDepAllComplete)= T
20260528 224206.275 INFO             PET1         driver: component    0=driver, dataComplete (local): true
20260528 224206.275 INFO             PET1         driver: component    0=driver, dataComplete (global):  T
20260528 224206.275 INFO             PET1         driver: component    1=MODEL, dataComplete (local): true
20260528 224206.275 INFO             PET1         driver: component    1=MODEL, dataComplete (global):  T
20260528 224206.275 INFO             PET1         driver: someProgress= F, allComplete= T, present(dataDepAllComplete)= T
20260528 224206.275 INFO             PET1         driver: finished resolving initialize data dependencies on this level.
20260528 224206.275 INFO             PET1         <<<driver: leaving Initialize (phase=<none>) with current time:    0  1  1  0  0  0   0
20260528 224206.275 INFO             PET1         driver: loopDataDependentInitialize extro {IS}:--- StateLog() start -----------------
20260528 224206.275 INFO             PET1         driver: loopDataDependentInitialize extro {IS}:State object is invalid! Not created or deleted!
20260528 224206.275 INFO             PET1         driver: loopDataDependentInitialize extro {IS}:--- StateLog() end -------------------
20260528 224206.275 INFO             PET1         driver: loopDataDependentInitialize extro {ES}:--- StateLog() start -----------------
20260528 224206.275 INFO             PET1         driver: loopDataDependentInitialize extro {ES}:State object is invalid! Not created or deleted!
20260528 224206.275 INFO             PET1         driver: loopDataDependentInitialize extro {ES}:--- StateLog() end -------------------
20260528 224206.275 INFO             PET1       driver: loopDataDependentInitialize extro.
20260528 224206.275 INFO             PET1       driver: loopDataDependentInitialize() returned with dataDepAllComplete:  T
20260528 224206.275 INFO             PET1       <<<driver: leaving Initialize (phase=<none>) with current time:    0  1  1  0  0  0   0
20260528 224206.275 INFO             PET1       driver: InitializeIPDv02p5Data extro {IS}:--- StateLog() start -----------------
20260528 224206.275 INFO             PET1       driver: InitializeIPDv02p5Data extro {IS}:State object is invalid! Not created or deleted!
20260528 224206.275 INFO             PET1       driver: InitializeIPDv02p5Data extro {IS}:--- StateLog() end -------------------
20260528 224206.275 INFO             PET1       driver: InitializeIPDv02p5Data extro {ES}:--- StateLog() start -----------------
20260528 224206.275 INFO             PET1       driver: InitializeIPDv02p5Data extro {ES}:State object is invalid! Not created or deleted!
20260528 224206.275 INFO             PET1       driver: InitializeIPDv02p5Data extro {ES}:--- StateLog() end -------------------
20260528 224206.275 INFO             PET1     driver: InitializeIPDv02p5Data extro.
20260528 224206.275 INFO             PET1     <<<driver: leaving Initialize (phase=<none>) with current time:    0  1  1  0  0  0   0
20260528 224206.275 INFO             PET1     driver: InitializeIPDv02p5 extro {IS}:--- StateLog() start -----------------
20260528 224206.275 INFO             PET1     driver: InitializeIPDv02p5 extro {IS}:State object is invalid! Not created or deleted!
20260528 224206.275 INFO             PET1     driver: InitializeIPDv02p5 extro {IS}:--- StateLog() end -------------------
20260528 224206.275 INFO             PET1     driver: InitializeIPDv02p5 extro {ES}:--- StateLog() start -----------------
20260528 224206.275 INFO             PET1     driver: InitializeIPDv02p5 extro {ES}:State object is invalid! Not created or deleted!
20260528 224206.275 INFO             PET1     driver: InitializeIPDv02p5 extro {ES}:--- StateLog() end -------------------
20260528 224206.275 INFO             PET1   driver: InitializeIPDv02p5 extro.
20260528 224206.275 INFO             PET1   <<<driver: leaving Initialize (phase=<none>) with current time:    0  1  1  0  0  0   0
20260528 224206.275 INFO             PET1   driver: InitializeGeneric extro {IS}:--- StateLog() start -----------------
20260528 224206.275 INFO             PET1   driver: InitializeGeneric extro {IS}:State object is invalid! Not created or deleted!
20260528 224206.275 INFO             PET1   driver: InitializeGeneric extro {IS}:--- StateLog() end -------------------
20260528 224206.275 INFO             PET1   driver: InitializeGeneric extro {ES}:--- StateLog() start -----------------
20260528 224206.275 INFO             PET1   driver: InitializeGeneric extro {ES}:State object is invalid! Not created or deleted!
20260528 224206.275 INFO             PET1   driver: InitializeGeneric extro {ES}:--- StateLog() end -------------------
20260528 224206.275 INFO             PET1 driver: InitializeGeneric extro.
20260528 224206.275 INFO             PET1 driver: Run intro.
20260528 224206.275 INFO             PET1   driver: Run intro {IS}:--- StateLog() start -----------------
20260528 224206.275 INFO             PET1   driver: Run intro {IS}:State object is invalid! Not created or deleted!
20260528 224206.275 INFO             PET1   driver: Run intro {IS}:--- StateLog() end -------------------
20260528 224206.275 INFO             PET1   driver: Run intro {ES}:--- StateLog() start -----------------
20260528 224206.275 INFO             PET1   driver: Run intro {ES}:State object is invalid! Not created or deleted!
20260528 224206.275 INFO             PET1   driver: Run intro {ES}:--- StateLog() end -------------------
20260528 224206.275 INFO             PET1   >>>driver: entered Run (phase=RunPhase1) with current time:    0  1  1  0  0  0   0
20260528 224206.275 INFO             PET1   driver: after lable_SetRunClock, current time:    0  1  1  0  0  0   0
20260528 224206.275 INFO             PET1   driver: begin -------> RunSequence.
20260528 224206.275 INFO             PET1     driver: RunSequence event loopLevel=   1  levelMember=   1  loopIteration=   1, current time:    0  1  1  0  0  0   0
20260528 224206.278 INFO             PET1     driver: RunSequence event loopLevel=   1  levelMember=   1  loopIteration=   2, current time:    0  1  1  0  0 30   0
20260528 224206.278 INFO             PET1     driver: RunSequence event loopLevel=   1  levelMember=   1  loopIteration=   3, current time:    0  1  1  0  1  0   0
20260528 224206.279 INFO             PET1     driver: RunSequence event loopLevel=   1  levelMember=   1  loopIteration=   4, current time:    0  1  1  0  1 30   0
20260528 224206.280 INFO             PET1     driver: RunSequence event loopLevel=   1  levelMember=   1  loopIteration=   5, current time:    0  1  1  0  2  0   0
20260528 224206.280 INFO             PET1   driver: end <--------- RunSequence
20260528 224206.280 INFO             PET1   <<<driver: leaving Run (phase=RunPhase1) with current time:    0  1  1  0  2 30   0
20260528 224206.280 INFO             PET1   driver: Run extro {IS}:--- StateLog() start -----------------
20260528 224206.280 INFO             PET1   driver: Run extro {IS}:State object is invalid! Not created or deleted!
20260528 224206.280 INFO             PET1   driver: Run extro {IS}:--- StateLog() end -------------------
20260528 224206.280 INFO             PET1   driver: Run extro {ES}:--- StateLog() start -----------------
20260528 224206.280 INFO             PET1   driver: Run extro {ES}:State object is invalid! Not created or deleted!
20260528 224206.280 INFO             PET1   driver: Run extro {ES}:--- StateLog() end -------------------
20260528 224206.280 INFO             PET1 driver: Run extro.
20260528 224206.280 INFO             PET1 driver: Finalize intro.
20260528 224206.280 INFO             PET1   driver: Finalize intro {IS}:--- StateLog() start -----------------
20260528 224206.280 INFO             PET1   driver: Finalize intro {IS}:State object is invalid! Not created or deleted!
20260528 224206.280 INFO             PET1   driver: Finalize intro {IS}:--- StateLog() end -------------------
20260528 224206.280 INFO             PET1   driver: Finalize intro {ES}:--- StateLog() start -----------------
20260528 224206.280 INFO             PET1   driver: Finalize intro {ES}:State object is invalid! Not created or deleted!
20260528 224206.280 INFO             PET1   driver: Finalize intro {ES}:--- StateLog() end -------------------
20260528 224206.280 INFO             PET1   >>>driver: entered Finalize (phase=FinalizePhase1) with current time:    0  1  1  0  2 30   0
20260528 224206.280 INFO             PET1   Calling Finalize phase 1 for modelComp: MODEL
20260528 224206.280 INFO             PET1   Delete modelComp: MODEL
20260528 224206.281 INFO             PET1   Delete Import-/Export State for modelComp: MODEL
20260528 224206.281 INFO             PET1   <<<driver: leaving Finalize (phase=FinalizePhase1) with current time:    0  1  1  0  2 30   0
20260528 224206.281 INFO             PET1 driver: Finalize extro.
20260528 224206.281 INFO             PET1 mainApp FINISHED
20260528 224206.281 INFO             PET1  Finalizing ESMF
20260528 224206.162 INFO             PET2 !!!!!!!!!!!!!!!!!!!!!!!!!!!!!!!!!!!!!!!!!!!!!!!!!!!!!!
20260528 224206.170 INFO             PET2 !!! THE ESMF_LOG IS SET TO OUTPUT ALL LOG MESSAGES !!!
20260528 224206.170 INFO             PET2 !!!     THIS MAY CAUSE SLOWDOWN IN PERFORMANCE     !!!
20260528 224206.170 INFO             PET2 !!! FOR PRODUCTION RUNS, USE:                      !!!
20260528 224206.170 INFO             PET2 !!!                   ESMF_LOGKIND_Multi_On_Error  !!!
20260528 224206.170 INFO             PET2 !!!!!!!!!!!!!!!!!!!!!!!!!!!!!!!!!!!!!!!!!!!!!!!!!!!!!!
20260528 224206.170 INFO             PET2 Running with ESMF Version   : develop+gf183dd1f0b
20260528 224206.170 INFO             PET2 ESMF library build date/time: "May 28 2026" "22:13:07"
20260528 224206.170 INFO             PET2 ESMF library build location : /usr/local/esmf/esmf-testing/gfortranclang_14.2.0_17.0.0_mpich_O_develop/esmf
20260528 224206.170 INFO             PET2 ESMF_COMM                   : mpich
20260528 224206.170 INFO             PET2 ESMF_MOAB                   : enabled
20260528 224206.170 INFO             PET2 ESMF_LAPACK                 : enabled
20260528 224206.170 INFO             PET2 ESMF_NETCDF                 : enabled
20260528 224206.170 INFO             PET2 ESMF_PNETCDF                : disabled
20260528 224206.170 INFO             PET2 ESMF_PIO                    : enabled
20260528 224206.170 INFO             PET2 ESMF_YAMLCPP                : enabled
20260528 224206.174 INFO             PET2 mainApp STARTING
20260528 224206.211 INFO             PET2 driver: InitializeGeneric intro.
20260528 224206.211 INFO             PET2   driver: InitializeGeneric intro {IS}:--- StateLog() start -----------------
20260528 224206.211 INFO             PET2   driver: InitializeGeneric intro {IS}:State object is invalid! Not created or deleted!
20260528 224206.211 INFO             PET2   driver: InitializeGeneric intro {IS}:--- StateLog() end -------------------
20260528 224206.211 INFO             PET2   driver: InitializeGeneric intro {ES}:--- StateLog() start -----------------
20260528 224206.211 INFO             PET2   driver: InitializeGeneric intro {ES}:State object is invalid! Not created or deleted!
20260528 224206.211 INFO             PET2   driver: InitializeGeneric intro {ES}:--- StateLog() end -------------------
20260528 224206.211 INFO             PET2   >>>driver: entered Initialize (phase=<none>) without valid internal Clock.
20260528 224206.211 INFO             PET2   driver: InitializeP0 intro.
20260528 224206.211 INFO             PET2     driver: InitializeP0 intro {IS}:--- StateLog() start -----------------
20260528 224206.211 INFO             PET2     driver: InitializeP0 intro {IS}:State object is invalid! Not created or deleted!
20260528 224206.211 INFO             PET2     driver: InitializeP0 intro {IS}:--- StateLog() end -------------------
20260528 224206.211 INFO             PET2     driver: InitializeP0 intro {ES}:--- StateLog() start -----------------
20260528 224206.211 INFO             PET2     driver: InitializeP0 intro {ES}:State object is invalid! Not created or deleted!
20260528 224206.211 INFO             PET2     driver: InitializeP0 intro {ES}:--- StateLog() end -------------------
20260528 224206.211 INFO             PET2     >>>driver: entered Initialize (phase=<none>) without valid internal Clock.
20260528 224206.211 INFO             PET2     <<<driver: leaving Initialize (phase=<none>) without valid internal Clock.
20260528 224206.211 INFO             PET2     driver: InitializeP0 extro {IS}:--- StateLog() start -----------------
20260528 224206.211 INFO             PET2     driver: InitializeP0 extro {IS}:State object is invalid! Not created or deleted!
20260528 224206.211 INFO             PET2     driver: InitializeP0 extro {IS}:--- StateLog() end -------------------
20260528 224206.211 INFO             PET2     driver: InitializeP0 extro {ES}:--- StateLog() start -----------------
20260528 224206.211 INFO             PET2     driver: InitializeP0 extro {ES}:State object is invalid! Not created or deleted!
20260528 224206.211 INFO             PET2     driver: InitializeP0 extro {ES}:--- StateLog() end -------------------
20260528 224206.211 INFO             PET2   driver: InitializeP0 extro.
20260528 224206.211 INFO             PET2   driver: InitializeIPDv02p1 intro.
20260528 224206.211 INFO             PET2     driver: InitializeIPDv02p1 intro {IS}:--- StateLog() start -----------------
20260528 224206.211 INFO             PET2     driver: InitializeIPDv02p1 intro {IS}:State object is invalid! Not created or deleted!
20260528 224206.211 INFO             PET2     driver: InitializeIPDv02p1 intro {IS}:--- StateLog() end -------------------
20260528 224206.211 INFO             PET2     driver: InitializeIPDv02p1 intro {ES}:--- StateLog() start -----------------
20260528 224206.211 INFO             PET2     driver: InitializeIPDv02p1 intro {ES}:State object is invalid! Not created or deleted!
20260528 224206.211 INFO             PET2     driver: InitializeIPDv02p1 intro {ES}:--- StateLog() end -------------------
20260528 224206.211 INFO             PET2     >>>driver: entered Initialize (phase=<none>) without valid internal Clock.
20260528 224206.218 INFO             PET2     driver - Creating model component MODEL without petList.
20260528 224206.218 DEBUG            PET2     Generic SetVM() is executing for: MODEL
20260528 224206.218 DEBUG            PET2     Generic SetVM() is calling ESMF_GridCompSetVMMaxPEs() for: MODEL with:
20260528 224206.218 DEBUG            PET2      -             MaxCount =          2
20260528 224206.218 DEBUG            PET2      -       OpenMpHandling =
20260528 224206.218 DEBUG            PET2      -     OpenMpNumThreads =         -1
20260528 224206.218 DEBUG            PET2      -   ForceChildPthreads =          F
20260528 224206.218 DEBUG            PET2      -  PthreadMinStackSize =         -1
20260528 224206.239 INFO             PET2      GridCompIsPetLocal:  T
20260528 224206.239 INFO             PET2      VmIsCreated:  T
20260528 224206.239 INFO             PET2      valid MPI_COMM with size=           2
20260528 224206.239 INFO             PET2     driver - Creating state: modelComp 1 Import State
20260528 224206.239 INFO             PET2     driver - Creating state: modelComp 1 Export State
20260528 224206.240 INFO             PET2     MODEL: InitializeP0 intro.
20260528 224206.240 INFO             PET2       MODEL: InitializeP0 intro {IS}:--- StateLog() start -----------------
20260528 224206.240 INFO             PET2       MODEL: InitializeP0 intro {IS}:<name: MODEL-ImportState> <intent: ESMF_STATEINTENT_IMPORT> <itemCount:    0>
20260528 224206.240 INFO             PET2       MODEL: InitializeP0 intro {IS}:--- StateLog() end -------------------
20260528 224206.240 INFO             PET2       MODEL: InitializeP0 intro {ES}:--- StateLog() start -----------------
20260528 224206.240 INFO             PET2       MODEL: InitializeP0 intro {ES}:<name: MODEL-ExportState> <intent: ESMF_STATEINTENT_EXPORT> <itemCount:    0>
20260528 224206.240 INFO             PET2       MODEL: InitializeP0 intro {ES}:--- StateLog() end -------------------
20260528 224206.240 INFO             PET2       >>>MODEL: entered Initialize (phase=<none>) without valid internal Clock.
20260528 224206.240 INFO             PET2       <<<MODEL: leaving Initialize (phase=<none>) without valid internal Clock.
20260528 224206.240 INFO             PET2       MODEL: InitializeP0 extro {IS}:--- StateLog() start -----------------
20260528 224206.240 INFO             PET2       MODEL: InitializeP0 extro {IS}:<name: MODEL-ImportState> <intent: ESMF_STATEINTENT_IMPORT> <itemCount:    0>
20260528 224206.240 INFO             PET2       MODEL: InitializeP0 extro {IS}:--- StateLog() end -------------------
20260528 224206.240 INFO             PET2       MODEL: InitializeP0 extro {ES}:--- StateLog() start -----------------
20260528 224206.240 INFO             PET2       MODEL: InitializeP0 extro {ES}:<name: MODEL-ExportState> <intent: ESMF_STATEINTENT_EXPORT> <itemCount:    0>
20260528 224206.240 INFO             PET2       MODEL: InitializeP0 extro {ES}:--- StateLog() end -------------------
20260528 224206.240 INFO             PET2     MODEL: InitializeP0 extro.
20260528 224206.245 INFO             PET2     driver: IInitAdvertise intro.
20260528 224206.245 INFO             PET2       driver: IInitAdvertise intro {IS}:--- StateLog() start -----------------
20260528 224206.245 INFO             PET2       driver: IInitAdvertise intro {IS}:State object is invalid! Not created or deleted!
20260528 224206.245 INFO             PET2       driver: IInitAdvertise intro {IS}:--- StateLog() end -------------------
20260528 224206.245 INFO             PET2       driver: IInitAdvertise intro {ES}:--- StateLog() start -----------------
20260528 224206.245 INFO             PET2       driver: IInitAdvertise intro {ES}:State object is invalid! Not created or deleted!
20260528 224206.245 INFO             PET2       driver: IInitAdvertise intro {ES}:--- StateLog() end -------------------
20260528 224206.245 INFO             PET2       >>>driver: entered Initialize (phase=<none>) with current time:    0  1  1  0  0  0   0
20260528 224206.245 INFO             PET2       <<<driver: leaving Initialize (phase=<none>) with current time:    0  1  1  0  0  0   0
20260528 224206.245 INFO             PET2       driver: IInitAdvertise extro {IS}:--- StateLog() start -----------------
20260528 224206.245 INFO             PET2       driver: IInitAdvertise extro {IS}:State object is invalid! Not created or deleted!
20260528 224206.245 INFO             PET2       driver: IInitAdvertise extro {IS}:--- StateLog() end -------------------
20260528 224206.245 INFO             PET2       driver: IInitAdvertise extro {ES}:--- StateLog() start -----------------
20260528 224206.245 INFO             PET2       driver: IInitAdvertise extro {ES}:State object is invalid! Not created or deleted!
20260528 224206.245 INFO             PET2       driver: IInitAdvertise extro {ES}:--- StateLog() end -------------------
20260528 224206.245 INFO             PET2     driver: IInitAdvertise extro.
20260528 224206.246 INFO             PET2     MODEL: InitializeIPDvXp01 intro.
20260528 224206.246 INFO             PET2       MODEL: InitializeIPDvXp01 intro {IS}:--- StateLog() start -----------------
20260528 224206.246 INFO             PET2       MODEL: InitializeIPDvXp01 intro {IS}:<name: MODEL-ImportState> <intent: ESMF_STATEINTENT_IMPORT> <itemCount:    0>
20260528 224206.246 INFO             PET2       MODEL: InitializeIPDvXp01 intro {IS}:--- StateLog() end -------------------
20260528 224206.246 INFO             PET2       MODEL: InitializeIPDvXp01 intro {ES}:--- StateLog() start -----------------
20260528 224206.246 INFO             PET2       MODEL: InitializeIPDvXp01 intro {ES}:<name: MODEL-ExportState> <intent: ESMF_STATEINTENT_EXPORT> <itemCount:    0>
20260528 224206.246 INFO             PET2       MODEL: InitializeIPDvXp01 intro {ES}:--- StateLog() end -------------------
20260528 224206.246 INFO             PET2       >>>MODEL: entered Initialize (phase=IPDvXp01) without valid internal Clock.
20260528 224206.250 INFO             PET2       <<<MODEL: leaving Initialize (phase=IPDvXp01) without valid internal Clock.
20260528 224206.250 INFO             PET2       MODEL: InitializeIPDvXp01 extro {IS}:--- StateLog() start -----------------
20260528 224206.250 INFO             PET2       MODEL: InitializeIPDvXp01 extro {IS}:<name: MODEL-ImportState> <intent: ESMF_STATEINTENT_IMPORT> <itemCount:    0>
20260528 224206.250 INFO             PET2       MODEL: InitializeIPDvXp01 extro {IS}:--- StateLog() end -------------------
20260528 224206.250 INFO             PET2       MODEL: InitializeIPDvXp01 extro {ES}:--- StateLog() start -----------------
20260528 224206.250 INFO             PET2       MODEL: InitializeIPDvXp01 extro {ES}:<name: MODEL-ExportState> <intent: ESMF_STATEINTENT_EXPORT> <itemCount:    2>
20260528 224206.250 INFO             PET2       MODEL: InitializeIPDvXp01 extro {ES}:+-<item: 0001> <itemType: Field> <itemName: pmsl>
20260528 224206.250 INFO             PET2       MODEL: InitializeIPDvXp01 extro {ES}:!--- FieldLog() start -----------------
20260528 224206.250 INFO             PET2       MODEL: InitializeIPDvXp01 extro {ES}:! <name: pmsl> <fieldStatus: ESMF_FIELDSTATUS_EMPTY>
20260528 224206.250 INFO             PET2       MODEL: InitializeIPDvXp01 extro {ES}:! 0x16daa4d18 => 0x11f904cc0 => 0x11f904ed0
20260528 224206.250 INFO             PET2       MODEL: InitializeIPDvXp01 extro {ES}:!--- FieldLog() end -------------------
20260528 224206.250 INFO             PET2       MODEL: InitializeIPDvXp01 extro {ES}:+-<item: 0002> <itemType: Field> <itemName: rsns>
20260528 224206.250 INFO             PET2       MODEL: InitializeIPDvXp01 extro {ES}:!--- FieldLog() start -----------------
20260528 224206.250 INFO             PET2       MODEL: InitializeIPDvXp01 extro {ES}:! <name: rsns> <fieldStatus: ESMF_FIELDSTATUS_EMPTY>
20260528 224206.250 INFO             PET2       MODEL: InitializeIPDvXp01 extro {ES}:! 0x16daa4d18 => 0x11f90aa80 => 0x11f90ac90
20260528 224206.250 INFO             PET2       MODEL: InitializeIPDvXp01 extro {ES}:!--- FieldLog() end -------------------
20260528 224206.250 INFO             PET2       MODEL: InitializeIPDvXp01 extro {ES}:--- StateLog() end -------------------
20260528 224206.250 INFO             PET2     MODEL: InitializeIPDvXp01 extro.
20260528 224206.250 INFO             PET2     driver: IInitAdvertiseFinish intro.
20260528 224206.250 INFO             PET2       driver: IInitAdvertiseFinish intro {IS}:--- StateLog() start -----------------
20260528 224206.250 INFO             PET2       driver: IInitAdvertiseFinish intro {IS}:State object is invalid! Not created or deleted!
20260528 224206.250 INFO             PET2       driver: IInitAdvertiseFinish intro {IS}:--- StateLog() end -------------------
20260528 224206.250 INFO             PET2       driver: IInitAdvertiseFinish intro {ES}:--- StateLog() start -----------------
20260528 224206.250 INFO             PET2       driver: IInitAdvertiseFinish intro {ES}:State object is invalid! Not created or deleted!
20260528 224206.251 INFO             PET2       driver: IInitAdvertiseFinish intro {ES}:--- StateLog() end -------------------
20260528 224206.251 INFO             PET2       >>>driver: entered Initialize (phase=<none>) with current time:    0  1  1  0  0  0   0
20260528 224206.251 INFO             PET2       <<<driver: leaving Initialize (phase=<none>) with current time:    0  1  1  0  0  0   0
20260528 224206.251 INFO             PET2       driver: IInitAdvertiseFinish extro {IS}:--- StateLog() start -----------------
20260528 224206.251 INFO             PET2       driver: IInitAdvertiseFinish extro {IS}:State object is invalid! Not created or deleted!
20260528 224206.251 INFO             PET2       driver: IInitAdvertiseFinish extro {IS}:--- StateLog() end -------------------
20260528 224206.251 INFO             PET2       driver: IInitAdvertiseFinish extro {ES}:--- StateLog() start -----------------
20260528 224206.251 INFO             PET2       driver: IInitAdvertiseFinish extro {ES}:State object is invalid! Not created or deleted!
20260528 224206.251 INFO             PET2       driver: IInitAdvertiseFinish extro {ES}:--- StateLog() end -------------------
20260528 224206.251 INFO             PET2     driver: IInitAdvertiseFinish extro.
20260528 224206.251 INFO             PET2     driver: IInitModifyCplLists intro.
20260528 224206.251 INFO             PET2       driver: IInitModifyCplLists intro {IS}:--- StateLog() start -----------------
20260528 224206.251 INFO             PET2       driver: IInitModifyCplLists intro {IS}:State object is invalid! Not created or deleted!
20260528 224206.251 INFO             PET2       driver: IInitModifyCplLists intro {IS}:--- StateLog() end -------------------
20260528 224206.251 INFO             PET2       driver: IInitModifyCplLists intro {ES}:--- StateLog() start -----------------
20260528 224206.251 INFO             PET2       driver: IInitModifyCplLists intro {ES}:State object is invalid! Not created or deleted!
20260528 224206.251 INFO             PET2       driver: IInitModifyCplLists intro {ES}:--- StateLog() end -------------------
20260528 224206.251 INFO             PET2       >>>driver: entered Initialize (phase=<none>) with current time:    0  1  1  0  0  0   0
20260528 224206.251 INFO             PET2       <<<driver: leaving Initialize (phase=<none>) with current time:    0  1  1  0  0  0   0
20260528 224206.251 INFO             PET2       driver: IInitModifyCplLists extro {IS}:--- StateLog() start -----------------
20260528 224206.251 INFO             PET2       driver: IInitModifyCplLists extro {IS}:State object is invalid! Not created or deleted!
20260528 224206.251 INFO             PET2       driver: IInitModifyCplLists extro {IS}:--- StateLog() end -------------------
20260528 224206.251 INFO             PET2       driver: IInitModifyCplLists extro {ES}:--- StateLog() start -----------------
20260528 224206.251 INFO             PET2       driver: IInitModifyCplLists extro {ES}:State object is invalid! Not created or deleted!
20260528 224206.251 INFO             PET2       driver: IInitModifyCplLists extro {ES}:--- StateLog() end -------------------
20260528 224206.251 INFO             PET2     driver: IInitModifyCplLists extro.
20260528 224206.251 INFO             PET2     <<<driver: leaving Initialize (phase=<none>) with current time:    0  1  1  0  0  0   0
20260528 224206.251 INFO             PET2     driver: InitializeIPDv02p1 extro {IS}:--- StateLog() start -----------------
20260528 224206.251 INFO             PET2     driver: InitializeIPDv02p1 extro {IS}:State object is invalid! Not created or deleted!
20260528 224206.251 INFO             PET2     driver: InitializeIPDv02p1 extro {IS}:--- StateLog() end -------------------
20260528 224206.251 INFO             PET2     driver: InitializeIPDv02p1 extro {ES}:--- StateLog() start -----------------
20260528 224206.251 INFO             PET2     driver: InitializeIPDv02p1 extro {ES}:State object is invalid! Not created or deleted!
20260528 224206.251 INFO             PET2     driver: InitializeIPDv02p1 extro {ES}:--- StateLog() end -------------------
20260528 224206.251 INFO             PET2   driver: InitializeIPDv02p1 extro.
20260528 224206.251 INFO             PET2   driver: InitializeIPDv02p3 intro.
20260528 224206.251 INFO             PET2     driver: InitializeIPDv02p3 intro {IS}:--- StateLog() start -----------------
20260528 224206.251 INFO             PET2     driver: InitializeIPDv02p3 intro {IS}:State object is invalid! Not created or deleted!
20260528 224206.251 INFO             PET2     driver: InitializeIPDv02p3 intro {IS}:--- StateLog() end -------------------
20260528 224206.251 INFO             PET2     driver: InitializeIPDv02p3 intro {ES}:--- StateLog() start -----------------
20260528 224206.251 INFO             PET2     driver: InitializeIPDv02p3 intro {ES}:State object is invalid! Not created or deleted!
20260528 224206.251 INFO             PET2     driver: InitializeIPDv02p3 intro {ES}:--- StateLog() end -------------------
20260528 224206.251 INFO             PET2     >>>driver: entered Initialize (phase=<none>) with current time:    0  1  1  0  0  0   0
20260528 224206.251 INFO             PET2     driver: IInitCheck intro.
20260528 224206.251 INFO             PET2       driver: IInitCheck intro {IS}:--- StateLog() start -----------------
20260528 224206.251 INFO             PET2       driver: IInitCheck intro {IS}:State object is invalid! Not created or deleted!
20260528 224206.251 INFO             PET2       driver: IInitCheck intro {IS}:--- StateLog() end -------------------
20260528 224206.251 INFO             PET2       driver: IInitCheck intro {ES}:--- StateLog() start -----------------
20260528 224206.251 INFO             PET2       driver: IInitCheck intro {ES}:State object is invalid! Not created or deleted!
20260528 224206.251 INFO             PET2       driver: IInitCheck intro {ES}:--- StateLog() end -------------------
20260528 224206.251 INFO             PET2       >>>driver: entered Initialize (phase=<none>) with current time:    0  1  1  0  0  0   0
20260528 224206.251 INFO             PET2       <<<driver: leaving Initialize (phase=<none>) with current time:    0  1  1  0  0  0   0
20260528 224206.251 INFO             PET2       driver: IInitCheck extro {IS}:--- StateLog() start -----------------
20260528 224206.251 INFO             PET2       driver: IInitCheck extro {IS}:State object is invalid! Not created or deleted!
20260528 224206.251 INFO             PET2       driver: IInitCheck extro {IS}:--- StateLog() end -------------------
20260528 224206.251 INFO             PET2       driver: IInitCheck extro {ES}:--- StateLog() start -----------------
20260528 224206.251 INFO             PET2       driver: IInitCheck extro {ES}:State object is invalid! Not created or deleted!
20260528 224206.251 INFO             PET2       driver: IInitCheck extro {ES}:--- StateLog() end -------------------
20260528 224206.251 INFO             PET2     driver: IInitCheck extro.
20260528 224206.252 INFO             PET2     MODEL: InitializeIPDvXp04 intro.
20260528 224206.252 INFO             PET2       MODEL: InitializeIPDvXp04 intro {IS}:--- StateLog() start -----------------
20260528 224206.252 INFO             PET2       MODEL: InitializeIPDvXp04 intro {IS}:<name: MODEL-ImportState> <intent: ESMF_STATEINTENT_IMPORT> <itemCount:    0>
20260528 224206.252 INFO             PET2       MODEL: InitializeIPDvXp04 intro {IS}:--- StateLog() end -------------------
20260528 224206.252 INFO             PET2       MODEL: InitializeIPDvXp04 intro {ES}:--- StateLog() start -----------------
20260528 224206.252 INFO             PET2       MODEL: InitializeIPDvXp04 intro {ES}:<name: MODEL-ExportState> <intent: ESMF_STATEINTENT_EXPORT> <itemCount:    2>
20260528 224206.252 INFO             PET2       MODEL: InitializeIPDvXp04 intro {ES}:+-<item: 0001> <itemType: Field> <itemName: pmsl>
20260528 224206.252 INFO             PET2       MODEL: InitializeIPDvXp04 intro {ES}:!--- FieldLog() start -----------------
20260528 224206.252 INFO             PET2       MODEL: InitializeIPDvXp04 intro {ES}:! <name: pmsl> <fieldStatus: ESMF_FIELDSTATUS_EMPTY>
20260528 224206.252 INFO             PET2       MODEL: InitializeIPDvXp04 intro {ES}:! 0x16daa5a08 => 0x11f904cc0 => 0x11f904ed0
20260528 224206.252 INFO             PET2       MODEL: InitializeIPDvXp04 intro {ES}:!--- FieldLog() end -------------------
20260528 224206.252 INFO             PET2       MODEL: InitializeIPDvXp04 intro {ES}:+-<item: 0002> <itemType: Field> <itemName: rsns>
20260528 224206.252 INFO             PET2       MODEL: InitializeIPDvXp04 intro {ES}:!--- FieldLog() start -----------------
20260528 224206.252 INFO             PET2       MODEL: InitializeIPDvXp04 intro {ES}:! <name: rsns> <fieldStatus: ESMF_FIELDSTATUS_EMPTY>
20260528 224206.252 INFO             PET2       MODEL: InitializeIPDvXp04 intro {ES}:! 0x16daa5a08 => 0x11f90aa80 => 0x11f90ac90
20260528 224206.252 INFO             PET2       MODEL: InitializeIPDvXp04 intro {ES}:!--- FieldLog() end -------------------
20260528 224206.252 INFO             PET2       MODEL: InitializeIPDvXp04 intro {ES}:--- StateLog() end -------------------
20260528 224206.252 INFO             PET2       >>>MODEL: entered Initialize (phase=IPDvXp04) without valid internal Clock.
20260528 224206.253 INFO             PET2       After Realize: - MemInfo: VmRSS:                       	25378816 (bytes)
20260528 224206.253 INFO             PET2       After Realize: - MemInfo: Total allocated space (bytes): 	251052032
20260528 224206.253 INFO             PET2       After Realize: - MemInfo: Wall-clock time since execution start:                0.09624 seconds
20260528 224206.253 INFO             PET2       <<<MODEL: leaving Initialize (phase=IPDvXp04) without valid internal Clock.
20260528 224206.253 INFO             PET2       MODEL: InitializeIPDvXp04 extro {IS}:--- StateLog() start -----------------
20260528 224206.253 INFO             PET2       MODEL: InitializeIPDvXp04 extro {IS}:<name: MODEL-ImportState> <intent: ESMF_STATEINTENT_IMPORT> <itemCount:    0>
20260528 224206.253 INFO             PET2       MODEL: InitializeIPDvXp04 extro {IS}:--- StateLog() end -------------------
20260528 224206.253 INFO             PET2       MODEL: InitializeIPDvXp04 extro {ES}:--- StateLog() start -----------------
20260528 224206.253 INFO             PET2       MODEL: InitializeIPDvXp04 extro {ES}:<name: MODEL-ExportState> <intent: ESMF_STATEINTENT_EXPORT> <itemCount:    2>
20260528 224206.253 INFO             PET2       MODEL: InitializeIPDvXp04 extro {ES}:+-<item: 0001> <itemType: Field> <itemName: pmsl>
20260528 224206.253 INFO             PET2       MODEL: InitializeIPDvXp04 extro {ES}:!--- FieldLog() start -----------------
20260528 224206.253 INFO             PET2       MODEL: InitializeIPDvXp04 extro {ES}:! <name: pmsl> <fieldStatus: ESMF_FIELDSTATUS_COMPLETE>
20260528 224206.253 INFO             PET2       MODEL: InitializeIPDvXp04 extro {ES}:! 0x16daa5d18 => 0x105f08060 => 0x105f08e30
20260528 224206.253 INFO             PET2       MODEL: InitializeIPDvXp04 extro {ES}:! <typekind: Real*8> <rank:    2> <dimCount:    2>
20260528 224206.253 INFO             PET2       MODEL: InitializeIPDvXp04 extro {ES}:! ! --- Array::log() start -----------------------------------
20260528 224206.253 INFO             PET2       MODEL: InitializeIPDvXp04 extro {ES}:! ! 0x10700f800
20260528 224206.253 INFO             PET2       MODEL: InitializeIPDvXp04 extro {ES}:! ! <name: pmsl>
20260528 224206.253 INFO             PET2       MODEL: InitializeIPDvXp04 extro {ES}:! ! ! --- DistGrid::log() start --------------------------------
20260528 224206.253 INFO             PET2       MODEL: InitializeIPDvXp04 extro {ES}:! ! ! 0x10700d000
20260528 224206.253 INFO             PET2       MODEL: InitializeIPDvXp04 extro {ES}:! ! ! DistGrid object is valid!<name: DG-Grid004-sloc:0>
20260528 224206.253 INFO             PET2       MODEL: InitializeIPDvXp04 extro {ES}:! ! ! --- DistGrid::log() end ----------------------------------
20260528 224206.253 INFO             PET2       MODEL: InitializeIPDvXp04 extro {ES}:! ! --- Array::log() end -------------------------------------
20260528 224206.253 INFO             PET2       MODEL: InitializeIPDvXp04 extro {ES}:!--- FieldLog() end -------------------
20260528 224206.253 INFO             PET2       MODEL: InitializeIPDvXp04 extro {ES}:+-<item: 0002> <itemType: Field> <itemName: rsns>
20260528 224206.253 INFO             PET2       MODEL: InitializeIPDvXp04 extro {ES}:!--- FieldLog() start -----------------
20260528 224206.253 INFO             PET2       MODEL: InitializeIPDvXp04 extro {ES}:! <name: rsns> <fieldStatus: ESMF_FIELDSTATUS_COMPLETE>
20260528 224206.253 INFO             PET2       MODEL: InitializeIPDvXp04 extro {ES}:! 0x16daa5d18 => 0x105f094c0 => 0x105f096d0
20260528 224206.253 INFO             PET2       MODEL: InitializeIPDvXp04 extro {ES}:! <typekind: Real*8> <rank:    2> <dimCount:    2>
20260528 224206.253 INFO             PET2       MODEL: InitializeIPDvXp04 extro {ES}:! ! --- Array::log() start -----------------------------------
20260528 224206.253 INFO             PET2       MODEL: InitializeIPDvXp04 extro {ES}:! ! 0x107010e00
20260528 224206.253 INFO             PET2       MODEL: InitializeIPDvXp04 extro {ES}:! ! <name: rsns>
20260528 224206.253 INFO             PET2       MODEL: InitializeIPDvXp04 extro {ES}:! ! ! --- DistGrid::log() start --------------------------------
20260528 224206.253 INFO             PET2       MODEL: InitializeIPDvXp04 extro {ES}:! ! ! 0x10700d000
20260528 224206.253 INFO             PET2       MODEL: InitializeIPDvXp04 extro {ES}:! ! ! DistGrid object is valid!<name: DG-Grid004-sloc:0>
20260528 224206.253 INFO             PET2       MODEL: InitializeIPDvXp04 extro {ES}:! ! ! --- DistGrid::log() end ----------------------------------
20260528 224206.253 INFO             PET2       MODEL: InitializeIPDvXp04 extro {ES}:! ! --- Array::log() end -------------------------------------
20260528 224206.253 INFO             PET2       MODEL: InitializeIPDvXp04 extro {ES}:!--- FieldLog() end -------------------
20260528 224206.253 INFO             PET2       MODEL: InitializeIPDvXp04 extro {ES}:--- StateLog() end -------------------
20260528 224206.253 INFO             PET2     MODEL: InitializeIPDvXp04 extro.
20260528 224206.257 INFO             PET2     driver: IInitRealize intro.
20260528 224206.257 INFO             PET2       driver: IInitRealize intro {IS}:--- StateLog() start -----------------
20260528 224206.257 INFO             PET2       driver: IInitRealize intro {IS}:State object is invalid! Not created or deleted!
20260528 224206.257 INFO             PET2       driver: IInitRealize intro {IS}:--- StateLog() end -------------------
20260528 224206.257 INFO             PET2       driver: IInitRealize intro {ES}:--- StateLog() start -----------------
20260528 224206.257 INFO             PET2       driver: IInitRealize intro {ES}:State object is invalid! Not created or deleted!
20260528 224206.257 INFO             PET2       driver: IInitRealize intro {ES}:--- StateLog() end -------------------
20260528 224206.257 INFO             PET2       >>>driver: entered Initialize (phase=<none>) with current time:    0  1  1  0  0  0   0
20260528 224206.257 INFO             PET2       <<<driver: leaving Initialize (phase=<none>) with current time:    0  1  1  0  0  0   0
20260528 224206.257 INFO             PET2       driver: IInitRealize extro {IS}:--- StateLog() start -----------------
20260528 224206.257 INFO             PET2       driver: IInitRealize extro {IS}:State object is invalid! Not created or deleted!
20260528 224206.257 INFO             PET2       driver: IInitRealize extro {IS}:--- StateLog() end -------------------
20260528 224206.257 INFO             PET2       driver: IInitRealize extro {ES}:--- StateLog() start -----------------
20260528 224206.257 INFO             PET2       driver: IInitRealize extro {ES}:State object is invalid! Not created or deleted!
20260528 224206.257 INFO             PET2       driver: IInitRealize extro {ES}:--- StateLog() end -------------------
20260528 224206.257 INFO             PET2     driver: IInitRealize extro.
20260528 224206.257 INFO             PET2     MODEL: InitializeIPDvXp07 intro.
20260528 224206.257 INFO             PET2       MODEL: InitializeIPDvXp07 intro {IS}:--- StateLog() start -----------------
20260528 224206.257 INFO             PET2       MODEL: InitializeIPDvXp07 intro {IS}:<name: MODEL-ImportState> <intent: ESMF_STATEINTENT_IMPORT> <itemCount:    0>
20260528 224206.257 INFO             PET2       MODEL: InitializeIPDvXp07 intro {IS}:--- StateLog() end -------------------
20260528 224206.257 INFO             PET2       MODEL: InitializeIPDvXp07 intro {ES}:--- StateLog() start -----------------
20260528 224206.257 INFO             PET2       MODEL: InitializeIPDvXp07 intro {ES}:<name: MODEL-ExportState> <intent: ESMF_STATEINTENT_EXPORT> <itemCount:    2>
20260528 224206.257 INFO             PET2       MODEL: InitializeIPDvXp07 intro {ES}:+-<item: 0001> <itemType: Field> <itemName: pmsl>
20260528 224206.257 INFO             PET2       MODEL: InitializeIPDvXp07 intro {ES}:!--- FieldLog() start -----------------
20260528 224206.257 INFO             PET2       MODEL: InitializeIPDvXp07 intro {ES}:! <name: pmsl> <fieldStatus: ESMF_FIELDSTATUS_COMPLETE>
20260528 224206.257 INFO             PET2       MODEL: InitializeIPDvXp07 intro {ES}:! 0x16daa5878 => 0x105f08060 => 0x105f08e30
20260528 224206.257 INFO             PET2       MODEL: InitializeIPDvXp07 intro {ES}:! <typekind: Real*8> <rank:    2> <dimCount:    2>
20260528 224206.257 INFO             PET2       MODEL: InitializeIPDvXp07 intro {ES}:! ! --- Array::log() start -----------------------------------
20260528 224206.257 INFO             PET2       MODEL: InitializeIPDvXp07 intro {ES}:! ! 0x10700f800
20260528 224206.257 INFO             PET2       MODEL: InitializeIPDvXp07 intro {ES}:! ! <name: pmsl>
20260528 224206.257 INFO             PET2       MODEL: InitializeIPDvXp07 intro {ES}:! ! ! --- DistGrid::log() start --------------------------------
20260528 224206.257 INFO             PET2       MODEL: InitializeIPDvXp07 intro {ES}:! ! ! 0x10700d000
20260528 224206.257 INFO             PET2       MODEL: InitializeIPDvXp07 intro {ES}:! ! ! DistGrid object is valid!<name: DG-Grid004-sloc:0>
20260528 224206.257 INFO             PET2       MODEL: InitializeIPDvXp07 intro {ES}:! ! ! --- DistGrid::log() end ----------------------------------
20260528 224206.257 INFO             PET2       MODEL: InitializeIPDvXp07 intro {ES}:! ! --- Array::log() end -------------------------------------
20260528 224206.257 INFO             PET2       MODEL: InitializeIPDvXp07 intro {ES}:!--- FieldLog() end -------------------
20260528 224206.257 INFO             PET2       MODEL: InitializeIPDvXp07 intro {ES}:+-<item: 0002> <itemType: Field> <itemName: rsns>
20260528 224206.257 INFO             PET2       MODEL: InitializeIPDvXp07 intro {ES}:!--- FieldLog() start -----------------
20260528 224206.257 INFO             PET2       MODEL: InitializeIPDvXp07 intro {ES}:! <name: rsns> <fieldStatus: ESMF_FIELDSTATUS_COMPLETE>
20260528 224206.257 INFO             PET2       MODEL: InitializeIPDvXp07 intro {ES}:! 0x16daa5878 => 0x105f094c0 => 0x105f096d0
20260528 224206.257 INFO             PET2       MODEL: InitializeIPDvXp07 intro {ES}:! <typekind: Real*8> <rank:    2> <dimCount:    2>
20260528 224206.257 INFO             PET2       MODEL: InitializeIPDvXp07 intro {ES}:! ! --- Array::log() start -----------------------------------
20260528 224206.257 INFO             PET2       MODEL: InitializeIPDvXp07 intro {ES}:! ! 0x107010e00
20260528 224206.257 INFO             PET2       MODEL: InitializeIPDvXp07 intro {ES}:! ! <name: rsns>
20260528 224206.257 INFO             PET2       MODEL: InitializeIPDvXp07 intro {ES}:! ! ! --- DistGrid::log() start --------------------------------
20260528 224206.257 INFO             PET2       MODEL: InitializeIPDvXp07 intro {ES}:! ! ! 0x10700d000
20260528 224206.257 INFO             PET2       MODEL: InitializeIPDvXp07 intro {ES}:! ! ! DistGrid object is valid!<name: DG-Grid004-sloc:0>
20260528 224206.257 INFO             PET2       MODEL: InitializeIPDvXp07 intro {ES}:! ! ! --- DistGrid::log() end ----------------------------------
20260528 224206.257 INFO             PET2       MODEL: InitializeIPDvXp07 intro {ES}:! ! --- Array::log() end -------------------------------------
20260528 224206.257 INFO             PET2       MODEL: InitializeIPDvXp07 intro {ES}:!--- FieldLog() end -------------------
20260528 224206.257 INFO             PET2       MODEL: InitializeIPDvXp07 intro {ES}:--- StateLog() end -------------------
20260528 224206.258 INFO             PET2       >>>MODEL: entered Initialize (phase=IPDvXp07) without valid internal Clock.
20260528 224206.258 INFO             PET2       <<<MODEL: leaving Initialize (phase=IPDvXp07) with current time:    0  1  1  0  0  0   0
20260528 224206.258 INFO             PET2       MODEL: InitializeIPDvXp07 extro {IS}:--- StateLog() start -----------------
20260528 224206.258 INFO             PET2       MODEL: InitializeIPDvXp07 extro {IS}:<name: MODEL-ImportState> <intent: ESMF_STATEINTENT_IMPORT> <itemCount:    0>
20260528 224206.258 INFO             PET2       MODEL: InitializeIPDvXp07 extro {IS}:--- StateLog() end -------------------
20260528 224206.258 INFO             PET2       MODEL: InitializeIPDvXp07 extro {ES}:--- StateLog() start -----------------
20260528 224206.258 INFO             PET2       MODEL: InitializeIPDvXp07 extro {ES}:<name: MODEL-ExportState> <intent: ESMF_STATEINTENT_EXPORT> <itemCount:    2>
20260528 224206.258 INFO             PET2       MODEL: InitializeIPDvXp07 extro {ES}:+-<item: 0001> <itemType: Field> <itemName: pmsl>
20260528 224206.258 INFO             PET2       MODEL: InitializeIPDvXp07 extro {ES}:!--- FieldLog() start -----------------
20260528 224206.258 INFO             PET2       MODEL: InitializeIPDvXp07 extro {ES}:! <name: pmsl> <fieldStatus: ESMF_FIELDSTATUS_COMPLETE>
20260528 224206.258 INFO             PET2       MODEL: InitializeIPDvXp07 extro {ES}:! 0x16daa5b88 => 0x105f08060 => 0x105f08e30
20260528 224206.258 INFO             PET2       MODEL: InitializeIPDvXp07 extro {ES}:! <typekind: Real*8> <rank:    2> <dimCount:    2>
20260528 224206.258 INFO             PET2       MODEL: InitializeIPDvXp07 extro {ES}:! ! --- Array::log() start -----------------------------------
20260528 224206.258 INFO             PET2       MODEL: InitializeIPDvXp07 extro {ES}:! ! 0x10700f800
20260528 224206.258 INFO             PET2       MODEL: InitializeIPDvXp07 extro {ES}:! ! <name: pmsl>
20260528 224206.258 INFO             PET2       MODEL: InitializeIPDvXp07 extro {ES}:! ! ! --- DistGrid::log() start --------------------------------
20260528 224206.258 INFO             PET2       MODEL: InitializeIPDvXp07 extro {ES}:! ! ! 0x10700d000
20260528 224206.258 INFO             PET2       MODEL: InitializeIPDvXp07 extro {ES}:! ! ! DistGrid object is valid!<name: DG-Grid004-sloc:0>
20260528 224206.258 INFO             PET2       MODEL: InitializeIPDvXp07 extro {ES}:! ! ! --- DistGrid::log() end ----------------------------------
20260528 224206.258 INFO             PET2       MODEL: InitializeIPDvXp07 extro {ES}:! ! --- Array::log() end -------------------------------------
20260528 224206.258 INFO             PET2       MODEL: InitializeIPDvXp07 extro {ES}:!--- FieldLog() end -------------------
20260528 224206.258 INFO             PET2       MODEL: InitializeIPDvXp07 extro {ES}:+-<item: 0002> <itemType: Field> <itemName: rsns>
20260528 224206.258 INFO             PET2       MODEL: InitializeIPDvXp07 extro {ES}:!--- FieldLog() start -----------------
20260528 224206.258 INFO             PET2       MODEL: InitializeIPDvXp07 extro {ES}:! <name: rsns> <fieldStatus: ESMF_FIELDSTATUS_COMPLETE>
20260528 224206.258 INFO             PET2       MODEL: InitializeIPDvXp07 extro {ES}:! 0x16daa5b88 => 0x105f094c0 => 0x105f096d0
20260528 224206.258 INFO             PET2       MODEL: InitializeIPDvXp07 extro {ES}:! <typekind: Real*8> <rank:    2> <dimCount:    2>
20260528 224206.258 INFO             PET2       MODEL: InitializeIPDvXp07 extro {ES}:! ! --- Array::log() start -----------------------------------
20260528 224206.258 INFO             PET2       MODEL: InitializeIPDvXp07 extro {ES}:! ! 0x107010e00
20260528 224206.258 INFO             PET2       MODEL: InitializeIPDvXp07 extro {ES}:! ! <name: rsns>
20260528 224206.258 INFO             PET2       MODEL: InitializeIPDvXp07 extro {ES}:! ! ! --- DistGrid::log() start --------------------------------
20260528 224206.258 INFO             PET2       MODEL: InitializeIPDvXp07 extro {ES}:! ! ! 0x10700d000
20260528 224206.258 INFO             PET2       MODEL: InitializeIPDvXp07 extro {ES}:! ! ! DistGrid object is valid!<name: DG-Grid004-sloc:0>
20260528 224206.258 INFO             PET2       MODEL: InitializeIPDvXp07 extro {ES}:! ! ! --- DistGrid::log() end ----------------------------------
20260528 224206.258 INFO             PET2       MODEL: InitializeIPDvXp07 extro {ES}:! ! --- Array::log() end -------------------------------------
20260528 224206.258 INFO             PET2       MODEL: InitializeIPDvXp07 extro {ES}:!--- FieldLog() end -------------------
20260528 224206.258 INFO             PET2       MODEL: InitializeIPDvXp07 extro {ES}:--- StateLog() end -------------------
20260528 224206.258 INFO             PET2     MODEL: InitializeIPDvXp07 extro.
20260528 224206.258 INFO             PET2     <<<driver: leaving Initialize (phase=<none>) with current time:    0  1  1  0  0  0   0
20260528 224206.258 INFO             PET2     driver: InitializeIPDv02p3 extro {IS}:--- StateLog() start -----------------
20260528 224206.258 INFO             PET2     driver: InitializeIPDv02p3 extro {IS}:State object is invalid! Not created or deleted!
20260528 224206.258 INFO             PET2     driver: InitializeIPDv02p3 extro {IS}:--- StateLog() end -------------------
20260528 224206.258 INFO             PET2     driver: InitializeIPDv02p3 extro {ES}:--- StateLog() start -----------------
20260528 224206.258 INFO             PET2     driver: InitializeIPDv02p3 extro {ES}:State object is invalid! Not created or deleted!
20260528 224206.258 INFO             PET2     driver: InitializeIPDv02p3 extro {ES}:--- StateLog() end -------------------
20260528 224206.258 INFO             PET2   driver: InitializeIPDv02p3 extro.
20260528 224206.258 INFO             PET2   driver: InitializeIPDv02p5 intro.
20260528 224206.258 INFO             PET2     driver: InitializeIPDv02p5 intro {IS}:--- StateLog() start -----------------
20260528 224206.258 INFO             PET2     driver: InitializeIPDv02p5 intro {IS}:State object is invalid! Not created or deleted!
20260528 224206.258 INFO             PET2     driver: InitializeIPDv02p5 intro {IS}:--- StateLog() end -------------------
20260528 224206.258 INFO             PET2     driver: InitializeIPDv02p5 intro {ES}:--- StateLog() start -----------------
20260528 224206.258 INFO             PET2     driver: InitializeIPDv02p5 intro {ES}:State object is invalid! Not created or deleted!
20260528 224206.258 INFO             PET2     driver: InitializeIPDv02p5 intro {ES}:--- StateLog() end -------------------
20260528 224206.258 INFO             PET2     >>>driver: entered Initialize (phase=<none>) with current time:    0  1  1  0  0  0   0
20260528 224206.258 INFO             PET2     driver: this is a top level driver, no 'Updated' and 'InitializeDataComplete' info on this level.
20260528 224206.258 INFO             PET2     driver: InitializeIPDv02p5Data intro.
20260528 224206.258 INFO             PET2       driver: InitializeIPDv02p5Data intro {IS}:--- StateLog() start -----------------
20260528 224206.258 INFO             PET2       driver: InitializeIPDv02p5Data intro {IS}:State object is invalid! Not created or deleted!
20260528 224206.258 INFO             PET2       driver: InitializeIPDv02p5Data intro {IS}:--- StateLog() end -------------------
20260528 224206.258 INFO             PET2       driver: InitializeIPDv02p5Data intro {ES}:--- StateLog() start -----------------
20260528 224206.258 INFO             PET2       driver: InitializeIPDv02p5Data intro {ES}:State object is invalid! Not created or deleted!
20260528 224206.258 INFO             PET2       driver: InitializeIPDv02p5Data intro {ES}:--- StateLog() end -------------------
20260528 224206.258 INFO             PET2       >>>driver: entered Initialize (phase=<none>) with current time:    0  1  1  0  0  0   0
20260528 224206.258 INFO             PET2       driver: InternalInitializeComplete intro.
20260528 224206.258 INFO             PET2         driver: InternalInitializeComplete intro {IS}:--- StateLog() start -----------------
20260528 224206.258 INFO             PET2         driver: InternalInitializeComplete intro {IS}:State object is invalid! Not created or deleted!
20260528 224206.258 INFO             PET2         driver: InternalInitializeComplete intro {IS}:--- StateLog() end -------------------
20260528 224206.258 INFO             PET2         driver: InternalInitializeComplete intro {ES}:--- StateLog() start -----------------
20260528 224206.258 INFO             PET2         driver: InternalInitializeComplete intro {ES}:State object is invalid! Not created or deleted!
20260528 224206.258 INFO             PET2         driver: InternalInitializeComplete intro {ES}:--- StateLog() end -------------------
20260528 224206.259 INFO             PET2         >>>driver: entered Initialize (phase=<none>) with current time:    0  1  1  0  0  0   0
20260528 224206.259 INFO             PET2         driver: InitializeDataComplete='true'
20260528 224206.259 INFO             PET2         <<<driver: leaving Initialize (phase=<none>) with current time:    0  1  1  0  0  0   0
20260528 224206.259 INFO             PET2         driver: InternalInitializeComplete extro {IS}:--- StateLog() start -----------------
20260528 224206.259 INFO             PET2         driver: InternalInitializeComplete extro {IS}:State object is invalid! Not created or deleted!
20260528 224206.259 INFO             PET2         driver: InternalInitializeComplete extro {IS}:--- StateLog() end -------------------
20260528 224206.259 INFO             PET2         driver: InternalInitializeComplete extro {ES}:--- StateLog() start -----------------
20260528 224206.259 INFO             PET2         driver: InternalInitializeComplete extro {ES}:State object is invalid! Not created or deleted!
20260528 224206.259 INFO             PET2         driver: InternalInitializeComplete extro {ES}:--- StateLog() end -------------------
20260528 224206.259 INFO             PET2       driver: InternalInitializeComplete extro.
20260528 224206.259 INFO             PET2       MODEL: InitializeIPDvXp08 intro.
20260528 224206.259 INFO             PET2         MODEL: InitializeIPDvXp08 intro {IS}:--- StateLog() start -----------------
20260528 224206.259 INFO             PET2         MODEL: InitializeIPDvXp08 intro {IS}:<name: MODEL-ImportState> <intent: ESMF_STATEINTENT_IMPORT> <itemCount:    0>
20260528 224206.259 INFO             PET2         MODEL: InitializeIPDvXp08 intro {IS}:--- StateLog() end -------------------
20260528 224206.259 INFO             PET2         MODEL: InitializeIPDvXp08 intro {ES}:--- StateLog() start -----------------
20260528 224206.259 INFO             PET2         MODEL: InitializeIPDvXp08 intro {ES}:<name: MODEL-ExportState> <intent: ESMF_STATEINTENT_EXPORT> <itemCount:    2>
20260528 224206.259 INFO             PET2         MODEL: InitializeIPDvXp08 intro {ES}:+-<item: 0001> <itemType: Field> <itemName: pmsl>
20260528 224206.259 INFO             PET2         MODEL: InitializeIPDvXp08 intro {ES}:!--- FieldLog() start -----------------
20260528 224206.259 INFO             PET2         MODEL: InitializeIPDvXp08 intro {ES}:! <name: pmsl> <fieldStatus: ESMF_FIELDSTATUS_COMPLETE>
20260528 224206.259 INFO             PET2         MODEL: InitializeIPDvXp08 intro {ES}:! 0x16daa4bc8 => 0x105f08060 => 0x105f08e30
20260528 224206.259 INFO             PET2         MODEL: InitializeIPDvXp08 intro {ES}:! <typekind: Real*8> <rank:    2> <dimCount:    2>
20260528 224206.259 INFO             PET2         MODEL: InitializeIPDvXp08 intro {ES}:! ! --- Array::log() start -----------------------------------
20260528 224206.259 INFO             PET2         MODEL: InitializeIPDvXp08 intro {ES}:! ! 0x10700f800
20260528 224206.259 INFO             PET2         MODEL: InitializeIPDvXp08 intro {ES}:! ! <name: pmsl>
20260528 224206.259 INFO             PET2         MODEL: InitializeIPDvXp08 intro {ES}:! ! ! --- DistGrid::log() start --------------------------------
20260528 224206.259 INFO             PET2         MODEL: InitializeIPDvXp08 intro {ES}:! ! ! 0x10700d000
20260528 224206.259 INFO             PET2         MODEL: InitializeIPDvXp08 intro {ES}:! ! ! DistGrid object is valid!<name: DG-Grid004-sloc:0>
20260528 224206.259 INFO             PET2         MODEL: InitializeIPDvXp08 intro {ES}:! ! ! --- DistGrid::log() end ----------------------------------
20260528 224206.259 INFO             PET2         MODEL: InitializeIPDvXp08 intro {ES}:! ! --- Array::log() end -------------------------------------
20260528 224206.259 INFO             PET2         MODEL: InitializeIPDvXp08 intro {ES}:!--- FieldLog() end -------------------
20260528 224206.259 INFO             PET2         MODEL: InitializeIPDvXp08 intro {ES}:+-<item: 0002> <itemType: Field> <itemName: rsns>
20260528 224206.259 INFO             PET2         MODEL: InitializeIPDvXp08 intro {ES}:!--- FieldLog() start -----------------
20260528 224206.259 INFO             PET2         MODEL: InitializeIPDvXp08 intro {ES}:! <name: rsns> <fieldStatus: ESMF_FIELDSTATUS_COMPLETE>
20260528 224206.259 INFO             PET2         MODEL: InitializeIPDvXp08 intro {ES}:! 0x16daa4bc8 => 0x105f094c0 => 0x105f096d0
20260528 224206.259 INFO             PET2         MODEL: InitializeIPDvXp08 intro {ES}:! <typekind: Real*8> <rank:    2> <dimCount:    2>
20260528 224206.259 INFO             PET2         MODEL: InitializeIPDvXp08 intro {ES}:! ! --- Array::log() start -----------------------------------
20260528 224206.259 INFO             PET2         MODEL: InitializeIPDvXp08 intro {ES}:! ! 0x107010e00
20260528 224206.259 INFO             PET2         MODEL: InitializeIPDvXp08 intro {ES}:! ! <name: rsns>
20260528 224206.259 INFO             PET2         MODEL: InitializeIPDvXp08 intro {ES}:! ! ! --- DistGrid::log() start --------------------------------
20260528 224206.259 INFO             PET2         MODEL: InitializeIPDvXp08 intro {ES}:! ! ! 0x10700d000
20260528 224206.259 INFO             PET2         MODEL: InitializeIPDvXp08 intro {ES}:! ! ! DistGrid object is valid!<name: DG-Grid004-sloc:0>
20260528 224206.259 INFO             PET2         MODEL: InitializeIPDvXp08 intro {ES}:! ! ! --- DistGrid::log() end ----------------------------------
20260528 224206.259 INFO             PET2         MODEL: InitializeIPDvXp08 intro {ES}:! ! --- Array::log() end -------------------------------------
20260528 224206.259 INFO             PET2         MODEL: InitializeIPDvXp08 intro {ES}:!--- FieldLog() end -------------------
20260528 224206.259 INFO             PET2         MODEL: InitializeIPDvXp08 intro {ES}:--- StateLog() end -------------------
20260528 224206.259 INFO             PET2         >>>MODEL: entered Initialize (phase=IPDv05p8) with current time:    0  1  1  0  0  0   0
20260528 224206.259 INFO             PET2         MODEL: InitializeDataProgress='false', InitializeDataComplete='false'
20260528 224206.259 INFO             PET2         <<<MODEL: leaving Initialize (phase=IPDv05p8) with current time:    0  1  1  0  0  0   0
20260528 224206.259 INFO             PET2         MODEL: InitializeIPDvXp08 extro {IS}:--- StateLog() start -----------------
20260528 224206.259 INFO             PET2         MODEL: InitializeIPDvXp08 extro {IS}:<name: MODEL-ImportState> <intent: ESMF_STATEINTENT_IMPORT> <itemCount:    0>
20260528 224206.259 INFO             PET2         MODEL: InitializeIPDvXp08 extro {IS}:--- StateLog() end -------------------
20260528 224206.259 INFO             PET2         MODEL: InitializeIPDvXp08 extro {ES}:--- StateLog() start -----------------
20260528 224206.259 INFO             PET2         MODEL: InitializeIPDvXp08 extro {ES}:<name: MODEL-ExportState> <intent: ESMF_STATEINTENT_EXPORT> <itemCount:    2>
20260528 224206.259 INFO             PET2         MODEL: InitializeIPDvXp08 extro {ES}:+-<item: 0001> <itemType: Field> <itemName: pmsl>
20260528 224206.259 INFO             PET2         MODEL: InitializeIPDvXp08 extro {ES}:!--- FieldLog() start -----------------
20260528 224206.259 INFO             PET2         MODEL: InitializeIPDvXp08 extro {ES}:! <name: pmsl> <fieldStatus: ESMF_FIELDSTATUS_COMPLETE>
20260528 224206.259 INFO             PET2         MODEL: InitializeIPDvXp08 extro {ES}:! 0x16daa4ed8 => 0x105f08060 => 0x105f08e30
20260528 224206.259 INFO             PET2         MODEL: InitializeIPDvXp08 extro {ES}:! <typekind: Real*8> <rank:    2> <dimCount:    2>
20260528 224206.259 INFO             PET2         MODEL: InitializeIPDvXp08 extro {ES}:! ! --- Array::log() start -----------------------------------
20260528 224206.260 INFO             PET2         MODEL: InitializeIPDvXp08 extro {ES}:! ! 0x10700f800
20260528 224206.260 INFO             PET2         MODEL: InitializeIPDvXp08 extro {ES}:! ! <name: pmsl>
20260528 224206.260 INFO             PET2         MODEL: InitializeIPDvXp08 extro {ES}:! ! ! --- DistGrid::log() start --------------------------------
20260528 224206.260 INFO             PET2         MODEL: InitializeIPDvXp08 extro {ES}:! ! ! 0x10700d000
20260528 224206.260 INFO             PET2         MODEL: InitializeIPDvXp08 extro {ES}:! ! ! DistGrid object is valid!<name: DG-Grid004-sloc:0>
20260528 224206.260 INFO             PET2         MODEL: InitializeIPDvXp08 extro {ES}:! ! ! --- DistGrid::log() end ----------------------------------
20260528 224206.260 INFO             PET2         MODEL: InitializeIPDvXp08 extro {ES}:! ! --- Array::log() end -------------------------------------
20260528 224206.260 INFO             PET2         MODEL: InitializeIPDvXp08 extro {ES}:!--- FieldLog() end -------------------
20260528 224206.260 INFO             PET2         MODEL: InitializeIPDvXp08 extro {ES}:+-<item: 0002> <itemType: Field> <itemName: rsns>
20260528 224206.260 INFO             PET2         MODEL: InitializeIPDvXp08 extro {ES}:!--- FieldLog() start -----------------
20260528 224206.260 INFO             PET2         MODEL: InitializeIPDvXp08 extro {ES}:! <name: rsns> <fieldStatus: ESMF_FIELDSTATUS_COMPLETE>
20260528 224206.260 INFO             PET2         MODEL: InitializeIPDvXp08 extro {ES}:! 0x16daa4ed8 => 0x105f094c0 => 0x105f096d0
20260528 224206.260 INFO             PET2         MODEL: InitializeIPDvXp08 extro {ES}:! <typekind: Real*8> <rank:    2> <dimCount:    2>
20260528 224206.260 INFO             PET2         MODEL: InitializeIPDvXp08 extro {ES}:! ! --- Array::log() start -----------------------------------
20260528 224206.260 INFO             PET2         MODEL: InitializeIPDvXp08 extro {ES}:! ! 0x107010e00
20260528 224206.260 INFO             PET2         MODEL: InitializeIPDvXp08 extro {ES}:! ! <name: rsns>
20260528 224206.260 INFO             PET2         MODEL: InitializeIPDvXp08 extro {ES}:! ! ! --- DistGrid::log() start --------------------------------
20260528 224206.260 INFO             PET2         MODEL: InitializeIPDvXp08 extro {ES}:! ! ! 0x10700d000
20260528 224206.260 INFO             PET2         MODEL: InitializeIPDvXp08 extro {ES}:! ! ! DistGrid object is valid!<name: DG-Grid004-sloc:0>
20260528 224206.260 INFO             PET2         MODEL: InitializeIPDvXp08 extro {ES}:! ! ! --- DistGrid::log() end ----------------------------------
20260528 224206.260 INFO             PET2         MODEL: InitializeIPDvXp08 extro {ES}:! ! --- Array::log() end -------------------------------------
20260528 224206.260 INFO             PET2         MODEL: InitializeIPDvXp08 extro {ES}:!--- FieldLog() end -------------------
20260528 224206.260 INFO             PET2         MODEL: InitializeIPDvXp08 extro {ES}:--- StateLog() end -------------------
20260528 224206.260 INFO             PET2       MODEL: InitializeIPDvXp08 extro.
20260528 224206.266 INFO             PET2       driver: components present that trigger loopDataDependentInitialize().
20260528 224206.266 INFO             PET2       driver: loopDataDependentInitialize intro.
20260528 224206.266 INFO             PET2         driver: loopDataDependentInitialize intro {IS}:--- StateLog() start -----------------
20260528 224206.266 INFO             PET2         driver: loopDataDependentInitialize intro {IS}:State object is invalid! Not created or deleted!
20260528 224206.266 INFO             PET2         driver: loopDataDependentInitialize intro {IS}:--- StateLog() end -------------------
20260528 224206.266 INFO             PET2         driver: loopDataDependentInitialize intro {ES}:--- StateLog() start -----------------
20260528 224206.266 INFO             PET2         driver: loopDataDependentInitialize intro {ES}:State object is invalid! Not created or deleted!
20260528 224206.266 INFO             PET2         driver: loopDataDependentInitialize intro {ES}:--- StateLog() end -------------------
20260528 224206.266 INFO             PET2         >>>driver: entered Initialize (phase=<none>) with current time:    0  1  1  0  0  0   0
20260528 224206.266 INFO             PET2         driver: component    0=driver, dataComplete (local): true
20260528 224206.266 INFO             PET2         driver: component    0=driver, dataComplete (global):  T
20260528 224206.266 INFO             PET2         driver: component    1=MODEL, dataComplete (local): false
20260528 224206.270 INFO             PET2         driver: component    1=MODEL, dataComplete (global):  F
20260528 224206.271 INFO             PET2         MODEL: InitializeIPDvXp08 intro.
20260528 224206.271 INFO             PET2           MODEL: InitializeIPDvXp08 intro {IS}:--- StateLog() start -----------------
20260528 224206.271 INFO             PET2           MODEL: InitializeIPDvXp08 intro {IS}:<name: MODEL-ImportState> <intent: ESMF_STATEINTENT_IMPORT> <itemCount:    0>
20260528 224206.271 INFO             PET2           MODEL: InitializeIPDvXp08 intro {IS}:--- StateLog() end -------------------
20260528 224206.271 INFO             PET2           MODEL: InitializeIPDvXp08 intro {ES}:--- StateLog() start -----------------
20260528 224206.271 INFO             PET2           MODEL: InitializeIPDvXp08 intro {ES}:<name: MODEL-ExportState> <intent: ESMF_STATEINTENT_EXPORT> <itemCount:    2>
20260528 224206.271 INFO             PET2           MODEL: InitializeIPDvXp08 intro {ES}:+-<item: 0001> <itemType: Field> <itemName: pmsl>
20260528 224206.271 INFO             PET2           MODEL: InitializeIPDvXp08 intro {ES}:!--- FieldLog() start -----------------
20260528 224206.271 INFO             PET2           MODEL: InitializeIPDvXp08 intro {ES}:! <name: pmsl> <fieldStatus: ESMF_FIELDSTATUS_COMPLETE>
20260528 224206.271 INFO             PET2           MODEL: InitializeIPDvXp08 intro {ES}:! 0x16daa43b8 => 0x105f08060 => 0x105f08e30
20260528 224206.271 INFO             PET2           MODEL: InitializeIPDvXp08 intro {ES}:! <typekind: Real*8> <rank:    2> <dimCount:    2>
20260528 224206.271 INFO             PET2           MODEL: InitializeIPDvXp08 intro {ES}:! ! --- Array::log() start -----------------------------------
20260528 224206.271 INFO             PET2           MODEL: InitializeIPDvXp08 intro {ES}:! ! 0x10700f800
20260528 224206.271 INFO             PET2           MODEL: InitializeIPDvXp08 intro {ES}:! ! <name: pmsl>
20260528 224206.271 INFO             PET2           MODEL: InitializeIPDvXp08 intro {ES}:! ! ! --- DistGrid::log() start --------------------------------
20260528 224206.271 INFO             PET2           MODEL: InitializeIPDvXp08 intro {ES}:! ! ! 0x10700d000
20260528 224206.271 INFO             PET2           MODEL: InitializeIPDvXp08 intro {ES}:! ! ! DistGrid object is valid!<name: DG-Grid004-sloc:0>
20260528 224206.271 INFO             PET2           MODEL: InitializeIPDvXp08 intro {ES}:! ! ! --- DistGrid::log() end ----------------------------------
20260528 224206.271 INFO             PET2           MODEL: InitializeIPDvXp08 intro {ES}:! ! --- Array::log() end -------------------------------------
20260528 224206.271 INFO             PET2           MODEL: InitializeIPDvXp08 intro {ES}:!--- FieldLog() end -------------------
20260528 224206.271 INFO             PET2           MODEL: InitializeIPDvXp08 intro {ES}:+-<item: 0002> <itemType: Field> <itemName: rsns>
20260528 224206.271 INFO             PET2           MODEL: InitializeIPDvXp08 intro {ES}:!--- FieldLog() start -----------------
20260528 224206.271 INFO             PET2           MODEL: InitializeIPDvXp08 intro {ES}:! <name: rsns> <fieldStatus: ESMF_FIELDSTATUS_COMPLETE>
20260528 224206.271 INFO             PET2           MODEL: InitializeIPDvXp08 intro {ES}:! 0x16daa43b8 => 0x105f094c0 => 0x105f096d0
20260528 224206.271 INFO             PET2           MODEL: InitializeIPDvXp08 intro {ES}:! <typekind: Real*8> <rank:    2> <dimCount:    2>
20260528 224206.271 INFO             PET2           MODEL: InitializeIPDvXp08 intro {ES}:! ! --- Array::log() start -----------------------------------
20260528 224206.271 INFO             PET2           MODEL: InitializeIPDvXp08 intro {ES}:! ! 0x107010e00
20260528 224206.271 INFO             PET2           MODEL: InitializeIPDvXp08 intro {ES}:! ! <name: rsns>
20260528 224206.271 INFO             PET2           MODEL: InitializeIPDvXp08 intro {ES}:! ! ! --- DistGrid::log() start --------------------------------
20260528 224206.271 INFO             PET2           MODEL: InitializeIPDvXp08 intro {ES}:! ! ! 0x10700d000
20260528 224206.271 INFO             PET2           MODEL: InitializeIPDvXp08 intro {ES}:! ! ! DistGrid object is valid!<name: DG-Grid004-sloc:0>
20260528 224206.271 INFO             PET2           MODEL: InitializeIPDvXp08 intro {ES}:! ! ! --- DistGrid::log() end ----------------------------------
20260528 224206.271 INFO             PET2           MODEL: InitializeIPDvXp08 intro {ES}:! ! --- Array::log() end -------------------------------------
20260528 224206.271 INFO             PET2           MODEL: InitializeIPDvXp08 intro {ES}:!--- FieldLog() end -------------------
20260528 224206.271 INFO             PET2           MODEL: InitializeIPDvXp08 intro {ES}:--- StateLog() end -------------------
20260528 224206.271 INFO             PET2           >>>MODEL: entered Initialize (phase=IPDv05p8) with current time:    0  1  1  0  0  0   0
20260528 224206.271 INFO             PET2           MODEL: InitializeDataProgress='true', InitializeDataComplete='true'
20260528 224206.271 INFO             PET2           <<<MODEL: leaving Initialize (phase=IPDv05p8) with current time:    0  1  1  0  0  0   0
20260528 224206.271 INFO             PET2           MODEL: InitializeIPDvXp08 extro {IS}:--- StateLog() start -----------------
20260528 224206.271 INFO             PET2           MODEL: InitializeIPDvXp08 extro {IS}:<name: MODEL-ImportState> <intent: ESMF_STATEINTENT_IMPORT> <itemCount:    0>
20260528 224206.271 INFO             PET2           MODEL: InitializeIPDvXp08 extro {IS}:--- StateLog() end -------------------
20260528 224206.271 INFO             PET2           MODEL: InitializeIPDvXp08 extro {ES}:--- StateLog() start -----------------
20260528 224206.271 INFO             PET2           MODEL: InitializeIPDvXp08 extro {ES}:<name: MODEL-ExportState> <intent: ESMF_STATEINTENT_EXPORT> <itemCount:    2>
20260528 224206.271 INFO             PET2           MODEL: InitializeIPDvXp08 extro {ES}:+-<item: 0001> <itemType: Field> <itemName: pmsl>
20260528 224206.271 INFO             PET2           MODEL: InitializeIPDvXp08 extro {ES}:!--- FieldLog() start -----------------
20260528 224206.271 INFO             PET2           MODEL: InitializeIPDvXp08 extro {ES}:! <name: pmsl> <fieldStatus: ESMF_FIELDSTATUS_COMPLETE>
20260528 224206.271 INFO             PET2           MODEL: InitializeIPDvXp08 extro {ES}:! 0x16daa46c8 => 0x105f08060 => 0x105f08e30
20260528 224206.271 INFO             PET2           MODEL: InitializeIPDvXp08 extro {ES}:! <typekind: Real*8> <rank:    2> <dimCount:    2>
20260528 224206.271 INFO             PET2           MODEL: InitializeIPDvXp08 extro {ES}:! ! --- Array::log() start -----------------------------------
20260528 224206.271 INFO             PET2           MODEL: InitializeIPDvXp08 extro {ES}:! ! 0x10700f800
20260528 224206.271 INFO             PET2           MODEL: InitializeIPDvXp08 extro {ES}:! ! <name: pmsl>
20260528 224206.271 INFO             PET2           MODEL: InitializeIPDvXp08 extro {ES}:! ! ! --- DistGrid::log() start --------------------------------
20260528 224206.271 INFO             PET2           MODEL: InitializeIPDvXp08 extro {ES}:! ! ! 0x10700d000
20260528 224206.271 INFO             PET2           MODEL: InitializeIPDvXp08 extro {ES}:! ! ! DistGrid object is valid!<name: DG-Grid004-sloc:0>
20260528 224206.271 INFO             PET2           MODEL: InitializeIPDvXp08 extro {ES}:! ! ! --- DistGrid::log() end ----------------------------------
20260528 224206.271 INFO             PET2           MODEL: InitializeIPDvXp08 extro {ES}:! ! --- Array::log() end -------------------------------------
20260528 224206.271 INFO             PET2           MODEL: InitializeIPDvXp08 extro {ES}:!--- FieldLog() end -------------------
20260528 224206.271 INFO             PET2           MODEL: InitializeIPDvXp08 extro {ES}:+-<item: 0002> <itemType: Field> <itemName: rsns>
20260528 224206.271 INFO             PET2           MODEL: InitializeIPDvXp08 extro {ES}:!--- FieldLog() start -----------------
20260528 224206.271 INFO             PET2           MODEL: InitializeIPDvXp08 extro {ES}:! <name: rsns> <fieldStatus: ESMF_FIELDSTATUS_COMPLETE>
20260528 224206.271 INFO             PET2           MODEL: InitializeIPDvXp08 extro {ES}:! 0x16daa46c8 => 0x105f094c0 => 0x105f096d0
20260528 224206.271 INFO             PET2           MODEL: InitializeIPDvXp08 extro {ES}:! <typekind: Real*8> <rank:    2> <dimCount:    2>
20260528 224206.271 INFO             PET2           MODEL: InitializeIPDvXp08 extro {ES}:! ! --- Array::log() start -----------------------------------
20260528 224206.271 INFO             PET2           MODEL: InitializeIPDvXp08 extro {ES}:! ! 0x107010e00
20260528 224206.271 INFO             PET2           MODEL: InitializeIPDvXp08 extro {ES}:! ! <name: rsns>
20260528 224206.271 INFO             PET2           MODEL: InitializeIPDvXp08 extro {ES}:! ! ! --- DistGrid::log() start --------------------------------
20260528 224206.271 INFO             PET2           MODEL: InitializeIPDvXp08 extro {ES}:! ! ! 0x10700d000
20260528 224206.271 INFO             PET2           MODEL: InitializeIPDvXp08 extro {ES}:! ! ! DistGrid object is valid!<name: DG-Grid004-sloc:0>
20260528 224206.271 INFO             PET2           MODEL: InitializeIPDvXp08 extro {ES}:! ! ! --- DistGrid::log() end ----------------------------------
20260528 224206.271 INFO             PET2           MODEL: InitializeIPDvXp08 extro {ES}:! ! --- Array::log() end -------------------------------------
20260528 224206.271 INFO             PET2           MODEL: InitializeIPDvXp08 extro {ES}:!--- FieldLog() end -------------------
20260528 224206.271 INFO             PET2           MODEL: InitializeIPDvXp08 extro {ES}:--- StateLog() end -------------------
20260528 224206.271 INFO             PET2         MODEL: InitializeIPDvXp08 extro.
20260528 224206.275 INFO             PET2         driver: component    1=MODEL, someProgress (local): true
20260528 224206.275 INFO             PET2         driver: component    1=MODEL, someProgress (global):  T
20260528 224206.275 INFO             PET2         driver: someProgress= T, allComplete= F, present(dataDepAllComplete)= T
20260528 224206.275 INFO             PET2         driver: component    0=driver, dataComplete (local): true
20260528 224206.275 INFO             PET2         driver: component    0=driver, dataComplete (global):  T
20260528 224206.275 INFO             PET2         driver: component    1=MODEL, dataComplete (local): true
20260528 224206.275 INFO             PET2         driver: component    1=MODEL, dataComplete (global):  T
20260528 224206.275 INFO             PET2         driver: someProgress= F, allComplete= T, present(dataDepAllComplete)= T
20260528 224206.275 INFO             PET2         driver: finished resolving initialize data dependencies on this level.
20260528 224206.275 INFO             PET2         <<<driver: leaving Initialize (phase=<none>) with current time:    0  1  1  0  0  0   0
20260528 224206.275 INFO             PET2         driver: loopDataDependentInitialize extro {IS}:--- StateLog() start -----------------
20260528 224206.275 INFO             PET2         driver: loopDataDependentInitialize extro {IS}:State object is invalid! Not created or deleted!
20260528 224206.275 INFO             PET2         driver: loopDataDependentInitialize extro {IS}:--- StateLog() end -------------------
20260528 224206.275 INFO             PET2         driver: loopDataDependentInitialize extro {ES}:--- StateLog() start -----------------
20260528 224206.275 INFO             PET2         driver: loopDataDependentInitialize extro {ES}:State object is invalid! Not created or deleted!
20260528 224206.275 INFO             PET2         driver: loopDataDependentInitialize extro {ES}:--- StateLog() end -------------------
20260528 224206.275 INFO             PET2       driver: loopDataDependentInitialize extro.
20260528 224206.275 INFO             PET2       driver: loopDataDependentInitialize() returned with dataDepAllComplete:  T
20260528 224206.275 INFO             PET2       <<<driver: leaving Initialize (phase=<none>) with current time:    0  1  1  0  0  0   0
20260528 224206.275 INFO             PET2       driver: InitializeIPDv02p5Data extro {IS}:--- StateLog() start -----------------
20260528 224206.275 INFO             PET2       driver: InitializeIPDv02p5Data extro {IS}:State object is invalid! Not created or deleted!
20260528 224206.275 INFO             PET2       driver: InitializeIPDv02p5Data extro {IS}:--- StateLog() end -------------------
20260528 224206.275 INFO             PET2       driver: InitializeIPDv02p5Data extro {ES}:--- StateLog() start -----------------
20260528 224206.275 INFO             PET2       driver: InitializeIPDv02p5Data extro {ES}:State object is invalid! Not created or deleted!
20260528 224206.275 INFO             PET2       driver: InitializeIPDv02p5Data extro {ES}:--- StateLog() end -------------------
20260528 224206.275 INFO             PET2     driver: InitializeIPDv02p5Data extro.
20260528 224206.275 INFO             PET2     <<<driver: leaving Initialize (phase=<none>) with current time:    0  1  1  0  0  0   0
20260528 224206.275 INFO             PET2     driver: InitializeIPDv02p5 extro {IS}:--- StateLog() start -----------------
20260528 224206.275 INFO             PET2     driver: InitializeIPDv02p5 extro {IS}:State object is invalid! Not created or deleted!
20260528 224206.275 INFO             PET2     driver: InitializeIPDv02p5 extro {IS}:--- StateLog() end -------------------
20260528 224206.275 INFO             PET2     driver: InitializeIPDv02p5 extro {ES}:--- StateLog() start -----------------
20260528 224206.275 INFO             PET2     driver: InitializeIPDv02p5 extro {ES}:State object is invalid! Not created or deleted!
20260528 224206.275 INFO             PET2     driver: InitializeIPDv02p5 extro {ES}:--- StateLog() end -------------------
20260528 224206.275 INFO             PET2   driver: InitializeIPDv02p5 extro.
20260528 224206.275 INFO             PET2   <<<driver: leaving Initialize (phase=<none>) with current time:    0  1  1  0  0  0   0
20260528 224206.275 INFO             PET2   driver: InitializeGeneric extro {IS}:--- StateLog() start -----------------
20260528 224206.275 INFO             PET2   driver: InitializeGeneric extro {IS}:State object is invalid! Not created or deleted!
20260528 224206.275 INFO             PET2   driver: InitializeGeneric extro {IS}:--- StateLog() end -------------------
20260528 224206.275 INFO             PET2   driver: InitializeGeneric extro {ES}:--- StateLog() start -----------------
20260528 224206.275 INFO             PET2   driver: InitializeGeneric extro {ES}:State object is invalid! Not created or deleted!
20260528 224206.275 INFO             PET2   driver: InitializeGeneric extro {ES}:--- StateLog() end -------------------
20260528 224206.275 INFO             PET2 driver: InitializeGeneric extro.
20260528 224206.275 INFO             PET2 driver: Run intro.
20260528 224206.275 INFO             PET2   driver: Run intro {IS}:--- StateLog() start -----------------
20260528 224206.275 INFO             PET2   driver: Run intro {IS}:State object is invalid! Not created or deleted!
20260528 224206.275 INFO             PET2   driver: Run intro {IS}:--- StateLog() end -------------------
20260528 224206.276 INFO             PET2   driver: Run intro {ES}:--- StateLog() start -----------------
20260528 224206.276 INFO             PET2   driver: Run intro {ES}:State object is invalid! Not created or deleted!
20260528 224206.276 INFO             PET2   driver: Run intro {ES}:--- StateLog() end -------------------
20260528 224206.276 INFO             PET2   >>>driver: entered Run (phase=RunPhase1) with current time:    0  1  1  0  0  0   0
20260528 224206.276 INFO             PET2   driver: after lable_SetRunClock, current time:    0  1  1  0  0  0   0
20260528 224206.276 INFO             PET2   driver: begin -------> RunSequence.
20260528 224206.276 INFO             PET2     driver: RunSequence event loopLevel=   1  levelMember=   1  loopIteration=   1, current time:    0  1  1  0  0  0   0
20260528 224206.276 INFO             PET2     MODEL: Run intro.
20260528 224206.276 INFO             PET2       MODEL: Run intro {IS}:--- StateLog() start -----------------
20260528 224206.276 INFO             PET2       MODEL: Run intro {IS}:<name: MODEL-ImportState> <intent: ESMF_STATEINTENT_IMPORT> <itemCount:    0>
20260528 224206.276 INFO             PET2       MODEL: Run intro {IS}:--- StateLog() end -------------------
20260528 224206.276 INFO             PET2       MODEL: Run intro {ES}:--- StateLog() start -----------------
20260528 224206.276 INFO             PET2       MODEL: Run intro {ES}:<name: MODEL-ExportState> <intent: ESMF_STATEINTENT_EXPORT> <itemCount:    2>
20260528 224206.276 INFO             PET2       MODEL: Run intro {ES}:+-<item: 0001> <itemType: Field> <itemName: pmsl>
20260528 224206.276 INFO             PET2       MODEL: Run intro {ES}:!--- FieldLog() start -----------------
20260528 224206.276 INFO             PET2       MODEL: Run intro {ES}:! <name: pmsl> <fieldStatus: ESMF_FIELDSTATUS_COMPLETE>
20260528 224206.276 INFO             PET2       MODEL: Run intro {ES}:! 0x16daa4e18 => 0x105f08060 => 0x105f08e30
20260528 224206.276 INFO             PET2       MODEL: Run intro {ES}:! <typekind: Real*8> <rank:    2> <dimCount:    2>
20260528 224206.276 INFO             PET2       MODEL: Run intro {ES}:! ! --- Array::log() start -----------------------------------
20260528 224206.276 INFO             PET2       MODEL: Run intro {ES}:! ! 0x10700f800
20260528 224206.276 INFO             PET2       MODEL: Run intro {ES}:! ! <name: pmsl>
20260528 224206.276 INFO             PET2       MODEL: Run intro {ES}:! ! ! --- DistGrid::log() start --------------------------------
20260528 224206.276 INFO             PET2       MODEL: Run intro {ES}:! ! ! 0x10700d000
20260528 224206.276 INFO             PET2       MODEL: Run intro {ES}:! ! ! DistGrid object is valid!<name: DG-Grid004-sloc:0>
20260528 224206.276 INFO             PET2       MODEL: Run intro {ES}:! ! ! --- DistGrid::log() end ----------------------------------
20260528 224206.276 INFO             PET2       MODEL: Run intro {ES}:! ! --- Array::log() end -------------------------------------
20260528 224206.276 INFO             PET2       MODEL: Run intro {ES}:!--- FieldLog() end -------------------
20260528 224206.276 INFO             PET2       MODEL: Run intro {ES}:+-<item: 0002> <itemType: Field> <itemName: rsns>
20260528 224206.276 INFO             PET2       MODEL: Run intro {ES}:!--- FieldLog() start -----------------
20260528 224206.276 INFO             PET2       MODEL: Run intro {ES}:! <name: rsns> <fieldStatus: ESMF_FIELDSTATUS_COMPLETE>
20260528 224206.276 INFO             PET2       MODEL: Run intro {ES}:! 0x16daa4e18 => 0x105f094c0 => 0x105f096d0
20260528 224206.276 INFO             PET2       MODEL: Run intro {ES}:! <typekind: Real*8> <rank:    2> <dimCount:    2>
20260528 224206.276 INFO             PET2       MODEL: Run intro {ES}:! ! --- Array::log() start -----------------------------------
20260528 224206.276 INFO             PET2       MODEL: Run intro {ES}:! ! 0x107010e00
20260528 224206.276 INFO             PET2       MODEL: Run intro {ES}:! ! <name: rsns>
20260528 224206.276 INFO             PET2       MODEL: Run intro {ES}:! ! ! --- DistGrid::log() start --------------------------------
20260528 224206.276 INFO             PET2       MODEL: Run intro {ES}:! ! ! 0x10700d000
20260528 224206.276 INFO             PET2       MODEL: Run intro {ES}:! ! ! DistGrid object is valid!<name: DG-Grid004-sloc:0>
20260528 224206.276 INFO             PET2       MODEL: Run intro {ES}:! ! ! --- DistGrid::log() end ----------------------------------
20260528 224206.276 INFO             PET2       MODEL: Run intro {ES}:! ! --- Array::log() end -------------------------------------
20260528 224206.276 INFO             PET2       MODEL: Run intro {ES}:!--- FieldLog() end -------------------
20260528 224206.276 INFO             PET2       MODEL: Run intro {ES}:--- StateLog() end -------------------
20260528 224206.276 INFO             PET2       >>>MODEL: entered Run (phase=RunPhase1) with current time:    0  1  1  0  0  0   0
20260528 224206.276 INFO             PET2       MODEL: time step-loop starting, current time:    0  1  1  0  0  0   0
20260528 224206.276 INFO             PET2       ---->Advancing Model from:    0  1  1  0  0  0   0
20260528 224206.276 INFO             PET2       ---------------------> to:    0  1  1  0  0 30   0
20260528 224206.276 INFO             PET2       MODEL: time step-loop ending,   current time:    0  1  1  0  0 30   0
20260528 224206.276 INFO             PET2       <<<MODEL: leaving Run (phase=RunPhase1) with current time:    0  1  1  0  0 30   0
20260528 224206.276 INFO             PET2       MODEL: Run extro {IS}:--- StateLog() start -----------------
20260528 224206.276 INFO             PET2       MODEL: Run extro {IS}:<name: MODEL-ImportState> <intent: ESMF_STATEINTENT_IMPORT> <itemCount:    0>
20260528 224206.276 INFO             PET2       MODEL: Run extro {IS}:--- StateLog() end -------------------
20260528 224206.276 INFO             PET2       MODEL: Run extro {ES}:--- StateLog() start -----------------
20260528 224206.276 INFO             PET2       MODEL: Run extro {ES}:<name: MODEL-ExportState> <intent: ESMF_STATEINTENT_EXPORT> <itemCount:    2>
20260528 224206.276 INFO             PET2       MODEL: Run extro {ES}:+-<item: 0001> <itemType: Field> <itemName: pmsl>
20260528 224206.276 INFO             PET2       MODEL: Run extro {ES}:!--- FieldLog() start -----------------
20260528 224206.276 INFO             PET2       MODEL: Run extro {ES}:! <name: pmsl> <fieldStatus: ESMF_FIELDSTATUS_COMPLETE>
20260528 224206.276 INFO             PET2       MODEL: Run extro {ES}:! 0x16daa5128 => 0x105f08060 => 0x105f08e30
20260528 224206.276 INFO             PET2       MODEL: Run extro {ES}:! <typekind: Real*8> <rank:    2> <dimCount:    2>
20260528 224206.276 INFO             PET2       MODEL: Run extro {ES}:! ! --- Array::log() start -----------------------------------
20260528 224206.276 INFO             PET2       MODEL: Run extro {ES}:! ! 0x10700f800
20260528 224206.277 INFO             PET2       MODEL: Run extro {ES}:! ! <name: pmsl>
20260528 224206.277 INFO             PET2       MODEL: Run extro {ES}:! ! ! --- DistGrid::log() start --------------------------------
20260528 224206.277 INFO             PET2       MODEL: Run extro {ES}:! ! ! 0x10700d000
20260528 224206.277 INFO             PET2       MODEL: Run extro {ES}:! ! ! DistGrid object is valid!<name: DG-Grid004-sloc:0>
20260528 224206.277 INFO             PET2       MODEL: Run extro {ES}:! ! ! --- DistGrid::log() end ----------------------------------
20260528 224206.277 INFO             PET2       MODEL: Run extro {ES}:! ! --- Array::log() end -------------------------------------
20260528 224206.277 INFO             PET2       MODEL: Run extro {ES}:!--- FieldLog() end -------------------
20260528 224206.277 INFO             PET2       MODEL: Run extro {ES}:+-<item: 0002> <itemType: Field> <itemName: rsns>
20260528 224206.277 INFO             PET2       MODEL: Run extro {ES}:!--- FieldLog() start -----------------
20260528 224206.277 INFO             PET2       MODEL: Run extro {ES}:! <name: rsns> <fieldStatus: ESMF_FIELDSTATUS_COMPLETE>
20260528 224206.277 INFO             PET2       MODEL: Run extro {ES}:! 0x16daa5128 => 0x105f094c0 => 0x105f096d0
20260528 224206.277 INFO             PET2       MODEL: Run extro {ES}:! <typekind: Real*8> <rank:    2> <dimCount:    2>
20260528 224206.277 INFO             PET2       MODEL: Run extro {ES}:! ! --- Array::log() start -----------------------------------
20260528 224206.277 INFO             PET2       MODEL: Run extro {ES}:! ! 0x107010e00
20260528 224206.277 INFO             PET2       MODEL: Run extro {ES}:! ! <name: rsns>
20260528 224206.277 INFO             PET2       MODEL: Run extro {ES}:! ! ! --- DistGrid::log() start --------------------------------
20260528 224206.277 INFO             PET2       MODEL: Run extro {ES}:! ! ! 0x10700d000
20260528 224206.277 INFO             PET2       MODEL: Run extro {ES}:! ! ! DistGrid object is valid!<name: DG-Grid004-sloc:0>
20260528 224206.277 INFO             PET2       MODEL: Run extro {ES}:! ! ! --- DistGrid::log() end ----------------------------------
20260528 224206.277 INFO             PET2       MODEL: Run extro {ES}:! ! --- Array::log() end -------------------------------------
20260528 224206.277 INFO             PET2       MODEL: Run extro {ES}:!--- FieldLog() end -------------------
20260528 224206.277 INFO             PET2       MODEL: Run extro {ES}:--- StateLog() end -------------------
20260528 224206.277 INFO             PET2     MODEL: Run extro.
20260528 224206.277 INFO             PET2     driver: RunSequence event loopLevel=   1  levelMember=   1  loopIteration=   2, current time:    0  1  1  0  0 30   0
20260528 224206.277 INFO             PET2     MODEL: Run intro.
20260528 224206.277 INFO             PET2       MODEL: Run intro {IS}:--- StateLog() start -----------------
20260528 224206.277 INFO             PET2       MODEL: Run intro {IS}:<name: MODEL-ImportState> <intent: ESMF_STATEINTENT_IMPORT> <itemCount:    0>
20260528 224206.277 INFO             PET2       MODEL: Run intro {IS}:--- StateLog() end -------------------
20260528 224206.277 INFO             PET2       MODEL: Run intro {ES}:--- StateLog() start -----------------
20260528 224206.277 INFO             PET2       MODEL: Run intro {ES}:<name: MODEL-ExportState> <intent: ESMF_STATEINTENT_EXPORT> <itemCount:    2>
20260528 224206.277 INFO             PET2       MODEL: Run intro {ES}:+-<item: 0001> <itemType: Field> <itemName: pmsl>
20260528 224206.277 INFO             PET2       MODEL: Run intro {ES}:!--- FieldLog() start -----------------
20260528 224206.277 INFO             PET2       MODEL: Run intro {ES}:! <name: pmsl> <fieldStatus: ESMF_FIELDSTATUS_COMPLETE>
20260528 224206.277 INFO             PET2       MODEL: Run intro {ES}:! 0x16daa4e18 => 0x105f08060 => 0x105f08e30
20260528 224206.277 INFO             PET2       MODEL: Run intro {ES}:! <typekind: Real*8> <rank:    2> <dimCount:    2>
20260528 224206.277 INFO             PET2       MODEL: Run intro {ES}:! ! --- Array::log() start -----------------------------------
20260528 224206.277 INFO             PET2       MODEL: Run intro {ES}:! ! 0x10700f800
20260528 224206.277 INFO             PET2       MODEL: Run intro {ES}:! ! <name: pmsl>
20260528 224206.277 INFO             PET2       MODEL: Run intro {ES}:! ! ! --- DistGrid::log() start --------------------------------
20260528 224206.277 INFO             PET2       MODEL: Run intro {ES}:! ! ! 0x10700d000
20260528 224206.277 INFO             PET2       MODEL: Run intro {ES}:! ! ! DistGrid object is valid!<name: DG-Grid004-sloc:0>
20260528 224206.277 INFO             PET2       MODEL: Run intro {ES}:! ! ! --- DistGrid::log() end ----------------------------------
20260528 224206.277 INFO             PET2       MODEL: Run intro {ES}:! ! --- Array::log() end -------------------------------------
20260528 224206.277 INFO             PET2       MODEL: Run intro {ES}:!--- FieldLog() end -------------------
20260528 224206.277 INFO             PET2       MODEL: Run intro {ES}:+-<item: 0002> <itemType: Field> <itemName: rsns>
20260528 224206.277 INFO             PET2       MODEL: Run intro {ES}:!--- FieldLog() start -----------------
20260528 224206.277 INFO             PET2       MODEL: Run intro {ES}:! <name: rsns> <fieldStatus: ESMF_FIELDSTATUS_COMPLETE>
20260528 224206.277 INFO             PET2       MODEL: Run intro {ES}:! 0x16daa4e18 => 0x105f094c0 => 0x105f096d0
20260528 224206.277 INFO             PET2       MODEL: Run intro {ES}:! <typekind: Real*8> <rank:    2> <dimCount:    2>
20260528 224206.277 INFO             PET2       MODEL: Run intro {ES}:! ! --- Array::log() start -----------------------------------
20260528 224206.277 INFO             PET2       MODEL: Run intro {ES}:! ! 0x107010e00
20260528 224206.277 INFO             PET2       MODEL: Run intro {ES}:! ! <name: rsns>
20260528 224206.277 INFO             PET2       MODEL: Run intro {ES}:! ! ! --- DistGrid::log() start --------------------------------
20260528 224206.277 INFO             PET2       MODEL: Run intro {ES}:! ! ! 0x10700d000
20260528 224206.277 INFO             PET2       MODEL: Run intro {ES}:! ! ! DistGrid object is valid!<name: DG-Grid004-sloc:0>
20260528 224206.277 INFO             PET2       MODEL: Run intro {ES}:! ! ! --- DistGrid::log() end ----------------------------------
20260528 224206.277 INFO             PET2       MODEL: Run intro {ES}:! ! --- Array::log() end -------------------------------------
20260528 224206.277 INFO             PET2       MODEL: Run intro {ES}:!--- FieldLog() end -------------------
20260528 224206.277 INFO             PET2       MODEL: Run intro {ES}:--- StateLog() end -------------------
20260528 224206.277 INFO             PET2       >>>MODEL: entered Run (phase=RunPhase1) with current time:    0  1  1  0  0 30   0
20260528 224206.277 INFO             PET2       MODEL: time step-loop starting, current time:    0  1  1  0  0 30   0
20260528 224206.277 INFO             PET2       ---->Advancing Model from:    0  1  1  0  0 30   0
20260528 224206.277 INFO             PET2       ---------------------> to:    0  1  1  0  1  0   0
20260528 224206.277 INFO             PET2       MODEL: time step-loop ending,   current time:    0  1  1  0  1  0   0
20260528 224206.277 INFO             PET2       <<<MODEL: leaving Run (phase=RunPhase1) with current time:    0  1  1  0  1  0   0
20260528 224206.277 INFO             PET2       MODEL: Run extro {IS}:--- StateLog() start -----------------
20260528 224206.277 INFO             PET2       MODEL: Run extro {IS}:<name: MODEL-ImportState> <intent: ESMF_STATEINTENT_IMPORT> <itemCount:    0>
20260528 224206.277 INFO             PET2       MODEL: Run extro {IS}:--- StateLog() end -------------------
20260528 224206.277 INFO             PET2       MODEL: Run extro {ES}:--- StateLog() start -----------------
20260528 224206.277 INFO             PET2       MODEL: Run extro {ES}:<name: MODEL-ExportState> <intent: ESMF_STATEINTENT_EXPORT> <itemCount:    2>
20260528 224206.277 INFO             PET2       MODEL: Run extro {ES}:+-<item: 0001> <itemType: Field> <itemName: pmsl>
20260528 224206.277 INFO             PET2       MODEL: Run extro {ES}:!--- FieldLog() start -----------------
20260528 224206.277 INFO             PET2       MODEL: Run extro {ES}:! <name: pmsl> <fieldStatus: ESMF_FIELDSTATUS_COMPLETE>
20260528 224206.277 INFO             PET2       MODEL: Run extro {ES}:! 0x16daa5128 => 0x105f08060 => 0x105f08e30
20260528 224206.277 INFO             PET2       MODEL: Run extro {ES}:! <typekind: Real*8> <rank:    2> <dimCount:    2>
20260528 224206.277 INFO             PET2       MODEL: Run extro {ES}:! ! --- Array::log() start -----------------------------------
20260528 224206.277 INFO             PET2       MODEL: Run extro {ES}:! ! 0x10700f800
20260528 224206.277 INFO             PET2       MODEL: Run extro {ES}:! ! <name: pmsl>
20260528 224206.277 INFO             PET2       MODEL: Run extro {ES}:! ! ! --- DistGrid::log() start --------------------------------
20260528 224206.277 INFO             PET2       MODEL: Run extro {ES}:! ! ! 0x10700d000
20260528 224206.277 INFO             PET2       MODEL: Run extro {ES}:! ! ! DistGrid object is valid!<name: DG-Grid004-sloc:0>
20260528 224206.277 INFO             PET2       MODEL: Run extro {ES}:! ! ! --- DistGrid::log() end ----------------------------------
20260528 224206.277 INFO             PET2       MODEL: Run extro {ES}:! ! --- Array::log() end -------------------------------------
20260528 224206.277 INFO             PET2       MODEL: Run extro {ES}:!--- FieldLog() end -------------------
20260528 224206.277 INFO             PET2       MODEL: Run extro {ES}:+-<item: 0002> <itemType: Field> <itemName: rsns>
20260528 224206.277 INFO             PET2       MODEL: Run extro {ES}:!--- FieldLog() start -----------------
20260528 224206.277 INFO             PET2       MODEL: Run extro {ES}:! <name: rsns> <fieldStatus: ESMF_FIELDSTATUS_COMPLETE>
20260528 224206.277 INFO             PET2       MODEL: Run extro {ES}:! 0x16daa5128 => 0x105f094c0 => 0x105f096d0
20260528 224206.277 INFO             PET2       MODEL: Run extro {ES}:! <typekind: Real*8> <rank:    2> <dimCount:    2>
20260528 224206.277 INFO             PET2       MODEL: Run extro {ES}:! ! --- Array::log() start -----------------------------------
20260528 224206.277 INFO             PET2       MODEL: Run extro {ES}:! ! 0x107010e00
20260528 224206.277 INFO             PET2       MODEL: Run extro {ES}:! ! <name: rsns>
20260528 224206.277 INFO             PET2       MODEL: Run extro {ES}:! ! ! --- DistGrid::log() start --------------------------------
20260528 224206.277 INFO             PET2       MODEL: Run extro {ES}:! ! ! 0x10700d000
20260528 224206.277 INFO             PET2       MODEL: Run extro {ES}:! ! ! DistGrid object is valid!<name: DG-Grid004-sloc:0>
20260528 224206.277 INFO             PET2       MODEL: Run extro {ES}:! ! ! --- DistGrid::log() end ----------------------------------
20260528 224206.277 INFO             PET2       MODEL: Run extro {ES}:! ! --- Array::log() end -------------------------------------
20260528 224206.277 INFO             PET2       MODEL: Run extro {ES}:!--- FieldLog() end -------------------
20260528 224206.277 INFO             PET2       MODEL: Run extro {ES}:--- StateLog() end -------------------
20260528 224206.278 INFO             PET2     MODEL: Run extro.
20260528 224206.278 INFO             PET2     driver: RunSequence event loopLevel=   1  levelMember=   1  loopIteration=   3, current time:    0  1  1  0  1  0   0
20260528 224206.278 INFO             PET2     MODEL: Run intro.
20260528 224206.278 INFO             PET2       MODEL: Run intro {IS}:--- StateLog() start -----------------
20260528 224206.278 INFO             PET2       MODEL: Run intro {IS}:<name: MODEL-ImportState> <intent: ESMF_STATEINTENT_IMPORT> <itemCount:    0>
20260528 224206.278 INFO             PET2       MODEL: Run intro {IS}:--- StateLog() end -------------------
20260528 224206.278 INFO             PET2       MODEL: Run intro {ES}:--- StateLog() start -----------------
20260528 224206.278 INFO             PET2       MODEL: Run intro {ES}:<name: MODEL-ExportState> <intent: ESMF_STATEINTENT_EXPORT> <itemCount:    2>
20260528 224206.278 INFO             PET2       MODEL: Run intro {ES}:+-<item: 0001> <itemType: Field> <itemName: pmsl>
20260528 224206.278 INFO             PET2       MODEL: Run intro {ES}:!--- FieldLog() start -----------------
20260528 224206.278 INFO             PET2       MODEL: Run intro {ES}:! <name: pmsl> <fieldStatus: ESMF_FIELDSTATUS_COMPLETE>
20260528 224206.278 INFO             PET2       MODEL: Run intro {ES}:! 0x16daa4e18 => 0x105f08060 => 0x105f08e30
20260528 224206.278 INFO             PET2       MODEL: Run intro {ES}:! <typekind: Real*8> <rank:    2> <dimCount:    2>
20260528 224206.278 INFO             PET2       MODEL: Run intro {ES}:! ! --- Array::log() start -----------------------------------
20260528 224206.278 INFO             PET2       MODEL: Run intro {ES}:! ! 0x10700f800
20260528 224206.278 INFO             PET2       MODEL: Run intro {ES}:! ! <name: pmsl>
20260528 224206.278 INFO             PET2       MODEL: Run intro {ES}:! ! ! --- DistGrid::log() start --------------------------------
20260528 224206.278 INFO             PET2       MODEL: Run intro {ES}:! ! ! 0x10700d000
20260528 224206.278 INFO             PET2       MODEL: Run intro {ES}:! ! ! DistGrid object is valid!<name: DG-Grid004-sloc:0>
20260528 224206.278 INFO             PET2       MODEL: Run intro {ES}:! ! ! --- DistGrid::log() end ----------------------------------
20260528 224206.278 INFO             PET2       MODEL: Run intro {ES}:! ! --- Array::log() end -------------------------------------
20260528 224206.278 INFO             PET2       MODEL: Run intro {ES}:!--- FieldLog() end -------------------
20260528 224206.278 INFO             PET2       MODEL: Run intro {ES}:+-<item: 0002> <itemType: Field> <itemName: rsns>
20260528 224206.278 INFO             PET2       MODEL: Run intro {ES}:!--- FieldLog() start -----------------
20260528 224206.278 INFO             PET2       MODEL: Run intro {ES}:! <name: rsns> <fieldStatus: ESMF_FIELDSTATUS_COMPLETE>
20260528 224206.278 INFO             PET2       MODEL: Run intro {ES}:! 0x16daa4e18 => 0x105f094c0 => 0x105f096d0
20260528 224206.278 INFO             PET2       MODEL: Run intro {ES}:! <typekind: Real*8> <rank:    2> <dimCount:    2>
20260528 224206.278 INFO             PET2       MODEL: Run intro {ES}:! ! --- Array::log() start -----------------------------------
20260528 224206.278 INFO             PET2       MODEL: Run intro {ES}:! ! 0x107010e00
20260528 224206.278 INFO             PET2       MODEL: Run intro {ES}:! ! <name: rsns>
20260528 224206.278 INFO             PET2       MODEL: Run intro {ES}:! ! ! --- DistGrid::log() start --------------------------------
20260528 224206.278 INFO             PET2       MODEL: Run intro {ES}:! ! ! 0x10700d000
20260528 224206.278 INFO             PET2       MODEL: Run intro {ES}:! ! ! DistGrid object is valid!<name: DG-Grid004-sloc:0>
20260528 224206.278 INFO             PET2       MODEL: Run intro {ES}:! ! ! --- DistGrid::log() end ----------------------------------
20260528 224206.278 INFO             PET2       MODEL: Run intro {ES}:! ! --- Array::log() end -------------------------------------
20260528 224206.278 INFO             PET2       MODEL: Run intro {ES}:!--- FieldLog() end -------------------
20260528 224206.278 INFO             PET2       MODEL: Run intro {ES}:--- StateLog() end -------------------
20260528 224206.278 INFO             PET2       >>>MODEL: entered Run (phase=RunPhase1) with current time:    0  1  1  0  1  0   0
20260528 224206.278 INFO             PET2       MODEL: time step-loop starting, current time:    0  1  1  0  1  0   0
20260528 224206.278 INFO             PET2       ---->Advancing Model from:    0  1  1  0  1  0   0
20260528 224206.278 INFO             PET2       ---------------------> to:    0  1  1  0  1 30   0
20260528 224206.278 INFO             PET2       MODEL: time step-loop ending,   current time:    0  1  1  0  1 30   0
20260528 224206.278 INFO             PET2       <<<MODEL: leaving Run (phase=RunPhase1) with current time:    0  1  1  0  1 30   0
20260528 224206.278 INFO             PET2       MODEL: Run extro {IS}:--- StateLog() start -----------------
20260528 224206.278 INFO             PET2       MODEL: Run extro {IS}:<name: MODEL-ImportState> <intent: ESMF_STATEINTENT_IMPORT> <itemCount:    0>
20260528 224206.278 INFO             PET2       MODEL: Run extro {IS}:--- StateLog() end -------------------
20260528 224206.278 INFO             PET2       MODEL: Run extro {ES}:--- StateLog() start -----------------
20260528 224206.278 INFO             PET2       MODEL: Run extro {ES}:<name: MODEL-ExportState> <intent: ESMF_STATEINTENT_EXPORT> <itemCount:    2>
20260528 224206.278 INFO             PET2       MODEL: Run extro {ES}:+-<item: 0001> <itemType: Field> <itemName: pmsl>
20260528 224206.278 INFO             PET2       MODEL: Run extro {ES}:!--- FieldLog() start -----------------
20260528 224206.278 INFO             PET2       MODEL: Run extro {ES}:! <name: pmsl> <fieldStatus: ESMF_FIELDSTATUS_COMPLETE>
20260528 224206.278 INFO             PET2       MODEL: Run extro {ES}:! 0x16daa5128 => 0x105f08060 => 0x105f08e30
20260528 224206.278 INFO             PET2       MODEL: Run extro {ES}:! <typekind: Real*8> <rank:    2> <dimCount:    2>
20260528 224206.278 INFO             PET2       MODEL: Run extro {ES}:! ! --- Array::log() start -----------------------------------
20260528 224206.278 INFO             PET2       MODEL: Run extro {ES}:! ! 0x10700f800
20260528 224206.278 INFO             PET2       MODEL: Run extro {ES}:! ! <name: pmsl>
20260528 224206.278 INFO             PET2       MODEL: Run extro {ES}:! ! ! --- DistGrid::log() start --------------------------------
20260528 224206.278 INFO             PET2       MODEL: Run extro {ES}:! ! ! 0x10700d000
20260528 224206.278 INFO             PET2       MODEL: Run extro {ES}:! ! ! DistGrid object is valid!<name: DG-Grid004-sloc:0>
20260528 224206.278 INFO             PET2       MODEL: Run extro {ES}:! ! ! --- DistGrid::log() end ----------------------------------
20260528 224206.278 INFO             PET2       MODEL: Run extro {ES}:! ! --- Array::log() end -------------------------------------
20260528 224206.278 INFO             PET2       MODEL: Run extro {ES}:!--- FieldLog() end -------------------
20260528 224206.278 INFO             PET2       MODEL: Run extro {ES}:+-<item: 0002> <itemType: Field> <itemName: rsns>
20260528 224206.278 INFO             PET2       MODEL: Run extro {ES}:!--- FieldLog() start -----------------
20260528 224206.278 INFO             PET2       MODEL: Run extro {ES}:! <name: rsns> <fieldStatus: ESMF_FIELDSTATUS_COMPLETE>
20260528 224206.278 INFO             PET2       MODEL: Run extro {ES}:! 0x16daa5128 => 0x105f094c0 => 0x105f096d0
20260528 224206.278 INFO             PET2       MODEL: Run extro {ES}:! <typekind: Real*8> <rank:    2> <dimCount:    2>
20260528 224206.278 INFO             PET2       MODEL: Run extro {ES}:! ! --- Array::log() start -----------------------------------
20260528 224206.278 INFO             PET2       MODEL: Run extro {ES}:! ! 0x107010e00
20260528 224206.278 INFO             PET2       MODEL: Run extro {ES}:! ! <name: rsns>
20260528 224206.278 INFO             PET2       MODEL: Run extro {ES}:! ! ! --- DistGrid::log() start --------------------------------
20260528 224206.278 INFO             PET2       MODEL: Run extro {ES}:! ! ! 0x10700d000
20260528 224206.278 INFO             PET2       MODEL: Run extro {ES}:! ! ! DistGrid object is valid!<name: DG-Grid004-sloc:0>
20260528 224206.278 INFO             PET2       MODEL: Run extro {ES}:! ! ! --- DistGrid::log() end ----------------------------------
20260528 224206.278 INFO             PET2       MODEL: Run extro {ES}:! ! --- Array::log() end -------------------------------------
20260528 224206.278 INFO             PET2       MODEL: Run extro {ES}:!--- FieldLog() end -------------------
20260528 224206.278 INFO             PET2       MODEL: Run extro {ES}:--- StateLog() end -------------------
20260528 224206.278 INFO             PET2     MODEL: Run extro.
20260528 224206.278 INFO             PET2     driver: RunSequence event loopLevel=   1  levelMember=   1  loopIteration=   4, current time:    0  1  1  0  1 30   0
20260528 224206.278 INFO             PET2     MODEL: Run intro.
20260528 224206.278 INFO             PET2       MODEL: Run intro {IS}:--- StateLog() start -----------------
20260528 224206.278 INFO             PET2       MODEL: Run intro {IS}:<name: MODEL-ImportState> <intent: ESMF_STATEINTENT_IMPORT> <itemCount:    0>
20260528 224206.278 INFO             PET2       MODEL: Run intro {IS}:--- StateLog() end -------------------
20260528 224206.278 INFO             PET2       MODEL: Run intro {ES}:--- StateLog() start -----------------
20260528 224206.278 INFO             PET2       MODEL: Run intro {ES}:<name: MODEL-ExportState> <intent: ESMF_STATEINTENT_EXPORT> <itemCount:    2>
20260528 224206.278 INFO             PET2       MODEL: Run intro {ES}:+-<item: 0001> <itemType: Field> <itemName: pmsl>
20260528 224206.278 INFO             PET2       MODEL: Run intro {ES}:!--- FieldLog() start -----------------
20260528 224206.278 INFO             PET2       MODEL: Run intro {ES}:! <name: pmsl> <fieldStatus: ESMF_FIELDSTATUS_COMPLETE>
20260528 224206.278 INFO             PET2       MODEL: Run intro {ES}:! 0x16daa4e18 => 0x105f08060 => 0x105f08e30
20260528 224206.278 INFO             PET2       MODEL: Run intro {ES}:! <typekind: Real*8> <rank:    2> <dimCount:    2>
20260528 224206.278 INFO             PET2       MODEL: Run intro {ES}:! ! --- Array::log() start -----------------------------------
20260528 224206.278 INFO             PET2       MODEL: Run intro {ES}:! ! 0x10700f800
20260528 224206.278 INFO             PET2       MODEL: Run intro {ES}:! ! <name: pmsl>
20260528 224206.278 INFO             PET2       MODEL: Run intro {ES}:! ! ! --- DistGrid::log() start --------------------------------
20260528 224206.278 INFO             PET2       MODEL: Run intro {ES}:! ! ! 0x10700d000
20260528 224206.278 INFO             PET2       MODEL: Run intro {ES}:! ! ! DistGrid object is valid!<name: DG-Grid004-sloc:0>
20260528 224206.278 INFO             PET2       MODEL: Run intro {ES}:! ! ! --- DistGrid::log() end ----------------------------------
20260528 224206.278 INFO             PET2       MODEL: Run intro {ES}:! ! --- Array::log() end -------------------------------------
20260528 224206.278 INFO             PET2       MODEL: Run intro {ES}:!--- FieldLog() end -------------------
20260528 224206.278 INFO             PET2       MODEL: Run intro {ES}:+-<item: 0002> <itemType: Field> <itemName: rsns>
20260528 224206.278 INFO             PET2       MODEL: Run intro {ES}:!--- FieldLog() start -----------------
20260528 224206.278 INFO             PET2       MODEL: Run intro {ES}:! <name: rsns> <fieldStatus: ESMF_FIELDSTATUS_COMPLETE>
20260528 224206.278 INFO             PET2       MODEL: Run intro {ES}:! 0x16daa4e18 => 0x105f094c0 => 0x105f096d0
20260528 224206.278 INFO             PET2       MODEL: Run intro {ES}:! <typekind: Real*8> <rank:    2> <dimCount:    2>
20260528 224206.278 INFO             PET2       MODEL: Run intro {ES}:! ! --- Array::log() start -----------------------------------
20260528 224206.278 INFO             PET2       MODEL: Run intro {ES}:! ! 0x107010e00
20260528 224206.278 INFO             PET2       MODEL: Run intro {ES}:! ! <name: rsns>
20260528 224206.278 INFO             PET2       MODEL: Run intro {ES}:! ! ! --- DistGrid::log() start --------------------------------
20260528 224206.278 INFO             PET2       MODEL: Run intro {ES}:! ! ! 0x10700d000
20260528 224206.278 INFO             PET2       MODEL: Run intro {ES}:! ! ! DistGrid object is valid!<name: DG-Grid004-sloc:0>
20260528 224206.278 INFO             PET2       MODEL: Run intro {ES}:! ! ! --- DistGrid::log() end ----------------------------------
20260528 224206.278 INFO             PET2       MODEL: Run intro {ES}:! ! --- Array::log() end -------------------------------------
20260528 224206.278 INFO             PET2       MODEL: Run intro {ES}:!--- FieldLog() end -------------------
20260528 224206.278 INFO             PET2       MODEL: Run intro {ES}:--- StateLog() end -------------------
20260528 224206.278 INFO             PET2       >>>MODEL: entered Run (phase=RunPhase1) with current time:    0  1  1  0  1 30   0
20260528 224206.278 INFO             PET2       MODEL: time step-loop starting, current time:    0  1  1  0  1 30   0
20260528 224206.278 INFO             PET2       ---->Advancing Model from:    0  1  1  0  1 30   0
20260528 224206.278 INFO             PET2       ---------------------> to:    0  1  1  0  2  0   0
20260528 224206.278 INFO             PET2       MODEL: time step-loop ending,   current time:    0  1  1  0  2  0   0
20260528 224206.278 INFO             PET2       <<<MODEL: leaving Run (phase=RunPhase1) with current time:    0  1  1  0  2  0   0
20260528 224206.278 INFO             PET2       MODEL: Run extro {IS}:--- StateLog() start -----------------
20260528 224206.278 INFO             PET2       MODEL: Run extro {IS}:<name: MODEL-ImportState> <intent: ESMF_STATEINTENT_IMPORT> <itemCount:    0>
20260528 224206.278 INFO             PET2       MODEL: Run extro {IS}:--- StateLog() end -------------------
20260528 224206.278 INFO             PET2       MODEL: Run extro {ES}:--- StateLog() start -----------------
20260528 224206.278 INFO             PET2       MODEL: Run extro {ES}:<name: MODEL-ExportState> <intent: ESMF_STATEINTENT_EXPORT> <itemCount:    2>
20260528 224206.278 INFO             PET2       MODEL: Run extro {ES}:+-<item: 0001> <itemType: Field> <itemName: pmsl>
20260528 224206.278 INFO             PET2       MODEL: Run extro {ES}:!--- FieldLog() start -----------------
20260528 224206.278 INFO             PET2       MODEL: Run extro {ES}:! <name: pmsl> <fieldStatus: ESMF_FIELDSTATUS_COMPLETE>
20260528 224206.278 INFO             PET2       MODEL: Run extro {ES}:! 0x16daa5128 => 0x105f08060 => 0x105f08e30
20260528 224206.278 INFO             PET2       MODEL: Run extro {ES}:! <typekind: Real*8> <rank:    2> <dimCount:    2>
20260528 224206.278 INFO             PET2       MODEL: Run extro {ES}:! ! --- Array::log() start -----------------------------------
20260528 224206.278 INFO             PET2       MODEL: Run extro {ES}:! ! 0x10700f800
20260528 224206.278 INFO             PET2       MODEL: Run extro {ES}:! ! <name: pmsl>
20260528 224206.278 INFO             PET2       MODEL: Run extro {ES}:! ! ! --- DistGrid::log() start --------------------------------
20260528 224206.278 INFO             PET2       MODEL: Run extro {ES}:! ! ! 0x10700d000
20260528 224206.278 INFO             PET2       MODEL: Run extro {ES}:! ! ! DistGrid object is valid!<name: DG-Grid004-sloc:0>
20260528 224206.278 INFO             PET2       MODEL: Run extro {ES}:! ! ! --- DistGrid::log() end ----------------------------------
20260528 224206.278 INFO             PET2       MODEL: Run extro {ES}:! ! --- Array::log() end -------------------------------------
20260528 224206.278 INFO             PET2       MODEL: Run extro {ES}:!--- FieldLog() end -------------------
20260528 224206.278 INFO             PET2       MODEL: Run extro {ES}:+-<item: 0002> <itemType: Field> <itemName: rsns>
20260528 224206.278 INFO             PET2       MODEL: Run extro {ES}:!--- FieldLog() start -----------------
20260528 224206.278 INFO             PET2       MODEL: Run extro {ES}:! <name: rsns> <fieldStatus: ESMF_FIELDSTATUS_COMPLETE>
20260528 224206.278 INFO             PET2       MODEL: Run extro {ES}:! 0x16daa5128 => 0x105f094c0 => 0x105f096d0
20260528 224206.278 INFO             PET2       MODEL: Run extro {ES}:! <typekind: Real*8> <rank:    2> <dimCount:    2>
20260528 224206.278 INFO             PET2       MODEL: Run extro {ES}:! ! --- Array::log() start -----------------------------------
20260528 224206.278 INFO             PET2       MODEL: Run extro {ES}:! ! 0x107010e00
20260528 224206.278 INFO             PET2       MODEL: Run extro {ES}:! ! <name: rsns>
20260528 224206.278 INFO             PET2       MODEL: Run extro {ES}:! ! ! --- DistGrid::log() start --------------------------------
20260528 224206.278 INFO             PET2       MODEL: Run extro {ES}:! ! ! 0x10700d000
20260528 224206.278 INFO             PET2       MODEL: Run extro {ES}:! ! ! DistGrid object is valid!<name: DG-Grid004-sloc:0>
20260528 224206.278 INFO             PET2       MODEL: Run extro {ES}:! ! ! --- DistGrid::log() end ----------------------------------
20260528 224206.278 INFO             PET2       MODEL: Run extro {ES}:! ! --- Array::log() end -------------------------------------
20260528 224206.278 INFO             PET2       MODEL: Run extro {ES}:!--- FieldLog() end -------------------
20260528 224206.278 INFO             PET2       MODEL: Run extro {ES}:--- StateLog() end -------------------
20260528 224206.278 INFO             PET2     MODEL: Run extro.
20260528 224206.278 INFO             PET2     driver: RunSequence event loopLevel=   1  levelMember=   1  loopIteration=   5, current time:    0  1  1  0  2  0   0
20260528 224206.278 INFO             PET2     MODEL: Run intro.
20260528 224206.278 INFO             PET2       MODEL: Run intro {IS}:--- StateLog() start -----------------
20260528 224206.278 INFO             PET2       MODEL: Run intro {IS}:<name: MODEL-ImportState> <intent: ESMF_STATEINTENT_IMPORT> <itemCount:    0>
20260528 224206.278 INFO             PET2       MODEL: Run intro {IS}:--- StateLog() end -------------------
20260528 224206.278 INFO             PET2       MODEL: Run intro {ES}:--- StateLog() start -----------------
20260528 224206.278 INFO             PET2       MODEL: Run intro {ES}:<name: MODEL-ExportState> <intent: ESMF_STATEINTENT_EXPORT> <itemCount:    2>
20260528 224206.278 INFO             PET2       MODEL: Run intro {ES}:+-<item: 0001> <itemType: Field> <itemName: pmsl>
20260528 224206.278 INFO             PET2       MODEL: Run intro {ES}:!--- FieldLog() start -----------------
20260528 224206.278 INFO             PET2       MODEL: Run intro {ES}:! <name: pmsl> <fieldStatus: ESMF_FIELDSTATUS_COMPLETE>
20260528 224206.278 INFO             PET2       MODEL: Run intro {ES}:! 0x16daa4e18 => 0x105f08060 => 0x105f08e30
20260528 224206.278 INFO             PET2       MODEL: Run intro {ES}:! <typekind: Real*8> <rank:    2> <dimCount:    2>
20260528 224206.278 INFO             PET2       MODEL: Run intro {ES}:! ! --- Array::log() start -----------------------------------
20260528 224206.278 INFO             PET2       MODEL: Run intro {ES}:! ! 0x10700f800
20260528 224206.278 INFO             PET2       MODEL: Run intro {ES}:! ! <name: pmsl>
20260528 224206.278 INFO             PET2       MODEL: Run intro {ES}:! ! ! --- DistGrid::log() start --------------------------------
20260528 224206.278 INFO             PET2       MODEL: Run intro {ES}:! ! ! 0x10700d000
20260528 224206.278 INFO             PET2       MODEL: Run intro {ES}:! ! ! DistGrid object is valid!<name: DG-Grid004-sloc:0>
20260528 224206.278 INFO             PET2       MODEL: Run intro {ES}:! ! ! --- DistGrid::log() end ----------------------------------
20260528 224206.278 INFO             PET2       MODEL: Run intro {ES}:! ! --- Array::log() end -------------------------------------
20260528 224206.278 INFO             PET2       MODEL: Run intro {ES}:!--- FieldLog() end -------------------
20260528 224206.278 INFO             PET2       MODEL: Run intro {ES}:+-<item: 0002> <itemType: Field> <itemName: rsns>
20260528 224206.278 INFO             PET2       MODEL: Run intro {ES}:!--- FieldLog() start -----------------
20260528 224206.278 INFO             PET2       MODEL: Run intro {ES}:! <name: rsns> <fieldStatus: ESMF_FIELDSTATUS_COMPLETE>
20260528 224206.278 INFO             PET2       MODEL: Run intro {ES}:! 0x16daa4e18 => 0x105f094c0 => 0x105f096d0
20260528 224206.279 INFO             PET2       MODEL: Run intro {ES}:! <typekind: Real*8> <rank:    2> <dimCount:    2>
20260528 224206.279 INFO             PET2       MODEL: Run intro {ES}:! ! --- Array::log() start -----------------------------------
20260528 224206.279 INFO             PET2       MODEL: Run intro {ES}:! ! 0x107010e00
20260528 224206.279 INFO             PET2       MODEL: Run intro {ES}:! ! <name: rsns>
20260528 224206.279 INFO             PET2       MODEL: Run intro {ES}:! ! ! --- DistGrid::log() start --------------------------------
20260528 224206.279 INFO             PET2       MODEL: Run intro {ES}:! ! ! 0x10700d000
20260528 224206.279 INFO             PET2       MODEL: Run intro {ES}:! ! ! DistGrid object is valid!<name: DG-Grid004-sloc:0>
20260528 224206.279 INFO             PET2       MODEL: Run intro {ES}:! ! ! --- DistGrid::log() end ----------------------------------
20260528 224206.279 INFO             PET2       MODEL: Run intro {ES}:! ! --- Array::log() end -------------------------------------
20260528 224206.279 INFO             PET2       MODEL: Run intro {ES}:!--- FieldLog() end -------------------
20260528 224206.279 INFO             PET2       MODEL: Run intro {ES}:--- StateLog() end -------------------
20260528 224206.279 INFO             PET2       >>>MODEL: entered Run (phase=RunPhase1) with current time:    0  1  1  0  2  0   0
20260528 224206.279 INFO             PET2       MODEL: time step-loop starting, current time:    0  1  1  0  2  0   0
20260528 224206.279 INFO             PET2       ---->Advancing Model from:    0  1  1  0  2  0   0
20260528 224206.279 INFO             PET2       ---------------------> to:    0  1  1  0  2 30   0
20260528 224206.279 INFO             PET2       MODEL: time step-loop ending,   current time:    0  1  1  0  2 30   0
20260528 224206.279 INFO             PET2       <<<MODEL: leaving Run (phase=RunPhase1) with current time:    0  1  1  0  2 30   0
20260528 224206.279 INFO             PET2       MODEL: Run extro {IS}:--- StateLog() start -----------------
20260528 224206.279 INFO             PET2       MODEL: Run extro {IS}:<name: MODEL-ImportState> <intent: ESMF_STATEINTENT_IMPORT> <itemCount:    0>
20260528 224206.279 INFO             PET2       MODEL: Run extro {IS}:--- StateLog() end -------------------
20260528 224206.279 INFO             PET2       MODEL: Run extro {ES}:--- StateLog() start -----------------
20260528 224206.279 INFO             PET2       MODEL: Run extro {ES}:<name: MODEL-ExportState> <intent: ESMF_STATEINTENT_EXPORT> <itemCount:    2>
20260528 224206.279 INFO             PET2       MODEL: Run extro {ES}:+-<item: 0001> <itemType: Field> <itemName: pmsl>
20260528 224206.279 INFO             PET2       MODEL: Run extro {ES}:!--- FieldLog() start -----------------
20260528 224206.279 INFO             PET2       MODEL: Run extro {ES}:! <name: pmsl> <fieldStatus: ESMF_FIELDSTATUS_COMPLETE>
20260528 224206.279 INFO             PET2       MODEL: Run extro {ES}:! 0x16daa5128 => 0x105f08060 => 0x105f08e30
20260528 224206.279 INFO             PET2       MODEL: Run extro {ES}:! <typekind: Real*8> <rank:    2> <dimCount:    2>
20260528 224206.279 INFO             PET2       MODEL: Run extro {ES}:! ! --- Array::log() start -----------------------------------
20260528 224206.279 INFO             PET2       MODEL: Run extro {ES}:! ! 0x10700f800
20260528 224206.279 INFO             PET2       MODEL: Run extro {ES}:! ! <name: pmsl>
20260528 224206.279 INFO             PET2       MODEL: Run extro {ES}:! ! ! --- DistGrid::log() start --------------------------------
20260528 224206.279 INFO             PET2       MODEL: Run extro {ES}:! ! ! 0x10700d000
20260528 224206.279 INFO             PET2       MODEL: Run extro {ES}:! ! ! DistGrid object is valid!<name: DG-Grid004-sloc:0>
20260528 224206.279 INFO             PET2       MODEL: Run extro {ES}:! ! ! --- DistGrid::log() end ----------------------------------
20260528 224206.279 INFO             PET2       MODEL: Run extro {ES}:! ! --- Array::log() end -------------------------------------
20260528 224206.279 INFO             PET2       MODEL: Run extro {ES}:!--- FieldLog() end -------------------
20260528 224206.279 INFO             PET2       MODEL: Run extro {ES}:+-<item: 0002> <itemType: Field> <itemName: rsns>
20260528 224206.279 INFO             PET2       MODEL: Run extro {ES}:!--- FieldLog() start -----------------
20260528 224206.279 INFO             PET2       MODEL: Run extro {ES}:! <name: rsns> <fieldStatus: ESMF_FIELDSTATUS_COMPLETE>
20260528 224206.279 INFO             PET2       MODEL: Run extro {ES}:! 0x16daa5128 => 0x105f094c0 => 0x105f096d0
20260528 224206.279 INFO             PET2       MODEL: Run extro {ES}:! <typekind: Real*8> <rank:    2> <dimCount:    2>
20260528 224206.279 INFO             PET2       MODEL: Run extro {ES}:! ! --- Array::log() start -----------------------------------
20260528 224206.279 INFO             PET2       MODEL: Run extro {ES}:! ! 0x107010e00
20260528 224206.279 INFO             PET2       MODEL: Run extro {ES}:! ! <name: rsns>
20260528 224206.279 INFO             PET2       MODEL: Run extro {ES}:! ! ! --- DistGrid::log() start --------------------------------
20260528 224206.279 INFO             PET2       MODEL: Run extro {ES}:! ! ! 0x10700d000
20260528 224206.279 INFO             PET2       MODEL: Run extro {ES}:! ! ! DistGrid object is valid!<name: DG-Grid004-sloc:0>
20260528 224206.279 INFO             PET2       MODEL: Run extro {ES}:! ! ! --- DistGrid::log() end ----------------------------------
20260528 224206.279 INFO             PET2       MODEL: Run extro {ES}:! ! --- Array::log() end -------------------------------------
20260528 224206.279 INFO             PET2       MODEL: Run extro {ES}:!--- FieldLog() end -------------------
20260528 224206.279 INFO             PET2       MODEL: Run extro {ES}:--- StateLog() end -------------------
20260528 224206.279 INFO             PET2     MODEL: Run extro.
20260528 224206.279 INFO             PET2   driver: end <--------- RunSequence
20260528 224206.279 INFO             PET2   <<<driver: leaving Run (phase=RunPhase1) with current time:    0  1  1  0  2 30   0
20260528 224206.279 INFO             PET2   driver: Run extro {IS}:--- StateLog() start -----------------
20260528 224206.279 INFO             PET2   driver: Run extro {IS}:State object is invalid! Not created or deleted!
20260528 224206.279 INFO             PET2   driver: Run extro {IS}:--- StateLog() end -------------------
20260528 224206.279 INFO             PET2   driver: Run extro {ES}:--- StateLog() start -----------------
20260528 224206.279 INFO             PET2   driver: Run extro {ES}:State object is invalid! Not created or deleted!
20260528 224206.279 INFO             PET2   driver: Run extro {ES}:--- StateLog() end -------------------
20260528 224206.279 INFO             PET2 driver: Run extro.
20260528 224206.279 INFO             PET2 driver: Finalize intro.
20260528 224206.279 INFO             PET2   driver: Finalize intro {IS}:--- StateLog() start -----------------
20260528 224206.279 INFO             PET2   driver: Finalize intro {IS}:State object is invalid! Not created or deleted!
20260528 224206.279 INFO             PET2   driver: Finalize intro {IS}:--- StateLog() end -------------------
20260528 224206.279 INFO             PET2   driver: Finalize intro {ES}:--- StateLog() start -----------------
20260528 224206.279 INFO             PET2   driver: Finalize intro {ES}:State object is invalid! Not created or deleted!
20260528 224206.279 INFO             PET2   driver: Finalize intro {ES}:--- StateLog() end -------------------
20260528 224206.279 INFO             PET2   >>>driver: entered Finalize (phase=FinalizePhase1) with current time:    0  1  1  0  2 30   0
20260528 224206.279 INFO             PET2   Calling Finalize phase 1 for modelComp: MODEL
20260528 224206.279 INFO             PET2   MODEL: Finalize intro.
20260528 224206.279 INFO             PET2     MODEL: Finalize intro {IS}:--- StateLog() start -----------------
20260528 224206.279 INFO             PET2     MODEL: Finalize intro {IS}:<name: MODEL-ImportState> <intent: ESMF_STATEINTENT_IMPORT> <itemCount:    0>
20260528 224206.279 INFO             PET2     MODEL: Finalize intro {IS}:--- StateLog() end -------------------
20260528 224206.279 INFO             PET2     MODEL: Finalize intro {ES}:--- StateLog() start -----------------
20260528 224206.279 INFO             PET2     MODEL: Finalize intro {ES}:<name: MODEL-ExportState> <intent: ESMF_STATEINTENT_EXPORT> <itemCount:    2>
20260528 224206.279 INFO             PET2     MODEL: Finalize intro {ES}:+-<item: 0001> <itemType: Field> <itemName: pmsl>
20260528 224206.279 INFO             PET2     MODEL: Finalize intro {ES}:!--- FieldLog() start -----------------
20260528 224206.279 INFO             PET2     MODEL: Finalize intro {ES}:! <name: pmsl> <fieldStatus: ESMF_FIELDSTATUS_COMPLETE>
20260528 224206.279 INFO             PET2     MODEL: Finalize intro {ES}:! 0x16daa5618 => 0x105f08060 => 0x105f08e30
20260528 224206.279 INFO             PET2     MODEL: Finalize intro {ES}:! <typekind: Real*8> <rank:    2> <dimCount:    2>
20260528 224206.279 INFO             PET2     MODEL: Finalize intro {ES}:! ! --- Array::log() start -----------------------------------
20260528 224206.279 INFO             PET2     MODEL: Finalize intro {ES}:! ! 0x10700f800
20260528 224206.279 INFO             PET2     MODEL: Finalize intro {ES}:! ! <name: pmsl>
20260528 224206.279 INFO             PET2     MODEL: Finalize intro {ES}:! ! ! --- DistGrid::log() start --------------------------------
20260528 224206.279 INFO             PET2     MODEL: Finalize intro {ES}:! ! ! 0x10700d000
20260528 224206.279 INFO             PET2     MODEL: Finalize intro {ES}:! ! ! DistGrid object is valid!<name: DG-Grid004-sloc:0>
20260528 224206.279 INFO             PET2     MODEL: Finalize intro {ES}:! ! ! --- DistGrid::log() end ----------------------------------
20260528 224206.279 INFO             PET2     MODEL: Finalize intro {ES}:! ! --- Array::log() end -------------------------------------
20260528 224206.279 INFO             PET2     MODEL: Finalize intro {ES}:!--- FieldLog() end -------------------
20260528 224206.279 INFO             PET2     MODEL: Finalize intro {ES}:+-<item: 0002> <itemType: Field> <itemName: rsns>
20260528 224206.279 INFO             PET2     MODEL: Finalize intro {ES}:!--- FieldLog() start -----------------
20260528 224206.279 INFO             PET2     MODEL: Finalize intro {ES}:! <name: rsns> <fieldStatus: ESMF_FIELDSTATUS_COMPLETE>
20260528 224206.279 INFO             PET2     MODEL: Finalize intro {ES}:! 0x16daa5618 => 0x105f094c0 => 0x105f096d0
20260528 224206.279 INFO             PET2     MODEL: Finalize intro {ES}:! <typekind: Real*8> <rank:    2> <dimCount:    2>
20260528 224206.279 INFO             PET2     MODEL: Finalize intro {ES}:! ! --- Array::log() start -----------------------------------
20260528 224206.279 INFO             PET2     MODEL: Finalize intro {ES}:! ! 0x107010e00
20260528 224206.279 INFO             PET2     MODEL: Finalize intro {ES}:! ! <name: rsns>
20260528 224206.279 INFO             PET2     MODEL: Finalize intro {ES}:! ! ! --- DistGrid::log() start --------------------------------
20260528 224206.279 INFO             PET2     MODEL: Finalize intro {ES}:! ! ! 0x10700d000
20260528 224206.279 INFO             PET2     MODEL: Finalize intro {ES}:! ! ! DistGrid object is valid!<name: DG-Grid004-sloc:0>
20260528 224206.279 INFO             PET2     MODEL: Finalize intro {ES}:! ! ! --- DistGrid::log() end ----------------------------------
20260528 224206.279 INFO             PET2     MODEL: Finalize intro {ES}:! ! --- Array::log() end -------------------------------------
20260528 224206.279 INFO             PET2     MODEL: Finalize intro {ES}:!--- FieldLog() end -------------------
20260528 224206.279 INFO             PET2     MODEL: Finalize intro {ES}:--- StateLog() end -------------------
20260528 224206.279 INFO             PET2     >>>MODEL: entered Finalize (phase=FinalizePhase1) with current time:    0  1  1  0  2 30   0
20260528 224206.279 INFO             PET2     <<<MODEL: leaving Finalize (phase=FinalizePhase1) with current time:    0  1  1  0  2 30   0
20260528 224206.279 INFO             PET2   MODEL: Finalize extro.
20260528 224206.279 INFO             PET2   Delete modelComp: MODEL
20260528 224206.279 INFO             PET2   Delete Import-/Export State for modelComp: MODEL
20260528 224206.279 INFO             PET2   <<<driver: leaving Finalize (phase=FinalizePhase1) with current time:    0  1  1  0  2 30   0
20260528 224206.279 INFO             PET2 driver: Finalize extro.
20260528 224206.279 INFO             PET2 mainApp FINISHED
20260528 224206.279 INFO             PET2  Finalizing ESMF
20260528 224206.162 INFO             PET3 !!!!!!!!!!!!!!!!!!!!!!!!!!!!!!!!!!!!!!!!!!!!!!!!!!!!!!
20260528 224206.173 INFO             PET3 !!! THE ESMF_LOG IS SET TO OUTPUT ALL LOG MESSAGES !!!
20260528 224206.173 INFO             PET3 !!!     THIS MAY CAUSE SLOWDOWN IN PERFORMANCE     !!!
20260528 224206.173 INFO             PET3 !!! FOR PRODUCTION RUNS, USE:                      !!!
20260528 224206.173 INFO             PET3 !!!                   ESMF_LOGKIND_Multi_On_Error  !!!
20260528 224206.173 INFO             PET3 !!!!!!!!!!!!!!!!!!!!!!!!!!!!!!!!!!!!!!!!!!!!!!!!!!!!!!
20260528 224206.173 INFO             PET3 Running with ESMF Version   : develop+gf183dd1f0b
20260528 224206.173 INFO             PET3 ESMF library build date/time: "May 28 2026" "22:13:07"
20260528 224206.173 INFO             PET3 ESMF library build location : /usr/local/esmf/esmf-testing/gfortranclang_14.2.0_17.0.0_mpich_O_develop/esmf
20260528 224206.173 INFO             PET3 ESMF_COMM                   : mpich
20260528 224206.173 INFO             PET3 ESMF_MOAB                   : enabled
20260528 224206.173 INFO             PET3 ESMF_LAPACK                 : enabled
20260528 224206.173 INFO             PET3 ESMF_NETCDF                 : enabled
20260528 224206.173 INFO             PET3 ESMF_PNETCDF                : disabled
20260528 224206.173 INFO             PET3 ESMF_PIO                    : enabled
20260528 224206.173 INFO             PET3 ESMF_YAMLCPP                : enabled
20260528 224206.174 INFO             PET3 mainApp STARTING
20260528 224206.216 INFO             PET3 driver: InitializeGeneric intro.
20260528 224206.216 INFO             PET3   driver: InitializeGeneric intro {IS}:--- StateLog() start -----------------
20260528 224206.216 INFO             PET3   driver: InitializeGeneric intro {IS}:State object is invalid! Not created or deleted!
20260528 224206.216 INFO             PET3   driver: InitializeGeneric intro {IS}:--- StateLog() end -------------------
20260528 224206.216 INFO             PET3   driver: InitializeGeneric intro {ES}:--- StateLog() start -----------------
20260528 224206.216 INFO             PET3   driver: InitializeGeneric intro {ES}:State object is invalid! Not created or deleted!
20260528 224206.216 INFO             PET3   driver: InitializeGeneric intro {ES}:--- StateLog() end -------------------
20260528 224206.216 INFO             PET3   >>>driver: entered Initialize (phase=<none>) without valid internal Clock.
20260528 224206.216 INFO             PET3   driver: InitializeP0 intro.
20260528 224206.216 INFO             PET3     driver: InitializeP0 intro {IS}:--- StateLog() start -----------------
20260528 224206.216 INFO             PET3     driver: InitializeP0 intro {IS}:State object is invalid! Not created or deleted!
20260528 224206.216 INFO             PET3     driver: InitializeP0 intro {IS}:--- StateLog() end -------------------
20260528 224206.216 INFO             PET3     driver: InitializeP0 intro {ES}:--- StateLog() start -----------------
20260528 224206.216 INFO             PET3     driver: InitializeP0 intro {ES}:State object is invalid! Not created or deleted!
20260528 224206.216 INFO             PET3     driver: InitializeP0 intro {ES}:--- StateLog() end -------------------
20260528 224206.216 INFO             PET3     >>>driver: entered Initialize (phase=<none>) without valid internal Clock.
20260528 224206.216 INFO             PET3     <<<driver: leaving Initialize (phase=<none>) without valid internal Clock.
20260528 224206.216 INFO             PET3     driver: InitializeP0 extro {IS}:--- StateLog() start -----------------
20260528 224206.216 INFO             PET3     driver: InitializeP0 extro {IS}:State object is invalid! Not created or deleted!
20260528 224206.216 INFO             PET3     driver: InitializeP0 extro {IS}:--- StateLog() end -------------------
20260528 224206.216 INFO             PET3     driver: InitializeP0 extro {ES}:--- StateLog() start -----------------
20260528 224206.216 INFO             PET3     driver: InitializeP0 extro {ES}:State object is invalid! Not created or deleted!
20260528 224206.216 INFO             PET3     driver: InitializeP0 extro {ES}:--- StateLog() end -------------------
20260528 224206.216 INFO             PET3   driver: InitializeP0 extro.
20260528 224206.216 INFO             PET3   driver: InitializeIPDv02p1 intro.
20260528 224206.216 INFO             PET3     driver: InitializeIPDv02p1 intro {IS}:--- StateLog() start -----------------
20260528 224206.216 INFO             PET3     driver: InitializeIPDv02p1 intro {IS}:State object is invalid! Not created or deleted!
20260528 224206.216 INFO             PET3     driver: InitializeIPDv02p1 intro {IS}:--- StateLog() end -------------------
20260528 224206.216 INFO             PET3     driver: InitializeIPDv02p1 intro {ES}:--- StateLog() start -----------------
20260528 224206.216 INFO             PET3     driver: InitializeIPDv02p1 intro {ES}:State object is invalid! Not created or deleted!
20260528 224206.216 INFO             PET3     driver: InitializeIPDv02p1 intro {ES}:--- StateLog() end -------------------
20260528 224206.216 INFO             PET3     >>>driver: entered Initialize (phase=<none>) without valid internal Clock.
20260528 224206.218 INFO             PET3     driver - Creating model component MODEL without petList.
20260528 224206.218 DEBUG            PET3     Generic SetVM() is executing for: MODEL
20260528 224206.218 DEBUG            PET3     Generic SetVM() is calling ESMF_GridCompSetVMMaxPEs() for: MODEL with:
20260528 224206.218 DEBUG            PET3      -             MaxCount =          2
20260528 224206.218 DEBUG            PET3      -       OpenMpHandling =
20260528 224206.218 DEBUG            PET3      -     OpenMpNumThreads =         -1
20260528 224206.218 DEBUG            PET3      -   ForceChildPthreads =          F
20260528 224206.218 DEBUG            PET3      -  PthreadMinStackSize =         -1
20260528 224206.218 DEBUG            PET3     vmkt_create()#229 Pthread: service=1 (0: actual PET, 1: service thread) - PTHREAD_STACK_MIN: 16384 bytes stack_size: 4194304 bytes
20260528 224206.230 DEBUG            PET3     vmkt_create()#229 Pthread: service=1 (0: actual PET, 1: service thread) - PTHREAD_STACK_MIN: 16384 bytes stack_size: 4194304 bytes
20260528 224206.239 INFO             PET3      GridCompIsPetLocal:  T
20260528 224206.239 INFO             PET3      VmIsCreated:  T
20260528 224206.239 INFO             PET3      MPI_COMM_NULL
20260528 224206.239 INFO             PET3     driver - Creating state: modelComp 1 Import State
20260528 224206.239 INFO             PET3     driver - Creating state: modelComp 1 Export State
20260528 224206.245 INFO             PET3     driver: IInitAdvertise intro.
20260528 224206.245 INFO             PET3       driver: IInitAdvertise intro {IS}:--- StateLog() start -----------------
20260528 224206.245 INFO             PET3       driver: IInitAdvertise intro {IS}:State object is invalid! Not created or deleted!
20260528 224206.245 INFO             PET3       driver: IInitAdvertise intro {IS}:--- StateLog() end -------------------
20260528 224206.245 INFO             PET3       driver: IInitAdvertise intro {ES}:--- StateLog() start -----------------
20260528 224206.245 INFO             PET3       driver: IInitAdvertise intro {ES}:State object is invalid! Not created or deleted!
20260528 224206.245 INFO             PET3       driver: IInitAdvertise intro {ES}:--- StateLog() end -------------------
20260528 224206.245 INFO             PET3       >>>driver: entered Initialize (phase=<none>) with current time:    0  1  1  0  0  0   0
20260528 224206.245 INFO             PET3       <<<driver: leaving Initialize (phase=<none>) with current time:    0  1  1  0  0  0   0
20260528 224206.245 INFO             PET3       driver: IInitAdvertise extro {IS}:--- StateLog() start -----------------
20260528 224206.245 INFO             PET3       driver: IInitAdvertise extro {IS}:State object is invalid! Not created or deleted!
20260528 224206.245 INFO             PET3       driver: IInitAdvertise extro {IS}:--- StateLog() end -------------------
20260528 224206.245 INFO             PET3       driver: IInitAdvertise extro {ES}:--- StateLog() start -----------------
20260528 224206.245 INFO             PET3       driver: IInitAdvertise extro {ES}:State object is invalid! Not created or deleted!
20260528 224206.245 INFO             PET3       driver: IInitAdvertise extro {ES}:--- StateLog() end -------------------
20260528 224206.245 INFO             PET3     driver: IInitAdvertise extro.
20260528 224206.251 INFO             PET3     driver: IInitAdvertiseFinish intro.
20260528 224206.251 INFO             PET3       driver: IInitAdvertiseFinish intro {IS}:--- StateLog() start -----------------
20260528 224206.251 INFO             PET3       driver: IInitAdvertiseFinish intro {IS}:State object is invalid! Not created or deleted!
20260528 224206.251 INFO             PET3       driver: IInitAdvertiseFinish intro {IS}:--- StateLog() end -------------------
20260528 224206.251 INFO             PET3       driver: IInitAdvertiseFinish intro {ES}:--- StateLog() start -----------------
20260528 224206.251 INFO             PET3       driver: IInitAdvertiseFinish intro {ES}:State object is invalid! Not created or deleted!
20260528 224206.251 INFO             PET3       driver: IInitAdvertiseFinish intro {ES}:--- StateLog() end -------------------
20260528 224206.251 INFO             PET3       >>>driver: entered Initialize (phase=<none>) with current time:    0  1  1  0  0  0   0
20260528 224206.251 INFO             PET3       <<<driver: leaving Initialize (phase=<none>) with current time:    0  1  1  0  0  0   0
20260528 224206.251 INFO             PET3       driver: IInitAdvertiseFinish extro {IS}:--- StateLog() start -----------------
20260528 224206.251 INFO             PET3       driver: IInitAdvertiseFinish extro {IS}:State object is invalid! Not created or deleted!
20260528 224206.251 INFO             PET3       driver: IInitAdvertiseFinish extro {IS}:--- StateLog() end -------------------
20260528 224206.251 INFO             PET3       driver: IInitAdvertiseFinish extro {ES}:--- StateLog() start -----------------
20260528 224206.251 INFO             PET3       driver: IInitAdvertiseFinish extro {ES}:State object is invalid! Not created or deleted!
20260528 224206.251 INFO             PET3       driver: IInitAdvertiseFinish extro {ES}:--- StateLog() end -------------------
20260528 224206.251 INFO             PET3     driver: IInitAdvertiseFinish extro.
20260528 224206.251 INFO             PET3     driver: IInitModifyCplLists intro.
20260528 224206.251 INFO             PET3       driver: IInitModifyCplLists intro {IS}:--- StateLog() start -----------------
20260528 224206.251 INFO             PET3       driver: IInitModifyCplLists intro {IS}:State object is invalid! Not created or deleted!
20260528 224206.251 INFO             PET3       driver: IInitModifyCplLists intro {IS}:--- StateLog() end -------------------
20260528 224206.251 INFO             PET3       driver: IInitModifyCplLists intro {ES}:--- StateLog() start -----------------
20260528 224206.251 INFO             PET3       driver: IInitModifyCplLists intro {ES}:State object is invalid! Not created or deleted!
20260528 224206.251 INFO             PET3       driver: IInitModifyCplLists intro {ES}:--- StateLog() end -------------------
20260528 224206.251 INFO             PET3       >>>driver: entered Initialize (phase=<none>) with current time:    0  1  1  0  0  0   0
20260528 224206.251 INFO             PET3       <<<driver: leaving Initialize (phase=<none>) with current time:    0  1  1  0  0  0   0
20260528 224206.251 INFO             PET3       driver: IInitModifyCplLists extro {IS}:--- StateLog() start -----------------
20260528 224206.251 INFO             PET3       driver: IInitModifyCplLists extro {IS}:State object is invalid! Not created or deleted!
20260528 224206.251 INFO             PET3       driver: IInitModifyCplLists extro {IS}:--- StateLog() end -------------------
20260528 224206.251 INFO             PET3       driver: IInitModifyCplLists extro {ES}:--- StateLog() start -----------------
20260528 224206.251 INFO             PET3       driver: IInitModifyCplLists extro {ES}:State object is invalid! Not created or deleted!
20260528 224206.251 INFO             PET3       driver: IInitModifyCplLists extro {ES}:--- StateLog() end -------------------
20260528 224206.251 INFO             PET3     driver: IInitModifyCplLists extro.
20260528 224206.251 INFO             PET3     <<<driver: leaving Initialize (phase=<none>) with current time:    0  1  1  0  0  0   0
20260528 224206.251 INFO             PET3     driver: InitializeIPDv02p1 extro {IS}:--- StateLog() start -----------------
20260528 224206.251 INFO             PET3     driver: InitializeIPDv02p1 extro {IS}:State object is invalid! Not created or deleted!
20260528 224206.251 INFO             PET3     driver: InitializeIPDv02p1 extro {IS}:--- StateLog() end -------------------
20260528 224206.251 INFO             PET3     driver: InitializeIPDv02p1 extro {ES}:--- StateLog() start -----------------
20260528 224206.251 INFO             PET3     driver: InitializeIPDv02p1 extro {ES}:State object is invalid! Not created or deleted!
20260528 224206.251 INFO             PET3     driver: InitializeIPDv02p1 extro {ES}:--- StateLog() end -------------------
20260528 224206.251 INFO             PET3   driver: InitializeIPDv02p1 extro.
20260528 224206.252 INFO             PET3   driver: InitializeIPDv02p3 intro.
20260528 224206.252 INFO             PET3     driver: InitializeIPDv02p3 intro {IS}:--- StateLog() start -----------------
20260528 224206.252 INFO             PET3     driver: InitializeIPDv02p3 intro {IS}:State object is invalid! Not created or deleted!
20260528 224206.252 INFO             PET3     driver: InitializeIPDv02p3 intro {IS}:--- StateLog() end -------------------
20260528 224206.252 INFO             PET3     driver: InitializeIPDv02p3 intro {ES}:--- StateLog() start -----------------
20260528 224206.252 INFO             PET3     driver: InitializeIPDv02p3 intro {ES}:State object is invalid! Not created or deleted!
20260528 224206.252 INFO             PET3     driver: InitializeIPDv02p3 intro {ES}:--- StateLog() end -------------------
20260528 224206.252 INFO             PET3     >>>driver: entered Initialize (phase=<none>) with current time:    0  1  1  0  0  0   0
20260528 224206.252 INFO             PET3     driver: IInitCheck intro.
20260528 224206.252 INFO             PET3       driver: IInitCheck intro {IS}:--- StateLog() start -----------------
20260528 224206.252 INFO             PET3       driver: IInitCheck intro {IS}:State object is invalid! Not created or deleted!
20260528 224206.252 INFO             PET3       driver: IInitCheck intro {IS}:--- StateLog() end -------------------
20260528 224206.252 INFO             PET3       driver: IInitCheck intro {ES}:--- StateLog() start -----------------
20260528 224206.252 INFO             PET3       driver: IInitCheck intro {ES}:State object is invalid! Not created or deleted!
20260528 224206.252 INFO             PET3       driver: IInitCheck intro {ES}:--- StateLog() end -------------------
20260528 224206.252 INFO             PET3       >>>driver: entered Initialize (phase=<none>) with current time:    0  1  1  0  0  0   0
20260528 224206.252 INFO             PET3       <<<driver: leaving Initialize (phase=<none>) with current time:    0  1  1  0  0  0   0
20260528 224206.252 INFO             PET3       driver: IInitCheck extro {IS}:--- StateLog() start -----------------
20260528 224206.252 INFO             PET3       driver: IInitCheck extro {IS}:State object is invalid! Not created or deleted!
20260528 224206.252 INFO             PET3       driver: IInitCheck extro {IS}:--- StateLog() end -------------------
20260528 224206.252 INFO             PET3       driver: IInitCheck extro {ES}:--- StateLog() start -----------------
20260528 224206.252 INFO             PET3       driver: IInitCheck extro {ES}:State object is invalid! Not created or deleted!
20260528 224206.252 INFO             PET3       driver: IInitCheck extro {ES}:--- StateLog() end -------------------
20260528 224206.252 INFO             PET3     driver: IInitCheck extro.
20260528 224206.257 INFO             PET3     driver: IInitRealize intro.
20260528 224206.257 INFO             PET3       driver: IInitRealize intro {IS}:--- StateLog() start -----------------
20260528 224206.257 INFO             PET3       driver: IInitRealize intro {IS}:State object is invalid! Not created or deleted!
20260528 224206.257 INFO             PET3       driver: IInitRealize intro {IS}:--- StateLog() end -------------------
20260528 224206.257 INFO             PET3       driver: IInitRealize intro {ES}:--- StateLog() start -----------------
20260528 224206.257 INFO             PET3       driver: IInitRealize intro {ES}:State object is invalid! Not created or deleted!
20260528 224206.257 INFO             PET3       driver: IInitRealize intro {ES}:--- StateLog() end -------------------
20260528 224206.257 INFO             PET3       >>>driver: entered Initialize (phase=<none>) with current time:    0  1  1  0  0  0   0
20260528 224206.257 INFO             PET3       <<<driver: leaving Initialize (phase=<none>) with current time:    0  1  1  0  0  0   0
20260528 224206.257 INFO             PET3       driver: IInitRealize extro {IS}:--- StateLog() start -----------------
20260528 224206.257 INFO             PET3       driver: IInitRealize extro {IS}:State object is invalid! Not created or deleted!
20260528 224206.257 INFO             PET3       driver: IInitRealize extro {IS}:--- StateLog() end -------------------
20260528 224206.257 INFO             PET3       driver: IInitRealize extro {ES}:--- StateLog() start -----------------
20260528 224206.257 INFO             PET3       driver: IInitRealize extro {ES}:State object is invalid! Not created or deleted!
20260528 224206.257 INFO             PET3       driver: IInitRealize extro {ES}:--- StateLog() end -------------------
20260528 224206.257 INFO             PET3     driver: IInitRealize extro.
20260528 224206.258 INFO             PET3     <<<driver: leaving Initialize (phase=<none>) with current time:    0  1  1  0  0  0   0
20260528 224206.258 INFO             PET3     driver: InitializeIPDv02p3 extro {IS}:--- StateLog() start -----------------
20260528 224206.258 INFO             PET3     driver: InitializeIPDv02p3 extro {IS}:State object is invalid! Not created or deleted!
20260528 224206.258 INFO             PET3     driver: InitializeIPDv02p3 extro {IS}:--- StateLog() end -------------------
20260528 224206.258 INFO             PET3     driver: InitializeIPDv02p3 extro {ES}:--- StateLog() start -----------------
20260528 224206.258 INFO             PET3     driver: InitializeIPDv02p3 extro {ES}:State object is invalid! Not created or deleted!
20260528 224206.258 INFO             PET3     driver: InitializeIPDv02p3 extro {ES}:--- StateLog() end -------------------
20260528 224206.258 INFO             PET3   driver: InitializeIPDv02p3 extro.
20260528 224206.258 INFO             PET3   driver: InitializeIPDv02p5 intro.
20260528 224206.258 INFO             PET3     driver: InitializeIPDv02p5 intro {IS}:--- StateLog() start -----------------
20260528 224206.258 INFO             PET3     driver: InitializeIPDv02p5 intro {IS}:State object is invalid! Not created or deleted!
20260528 224206.258 INFO             PET3     driver: InitializeIPDv02p5 intro {IS}:--- StateLog() end -------------------
20260528 224206.258 INFO             PET3     driver: InitializeIPDv02p5 intro {ES}:--- StateLog() start -----------------
20260528 224206.258 INFO             PET3     driver: InitializeIPDv02p5 intro {ES}:State object is invalid! Not created or deleted!
20260528 224206.258 INFO             PET3     driver: InitializeIPDv02p5 intro {ES}:--- StateLog() end -------------------
20260528 224206.258 INFO             PET3     >>>driver: entered Initialize (phase=<none>) with current time:    0  1  1  0  0  0   0
20260528 224206.258 INFO             PET3     driver: this is a top level driver, no 'Updated' and 'InitializeDataComplete' info on this level.
20260528 224206.258 INFO             PET3     driver: InitializeIPDv02p5Data intro.
20260528 224206.258 INFO             PET3       driver: InitializeIPDv02p5Data intro {IS}:--- StateLog() start -----------------
20260528 224206.258 INFO             PET3       driver: InitializeIPDv02p5Data intro {IS}:State object is invalid! Not created or deleted!
20260528 224206.258 INFO             PET3       driver: InitializeIPDv02p5Data intro {IS}:--- StateLog() end -------------------
20260528 224206.258 INFO             PET3       driver: InitializeIPDv02p5Data intro {ES}:--- StateLog() start -----------------
20260528 224206.258 INFO             PET3       driver: InitializeIPDv02p5Data intro {ES}:State object is invalid! Not created or deleted!
20260528 224206.258 INFO             PET3       driver: InitializeIPDv02p5Data intro {ES}:--- StateLog() end -------------------
20260528 224206.258 INFO             PET3       >>>driver: entered Initialize (phase=<none>) with current time:    0  1  1  0  0  0   0
20260528 224206.258 INFO             PET3       driver: InternalInitializeComplete intro.
20260528 224206.258 INFO             PET3         driver: InternalInitializeComplete intro {IS}:--- StateLog() start -----------------
20260528 224206.258 INFO             PET3         driver: InternalInitializeComplete intro {IS}:State object is invalid! Not created or deleted!
20260528 224206.258 INFO             PET3         driver: InternalInitializeComplete intro {IS}:--- StateLog() end -------------------
20260528 224206.258 INFO             PET3         driver: InternalInitializeComplete intro {ES}:--- StateLog() start -----------------
20260528 224206.258 INFO             PET3         driver: InternalInitializeComplete intro {ES}:State object is invalid! Not created or deleted!
20260528 224206.258 INFO             PET3         driver: InternalInitializeComplete intro {ES}:--- StateLog() end -------------------
20260528 224206.259 INFO             PET3         >>>driver: entered Initialize (phase=<none>) with current time:    0  1  1  0  0  0   0
20260528 224206.259 INFO             PET3         driver: InitializeDataComplete='true'
20260528 224206.259 INFO             PET3         <<<driver: leaving Initialize (phase=<none>) with current time:    0  1  1  0  0  0   0
20260528 224206.259 INFO             PET3         driver: InternalInitializeComplete extro {IS}:--- StateLog() start -----------------
20260528 224206.259 INFO             PET3         driver: InternalInitializeComplete extro {IS}:State object is invalid! Not created or deleted!
20260528 224206.259 INFO             PET3         driver: InternalInitializeComplete extro {IS}:--- StateLog() end -------------------
20260528 224206.259 INFO             PET3         driver: InternalInitializeComplete extro {ES}:--- StateLog() start -----------------
20260528 224206.259 INFO             PET3         driver: InternalInitializeComplete extro {ES}:State object is invalid! Not created or deleted!
20260528 224206.259 INFO             PET3         driver: InternalInitializeComplete extro {ES}:--- StateLog() end -------------------
20260528 224206.259 INFO             PET3       driver: InternalInitializeComplete extro.
20260528 224206.266 INFO             PET3       driver: components present that trigger loopDataDependentInitialize().
20260528 224206.266 INFO             PET3       driver: loopDataDependentInitialize intro.
20260528 224206.266 INFO             PET3         driver: loopDataDependentInitialize intro {IS}:--- StateLog() start -----------------
20260528 224206.266 INFO             PET3         driver: loopDataDependentInitialize intro {IS}:State object is invalid! Not created or deleted!
20260528 224206.266 INFO             PET3         driver: loopDataDependentInitialize intro {IS}:--- StateLog() end -------------------
20260528 224206.266 INFO             PET3         driver: loopDataDependentInitialize intro {ES}:--- StateLog() start -----------------
20260528 224206.266 INFO             PET3         driver: loopDataDependentInitialize intro {ES}:State object is invalid! Not created or deleted!
20260528 224206.266 INFO             PET3         driver: loopDataDependentInitialize intro {ES}:--- StateLog() end -------------------
20260528 224206.266 INFO             PET3         >>>driver: entered Initialize (phase=<none>) with current time:    0  1  1  0  0  0   0
20260528 224206.266 INFO             PET3         driver: component    0=driver, dataComplete (local): true
20260528 224206.266 INFO             PET3         driver: component    0=driver, dataComplete (global):  T
20260528 224206.266 INFO             PET3         driver: component    1=MODEL, dataComplete (local): false
20260528 224206.266 INFO             PET3         driver: component    1=MODEL, dataComplete (global):  F
20260528 224206.275 INFO             PET3         driver: component    1=MODEL, someProgress (local): true
20260528 224206.275 INFO             PET3         driver: component    1=MODEL, someProgress (global):  T
20260528 224206.275 INFO             PET3         driver: someProgress= T, allComplete= F, present(dataDepAllComplete)= T
20260528 224206.275 INFO             PET3         driver: component    0=driver, dataComplete (local): true
20260528 224206.275 INFO             PET3         driver: component    0=driver, dataComplete (global):  T
20260528 224206.275 INFO             PET3         driver: component    1=MODEL, dataComplete (local): true
20260528 224206.275 INFO             PET3         driver: component    1=MODEL, dataComplete (global):  T
20260528 224206.275 INFO             PET3         driver: someProgress= F, allComplete= T, present(dataDepAllComplete)= T
20260528 224206.275 INFO             PET3         driver: finished resolving initialize data dependencies on this level.
20260528 224206.275 INFO             PET3         <<<driver: leaving Initialize (phase=<none>) with current time:    0  1  1  0  0  0   0
20260528 224206.275 INFO             PET3         driver: loopDataDependentInitialize extro {IS}:--- StateLog() start -----------------
20260528 224206.275 INFO             PET3         driver: loopDataDependentInitialize extro {IS}:State object is invalid! Not created or deleted!
20260528 224206.275 INFO             PET3         driver: loopDataDependentInitialize extro {IS}:--- StateLog() end -------------------
20260528 224206.275 INFO             PET3         driver: loopDataDependentInitialize extro {ES}:--- StateLog() start -----------------
20260528 224206.275 INFO             PET3         driver: loopDataDependentInitialize extro {ES}:State object is invalid! Not created or deleted!
20260528 224206.275 INFO             PET3         driver: loopDataDependentInitialize extro {ES}:--- StateLog() end -------------------
20260528 224206.275 INFO             PET3       driver: loopDataDependentInitialize extro.
20260528 224206.275 INFO             PET3       driver: loopDataDependentInitialize() returned with dataDepAllComplete:  T
20260528 224206.275 INFO             PET3       <<<driver: leaving Initialize (phase=<none>) with current time:    0  1  1  0  0  0   0
20260528 224206.275 INFO             PET3       driver: InitializeIPDv02p5Data extro {IS}:--- StateLog() start -----------------
20260528 224206.275 INFO             PET3       driver: InitializeIPDv02p5Data extro {IS}:State object is invalid! Not created or deleted!
20260528 224206.275 INFO             PET3       driver: InitializeIPDv02p5Data extro {IS}:--- StateLog() end -------------------
20260528 224206.275 INFO             PET3       driver: InitializeIPDv02p5Data extro {ES}:--- StateLog() start -----------------
20260528 224206.275 INFO             PET3       driver: InitializeIPDv02p5Data extro {ES}:State object is invalid! Not created or deleted!
20260528 224206.275 INFO             PET3       driver: InitializeIPDv02p5Data extro {ES}:--- StateLog() end -------------------
20260528 224206.275 INFO             PET3     driver: InitializeIPDv02p5Data extro.
20260528 224206.275 INFO             PET3     <<<driver: leaving Initialize (phase=<none>) with current time:    0  1  1  0  0  0   0
20260528 224206.275 INFO             PET3     driver: InitializeIPDv02p5 extro {IS}:--- StateLog() start -----------------
20260528 224206.275 INFO             PET3     driver: InitializeIPDv02p5 extro {IS}:State object is invalid! Not created or deleted!
20260528 224206.275 INFO             PET3     driver: InitializeIPDv02p5 extro {IS}:--- StateLog() end -------------------
20260528 224206.275 INFO             PET3     driver: InitializeIPDv02p5 extro {ES}:--- StateLog() start -----------------
20260528 224206.275 INFO             PET3     driver: InitializeIPDv02p5 extro {ES}:State object is invalid! Not created or deleted!
20260528 224206.275 INFO             PET3     driver: InitializeIPDv02p5 extro {ES}:--- StateLog() end -------------------
20260528 224206.275 INFO             PET3   driver: InitializeIPDv02p5 extro.
20260528 224206.275 INFO             PET3   <<<driver: leaving Initialize (phase=<none>) with current time:    0  1  1  0  0  0   0
20260528 224206.275 INFO             PET3   driver: InitializeGeneric extro {IS}:--- StateLog() start -----------------
20260528 224206.275 INFO             PET3   driver: InitializeGeneric extro {IS}:State object is invalid! Not created or deleted!
20260528 224206.275 INFO             PET3   driver: InitializeGeneric extro {IS}:--- StateLog() end -------------------
20260528 224206.275 INFO             PET3   driver: InitializeGeneric extro {ES}:--- StateLog() start -----------------
20260528 224206.275 INFO             PET3   driver: InitializeGeneric extro {ES}:State object is invalid! Not created or deleted!
20260528 224206.275 INFO             PET3   driver: InitializeGeneric extro {ES}:--- StateLog() end -------------------
20260528 224206.275 INFO             PET3 driver: InitializeGeneric extro.
20260528 224206.275 INFO             PET3 driver: Run intro.
20260528 224206.275 INFO             PET3   driver: Run intro {IS}:--- StateLog() start -----------------
20260528 224206.275 INFO             PET3   driver: Run intro {IS}:State object is invalid! Not created or deleted!
20260528 224206.276 INFO             PET3   driver: Run intro {IS}:--- StateLog() end -------------------
20260528 224206.276 INFO             PET3   driver: Run intro {ES}:--- StateLog() start -----------------
20260528 224206.276 INFO             PET3   driver: Run intro {ES}:State object is invalid! Not created or deleted!
20260528 224206.276 INFO             PET3   driver: Run intro {ES}:--- StateLog() end -------------------
20260528 224206.276 INFO             PET3   >>>driver: entered Run (phase=RunPhase1) with current time:    0  1  1  0  0  0   0
20260528 224206.276 INFO             PET3   driver: after lable_SetRunClock, current time:    0  1  1  0  0  0   0
20260528 224206.276 INFO             PET3   driver: begin -------> RunSequence.
20260528 224206.276 INFO             PET3     driver: RunSequence event loopLevel=   1  levelMember=   1  loopIteration=   1, current time:    0  1  1  0  0  0   0
20260528 224206.277 INFO             PET3     driver: RunSequence event loopLevel=   1  levelMember=   1  loopIteration=   2, current time:    0  1  1  0  0 30   0
20260528 224206.278 INFO             PET3     driver: RunSequence event loopLevel=   1  levelMember=   1  loopIteration=   3, current time:    0  1  1  0  1  0   0
20260528 224206.278 INFO             PET3     driver: RunSequence event loopLevel=   1  levelMember=   1  loopIteration=   4, current time:    0  1  1  0  1 30   0
20260528 224206.278 INFO             PET3     driver: RunSequence event loopLevel=   1  levelMember=   1  loopIteration=   5, current time:    0  1  1  0  2  0   0
20260528 224206.279 INFO             PET3   driver: end <--------- RunSequence
20260528 224206.279 INFO             PET3   <<<driver: leaving Run (phase=RunPhase1) with current time:    0  1  1  0  2 30   0
20260528 224206.279 INFO             PET3   driver: Run extro {IS}:--- StateLog() start -----------------
20260528 224206.279 INFO             PET3   driver: Run extro {IS}:State object is invalid! Not created or deleted!
20260528 224206.279 INFO             PET3   driver: Run extro {IS}:--- StateLog() end -------------------
20260528 224206.279 INFO             PET3   driver: Run extro {ES}:--- StateLog() start -----------------
20260528 224206.279 INFO             PET3   driver: Run extro {ES}:State object is invalid! Not created or deleted!
20260528 224206.279 INFO             PET3   driver: Run extro {ES}:--- StateLog() end -------------------
20260528 224206.279 INFO             PET3 driver: Run extro.
20260528 224206.279 INFO             PET3 driver: Finalize intro.
20260528 224206.279 INFO             PET3   driver: Finalize intro {IS}:--- StateLog() start -----------------
20260528 224206.279 INFO             PET3   driver: Finalize intro {IS}:State object is invalid! Not created or deleted!
20260528 224206.279 INFO             PET3   driver: Finalize intro {IS}:--- StateLog() end -------------------
20260528 224206.279 INFO             PET3   driver: Finalize intro {ES}:--- StateLog() start -----------------
20260528 224206.279 INFO             PET3   driver: Finalize intro {ES}:State object is invalid! Not created or deleted!
20260528 224206.279 INFO             PET3   driver: Finalize intro {ES}:--- StateLog() end -------------------
20260528 224206.279 INFO             PET3   >>>driver: entered Finalize (phase=FinalizePhase1) with current time:    0  1  1  0  2 30   0
20260528 224206.279 INFO             PET3   Calling Finalize phase 1 for modelComp: MODEL
20260528 224206.279 INFO             PET3   Delete modelComp: MODEL
20260528 224206.279 INFO             PET3   Delete Import-/Export State for modelComp: MODEL
20260528 224206.279 INFO             PET3   <<<driver: leaving Finalize (phase=FinalizePhase1) with current time:    0  1  1  0  2 30   0
20260528 224206.279 INFO             PET3 driver: Finalize extro.
20260528 224206.279 INFO             PET3 mainApp FINISHED
20260528 224206.279 INFO             PET3  Finalizing ESMF
