2026-07-09 01:36:51
20260709 023054.937 INFO             PET0 !!!!!!!!!!!!!!!!!!!!!!!!!!!!!!!!!!!!!!!!!!!!!!!!!!!!!!
20260709 023054.937 INFO             PET0 !!! THE ESMF_LOG IS SET TO OUTPUT ALL LOG MESSAGES !!!
20260709 023054.937 INFO             PET0 !!!     THIS MAY CAUSE SLOWDOWN IN PERFORMANCE     !!!
20260709 023054.937 INFO             PET0 !!! FOR PRODUCTION RUNS, USE:                      !!!
20260709 023054.937 INFO             PET0 !!!                   ESMF_LOGKIND_Multi_On_Error  !!!
20260709 023054.937 INFO             PET0 !!!!!!!!!!!!!!!!!!!!!!!!!!!!!!!!!!!!!!!!!!!!!!!!!!!!!!
20260709 023054.937 INFO             PET0 Running with ESMF Version   : feature/refresh-bmauer-c_dynmask_interface+g70628eccd4
20260709 023054.937 INFO             PET0 ESMF library build date/time: "Jul  9 2026" "01:34:19"
20260709 023054.937 INFO             PET0 ESMF library build location : /glade/derecho/scratch/sacks/esmf-testing/gfortran_12.2.0_pio2.6.2_mpi_O_feature_refresh-bmauer-c_dynmask_interface/esmf
20260709 023054.937 INFO             PET0 ESMF_COMM                   : mpi
20260709 023054.937 INFO             PET0 ESMF_MOAB                   : enabled
20260709 023054.937 INFO             PET0 ESMF_LAPACK                 : enabled
20260709 023054.937 INFO             PET0 ESMF_NETCDF                 : enabled
20260709 023054.937 INFO             PET0 ESMF_PNETCDF                : disabled
20260709 023054.937 INFO             PET0 ESMF_PIO                    : enabled
20260709 023054.937 INFO             PET0 ESMF_YAMLCPP                : enabled
20260709 023054.943 INFO             PET0 =============================================
20260709 023054.943 INFO             PET0 ESMX (Earth System Model eXecutable) STARTING
20260709 023054.943 INFO             PET0 =============================================
20260709 023054.946 DEBUG            PET0 Generic SetVM() is executing for: ESMX_Driver
20260709 023054.947 DEBUG            PET0 Generic SetVM() found no NUOPC Hint for: ESMX_Driver
20260709 023054.947 DEBUG            PET0 Generic SetVM() therefore is NOT calling ESMF_GridCompSetVMMaxPEs() for: ESMX_Driver
20260709 023054.948 INFO             PET0 ESMX_Driver: InitializeGeneric intro.
20260709 023054.948 INFO             PET0   >>>ESMX_Driver: entered Initialize (phase=<none>) without valid internal Clock.
20260709 023054.948 INFO             PET0   ESMX_Driver: InitializeP0 intro.
20260709 023054.948 INFO             PET0     >>>ESMX_Driver: entered Initialize (phase=<none>) without valid internal Clock.
20260709 023054.949 INFO             PET0     <<<ESMX_Driver: leaving Initialize (phase=<none>) without valid internal Clock.
20260709 023054.949 INFO             PET0   ESMX_Driver: InitializeP0 extro.
20260709 023054.949 INFO             PET0   ESMX_Driver: InitializeIPDv02p1 intro.
20260709 023054.949 INFO             PET0     >>>ESMX_Driver: entered Initialize (phase=<none>) without valid internal Clock.
20260709 023054.950 INFO             PET0     ESMX_Driver - Creating model component ATM with petList of size 4 :
20260709 023054.950 INFO             PET0           3      2      1      0
20260709 023054.950 DEBUG            PET0     Generic SetVM() is executing for: ATM
20260709 023054.950 DEBUG            PET0     Generic SetVM() is calling ESMF_GridCompSetVMMaxPEs() for: ATM with:
20260709 023054.950 DEBUG            PET0      -             MaxCount =          4
20260709 023054.950 DEBUG            PET0      -       OpenMpHandling =
20260709 023054.950 DEBUG            PET0      -     OpenMpNumThreads =         -1
20260709 023054.950 DEBUG            PET0      -   ForceChildPthreads =          F
20260709 023054.950 DEBUG            PET0      -  PthreadMinStackSize =         -1
20260709 023054.950 DEBUG            PET0     vmkt_create()#229 Pthread: service=1 (0: actual PET, 1: service thread) - PTHREAD_STACK_MIN: 16384 bytes stack_size: 4194304 bytes
20260709 023054.951 DEBUG            PET0     vmkt_create()#229 Pthread: service=1 (0: actual PET, 1: service thread) - PTHREAD_STACK_MIN: 16384 bytes stack_size: 4194304 bytes
20260709 023054.953 INFO             PET0     ESMX_Driver - Creating model component OCN with petList of size 3 :
20260709 023054.953 INFO             PET0           0      1      3
20260709 023054.953 DEBUG            PET0     Generic SetVM() is executing for: OCN
20260709 023054.957 INFO             PET0     OCN: InitializeP0 intro.
20260709 023054.957 INFO             PET0       >>>OCN: entered Initialize (phase=<none>) without valid internal Clock.
20260709 023054.957 INFO             PET0       <<<OCN: leaving Initialize (phase=<none>) without valid internal Clock.
20260709 023054.957 INFO             PET0     OCN: InitializeP0 extro.
20260709 023054.958 INFO             PET0     ESMX_Driver - Creating connector component ATM-TO-OCN with petList of size 4 :
20260709 023054.958 INFO             PET0           3      2      1      0
20260709 023054.960 INFO             PET0     ESMX_Driver - Setting Verbosity on created component to: low
20260709 023054.960 INFO             PET0     ESMX_Driver - Setting Profiling on created component to:          0
20260709 023054.960 INFO             PET0     ESMX_Driver - Creating connector component OCN-TO-ATM with petList of size 4 :
20260709 023054.960 INFO             PET0           0      1      3      2
20260709 023054.961 INFO             PET0     ESMX_Driver - Setting Verbosity on created component to: low
20260709 023054.961 INFO             PET0     ESMX_Driver - Setting Profiling on created component to:          0
20260709 023054.962 INFO             PET0     ESMX_Driver: IInitAdvertise intro.
20260709 023054.962 INFO             PET0       >>>ESMX_Driver: entered Initialize (phase=<none>) with current time: 2012 10 24 18  0  0   0
20260709 023054.962 INFO             PET0       <<<ESMX_Driver: leaving Initialize (phase=<none>) with current time: 2012 10 24 18  0  0   0
20260709 023054.962 INFO             PET0     ESMX_Driver: IInitAdvertise extro.
20260709 023054.964 INFO             PET0     OCN: InitializeIPDvXp01 intro.
20260709 023054.964 INFO             PET0       >>>OCN: entered Initialize (phase=IPDvXp01) without valid internal Clock.
20260709 023054.965 INFO             PET0       <<<OCN: leaving Initialize (phase=IPDvXp01) without valid internal Clock.
20260709 023054.965 INFO             PET0     OCN: InitializeIPDvXp01 extro.
20260709 023054.965 INFO             PET0     ATM-TO-OCN: InitializeIPDv05p1 intro.
20260709 023054.968 INFO             PET0     ATM-TO-OCN: InitializeIPDv05p1 extro.
20260709 023054.968 INFO             PET0     OCN-TO-ATM: InitializeIPDv05p1 intro.
20260709 023054.969 INFO             PET0     OCN-TO-ATM: InitializeIPDv05p1 extro.
20260709 023054.969 INFO             PET0     ESMX_Driver: IInitAdvertiseFinish intro.
20260709 023054.970 INFO             PET0       >>>ESMX_Driver: entered Initialize (phase=<none>) with current time: 2012 10 24 18  0  0   0
20260709 023054.970 INFO             PET0       <<<ESMX_Driver: leaving Initialize (phase=<none>) with current time: 2012 10 24 18  0  0   0
20260709 023054.970 INFO             PET0     ESMX_Driver: IInitAdvertiseFinish extro.
20260709 023054.970 INFO             PET0     ATM-TO-OCN: InitializeIPDv05p2a intro.
20260709 023054.971 INFO             PET0     ATM-TO-OCN: InitializeIPDv05p2a extro.
20260709 023054.971 INFO             PET0     OCN-TO-ATM: InitializeIPDv05p2a intro.
20260709 023054.973 INFO             PET0     OCN-TO-ATM: InitializeIPDv05p2a extro.
20260709 023054.973 INFO             PET0     ATM-TO-OCN: InitializeIPDv05p2b intro.
20260709 023054.975 INFO             PET0     ATM-TO-OCN: InitializeIPDv05p2b extro.
20260709 023054.975 INFO             PET0     OCN-TO-ATM: InitializeIPDv05p2b intro.
20260709 023054.977 INFO             PET0     OCN-TO-ATM: InitializeIPDv05p2b extro.
20260709 023054.977 INFO             PET0     ESMX_Driver: IInitModifyCplLists intro.
20260709 023054.977 INFO             PET0       >>>ESMX_Driver: entered Initialize (phase=<none>) with current time: 2012 10 24 18  0  0   0
20260709 023054.977 INFO             PET0       <<<ESMX_Driver: leaving Initialize (phase=<none>) with current time: 2012 10 24 18  0  0   0
20260709 023054.977 INFO             PET0     ESMX_Driver: IInitModifyCplLists extro.
20260709 023054.977 INFO             PET0     ATM-TO-OCN: InitializeIPDv05p3 intro.
20260709 023054.979 INFO             PET0     ATM-TO-OCN: InitializeIPDv05p3 extro.
20260709 023054.979 INFO             PET0     OCN-TO-ATM: InitializeIPDv05p3 intro.
20260709 023054.980 INFO             PET0     OCN-TO-ATM: InitializeIPDv05p3 extro.
20260709 023054.981 INFO             PET0     <<<ESMX_Driver: leaving Initialize (phase=<none>) with current time: 2012 10 24 18  0  0   0
20260709 023054.981 INFO             PET0   ESMX_Driver: InitializeIPDv02p1 extro.
20260709 023054.981 INFO             PET0   ESMX_Driver: InitializeIPDv02p3 intro.
20260709 023054.981 INFO             PET0     >>>ESMX_Driver: entered Initialize (phase=<none>) with current time: 2012 10 24 18  0  0   0
20260709 023054.981 INFO             PET0     ESMX_Driver: IInitCheck intro.
20260709 023054.981 INFO             PET0       >>>ESMX_Driver: entered Initialize (phase=<none>) with current time: 2012 10 24 18  0  0   0
20260709 023054.981 INFO             PET0       <<<ESMX_Driver: leaving Initialize (phase=<none>) with current time: 2012 10 24 18  0  0   0
20260709 023054.981 INFO             PET0     ESMX_Driver: IInitCheck extro.
20260709 023054.983 INFO             PET0     OCN: InitializeIPDvXp04 intro.
20260709 023054.983 INFO             PET0       >>>OCN: entered Initialize (phase=IPDvXp04) without valid internal Clock.
20260709 023054.993 INFO             PET0       <<<OCN: leaving Initialize (phase=IPDvXp04) without valid internal Clock.
20260709 023054.993 INFO             PET0     OCN: InitializeIPDvXp04 extro.
20260709 023054.993 INFO             PET0     ATM-TO-OCN: InitializeIPDv05p4 intro.
20260709 023054.996 INFO             PET0     ATM-TO-OCN: InitializeIPDv05p4 extro.
20260709 023054.996 INFO             PET0     OCN-TO-ATM: InitializeIPDv05p4 intro.
20260709 023054.999 INFO             PET0     OCN-TO-ATM: InitializeIPDv05p4 extro.
20260709 023054.999 INFO             PET0     ATM-TO-OCN: InitializeIPDv05p5 intro.
20260709 023055.001 INFO             PET0     ATM-TO-OCN: InitializeIPDv05p5 extro.
20260709 023055.001 INFO             PET0     OCN-TO-ATM: InitializeIPDv05p5 intro.
20260709 023055.004 INFO             PET0     OCN-TO-ATM: InitializeIPDv05p5 extro.
20260709 023055.004 INFO             PET0     ESMX_Driver: IInitRealize intro.
20260709 023055.004 INFO             PET0       >>>ESMX_Driver: entered Initialize (phase=<none>) with current time: 2012 10 24 18  0  0   0
20260709 023055.004 INFO             PET0       <<<ESMX_Driver: leaving Initialize (phase=<none>) with current time: 2012 10 24 18  0  0   0
20260709 023055.004 INFO             PET0     ESMX_Driver: IInitRealize extro.
20260709 023055.004 INFO             PET0     ATM-TO-OCN: InitializeIPDv05p6a intro.
20260709 023055.006 INFO             PET0     ATM-TO-OCN: InitializeIPDv05p6a extro.
20260709 023055.007 INFO             PET0     OCN-TO-ATM: InitializeIPDv05p6a intro.
20260709 023055.009 INFO             PET0     OCN-TO-ATM: InitializeIPDv05p6a extro.
20260709 023055.009 INFO             PET0     ATM-TO-OCN: InitializeIPDv05p6b intro.
20260709 023055.040 INFO             PET0     ATM-TO-OCN: InitializeIPDv05p6b extro.
20260709 023055.040 INFO             PET0     OCN-TO-ATM: InitializeIPDv05p6b intro.
20260709 023055.064 INFO             PET0     OCN-TO-ATM: InitializeIPDv05p6b extro.
20260709 023055.065 INFO             PET0     OCN: InitializeIPDvXp07 intro.
20260709 023055.065 INFO             PET0       >>>OCN: entered Initialize (phase=IPDvXp07) without valid internal Clock.
20260709 023055.065 INFO             PET0       <<<OCN: leaving Initialize (phase=IPDvXp07) with current time: 2012 10 24 18  0  0   0
20260709 023055.065 INFO             PET0     OCN: InitializeIPDvXp07 extro.
20260709 023055.065 INFO             PET0     <<<ESMX_Driver: leaving Initialize (phase=<none>) with current time: 2012 10 24 18  0  0   0
20260709 023055.065 INFO             PET0   ESMX_Driver: InitializeIPDv02p3 extro.
20260709 023055.065 INFO             PET0   ESMX_Driver: InitializeIPDv02p5 intro.
20260709 023055.065 INFO             PET0     >>>ESMX_Driver: entered Initialize (phase=<none>) with current time: 2012 10 24 18  0  0   0
20260709 023055.065 INFO             PET0     ESMX_Driver: InitializeIPDv02p5Data intro.
20260709 023055.065 INFO             PET0       >>>ESMX_Driver: entered Initialize (phase=<none>) with current time: 2012 10 24 18  0  0   0
20260709 023055.065 INFO             PET0       ESMX_Driver: InternalInitializeComplete intro.
20260709 023055.065 INFO             PET0         >>>ESMX_Driver: entered Initialize (phase=<none>) with current time: 2012 10 24 18  0  0   0
20260709 023055.065 INFO             PET0         <<<ESMX_Driver: leaving Initialize (phase=<none>) with current time: 2012 10 24 18  0  0   0
20260709 023055.065 INFO             PET0       ESMX_Driver: InternalInitializeComplete extro.
20260709 023055.066 INFO             PET0       OCN: InitializeIPDv01p5 intro.
20260709 023055.066 INFO             PET0         >>>OCN: entered Initialize (phase=IPDvXp08) with current time: 2012 10 24 18  0  0   0
20260709 023055.066 INFO             PET0         <<<OCN: leaving Initialize (phase=IPDvXp08) with current time: 2012 10 24 18  0  0   0
20260709 023055.066 INFO             PET0       OCN: InitializeIPDv01p5 extro.
20260709 023055.066 INFO             PET0       ESMX_Driver: loopDataDependentInitialize intro.
20260709 023055.066 INFO             PET0         >>>ESMX_Driver: entered Initialize (phase=<none>) with current time: 2012 10 24 18  0  0   0
20260709 023055.066 INFO             PET0         <<<ESMX_Driver: leaving Initialize (phase=<none>) with current time: 2012 10 24 18  0  0   0
20260709 023055.066 INFO             PET0       ESMX_Driver: loopDataDependentInitialize extro.
20260709 023055.066 INFO             PET0       <<<ESMX_Driver: leaving Initialize (phase=<none>) with current time: 2012 10 24 18  0  0   0
20260709 023055.066 INFO             PET0     ESMX_Driver: InitializeIPDv02p5Data extro.
20260709 023055.066 INFO             PET0     <<<ESMX_Driver: leaving Initialize (phase=<none>) with current time: 2012 10 24 18  0  0   0
20260709 023055.066 INFO             PET0   ESMX_Driver: InitializeIPDv02p5 extro.
20260709 023055.066 INFO             PET0   <<<ESMX_Driver: leaving Initialize (phase=<none>) with current time: 2012 10 24 18  0  0   0
20260709 023055.066 INFO             PET0 ESMX_Driver: InitializeGeneric extro.
20260709 023055.066 INFO             PET0 ESMX_Driver: Run intro.
20260709 023055.066 INFO             PET0   >>>ESMX_Driver: entered Run (phase=RunPhase1) with current time: 2012 10 24 18  0  0   0
20260709 023055.066 INFO             PET0   ATM-TO-OCN: Run intro.
20260709 023055.067 INFO             PET0     >>>ATM-TO-OCN entered Run (phase=RunPhase1)
20260709 023055.067 INFO             PET0     <<<ATM-TO-OCN leaving Run (phase=RunPhase1)
20260709 023055.067 INFO             PET0   ATM-TO-OCN: Run extro.
20260709 023055.067 INFO             PET0   OCN-TO-ATM: Run intro.
20260709 023055.067 INFO             PET0     >>>OCN-TO-ATM entered Run (phase=RunPhase1)
20260709 023055.067 INFO             PET0     <<<OCN-TO-ATM leaving Run (phase=RunPhase1)
20260709 023055.067 INFO             PET0   OCN-TO-ATM: Run extro.
20260709 023055.076 INFO             PET0   OCN: Run intro.
20260709 023055.076 INFO             PET0     >>>OCN: entered Run (phase=RunPhase1) with current time: 2012 10 24 18  0  0   0
20260709 023055.076 INFO             PET0     LUMO Advance(): --- VMK::log() start -------------------------------------
20260709 023055.076 INFO             PET0     LUMO Advance(): vm located at: 0x120781c0
20260709 023055.076 INFO             PET0     LUMO Advance(): mpionly=1 threadsflag=0
20260709 023055.076 INFO             PET0     LUMO Advance(): ssiCount=1 localSsi=0
20260709 023055.076 INFO             PET0     LUMO Advance(): devCount=0 ssiLocalDevCount=0
20260709 023055.076 INFO             PET0     LUMO Advance(): petCount=3 ssiLocalPetCount=3
20260709 023055.076 INFO             PET0     LUMO Advance(): localPet=0 mypthid=23197985132672 ssiLocalPet=0 currentSsiPe=0
20260709 023055.076 INFO             PET0     LUMO Advance(): Current system level affinity pinning for local PET:
20260709 023055.076 INFO             PET0     LUMO Advance():  SSIPE=0
20260709 023055.076 INFO             PET0     LUMO Advance(): Current system level OMP_NUM_THREADS setting for local PET: 1
20260709 023055.076 INFO             PET0     LUMO Advance(): Current system level OMP_NUM_PROCS setting for local PET: 1
20260709 023055.076 INFO             PET0     LUMO Advance(): ESMF level logical PET->PE association (but consider system level affinity pinning!):
20260709 023055.076 INFO             PET0     LUMO Advance(): PET=0 lpid=0 tid=0 pid=0 peCount=1 accCount=0
20260709 023055.076 INFO             PET0     LUMO Advance():  PE=0 SSI=0 SSIPE=0
20260709 023055.076 INFO             PET0     LUMO Advance(): PET=1 lpid=1 tid=0 pid=1 peCount=1 accCount=0
20260709 023055.076 INFO             PET0     LUMO Advance():  PE=1 SSI=0 SSIPE=1
20260709 023055.076 INFO             PET0     LUMO Advance(): PET=2 lpid=2 tid=0 pid=3 peCount=1 accCount=0
20260709 023055.076 INFO             PET0     LUMO Advance():  PE=3 SSI=0 SSIPE=3
20260709 023055.076 INFO             PET0     LUMO Advance(): --- VMK::log() end ---------------------------------------
20260709 023055.076 INFO             PET0     LUMO: localPet=   0   thread_num=   0   currentSsiPe=   0   num_threads=   1   max_threads=   1   num_procs=   1
20260709 023055.082 INFO             PET0     ------>Advancing LUMO from: 2012 10 24 18  0  0   0
20260709 023055.082 INFO             PET0     ---------------------> to: 2012 10 24 18  5  0   0
20260709 023055.082 INFO             PET0     LUMO Advance(): --- VMK::log() start -------------------------------------
20260709 023055.082 INFO             PET0     LUMO Advance(): vm located at: 0x120781c0
20260709 023055.082 INFO             PET0     LUMO Advance(): mpionly=1 threadsflag=0
20260709 023055.082 INFO             PET0     LUMO Advance(): ssiCount=1 localSsi=0
20260709 023055.082 INFO             PET0     LUMO Advance(): devCount=0 ssiLocalDevCount=0
20260709 023055.082 INFO             PET0     LUMO Advance(): petCount=3 ssiLocalPetCount=3
20260709 023055.082 INFO             PET0     LUMO Advance(): localPet=0 mypthid=23197985132672 ssiLocalPet=0 currentSsiPe=0
20260709 023055.082 INFO             PET0     LUMO Advance(): Current system level affinity pinning for local PET:
20260709 023055.082 INFO             PET0     LUMO Advance():  SSIPE=0
20260709 023055.082 INFO             PET0     LUMO Advance(): Current system level OMP_NUM_THREADS setting for local PET: 1
20260709 023055.082 INFO             PET0     LUMO Advance(): Current system level OMP_NUM_PROCS setting for local PET: 1
20260709 023055.082 INFO             PET0     LUMO Advance(): ESMF level logical PET->PE association (but consider system level affinity pinning!):
20260709 023055.082 INFO             PET0     LUMO Advance(): PET=0 lpid=0 tid=0 pid=0 peCount=1 accCount=0
20260709 023055.082 INFO             PET0     LUMO Advance():  PE=0 SSI=0 SSIPE=0
20260709 023055.082 INFO             PET0     LUMO Advance(): PET=1 lpid=1 tid=0 pid=1 peCount=1 accCount=0
20260709 023055.082 INFO             PET0     LUMO Advance():  PE=1 SSI=0 SSIPE=1
20260709 023055.082 INFO             PET0     LUMO Advance(): PET=2 lpid=2 tid=0 pid=3 peCount=1 accCount=0
20260709 023055.082 INFO             PET0     LUMO Advance():  PE=3 SSI=0 SSIPE=3
20260709 023055.082 INFO             PET0     LUMO Advance(): --- VMK::log() end ---------------------------------------
20260709 023055.082 INFO             PET0     LUMO: localPet=   0   thread_num=   0   currentSsiPe=   0   num_threads=   1   max_threads=   1   num_procs=   1
20260709 023055.082 INFO             PET0     ------>Advancing LUMO from: 2012 10 24 18  5  0   0
20260709 023055.082 INFO             PET0     ---------------------> to: 2012 10 24 18 10  0   0
20260709 023055.082 INFO             PET0     LUMO Advance(): --- VMK::log() start -------------------------------------
20260709 023055.082 INFO             PET0     LUMO Advance(): vm located at: 0x120781c0
20260709 023055.082 INFO             PET0     LUMO Advance(): mpionly=1 threadsflag=0
20260709 023055.082 INFO             PET0     LUMO Advance(): ssiCount=1 localSsi=0
20260709 023055.082 INFO             PET0     LUMO Advance(): devCount=0 ssiLocalDevCount=0
20260709 023055.082 INFO             PET0     LUMO Advance(): petCount=3 ssiLocalPetCount=3
20260709 023055.082 INFO             PET0     LUMO Advance(): localPet=0 mypthid=23197985132672 ssiLocalPet=0 currentSsiPe=0
20260709 023055.082 INFO             PET0     LUMO Advance(): Current system level affinity pinning for local PET:
20260709 023055.082 INFO             PET0     LUMO Advance():  SSIPE=0
20260709 023055.082 INFO             PET0     LUMO Advance(): Current system level OMP_NUM_THREADS setting for local PET: 1
20260709 023055.082 INFO             PET0     LUMO Advance(): Current system level OMP_NUM_PROCS setting for local PET: 1
20260709 023055.082 INFO             PET0     LUMO Advance(): ESMF level logical PET->PE association (but consider system level affinity pinning!):
20260709 023055.082 INFO             PET0     LUMO Advance(): PET=0 lpid=0 tid=0 pid=0 peCount=1 accCount=0
20260709 023055.082 INFO             PET0     LUMO Advance():  PE=0 SSI=0 SSIPE=0
20260709 023055.082 INFO             PET0     LUMO Advance(): PET=1 lpid=1 tid=0 pid=1 peCount=1 accCount=0
20260709 023055.082 INFO             PET0     LUMO Advance():  PE=1 SSI=0 SSIPE=1
20260709 023055.082 INFO             PET0     LUMO Advance(): PET=2 lpid=2 tid=0 pid=3 peCount=1 accCount=0
20260709 023055.082 INFO             PET0     LUMO Advance():  PE=3 SSI=0 SSIPE=3
20260709 023055.082 INFO             PET0     LUMO Advance(): --- VMK::log() end ---------------------------------------
20260709 023055.082 INFO             PET0     LUMO: localPet=   0   thread_num=   0   currentSsiPe=   0   num_threads=   1   max_threads=   1   num_procs=   1
20260709 023055.082 INFO             PET0     ------>Advancing LUMO from: 2012 10 24 18 10  0   0
20260709 023055.082 INFO             PET0     ---------------------> to: 2012 10 24 18 15  0   0
20260709 023055.082 INFO             PET0     <<<OCN: leaving Run (phase=RunPhase1) with current time: 2012 10 24 18 15  0   0
20260709 023055.083 INFO             PET0   OCN: Run extro.
20260709 023055.083 INFO             PET0   ATM-TO-OCN: Run intro.
20260709 023055.083 INFO             PET0     >>>ATM-TO-OCN entered Run (phase=RunPhase1)
20260709 023055.083 INFO             PET0     <<<ATM-TO-OCN leaving Run (phase=RunPhase1)
20260709 023055.083 INFO             PET0   ATM-TO-OCN: Run extro.
20260709 023055.083 INFO             PET0   OCN-TO-ATM: Run intro.
20260709 023055.083 INFO             PET0     >>>OCN-TO-ATM entered Run (phase=RunPhase1)
20260709 023055.083 INFO             PET0     <<<OCN-TO-ATM leaving Run (phase=RunPhase1)
20260709 023055.083 INFO             PET0   OCN-TO-ATM: Run extro.
20260709 023055.085 INFO             PET0   OCN: Run intro.
20260709 023055.085 INFO             PET0     >>>OCN: entered Run (phase=RunPhase1) with current time: 2012 10 24 18 15  0   0
20260709 023055.085 INFO             PET0     LUMO Advance(): --- VMK::log() start -------------------------------------
20260709 023055.085 INFO             PET0     LUMO Advance(): vm located at: 0x120781c0
20260709 023055.085 INFO             PET0     LUMO Advance(): mpionly=1 threadsflag=0
20260709 023055.085 INFO             PET0     LUMO Advance(): ssiCount=1 localSsi=0
20260709 023055.085 INFO             PET0     LUMO Advance(): devCount=0 ssiLocalDevCount=0
20260709 023055.085 INFO             PET0     LUMO Advance(): petCount=3 ssiLocalPetCount=3
20260709 023055.085 INFO             PET0     LUMO Advance(): localPet=0 mypthid=23197985132672 ssiLocalPet=0 currentSsiPe=0
20260709 023055.085 INFO             PET0     LUMO Advance(): Current system level affinity pinning for local PET:
20260709 023055.085 INFO             PET0     LUMO Advance():  SSIPE=0
20260709 023055.085 INFO             PET0     LUMO Advance(): Current system level OMP_NUM_THREADS setting for local PET: 1
20260709 023055.085 INFO             PET0     LUMO Advance(): Current system level OMP_NUM_PROCS setting for local PET: 1
20260709 023055.085 INFO             PET0     LUMO Advance(): ESMF level logical PET->PE association (but consider system level affinity pinning!):
20260709 023055.085 INFO             PET0     LUMO Advance(): PET=0 lpid=0 tid=0 pid=0 peCount=1 accCount=0
20260709 023055.085 INFO             PET0     LUMO Advance():  PE=0 SSI=0 SSIPE=0
20260709 023055.085 INFO             PET0     LUMO Advance(): PET=1 lpid=1 tid=0 pid=1 peCount=1 accCount=0
20260709 023055.085 INFO             PET0     LUMO Advance():  PE=1 SSI=0 SSIPE=1
20260709 023055.085 INFO             PET0     LUMO Advance(): PET=2 lpid=2 tid=0 pid=3 peCount=1 accCount=0
20260709 023055.085 INFO             PET0     LUMO Advance():  PE=3 SSI=0 SSIPE=3
20260709 023055.085 INFO             PET0     LUMO Advance(): --- VMK::log() end ---------------------------------------
20260709 023055.085 INFO             PET0     LUMO: localPet=   0   thread_num=   0   currentSsiPe=   0   num_threads=   1   max_threads=   1   num_procs=   1
20260709 023055.086 INFO             PET0     ------>Advancing LUMO from: 2012 10 24 18 15  0   0
20260709 023055.086 INFO             PET0     ---------------------> to: 2012 10 24 18 20  0   0
20260709 023055.086 INFO             PET0     LUMO Advance(): --- VMK::log() start -------------------------------------
20260709 023055.086 INFO             PET0     LUMO Advance(): vm located at: 0x120781c0
20260709 023055.086 INFO             PET0     LUMO Advance(): mpionly=1 threadsflag=0
20260709 023055.086 INFO             PET0     LUMO Advance(): ssiCount=1 localSsi=0
20260709 023055.086 INFO             PET0     LUMO Advance(): devCount=0 ssiLocalDevCount=0
20260709 023055.086 INFO             PET0     LUMO Advance(): petCount=3 ssiLocalPetCount=3
20260709 023055.086 INFO             PET0     LUMO Advance(): localPet=0 mypthid=23197985132672 ssiLocalPet=0 currentSsiPe=0
20260709 023055.086 INFO             PET0     LUMO Advance(): Current system level affinity pinning for local PET:
20260709 023055.086 INFO             PET0     LUMO Advance():  SSIPE=0
20260709 023055.086 INFO             PET0     LUMO Advance(): Current system level OMP_NUM_THREADS setting for local PET: 1
20260709 023055.086 INFO             PET0     LUMO Advance(): Current system level OMP_NUM_PROCS setting for local PET: 1
20260709 023055.086 INFO             PET0     LUMO Advance(): ESMF level logical PET->PE association (but consider system level affinity pinning!):
20260709 023055.086 INFO             PET0     LUMO Advance(): PET=0 lpid=0 tid=0 pid=0 peCount=1 accCount=0
20260709 023055.086 INFO             PET0     LUMO Advance():  PE=0 SSI=0 SSIPE=0
20260709 023055.086 INFO             PET0     LUMO Advance(): PET=1 lpid=1 tid=0 pid=1 peCount=1 accCount=0
20260709 023055.086 INFO             PET0     LUMO Advance():  PE=1 SSI=0 SSIPE=1
20260709 023055.086 INFO             PET0     LUMO Advance(): PET=2 lpid=2 tid=0 pid=3 peCount=1 accCount=0
20260709 023055.086 INFO             PET0     LUMO Advance():  PE=3 SSI=0 SSIPE=3
20260709 023055.086 INFO             PET0     LUMO Advance(): --- VMK::log() end ---------------------------------------
20260709 023055.086 INFO             PET0     LUMO: localPet=   0   thread_num=   0   currentSsiPe=   0   num_threads=   1   max_threads=   1   num_procs=   1
20260709 023055.086 INFO             PET0     ------>Advancing LUMO from: 2012 10 24 18 20  0   0
20260709 023055.086 INFO             PET0     ---------------------> to: 2012 10 24 18 25  0   0
20260709 023055.086 INFO             PET0     LUMO Advance(): --- VMK::log() start -------------------------------------
20260709 023055.086 INFO             PET0     LUMO Advance(): vm located at: 0x120781c0
20260709 023055.086 INFO             PET0     LUMO Advance(): mpionly=1 threadsflag=0
20260709 023055.086 INFO             PET0     LUMO Advance(): ssiCount=1 localSsi=0
20260709 023055.086 INFO             PET0     LUMO Advance(): devCount=0 ssiLocalDevCount=0
20260709 023055.086 INFO             PET0     LUMO Advance(): petCount=3 ssiLocalPetCount=3
20260709 023055.086 INFO             PET0     LUMO Advance(): localPet=0 mypthid=23197985132672 ssiLocalPet=0 currentSsiPe=0
20260709 023055.086 INFO             PET0     LUMO Advance(): Current system level affinity pinning for local PET:
20260709 023055.086 INFO             PET0     LUMO Advance():  SSIPE=0
20260709 023055.086 INFO             PET0     LUMO Advance(): Current system level OMP_NUM_THREADS setting for local PET: 1
20260709 023055.086 INFO             PET0     LUMO Advance(): Current system level OMP_NUM_PROCS setting for local PET: 1
20260709 023055.086 INFO             PET0     LUMO Advance(): ESMF level logical PET->PE association (but consider system level affinity pinning!):
20260709 023055.086 INFO             PET0     LUMO Advance(): PET=0 lpid=0 tid=0 pid=0 peCount=1 accCount=0
20260709 023055.086 INFO             PET0     LUMO Advance():  PE=0 SSI=0 SSIPE=0
20260709 023055.086 INFO             PET0     LUMO Advance(): PET=1 lpid=1 tid=0 pid=1 peCount=1 accCount=0
20260709 023055.086 INFO             PET0     LUMO Advance():  PE=1 SSI=0 SSIPE=1
20260709 023055.086 INFO             PET0     LUMO Advance(): PET=2 lpid=2 tid=0 pid=3 peCount=1 accCount=0
20260709 023055.086 INFO             PET0     LUMO Advance():  PE=3 SSI=0 SSIPE=3
20260709 023055.086 INFO             PET0     LUMO Advance(): --- VMK::log() end ---------------------------------------
20260709 023055.086 INFO             PET0     LUMO: localPet=   0   thread_num=   0   currentSsiPe=   0   num_threads=   1   max_threads=   1   num_procs=   1
20260709 023055.087 INFO             PET0     ------>Advancing LUMO from: 2012 10 24 18 25  0   0
20260709 023055.087 INFO             PET0     ---------------------> to: 2012 10 24 18 30  0   0
20260709 023055.087 INFO             PET0     <<<OCN: leaving Run (phase=RunPhase1) with current time: 2012 10 24 18 30  0   0
20260709 023055.087 INFO             PET0   OCN: Run extro.
20260709 023055.087 INFO             PET0   ATM-TO-OCN: Run intro.
20260709 023055.087 INFO             PET0     >>>ATM-TO-OCN entered Run (phase=RunPhase1)
20260709 023055.087 INFO             PET0     <<<ATM-TO-OCN leaving Run (phase=RunPhase1)
20260709 023055.087 INFO             PET0   ATM-TO-OCN: Run extro.
20260709 023055.087 INFO             PET0   OCN-TO-ATM: Run intro.
20260709 023055.087 INFO             PET0     >>>OCN-TO-ATM entered Run (phase=RunPhase1)
20260709 023055.087 INFO             PET0     <<<OCN-TO-ATM leaving Run (phase=RunPhase1)
20260709 023055.087 INFO             PET0   OCN-TO-ATM: Run extro.
20260709 023055.089 INFO             PET0   OCN: Run intro.
20260709 023055.089 INFO             PET0     >>>OCN: entered Run (phase=RunPhase1) with current time: 2012 10 24 18 30  0   0
20260709 023055.089 INFO             PET0     LUMO Advance(): --- VMK::log() start -------------------------------------
20260709 023055.089 INFO             PET0     LUMO Advance(): vm located at: 0x120781c0
20260709 023055.089 INFO             PET0     LUMO Advance(): mpionly=1 threadsflag=0
20260709 023055.089 INFO             PET0     LUMO Advance(): ssiCount=1 localSsi=0
20260709 023055.089 INFO             PET0     LUMO Advance(): devCount=0 ssiLocalDevCount=0
20260709 023055.089 INFO             PET0     LUMO Advance(): petCount=3 ssiLocalPetCount=3
20260709 023055.089 INFO             PET0     LUMO Advance(): localPet=0 mypthid=23197985132672 ssiLocalPet=0 currentSsiPe=0
20260709 023055.089 INFO             PET0     LUMO Advance(): Current system level affinity pinning for local PET:
20260709 023055.089 INFO             PET0     LUMO Advance():  SSIPE=0
20260709 023055.089 INFO             PET0     LUMO Advance(): Current system level OMP_NUM_THREADS setting for local PET: 1
20260709 023055.089 INFO             PET0     LUMO Advance(): Current system level OMP_NUM_PROCS setting for local PET: 1
20260709 023055.089 INFO             PET0     LUMO Advance(): ESMF level logical PET->PE association (but consider system level affinity pinning!):
20260709 023055.089 INFO             PET0     LUMO Advance(): PET=0 lpid=0 tid=0 pid=0 peCount=1 accCount=0
20260709 023055.089 INFO             PET0     LUMO Advance():  PE=0 SSI=0 SSIPE=0
20260709 023055.089 INFO             PET0     LUMO Advance(): PET=1 lpid=1 tid=0 pid=1 peCount=1 accCount=0
20260709 023055.089 INFO             PET0     LUMO Advance():  PE=1 SSI=0 SSIPE=1
20260709 023055.089 INFO             PET0     LUMO Advance(): PET=2 lpid=2 tid=0 pid=3 peCount=1 accCount=0
20260709 023055.089 INFO             PET0     LUMO Advance():  PE=3 SSI=0 SSIPE=3
20260709 023055.090 INFO             PET0     LUMO Advance(): --- VMK::log() end ---------------------------------------
20260709 023055.090 INFO             PET0     LUMO: localPet=   0   thread_num=   0   currentSsiPe=   0   num_threads=   1   max_threads=   1   num_procs=   1
20260709 023055.090 INFO             PET0     ------>Advancing LUMO from: 2012 10 24 18 30  0   0
20260709 023055.090 INFO             PET0     ---------------------> to: 2012 10 24 18 35  0   0
20260709 023055.090 INFO             PET0     LUMO Advance(): --- VMK::log() start -------------------------------------
20260709 023055.090 INFO             PET0     LUMO Advance(): vm located at: 0x120781c0
20260709 023055.090 INFO             PET0     LUMO Advance(): mpionly=1 threadsflag=0
20260709 023055.090 INFO             PET0     LUMO Advance(): ssiCount=1 localSsi=0
20260709 023055.090 INFO             PET0     LUMO Advance(): devCount=0 ssiLocalDevCount=0
20260709 023055.090 INFO             PET0     LUMO Advance(): petCount=3 ssiLocalPetCount=3
20260709 023055.090 INFO             PET0     LUMO Advance(): localPet=0 mypthid=23197985132672 ssiLocalPet=0 currentSsiPe=0
20260709 023055.090 INFO             PET0     LUMO Advance(): Current system level affinity pinning for local PET:
20260709 023055.090 INFO             PET0     LUMO Advance():  SSIPE=0
20260709 023055.090 INFO             PET0     LUMO Advance(): Current system level OMP_NUM_THREADS setting for local PET: 1
20260709 023055.090 INFO             PET0     LUMO Advance(): Current system level OMP_NUM_PROCS setting for local PET: 1
20260709 023055.090 INFO             PET0     LUMO Advance(): ESMF level logical PET->PE association (but consider system level affinity pinning!):
20260709 023055.090 INFO             PET0     LUMO Advance(): PET=0 lpid=0 tid=0 pid=0 peCount=1 accCount=0
20260709 023055.090 INFO             PET0     LUMO Advance():  PE=0 SSI=0 SSIPE=0
20260709 023055.090 INFO             PET0     LUMO Advance(): PET=1 lpid=1 tid=0 pid=1 peCount=1 accCount=0
20260709 023055.090 INFO             PET0     LUMO Advance():  PE=1 SSI=0 SSIPE=1
20260709 023055.090 INFO             PET0     LUMO Advance(): PET=2 lpid=2 tid=0 pid=3 peCount=1 accCount=0
20260709 023055.090 INFO             PET0     LUMO Advance():  PE=3 SSI=0 SSIPE=3
20260709 023055.090 INFO             PET0     LUMO Advance(): --- VMK::log() end ---------------------------------------
20260709 023055.090 INFO             PET0     LUMO: localPet=   0   thread_num=   0   currentSsiPe=   0   num_threads=   1   max_threads=   1   num_procs=   1
20260709 023055.090 INFO             PET0     ------>Advancing LUMO from: 2012 10 24 18 35  0   0
20260709 023055.090 INFO             PET0     ---------------------> to: 2012 10 24 18 40  0   0
20260709 023055.090 INFO             PET0     LUMO Advance(): --- VMK::log() start -------------------------------------
20260709 023055.090 INFO             PET0     LUMO Advance(): vm located at: 0x120781c0
20260709 023055.090 INFO             PET0     LUMO Advance(): mpionly=1 threadsflag=0
20260709 023055.090 INFO             PET0     LUMO Advance(): ssiCount=1 localSsi=0
20260709 023055.090 INFO             PET0     LUMO Advance(): devCount=0 ssiLocalDevCount=0
20260709 023055.090 INFO             PET0     LUMO Advance(): petCount=3 ssiLocalPetCount=3
20260709 023055.090 INFO             PET0     LUMO Advance(): localPet=0 mypthid=23197985132672 ssiLocalPet=0 currentSsiPe=0
20260709 023055.090 INFO             PET0     LUMO Advance(): Current system level affinity pinning for local PET:
20260709 023055.090 INFO             PET0     LUMO Advance():  SSIPE=0
20260709 023055.090 INFO             PET0     LUMO Advance(): Current system level OMP_NUM_THREADS setting for local PET: 1
20260709 023055.090 INFO             PET0     LUMO Advance(): Current system level OMP_NUM_PROCS setting for local PET: 1
20260709 023055.090 INFO             PET0     LUMO Advance(): ESMF level logical PET->PE association (but consider system level affinity pinning!):
20260709 023055.090 INFO             PET0     LUMO Advance(): PET=0 lpid=0 tid=0 pid=0 peCount=1 accCount=0
20260709 023055.090 INFO             PET0     LUMO Advance():  PE=0 SSI=0 SSIPE=0
20260709 023055.090 INFO             PET0     LUMO Advance(): PET=1 lpid=1 tid=0 pid=1 peCount=1 accCount=0
20260709 023055.090 INFO             PET0     LUMO Advance():  PE=1 SSI=0 SSIPE=1
20260709 023055.090 INFO             PET0     LUMO Advance(): PET=2 lpid=2 tid=0 pid=3 peCount=1 accCount=0
20260709 023055.090 INFO             PET0     LUMO Advance():  PE=3 SSI=0 SSIPE=3
20260709 023055.090 INFO             PET0     LUMO Advance(): --- VMK::log() end ---------------------------------------
20260709 023055.090 INFO             PET0     LUMO: localPet=   0   thread_num=   0   currentSsiPe=   0   num_threads=   1   max_threads=   1   num_procs=   1
20260709 023055.091 INFO             PET0     ------>Advancing LUMO from: 2012 10 24 18 40  0   0
20260709 023055.091 INFO             PET0     ---------------------> to: 2012 10 24 18 45  0   0
20260709 023055.091 INFO             PET0     <<<OCN: leaving Run (phase=RunPhase1) with current time: 2012 10 24 18 45  0   0
20260709 023055.091 INFO             PET0   OCN: Run extro.
20260709 023055.091 INFO             PET0   ATM-TO-OCN: Run intro.
20260709 023055.091 INFO             PET0     >>>ATM-TO-OCN entered Run (phase=RunPhase1)
20260709 023055.091 INFO             PET0     <<<ATM-TO-OCN leaving Run (phase=RunPhase1)
20260709 023055.091 INFO             PET0   ATM-TO-OCN: Run extro.
20260709 023055.091 INFO             PET0   OCN-TO-ATM: Run intro.
20260709 023055.091 INFO             PET0     >>>OCN-TO-ATM entered Run (phase=RunPhase1)
20260709 023055.091 INFO             PET0     <<<OCN-TO-ATM leaving Run (phase=RunPhase1)
20260709 023055.091 INFO             PET0   OCN-TO-ATM: Run extro.
20260709 023055.093 INFO             PET0   OCN: Run intro.
20260709 023055.093 INFO             PET0     >>>OCN: entered Run (phase=RunPhase1) with current time: 2012 10 24 18 45  0   0
20260709 023055.093 INFO             PET0     LUMO Advance(): --- VMK::log() start -------------------------------------
20260709 023055.093 INFO             PET0     LUMO Advance(): vm located at: 0x120781c0
20260709 023055.093 INFO             PET0     LUMO Advance(): mpionly=1 threadsflag=0
20260709 023055.093 INFO             PET0     LUMO Advance(): ssiCount=1 localSsi=0
20260709 023055.093 INFO             PET0     LUMO Advance(): devCount=0 ssiLocalDevCount=0
20260709 023055.093 INFO             PET0     LUMO Advance(): petCount=3 ssiLocalPetCount=3
20260709 023055.093 INFO             PET0     LUMO Advance(): localPet=0 mypthid=23197985132672 ssiLocalPet=0 currentSsiPe=0
20260709 023055.093 INFO             PET0     LUMO Advance(): Current system level affinity pinning for local PET:
20260709 023055.093 INFO             PET0     LUMO Advance():  SSIPE=0
20260709 023055.093 INFO             PET0     LUMO Advance(): Current system level OMP_NUM_THREADS setting for local PET: 1
20260709 023055.093 INFO             PET0     LUMO Advance(): Current system level OMP_NUM_PROCS setting for local PET: 1
20260709 023055.093 INFO             PET0     LUMO Advance(): ESMF level logical PET->PE association (but consider system level affinity pinning!):
20260709 023055.093 INFO             PET0     LUMO Advance(): PET=0 lpid=0 tid=0 pid=0 peCount=1 accCount=0
20260709 023055.093 INFO             PET0     LUMO Advance():  PE=0 SSI=0 SSIPE=0
20260709 023055.093 INFO             PET0     LUMO Advance(): PET=1 lpid=1 tid=0 pid=1 peCount=1 accCount=0
20260709 023055.093 INFO             PET0     LUMO Advance():  PE=1 SSI=0 SSIPE=1
20260709 023055.093 INFO             PET0     LUMO Advance(): PET=2 lpid=2 tid=0 pid=3 peCount=1 accCount=0
20260709 023055.093 INFO             PET0     LUMO Advance():  PE=3 SSI=0 SSIPE=3
20260709 023055.093 INFO             PET0     LUMO Advance(): --- VMK::log() end ---------------------------------------
20260709 023055.094 INFO             PET0     LUMO: localPet=   0   thread_num=   0   currentSsiPe=   0   num_threads=   1   max_threads=   1   num_procs=   1
20260709 023055.094 INFO             PET0     ------>Advancing LUMO from: 2012 10 24 18 45  0   0
20260709 023055.094 INFO             PET0     ---------------------> to: 2012 10 24 18 50  0   0
20260709 023055.094 INFO             PET0     LUMO Advance(): --- VMK::log() start -------------------------------------
20260709 023055.094 INFO             PET0     LUMO Advance(): vm located at: 0x120781c0
20260709 023055.094 INFO             PET0     LUMO Advance(): mpionly=1 threadsflag=0
20260709 023055.094 INFO             PET0     LUMO Advance(): ssiCount=1 localSsi=0
20260709 023055.094 INFO             PET0     LUMO Advance(): devCount=0 ssiLocalDevCount=0
20260709 023055.094 INFO             PET0     LUMO Advance(): petCount=3 ssiLocalPetCount=3
20260709 023055.094 INFO             PET0     LUMO Advance(): localPet=0 mypthid=23197985132672 ssiLocalPet=0 currentSsiPe=0
20260709 023055.094 INFO             PET0     LUMO Advance(): Current system level affinity pinning for local PET:
20260709 023055.094 INFO             PET0     LUMO Advance():  SSIPE=0
20260709 023055.094 INFO             PET0     LUMO Advance(): Current system level OMP_NUM_THREADS setting for local PET: 1
20260709 023055.094 INFO             PET0     LUMO Advance(): Current system level OMP_NUM_PROCS setting for local PET: 1
20260709 023055.094 INFO             PET0     LUMO Advance(): ESMF level logical PET->PE association (but consider system level affinity pinning!):
20260709 023055.094 INFO             PET0     LUMO Advance(): PET=0 lpid=0 tid=0 pid=0 peCount=1 accCount=0
20260709 023055.094 INFO             PET0     LUMO Advance():  PE=0 SSI=0 SSIPE=0
20260709 023055.094 INFO             PET0     LUMO Advance(): PET=1 lpid=1 tid=0 pid=1 peCount=1 accCount=0
20260709 023055.094 INFO             PET0     LUMO Advance():  PE=1 SSI=0 SSIPE=1
20260709 023055.094 INFO             PET0     LUMO Advance(): PET=2 lpid=2 tid=0 pid=3 peCount=1 accCount=0
20260709 023055.094 INFO             PET0     LUMO Advance():  PE=3 SSI=0 SSIPE=3
20260709 023055.094 INFO             PET0     LUMO Advance(): --- VMK::log() end ---------------------------------------
20260709 023055.094 INFO             PET0     LUMO: localPet=   0   thread_num=   0   currentSsiPe=   0   num_threads=   1   max_threads=   1   num_procs=   1
20260709 023055.094 INFO             PET0     ------>Advancing LUMO from: 2012 10 24 18 50  0   0
20260709 023055.094 INFO             PET0     ---------------------> to: 2012 10 24 18 55  0   0
20260709 023055.094 INFO             PET0     LUMO Advance(): --- VMK::log() start -------------------------------------
20260709 023055.094 INFO             PET0     LUMO Advance(): vm located at: 0x120781c0
20260709 023055.094 INFO             PET0     LUMO Advance(): mpionly=1 threadsflag=0
20260709 023055.094 INFO             PET0     LUMO Advance(): ssiCount=1 localSsi=0
20260709 023055.094 INFO             PET0     LUMO Advance(): devCount=0 ssiLocalDevCount=0
20260709 023055.094 INFO             PET0     LUMO Advance(): petCount=3 ssiLocalPetCount=3
20260709 023055.094 INFO             PET0     LUMO Advance(): localPet=0 mypthid=23197985132672 ssiLocalPet=0 currentSsiPe=0
20260709 023055.094 INFO             PET0     LUMO Advance(): Current system level affinity pinning for local PET:
20260709 023055.094 INFO             PET0     LUMO Advance():  SSIPE=0
20260709 023055.094 INFO             PET0     LUMO Advance(): Current system level OMP_NUM_THREADS setting for local PET: 1
20260709 023055.094 INFO             PET0     LUMO Advance(): Current system level OMP_NUM_PROCS setting for local PET: 1
20260709 023055.094 INFO             PET0     LUMO Advance(): ESMF level logical PET->PE association (but consider system level affinity pinning!):
20260709 023055.094 INFO             PET0     LUMO Advance(): PET=0 lpid=0 tid=0 pid=0 peCount=1 accCount=0
20260709 023055.094 INFO             PET0     LUMO Advance():  PE=0 SSI=0 SSIPE=0
20260709 023055.094 INFO             PET0     LUMO Advance(): PET=1 lpid=1 tid=0 pid=1 peCount=1 accCount=0
20260709 023055.094 INFO             PET0     LUMO Advance():  PE=1 SSI=0 SSIPE=1
20260709 023055.094 INFO             PET0     LUMO Advance(): PET=2 lpid=2 tid=0 pid=3 peCount=1 accCount=0
20260709 023055.094 INFO             PET0     LUMO Advance():  PE=3 SSI=0 SSIPE=3
20260709 023055.094 INFO             PET0     LUMO Advance(): --- VMK::log() end ---------------------------------------
20260709 023055.094 INFO             PET0     LUMO: localPet=   0   thread_num=   0   currentSsiPe=   0   num_threads=   1   max_threads=   1   num_procs=   1
20260709 023055.095 INFO             PET0     ------>Advancing LUMO from: 2012 10 24 18 55  0   0
20260709 023055.095 INFO             PET0     ---------------------> to: 2012 10 24 19  0  0   0
20260709 023055.095 INFO             PET0     <<<OCN: leaving Run (phase=RunPhase1) with current time: 2012 10 24 19  0  0   0
20260709 023055.095 INFO             PET0   OCN: Run extro.
20260709 023055.095 INFO             PET0   <<<ESMX_Driver: leaving Run (phase=RunPhase1) with current time: 2012 10 24 19  0  0   0
20260709 023055.095 INFO             PET0 ESMX_Driver: Run extro.
20260709 023055.095 INFO             PET0 ESMX_Driver: Finalize intro.
20260709 023055.095 INFO             PET0   >>>ESMX_Driver: entered Finalize (phase=FinalizePhase1) with current time: 2012 10 24 19  0  0   0
20260709 023055.095 INFO             PET0   Calling Finalize phase 1 for connectorComp: ATM-TO-OCN
20260709 023055.095 INFO             PET0   ATM-TO-OCN: Finalize intro.
20260709 023055.095 INFO             PET0   ATM-TO-OCN: Finalize extro.
20260709 023055.095 INFO             PET0   Calling Finalize phase 1 for connectorComp: OCN-TO-ATM
20260709 023055.095 INFO             PET0   OCN-TO-ATM: Finalize intro.
20260709 023055.095 INFO             PET0   OCN-TO-ATM: Finalize extro.
20260709 023055.095 INFO             PET0   Calling Finalize phase 1 for modelComp: ATM
20260709 023055.095 INFO             PET0   Calling Finalize phase 1 for modelComp: OCN
20260709 023055.095 INFO             PET0   OCN: Finalize intro.
20260709 023055.095 INFO             PET0     >>>OCN: entered Finalize (phase=FinalizePhase1) with current time: 2012 10 24 19  0  0   0
20260709 023055.095 INFO             PET0     <<<OCN: leaving Finalize (phase=FinalizePhase1) with current time: 2012 10 24 19  0  0   0
20260709 023055.095 INFO             PET0   OCN: Finalize extro.
20260709 023055.095 INFO             PET0   Delete modelComp: ATM
20260709 023055.096 INFO             PET0   Delete modelComp: OCN
20260709 023055.096 INFO             PET0   Delete connectorComp: ATM-TO-OCN
20260709 023055.096 INFO             PET0   Delete connectorComp: OCN-TO-ATM
20260709 023055.096 INFO             PET0   <<<ESMX_Driver: leaving Finalize (phase=FinalizePhase1) with current time: 2012 10 24 19  0  0   0
20260709 023055.096 INFO             PET0 ESMX_Driver: Finalize extro.
20260709 023055.096 INFO             PET0 =============================================
20260709 023055.096 INFO             PET0 ESMX (Earth System Model eXecutable) FINISHED
20260709 023055.096 INFO             PET0 =============================================
20260709 023055.096 INFO             PET0  Finalizing ESMF
20260709 023054.939 INFO             PET1 !!!!!!!!!!!!!!!!!!!!!!!!!!!!!!!!!!!!!!!!!!!!!!!!!!!!!!
20260709 023054.939 INFO             PET1 !!! THE ESMF_LOG IS SET TO OUTPUT ALL LOG MESSAGES !!!
20260709 023054.939 INFO             PET1 !!!     THIS MAY CAUSE SLOWDOWN IN PERFORMANCE     !!!
20260709 023054.939 INFO             PET1 !!! FOR PRODUCTION RUNS, USE:                      !!!
20260709 023054.939 INFO             PET1 !!!                   ESMF_LOGKIND_Multi_On_Error  !!!
20260709 023054.939 INFO             PET1 !!!!!!!!!!!!!!!!!!!!!!!!!!!!!!!!!!!!!!!!!!!!!!!!!!!!!!
20260709 023054.939 INFO             PET1 Running with ESMF Version   : feature/refresh-bmauer-c_dynmask_interface+g70628eccd4
20260709 023054.939 INFO             PET1 ESMF library build date/time: "Jul  9 2026" "01:34:19"
20260709 023054.939 INFO             PET1 ESMF library build location : /glade/derecho/scratch/sacks/esmf-testing/gfortran_12.2.0_pio2.6.2_mpi_O_feature_refresh-bmauer-c_dynmask_interface/esmf
20260709 023054.939 INFO             PET1 ESMF_COMM                   : mpi
20260709 023054.942 INFO             PET1 ESMF_MOAB                   : enabled
20260709 023054.942 INFO             PET1 ESMF_LAPACK                 : enabled
20260709 023054.942 INFO             PET1 ESMF_NETCDF                 : enabled
20260709 023054.942 INFO             PET1 ESMF_PNETCDF                : disabled
20260709 023054.942 INFO             PET1 ESMF_PIO                    : enabled
20260709 023054.942 INFO             PET1 ESMF_YAMLCPP                : enabled
20260709 023054.943 INFO             PET1 =============================================
20260709 023054.943 INFO             PET1 ESMX (Earth System Model eXecutable) STARTING
20260709 023054.943 INFO             PET1 =============================================
20260709 023054.946 DEBUG            PET1 Generic SetVM() is executing for: ESMX_Driver
20260709 023054.947 DEBUG            PET1 Generic SetVM() found no NUOPC Hint for: ESMX_Driver
20260709 023054.947 DEBUG            PET1 Generic SetVM() therefore is NOT calling ESMF_GridCompSetVMMaxPEs() for: ESMX_Driver
20260709 023054.948 INFO             PET1 ESMX_Driver: InitializeGeneric intro.
20260709 023054.948 INFO             PET1   >>>ESMX_Driver: entered Initialize (phase=<none>) without valid internal Clock.
20260709 023054.948 INFO             PET1   ESMX_Driver: InitializeP0 intro.
20260709 023054.948 INFO             PET1     >>>ESMX_Driver: entered Initialize (phase=<none>) without valid internal Clock.
20260709 023054.948 INFO             PET1     <<<ESMX_Driver: leaving Initialize (phase=<none>) without valid internal Clock.
20260709 023054.948 INFO             PET1   ESMX_Driver: InitializeP0 extro.
20260709 023054.949 INFO             PET1   ESMX_Driver: InitializeIPDv02p1 intro.
20260709 023054.949 INFO             PET1     >>>ESMX_Driver: entered Initialize (phase=<none>) without valid internal Clock.
20260709 023054.950 INFO             PET1     ESMX_Driver - Creating model component ATM with petList of size 4 :
20260709 023054.950 INFO             PET1           3      2      1      0
20260709 023054.950 DEBUG            PET1     Generic SetVM() is executing for: ATM
20260709 023054.950 DEBUG            PET1     Generic SetVM() is calling ESMF_GridCompSetVMMaxPEs() for: ATM with:
20260709 023054.950 DEBUG            PET1      -             MaxCount =          4
20260709 023054.950 DEBUG            PET1      -       OpenMpHandling =
20260709 023054.950 DEBUG            PET1      -     OpenMpNumThreads =         -1
20260709 023054.950 DEBUG            PET1      -   ForceChildPthreads =          F
20260709 023054.950 DEBUG            PET1      -  PthreadMinStackSize =         -1
20260709 023054.950 DEBUG            PET1     vmkt_create()#229 Pthread: service=1 (0: actual PET, 1: service thread) - PTHREAD_STACK_MIN: 16384 bytes stack_size: 4194304 bytes
20260709 023054.951 DEBUG            PET1     vmkt_create()#229 Pthread: service=1 (0: actual PET, 1: service thread) - PTHREAD_STACK_MIN: 16384 bytes stack_size: 4194304 bytes
20260709 023054.953 INFO             PET1     ESMX_Driver - Creating model component OCN with petList of size 3 :
20260709 023054.953 INFO             PET1           0      1      3
20260709 023054.953 DEBUG            PET1     Generic SetVM() is executing for: OCN
20260709 023054.957 INFO             PET1     OCN: InitializeP0 intro.
20260709 023054.957 INFO             PET1       >>>OCN: entered Initialize (phase=<none>) without valid internal Clock.
20260709 023054.957 INFO             PET1       <<<OCN: leaving Initialize (phase=<none>) without valid internal Clock.
20260709 023054.957 INFO             PET1     OCN: InitializeP0 extro.
20260709 023054.958 INFO             PET1     ESMX_Driver - Creating connector component ATM-TO-OCN with petList of size 4 :
20260709 023054.958 INFO             PET1           3      2      1      0
20260709 023054.960 INFO             PET1     ESMX_Driver - Setting Verbosity on created component to: low
20260709 023054.960 INFO             PET1     ESMX_Driver - Setting Profiling on created component to:          0
20260709 023054.960 INFO             PET1     ESMX_Driver - Creating connector component OCN-TO-ATM with petList of size 4 :
20260709 023054.960 INFO             PET1           0      1      3      2
20260709 023054.961 INFO             PET1     ESMX_Driver - Setting Verbosity on created component to: low
20260709 023054.961 INFO             PET1     ESMX_Driver - Setting Profiling on created component to:          0
20260709 023054.962 INFO             PET1     ESMX_Driver: IInitAdvertise intro.
20260709 023054.962 INFO             PET1       >>>ESMX_Driver: entered Initialize (phase=<none>) with current time: 2012 10 24 18  0  0   0
20260709 023054.962 INFO             PET1       <<<ESMX_Driver: leaving Initialize (phase=<none>) with current time: 2012 10 24 18  0  0   0
20260709 023054.962 INFO             PET1     ESMX_Driver: IInitAdvertise extro.
20260709 023054.964 INFO             PET1     OCN: InitializeIPDvXp01 intro.
20260709 023054.964 INFO             PET1       >>>OCN: entered Initialize (phase=IPDvXp01) without valid internal Clock.
20260709 023054.965 INFO             PET1       <<<OCN: leaving Initialize (phase=IPDvXp01) without valid internal Clock.
20260709 023054.965 INFO             PET1     OCN: InitializeIPDvXp01 extro.
20260709 023054.965 INFO             PET1     ATM-TO-OCN: InitializeIPDv05p1 intro.
20260709 023054.968 INFO             PET1     ATM-TO-OCN: InitializeIPDv05p1 extro.
20260709 023054.968 INFO             PET1     OCN-TO-ATM: InitializeIPDv05p1 intro.
20260709 023054.969 INFO             PET1     OCN-TO-ATM: InitializeIPDv05p1 extro.
20260709 023054.970 INFO             PET1     ESMX_Driver: IInitAdvertiseFinish intro.
20260709 023054.970 INFO             PET1       >>>ESMX_Driver: entered Initialize (phase=<none>) with current time: 2012 10 24 18  0  0   0
20260709 023054.970 INFO             PET1       <<<ESMX_Driver: leaving Initialize (phase=<none>) with current time: 2012 10 24 18  0  0   0
20260709 023054.970 INFO             PET1     ESMX_Driver: IInitAdvertiseFinish extro.
20260709 023054.970 INFO             PET1     ATM-TO-OCN: InitializeIPDv05p2a intro.
20260709 023054.971 INFO             PET1     ATM-TO-OCN: InitializeIPDv05p2a extro.
20260709 023054.971 INFO             PET1     OCN-TO-ATM: InitializeIPDv05p2a intro.
20260709 023054.973 INFO             PET1     OCN-TO-ATM: InitializeIPDv05p2a extro.
20260709 023054.973 INFO             PET1     ATM-TO-OCN: InitializeIPDv05p2b intro.
20260709 023054.975 INFO             PET1     ATM-TO-OCN: InitializeIPDv05p2b extro.
20260709 023054.975 INFO             PET1     OCN-TO-ATM: InitializeIPDv05p2b intro.
20260709 023054.977 INFO             PET1     OCN-TO-ATM: InitializeIPDv05p2b extro.
20260709 023054.977 INFO             PET1     ESMX_Driver: IInitModifyCplLists intro.
20260709 023054.977 INFO             PET1       >>>ESMX_Driver: entered Initialize (phase=<none>) with current time: 2012 10 24 18  0  0   0
20260709 023054.977 INFO             PET1       <<<ESMX_Driver: leaving Initialize (phase=<none>) with current time: 2012 10 24 18  0  0   0
20260709 023054.977 INFO             PET1     ESMX_Driver: IInitModifyCplLists extro.
20260709 023054.977 INFO             PET1     ATM-TO-OCN: InitializeIPDv05p3 intro.
20260709 023054.979 INFO             PET1     ATM-TO-OCN: InitializeIPDv05p3 extro.
20260709 023054.979 INFO             PET1     OCN-TO-ATM: InitializeIPDv05p3 intro.
20260709 023054.980 INFO             PET1     OCN-TO-ATM: InitializeIPDv05p3 extro.
20260709 023054.981 INFO             PET1     <<<ESMX_Driver: leaving Initialize (phase=<none>) with current time: 2012 10 24 18  0  0   0
20260709 023054.981 INFO             PET1   ESMX_Driver: InitializeIPDv02p1 extro.
20260709 023054.981 INFO             PET1   ESMX_Driver: InitializeIPDv02p3 intro.
20260709 023054.981 INFO             PET1     >>>ESMX_Driver: entered Initialize (phase=<none>) with current time: 2012 10 24 18  0  0   0
20260709 023054.981 INFO             PET1     ESMX_Driver: IInitCheck intro.
20260709 023054.981 INFO             PET1       >>>ESMX_Driver: entered Initialize (phase=<none>) with current time: 2012 10 24 18  0  0   0
20260709 023054.981 INFO             PET1       <<<ESMX_Driver: leaving Initialize (phase=<none>) with current time: 2012 10 24 18  0  0   0
20260709 023054.981 INFO             PET1     ESMX_Driver: IInitCheck extro.
20260709 023054.983 INFO             PET1     OCN: InitializeIPDvXp04 intro.
20260709 023054.983 INFO             PET1       >>>OCN: entered Initialize (phase=IPDvXp04) without valid internal Clock.
20260709 023054.993 INFO             PET1       <<<OCN: leaving Initialize (phase=IPDvXp04) without valid internal Clock.
20260709 023054.993 INFO             PET1     OCN: InitializeIPDvXp04 extro.
20260709 023054.993 INFO             PET1     ATM-TO-OCN: InitializeIPDv05p4 intro.
20260709 023054.996 INFO             PET1     ATM-TO-OCN: InitializeIPDv05p4 extro.
20260709 023054.996 INFO             PET1     OCN-TO-ATM: InitializeIPDv05p4 intro.
20260709 023054.999 INFO             PET1     OCN-TO-ATM: InitializeIPDv05p4 extro.
20260709 023054.999 INFO             PET1     ATM-TO-OCN: InitializeIPDv05p5 intro.
20260709 023055.001 INFO             PET1     ATM-TO-OCN: InitializeIPDv05p5 extro.
20260709 023055.001 INFO             PET1     OCN-TO-ATM: InitializeIPDv05p5 intro.
20260709 023055.004 INFO             PET1     OCN-TO-ATM: InitializeIPDv05p5 extro.
20260709 023055.004 INFO             PET1     ESMX_Driver: IInitRealize intro.
20260709 023055.004 INFO             PET1       >>>ESMX_Driver: entered Initialize (phase=<none>) with current time: 2012 10 24 18  0  0   0
20260709 023055.004 INFO             PET1       <<<ESMX_Driver: leaving Initialize (phase=<none>) with current time: 2012 10 24 18  0  0   0
20260709 023055.004 INFO             PET1     ESMX_Driver: IInitRealize extro.
20260709 023055.004 INFO             PET1     ATM-TO-OCN: InitializeIPDv05p6a intro.
20260709 023055.006 INFO             PET1     ATM-TO-OCN: InitializeIPDv05p6a extro.
20260709 023055.007 INFO             PET1     OCN-TO-ATM: InitializeIPDv05p6a intro.
20260709 023055.009 INFO             PET1     OCN-TO-ATM: InitializeIPDv05p6a extro.
20260709 023055.009 INFO             PET1     ATM-TO-OCN: InitializeIPDv05p6b intro.
20260709 023055.040 INFO             PET1     ATM-TO-OCN: InitializeIPDv05p6b extro.
20260709 023055.040 INFO             PET1     OCN-TO-ATM: InitializeIPDv05p6b intro.
20260709 023055.064 INFO             PET1     OCN-TO-ATM: InitializeIPDv05p6b extro.
20260709 023055.065 INFO             PET1     OCN: InitializeIPDvXp07 intro.
20260709 023055.065 INFO             PET1       >>>OCN: entered Initialize (phase=IPDvXp07) without valid internal Clock.
20260709 023055.065 INFO             PET1       <<<OCN: leaving Initialize (phase=IPDvXp07) with current time: 2012 10 24 18  0  0   0
20260709 023055.065 INFO             PET1     OCN: InitializeIPDvXp07 extro.
20260709 023055.065 INFO             PET1     <<<ESMX_Driver: leaving Initialize (phase=<none>) with current time: 2012 10 24 18  0  0   0
20260709 023055.065 INFO             PET1   ESMX_Driver: InitializeIPDv02p3 extro.
20260709 023055.065 INFO             PET1   ESMX_Driver: InitializeIPDv02p5 intro.
20260709 023055.065 INFO             PET1     >>>ESMX_Driver: entered Initialize (phase=<none>) with current time: 2012 10 24 18  0  0   0
20260709 023055.065 INFO             PET1     ESMX_Driver: InitializeIPDv02p5Data intro.
20260709 023055.065 INFO             PET1       >>>ESMX_Driver: entered Initialize (phase=<none>) with current time: 2012 10 24 18  0  0   0
20260709 023055.065 INFO             PET1       ESMX_Driver: InternalInitializeComplete intro.
20260709 023055.065 INFO             PET1         >>>ESMX_Driver: entered Initialize (phase=<none>) with current time: 2012 10 24 18  0  0   0
20260709 023055.065 INFO             PET1         <<<ESMX_Driver: leaving Initialize (phase=<none>) with current time: 2012 10 24 18  0  0   0
20260709 023055.065 INFO             PET1       ESMX_Driver: InternalInitializeComplete extro.
20260709 023055.066 INFO             PET1       OCN: InitializeIPDv01p5 intro.
20260709 023055.066 INFO             PET1         >>>OCN: entered Initialize (phase=IPDvXp08) with current time: 2012 10 24 18  0  0   0
20260709 023055.066 INFO             PET1         <<<OCN: leaving Initialize (phase=IPDvXp08) with current time: 2012 10 24 18  0  0   0
20260709 023055.066 INFO             PET1       OCN: InitializeIPDv01p5 extro.
20260709 023055.066 INFO             PET1       ESMX_Driver: loopDataDependentInitialize intro.
20260709 023055.066 INFO             PET1         >>>ESMX_Driver: entered Initialize (phase=<none>) with current time: 2012 10 24 18  0  0   0
20260709 023055.066 INFO             PET1         <<<ESMX_Driver: leaving Initialize (phase=<none>) with current time: 2012 10 24 18  0  0   0
20260709 023055.066 INFO             PET1       ESMX_Driver: loopDataDependentInitialize extro.
20260709 023055.066 INFO             PET1       <<<ESMX_Driver: leaving Initialize (phase=<none>) with current time: 2012 10 24 18  0  0   0
20260709 023055.066 INFO             PET1     ESMX_Driver: InitializeIPDv02p5Data extro.
20260709 023055.066 INFO             PET1     <<<ESMX_Driver: leaving Initialize (phase=<none>) with current time: 2012 10 24 18  0  0   0
20260709 023055.066 INFO             PET1   ESMX_Driver: InitializeIPDv02p5 extro.
20260709 023055.066 INFO             PET1   <<<ESMX_Driver: leaving Initialize (phase=<none>) with current time: 2012 10 24 18  0  0   0
20260709 023055.066 INFO             PET1 ESMX_Driver: InitializeGeneric extro.
20260709 023055.066 INFO             PET1 ESMX_Driver: Run intro.
20260709 023055.066 INFO             PET1   >>>ESMX_Driver: entered Run (phase=RunPhase1) with current time: 2012 10 24 18  0  0   0
20260709 023055.067 INFO             PET1   ATM-TO-OCN: Run intro.
20260709 023055.067 INFO             PET1     >>>ATM-TO-OCN entered Run (phase=RunPhase1)
20260709 023055.067 INFO             PET1     <<<ATM-TO-OCN leaving Run (phase=RunPhase1)
20260709 023055.067 INFO             PET1   ATM-TO-OCN: Run extro.
20260709 023055.067 INFO             PET1   OCN-TO-ATM: Run intro.
20260709 023055.067 INFO             PET1     >>>OCN-TO-ATM entered Run (phase=RunPhase1)
20260709 023055.067 INFO             PET1     <<<OCN-TO-ATM leaving Run (phase=RunPhase1)
20260709 023055.067 INFO             PET1   OCN-TO-ATM: Run extro.
20260709 023055.076 INFO             PET1   OCN: Run intro.
20260709 023055.076 INFO             PET1     >>>OCN: entered Run (phase=RunPhase1) with current time: 2012 10 24 18  0  0   0
20260709 023055.076 INFO             PET1     LUMO Advance(): --- VMK::log() start -------------------------------------
20260709 023055.076 INFO             PET1     LUMO Advance(): vm located at: 0x313cd100
20260709 023055.076 INFO             PET1     LUMO Advance(): mpionly=1 threadsflag=0
20260709 023055.076 INFO             PET1     LUMO Advance(): ssiCount=1 localSsi=0
20260709 023055.076 INFO             PET1     LUMO Advance(): devCount=0 ssiLocalDevCount=0
20260709 023055.076 INFO             PET1     LUMO Advance(): petCount=3 ssiLocalPetCount=3
20260709 023055.076 INFO             PET1     LUMO Advance(): localPet=1 mypthid=22869658894464 ssiLocalPet=1 currentSsiPe=1
20260709 023055.076 INFO             PET1     LUMO Advance(): Current system level affinity pinning for local PET:
20260709 023055.076 INFO             PET1     LUMO Advance():  SSIPE=1
20260709 023055.076 INFO             PET1     LUMO Advance(): Current system level OMP_NUM_THREADS setting for local PET: 1
20260709 023055.076 INFO             PET1     LUMO Advance(): Current system level OMP_NUM_PROCS setting for local PET: 1
20260709 023055.076 INFO             PET1     LUMO Advance(): ESMF level logical PET->PE association (but consider system level affinity pinning!):
20260709 023055.076 INFO             PET1     LUMO Advance(): PET=0 lpid=0 tid=0 pid=0 peCount=1 accCount=0
20260709 023055.076 INFO             PET1     LUMO Advance():  PE=0 SSI=0 SSIPE=0
20260709 023055.076 INFO             PET1     LUMO Advance(): PET=1 lpid=1 tid=0 pid=1 peCount=1 accCount=0
20260709 023055.076 INFO             PET1     LUMO Advance():  PE=1 SSI=0 SSIPE=1
20260709 023055.076 INFO             PET1     LUMO Advance(): PET=2 lpid=2 tid=0 pid=3 peCount=1 accCount=0
20260709 023055.076 INFO             PET1     LUMO Advance():  PE=3 SSI=0 SSIPE=3
20260709 023055.076 INFO             PET1     LUMO Advance(): --- VMK::log() end ---------------------------------------
20260709 023055.076 INFO             PET1     LUMO: localPet=   1   thread_num=   0   currentSsiPe=   1   num_threads=   1   max_threads=   1   num_procs=   1
20260709 023055.081 INFO             PET1     ------>Advancing LUMO from: 2012 10 24 18  0  0   0
20260709 023055.081 INFO             PET1     ---------------------> to: 2012 10 24 18  5  0   0
20260709 023055.082 INFO             PET1     LUMO Advance(): --- VMK::log() start -------------------------------------
20260709 023055.082 INFO             PET1     LUMO Advance(): vm located at: 0x313cd100
20260709 023055.082 INFO             PET1     LUMO Advance(): mpionly=1 threadsflag=0
20260709 023055.082 INFO             PET1     LUMO Advance(): ssiCount=1 localSsi=0
20260709 023055.082 INFO             PET1     LUMO Advance(): devCount=0 ssiLocalDevCount=0
20260709 023055.082 INFO             PET1     LUMO Advance(): petCount=3 ssiLocalPetCount=3
20260709 023055.082 INFO             PET1     LUMO Advance(): localPet=1 mypthid=22869658894464 ssiLocalPet=1 currentSsiPe=1
20260709 023055.082 INFO             PET1     LUMO Advance(): Current system level affinity pinning for local PET:
20260709 023055.082 INFO             PET1     LUMO Advance():  SSIPE=1
20260709 023055.082 INFO             PET1     LUMO Advance(): Current system level OMP_NUM_THREADS setting for local PET: 1
20260709 023055.082 INFO             PET1     LUMO Advance(): Current system level OMP_NUM_PROCS setting for local PET: 1
20260709 023055.082 INFO             PET1     LUMO Advance(): ESMF level logical PET->PE association (but consider system level affinity pinning!):
20260709 023055.082 INFO             PET1     LUMO Advance(): PET=0 lpid=0 tid=0 pid=0 peCount=1 accCount=0
20260709 023055.082 INFO             PET1     LUMO Advance():  PE=0 SSI=0 SSIPE=0
20260709 023055.082 INFO             PET1     LUMO Advance(): PET=1 lpid=1 tid=0 pid=1 peCount=1 accCount=0
20260709 023055.082 INFO             PET1     LUMO Advance():  PE=1 SSI=0 SSIPE=1
20260709 023055.082 INFO             PET1     LUMO Advance(): PET=2 lpid=2 tid=0 pid=3 peCount=1 accCount=0
20260709 023055.082 INFO             PET1     LUMO Advance():  PE=3 SSI=0 SSIPE=3
20260709 023055.082 INFO             PET1     LUMO Advance(): --- VMK::log() end ---------------------------------------
20260709 023055.082 INFO             PET1     LUMO: localPet=   1   thread_num=   0   currentSsiPe=   1   num_threads=   1   max_threads=   1   num_procs=   1
20260709 023055.082 INFO             PET1     ------>Advancing LUMO from: 2012 10 24 18  5  0   0
20260709 023055.082 INFO             PET1     ---------------------> to: 2012 10 24 18 10  0   0
20260709 023055.082 INFO             PET1     LUMO Advance(): --- VMK::log() start -------------------------------------
20260709 023055.082 INFO             PET1     LUMO Advance(): vm located at: 0x313cd100
20260709 023055.082 INFO             PET1     LUMO Advance(): mpionly=1 threadsflag=0
20260709 023055.082 INFO             PET1     LUMO Advance(): ssiCount=1 localSsi=0
20260709 023055.082 INFO             PET1     LUMO Advance(): devCount=0 ssiLocalDevCount=0
20260709 023055.082 INFO             PET1     LUMO Advance(): petCount=3 ssiLocalPetCount=3
20260709 023055.082 INFO             PET1     LUMO Advance(): localPet=1 mypthid=22869658894464 ssiLocalPet=1 currentSsiPe=1
20260709 023055.082 INFO             PET1     LUMO Advance(): Current system level affinity pinning for local PET:
20260709 023055.082 INFO             PET1     LUMO Advance():  SSIPE=1
20260709 023055.082 INFO             PET1     LUMO Advance(): Current system level OMP_NUM_THREADS setting for local PET: 1
20260709 023055.082 INFO             PET1     LUMO Advance(): Current system level OMP_NUM_PROCS setting for local PET: 1
20260709 023055.082 INFO             PET1     LUMO Advance(): ESMF level logical PET->PE association (but consider system level affinity pinning!):
20260709 023055.082 INFO             PET1     LUMO Advance(): PET=0 lpid=0 tid=0 pid=0 peCount=1 accCount=0
20260709 023055.082 INFO             PET1     LUMO Advance():  PE=0 SSI=0 SSIPE=0
20260709 023055.082 INFO             PET1     LUMO Advance(): PET=1 lpid=1 tid=0 pid=1 peCount=1 accCount=0
20260709 023055.082 INFO             PET1     LUMO Advance():  PE=1 SSI=0 SSIPE=1
20260709 023055.082 INFO             PET1     LUMO Advance(): PET=2 lpid=2 tid=0 pid=3 peCount=1 accCount=0
20260709 023055.082 INFO             PET1     LUMO Advance():  PE=3 SSI=0 SSIPE=3
20260709 023055.082 INFO             PET1     LUMO Advance(): --- VMK::log() end ---------------------------------------
20260709 023055.082 INFO             PET1     LUMO: localPet=   1   thread_num=   0   currentSsiPe=   1   num_threads=   1   max_threads=   1   num_procs=   1
20260709 023055.082 INFO             PET1     ------>Advancing LUMO from: 2012 10 24 18 10  0   0
20260709 023055.082 INFO             PET1     ---------------------> to: 2012 10 24 18 15  0   0
20260709 023055.082 INFO             PET1     <<<OCN: leaving Run (phase=RunPhase1) with current time: 2012 10 24 18 15  0   0
20260709 023055.082 INFO             PET1   OCN: Run extro.
20260709 023055.082 INFO             PET1   ATM-TO-OCN: Run intro.
20260709 023055.082 INFO             PET1     >>>ATM-TO-OCN entered Run (phase=RunPhase1)
20260709 023055.083 INFO             PET1     <<<ATM-TO-OCN leaving Run (phase=RunPhase1)
20260709 023055.083 INFO             PET1   ATM-TO-OCN: Run extro.
20260709 023055.083 INFO             PET1   OCN-TO-ATM: Run intro.
20260709 023055.083 INFO             PET1     >>>OCN-TO-ATM entered Run (phase=RunPhase1)
20260709 023055.083 INFO             PET1     <<<OCN-TO-ATM leaving Run (phase=RunPhase1)
20260709 023055.083 INFO             PET1   OCN-TO-ATM: Run extro.
20260709 023055.085 INFO             PET1   OCN: Run intro.
20260709 023055.085 INFO             PET1     >>>OCN: entered Run (phase=RunPhase1) with current time: 2012 10 24 18 15  0   0
20260709 023055.085 INFO             PET1     LUMO Advance(): --- VMK::log() start -------------------------------------
20260709 023055.085 INFO             PET1     LUMO Advance(): vm located at: 0x313cd100
20260709 023055.085 INFO             PET1     LUMO Advance(): mpionly=1 threadsflag=0
20260709 023055.085 INFO             PET1     LUMO Advance(): ssiCount=1 localSsi=0
20260709 023055.085 INFO             PET1     LUMO Advance(): devCount=0 ssiLocalDevCount=0
20260709 023055.085 INFO             PET1     LUMO Advance(): petCount=3 ssiLocalPetCount=3
20260709 023055.085 INFO             PET1     LUMO Advance(): localPet=1 mypthid=22869658894464 ssiLocalPet=1 currentSsiPe=1
20260709 023055.085 INFO             PET1     LUMO Advance(): Current system level affinity pinning for local PET:
20260709 023055.085 INFO             PET1     LUMO Advance():  SSIPE=1
20260709 023055.085 INFO             PET1     LUMO Advance(): Current system level OMP_NUM_THREADS setting for local PET: 1
20260709 023055.085 INFO             PET1     LUMO Advance(): Current system level OMP_NUM_PROCS setting for local PET: 1
20260709 023055.085 INFO             PET1     LUMO Advance(): ESMF level logical PET->PE association (but consider system level affinity pinning!):
20260709 023055.085 INFO             PET1     LUMO Advance(): PET=0 lpid=0 tid=0 pid=0 peCount=1 accCount=0
20260709 023055.085 INFO             PET1     LUMO Advance():  PE=0 SSI=0 SSIPE=0
20260709 023055.085 INFO             PET1     LUMO Advance(): PET=1 lpid=1 tid=0 pid=1 peCount=1 accCount=0
20260709 023055.085 INFO             PET1     LUMO Advance():  PE=1 SSI=0 SSIPE=1
20260709 023055.085 INFO             PET1     LUMO Advance(): PET=2 lpid=2 tid=0 pid=3 peCount=1 accCount=0
20260709 023055.085 INFO             PET1     LUMO Advance():  PE=3 SSI=0 SSIPE=3
20260709 023055.085 INFO             PET1     LUMO Advance(): --- VMK::log() end ---------------------------------------
20260709 023055.085 INFO             PET1     LUMO: localPet=   1   thread_num=   0   currentSsiPe=   1   num_threads=   1   max_threads=   1   num_procs=   1
20260709 023055.086 INFO             PET1     ------>Advancing LUMO from: 2012 10 24 18 15  0   0
20260709 023055.086 INFO             PET1     ---------------------> to: 2012 10 24 18 20  0   0
20260709 023055.086 INFO             PET1     LUMO Advance(): --- VMK::log() start -------------------------------------
20260709 023055.086 INFO             PET1     LUMO Advance(): vm located at: 0x313cd100
20260709 023055.086 INFO             PET1     LUMO Advance(): mpionly=1 threadsflag=0
20260709 023055.086 INFO             PET1     LUMO Advance(): ssiCount=1 localSsi=0
20260709 023055.086 INFO             PET1     LUMO Advance(): devCount=0 ssiLocalDevCount=0
20260709 023055.086 INFO             PET1     LUMO Advance(): petCount=3 ssiLocalPetCount=3
20260709 023055.086 INFO             PET1     LUMO Advance(): localPet=1 mypthid=22869658894464 ssiLocalPet=1 currentSsiPe=1
20260709 023055.086 INFO             PET1     LUMO Advance(): Current system level affinity pinning for local PET:
20260709 023055.086 INFO             PET1     LUMO Advance():  SSIPE=1
20260709 023055.086 INFO             PET1     LUMO Advance(): Current system level OMP_NUM_THREADS setting for local PET: 1
20260709 023055.086 INFO             PET1     LUMO Advance(): Current system level OMP_NUM_PROCS setting for local PET: 1
20260709 023055.086 INFO             PET1     LUMO Advance(): ESMF level logical PET->PE association (but consider system level affinity pinning!):
20260709 023055.086 INFO             PET1     LUMO Advance(): PET=0 lpid=0 tid=0 pid=0 peCount=1 accCount=0
20260709 023055.086 INFO             PET1     LUMO Advance():  PE=0 SSI=0 SSIPE=0
20260709 023055.086 INFO             PET1     LUMO Advance(): PET=1 lpid=1 tid=0 pid=1 peCount=1 accCount=0
20260709 023055.086 INFO             PET1     LUMO Advance():  PE=1 SSI=0 SSIPE=1
20260709 023055.086 INFO             PET1     LUMO Advance(): PET=2 lpid=2 tid=0 pid=3 peCount=1 accCount=0
20260709 023055.086 INFO             PET1     LUMO Advance():  PE=3 SSI=0 SSIPE=3
20260709 023055.086 INFO             PET1     LUMO Advance(): --- VMK::log() end ---------------------------------------
20260709 023055.086 INFO             PET1     LUMO: localPet=   1   thread_num=   0   currentSsiPe=   1   num_threads=   1   max_threads=   1   num_procs=   1
20260709 023055.086 INFO             PET1     ------>Advancing LUMO from: 2012 10 24 18 20  0   0
20260709 023055.086 INFO             PET1     ---------------------> to: 2012 10 24 18 25  0   0
20260709 023055.086 INFO             PET1     LUMO Advance(): --- VMK::log() start -------------------------------------
20260709 023055.086 INFO             PET1     LUMO Advance(): vm located at: 0x313cd100
20260709 023055.086 INFO             PET1     LUMO Advance(): mpionly=1 threadsflag=0
20260709 023055.086 INFO             PET1     LUMO Advance(): ssiCount=1 localSsi=0
20260709 023055.086 INFO             PET1     LUMO Advance(): devCount=0 ssiLocalDevCount=0
20260709 023055.086 INFO             PET1     LUMO Advance(): petCount=3 ssiLocalPetCount=3
20260709 023055.086 INFO             PET1     LUMO Advance(): localPet=1 mypthid=22869658894464 ssiLocalPet=1 currentSsiPe=1
20260709 023055.086 INFO             PET1     LUMO Advance(): Current system level affinity pinning for local PET:
20260709 023055.086 INFO             PET1     LUMO Advance():  SSIPE=1
20260709 023055.086 INFO             PET1     LUMO Advance(): Current system level OMP_NUM_THREADS setting for local PET: 1
20260709 023055.086 INFO             PET1     LUMO Advance(): Current system level OMP_NUM_PROCS setting for local PET: 1
20260709 023055.086 INFO             PET1     LUMO Advance(): ESMF level logical PET->PE association (but consider system level affinity pinning!):
20260709 023055.086 INFO             PET1     LUMO Advance(): PET=0 lpid=0 tid=0 pid=0 peCount=1 accCount=0
20260709 023055.086 INFO             PET1     LUMO Advance():  PE=0 SSI=0 SSIPE=0
20260709 023055.086 INFO             PET1     LUMO Advance(): PET=1 lpid=1 tid=0 pid=1 peCount=1 accCount=0
20260709 023055.086 INFO             PET1     LUMO Advance():  PE=1 SSI=0 SSIPE=1
20260709 023055.086 INFO             PET1     LUMO Advance(): PET=2 lpid=2 tid=0 pid=3 peCount=1 accCount=0
20260709 023055.086 INFO             PET1     LUMO Advance():  PE=3 SSI=0 SSIPE=3
20260709 023055.086 INFO             PET1     LUMO Advance(): --- VMK::log() end ---------------------------------------
20260709 023055.086 INFO             PET1     LUMO: localPet=   1   thread_num=   0   currentSsiPe=   1   num_threads=   1   max_threads=   1   num_procs=   1
20260709 023055.087 INFO             PET1     ------>Advancing LUMO from: 2012 10 24 18 25  0   0
20260709 023055.087 INFO             PET1     ---------------------> to: 2012 10 24 18 30  0   0
20260709 023055.087 INFO             PET1     <<<OCN: leaving Run (phase=RunPhase1) with current time: 2012 10 24 18 30  0   0
20260709 023055.087 INFO             PET1   OCN: Run extro.
20260709 023055.087 INFO             PET1   ATM-TO-OCN: Run intro.
20260709 023055.087 INFO             PET1     >>>ATM-TO-OCN entered Run (phase=RunPhase1)
20260709 023055.087 INFO             PET1     <<<ATM-TO-OCN leaving Run (phase=RunPhase1)
20260709 023055.087 INFO             PET1   ATM-TO-OCN: Run extro.
20260709 023055.087 INFO             PET1   OCN-TO-ATM: Run intro.
20260709 023055.087 INFO             PET1     >>>OCN-TO-ATM entered Run (phase=RunPhase1)
20260709 023055.087 INFO             PET1     <<<OCN-TO-ATM leaving Run (phase=RunPhase1)
20260709 023055.087 INFO             PET1   OCN-TO-ATM: Run extro.
20260709 023055.089 INFO             PET1   OCN: Run intro.
20260709 023055.089 INFO             PET1     >>>OCN: entered Run (phase=RunPhase1) with current time: 2012 10 24 18 30  0   0
20260709 023055.089 INFO             PET1     LUMO Advance(): --- VMK::log() start -------------------------------------
20260709 023055.089 INFO             PET1     LUMO Advance(): vm located at: 0x313cd100
20260709 023055.089 INFO             PET1     LUMO Advance(): mpionly=1 threadsflag=0
20260709 023055.089 INFO             PET1     LUMO Advance(): ssiCount=1 localSsi=0
20260709 023055.089 INFO             PET1     LUMO Advance(): devCount=0 ssiLocalDevCount=0
20260709 023055.089 INFO             PET1     LUMO Advance(): petCount=3 ssiLocalPetCount=3
20260709 023055.089 INFO             PET1     LUMO Advance(): localPet=1 mypthid=22869658894464 ssiLocalPet=1 currentSsiPe=1
20260709 023055.089 INFO             PET1     LUMO Advance(): Current system level affinity pinning for local PET:
20260709 023055.089 INFO             PET1     LUMO Advance():  SSIPE=1
20260709 023055.089 INFO             PET1     LUMO Advance(): Current system level OMP_NUM_THREADS setting for local PET: 1
20260709 023055.089 INFO             PET1     LUMO Advance(): Current system level OMP_NUM_PROCS setting for local PET: 1
20260709 023055.089 INFO             PET1     LUMO Advance(): ESMF level logical PET->PE association (but consider system level affinity pinning!):
20260709 023055.089 INFO             PET1     LUMO Advance(): PET=0 lpid=0 tid=0 pid=0 peCount=1 accCount=0
20260709 023055.089 INFO             PET1     LUMO Advance():  PE=0 SSI=0 SSIPE=0
20260709 023055.089 INFO             PET1     LUMO Advance(): PET=1 lpid=1 tid=0 pid=1 peCount=1 accCount=0
20260709 023055.089 INFO             PET1     LUMO Advance():  PE=1 SSI=0 SSIPE=1
20260709 023055.089 INFO             PET1     LUMO Advance(): PET=2 lpid=2 tid=0 pid=3 peCount=1 accCount=0
20260709 023055.089 INFO             PET1     LUMO Advance():  PE=3 SSI=0 SSIPE=3
20260709 023055.090 INFO             PET1     LUMO Advance(): --- VMK::log() end ---------------------------------------
20260709 023055.090 INFO             PET1     LUMO: localPet=   1   thread_num=   0   currentSsiPe=   1   num_threads=   1   max_threads=   1   num_procs=   1
20260709 023055.090 INFO             PET1     ------>Advancing LUMO from: 2012 10 24 18 30  0   0
20260709 023055.090 INFO             PET1     ---------------------> to: 2012 10 24 18 35  0   0
20260709 023055.090 INFO             PET1     LUMO Advance(): --- VMK::log() start -------------------------------------
20260709 023055.090 INFO             PET1     LUMO Advance(): vm located at: 0x313cd100
20260709 023055.090 INFO             PET1     LUMO Advance(): mpionly=1 threadsflag=0
20260709 023055.090 INFO             PET1     LUMO Advance(): ssiCount=1 localSsi=0
20260709 023055.090 INFO             PET1     LUMO Advance(): devCount=0 ssiLocalDevCount=0
20260709 023055.090 INFO             PET1     LUMO Advance(): petCount=3 ssiLocalPetCount=3
20260709 023055.090 INFO             PET1     LUMO Advance(): localPet=1 mypthid=22869658894464 ssiLocalPet=1 currentSsiPe=1
20260709 023055.090 INFO             PET1     LUMO Advance(): Current system level affinity pinning for local PET:
20260709 023055.090 INFO             PET1     LUMO Advance():  SSIPE=1
20260709 023055.090 INFO             PET1     LUMO Advance(): Current system level OMP_NUM_THREADS setting for local PET: 1
20260709 023055.090 INFO             PET1     LUMO Advance(): Current system level OMP_NUM_PROCS setting for local PET: 1
20260709 023055.090 INFO             PET1     LUMO Advance(): ESMF level logical PET->PE association (but consider system level affinity pinning!):
20260709 023055.090 INFO             PET1     LUMO Advance(): PET=0 lpid=0 tid=0 pid=0 peCount=1 accCount=0
20260709 023055.090 INFO             PET1     LUMO Advance():  PE=0 SSI=0 SSIPE=0
20260709 023055.090 INFO             PET1     LUMO Advance(): PET=1 lpid=1 tid=0 pid=1 peCount=1 accCount=0
20260709 023055.090 INFO             PET1     LUMO Advance():  PE=1 SSI=0 SSIPE=1
20260709 023055.090 INFO             PET1     LUMO Advance(): PET=2 lpid=2 tid=0 pid=3 peCount=1 accCount=0
20260709 023055.090 INFO             PET1     LUMO Advance():  PE=3 SSI=0 SSIPE=3
20260709 023055.090 INFO             PET1     LUMO Advance(): --- VMK::log() end ---------------------------------------
20260709 023055.090 INFO             PET1     LUMO: localPet=   1   thread_num=   0   currentSsiPe=   1   num_threads=   1   max_threads=   1   num_procs=   1
20260709 023055.090 INFO             PET1     ------>Advancing LUMO from: 2012 10 24 18 35  0   0
20260709 023055.090 INFO             PET1     ---------------------> to: 2012 10 24 18 40  0   0
20260709 023055.090 INFO             PET1     LUMO Advance(): --- VMK::log() start -------------------------------------
20260709 023055.090 INFO             PET1     LUMO Advance(): vm located at: 0x313cd100
20260709 023055.090 INFO             PET1     LUMO Advance(): mpionly=1 threadsflag=0
20260709 023055.090 INFO             PET1     LUMO Advance(): ssiCount=1 localSsi=0
20260709 023055.090 INFO             PET1     LUMO Advance(): devCount=0 ssiLocalDevCount=0
20260709 023055.090 INFO             PET1     LUMO Advance(): petCount=3 ssiLocalPetCount=3
20260709 023055.090 INFO             PET1     LUMO Advance(): localPet=1 mypthid=22869658894464 ssiLocalPet=1 currentSsiPe=1
20260709 023055.090 INFO             PET1     LUMO Advance(): Current system level affinity pinning for local PET:
20260709 023055.090 INFO             PET1     LUMO Advance():  SSIPE=1
20260709 023055.090 INFO             PET1     LUMO Advance(): Current system level OMP_NUM_THREADS setting for local PET: 1
20260709 023055.090 INFO             PET1     LUMO Advance(): Current system level OMP_NUM_PROCS setting for local PET: 1
20260709 023055.090 INFO             PET1     LUMO Advance(): ESMF level logical PET->PE association (but consider system level affinity pinning!):
20260709 023055.090 INFO             PET1     LUMO Advance(): PET=0 lpid=0 tid=0 pid=0 peCount=1 accCount=0
20260709 023055.090 INFO             PET1     LUMO Advance():  PE=0 SSI=0 SSIPE=0
20260709 023055.090 INFO             PET1     LUMO Advance(): PET=1 lpid=1 tid=0 pid=1 peCount=1 accCount=0
20260709 023055.090 INFO             PET1     LUMO Advance():  PE=1 SSI=0 SSIPE=1
20260709 023055.090 INFO             PET1     LUMO Advance(): PET=2 lpid=2 tid=0 pid=3 peCount=1 accCount=0
20260709 023055.090 INFO             PET1     LUMO Advance():  PE=3 SSI=0 SSIPE=3
20260709 023055.090 INFO             PET1     LUMO Advance(): --- VMK::log() end ---------------------------------------
20260709 023055.090 INFO             PET1     LUMO: localPet=   1   thread_num=   0   currentSsiPe=   1   num_threads=   1   max_threads=   1   num_procs=   1
20260709 023055.091 INFO             PET1     ------>Advancing LUMO from: 2012 10 24 18 40  0   0
20260709 023055.091 INFO             PET1     ---------------------> to: 2012 10 24 18 45  0   0
20260709 023055.091 INFO             PET1     <<<OCN: leaving Run (phase=RunPhase1) with current time: 2012 10 24 18 45  0   0
20260709 023055.091 INFO             PET1   OCN: Run extro.
20260709 023055.091 INFO             PET1   ATM-TO-OCN: Run intro.
20260709 023055.091 INFO             PET1     >>>ATM-TO-OCN entered Run (phase=RunPhase1)
20260709 023055.091 INFO             PET1     <<<ATM-TO-OCN leaving Run (phase=RunPhase1)
20260709 023055.091 INFO             PET1   ATM-TO-OCN: Run extro.
20260709 023055.091 INFO             PET1   OCN-TO-ATM: Run intro.
20260709 023055.091 INFO             PET1     >>>OCN-TO-ATM entered Run (phase=RunPhase1)
20260709 023055.091 INFO             PET1     <<<OCN-TO-ATM leaving Run (phase=RunPhase1)
20260709 023055.091 INFO             PET1   OCN-TO-ATM: Run extro.
20260709 023055.093 INFO             PET1   OCN: Run intro.
20260709 023055.093 INFO             PET1     >>>OCN: entered Run (phase=RunPhase1) with current time: 2012 10 24 18 45  0   0
20260709 023055.093 INFO             PET1     LUMO Advance(): --- VMK::log() start -------------------------------------
20260709 023055.093 INFO             PET1     LUMO Advance(): vm located at: 0x313cd100
20260709 023055.093 INFO             PET1     LUMO Advance(): mpionly=1 threadsflag=0
20260709 023055.093 INFO             PET1     LUMO Advance(): ssiCount=1 localSsi=0
20260709 023055.093 INFO             PET1     LUMO Advance(): devCount=0 ssiLocalDevCount=0
20260709 023055.093 INFO             PET1     LUMO Advance(): petCount=3 ssiLocalPetCount=3
20260709 023055.093 INFO             PET1     LUMO Advance(): localPet=1 mypthid=22869658894464 ssiLocalPet=1 currentSsiPe=1
20260709 023055.093 INFO             PET1     LUMO Advance(): Current system level affinity pinning for local PET:
20260709 023055.093 INFO             PET1     LUMO Advance():  SSIPE=1
20260709 023055.093 INFO             PET1     LUMO Advance(): Current system level OMP_NUM_THREADS setting for local PET: 1
20260709 023055.093 INFO             PET1     LUMO Advance(): Current system level OMP_NUM_PROCS setting for local PET: 1
20260709 023055.093 INFO             PET1     LUMO Advance(): ESMF level logical PET->PE association (but consider system level affinity pinning!):
20260709 023055.093 INFO             PET1     LUMO Advance(): PET=0 lpid=0 tid=0 pid=0 peCount=1 accCount=0
20260709 023055.093 INFO             PET1     LUMO Advance():  PE=0 SSI=0 SSIPE=0
20260709 023055.093 INFO             PET1     LUMO Advance(): PET=1 lpid=1 tid=0 pid=1 peCount=1 accCount=0
20260709 023055.093 INFO             PET1     LUMO Advance():  PE=1 SSI=0 SSIPE=1
20260709 023055.093 INFO             PET1     LUMO Advance(): PET=2 lpid=2 tid=0 pid=3 peCount=1 accCount=0
20260709 023055.093 INFO             PET1     LUMO Advance():  PE=3 SSI=0 SSIPE=3
20260709 023055.093 INFO             PET1     LUMO Advance(): --- VMK::log() end ---------------------------------------
20260709 023055.094 INFO             PET1     LUMO: localPet=   1   thread_num=   0   currentSsiPe=   1   num_threads=   1   max_threads=   1   num_procs=   1
20260709 023055.094 INFO             PET1     ------>Advancing LUMO from: 2012 10 24 18 45  0   0
20260709 023055.094 INFO             PET1     ---------------------> to: 2012 10 24 18 50  0   0
20260709 023055.094 INFO             PET1     LUMO Advance(): --- VMK::log() start -------------------------------------
20260709 023055.094 INFO             PET1     LUMO Advance(): vm located at: 0x313cd100
20260709 023055.094 INFO             PET1     LUMO Advance(): mpionly=1 threadsflag=0
20260709 023055.094 INFO             PET1     LUMO Advance(): ssiCount=1 localSsi=0
20260709 023055.094 INFO             PET1     LUMO Advance(): devCount=0 ssiLocalDevCount=0
20260709 023055.094 INFO             PET1     LUMO Advance(): petCount=3 ssiLocalPetCount=3
20260709 023055.094 INFO             PET1     LUMO Advance(): localPet=1 mypthid=22869658894464 ssiLocalPet=1 currentSsiPe=1
20260709 023055.094 INFO             PET1     LUMO Advance(): Current system level affinity pinning for local PET:
20260709 023055.094 INFO             PET1     LUMO Advance():  SSIPE=1
20260709 023055.094 INFO             PET1     LUMO Advance(): Current system level OMP_NUM_THREADS setting for local PET: 1
20260709 023055.094 INFO             PET1     LUMO Advance(): Current system level OMP_NUM_PROCS setting for local PET: 1
20260709 023055.094 INFO             PET1     LUMO Advance(): ESMF level logical PET->PE association (but consider system level affinity pinning!):
20260709 023055.094 INFO             PET1     LUMO Advance(): PET=0 lpid=0 tid=0 pid=0 peCount=1 accCount=0
20260709 023055.094 INFO             PET1     LUMO Advance():  PE=0 SSI=0 SSIPE=0
20260709 023055.094 INFO             PET1     LUMO Advance(): PET=1 lpid=1 tid=0 pid=1 peCount=1 accCount=0
20260709 023055.094 INFO             PET1     LUMO Advance():  PE=1 SSI=0 SSIPE=1
20260709 023055.094 INFO             PET1     LUMO Advance(): PET=2 lpid=2 tid=0 pid=3 peCount=1 accCount=0
20260709 023055.094 INFO             PET1     LUMO Advance():  PE=3 SSI=0 SSIPE=3
20260709 023055.094 INFO             PET1     LUMO Advance(): --- VMK::log() end ---------------------------------------
20260709 023055.094 INFO             PET1     LUMO: localPet=   1   thread_num=   0   currentSsiPe=   1   num_threads=   1   max_threads=   1   num_procs=   1
20260709 023055.094 INFO             PET1     ------>Advancing LUMO from: 2012 10 24 18 50  0   0
20260709 023055.094 INFO             PET1     ---------------------> to: 2012 10 24 18 55  0   0
20260709 023055.094 INFO             PET1     LUMO Advance(): --- VMK::log() start -------------------------------------
20260709 023055.094 INFO             PET1     LUMO Advance(): vm located at: 0x313cd100
20260709 023055.094 INFO             PET1     LUMO Advance(): mpionly=1 threadsflag=0
20260709 023055.094 INFO             PET1     LUMO Advance(): ssiCount=1 localSsi=0
20260709 023055.094 INFO             PET1     LUMO Advance(): devCount=0 ssiLocalDevCount=0
20260709 023055.094 INFO             PET1     LUMO Advance(): petCount=3 ssiLocalPetCount=3
20260709 023055.094 INFO             PET1     LUMO Advance(): localPet=1 mypthid=22869658894464 ssiLocalPet=1 currentSsiPe=1
20260709 023055.094 INFO             PET1     LUMO Advance(): Current system level affinity pinning for local PET:
20260709 023055.094 INFO             PET1     LUMO Advance():  SSIPE=1
20260709 023055.094 INFO             PET1     LUMO Advance(): Current system level OMP_NUM_THREADS setting for local PET: 1
20260709 023055.094 INFO             PET1     LUMO Advance(): Current system level OMP_NUM_PROCS setting for local PET: 1
20260709 023055.094 INFO             PET1     LUMO Advance(): ESMF level logical PET->PE association (but consider system level affinity pinning!):
20260709 023055.094 INFO             PET1     LUMO Advance(): PET=0 lpid=0 tid=0 pid=0 peCount=1 accCount=0
20260709 023055.094 INFO             PET1     LUMO Advance():  PE=0 SSI=0 SSIPE=0
20260709 023055.094 INFO             PET1     LUMO Advance(): PET=1 lpid=1 tid=0 pid=1 peCount=1 accCount=0
20260709 023055.094 INFO             PET1     LUMO Advance():  PE=1 SSI=0 SSIPE=1
20260709 023055.094 INFO             PET1     LUMO Advance(): PET=2 lpid=2 tid=0 pid=3 peCount=1 accCount=0
20260709 023055.094 INFO             PET1     LUMO Advance():  PE=3 SSI=0 SSIPE=3
20260709 023055.094 INFO             PET1     LUMO Advance(): --- VMK::log() end ---------------------------------------
20260709 023055.094 INFO             PET1     LUMO: localPet=   1   thread_num=   0   currentSsiPe=   1   num_threads=   1   max_threads=   1   num_procs=   1
20260709 023055.095 INFO             PET1     ------>Advancing LUMO from: 2012 10 24 18 55  0   0
20260709 023055.095 INFO             PET1     ---------------------> to: 2012 10 24 19  0  0   0
20260709 023055.095 INFO             PET1     <<<OCN: leaving Run (phase=RunPhase1) with current time: 2012 10 24 19  0  0   0
20260709 023055.095 INFO             PET1   OCN: Run extro.
20260709 023055.095 INFO             PET1   <<<ESMX_Driver: leaving Run (phase=RunPhase1) with current time: 2012 10 24 19  0  0   0
20260709 023055.095 INFO             PET1 ESMX_Driver: Run extro.
20260709 023055.095 INFO             PET1 ESMX_Driver: Finalize intro.
20260709 023055.095 INFO             PET1   >>>ESMX_Driver: entered Finalize (phase=FinalizePhase1) with current time: 2012 10 24 19  0  0   0
20260709 023055.095 INFO             PET1   Calling Finalize phase 1 for connectorComp: ATM-TO-OCN
20260709 023055.095 INFO             PET1   ATM-TO-OCN: Finalize intro.
20260709 023055.095 INFO             PET1   ATM-TO-OCN: Finalize extro.
20260709 023055.095 INFO             PET1   Calling Finalize phase 1 for connectorComp: OCN-TO-ATM
20260709 023055.095 INFO             PET1   OCN-TO-ATM: Finalize intro.
20260709 023055.095 INFO             PET1   OCN-TO-ATM: Finalize extro.
20260709 023055.095 INFO             PET1   Calling Finalize phase 1 for modelComp: ATM
20260709 023055.095 INFO             PET1   Calling Finalize phase 1 for modelComp: OCN
20260709 023055.095 INFO             PET1   OCN: Finalize intro.
20260709 023055.095 INFO             PET1     >>>OCN: entered Finalize (phase=FinalizePhase1) with current time: 2012 10 24 19  0  0   0
20260709 023055.095 INFO             PET1     <<<OCN: leaving Finalize (phase=FinalizePhase1) with current time: 2012 10 24 19  0  0   0
20260709 023055.095 INFO             PET1   OCN: Finalize extro.
20260709 023055.095 INFO             PET1   Delete modelComp: ATM
20260709 023055.096 INFO             PET1   Delete modelComp: OCN
20260709 023055.096 INFO             PET1   Delete connectorComp: ATM-TO-OCN
20260709 023055.096 INFO             PET1   Delete connectorComp: OCN-TO-ATM
20260709 023055.096 INFO             PET1   <<<ESMX_Driver: leaving Finalize (phase=FinalizePhase1) with current time: 2012 10 24 19  0  0   0
20260709 023055.096 INFO             PET1 ESMX_Driver: Finalize extro.
20260709 023055.096 INFO             PET1 =============================================
20260709 023055.096 INFO             PET1 ESMX (Earth System Model eXecutable) FINISHED
20260709 023055.096 INFO             PET1 =============================================
20260709 023055.096 INFO             PET1  Finalizing ESMF
20260709 023054.937 INFO             PET2 !!!!!!!!!!!!!!!!!!!!!!!!!!!!!!!!!!!!!!!!!!!!!!!!!!!!!!
20260709 023054.937 INFO             PET2 !!! THE ESMF_LOG IS SET TO OUTPUT ALL LOG MESSAGES !!!
20260709 023054.937 INFO             PET2 !!!     THIS MAY CAUSE SLOWDOWN IN PERFORMANCE     !!!
20260709 023054.937 INFO             PET2 !!! FOR PRODUCTION RUNS, USE:                      !!!
20260709 023054.937 INFO             PET2 !!!                   ESMF_LOGKIND_Multi_On_Error  !!!
20260709 023054.937 INFO             PET2 !!!!!!!!!!!!!!!!!!!!!!!!!!!!!!!!!!!!!!!!!!!!!!!!!!!!!!
20260709 023054.937 INFO             PET2 Running with ESMF Version   : feature/refresh-bmauer-c_dynmask_interface+g70628eccd4
20260709 023054.937 INFO             PET2 ESMF library build date/time: "Jul  9 2026" "01:34:19"
20260709 023054.937 INFO             PET2 ESMF library build location : /glade/derecho/scratch/sacks/esmf-testing/gfortran_12.2.0_pio2.6.2_mpi_O_feature_refresh-bmauer-c_dynmask_interface/esmf
20260709 023054.937 INFO             PET2 ESMF_COMM                   : mpi
20260709 023054.940 INFO             PET2 ESMF_MOAB                   : enabled
20260709 023054.940 INFO             PET2 ESMF_LAPACK                 : enabled
20260709 023054.940 INFO             PET2 ESMF_NETCDF                 : enabled
20260709 023054.940 INFO             PET2 ESMF_PNETCDF                : disabled
20260709 023054.940 INFO             PET2 ESMF_PIO                    : enabled
20260709 023054.940 INFO             PET2 ESMF_YAMLCPP                : enabled
20260709 023054.943 INFO             PET2 =============================================
20260709 023054.943 INFO             PET2 ESMX (Earth System Model eXecutable) STARTING
20260709 023054.943 INFO             PET2 =============================================
20260709 023054.946 DEBUG            PET2 Generic SetVM() is executing for: ESMX_Driver
20260709 023054.947 DEBUG            PET2 Generic SetVM() found no NUOPC Hint for: ESMX_Driver
20260709 023054.947 DEBUG            PET2 Generic SetVM() therefore is NOT calling ESMF_GridCompSetVMMaxPEs() for: ESMX_Driver
20260709 023054.948 INFO             PET2 ESMX_Driver: InitializeGeneric intro.
20260709 023054.948 INFO             PET2   >>>ESMX_Driver: entered Initialize (phase=<none>) without valid internal Clock.
20260709 023054.948 INFO             PET2   ESMX_Driver: InitializeP0 intro.
20260709 023054.948 INFO             PET2     >>>ESMX_Driver: entered Initialize (phase=<none>) without valid internal Clock.
20260709 023054.948 INFO             PET2     <<<ESMX_Driver: leaving Initialize (phase=<none>) without valid internal Clock.
20260709 023054.949 INFO             PET2   ESMX_Driver: InitializeP0 extro.
20260709 023054.949 INFO             PET2   ESMX_Driver: InitializeIPDv02p1 intro.
20260709 023054.949 INFO             PET2     >>>ESMX_Driver: entered Initialize (phase=<none>) without valid internal Clock.
20260709 023054.950 INFO             PET2     ESMX_Driver - Creating model component ATM with petList of size 4 :
20260709 023054.950 INFO             PET2           3      2      1      0
20260709 023054.950 DEBUG            PET2     Generic SetVM() is executing for: ATM
20260709 023054.950 DEBUG            PET2     Generic SetVM() is calling ESMF_GridCompSetVMMaxPEs() for: ATM with:
20260709 023054.950 DEBUG            PET2      -             MaxCount =          4
20260709 023054.950 DEBUG            PET2      -       OpenMpHandling =
20260709 023054.950 DEBUG            PET2      -     OpenMpNumThreads =         -1
20260709 023054.950 DEBUG            PET2      -   ForceChildPthreads =          F
20260709 023054.950 DEBUG            PET2      -  PthreadMinStackSize =         -1
20260709 023054.950 DEBUG            PET2     vmkt_create()#229 Pthread: service=1 (0: actual PET, 1: service thread) - PTHREAD_STACK_MIN: 16384 bytes stack_size: 4194304 bytes
20260709 023054.951 DEBUG            PET2     vmkt_create()#229 Pthread: service=1 (0: actual PET, 1: service thread) - PTHREAD_STACK_MIN: 16384 bytes stack_size: 4194304 bytes
20260709 023054.953 INFO             PET2     ESMX_Driver - Creating model component OCN with petList of size 3 :
20260709 023054.953 INFO             PET2           0      1      3
20260709 023054.953 DEBUG            PET2     Generic SetVM() is executing for: OCN
20260709 023054.958 INFO             PET2     ESMX_Driver - Creating connector component ATM-TO-OCN with petList of size 4 :
20260709 023054.958 INFO             PET2           3      2      1      0
20260709 023054.960 INFO             PET2     ESMX_Driver - Setting Verbosity on created component to: low
20260709 023054.960 INFO             PET2     ESMX_Driver - Setting Profiling on created component to:          0
20260709 023054.960 INFO             PET2     ESMX_Driver - Creating connector component OCN-TO-ATM with petList of size 4 :
20260709 023054.960 INFO             PET2           0      1      3      2
20260709 023054.961 INFO             PET2     ESMX_Driver - Setting Verbosity on created component to: low
20260709 023054.961 INFO             PET2     ESMX_Driver - Setting Profiling on created component to:          0
20260709 023054.962 INFO             PET2     ESMX_Driver: IInitAdvertise intro.
20260709 023054.962 INFO             PET2       >>>ESMX_Driver: entered Initialize (phase=<none>) with current time: 2012 10 24 18  0  0   0
20260709 023054.962 INFO             PET2       <<<ESMX_Driver: leaving Initialize (phase=<none>) with current time: 2012 10 24 18  0  0   0
20260709 023054.962 INFO             PET2     ESMX_Driver: IInitAdvertise extro.
20260709 023054.965 INFO             PET2     ATM-TO-OCN: InitializeIPDv05p1 intro.
20260709 023054.968 INFO             PET2     ATM-TO-OCN: InitializeIPDv05p1 extro.
20260709 023054.968 INFO             PET2     OCN-TO-ATM: InitializeIPDv05p1 intro.
20260709 023054.969 INFO             PET2     OCN-TO-ATM: InitializeIPDv05p1 extro.
20260709 023054.969 INFO             PET2     ESMX_Driver: IInitAdvertiseFinish intro.
20260709 023054.970 INFO             PET2       >>>ESMX_Driver: entered Initialize (phase=<none>) with current time: 2012 10 24 18  0  0   0
20260709 023054.970 INFO             PET2       <<<ESMX_Driver: leaving Initialize (phase=<none>) with current time: 2012 10 24 18  0  0   0
20260709 023054.970 INFO             PET2     ESMX_Driver: IInitAdvertiseFinish extro.
20260709 023054.970 INFO             PET2     ATM-TO-OCN: InitializeIPDv05p2a intro.
20260709 023054.972 INFO             PET2     ATM-TO-OCN: InitializeIPDv05p2a extro.
20260709 023054.972 INFO             PET2     OCN-TO-ATM: InitializeIPDv05p2a intro.
20260709 023054.973 INFO             PET2     OCN-TO-ATM: InitializeIPDv05p2a extro.
20260709 023054.973 INFO             PET2     ATM-TO-OCN: InitializeIPDv05p2b intro.
20260709 023054.975 INFO             PET2     ATM-TO-OCN: InitializeIPDv05p2b extro.
20260709 023054.975 INFO             PET2     OCN-TO-ATM: InitializeIPDv05p2b intro.
20260709 023054.977 INFO             PET2     OCN-TO-ATM: InitializeIPDv05p2b extro.
20260709 023054.977 INFO             PET2     ESMX_Driver: IInitModifyCplLists intro.
20260709 023054.977 INFO             PET2       >>>ESMX_Driver: entered Initialize (phase=<none>) with current time: 2012 10 24 18  0  0   0
20260709 023054.977 INFO             PET2       <<<ESMX_Driver: leaving Initialize (phase=<none>) with current time: 2012 10 24 18  0  0   0
20260709 023054.977 INFO             PET2     ESMX_Driver: IInitModifyCplLists extro.
20260709 023054.977 INFO             PET2     ATM-TO-OCN: InitializeIPDv05p3 intro.
20260709 023054.979 INFO             PET2     ATM-TO-OCN: InitializeIPDv05p3 extro.
20260709 023054.979 INFO             PET2     OCN-TO-ATM: InitializeIPDv05p3 intro.
20260709 023054.980 INFO             PET2     OCN-TO-ATM: InitializeIPDv05p3 extro.
20260709 023054.981 INFO             PET2     <<<ESMX_Driver: leaving Initialize (phase=<none>) with current time: 2012 10 24 18  0  0   0
20260709 023054.981 INFO             PET2   ESMX_Driver: InitializeIPDv02p1 extro.
20260709 023054.981 INFO             PET2   ESMX_Driver: InitializeIPDv02p3 intro.
20260709 023054.981 INFO             PET2     >>>ESMX_Driver: entered Initialize (phase=<none>) with current time: 2012 10 24 18  0  0   0
20260709 023054.981 INFO             PET2     ESMX_Driver: IInitCheck intro.
20260709 023054.981 INFO             PET2       >>>ESMX_Driver: entered Initialize (phase=<none>) with current time: 2012 10 24 18  0  0   0
20260709 023054.981 INFO             PET2       <<<ESMX_Driver: leaving Initialize (phase=<none>) with current time: 2012 10 24 18  0  0   0
20260709 023054.981 INFO             PET2     ESMX_Driver: IInitCheck extro.
20260709 023054.993 INFO             PET2     ATM-TO-OCN: InitializeIPDv05p4 intro.
20260709 023054.996 INFO             PET2     ATM-TO-OCN: InitializeIPDv05p4 extro.
20260709 023054.996 INFO             PET2     OCN-TO-ATM: InitializeIPDv05p4 intro.
20260709 023054.999 INFO             PET2     OCN-TO-ATM: InitializeIPDv05p4 extro.
20260709 023054.999 INFO             PET2     ATM-TO-OCN: InitializeIPDv05p5 intro.
20260709 023055.001 INFO             PET2     ATM-TO-OCN: InitializeIPDv05p5 extro.
20260709 023055.001 INFO             PET2     OCN-TO-ATM: InitializeIPDv05p5 intro.
20260709 023055.004 INFO             PET2     OCN-TO-ATM: InitializeIPDv05p5 extro.
20260709 023055.004 INFO             PET2     ESMX_Driver: IInitRealize intro.
20260709 023055.004 INFO             PET2       >>>ESMX_Driver: entered Initialize (phase=<none>) with current time: 2012 10 24 18  0  0   0
20260709 023055.004 INFO             PET2       <<<ESMX_Driver: leaving Initialize (phase=<none>) with current time: 2012 10 24 18  0  0   0
20260709 023055.004 INFO             PET2     ESMX_Driver: IInitRealize extro.
20260709 023055.004 INFO             PET2     ATM-TO-OCN: InitializeIPDv05p6a intro.
20260709 023055.007 INFO             PET2     ATM-TO-OCN: InitializeIPDv05p6a extro.
20260709 023055.007 INFO             PET2     OCN-TO-ATM: InitializeIPDv05p6a intro.
20260709 023055.009 INFO             PET2     OCN-TO-ATM: InitializeIPDv05p6a extro.
20260709 023055.009 INFO             PET2     ATM-TO-OCN: InitializeIPDv05p6b intro.
20260709 023055.040 INFO             PET2     ATM-TO-OCN: InitializeIPDv05p6b extro.
20260709 023055.040 INFO             PET2     OCN-TO-ATM: InitializeIPDv05p6b intro.
20260709 023055.064 INFO             PET2     OCN-TO-ATM: InitializeIPDv05p6b extro.
20260709 023055.065 INFO             PET2     <<<ESMX_Driver: leaving Initialize (phase=<none>) with current time: 2012 10 24 18  0  0   0
20260709 023055.065 INFO             PET2   ESMX_Driver: InitializeIPDv02p3 extro.
20260709 023055.065 INFO             PET2   ESMX_Driver: InitializeIPDv02p5 intro.
20260709 023055.065 INFO             PET2     >>>ESMX_Driver: entered Initialize (phase=<none>) with current time: 2012 10 24 18  0  0   0
20260709 023055.065 INFO             PET2     ESMX_Driver: InitializeIPDv02p5Data intro.
20260709 023055.065 INFO             PET2       >>>ESMX_Driver: entered Initialize (phase=<none>) with current time: 2012 10 24 18  0  0   0
20260709 023055.065 INFO             PET2       ESMX_Driver: InternalInitializeComplete intro.
20260709 023055.065 INFO             PET2         >>>ESMX_Driver: entered Initialize (phase=<none>) with current time: 2012 10 24 18  0  0   0
20260709 023055.065 INFO             PET2         <<<ESMX_Driver: leaving Initialize (phase=<none>) with current time: 2012 10 24 18  0  0   0
20260709 023055.065 INFO             PET2       ESMX_Driver: InternalInitializeComplete extro.
20260709 023055.066 INFO             PET2       ESMX_Driver: loopDataDependentInitialize intro.
20260709 023055.066 INFO             PET2         >>>ESMX_Driver: entered Initialize (phase=<none>) with current time: 2012 10 24 18  0  0   0
20260709 023055.066 INFO             PET2         <<<ESMX_Driver: leaving Initialize (phase=<none>) with current time: 2012 10 24 18  0  0   0
20260709 023055.066 INFO             PET2       ESMX_Driver: loopDataDependentInitialize extro.
20260709 023055.066 INFO             PET2       <<<ESMX_Driver: leaving Initialize (phase=<none>) with current time: 2012 10 24 18  0  0   0
20260709 023055.066 INFO             PET2     ESMX_Driver: InitializeIPDv02p5Data extro.
20260709 023055.066 INFO             PET2     <<<ESMX_Driver: leaving Initialize (phase=<none>) with current time: 2012 10 24 18  0  0   0
20260709 023055.066 INFO             PET2   ESMX_Driver: InitializeIPDv02p5 extro.
20260709 023055.066 INFO             PET2   <<<ESMX_Driver: leaving Initialize (phase=<none>) with current time: 2012 10 24 18  0  0   0
20260709 023055.066 INFO             PET2 ESMX_Driver: InitializeGeneric extro.
20260709 023055.066 INFO             PET2 ESMX_Driver: Run intro.
20260709 023055.066 INFO             PET2   >>>ESMX_Driver: entered Run (phase=RunPhase1) with current time: 2012 10 24 18  0  0   0
20260709 023055.067 INFO             PET2   ATM-TO-OCN: Run intro.
20260709 023055.067 INFO             PET2     >>>ATM-TO-OCN entered Run (phase=RunPhase1)
20260709 023055.067 INFO             PET2     <<<ATM-TO-OCN leaving Run (phase=RunPhase1)
20260709 023055.067 INFO             PET2   ATM-TO-OCN: Run extro.
20260709 023055.067 INFO             PET2   OCN-TO-ATM: Run intro.
20260709 023055.067 INFO             PET2     >>>OCN-TO-ATM entered Run (phase=RunPhase1)
20260709 023055.067 INFO             PET2     <<<OCN-TO-ATM leaving Run (phase=RunPhase1)
20260709 023055.067 INFO             PET2   OCN-TO-ATM: Run extro.
20260709 023055.076 INFO             PET2   ATM-TO-OCN: Run intro.
20260709 023055.076 INFO             PET2     >>>ATM-TO-OCN entered Run (phase=RunPhase1)
20260709 023055.076 INFO             PET2     <<<ATM-TO-OCN leaving Run (phase=RunPhase1)
20260709 023055.076 INFO             PET2   ATM-TO-OCN: Run extro.
20260709 023055.076 INFO             PET2   OCN-TO-ATM: Run intro.
20260709 023055.076 INFO             PET2     >>>OCN-TO-ATM entered Run (phase=RunPhase1)
20260709 023055.076 INFO             PET2     <<<OCN-TO-ATM leaving Run (phase=RunPhase1)
20260709 023055.076 INFO             PET2   OCN-TO-ATM: Run extro.
20260709 023055.085 INFO             PET2   ATM-TO-OCN: Run intro.
20260709 023055.085 INFO             PET2     >>>ATM-TO-OCN entered Run (phase=RunPhase1)
20260709 023055.085 INFO             PET2     <<<ATM-TO-OCN leaving Run (phase=RunPhase1)
20260709 023055.085 INFO             PET2   ATM-TO-OCN: Run extro.
20260709 023055.085 INFO             PET2   OCN-TO-ATM: Run intro.
20260709 023055.085 INFO             PET2     >>>OCN-TO-ATM entered Run (phase=RunPhase1)
20260709 023055.085 INFO             PET2     <<<OCN-TO-ATM leaving Run (phase=RunPhase1)
20260709 023055.085 INFO             PET2   OCN-TO-ATM: Run extro.
20260709 023055.089 INFO             PET2   ATM-TO-OCN: Run intro.
20260709 023055.089 INFO             PET2     >>>ATM-TO-OCN entered Run (phase=RunPhase1)
20260709 023055.089 INFO             PET2     <<<ATM-TO-OCN leaving Run (phase=RunPhase1)
20260709 023055.089 INFO             PET2   ATM-TO-OCN: Run extro.
20260709 023055.089 INFO             PET2   OCN-TO-ATM: Run intro.
20260709 023055.089 INFO             PET2     >>>OCN-TO-ATM entered Run (phase=RunPhase1)
20260709 023055.089 INFO             PET2     <<<OCN-TO-ATM leaving Run (phase=RunPhase1)
20260709 023055.089 INFO             PET2   OCN-TO-ATM: Run extro.
20260709 023055.093 INFO             PET2   <<<ESMX_Driver: leaving Run (phase=RunPhase1) with current time: 2012 10 24 19  0  0   0
20260709 023055.093 INFO             PET2 ESMX_Driver: Run extro.
20260709 023055.093 INFO             PET2 ESMX_Driver: Finalize intro.
20260709 023055.093 INFO             PET2   >>>ESMX_Driver: entered Finalize (phase=FinalizePhase1) with current time: 2012 10 24 19  0  0   0
20260709 023055.093 INFO             PET2   Calling Finalize phase 1 for connectorComp: ATM-TO-OCN
20260709 023055.093 INFO             PET2   ATM-TO-OCN: Finalize intro.
20260709 023055.093 INFO             PET2   ATM-TO-OCN: Finalize extro.
20260709 023055.093 INFO             PET2   Calling Finalize phase 1 for connectorComp: OCN-TO-ATM
20260709 023055.094 INFO             PET2   OCN-TO-ATM: Finalize intro.
20260709 023055.094 INFO             PET2   OCN-TO-ATM: Finalize extro.
20260709 023055.094 INFO             PET2   Calling Finalize phase 1 for modelComp: ATM
20260709 023055.095 INFO             PET2   Calling Finalize phase 1 for modelComp: OCN
20260709 023055.095 INFO             PET2   Delete modelComp: ATM
20260709 023055.095 INFO             PET2   Delete modelComp: OCN
20260709 023055.095 INFO             PET2   Delete connectorComp: ATM-TO-OCN
20260709 023055.095 INFO             PET2   Delete connectorComp: OCN-TO-ATM
20260709 023055.096 INFO             PET2   <<<ESMX_Driver: leaving Finalize (phase=FinalizePhase1) with current time: 2012 10 24 19  0  0   0
20260709 023055.096 INFO             PET2 ESMX_Driver: Finalize extro.
20260709 023055.096 INFO             PET2 =============================================
20260709 023055.096 INFO             PET2 ESMX (Earth System Model eXecutable) FINISHED
20260709 023055.096 INFO             PET2 =============================================
20260709 023055.096 INFO             PET2  Finalizing ESMF
20260709 023054.937 INFO             PET3 !!!!!!!!!!!!!!!!!!!!!!!!!!!!!!!!!!!!!!!!!!!!!!!!!!!!!!
20260709 023054.937 INFO             PET3 !!! THE ESMF_LOG IS SET TO OUTPUT ALL LOG MESSAGES !!!
20260709 023054.937 INFO             PET3 !!!     THIS MAY CAUSE SLOWDOWN IN PERFORMANCE     !!!
20260709 023054.937 INFO             PET3 !!! FOR PRODUCTION RUNS, USE:                      !!!
20260709 023054.937 INFO             PET3 !!!                   ESMF_LOGKIND_Multi_On_Error  !!!
20260709 023054.937 INFO             PET3 !!!!!!!!!!!!!!!!!!!!!!!!!!!!!!!!!!!!!!!!!!!!!!!!!!!!!!
20260709 023054.937 INFO             PET3 Running with ESMF Version   : feature/refresh-bmauer-c_dynmask_interface+g70628eccd4
20260709 023054.937 INFO             PET3 ESMF library build date/time: "Jul  9 2026" "01:34:19"
20260709 023054.937 INFO             PET3 ESMF library build location : /glade/derecho/scratch/sacks/esmf-testing/gfortran_12.2.0_pio2.6.2_mpi_O_feature_refresh-bmauer-c_dynmask_interface/esmf
20260709 023054.937 INFO             PET3 ESMF_COMM                   : mpi
20260709 023054.938 INFO             PET3 ESMF_MOAB                   : enabled
20260709 023054.938 INFO             PET3 ESMF_LAPACK                 : enabled
20260709 023054.938 INFO             PET3 ESMF_NETCDF                 : enabled
20260709 023054.938 INFO             PET3 ESMF_PNETCDF                : disabled
20260709 023054.938 INFO             PET3 ESMF_PIO                    : enabled
20260709 023054.938 INFO             PET3 ESMF_YAMLCPP                : enabled
20260709 023054.943 INFO             PET3 =============================================
20260709 023054.943 INFO             PET3 ESMX (Earth System Model eXecutable) STARTING
20260709 023054.943 INFO             PET3 =============================================
20260709 023054.946 DEBUG            PET3 Generic SetVM() is executing for: ESMX_Driver
20260709 023054.947 DEBUG            PET3 Generic SetVM() found no NUOPC Hint for: ESMX_Driver
20260709 023054.947 DEBUG            PET3 Generic SetVM() therefore is NOT calling ESMF_GridCompSetVMMaxPEs() for: ESMX_Driver
20260709 023054.948 INFO             PET3 ESMX_Driver: InitializeGeneric intro.
20260709 023054.948 INFO             PET3   >>>ESMX_Driver: entered Initialize (phase=<none>) without valid internal Clock.
20260709 023054.948 INFO             PET3   ESMX_Driver: InitializeP0 intro.
20260709 023054.948 INFO             PET3     >>>ESMX_Driver: entered Initialize (phase=<none>) without valid internal Clock.
20260709 023054.949 INFO             PET3     <<<ESMX_Driver: leaving Initialize (phase=<none>) without valid internal Clock.
20260709 023054.949 INFO             PET3   ESMX_Driver: InitializeP0 extro.
20260709 023054.949 INFO             PET3   ESMX_Driver: InitializeIPDv02p1 intro.
20260709 023054.949 INFO             PET3     >>>ESMX_Driver: entered Initialize (phase=<none>) without valid internal Clock.
20260709 023054.950 INFO             PET3     ESMX_Driver - Creating model component ATM with petList of size 4 :
20260709 023054.950 INFO             PET3           3      2      1      0
20260709 023054.950 DEBUG            PET3     Generic SetVM() is executing for: ATM
20260709 023054.950 DEBUG            PET3     Generic SetVM() is calling ESMF_GridCompSetVMMaxPEs() for: ATM with:
20260709 023054.950 DEBUG            PET3      -             MaxCount =          4
20260709 023054.950 DEBUG            PET3      -       OpenMpHandling =
20260709 023054.950 DEBUG            PET3      -     OpenMpNumThreads =         -1
20260709 023054.950 DEBUG            PET3      -   ForceChildPthreads =          F
20260709 023054.950 DEBUG            PET3      -  PthreadMinStackSize =         -1
20260709 023054.953 INFO             PET3     ESMX_Driver - Creating model component OCN with petList of size 3 :
20260709 023054.953 INFO             PET3           0      1      3
20260709 023054.953 DEBUG            PET3     Generic SetVM() is executing for: OCN
20260709 023054.956 INFO             PET3     ATM: InitializeP0 intro.
20260709 023054.956 INFO             PET3       >>>ATM: entered Initialize (phase=<none>) without valid internal Clock.
20260709 023054.957 INFO             PET3       <<<ATM: leaving Initialize (phase=<none>) without valid internal Clock.
20260709 023054.957 INFO             PET3     ATM: InitializeP0 extro.
20260709 023054.957 INFO             PET3     OCN: InitializeP0 intro.
20260709 023054.957 INFO             PET3       >>>OCN: entered Initialize (phase=<none>) without valid internal Clock.
20260709 023054.957 INFO             PET3       <<<OCN: leaving Initialize (phase=<none>) without valid internal Clock.
20260709 023054.957 INFO             PET3     OCN: InitializeP0 extro.
20260709 023054.958 INFO             PET3     ESMX_Driver - Creating connector component ATM-TO-OCN with petList of size 4 :
20260709 023054.958 INFO             PET3           3      2      1      0
20260709 023054.960 INFO             PET3     ESMX_Driver - Setting Verbosity on created component to: low
20260709 023054.960 INFO             PET3     ESMX_Driver - Setting Profiling on created component to:          0
20260709 023054.960 INFO             PET3     ESMX_Driver - Creating connector component OCN-TO-ATM with petList of size 4 :
20260709 023054.960 INFO             PET3           0      1      3      2
20260709 023054.961 INFO             PET3     ESMX_Driver - Setting Verbosity on created component to: low
20260709 023054.961 INFO             PET3     ESMX_Driver - Setting Profiling on created component to:          0
20260709 023054.962 INFO             PET3     ESMX_Driver: IInitAdvertise intro.
20260709 023054.962 INFO             PET3       >>>ESMX_Driver: entered Initialize (phase=<none>) with current time: 2012 10 24 18  0  0   0
20260709 023054.962 INFO             PET3       <<<ESMX_Driver: leaving Initialize (phase=<none>) with current time: 2012 10 24 18  0  0   0
20260709 023054.962 INFO             PET3     ESMX_Driver: IInitAdvertise extro.
20260709 023054.962 INFO             PET3     ATM: InitializeIPDvXp01 intro.
20260709 023054.962 INFO             PET3       >>>ATM: entered Initialize (phase=IPDvXp01) without valid internal Clock.
20260709 023054.964 INFO             PET3       <<<ATM: leaving Initialize (phase=IPDvXp01) without valid internal Clock.
20260709 023054.964 INFO             PET3     ATM: InitializeIPDvXp01 extro.
20260709 023054.964 INFO             PET3     OCN: InitializeIPDvXp01 intro.
20260709 023054.964 INFO             PET3       >>>OCN: entered Initialize (phase=IPDvXp01) without valid internal Clock.
20260709 023054.965 INFO             PET3       <<<OCN: leaving Initialize (phase=IPDvXp01) without valid internal Clock.
20260709 023054.965 INFO             PET3     OCN: InitializeIPDvXp01 extro.
20260709 023054.965 INFO             PET3     ATM-TO-OCN: InitializeIPDv05p1 intro.
20260709 023054.968 INFO             PET3     ATM-TO-OCN: InitializeIPDv05p1 extro.
20260709 023054.968 INFO             PET3     OCN-TO-ATM: InitializeIPDv05p1 intro.
20260709 023054.969 INFO             PET3     OCN-TO-ATM: InitializeIPDv05p1 extro.
20260709 023054.969 INFO             PET3     ESMX_Driver: IInitAdvertiseFinish intro.
20260709 023054.969 INFO             PET3       >>>ESMX_Driver: entered Initialize (phase=<none>) with current time: 2012 10 24 18  0  0   0
20260709 023054.969 INFO             PET3       <<<ESMX_Driver: leaving Initialize (phase=<none>) with current time: 2012 10 24 18  0  0   0
20260709 023054.969 INFO             PET3     ESMX_Driver: IInitAdvertiseFinish extro.
20260709 023054.970 INFO             PET3     ATM-TO-OCN: InitializeIPDv05p2a intro.
20260709 023054.971 INFO             PET3     ATM-TO-OCN: InitializeIPDv05p2a extro.
20260709 023054.971 INFO             PET3     OCN-TO-ATM: InitializeIPDv05p2a intro.
20260709 023054.973 INFO             PET3     OCN-TO-ATM: InitializeIPDv05p2a extro.
20260709 023054.973 INFO             PET3     ATM-TO-OCN: InitializeIPDv05p2b intro.
20260709 023054.975 INFO             PET3     ATM-TO-OCN: InitializeIPDv05p2b extro.
20260709 023054.975 INFO             PET3     OCN-TO-ATM: InitializeIPDv05p2b intro.
20260709 023054.977 INFO             PET3     OCN-TO-ATM: InitializeIPDv05p2b extro.
20260709 023054.977 INFO             PET3     ESMX_Driver: IInitModifyCplLists intro.
20260709 023054.977 INFO             PET3       >>>ESMX_Driver: entered Initialize (phase=<none>) with current time: 2012 10 24 18  0  0   0
20260709 023054.977 INFO             PET3       <<<ESMX_Driver: leaving Initialize (phase=<none>) with current time: 2012 10 24 18  0  0   0
20260709 023054.977 INFO             PET3     ESMX_Driver: IInitModifyCplLists extro.
20260709 023054.977 INFO             PET3     ATM-TO-OCN: InitializeIPDv05p3 intro.
20260709 023054.979 INFO             PET3     ATM-TO-OCN: InitializeIPDv05p3 extro.
20260709 023054.979 INFO             PET3     OCN-TO-ATM: InitializeIPDv05p3 intro.
20260709 023054.980 INFO             PET3     OCN-TO-ATM: InitializeIPDv05p3 extro.
20260709 023054.980 INFO             PET3     <<<ESMX_Driver: leaving Initialize (phase=<none>) with current time: 2012 10 24 18  0  0   0
20260709 023054.980 INFO             PET3   ESMX_Driver: InitializeIPDv02p1 extro.
20260709 023054.980 INFO             PET3   ESMX_Driver: InitializeIPDv02p3 intro.
20260709 023054.980 INFO             PET3     >>>ESMX_Driver: entered Initialize (phase=<none>) with current time: 2012 10 24 18  0  0   0
20260709 023054.981 INFO             PET3     ESMX_Driver: IInitCheck intro.
20260709 023054.981 INFO             PET3       >>>ESMX_Driver: entered Initialize (phase=<none>) with current time: 2012 10 24 18  0  0   0
20260709 023054.981 INFO             PET3       <<<ESMX_Driver: leaving Initialize (phase=<none>) with current time: 2012 10 24 18  0  0   0
20260709 023054.981 INFO             PET3     ESMX_Driver: IInitCheck extro.
20260709 023054.981 INFO             PET3     ATM: InitializeIPDvXp04 intro.
20260709 023054.981 INFO             PET3       >>>ATM: entered Initialize (phase=IPDvXp04) without valid internal Clock.
20260709 023054.983 INFO             PET3       <<<ATM: leaving Initialize (phase=IPDvXp04) without valid internal Clock.
20260709 023054.983 INFO             PET3     ATM: InitializeIPDvXp04 extro.
20260709 023054.983 INFO             PET3     OCN: InitializeIPDvXp04 intro.
20260709 023054.983 INFO             PET3       >>>OCN: entered Initialize (phase=IPDvXp04) without valid internal Clock.
20260709 023054.993 INFO             PET3       <<<OCN: leaving Initialize (phase=IPDvXp04) without valid internal Clock.
20260709 023054.993 INFO             PET3     OCN: InitializeIPDvXp04 extro.
20260709 023054.993 INFO             PET3     ATM-TO-OCN: InitializeIPDv05p4 intro.
20260709 023054.996 INFO             PET3     ATM-TO-OCN: InitializeIPDv05p4 extro.
20260709 023054.996 INFO             PET3     OCN-TO-ATM: InitializeIPDv05p4 intro.
20260709 023054.998 INFO             PET3     OCN-TO-ATM: InitializeIPDv05p4 extro.
20260709 023054.998 INFO             PET3     ATM-TO-OCN: InitializeIPDv05p5 intro.
20260709 023055.001 INFO             PET3     ATM-TO-OCN: InitializeIPDv05p5 extro.
20260709 023055.001 INFO             PET3     OCN-TO-ATM: InitializeIPDv05p5 intro.
20260709 023055.004 INFO             PET3     OCN-TO-ATM: InitializeIPDv05p5 extro.
20260709 023055.004 INFO             PET3     ESMX_Driver: IInitRealize intro.
20260709 023055.004 INFO             PET3       >>>ESMX_Driver: entered Initialize (phase=<none>) with current time: 2012 10 24 18  0  0   0
20260709 023055.004 INFO             PET3       <<<ESMX_Driver: leaving Initialize (phase=<none>) with current time: 2012 10 24 18  0  0   0
20260709 023055.004 INFO             PET3     ESMX_Driver: IInitRealize extro.
20260709 023055.004 INFO             PET3     ATM-TO-OCN: InitializeIPDv05p6a intro.
20260709 023055.006 INFO             PET3     ATM-TO-OCN: InitializeIPDv05p6a extro.
20260709 023055.007 INFO             PET3     OCN-TO-ATM: InitializeIPDv05p6a intro.
20260709 023055.009 INFO             PET3     OCN-TO-ATM: InitializeIPDv05p6a extro.
20260709 023055.009 INFO             PET3     ATM-TO-OCN: InitializeIPDv05p6b intro.
20260709 023055.040 INFO             PET3     ATM-TO-OCN: InitializeIPDv05p6b extro.
20260709 023055.041 INFO             PET3     OCN-TO-ATM: InitializeIPDv05p6b intro.
20260709 023055.064 INFO             PET3     OCN-TO-ATM: InitializeIPDv05p6b extro.
20260709 023055.064 INFO             PET3     ATM: InitializeIPDvXp07 intro.
20260709 023055.064 INFO             PET3       >>>ATM: entered Initialize (phase=IPDvXp07) without valid internal Clock.
20260709 023055.065 INFO             PET3       <<<ATM: leaving Initialize (phase=IPDvXp07) with current time: 2012 10 24 18  0  0   0
20260709 023055.065 INFO             PET3     ATM: InitializeIPDvXp07 extro.
20260709 023055.065 INFO             PET3     OCN: InitializeIPDvXp07 intro.
20260709 023055.065 INFO             PET3       >>>OCN: entered Initialize (phase=IPDvXp07) without valid internal Clock.
20260709 023055.065 INFO             PET3       <<<OCN: leaving Initialize (phase=IPDvXp07) with current time: 2012 10 24 18  0  0   0
20260709 023055.065 INFO             PET3     OCN: InitializeIPDvXp07 extro.
20260709 023055.065 INFO             PET3     <<<ESMX_Driver: leaving Initialize (phase=<none>) with current time: 2012 10 24 18  0  0   0
20260709 023055.065 INFO             PET3   ESMX_Driver: InitializeIPDv02p3 extro.
20260709 023055.065 INFO             PET3   ESMX_Driver: InitializeIPDv02p5 intro.
20260709 023055.065 INFO             PET3     >>>ESMX_Driver: entered Initialize (phase=<none>) with current time: 2012 10 24 18  0  0   0
20260709 023055.065 INFO             PET3     ESMX_Driver: InitializeIPDv02p5Data intro.
20260709 023055.065 INFO             PET3       >>>ESMX_Driver: entered Initialize (phase=<none>) with current time: 2012 10 24 18  0  0   0
20260709 023055.065 INFO             PET3       ESMX_Driver: InternalInitializeComplete intro.
20260709 023055.065 INFO             PET3         >>>ESMX_Driver: entered Initialize (phase=<none>) with current time: 2012 10 24 18  0  0   0
20260709 023055.065 INFO             PET3         <<<ESMX_Driver: leaving Initialize (phase=<none>) with current time: 2012 10 24 18  0  0   0
20260709 023055.065 INFO             PET3       ESMX_Driver: InternalInitializeComplete extro.
20260709 023055.065 INFO             PET3       ATM: InitializeIPDvXp08 intro.
20260709 023055.065 INFO             PET3         >>>ATM: entered Initialize (phase=IPDv05p8) with current time: 2012 10 24 18  0  0   0
20260709 023055.066 INFO             PET3         <<<ATM: leaving Initialize (phase=IPDv05p8) with current time: 2012 10 24 18  0  0   0
20260709 023055.066 INFO             PET3       ATM: InitializeIPDvXp08 extro.
20260709 023055.066 INFO             PET3       OCN: InitializeIPDv01p5 intro.
20260709 023055.066 INFO             PET3         >>>OCN: entered Initialize (phase=IPDvXp08) with current time: 2012 10 24 18  0  0   0
20260709 023055.066 INFO             PET3         <<<OCN: leaving Initialize (phase=IPDvXp08) with current time: 2012 10 24 18  0  0   0
20260709 023055.066 INFO             PET3       OCN: InitializeIPDv01p5 extro.
20260709 023055.066 INFO             PET3       ESMX_Driver: loopDataDependentInitialize intro.
20260709 023055.066 INFO             PET3         >>>ESMX_Driver: entered Initialize (phase=<none>) with current time: 2012 10 24 18  0  0   0
20260709 023055.066 INFO             PET3         <<<ESMX_Driver: leaving Initialize (phase=<none>) with current time: 2012 10 24 18  0  0   0
20260709 023055.066 INFO             PET3       ESMX_Driver: loopDataDependentInitialize extro.
20260709 023055.066 INFO             PET3       <<<ESMX_Driver: leaving Initialize (phase=<none>) with current time: 2012 10 24 18  0  0   0
20260709 023055.066 INFO             PET3     ESMX_Driver: InitializeIPDv02p5Data extro.
20260709 023055.066 INFO             PET3     <<<ESMX_Driver: leaving Initialize (phase=<none>) with current time: 2012 10 24 18  0  0   0
20260709 023055.066 INFO             PET3   ESMX_Driver: InitializeIPDv02p5 extro.
20260709 023055.066 INFO             PET3   <<<ESMX_Driver: leaving Initialize (phase=<none>) with current time: 2012 10 24 18  0  0   0
20260709 023055.066 INFO             PET3 ESMX_Driver: InitializeGeneric extro.
20260709 023055.066 INFO             PET3 ESMX_Driver: Run intro.
20260709 023055.066 INFO             PET3   >>>ESMX_Driver: entered Run (phase=RunPhase1) with current time: 2012 10 24 18  0  0   0
20260709 023055.067 INFO             PET3   ATM-TO-OCN: Run intro.
20260709 023055.067 INFO             PET3     >>>ATM-TO-OCN entered Run (phase=RunPhase1)
20260709 023055.067 INFO             PET3     <<<ATM-TO-OCN leaving Run (phase=RunPhase1)
20260709 023055.067 INFO             PET3   ATM-TO-OCN: Run extro.
20260709 023055.067 INFO             PET3   OCN-TO-ATM: Run intro.
20260709 023055.067 INFO             PET3     >>>OCN-TO-ATM entered Run (phase=RunPhase1)
20260709 023055.067 INFO             PET3     <<<OCN-TO-ATM leaving Run (phase=RunPhase1)
20260709 023055.067 INFO             PET3   OCN-TO-ATM: Run extro.
20260709 023055.067 INFO             PET3   ATM: Run intro.
20260709 023055.067 INFO             PET3     >>>ATM: entered Run (phase=RunPhase1) with current time: 2012 10 24 18  0  0   0
20260709 023055.076 INFO             PET3     <<<ATM: leaving Run (phase=RunPhase1) with current time: 2012 10 24 18 15  0   0
20260709 023055.076 INFO             PET3   ATM: Run extro.
20260709 023055.076 INFO             PET3   OCN: Run intro.
20260709 023055.076 INFO             PET3     >>>OCN: entered Run (phase=RunPhase1) with current time: 2012 10 24 18  0  0   0
20260709 023055.076 INFO             PET3     LUMO Advance(): --- VMK::log() start -------------------------------------
20260709 023055.076 INFO             PET3     LUMO Advance(): vm located at: 0x3e4cce70
20260709 023055.076 INFO             PET3     LUMO Advance(): mpionly=1 threadsflag=0
20260709 023055.076 INFO             PET3     LUMO Advance(): ssiCount=1 localSsi=0
20260709 023055.076 INFO             PET3     LUMO Advance(): devCount=0 ssiLocalDevCount=0
20260709 023055.076 INFO             PET3     LUMO Advance(): petCount=3 ssiLocalPetCount=3
20260709 023055.076 INFO             PET3     LUMO Advance(): localPet=2 mypthid=22458013343872 ssiLocalPet=2 currentSsiPe=3
20260709 023055.076 INFO             PET3     LUMO Advance(): Current system level affinity pinning for local PET:
20260709 023055.076 INFO             PET3     LUMO Advance():  SSIPE=3
20260709 023055.076 INFO             PET3     LUMO Advance(): Current system level OMP_NUM_THREADS setting for local PET: 1
20260709 023055.076 INFO             PET3     LUMO Advance(): Current system level OMP_NUM_PROCS setting for local PET: 1
20260709 023055.076 INFO             PET3     LUMO Advance(): ESMF level logical PET->PE association (but consider system level affinity pinning!):
20260709 023055.076 INFO             PET3     LUMO Advance(): PET=0 lpid=0 tid=0 pid=0 peCount=1 accCount=0
20260709 023055.076 INFO             PET3     LUMO Advance():  PE=0 SSI=0 SSIPE=0
20260709 023055.076 INFO             PET3     LUMO Advance(): PET=1 lpid=1 tid=0 pid=1 peCount=1 accCount=0
20260709 023055.076 INFO             PET3     LUMO Advance():  PE=1 SSI=0 SSIPE=1
20260709 023055.076 INFO             PET3     LUMO Advance(): PET=2 lpid=2 tid=0 pid=3 peCount=1 accCount=0
20260709 023055.076 INFO             PET3     LUMO Advance():  PE=3 SSI=0 SSIPE=3
20260709 023055.076 INFO             PET3     LUMO Advance(): --- VMK::log() end ---------------------------------------
20260709 023055.076 INFO             PET3     LUMO: localPet=   2   thread_num=   0   currentSsiPe=   3   num_threads=   1   max_threads=   1   num_procs=   1
20260709 023055.082 INFO             PET3     ------>Advancing LUMO from: 2012 10 24 18  0  0   0
20260709 023055.082 INFO             PET3     ---------------------> to: 2012 10 24 18  5  0   0
20260709 023055.082 INFO             PET3     LUMO Advance(): --- VMK::log() start -------------------------------------
20260709 023055.082 INFO             PET3     LUMO Advance(): vm located at: 0x3e4cce70
20260709 023055.082 INFO             PET3     LUMO Advance(): mpionly=1 threadsflag=0
20260709 023055.082 INFO             PET3     LUMO Advance(): ssiCount=1 localSsi=0
20260709 023055.082 INFO             PET3     LUMO Advance(): devCount=0 ssiLocalDevCount=0
20260709 023055.082 INFO             PET3     LUMO Advance(): petCount=3 ssiLocalPetCount=3
20260709 023055.082 INFO             PET3     LUMO Advance(): localPet=2 mypthid=22458013343872 ssiLocalPet=2 currentSsiPe=3
20260709 023055.082 INFO             PET3     LUMO Advance(): Current system level affinity pinning for local PET:
20260709 023055.082 INFO             PET3     LUMO Advance():  SSIPE=3
20260709 023055.082 INFO             PET3     LUMO Advance(): Current system level OMP_NUM_THREADS setting for local PET: 1
20260709 023055.082 INFO             PET3     LUMO Advance(): Current system level OMP_NUM_PROCS setting for local PET: 1
20260709 023055.082 INFO             PET3     LUMO Advance(): ESMF level logical PET->PE association (but consider system level affinity pinning!):
20260709 023055.082 INFO             PET3     LUMO Advance(): PET=0 lpid=0 tid=0 pid=0 peCount=1 accCount=0
20260709 023055.082 INFO             PET3     LUMO Advance():  PE=0 SSI=0 SSIPE=0
20260709 023055.082 INFO             PET3     LUMO Advance(): PET=1 lpid=1 tid=0 pid=1 peCount=1 accCount=0
20260709 023055.082 INFO             PET3     LUMO Advance():  PE=1 SSI=0 SSIPE=1
20260709 023055.082 INFO             PET3     LUMO Advance(): PET=2 lpid=2 tid=0 pid=3 peCount=1 accCount=0
20260709 023055.082 INFO             PET3     LUMO Advance():  PE=3 SSI=0 SSIPE=3
20260709 023055.082 INFO             PET3     LUMO Advance(): --- VMK::log() end ---------------------------------------
20260709 023055.082 INFO             PET3     LUMO: localPet=   2   thread_num=   0   currentSsiPe=   3   num_threads=   1   max_threads=   1   num_procs=   1
20260709 023055.082 INFO             PET3     ------>Advancing LUMO from: 2012 10 24 18  5  0   0
20260709 023055.082 INFO             PET3     ---------------------> to: 2012 10 24 18 10  0   0
20260709 023055.082 INFO             PET3     LUMO Advance(): --- VMK::log() start -------------------------------------
20260709 023055.082 INFO             PET3     LUMO Advance(): vm located at: 0x3e4cce70
20260709 023055.082 INFO             PET3     LUMO Advance(): mpionly=1 threadsflag=0
20260709 023055.082 INFO             PET3     LUMO Advance(): ssiCount=1 localSsi=0
20260709 023055.082 INFO             PET3     LUMO Advance(): devCount=0 ssiLocalDevCount=0
20260709 023055.082 INFO             PET3     LUMO Advance(): petCount=3 ssiLocalPetCount=3
20260709 023055.082 INFO             PET3     LUMO Advance(): localPet=2 mypthid=22458013343872 ssiLocalPet=2 currentSsiPe=3
20260709 023055.082 INFO             PET3     LUMO Advance(): Current system level affinity pinning for local PET:
20260709 023055.082 INFO             PET3     LUMO Advance():  SSIPE=3
20260709 023055.082 INFO             PET3     LUMO Advance(): Current system level OMP_NUM_THREADS setting for local PET: 1
20260709 023055.082 INFO             PET3     LUMO Advance(): Current system level OMP_NUM_PROCS setting for local PET: 1
20260709 023055.082 INFO             PET3     LUMO Advance(): ESMF level logical PET->PE association (but consider system level affinity pinning!):
20260709 023055.082 INFO             PET3     LUMO Advance(): PET=0 lpid=0 tid=0 pid=0 peCount=1 accCount=0
20260709 023055.082 INFO             PET3     LUMO Advance():  PE=0 SSI=0 SSIPE=0
20260709 023055.082 INFO             PET3     LUMO Advance(): PET=1 lpid=1 tid=0 pid=1 peCount=1 accCount=0
20260709 023055.082 INFO             PET3     LUMO Advance():  PE=1 SSI=0 SSIPE=1
20260709 023055.082 INFO             PET3     LUMO Advance(): PET=2 lpid=2 tid=0 pid=3 peCount=1 accCount=0
20260709 023055.082 INFO             PET3     LUMO Advance():  PE=3 SSI=0 SSIPE=3
20260709 023055.082 INFO             PET3     LUMO Advance(): --- VMK::log() end ---------------------------------------
20260709 023055.082 INFO             PET3     LUMO: localPet=   2   thread_num=   0   currentSsiPe=   3   num_threads=   1   max_threads=   1   num_procs=   1
20260709 023055.083 INFO             PET3     ------>Advancing LUMO from: 2012 10 24 18 10  0   0
20260709 023055.083 INFO             PET3     ---------------------> to: 2012 10 24 18 15  0   0
20260709 023055.083 INFO             PET3     <<<OCN: leaving Run (phase=RunPhase1) with current time: 2012 10 24 18 15  0   0
20260709 023055.083 INFO             PET3   OCN: Run extro.
20260709 023055.083 INFO             PET3   ATM-TO-OCN: Run intro.
20260709 023055.083 INFO             PET3     >>>ATM-TO-OCN entered Run (phase=RunPhase1)
20260709 023055.083 INFO             PET3     <<<ATM-TO-OCN leaving Run (phase=RunPhase1)
20260709 023055.083 INFO             PET3   ATM-TO-OCN: Run extro.
20260709 023055.083 INFO             PET3   OCN-TO-ATM: Run intro.
20260709 023055.083 INFO             PET3     >>>OCN-TO-ATM entered Run (phase=RunPhase1)
20260709 023055.083 INFO             PET3     <<<OCN-TO-ATM leaving Run (phase=RunPhase1)
20260709 023055.083 INFO             PET3   OCN-TO-ATM: Run extro.
20260709 023055.083 INFO             PET3   ATM: Run intro.
20260709 023055.083 INFO             PET3     >>>ATM: entered Run (phase=RunPhase1) with current time: 2012 10 24 18 15  0   0
20260709 023055.085 INFO             PET3     <<<ATM: leaving Run (phase=RunPhase1) with current time: 2012 10 24 18 30  0   0
20260709 023055.085 INFO             PET3   ATM: Run extro.
20260709 023055.085 INFO             PET3   OCN: Run intro.
20260709 023055.085 INFO             PET3     >>>OCN: entered Run (phase=RunPhase1) with current time: 2012 10 24 18 15  0   0
20260709 023055.085 INFO             PET3     LUMO Advance(): --- VMK::log() start -------------------------------------
20260709 023055.085 INFO             PET3     LUMO Advance(): vm located at: 0x3e4cce70
20260709 023055.085 INFO             PET3     LUMO Advance(): mpionly=1 threadsflag=0
20260709 023055.085 INFO             PET3     LUMO Advance(): ssiCount=1 localSsi=0
20260709 023055.085 INFO             PET3     LUMO Advance(): devCount=0 ssiLocalDevCount=0
20260709 023055.085 INFO             PET3     LUMO Advance(): petCount=3 ssiLocalPetCount=3
20260709 023055.085 INFO             PET3     LUMO Advance(): localPet=2 mypthid=22458013343872 ssiLocalPet=2 currentSsiPe=3
20260709 023055.085 INFO             PET3     LUMO Advance(): Current system level affinity pinning for local PET:
20260709 023055.085 INFO             PET3     LUMO Advance():  SSIPE=3
20260709 023055.085 INFO             PET3     LUMO Advance(): Current system level OMP_NUM_THREADS setting for local PET: 1
20260709 023055.085 INFO             PET3     LUMO Advance(): Current system level OMP_NUM_PROCS setting for local PET: 1
20260709 023055.085 INFO             PET3     LUMO Advance(): ESMF level logical PET->PE association (but consider system level affinity pinning!):
20260709 023055.085 INFO             PET3     LUMO Advance(): PET=0 lpid=0 tid=0 pid=0 peCount=1 accCount=0
20260709 023055.085 INFO             PET3     LUMO Advance():  PE=0 SSI=0 SSIPE=0
20260709 023055.085 INFO             PET3     LUMO Advance(): PET=1 lpid=1 tid=0 pid=1 peCount=1 accCount=0
20260709 023055.085 INFO             PET3     LUMO Advance():  PE=1 SSI=0 SSIPE=1
20260709 023055.085 INFO             PET3     LUMO Advance(): PET=2 lpid=2 tid=0 pid=3 peCount=1 accCount=0
20260709 023055.085 INFO             PET3     LUMO Advance():  PE=3 SSI=0 SSIPE=3
20260709 023055.085 INFO             PET3     LUMO Advance(): --- VMK::log() end ---------------------------------------
20260709 023055.085 INFO             PET3     LUMO: localPet=   2   thread_num=   0   currentSsiPe=   3   num_threads=   1   max_threads=   1   num_procs=   1
20260709 023055.086 INFO             PET3     ------>Advancing LUMO from: 2012 10 24 18 15  0   0
20260709 023055.086 INFO             PET3     ---------------------> to: 2012 10 24 18 20  0   0
20260709 023055.086 INFO             PET3     LUMO Advance(): --- VMK::log() start -------------------------------------
20260709 023055.086 INFO             PET3     LUMO Advance(): vm located at: 0x3e4cce70
20260709 023055.086 INFO             PET3     LUMO Advance(): mpionly=1 threadsflag=0
20260709 023055.086 INFO             PET3     LUMO Advance(): ssiCount=1 localSsi=0
20260709 023055.086 INFO             PET3     LUMO Advance(): devCount=0 ssiLocalDevCount=0
20260709 023055.086 INFO             PET3     LUMO Advance(): petCount=3 ssiLocalPetCount=3
20260709 023055.086 INFO             PET3     LUMO Advance(): localPet=2 mypthid=22458013343872 ssiLocalPet=2 currentSsiPe=3
20260709 023055.086 INFO             PET3     LUMO Advance(): Current system level affinity pinning for local PET:
20260709 023055.086 INFO             PET3     LUMO Advance():  SSIPE=3
20260709 023055.086 INFO             PET3     LUMO Advance(): Current system level OMP_NUM_THREADS setting for local PET: 1
20260709 023055.086 INFO             PET3     LUMO Advance(): Current system level OMP_NUM_PROCS setting for local PET: 1
20260709 023055.086 INFO             PET3     LUMO Advance(): ESMF level logical PET->PE association (but consider system level affinity pinning!):
20260709 023055.086 INFO             PET3     LUMO Advance(): PET=0 lpid=0 tid=0 pid=0 peCount=1 accCount=0
20260709 023055.086 INFO             PET3     LUMO Advance():  PE=0 SSI=0 SSIPE=0
20260709 023055.086 INFO             PET3     LUMO Advance(): PET=1 lpid=1 tid=0 pid=1 peCount=1 accCount=0
20260709 023055.086 INFO             PET3     LUMO Advance():  PE=1 SSI=0 SSIPE=1
20260709 023055.086 INFO             PET3     LUMO Advance(): PET=2 lpid=2 tid=0 pid=3 peCount=1 accCount=0
20260709 023055.086 INFO             PET3     LUMO Advance():  PE=3 SSI=0 SSIPE=3
20260709 023055.086 INFO             PET3     LUMO Advance(): --- VMK::log() end ---------------------------------------
20260709 023055.086 INFO             PET3     LUMO: localPet=   2   thread_num=   0   currentSsiPe=   3   num_threads=   1   max_threads=   1   num_procs=   1
20260709 023055.086 INFO             PET3     ------>Advancing LUMO from: 2012 10 24 18 20  0   0
20260709 023055.086 INFO             PET3     ---------------------> to: 2012 10 24 18 25  0   0
20260709 023055.086 INFO             PET3     LUMO Advance(): --- VMK::log() start -------------------------------------
20260709 023055.086 INFO             PET3     LUMO Advance(): vm located at: 0x3e4cce70
20260709 023055.086 INFO             PET3     LUMO Advance(): mpionly=1 threadsflag=0
20260709 023055.086 INFO             PET3     LUMO Advance(): ssiCount=1 localSsi=0
20260709 023055.086 INFO             PET3     LUMO Advance(): devCount=0 ssiLocalDevCount=0
20260709 023055.086 INFO             PET3     LUMO Advance(): petCount=3 ssiLocalPetCount=3
20260709 023055.086 INFO             PET3     LUMO Advance(): localPet=2 mypthid=22458013343872 ssiLocalPet=2 currentSsiPe=3
20260709 023055.086 INFO             PET3     LUMO Advance(): Current system level affinity pinning for local PET:
20260709 023055.086 INFO             PET3     LUMO Advance():  SSIPE=3
20260709 023055.086 INFO             PET3     LUMO Advance(): Current system level OMP_NUM_THREADS setting for local PET: 1
20260709 023055.086 INFO             PET3     LUMO Advance(): Current system level OMP_NUM_PROCS setting for local PET: 1
20260709 023055.086 INFO             PET3     LUMO Advance(): ESMF level logical PET->PE association (but consider system level affinity pinning!):
20260709 023055.086 INFO             PET3     LUMO Advance(): PET=0 lpid=0 tid=0 pid=0 peCount=1 accCount=0
20260709 023055.086 INFO             PET3     LUMO Advance():  PE=0 SSI=0 SSIPE=0
20260709 023055.086 INFO             PET3     LUMO Advance(): PET=1 lpid=1 tid=0 pid=1 peCount=1 accCount=0
20260709 023055.086 INFO             PET3     LUMO Advance():  PE=1 SSI=0 SSIPE=1
20260709 023055.086 INFO             PET3     LUMO Advance(): PET=2 lpid=2 tid=0 pid=3 peCount=1 accCount=0
20260709 023055.086 INFO             PET3     LUMO Advance():  PE=3 SSI=0 SSIPE=3
20260709 023055.086 INFO             PET3     LUMO Advance(): --- VMK::log() end ---------------------------------------
20260709 023055.086 INFO             PET3     LUMO: localPet=   2   thread_num=   0   currentSsiPe=   3   num_threads=   1   max_threads=   1   num_procs=   1
20260709 023055.086 INFO             PET3     ------>Advancing LUMO from: 2012 10 24 18 25  0   0
20260709 023055.086 INFO             PET3     ---------------------> to: 2012 10 24 18 30  0   0
20260709 023055.086 INFO             PET3     <<<OCN: leaving Run (phase=RunPhase1) with current time: 2012 10 24 18 30  0   0
20260709 023055.086 INFO             PET3   OCN: Run extro.
20260709 023055.086 INFO             PET3   ATM-TO-OCN: Run intro.
20260709 023055.086 INFO             PET3     >>>ATM-TO-OCN entered Run (phase=RunPhase1)
20260709 023055.086 INFO             PET3     <<<ATM-TO-OCN leaving Run (phase=RunPhase1)
20260709 023055.086 INFO             PET3   ATM-TO-OCN: Run extro.
20260709 023055.087 INFO             PET3   OCN-TO-ATM: Run intro.
20260709 023055.087 INFO             PET3     >>>OCN-TO-ATM entered Run (phase=RunPhase1)
20260709 023055.087 INFO             PET3     <<<OCN-TO-ATM leaving Run (phase=RunPhase1)
20260709 023055.087 INFO             PET3   OCN-TO-ATM: Run extro.
20260709 023055.087 INFO             PET3   ATM: Run intro.
20260709 023055.087 INFO             PET3     >>>ATM: entered Run (phase=RunPhase1) with current time: 2012 10 24 18 30  0   0
20260709 023055.089 INFO             PET3     <<<ATM: leaving Run (phase=RunPhase1) with current time: 2012 10 24 18 45  0   0
20260709 023055.089 INFO             PET3   ATM: Run extro.
20260709 023055.089 INFO             PET3   OCN: Run intro.
20260709 023055.089 INFO             PET3     >>>OCN: entered Run (phase=RunPhase1) with current time: 2012 10 24 18 30  0   0
20260709 023055.089 INFO             PET3     LUMO Advance(): --- VMK::log() start -------------------------------------
20260709 023055.089 INFO             PET3     LUMO Advance(): vm located at: 0x3e4cce70
20260709 023055.089 INFO             PET3     LUMO Advance(): mpionly=1 threadsflag=0
20260709 023055.089 INFO             PET3     LUMO Advance(): ssiCount=1 localSsi=0
20260709 023055.089 INFO             PET3     LUMO Advance(): devCount=0 ssiLocalDevCount=0
20260709 023055.089 INFO             PET3     LUMO Advance(): petCount=3 ssiLocalPetCount=3
20260709 023055.089 INFO             PET3     LUMO Advance(): localPet=2 mypthid=22458013343872 ssiLocalPet=2 currentSsiPe=3
20260709 023055.089 INFO             PET3     LUMO Advance(): Current system level affinity pinning for local PET:
20260709 023055.089 INFO             PET3     LUMO Advance():  SSIPE=3
20260709 023055.089 INFO             PET3     LUMO Advance(): Current system level OMP_NUM_THREADS setting for local PET: 1
20260709 023055.089 INFO             PET3     LUMO Advance(): Current system level OMP_NUM_PROCS setting for local PET: 1
20260709 023055.089 INFO             PET3     LUMO Advance(): ESMF level logical PET->PE association (but consider system level affinity pinning!):
20260709 023055.089 INFO             PET3     LUMO Advance(): PET=0 lpid=0 tid=0 pid=0 peCount=1 accCount=0
20260709 023055.089 INFO             PET3     LUMO Advance():  PE=0 SSI=0 SSIPE=0
20260709 023055.089 INFO             PET3     LUMO Advance(): PET=1 lpid=1 tid=0 pid=1 peCount=1 accCount=0
20260709 023055.089 INFO             PET3     LUMO Advance():  PE=1 SSI=0 SSIPE=1
20260709 023055.089 INFO             PET3     LUMO Advance(): PET=2 lpid=2 tid=0 pid=3 peCount=1 accCount=0
20260709 023055.089 INFO             PET3     LUMO Advance():  PE=3 SSI=0 SSIPE=3
20260709 023055.089 INFO             PET3     LUMO Advance(): --- VMK::log() end ---------------------------------------
20260709 023055.089 INFO             PET3     LUMO: localPet=   2   thread_num=   0   currentSsiPe=   3   num_threads=   1   max_threads=   1   num_procs=   1
20260709 023055.090 INFO             PET3     ------>Advancing LUMO from: 2012 10 24 18 30  0   0
20260709 023055.090 INFO             PET3     ---------------------> to: 2012 10 24 18 35  0   0
20260709 023055.090 INFO             PET3     LUMO Advance(): --- VMK::log() start -------------------------------------
20260709 023055.090 INFO             PET3     LUMO Advance(): vm located at: 0x3e4cce70
20260709 023055.090 INFO             PET3     LUMO Advance(): mpionly=1 threadsflag=0
20260709 023055.090 INFO             PET3     LUMO Advance(): ssiCount=1 localSsi=0
20260709 023055.090 INFO             PET3     LUMO Advance(): devCount=0 ssiLocalDevCount=0
20260709 023055.090 INFO             PET3     LUMO Advance(): petCount=3 ssiLocalPetCount=3
20260709 023055.090 INFO             PET3     LUMO Advance(): localPet=2 mypthid=22458013343872 ssiLocalPet=2 currentSsiPe=3
20260709 023055.090 INFO             PET3     LUMO Advance(): Current system level affinity pinning for local PET:
20260709 023055.090 INFO             PET3     LUMO Advance():  SSIPE=3
20260709 023055.090 INFO             PET3     LUMO Advance(): Current system level OMP_NUM_THREADS setting for local PET: 1
20260709 023055.090 INFO             PET3     LUMO Advance(): Current system level OMP_NUM_PROCS setting for local PET: 1
20260709 023055.090 INFO             PET3     LUMO Advance(): ESMF level logical PET->PE association (but consider system level affinity pinning!):
20260709 023055.090 INFO             PET3     LUMO Advance(): PET=0 lpid=0 tid=0 pid=0 peCount=1 accCount=0
20260709 023055.090 INFO             PET3     LUMO Advance():  PE=0 SSI=0 SSIPE=0
20260709 023055.090 INFO             PET3     LUMO Advance(): PET=1 lpid=1 tid=0 pid=1 peCount=1 accCount=0
20260709 023055.090 INFO             PET3     LUMO Advance():  PE=1 SSI=0 SSIPE=1
20260709 023055.090 INFO             PET3     LUMO Advance(): PET=2 lpid=2 tid=0 pid=3 peCount=1 accCount=0
20260709 023055.090 INFO             PET3     LUMO Advance():  PE=3 SSI=0 SSIPE=3
20260709 023055.090 INFO             PET3     LUMO Advance(): --- VMK::log() end ---------------------------------------
20260709 023055.090 INFO             PET3     LUMO: localPet=   2   thread_num=   0   currentSsiPe=   3   num_threads=   1   max_threads=   1   num_procs=   1
20260709 023055.090 INFO             PET3     ------>Advancing LUMO from: 2012 10 24 18 35  0   0
20260709 023055.090 INFO             PET3     ---------------------> to: 2012 10 24 18 40  0   0
20260709 023055.090 INFO             PET3     LUMO Advance(): --- VMK::log() start -------------------------------------
20260709 023055.090 INFO             PET3     LUMO Advance(): vm located at: 0x3e4cce70
20260709 023055.090 INFO             PET3     LUMO Advance(): mpionly=1 threadsflag=0
20260709 023055.090 INFO             PET3     LUMO Advance(): ssiCount=1 localSsi=0
20260709 023055.090 INFO             PET3     LUMO Advance(): devCount=0 ssiLocalDevCount=0
20260709 023055.090 INFO             PET3     LUMO Advance(): petCount=3 ssiLocalPetCount=3
20260709 023055.090 INFO             PET3     LUMO Advance(): localPet=2 mypthid=22458013343872 ssiLocalPet=2 currentSsiPe=3
20260709 023055.090 INFO             PET3     LUMO Advance(): Current system level affinity pinning for local PET:
20260709 023055.090 INFO             PET3     LUMO Advance():  SSIPE=3
20260709 023055.090 INFO             PET3     LUMO Advance(): Current system level OMP_NUM_THREADS setting for local PET: 1
20260709 023055.090 INFO             PET3     LUMO Advance(): Current system level OMP_NUM_PROCS setting for local PET: 1
20260709 023055.090 INFO             PET3     LUMO Advance(): ESMF level logical PET->PE association (but consider system level affinity pinning!):
20260709 023055.090 INFO             PET3     LUMO Advance(): PET=0 lpid=0 tid=0 pid=0 peCount=1 accCount=0
20260709 023055.090 INFO             PET3     LUMO Advance():  PE=0 SSI=0 SSIPE=0
20260709 023055.090 INFO             PET3     LUMO Advance(): PET=1 lpid=1 tid=0 pid=1 peCount=1 accCount=0
20260709 023055.090 INFO             PET3     LUMO Advance():  PE=1 SSI=0 SSIPE=1
20260709 023055.090 INFO             PET3     LUMO Advance(): PET=2 lpid=2 tid=0 pid=3 peCount=1 accCount=0
20260709 023055.090 INFO             PET3     LUMO Advance():  PE=3 SSI=0 SSIPE=3
20260709 023055.090 INFO             PET3     LUMO Advance(): --- VMK::log() end ---------------------------------------
20260709 023055.090 INFO             PET3     LUMO: localPet=   2   thread_num=   0   currentSsiPe=   3   num_threads=   1   max_threads=   1   num_procs=   1
20260709 023055.090 INFO             PET3     ------>Advancing LUMO from: 2012 10 24 18 40  0   0
20260709 023055.090 INFO             PET3     ---------------------> to: 2012 10 24 18 45  0   0
20260709 023055.090 INFO             PET3     <<<OCN: leaving Run (phase=RunPhase1) with current time: 2012 10 24 18 45  0   0
20260709 023055.090 INFO             PET3   OCN: Run extro.
20260709 023055.090 INFO             PET3   ATM-TO-OCN: Run intro.
20260709 023055.090 INFO             PET3     >>>ATM-TO-OCN entered Run (phase=RunPhase1)
20260709 023055.091 INFO             PET3     <<<ATM-TO-OCN leaving Run (phase=RunPhase1)
20260709 023055.091 INFO             PET3   ATM-TO-OCN: Run extro.
20260709 023055.091 INFO             PET3   OCN-TO-ATM: Run intro.
20260709 023055.091 INFO             PET3     >>>OCN-TO-ATM entered Run (phase=RunPhase1)
20260709 023055.091 INFO             PET3     <<<OCN-TO-ATM leaving Run (phase=RunPhase1)
20260709 023055.091 INFO             PET3   OCN-TO-ATM: Run extro.
20260709 023055.091 INFO             PET3   ATM: Run intro.
20260709 023055.091 INFO             PET3     >>>ATM: entered Run (phase=RunPhase1) with current time: 2012 10 24 18 45  0   0
20260709 023055.093 INFO             PET3     <<<ATM: leaving Run (phase=RunPhase1) with current time: 2012 10 24 19  0  0   0
20260709 023055.093 INFO             PET3   ATM: Run extro.
20260709 023055.093 INFO             PET3   OCN: Run intro.
20260709 023055.093 INFO             PET3     >>>OCN: entered Run (phase=RunPhase1) with current time: 2012 10 24 18 45  0   0
20260709 023055.093 INFO             PET3     LUMO Advance(): --- VMK::log() start -------------------------------------
20260709 023055.093 INFO             PET3     LUMO Advance(): vm located at: 0x3e4cce70
20260709 023055.093 INFO             PET3     LUMO Advance(): mpionly=1 threadsflag=0
20260709 023055.093 INFO             PET3     LUMO Advance(): ssiCount=1 localSsi=0
20260709 023055.093 INFO             PET3     LUMO Advance(): devCount=0 ssiLocalDevCount=0
20260709 023055.093 INFO             PET3     LUMO Advance(): petCount=3 ssiLocalPetCount=3
20260709 023055.093 INFO             PET3     LUMO Advance(): localPet=2 mypthid=22458013343872 ssiLocalPet=2 currentSsiPe=3
20260709 023055.093 INFO             PET3     LUMO Advance(): Current system level affinity pinning for local PET:
20260709 023055.093 INFO             PET3     LUMO Advance():  SSIPE=3
20260709 023055.093 INFO             PET3     LUMO Advance(): Current system level OMP_NUM_THREADS setting for local PET: 1
20260709 023055.093 INFO             PET3     LUMO Advance(): Current system level OMP_NUM_PROCS setting for local PET: 1
20260709 023055.093 INFO             PET3     LUMO Advance(): ESMF level logical PET->PE association (but consider system level affinity pinning!):
20260709 023055.093 INFO             PET3     LUMO Advance(): PET=0 lpid=0 tid=0 pid=0 peCount=1 accCount=0
20260709 023055.093 INFO             PET3     LUMO Advance():  PE=0 SSI=0 SSIPE=0
20260709 023055.093 INFO             PET3     LUMO Advance(): PET=1 lpid=1 tid=0 pid=1 peCount=1 accCount=0
20260709 023055.093 INFO             PET3     LUMO Advance():  PE=1 SSI=0 SSIPE=1
20260709 023055.093 INFO             PET3     LUMO Advance(): PET=2 lpid=2 tid=0 pid=3 peCount=1 accCount=0
20260709 023055.093 INFO             PET3     LUMO Advance():  PE=3 SSI=0 SSIPE=3
20260709 023055.093 INFO             PET3     LUMO Advance(): --- VMK::log() end ---------------------------------------
20260709 023055.093 INFO             PET3     LUMO: localPet=   2   thread_num=   0   currentSsiPe=   3   num_threads=   1   max_threads=   1   num_procs=   1
20260709 023055.094 INFO             PET3     ------>Advancing LUMO from: 2012 10 24 18 45  0   0
20260709 023055.094 INFO             PET3     ---------------------> to: 2012 10 24 18 50  0   0
20260709 023055.094 INFO             PET3     LUMO Advance(): --- VMK::log() start -------------------------------------
20260709 023055.094 INFO             PET3     LUMO Advance(): vm located at: 0x3e4cce70
20260709 023055.094 INFO             PET3     LUMO Advance(): mpionly=1 threadsflag=0
20260709 023055.094 INFO             PET3     LUMO Advance(): ssiCount=1 localSsi=0
20260709 023055.094 INFO             PET3     LUMO Advance(): devCount=0 ssiLocalDevCount=0
20260709 023055.094 INFO             PET3     LUMO Advance(): petCount=3 ssiLocalPetCount=3
20260709 023055.094 INFO             PET3     LUMO Advance(): localPet=2 mypthid=22458013343872 ssiLocalPet=2 currentSsiPe=3
20260709 023055.094 INFO             PET3     LUMO Advance(): Current system level affinity pinning for local PET:
20260709 023055.094 INFO             PET3     LUMO Advance():  SSIPE=3
20260709 023055.094 INFO             PET3     LUMO Advance(): Current system level OMP_NUM_THREADS setting for local PET: 1
20260709 023055.094 INFO             PET3     LUMO Advance(): Current system level OMP_NUM_PROCS setting for local PET: 1
20260709 023055.094 INFO             PET3     LUMO Advance(): ESMF level logical PET->PE association (but consider system level affinity pinning!):
20260709 023055.094 INFO             PET3     LUMO Advance(): PET=0 lpid=0 tid=0 pid=0 peCount=1 accCount=0
20260709 023055.094 INFO             PET3     LUMO Advance():  PE=0 SSI=0 SSIPE=0
20260709 023055.094 INFO             PET3     LUMO Advance(): PET=1 lpid=1 tid=0 pid=1 peCount=1 accCount=0
20260709 023055.094 INFO             PET3     LUMO Advance():  PE=1 SSI=0 SSIPE=1
20260709 023055.094 INFO             PET3     LUMO Advance(): PET=2 lpid=2 tid=0 pid=3 peCount=1 accCount=0
20260709 023055.094 INFO             PET3     LUMO Advance():  PE=3 SSI=0 SSIPE=3
20260709 023055.094 INFO             PET3     LUMO Advance(): --- VMK::log() end ---------------------------------------
20260709 023055.094 INFO             PET3     LUMO: localPet=   2   thread_num=   0   currentSsiPe=   3   num_threads=   1   max_threads=   1   num_procs=   1
20260709 023055.094 INFO             PET3     ------>Advancing LUMO from: 2012 10 24 18 50  0   0
20260709 023055.094 INFO             PET3     ---------------------> to: 2012 10 24 18 55  0   0
20260709 023055.094 INFO             PET3     LUMO Advance(): --- VMK::log() start -------------------------------------
20260709 023055.094 INFO             PET3     LUMO Advance(): vm located at: 0x3e4cce70
20260709 023055.094 INFO             PET3     LUMO Advance(): mpionly=1 threadsflag=0
20260709 023055.094 INFO             PET3     LUMO Advance(): ssiCount=1 localSsi=0
20260709 023055.094 INFO             PET3     LUMO Advance(): devCount=0 ssiLocalDevCount=0
20260709 023055.094 INFO             PET3     LUMO Advance(): petCount=3 ssiLocalPetCount=3
20260709 023055.094 INFO             PET3     LUMO Advance(): localPet=2 mypthid=22458013343872 ssiLocalPet=2 currentSsiPe=3
20260709 023055.094 INFO             PET3     LUMO Advance(): Current system level affinity pinning for local PET:
20260709 023055.094 INFO             PET3     LUMO Advance():  SSIPE=3
20260709 023055.094 INFO             PET3     LUMO Advance(): Current system level OMP_NUM_THREADS setting for local PET: 1
20260709 023055.094 INFO             PET3     LUMO Advance(): Current system level OMP_NUM_PROCS setting for local PET: 1
20260709 023055.094 INFO             PET3     LUMO Advance(): ESMF level logical PET->PE association (but consider system level affinity pinning!):
20260709 023055.094 INFO             PET3     LUMO Advance(): PET=0 lpid=0 tid=0 pid=0 peCount=1 accCount=0
20260709 023055.094 INFO             PET3     LUMO Advance():  PE=0 SSI=0 SSIPE=0
20260709 023055.094 INFO             PET3     LUMO Advance(): PET=1 lpid=1 tid=0 pid=1 peCount=1 accCount=0
20260709 023055.094 INFO             PET3     LUMO Advance():  PE=1 SSI=0 SSIPE=1
20260709 023055.094 INFO             PET3     LUMO Advance(): PET=2 lpid=2 tid=0 pid=3 peCount=1 accCount=0
20260709 023055.094 INFO             PET3     LUMO Advance():  PE=3 SSI=0 SSIPE=3
20260709 023055.094 INFO             PET3     LUMO Advance(): --- VMK::log() end ---------------------------------------
20260709 023055.094 INFO             PET3     LUMO: localPet=   2   thread_num=   0   currentSsiPe=   3   num_threads=   1   max_threads=   1   num_procs=   1
20260709 023055.094 INFO             PET3     ------>Advancing LUMO from: 2012 10 24 18 55  0   0
20260709 023055.094 INFO             PET3     ---------------------> to: 2012 10 24 19  0  0   0
20260709 023055.094 INFO             PET3     <<<OCN: leaving Run (phase=RunPhase1) with current time: 2012 10 24 19  0  0   0
20260709 023055.094 INFO             PET3   OCN: Run extro.
20260709 023055.094 INFO             PET3   <<<ESMX_Driver: leaving Run (phase=RunPhase1) with current time: 2012 10 24 19  0  0   0
20260709 023055.094 INFO             PET3 ESMX_Driver: Run extro.
20260709 023055.094 INFO             PET3 ESMX_Driver: Finalize intro.
20260709 023055.094 INFO             PET3   >>>ESMX_Driver: entered Finalize (phase=FinalizePhase1) with current time: 2012 10 24 19  0  0   0
20260709 023055.094 INFO             PET3   Calling Finalize phase 1 for connectorComp: ATM-TO-OCN
20260709 023055.095 INFO             PET3   ATM-TO-OCN: Finalize intro.
20260709 023055.095 INFO             PET3   ATM-TO-OCN: Finalize extro.
20260709 023055.095 INFO             PET3   Calling Finalize phase 1 for connectorComp: OCN-TO-ATM
20260709 023055.095 INFO             PET3   OCN-TO-ATM: Finalize intro.
20260709 023055.095 INFO             PET3   OCN-TO-ATM: Finalize extro.
20260709 023055.095 INFO             PET3   Calling Finalize phase 1 for modelComp: ATM
20260709 023055.095 INFO             PET3   ATM: Finalize intro.
20260709 023055.095 INFO             PET3     >>>ATM: entered Finalize (phase=FinalizePhase1) with current time: 2012 10 24 19  0  0   0
20260709 023055.095 INFO             PET3     <<<ATM: leaving Finalize (phase=FinalizePhase1) with current time: 2012 10 24 19  0  0   0
20260709 023055.095 INFO             PET3   ATM: Finalize extro.
20260709 023055.095 INFO             PET3   Calling Finalize phase 1 for modelComp: OCN
20260709 023055.095 INFO             PET3   OCN: Finalize intro.
20260709 023055.095 INFO             PET3     >>>OCN: entered Finalize (phase=FinalizePhase1) with current time: 2012 10 24 19  0  0   0
20260709 023055.095 INFO             PET3     <<<OCN: leaving Finalize (phase=FinalizePhase1) with current time: 2012 10 24 19  0  0   0
20260709 023055.095 INFO             PET3   OCN: Finalize extro.
20260709 023055.095 INFO             PET3   Delete modelComp: ATM
20260709 023055.095 INFO             PET3   Delete modelComp: OCN
20260709 023055.095 INFO             PET3   Delete connectorComp: ATM-TO-OCN
20260709 023055.095 INFO             PET3   Delete connectorComp: OCN-TO-ATM
20260709 023055.096 INFO             PET3   <<<ESMX_Driver: leaving Finalize (phase=FinalizePhase1) with current time: 2012 10 24 19  0  0   0
20260709 023055.096 INFO             PET3 ESMX_Driver: Finalize extro.
20260709 023055.096 INFO             PET3 =============================================
20260709 023055.096 INFO             PET3 ESMX (Earth System Model eXecutable) FINISHED
20260709 023055.096 INFO             PET3 =============================================
20260709 023055.096 INFO             PET3  Finalizing ESMF
