2026-07-10 01:56:45
20260710 032809.763 INFO             PET0 !!!!!!!!!!!!!!!!!!!!!!!!!!!!!!!!!!!!!!!!!!!!!!!!!!!!!!
20260710 032809.763 INFO             PET0 !!! THE ESMF_LOG IS SET TO OUTPUT ALL LOG MESSAGES !!!
20260710 032809.763 INFO             PET0 !!!     THIS MAY CAUSE SLOWDOWN IN PERFORMANCE     !!!
20260710 032809.763 INFO             PET0 !!! FOR PRODUCTION RUNS, USE:                      !!!
20260710 032809.763 INFO             PET0 !!!                   ESMF_LOGKIND_Multi_On_Error  !!!
20260710 032809.763 INFO             PET0 !!!!!!!!!!!!!!!!!!!!!!!!!!!!!!!!!!!!!!!!!!!!!!!!!!!!!!
20260710 032809.763 INFO             PET0 Running with ESMF Version   : feature/refresh-bmauer-c_dynmask_interface+ge07d076824
20260710 032809.763 INFO             PET0 ESMF library build date/time: "Jul 10 2026" "01:54:58"
20260710 032809.763 INFO             PET0 ESMF library build location : /glade/derecho/scratch/sacks/esmf-testing/intel_2024.2.1-oneAPI_mpi_g_feature_refresh-bmauer-c_dynmask_interface/esmf
20260710 032809.763 INFO             PET0 ESMF_COMM                   : mpi
20260710 032809.763 INFO             PET0 ESMF_MOAB                   : enabled
20260710 032809.763 INFO             PET0 ESMF_LAPACK                 : enabled
20260710 032809.763 INFO             PET0 ESMF_NETCDF                 : enabled
20260710 032809.763 INFO             PET0 ESMF_PNETCDF                : disabled
20260710 032809.763 INFO             PET0 ESMF_PIO                    : enabled
20260710 032809.763 INFO             PET0 ESMF_YAMLCPP                : enabled
20260710 032809.764 INFO             PET0 mainApp STARTING
20260710 032809.768 INFO             PET0 driver: InitializeGeneric intro.
20260710 032809.768 INFO             PET0   driver: InitializeGeneric intro {IS}:--- StateLog() start -----------------
20260710 032809.768 INFO             PET0   driver: InitializeGeneric intro {IS}:State object is invalid! Not created or deleted!
20260710 032809.768 INFO             PET0   driver: InitializeGeneric intro {IS}:--- StateLog() end -------------------
20260710 032809.768 INFO             PET0   driver: InitializeGeneric intro {ES}:--- StateLog() start -----------------
20260710 032809.768 INFO             PET0   driver: InitializeGeneric intro {ES}:State object is invalid! Not created or deleted!
20260710 032809.768 INFO             PET0   driver: InitializeGeneric intro {ES}:--- StateLog() end -------------------
20260710 032809.768 INFO             PET0   >>>driver: entered Initialize (phase=<none>) without valid internal Clock.
20260710 032809.768 INFO             PET0   driver: InitializeP0 intro.
20260710 032809.768 INFO             PET0     driver: InitializeP0 intro {IS}:--- StateLog() start -----------------
20260710 032809.768 INFO             PET0     driver: InitializeP0 intro {IS}:State object is invalid! Not created or deleted!
20260710 032809.768 INFO             PET0     driver: InitializeP0 intro {IS}:--- StateLog() end -------------------
20260710 032809.768 INFO             PET0     driver: InitializeP0 intro {ES}:--- StateLog() start -----------------
20260710 032809.768 INFO             PET0     driver: InitializeP0 intro {ES}:State object is invalid! Not created or deleted!
20260710 032809.768 INFO             PET0     driver: InitializeP0 intro {ES}:--- StateLog() end -------------------
20260710 032809.768 INFO             PET0     >>>driver: entered Initialize (phase=<none>) without valid internal Clock.
20260710 032809.768 INFO             PET0     <<<driver: leaving Initialize (phase=<none>) without valid internal Clock.
20260710 032809.768 INFO             PET0     driver: InitializeP0 extro {IS}:--- StateLog() start -----------------
20260710 032809.768 INFO             PET0     driver: InitializeP0 extro {IS}:State object is invalid! Not created or deleted!
20260710 032809.768 INFO             PET0     driver: InitializeP0 extro {IS}:--- StateLog() end -------------------
20260710 032809.768 INFO             PET0     driver: InitializeP0 extro {ES}:--- StateLog() start -----------------
20260710 032809.768 INFO             PET0     driver: InitializeP0 extro {ES}:State object is invalid! Not created or deleted!
20260710 032809.768 INFO             PET0     driver: InitializeP0 extro {ES}:--- StateLog() end -------------------
20260710 032809.768 INFO             PET0   driver: InitializeP0 extro.
20260710 032809.768 INFO             PET0   driver: InitializeIPDv02p1 intro.
20260710 032809.768 INFO             PET0     driver: InitializeIPDv02p1 intro {IS}:--- StateLog() start -----------------
20260710 032809.768 INFO             PET0     driver: InitializeIPDv02p1 intro {IS}:State object is invalid! Not created or deleted!
20260710 032809.768 INFO             PET0     driver: InitializeIPDv02p1 intro {IS}:--- StateLog() end -------------------
20260710 032809.768 INFO             PET0     driver: InitializeIPDv02p1 intro {ES}:--- StateLog() start -----------------
20260710 032809.769 INFO             PET0     driver: InitializeIPDv02p1 intro {ES}:State object is invalid! Not created or deleted!
20260710 032809.769 INFO             PET0     driver: InitializeIPDv02p1 intro {ES}:--- StateLog() end -------------------
20260710 032809.769 INFO             PET0     >>>driver: entered Initialize (phase=<none>) without valid internal Clock.
20260710 032809.769 INFO             PET0     driver - Creating model component MODEL without petList.
20260710 032809.769 DEBUG            PET0     Generic SetVM() is executing for: MODEL
20260710 032809.769 DEBUG            PET0     Generic SetVM() is calling ESMF_GridCompSetVMMaxPEs() for: MODEL with:
20260710 032809.769 DEBUG            PET0      -             MaxCount =          2
20260710 032809.769 DEBUG            PET0      -       OpenMpHandling =
20260710 032809.769 DEBUG            PET0      -     OpenMpNumThreads =         -1
20260710 032809.769 DEBUG            PET0      -   ForceChildPthreads =          F
20260710 032809.769 DEBUG            PET0      -  PthreadMinStackSize =         -1
20260710 032809.772 INFO             PET0      GridCompIsPetLocal:  T
20260710 032809.772 INFO             PET0      VmIsCreated:  T
20260710 032809.772 INFO             PET0      valid MPI_COMM with size=           2
20260710 032809.772 INFO             PET0     driver - Creating state: modelComp 1 Import State
20260710 032809.772 INFO             PET0     driver - Creating state: modelComp 1 Export State
20260710 032809.773 INFO             PET0     MODEL: InitializeP0 intro.
20260710 032809.773 INFO             PET0       MODEL: InitializeP0 intro {IS}:--- StateLog() start -----------------
20260710 032809.773 INFO             PET0       MODEL: InitializeP0 intro {IS}:<name: MODEL-ImportState> <intent: ESMF_STATEINTENT_IMPORT> <itemCount:    0>
20260710 032809.773 INFO             PET0       MODEL: InitializeP0 intro {IS}:--- StateLog() end -------------------
20260710 032809.773 INFO             PET0       MODEL: InitializeP0 intro {ES}:--- StateLog() start -----------------
20260710 032809.773 INFO             PET0       MODEL: InitializeP0 intro {ES}:<name: MODEL-ExportState> <intent: ESMF_STATEINTENT_EXPORT> <itemCount:    0>
20260710 032809.773 INFO             PET0       MODEL: InitializeP0 intro {ES}:--- StateLog() end -------------------
20260710 032809.773 INFO             PET0       >>>MODEL: entered Initialize (phase=<none>) without valid internal Clock.
20260710 032809.774 INFO             PET0       <<<MODEL: leaving Initialize (phase=<none>) without valid internal Clock.
20260710 032809.774 INFO             PET0       MODEL: InitializeP0 extro {IS}:--- StateLog() start -----------------
20260710 032809.774 INFO             PET0       MODEL: InitializeP0 extro {IS}:<name: MODEL-ImportState> <intent: ESMF_STATEINTENT_IMPORT> <itemCount:    0>
20260710 032809.774 INFO             PET0       MODEL: InitializeP0 extro {IS}:--- StateLog() end -------------------
20260710 032809.774 INFO             PET0       MODEL: InitializeP0 extro {ES}:--- StateLog() start -----------------
20260710 032809.774 INFO             PET0       MODEL: InitializeP0 extro {ES}:<name: MODEL-ExportState> <intent: ESMF_STATEINTENT_EXPORT> <itemCount:    0>
20260710 032809.774 INFO             PET0       MODEL: InitializeP0 extro {ES}:--- StateLog() end -------------------
20260710 032809.774 INFO             PET0     MODEL: InitializeP0 extro.
20260710 032809.775 INFO             PET0     driver: IInitAdvertise intro.
20260710 032809.775 INFO             PET0       driver: IInitAdvertise intro {IS}:--- StateLog() start -----------------
20260710 032809.775 INFO             PET0       driver: IInitAdvertise intro {IS}:State object is invalid! Not created or deleted!
20260710 032809.775 INFO             PET0       driver: IInitAdvertise intro {IS}:--- StateLog() end -------------------
20260710 032809.775 INFO             PET0       driver: IInitAdvertise intro {ES}:--- StateLog() start -----------------
20260710 032809.775 INFO             PET0       driver: IInitAdvertise intro {ES}:State object is invalid! Not created or deleted!
20260710 032809.775 INFO             PET0       driver: IInitAdvertise intro {ES}:--- StateLog() end -------------------
20260710 032809.775 INFO             PET0       >>>driver: entered Initialize (phase=<none>) with current time:    0  1  1  0  0  0   0
20260710 032809.775 INFO             PET0       <<<driver: leaving Initialize (phase=<none>) with current time:    0  1  1  0  0  0   0
20260710 032809.775 INFO             PET0       driver: IInitAdvertise extro {IS}:--- StateLog() start -----------------
20260710 032809.775 INFO             PET0       driver: IInitAdvertise extro {IS}:State object is invalid! Not created or deleted!
20260710 032809.775 INFO             PET0       driver: IInitAdvertise extro {IS}:--- StateLog() end -------------------
20260710 032809.775 INFO             PET0       driver: IInitAdvertise extro {ES}:--- StateLog() start -----------------
20260710 032809.775 INFO             PET0       driver: IInitAdvertise extro {ES}:State object is invalid! Not created or deleted!
20260710 032809.775 INFO             PET0       driver: IInitAdvertise extro {ES}:--- StateLog() end -------------------
20260710 032809.775 INFO             PET0     driver: IInitAdvertise extro.
20260710 032809.776 INFO             PET0     MODEL: InitializeIPDvXp01 intro.
20260710 032809.776 INFO             PET0       MODEL: InitializeIPDvXp01 intro {IS}:--- StateLog() start -----------------
20260710 032809.776 INFO             PET0       MODEL: InitializeIPDvXp01 intro {IS}:<name: MODEL-ImportState> <intent: ESMF_STATEINTENT_IMPORT> <itemCount:    0>
20260710 032809.776 INFO             PET0       MODEL: InitializeIPDvXp01 intro {IS}:--- StateLog() end -------------------
20260710 032809.776 INFO             PET0       MODEL: InitializeIPDvXp01 intro {ES}:--- StateLog() start -----------------
20260710 032809.776 INFO             PET0       MODEL: InitializeIPDvXp01 intro {ES}:<name: MODEL-ExportState> <intent: ESMF_STATEINTENT_EXPORT> <itemCount:    0>
20260710 032809.776 INFO             PET0       MODEL: InitializeIPDvXp01 intro {ES}:--- StateLog() end -------------------
20260710 032809.776 INFO             PET0       >>>MODEL: entered Initialize (phase=IPDvXp01) without valid internal Clock.
20260710 032809.777 INFO             PET0       <<<MODEL: leaving Initialize (phase=IPDvXp01) without valid internal Clock.
20260710 032809.777 INFO             PET0       MODEL: InitializeIPDvXp01 extro {IS}:--- StateLog() start -----------------
20260710 032809.777 INFO             PET0       MODEL: InitializeIPDvXp01 extro {IS}:<name: MODEL-ImportState> <intent: ESMF_STATEINTENT_IMPORT> <itemCount:    0>
20260710 032809.777 INFO             PET0       MODEL: InitializeIPDvXp01 extro {IS}:--- StateLog() end -------------------
20260710 032809.777 INFO             PET0       MODEL: InitializeIPDvXp01 extro {ES}:--- StateLog() start -----------------
20260710 032809.777 INFO             PET0       MODEL: InitializeIPDvXp01 extro {ES}:<name: MODEL-ExportState> <intent: ESMF_STATEINTENT_EXPORT> <itemCount:    2>
20260710 032809.777 INFO             PET0       MODEL: InitializeIPDvXp01 extro {ES}:+-<item: 0001> <itemType: Field> <itemName: pmsl>
20260710 032809.777 INFO             PET0       MODEL: InitializeIPDvXp01 extro {ES}:!--- FieldLog() start -----------------
20260710 032809.777 INFO             PET0       MODEL: InitializeIPDvXp01 extro {ES}:! <name: pmsl> <fieldStatus: ESMF_FIELDSTATUS_EMPTY>
20260710 032809.777 INFO             PET0       MODEL: InitializeIPDvXp01 extro {ES}:! 0x7fffa2a8f4c0 => 0x1506f2ea7600 => 0x137a8ed0
20260710 032809.777 INFO             PET0       MODEL: InitializeIPDvXp01 extro {ES}:!--- FieldLog() end -------------------
20260710 032809.777 INFO             PET0       MODEL: InitializeIPDvXp01 extro {ES}:+-<item: 0002> <itemType: Field> <itemName: rsns>
20260710 032809.777 INFO             PET0       MODEL: InitializeIPDvXp01 extro {ES}:!--- FieldLog() start -----------------
20260710 032809.777 INFO             PET0       MODEL: InitializeIPDvXp01 extro {ES}:! <name: rsns> <fieldStatus: ESMF_FIELDSTATUS_EMPTY>
20260710 032809.777 INFO             PET0       MODEL: InitializeIPDvXp01 extro {ES}:! 0x7fffa2a8f4c0 => 0x1506f2ea7380 => 0x137aafa0
20260710 032809.777 INFO             PET0       MODEL: InitializeIPDvXp01 extro {ES}:!--- FieldLog() end -------------------
20260710 032809.777 INFO             PET0       MODEL: InitializeIPDvXp01 extro {ES}:--- StateLog() end -------------------
20260710 032809.777 INFO             PET0     MODEL: InitializeIPDvXp01 extro.
20260710 032809.778 INFO             PET0     driver: IInitAdvertiseFinish intro.
20260710 032809.778 INFO             PET0       driver: IInitAdvertiseFinish intro {IS}:--- StateLog() start -----------------
20260710 032809.778 INFO             PET0       driver: IInitAdvertiseFinish intro {IS}:State object is invalid! Not created or deleted!
20260710 032809.778 INFO             PET0       driver: IInitAdvertiseFinish intro {IS}:--- StateLog() end -------------------
20260710 032809.778 INFO             PET0       driver: IInitAdvertiseFinish intro {ES}:--- StateLog() start -----------------
20260710 032809.778 INFO             PET0       driver: IInitAdvertiseFinish intro {ES}:State object is invalid! Not created or deleted!
20260710 032809.778 INFO             PET0       driver: IInitAdvertiseFinish intro {ES}:--- StateLog() end -------------------
20260710 032809.778 INFO             PET0       >>>driver: entered Initialize (phase=<none>) with current time:    0  1  1  0  0  0   0
20260710 032809.778 INFO             PET0       <<<driver: leaving Initialize (phase=<none>) with current time:    0  1  1  0  0  0   0
20260710 032809.778 INFO             PET0       driver: IInitAdvertiseFinish extro {IS}:--- StateLog() start -----------------
20260710 032809.778 INFO             PET0       driver: IInitAdvertiseFinish extro {IS}:State object is invalid! Not created or deleted!
20260710 032809.778 INFO             PET0       driver: IInitAdvertiseFinish extro {IS}:--- StateLog() end -------------------
20260710 032809.778 INFO             PET0       driver: IInitAdvertiseFinish extro {ES}:--- StateLog() start -----------------
20260710 032809.778 INFO             PET0       driver: IInitAdvertiseFinish extro {ES}:State object is invalid! Not created or deleted!
20260710 032809.778 INFO             PET0       driver: IInitAdvertiseFinish extro {ES}:--- StateLog() end -------------------
20260710 032809.778 INFO             PET0     driver: IInitAdvertiseFinish extro.
20260710 032809.778 INFO             PET0     driver: IInitModifyCplLists intro.
20260710 032809.778 INFO             PET0       driver: IInitModifyCplLists intro {IS}:--- StateLog() start -----------------
20260710 032809.778 INFO             PET0       driver: IInitModifyCplLists intro {IS}:State object is invalid! Not created or deleted!
20260710 032809.778 INFO             PET0       driver: IInitModifyCplLists intro {IS}:--- StateLog() end -------------------
20260710 032809.778 INFO             PET0       driver: IInitModifyCplLists intro {ES}:--- StateLog() start -----------------
20260710 032809.778 INFO             PET0       driver: IInitModifyCplLists intro {ES}:State object is invalid! Not created or deleted!
20260710 032809.778 INFO             PET0       driver: IInitModifyCplLists intro {ES}:--- StateLog() end -------------------
20260710 032809.778 INFO             PET0       >>>driver: entered Initialize (phase=<none>) with current time:    0  1  1  0  0  0   0
20260710 032809.778 INFO             PET0       <<<driver: leaving Initialize (phase=<none>) with current time:    0  1  1  0  0  0   0
20260710 032809.778 INFO             PET0       driver: IInitModifyCplLists extro {IS}:--- StateLog() start -----------------
20260710 032809.779 INFO             PET0       driver: IInitModifyCplLists extro {IS}:State object is invalid! Not created or deleted!
20260710 032809.779 INFO             PET0       driver: IInitModifyCplLists extro {IS}:--- StateLog() end -------------------
20260710 032809.779 INFO             PET0       driver: IInitModifyCplLists extro {ES}:--- StateLog() start -----------------
20260710 032809.779 INFO             PET0       driver: IInitModifyCplLists extro {ES}:State object is invalid! Not created or deleted!
20260710 032809.779 INFO             PET0       driver: IInitModifyCplLists extro {ES}:--- StateLog() end -------------------
20260710 032809.779 INFO             PET0     driver: IInitModifyCplLists extro.
20260710 032809.779 INFO             PET0     <<<driver: leaving Initialize (phase=<none>) with current time:    0  1  1  0  0  0   0
20260710 032809.779 INFO             PET0     driver: InitializeIPDv02p1 extro {IS}:--- StateLog() start -----------------
20260710 032809.779 INFO             PET0     driver: InitializeIPDv02p1 extro {IS}:State object is invalid! Not created or deleted!
20260710 032809.779 INFO             PET0     driver: InitializeIPDv02p1 extro {IS}:--- StateLog() end -------------------
20260710 032809.779 INFO             PET0     driver: InitializeIPDv02p1 extro {ES}:--- StateLog() start -----------------
20260710 032809.779 INFO             PET0     driver: InitializeIPDv02p1 extro {ES}:State object is invalid! Not created or deleted!
20260710 032809.779 INFO             PET0     driver: InitializeIPDv02p1 extro {ES}:--- StateLog() end -------------------
20260710 032809.779 INFO             PET0   driver: InitializeIPDv02p1 extro.
20260710 032809.779 INFO             PET0   driver: InitializeIPDv02p3 intro.
20260710 032809.779 INFO             PET0     driver: InitializeIPDv02p3 intro {IS}:--- StateLog() start -----------------
20260710 032809.779 INFO             PET0     driver: InitializeIPDv02p3 intro {IS}:State object is invalid! Not created or deleted!
20260710 032809.779 INFO             PET0     driver: InitializeIPDv02p3 intro {IS}:--- StateLog() end -------------------
20260710 032809.779 INFO             PET0     driver: InitializeIPDv02p3 intro {ES}:--- StateLog() start -----------------
20260710 032809.779 INFO             PET0     driver: InitializeIPDv02p3 intro {ES}:State object is invalid! Not created or deleted!
20260710 032809.779 INFO             PET0     driver: InitializeIPDv02p3 intro {ES}:--- StateLog() end -------------------
20260710 032809.779 INFO             PET0     >>>driver: entered Initialize (phase=<none>) with current time:    0  1  1  0  0  0   0
20260710 032809.779 INFO             PET0     driver: IInitCheck intro.
20260710 032809.779 INFO             PET0       driver: IInitCheck intro {IS}:--- StateLog() start -----------------
20260710 032809.779 INFO             PET0       driver: IInitCheck intro {IS}:State object is invalid! Not created or deleted!
20260710 032809.779 INFO             PET0       driver: IInitCheck intro {IS}:--- StateLog() end -------------------
20260710 032809.779 INFO             PET0       driver: IInitCheck intro {ES}:--- StateLog() start -----------------
20260710 032809.779 INFO             PET0       driver: IInitCheck intro {ES}:State object is invalid! Not created or deleted!
20260710 032809.779 INFO             PET0       driver: IInitCheck intro {ES}:--- StateLog() end -------------------
20260710 032809.779 INFO             PET0       >>>driver: entered Initialize (phase=<none>) with current time:    0  1  1  0  0  0   0
20260710 032809.779 INFO             PET0       <<<driver: leaving Initialize (phase=<none>) with current time:    0  1  1  0  0  0   0
20260710 032809.779 INFO             PET0       driver: IInitCheck extro {IS}:--- StateLog() start -----------------
20260710 032809.779 INFO             PET0       driver: IInitCheck extro {IS}:State object is invalid! Not created or deleted!
20260710 032809.779 INFO             PET0       driver: IInitCheck extro {IS}:--- StateLog() end -------------------
20260710 032809.779 INFO             PET0       driver: IInitCheck extro {ES}:--- StateLog() start -----------------
20260710 032809.779 INFO             PET0       driver: IInitCheck extro {ES}:State object is invalid! Not created or deleted!
20260710 032809.779 INFO             PET0       driver: IInitCheck extro {ES}:--- StateLog() end -------------------
20260710 032809.779 INFO             PET0     driver: IInitCheck extro.
20260710 032809.779 INFO             PET0     MODEL: InitializeIPDvXp04 intro.
20260710 032809.779 INFO             PET0       MODEL: InitializeIPDvXp04 intro {IS}:--- StateLog() start -----------------
20260710 032809.779 INFO             PET0       MODEL: InitializeIPDvXp04 intro {IS}:<name: MODEL-ImportState> <intent: ESMF_STATEINTENT_IMPORT> <itemCount:    0>
20260710 032809.779 INFO             PET0       MODEL: InitializeIPDvXp04 intro {IS}:--- StateLog() end -------------------
20260710 032809.779 INFO             PET0       MODEL: InitializeIPDvXp04 intro {ES}:--- StateLog() start -----------------
20260710 032809.779 INFO             PET0       MODEL: InitializeIPDvXp04 intro {ES}:<name: MODEL-ExportState> <intent: ESMF_STATEINTENT_EXPORT> <itemCount:    2>
20260710 032809.780 INFO             PET0       MODEL: InitializeIPDvXp04 intro {ES}:+-<item: 0001> <itemType: Field> <itemName: pmsl>
20260710 032809.780 INFO             PET0       MODEL: InitializeIPDvXp04 intro {ES}:!--- FieldLog() start -----------------
20260710 032809.780 INFO             PET0       MODEL: InitializeIPDvXp04 intro {ES}:! <name: pmsl> <fieldStatus: ESMF_FIELDSTATUS_EMPTY>
20260710 032809.780 INFO             PET0       MODEL: InitializeIPDvXp04 intro {ES}:! 0x7fffa2a98060 => 0x1506f2ea7600 => 0x137a8ed0
20260710 032809.780 INFO             PET0       MODEL: InitializeIPDvXp04 intro {ES}:!--- FieldLog() end -------------------
20260710 032809.780 INFO             PET0       MODEL: InitializeIPDvXp04 intro {ES}:+-<item: 0002> <itemType: Field> <itemName: rsns>
20260710 032809.780 INFO             PET0       MODEL: InitializeIPDvXp04 intro {ES}:!--- FieldLog() start -----------------
20260710 032809.780 INFO             PET0       MODEL: InitializeIPDvXp04 intro {ES}:! <name: rsns> <fieldStatus: ESMF_FIELDSTATUS_EMPTY>
20260710 032809.780 INFO             PET0       MODEL: InitializeIPDvXp04 intro {ES}:! 0x7fffa2a98060 => 0x1506f2ea7380 => 0x137aafa0
20260710 032809.780 INFO             PET0       MODEL: InitializeIPDvXp04 intro {ES}:!--- FieldLog() end -------------------
20260710 032809.780 INFO             PET0       MODEL: InitializeIPDvXp04 intro {ES}:--- StateLog() end -------------------
20260710 032809.780 INFO             PET0       >>>MODEL: entered Initialize (phase=IPDvXp04) without valid internal Clock.
20260710 032809.783 INFO             PET0       After Realize: - MemInfo: [/proc/meminfo - SSI]	MemTotal:       263294404 kB
20260710 032809.783 INFO             PET0       After Realize: - MemInfo: [/proc/meminfo - SSI]	MemFree:        237776712 kB
20260710 032809.783 INFO             PET0       After Realize: - MemInfo: [/proc/meminfo - SSI]	MemAvailable:   239772840 kB
20260710 032809.783 INFO             PET0       After Realize: - MemInfo: [/proc/meminfo - SSI]	Committed_AS:   16266568 kB
20260710 032809.783 INFO             PET0       After Realize: - MemInfo: [/proc/meminfo - SSI]	CommittedPercent: 6.17809 %
20260710 032809.783 INFO             PET0       After Realize: - MemInfo: [/proc/self/status]	VmPeak:	  460272 kB
20260710 032809.783 INFO             PET0       After Realize: - MemInfo: [/proc/self/status]	VmSize:	  394780 kB
20260710 032809.783 INFO             PET0       After Realize: - MemInfo: [/proc/self/status]	VmLck:	       0 kB
20260710 032809.783 INFO             PET0       After Realize: - MemInfo: [/proc/self/status]	VmPin:	       0 kB
20260710 032809.783 INFO             PET0       After Realize: - MemInfo: [/proc/self/status]	VmHWM:	   55296 kB
20260710 032809.783 INFO             PET0       After Realize: - MemInfo: [/proc/self/status]	VmRSS:	   55296 kB
20260710 032809.783 INFO             PET0       After Realize: - MemInfo: [/proc/self/status]	VmData:	   99084 kB
20260710 032809.783 INFO             PET0       After Realize: - MemInfo: [/proc/self/status]	VmStk:	     196 kB
20260710 032809.783 INFO             PET0       After Realize: - MemInfo: [/proc/self/status]	VmExe:	    1108 kB
20260710 032809.783 INFO             PET0       After Realize: - MemInfo: [/proc/self/status]	VmLib:	  141208 kB
20260710 032809.783 INFO             PET0       After Realize: - MemInfo: [/proc/self/status]	VmPTE:	     536 kB
20260710 032809.783 INFO             PET0       After Realize: - MemInfo: [/proc/self/status]	VmSwap:	       0 kB
20260710 032809.783 INFO             PET0       After Realize: - MemInfo: [/proc/self/status]	VmRSSPercent: 0.0210016 %
20260710 032809.783 INFO             PET0       After Realize: - MemInfo: [malloc] Non-mmapped space allocated:                  864256 Byte
20260710 032809.783 INFO             PET0       After Realize: - MemInfo: [malloc] Space allocated in mmapped regions:          3878912 Byte
20260710 032809.783 INFO             PET0       After Realize: - MemInfo: [malloc] Maximum total allocated space:                     0 Byte
20260710 032809.783 INFO             PET0       After Realize: - MemInfo: [malloc] Space in freed fastbin blocks:                   160 Byte
20260710 032809.783 INFO             PET0       After Realize: - MemInfo: [malloc] Total allocated space:                        713696 Byte
20260710 032809.783 INFO             PET0       After Realize: - MemInfo: [malloc] Total free space:                             150560 Byte
20260710 032809.783 INFO             PET0       After Realize: - MemInfo: [malloc] Top-most, releasable space:                    18400 Byte
20260710 032809.783 INFO             PET0       After Realize: - MemInfo: [malloc] Total space in use, mmap + non-mmap:         4592608 Byte
20260710 032809.783 INFO             PET0       After Realize: - MemInfo: [malloc] Total space held (mmap + non-mmap):          4743168 Byte
20260710 032809.783 INFO             PET0       After Realize: - MemInfo: [malloc] Total space used (mmap + non-mmap):          4600816 Byte
20260710 032809.783 INFO             PET0       After Realize: - MemInfo: Wall-clock time since execution start:              0.0257778 seconds
20260710 032809.783 INFO             PET0       <<<MODEL: leaving Initialize (phase=IPDvXp04) without valid internal Clock.
20260710 032809.783 INFO             PET0       MODEL: InitializeIPDvXp04 extro {IS}:--- StateLog() start -----------------
20260710 032809.783 INFO             PET0       MODEL: InitializeIPDvXp04 extro {IS}:<name: MODEL-ImportState> <intent: ESMF_STATEINTENT_IMPORT> <itemCount:    0>
20260710 032809.783 INFO             PET0       MODEL: InitializeIPDvXp04 extro {IS}:--- StateLog() end -------------------
20260710 032809.783 INFO             PET0       MODEL: InitializeIPDvXp04 extro {ES}:--- StateLog() start -----------------
20260710 032809.783 INFO             PET0       MODEL: InitializeIPDvXp04 extro {ES}:<name: MODEL-ExportState> <intent: ESMF_STATEINTENT_EXPORT> <itemCount:    2>
20260710 032809.783 INFO             PET0       MODEL: InitializeIPDvXp04 extro {ES}:+-<item: 0001> <itemType: Field> <itemName: pmsl>
20260710 032809.783 INFO             PET0       MODEL: InitializeIPDvXp04 extro {ES}:!--- FieldLog() start -----------------
20260710 032809.783 INFO             PET0       MODEL: InitializeIPDvXp04 extro {ES}:! <name: pmsl> <fieldStatus: ESMF_FIELDSTATUS_COMPLETE>
20260710 032809.783 INFO             PET0       MODEL: InitializeIPDvXp04 extro {ES}:! 0x7fffa2a98510 => 0x1506f2ea7100 => 0x137b11a0
20260710 032809.783 INFO             PET0       MODEL: InitializeIPDvXp04 extro {ES}:! <typekind: Real*8> <rank:    2> <dimCount:    2>
20260710 032809.783 INFO             PET0       MODEL: InitializeIPDvXp04 extro {ES}:! ! --- Array::log() start -----------------------------------
20260710 032809.783 INFO             PET0       MODEL: InitializeIPDvXp04 extro {ES}:! ! 0x137b1aa0
20260710 032809.783 INFO             PET0       MODEL: InitializeIPDvXp04 extro {ES}:! ! <name: pmsl>
20260710 032809.783 INFO             PET0       MODEL: InitializeIPDvXp04 extro {ES}:! ! ! --- DistGrid::log() start --------------------------------
20260710 032809.783 INFO             PET0       MODEL: InitializeIPDvXp04 extro {ES}:! ! ! 0x137ae800
20260710 032809.783 INFO             PET0       MODEL: InitializeIPDvXp04 extro {ES}:! ! ! DistGrid object is valid!<name: DG-Grid004-sloc:0>
20260710 032809.783 INFO             PET0       MODEL: InitializeIPDvXp04 extro {ES}:! ! ! --- DistGrid::log() end ----------------------------------
20260710 032809.783 INFO             PET0       MODEL: InitializeIPDvXp04 extro {ES}:! ! --- Array::log() end -------------------------------------
20260710 032809.783 INFO             PET0       MODEL: InitializeIPDvXp04 extro {ES}:!--- FieldLog() end -------------------
20260710 032809.783 INFO             PET0       MODEL: InitializeIPDvXp04 extro {ES}:+-<item: 0002> <itemType: Field> <itemName: rsns>
20260710 032809.783 INFO             PET0       MODEL: InitializeIPDvXp04 extro {ES}:!--- FieldLog() start -----------------
20260710 032809.783 INFO             PET0       MODEL: InitializeIPDvXp04 extro {ES}:! <name: rsns> <fieldStatus: ESMF_FIELDSTATUS_COMPLETE>
20260710 032809.783 INFO             PET0       MODEL: InitializeIPDvXp04 extro {ES}:! 0x7fffa2a98510 => 0x1506f2ea6e80 => 0x137b3520
20260710 032809.783 INFO             PET0       MODEL: InitializeIPDvXp04 extro {ES}:! <typekind: Real*8> <rank:    2> <dimCount:    2>
20260710 032809.783 INFO             PET0       MODEL: InitializeIPDvXp04 extro {ES}:! ! --- Array::log() start -----------------------------------
20260710 032809.783 INFO             PET0       MODEL: InitializeIPDvXp04 extro {ES}:! ! 0x137b3d40
20260710 032809.783 INFO             PET0       MODEL: InitializeIPDvXp04 extro {ES}:! ! <name: rsns>
20260710 032809.783 INFO             PET0       MODEL: InitializeIPDvXp04 extro {ES}:! ! ! --- DistGrid::log() start --------------------------------
20260710 032809.783 INFO             PET0       MODEL: InitializeIPDvXp04 extro {ES}:! ! ! 0x137ae800
20260710 032809.783 INFO             PET0       MODEL: InitializeIPDvXp04 extro {ES}:! ! ! DistGrid object is valid!<name: DG-Grid004-sloc:0>
20260710 032809.783 INFO             PET0       MODEL: InitializeIPDvXp04 extro {ES}:! ! ! --- DistGrid::log() end ----------------------------------
20260710 032809.783 INFO             PET0       MODEL: InitializeIPDvXp04 extro {ES}:! ! --- Array::log() end -------------------------------------
20260710 032809.783 INFO             PET0       MODEL: InitializeIPDvXp04 extro {ES}:!--- FieldLog() end -------------------
20260710 032809.783 INFO             PET0       MODEL: InitializeIPDvXp04 extro {ES}:--- StateLog() end -------------------
20260710 032809.783 INFO             PET0     MODEL: InitializeIPDvXp04 extro.
20260710 032809.784 INFO             PET0     driver: IInitRealize intro.
20260710 032809.784 INFO             PET0       driver: IInitRealize intro {IS}:--- StateLog() start -----------------
20260710 032809.784 INFO             PET0       driver: IInitRealize intro {IS}:State object is invalid! Not created or deleted!
20260710 032809.784 INFO             PET0       driver: IInitRealize intro {IS}:--- StateLog() end -------------------
20260710 032809.784 INFO             PET0       driver: IInitRealize intro {ES}:--- StateLog() start -----------------
20260710 032809.784 INFO             PET0       driver: IInitRealize intro {ES}:State object is invalid! Not created or deleted!
20260710 032809.784 INFO             PET0       driver: IInitRealize intro {ES}:--- StateLog() end -------------------
20260710 032809.784 INFO             PET0       >>>driver: entered Initialize (phase=<none>) with current time:    0  1  1  0  0  0   0
20260710 032809.784 INFO             PET0       <<<driver: leaving Initialize (phase=<none>) with current time:    0  1  1  0  0  0   0
20260710 032809.784 INFO             PET0       driver: IInitRealize extro {IS}:--- StateLog() start -----------------
20260710 032809.784 INFO             PET0       driver: IInitRealize extro {IS}:State object is invalid! Not created or deleted!
20260710 032809.784 INFO             PET0       driver: IInitRealize extro {IS}:--- StateLog() end -------------------
20260710 032809.784 INFO             PET0       driver: IInitRealize extro {ES}:--- StateLog() start -----------------
20260710 032809.784 INFO             PET0       driver: IInitRealize extro {ES}:State object is invalid! Not created or deleted!
20260710 032809.784 INFO             PET0       driver: IInitRealize extro {ES}:--- StateLog() end -------------------
20260710 032809.784 INFO             PET0     driver: IInitRealize extro.
20260710 032809.785 INFO             PET0     MODEL: InitializeIPDvXp07 intro.
20260710 032809.785 INFO             PET0       MODEL: InitializeIPDvXp07 intro {IS}:--- StateLog() start -----------------
20260710 032809.785 INFO             PET0       MODEL: InitializeIPDvXp07 intro {IS}:<name: MODEL-ImportState> <intent: ESMF_STATEINTENT_IMPORT> <itemCount:    0>
20260710 032809.785 INFO             PET0       MODEL: InitializeIPDvXp07 intro {IS}:--- StateLog() end -------------------
20260710 032809.785 INFO             PET0       MODEL: InitializeIPDvXp07 intro {ES}:--- StateLog() start -----------------
20260710 032809.785 INFO             PET0       MODEL: InitializeIPDvXp07 intro {ES}:<name: MODEL-ExportState> <intent: ESMF_STATEINTENT_EXPORT> <itemCount:    2>
20260710 032809.785 INFO             PET0       MODEL: InitializeIPDvXp07 intro {ES}:+-<item: 0001> <itemType: Field> <itemName: pmsl>
20260710 032809.785 INFO             PET0       MODEL: InitializeIPDvXp07 intro {ES}:!--- FieldLog() start -----------------
20260710 032809.785 INFO             PET0       MODEL: InitializeIPDvXp07 intro {ES}:! <name: pmsl> <fieldStatus: ESMF_FIELDSTATUS_COMPLETE>
20260710 032809.785 INFO             PET0       MODEL: InitializeIPDvXp07 intro {ES}:! 0x7fffa2a97490 => 0x1506f2ea7100 => 0x137b11a0
20260710 032809.785 INFO             PET0       MODEL: InitializeIPDvXp07 intro {ES}:! <typekind: Real*8> <rank:    2> <dimCount:    2>
20260710 032809.785 INFO             PET0       MODEL: InitializeIPDvXp07 intro {ES}:! ! --- Array::log() start -----------------------------------
20260710 032809.785 INFO             PET0       MODEL: InitializeIPDvXp07 intro {ES}:! ! 0x137b1aa0
20260710 032809.785 INFO             PET0       MODEL: InitializeIPDvXp07 intro {ES}:! ! <name: pmsl>
20260710 032809.785 INFO             PET0       MODEL: InitializeIPDvXp07 intro {ES}:! ! ! --- DistGrid::log() start --------------------------------
20260710 032809.785 INFO             PET0       MODEL: InitializeIPDvXp07 intro {ES}:! ! ! 0x137ae800
20260710 032809.785 INFO             PET0       MODEL: InitializeIPDvXp07 intro {ES}:! ! ! DistGrid object is valid!<name: DG-Grid004-sloc:0>
20260710 032809.785 INFO             PET0       MODEL: InitializeIPDvXp07 intro {ES}:! ! ! --- DistGrid::log() end ----------------------------------
20260710 032809.785 INFO             PET0       MODEL: InitializeIPDvXp07 intro {ES}:! ! --- Array::log() end -------------------------------------
20260710 032809.785 INFO             PET0       MODEL: InitializeIPDvXp07 intro {ES}:!--- FieldLog() end -------------------
20260710 032809.785 INFO             PET0       MODEL: InitializeIPDvXp07 intro {ES}:+-<item: 0002> <itemType: Field> <itemName: rsns>
20260710 032809.785 INFO             PET0       MODEL: InitializeIPDvXp07 intro {ES}:!--- FieldLog() start -----------------
20260710 032809.785 INFO             PET0       MODEL: InitializeIPDvXp07 intro {ES}:! <name: rsns> <fieldStatus: ESMF_FIELDSTATUS_COMPLETE>
20260710 032809.785 INFO             PET0       MODEL: InitializeIPDvXp07 intro {ES}:! 0x7fffa2a97490 => 0x1506f2ea6e80 => 0x137b3520
20260710 032809.785 INFO             PET0       MODEL: InitializeIPDvXp07 intro {ES}:! <typekind: Real*8> <rank:    2> <dimCount:    2>
20260710 032809.785 INFO             PET0       MODEL: InitializeIPDvXp07 intro {ES}:! ! --- Array::log() start -----------------------------------
20260710 032809.785 INFO             PET0       MODEL: InitializeIPDvXp07 intro {ES}:! ! 0x137b3d40
20260710 032809.785 INFO             PET0       MODEL: InitializeIPDvXp07 intro {ES}:! ! <name: rsns>
20260710 032809.785 INFO             PET0       MODEL: InitializeIPDvXp07 intro {ES}:! ! ! --- DistGrid::log() start --------------------------------
20260710 032809.785 INFO             PET0       MODEL: InitializeIPDvXp07 intro {ES}:! ! ! 0x137ae800
20260710 032809.785 INFO             PET0       MODEL: InitializeIPDvXp07 intro {ES}:! ! ! DistGrid object is valid!<name: DG-Grid004-sloc:0>
20260710 032809.785 INFO             PET0       MODEL: InitializeIPDvXp07 intro {ES}:! ! ! --- DistGrid::log() end ----------------------------------
20260710 032809.785 INFO             PET0       MODEL: InitializeIPDvXp07 intro {ES}:! ! --- Array::log() end -------------------------------------
20260710 032809.785 INFO             PET0       MODEL: InitializeIPDvXp07 intro {ES}:!--- FieldLog() end -------------------
20260710 032809.785 INFO             PET0       MODEL: InitializeIPDvXp07 intro {ES}:--- StateLog() end -------------------
20260710 032809.785 INFO             PET0       >>>MODEL: entered Initialize (phase=IPDvXp07) without valid internal Clock.
20260710 032809.785 INFO             PET0       <<<MODEL: leaving Initialize (phase=IPDvXp07) with current time:    0  1  1  0  0  0   0
20260710 032809.785 INFO             PET0       MODEL: InitializeIPDvXp07 extro {IS}:--- StateLog() start -----------------
20260710 032809.785 INFO             PET0       MODEL: InitializeIPDvXp07 extro {IS}:<name: MODEL-ImportState> <intent: ESMF_STATEINTENT_IMPORT> <itemCount:    0>
20260710 032809.785 INFO             PET0       MODEL: InitializeIPDvXp07 extro {IS}:--- StateLog() end -------------------
20260710 032809.785 INFO             PET0       MODEL: InitializeIPDvXp07 extro {ES}:--- StateLog() start -----------------
20260710 032809.785 INFO             PET0       MODEL: InitializeIPDvXp07 extro {ES}:<name: MODEL-ExportState> <intent: ESMF_STATEINTENT_EXPORT> <itemCount:    2>
20260710 032809.785 INFO             PET0       MODEL: InitializeIPDvXp07 extro {ES}:+-<item: 0001> <itemType: Field> <itemName: pmsl>
20260710 032809.785 INFO             PET0       MODEL: InitializeIPDvXp07 extro {ES}:!--- FieldLog() start -----------------
20260710 032809.785 INFO             PET0       MODEL: InitializeIPDvXp07 extro {ES}:! <name: pmsl> <fieldStatus: ESMF_FIELDSTATUS_COMPLETE>
20260710 032809.785 INFO             PET0       MODEL: InitializeIPDvXp07 extro {ES}:! 0x7fffa2a97940 => 0x1506f2ea7100 => 0x137b11a0
20260710 032809.785 INFO             PET0       MODEL: InitializeIPDvXp07 extro {ES}:! <typekind: Real*8> <rank:    2> <dimCount:    2>
20260710 032809.785 INFO             PET0       MODEL: InitializeIPDvXp07 extro {ES}:! ! --- Array::log() start -----------------------------------
20260710 032809.785 INFO             PET0       MODEL: InitializeIPDvXp07 extro {ES}:! ! 0x137b1aa0
20260710 032809.785 INFO             PET0       MODEL: InitializeIPDvXp07 extro {ES}:! ! <name: pmsl>
20260710 032809.785 INFO             PET0       MODEL: InitializeIPDvXp07 extro {ES}:! ! ! --- DistGrid::log() start --------------------------------
20260710 032809.785 INFO             PET0       MODEL: InitializeIPDvXp07 extro {ES}:! ! ! 0x137ae800
20260710 032809.785 INFO             PET0       MODEL: InitializeIPDvXp07 extro {ES}:! ! ! DistGrid object is valid!<name: DG-Grid004-sloc:0>
20260710 032809.785 INFO             PET0       MODEL: InitializeIPDvXp07 extro {ES}:! ! ! --- DistGrid::log() end ----------------------------------
20260710 032809.785 INFO             PET0       MODEL: InitializeIPDvXp07 extro {ES}:! ! --- Array::log() end -------------------------------------
20260710 032809.785 INFO             PET0       MODEL: InitializeIPDvXp07 extro {ES}:!--- FieldLog() end -------------------
20260710 032809.785 INFO             PET0       MODEL: InitializeIPDvXp07 extro {ES}:+-<item: 0002> <itemType: Field> <itemName: rsns>
20260710 032809.785 INFO             PET0       MODEL: InitializeIPDvXp07 extro {ES}:!--- FieldLog() start -----------------
20260710 032809.785 INFO             PET0       MODEL: InitializeIPDvXp07 extro {ES}:! <name: rsns> <fieldStatus: ESMF_FIELDSTATUS_COMPLETE>
20260710 032809.785 INFO             PET0       MODEL: InitializeIPDvXp07 extro {ES}:! 0x7fffa2a97940 => 0x1506f2ea6e80 => 0x137b3520
20260710 032809.785 INFO             PET0       MODEL: InitializeIPDvXp07 extro {ES}:! <typekind: Real*8> <rank:    2> <dimCount:    2>
20260710 032809.785 INFO             PET0       MODEL: InitializeIPDvXp07 extro {ES}:! ! --- Array::log() start -----------------------------------
20260710 032809.785 INFO             PET0       MODEL: InitializeIPDvXp07 extro {ES}:! ! 0x137b3d40
20260710 032809.786 INFO             PET0       MODEL: InitializeIPDvXp07 extro {ES}:! ! <name: rsns>
20260710 032809.786 INFO             PET0       MODEL: InitializeIPDvXp07 extro {ES}:! ! ! --- DistGrid::log() start --------------------------------
20260710 032809.786 INFO             PET0       MODEL: InitializeIPDvXp07 extro {ES}:! ! ! 0x137ae800
20260710 032809.786 INFO             PET0       MODEL: InitializeIPDvXp07 extro {ES}:! ! ! DistGrid object is valid!<name: DG-Grid004-sloc:0>
20260710 032809.786 INFO             PET0       MODEL: InitializeIPDvXp07 extro {ES}:! ! ! --- DistGrid::log() end ----------------------------------
20260710 032809.786 INFO             PET0       MODEL: InitializeIPDvXp07 extro {ES}:! ! --- Array::log() end -------------------------------------
20260710 032809.786 INFO             PET0       MODEL: InitializeIPDvXp07 extro {ES}:!--- FieldLog() end -------------------
20260710 032809.786 INFO             PET0       MODEL: InitializeIPDvXp07 extro {ES}:--- StateLog() end -------------------
20260710 032809.786 INFO             PET0     MODEL: InitializeIPDvXp07 extro.
20260710 032809.786 INFO             PET0     <<<driver: leaving Initialize (phase=<none>) with current time:    0  1  1  0  0  0   0
20260710 032809.786 INFO             PET0     driver: InitializeIPDv02p3 extro {IS}:--- StateLog() start -----------------
20260710 032809.786 INFO             PET0     driver: InitializeIPDv02p3 extro {IS}:State object is invalid! Not created or deleted!
20260710 032809.786 INFO             PET0     driver: InitializeIPDv02p3 extro {IS}:--- StateLog() end -------------------
20260710 032809.786 INFO             PET0     driver: InitializeIPDv02p3 extro {ES}:--- StateLog() start -----------------
20260710 032809.786 INFO             PET0     driver: InitializeIPDv02p3 extro {ES}:State object is invalid! Not created or deleted!
20260710 032809.786 INFO             PET0     driver: InitializeIPDv02p3 extro {ES}:--- StateLog() end -------------------
20260710 032809.786 INFO             PET0   driver: InitializeIPDv02p3 extro.
20260710 032809.786 INFO             PET0   driver: InitializeIPDv02p5 intro.
20260710 032809.786 INFO             PET0     driver: InitializeIPDv02p5 intro {IS}:--- StateLog() start -----------------
20260710 032809.786 INFO             PET0     driver: InitializeIPDv02p5 intro {IS}:State object is invalid! Not created or deleted!
20260710 032809.786 INFO             PET0     driver: InitializeIPDv02p5 intro {IS}:--- StateLog() end -------------------
20260710 032809.786 INFO             PET0     driver: InitializeIPDv02p5 intro {ES}:--- StateLog() start -----------------
20260710 032809.786 INFO             PET0     driver: InitializeIPDv02p5 intro {ES}:State object is invalid! Not created or deleted!
20260710 032809.786 INFO             PET0     driver: InitializeIPDv02p5 intro {ES}:--- StateLog() end -------------------
20260710 032809.786 INFO             PET0     >>>driver: entered Initialize (phase=<none>) with current time:    0  1  1  0  0  0   0
20260710 032809.786 INFO             PET0     driver: this is a top level driver, no 'Updated' and 'InitializeDataComplete' info on this level.
20260710 032809.786 INFO             PET0     driver: InitializeIPDv02p5Data intro.
20260710 032809.786 INFO             PET0       driver: InitializeIPDv02p5Data intro {IS}:--- StateLog() start -----------------
20260710 032809.786 INFO             PET0       driver: InitializeIPDv02p5Data intro {IS}:State object is invalid! Not created or deleted!
20260710 032809.786 INFO             PET0       driver: InitializeIPDv02p5Data intro {IS}:--- StateLog() end -------------------
20260710 032809.786 INFO             PET0       driver: InitializeIPDv02p5Data intro {ES}:--- StateLog() start -----------------
20260710 032809.786 INFO             PET0       driver: InitializeIPDv02p5Data intro {ES}:State object is invalid! Not created or deleted!
20260710 032809.786 INFO             PET0       driver: InitializeIPDv02p5Data intro {ES}:--- StateLog() end -------------------
20260710 032809.786 INFO             PET0       >>>driver: entered Initialize (phase=<none>) with current time:    0  1  1  0  0  0   0
20260710 032809.786 INFO             PET0       driver: InternalInitializeComplete intro.
20260710 032809.786 INFO             PET0         driver: InternalInitializeComplete intro {IS}:--- StateLog() start -----------------
20260710 032809.786 INFO             PET0         driver: InternalInitializeComplete intro {IS}:State object is invalid! Not created or deleted!
20260710 032809.786 INFO             PET0         driver: InternalInitializeComplete intro {IS}:--- StateLog() end -------------------
20260710 032809.786 INFO             PET0         driver: InternalInitializeComplete intro {ES}:--- StateLog() start -----------------
20260710 032809.786 INFO             PET0         driver: InternalInitializeComplete intro {ES}:State object is invalid! Not created or deleted!
20260710 032809.786 INFO             PET0         driver: InternalInitializeComplete intro {ES}:--- StateLog() end -------------------
20260710 032809.786 INFO             PET0         >>>driver: entered Initialize (phase=<none>) with current time:    0  1  1  0  0  0   0
20260710 032809.786 INFO             PET0         driver: InitializeDataComplete='true'
20260710 032809.786 INFO             PET0         <<<driver: leaving Initialize (phase=<none>) with current time:    0  1  1  0  0  0   0
20260710 032809.786 INFO             PET0         driver: InternalInitializeComplete extro {IS}:--- StateLog() start -----------------
20260710 032809.786 INFO             PET0         driver: InternalInitializeComplete extro {IS}:State object is invalid! Not created or deleted!
20260710 032809.786 INFO             PET0         driver: InternalInitializeComplete extro {IS}:--- StateLog() end -------------------
20260710 032809.786 INFO             PET0         driver: InternalInitializeComplete extro {ES}:--- StateLog() start -----------------
20260710 032809.786 INFO             PET0         driver: InternalInitializeComplete extro {ES}:State object is invalid! Not created or deleted!
20260710 032809.786 INFO             PET0         driver: InternalInitializeComplete extro {ES}:--- StateLog() end -------------------
20260710 032809.786 INFO             PET0       driver: InternalInitializeComplete extro.
20260710 032809.787 INFO             PET0       MODEL: InitializeIPDvXp08 intro.
20260710 032809.787 INFO             PET0         MODEL: InitializeIPDvXp08 intro {IS}:--- StateLog() start -----------------
20260710 032809.787 INFO             PET0         MODEL: InitializeIPDvXp08 intro {IS}:<name: MODEL-ImportState> <intent: ESMF_STATEINTENT_IMPORT> <itemCount:    0>
20260710 032809.787 INFO             PET0         MODEL: InitializeIPDvXp08 intro {IS}:--- StateLog() end -------------------
20260710 032809.787 INFO             PET0         MODEL: InitializeIPDvXp08 intro {ES}:--- StateLog() start -----------------
20260710 032809.787 INFO             PET0         MODEL: InitializeIPDvXp08 intro {ES}:<name: MODEL-ExportState> <intent: ESMF_STATEINTENT_EXPORT> <itemCount:    2>
20260710 032809.787 INFO             PET0         MODEL: InitializeIPDvXp08 intro {ES}:+-<item: 0001> <itemType: Field> <itemName: pmsl>
20260710 032809.787 INFO             PET0         MODEL: InitializeIPDvXp08 intro {ES}:!--- FieldLog() start -----------------
20260710 032809.787 INFO             PET0         MODEL: InitializeIPDvXp08 intro {ES}:! <name: pmsl> <fieldStatus: ESMF_FIELDSTATUS_COMPLETE>
20260710 032809.787 INFO             PET0         MODEL: InitializeIPDvXp08 intro {ES}:! 0x7fffa2a958e0 => 0x1506f2ea7100 => 0x137b11a0
20260710 032809.787 INFO             PET0         MODEL: InitializeIPDvXp08 intro {ES}:! <typekind: Real*8> <rank:    2> <dimCount:    2>
20260710 032809.787 INFO             PET0         MODEL: InitializeIPDvXp08 intro {ES}:! ! --- Array::log() start -----------------------------------
20260710 032809.787 INFO             PET0         MODEL: InitializeIPDvXp08 intro {ES}:! ! 0x137b1aa0
20260710 032809.787 INFO             PET0         MODEL: InitializeIPDvXp08 intro {ES}:! ! <name: pmsl>
20260710 032809.787 INFO             PET0         MODEL: InitializeIPDvXp08 intro {ES}:! ! ! --- DistGrid::log() start --------------------------------
20260710 032809.787 INFO             PET0         MODEL: InitializeIPDvXp08 intro {ES}:! ! ! 0x137ae800
20260710 032809.787 INFO             PET0         MODEL: InitializeIPDvXp08 intro {ES}:! ! ! DistGrid object is valid!<name: DG-Grid004-sloc:0>
20260710 032809.787 INFO             PET0         MODEL: InitializeIPDvXp08 intro {ES}:! ! ! --- DistGrid::log() end ----------------------------------
20260710 032809.787 INFO             PET0         MODEL: InitializeIPDvXp08 intro {ES}:! ! --- Array::log() end -------------------------------------
20260710 032809.787 INFO             PET0         MODEL: InitializeIPDvXp08 intro {ES}:!--- FieldLog() end -------------------
20260710 032809.787 INFO             PET0         MODEL: InitializeIPDvXp08 intro {ES}:+-<item: 0002> <itemType: Field> <itemName: rsns>
20260710 032809.787 INFO             PET0         MODEL: InitializeIPDvXp08 intro {ES}:!--- FieldLog() start -----------------
20260710 032809.787 INFO             PET0         MODEL: InitializeIPDvXp08 intro {ES}:! <name: rsns> <fieldStatus: ESMF_FIELDSTATUS_COMPLETE>
20260710 032809.787 INFO             PET0         MODEL: InitializeIPDvXp08 intro {ES}:! 0x7fffa2a958e0 => 0x1506f2ea6e80 => 0x137b3520
20260710 032809.787 INFO             PET0         MODEL: InitializeIPDvXp08 intro {ES}:! <typekind: Real*8> <rank:    2> <dimCount:    2>
20260710 032809.787 INFO             PET0         MODEL: InitializeIPDvXp08 intro {ES}:! ! --- Array::log() start -----------------------------------
20260710 032809.787 INFO             PET0         MODEL: InitializeIPDvXp08 intro {ES}:! ! 0x137b3d40
20260710 032809.787 INFO             PET0         MODEL: InitializeIPDvXp08 intro {ES}:! ! <name: rsns>
20260710 032809.787 INFO             PET0         MODEL: InitializeIPDvXp08 intro {ES}:! ! ! --- DistGrid::log() start --------------------------------
20260710 032809.787 INFO             PET0         MODEL: InitializeIPDvXp08 intro {ES}:! ! ! 0x137ae800
20260710 032809.787 INFO             PET0         MODEL: InitializeIPDvXp08 intro {ES}:! ! ! DistGrid object is valid!<name: DG-Grid004-sloc:0>
20260710 032809.787 INFO             PET0         MODEL: InitializeIPDvXp08 intro {ES}:! ! ! --- DistGrid::log() end ----------------------------------
20260710 032809.787 INFO             PET0         MODEL: InitializeIPDvXp08 intro {ES}:! ! --- Array::log() end -------------------------------------
20260710 032809.787 INFO             PET0         MODEL: InitializeIPDvXp08 intro {ES}:!--- FieldLog() end -------------------
20260710 032809.787 INFO             PET0         MODEL: InitializeIPDvXp08 intro {ES}:--- StateLog() end -------------------
20260710 032809.787 INFO             PET0         >>>MODEL: entered Initialize (phase=IPDv05p8) with current time:    0  1  1  0  0  0   0
20260710 032809.787 INFO             PET0         MODEL: InitializeDataProgress='false', InitializeDataComplete='false'
20260710 032809.787 INFO             PET0         <<<MODEL: leaving Initialize (phase=IPDv05p8) with current time:    0  1  1  0  0  0   0
20260710 032809.787 INFO             PET0         MODEL: InitializeIPDvXp08 extro {IS}:--- StateLog() start -----------------
20260710 032809.787 INFO             PET0         MODEL: InitializeIPDvXp08 extro {IS}:<name: MODEL-ImportState> <intent: ESMF_STATEINTENT_IMPORT> <itemCount:    0>
20260710 032809.787 INFO             PET0         MODEL: InitializeIPDvXp08 extro {IS}:--- StateLog() end -------------------
20260710 032809.787 INFO             PET0         MODEL: InitializeIPDvXp08 extro {ES}:--- StateLog() start -----------------
20260710 032809.787 INFO             PET0         MODEL: InitializeIPDvXp08 extro {ES}:<name: MODEL-ExportState> <intent: ESMF_STATEINTENT_EXPORT> <itemCount:    2>
20260710 032809.787 INFO             PET0         MODEL: InitializeIPDvXp08 extro {ES}:+-<item: 0001> <itemType: Field> <itemName: pmsl>
20260710 032809.787 INFO             PET0         MODEL: InitializeIPDvXp08 extro {ES}:!--- FieldLog() start -----------------
20260710 032809.787 INFO             PET0         MODEL: InitializeIPDvXp08 extro {ES}:! <name: pmsl> <fieldStatus: ESMF_FIELDSTATUS_COMPLETE>
20260710 032809.787 INFO             PET0         MODEL: InitializeIPDvXp08 extro {ES}:! 0x7fffa2a95d90 => 0x1506f2ea7100 => 0x137b11a0
20260710 032809.787 INFO             PET0         MODEL: InitializeIPDvXp08 extro {ES}:! <typekind: Real*8> <rank:    2> <dimCount:    2>
20260710 032809.787 INFO             PET0         MODEL: InitializeIPDvXp08 extro {ES}:! ! --- Array::log() start -----------------------------------
20260710 032809.787 INFO             PET0         MODEL: InitializeIPDvXp08 extro {ES}:! ! 0x137b1aa0
20260710 032809.787 INFO             PET0         MODEL: InitializeIPDvXp08 extro {ES}:! ! <name: pmsl>
20260710 032809.787 INFO             PET0         MODEL: InitializeIPDvXp08 extro {ES}:! ! ! --- DistGrid::log() start --------------------------------
20260710 032809.787 INFO             PET0         MODEL: InitializeIPDvXp08 extro {ES}:! ! ! 0x137ae800
20260710 032809.787 INFO             PET0         MODEL: InitializeIPDvXp08 extro {ES}:! ! ! DistGrid object is valid!<name: DG-Grid004-sloc:0>
20260710 032809.787 INFO             PET0         MODEL: InitializeIPDvXp08 extro {ES}:! ! ! --- DistGrid::log() end ----------------------------------
20260710 032809.787 INFO             PET0         MODEL: InitializeIPDvXp08 extro {ES}:! ! --- Array::log() end -------------------------------------
20260710 032809.787 INFO             PET0         MODEL: InitializeIPDvXp08 extro {ES}:!--- FieldLog() end -------------------
20260710 032809.787 INFO             PET0         MODEL: InitializeIPDvXp08 extro {ES}:+-<item: 0002> <itemType: Field> <itemName: rsns>
20260710 032809.787 INFO             PET0         MODEL: InitializeIPDvXp08 extro {ES}:!--- FieldLog() start -----------------
20260710 032809.787 INFO             PET0         MODEL: InitializeIPDvXp08 extro {ES}:! <name: rsns> <fieldStatus: ESMF_FIELDSTATUS_COMPLETE>
20260710 032809.787 INFO             PET0         MODEL: InitializeIPDvXp08 extro {ES}:! 0x7fffa2a95d90 => 0x1506f2ea6e80 => 0x137b3520
20260710 032809.788 INFO             PET0         MODEL: InitializeIPDvXp08 extro {ES}:! <typekind: Real*8> <rank:    2> <dimCount:    2>
20260710 032809.788 INFO             PET0         MODEL: InitializeIPDvXp08 extro {ES}:! ! --- Array::log() start -----------------------------------
20260710 032809.788 INFO             PET0         MODEL: InitializeIPDvXp08 extro {ES}:! ! 0x137b3d40
20260710 032809.788 INFO             PET0         MODEL: InitializeIPDvXp08 extro {ES}:! ! <name: rsns>
20260710 032809.788 INFO             PET0         MODEL: InitializeIPDvXp08 extro {ES}:! ! ! --- DistGrid::log() start --------------------------------
20260710 032809.788 INFO             PET0         MODEL: InitializeIPDvXp08 extro {ES}:! ! ! 0x137ae800
20260710 032809.788 INFO             PET0         MODEL: InitializeIPDvXp08 extro {ES}:! ! ! DistGrid object is valid!<name: DG-Grid004-sloc:0>
20260710 032809.788 INFO             PET0         MODEL: InitializeIPDvXp08 extro {ES}:! ! ! --- DistGrid::log() end ----------------------------------
20260710 032809.788 INFO             PET0         MODEL: InitializeIPDvXp08 extro {ES}:! ! --- Array::log() end -------------------------------------
20260710 032809.788 INFO             PET0         MODEL: InitializeIPDvXp08 extro {ES}:!--- FieldLog() end -------------------
20260710 032809.788 INFO             PET0         MODEL: InitializeIPDvXp08 extro {ES}:--- StateLog() end -------------------
20260710 032809.788 INFO             PET0       MODEL: InitializeIPDvXp08 extro.
20260710 032809.788 INFO             PET0       driver: components present that trigger loopDataDependentInitialize().
20260710 032809.788 INFO             PET0       driver: loopDataDependentInitialize intro.
20260710 032809.788 INFO             PET0         driver: loopDataDependentInitialize intro {IS}:--- StateLog() start -----------------
20260710 032809.788 INFO             PET0         driver: loopDataDependentInitialize intro {IS}:State object is invalid! Not created or deleted!
20260710 032809.788 INFO             PET0         driver: loopDataDependentInitialize intro {IS}:--- StateLog() end -------------------
20260710 032809.788 INFO             PET0         driver: loopDataDependentInitialize intro {ES}:--- StateLog() start -----------------
20260710 032809.788 INFO             PET0         driver: loopDataDependentInitialize intro {ES}:State object is invalid! Not created or deleted!
20260710 032809.788 INFO             PET0         driver: loopDataDependentInitialize intro {ES}:--- StateLog() end -------------------
20260710 032809.788 INFO             PET0         >>>driver: entered Initialize (phase=<none>) with current time:    0  1  1  0  0  0   0
20260710 032809.788 INFO             PET0         driver: component    0=driver, dataComplete (local): true
20260710 032809.789 INFO             PET0         driver: component    0=driver, dataComplete (global):  T
20260710 032809.789 INFO             PET0         driver: component    1=MODEL, dataComplete (local): false
20260710 032809.789 INFO             PET0         driver: component    1=MODEL, dataComplete (global):  F
20260710 032809.789 INFO             PET0         MODEL: InitializeIPDvXp08 intro.
20260710 032809.789 INFO             PET0           MODEL: InitializeIPDvXp08 intro {IS}:--- StateLog() start -----------------
20260710 032809.789 INFO             PET0           MODEL: InitializeIPDvXp08 intro {IS}:<name: MODEL-ImportState> <intent: ESMF_STATEINTENT_IMPORT> <itemCount:    0>
20260710 032809.789 INFO             PET0           MODEL: InitializeIPDvXp08 intro {IS}:--- StateLog() end -------------------
20260710 032809.789 INFO             PET0           MODEL: InitializeIPDvXp08 intro {ES}:--- StateLog() start -----------------
20260710 032809.789 INFO             PET0           MODEL: InitializeIPDvXp08 intro {ES}:<name: MODEL-ExportState> <intent: ESMF_STATEINTENT_EXPORT> <itemCount:    2>
20260710 032809.789 INFO             PET0           MODEL: InitializeIPDvXp08 intro {ES}:+-<item: 0001> <itemType: Field> <itemName: pmsl>
20260710 032809.789 INFO             PET0           MODEL: InitializeIPDvXp08 intro {ES}:!--- FieldLog() start -----------------
20260710 032809.789 INFO             PET0           MODEL: InitializeIPDvXp08 intro {ES}:! <name: pmsl> <fieldStatus: ESMF_FIELDSTATUS_COMPLETE>
20260710 032809.789 INFO             PET0           MODEL: InitializeIPDvXp08 intro {ES}:! 0x7fffa2a8fec0 => 0x1506f2ea7100 => 0x137b11a0
20260710 032809.789 INFO             PET0           MODEL: InitializeIPDvXp08 intro {ES}:! <typekind: Real*8> <rank:    2> <dimCount:    2>
20260710 032809.789 INFO             PET0           MODEL: InitializeIPDvXp08 intro {ES}:! ! --- Array::log() start -----------------------------------
20260710 032809.789 INFO             PET0           MODEL: InitializeIPDvXp08 intro {ES}:! ! 0x137b1aa0
20260710 032809.789 INFO             PET0           MODEL: InitializeIPDvXp08 intro {ES}:! ! <name: pmsl>
20260710 032809.789 INFO             PET0           MODEL: InitializeIPDvXp08 intro {ES}:! ! ! --- DistGrid::log() start --------------------------------
20260710 032809.789 INFO             PET0           MODEL: InitializeIPDvXp08 intro {ES}:! ! ! 0x137ae800
20260710 032809.789 INFO             PET0           MODEL: InitializeIPDvXp08 intro {ES}:! ! ! DistGrid object is valid!<name: DG-Grid004-sloc:0>
20260710 032809.789 INFO             PET0           MODEL: InitializeIPDvXp08 intro {ES}:! ! ! --- DistGrid::log() end ----------------------------------
20260710 032809.789 INFO             PET0           MODEL: InitializeIPDvXp08 intro {ES}:! ! --- Array::log() end -------------------------------------
20260710 032809.789 INFO             PET0           MODEL: InitializeIPDvXp08 intro {ES}:!--- FieldLog() end -------------------
20260710 032809.789 INFO             PET0           MODEL: InitializeIPDvXp08 intro {ES}:+-<item: 0002> <itemType: Field> <itemName: rsns>
20260710 032809.789 INFO             PET0           MODEL: InitializeIPDvXp08 intro {ES}:!--- FieldLog() start -----------------
20260710 032809.789 INFO             PET0           MODEL: InitializeIPDvXp08 intro {ES}:! <name: rsns> <fieldStatus: ESMF_FIELDSTATUS_COMPLETE>
20260710 032809.789 INFO             PET0           MODEL: InitializeIPDvXp08 intro {ES}:! 0x7fffa2a8fec0 => 0x1506f2ea6e80 => 0x137b3520
20260710 032809.789 INFO             PET0           MODEL: InitializeIPDvXp08 intro {ES}:! <typekind: Real*8> <rank:    2> <dimCount:    2>
20260710 032809.789 INFO             PET0           MODEL: InitializeIPDvXp08 intro {ES}:! ! --- Array::log() start -----------------------------------
20260710 032809.789 INFO             PET0           MODEL: InitializeIPDvXp08 intro {ES}:! ! 0x137b3d40
20260710 032809.789 INFO             PET0           MODEL: InitializeIPDvXp08 intro {ES}:! ! <name: rsns>
20260710 032809.789 INFO             PET0           MODEL: InitializeIPDvXp08 intro {ES}:! ! ! --- DistGrid::log() start --------------------------------
20260710 032809.789 INFO             PET0           MODEL: InitializeIPDvXp08 intro {ES}:! ! ! 0x137ae800
20260710 032809.789 INFO             PET0           MODEL: InitializeIPDvXp08 intro {ES}:! ! ! DistGrid object is valid!<name: DG-Grid004-sloc:0>
20260710 032809.789 INFO             PET0           MODEL: InitializeIPDvXp08 intro {ES}:! ! ! --- DistGrid::log() end ----------------------------------
20260710 032809.789 INFO             PET0           MODEL: InitializeIPDvXp08 intro {ES}:! ! --- Array::log() end -------------------------------------
20260710 032809.789 INFO             PET0           MODEL: InitializeIPDvXp08 intro {ES}:!--- FieldLog() end -------------------
20260710 032809.789 INFO             PET0           MODEL: InitializeIPDvXp08 intro {ES}:--- StateLog() end -------------------
20260710 032809.789 INFO             PET0           >>>MODEL: entered Initialize (phase=IPDv05p8) with current time:    0  1  1  0  0  0   0
20260710 032809.789 INFO             PET0           MODEL: InitializeDataProgress='true', InitializeDataComplete='true'
20260710 032809.789 INFO             PET0           <<<MODEL: leaving Initialize (phase=IPDv05p8) with current time:    0  1  1  0  0  0   0
20260710 032809.789 INFO             PET0           MODEL: InitializeIPDvXp08 extro {IS}:--- StateLog() start -----------------
20260710 032809.789 INFO             PET0           MODEL: InitializeIPDvXp08 extro {IS}:<name: MODEL-ImportState> <intent: ESMF_STATEINTENT_IMPORT> <itemCount:    0>
20260710 032809.789 INFO             PET0           MODEL: InitializeIPDvXp08 extro {IS}:--- StateLog() end -------------------
20260710 032809.789 INFO             PET0           MODEL: InitializeIPDvXp08 extro {ES}:--- StateLog() start -----------------
20260710 032809.789 INFO             PET0           MODEL: InitializeIPDvXp08 extro {ES}:<name: MODEL-ExportState> <intent: ESMF_STATEINTENT_EXPORT> <itemCount:    2>
20260710 032809.790 INFO             PET0           MODEL: InitializeIPDvXp08 extro {ES}:+-<item: 0001> <itemType: Field> <itemName: pmsl>
20260710 032809.790 INFO             PET0           MODEL: InitializeIPDvXp08 extro {ES}:!--- FieldLog() start -----------------
20260710 032809.790 INFO             PET0           MODEL: InitializeIPDvXp08 extro {ES}:! <name: pmsl> <fieldStatus: ESMF_FIELDSTATUS_COMPLETE>
20260710 032809.790 INFO             PET0           MODEL: InitializeIPDvXp08 extro {ES}:! 0x7fffa2a90370 => 0x1506f2ea7100 => 0x137b11a0
20260710 032809.790 INFO             PET0           MODEL: InitializeIPDvXp08 extro {ES}:! <typekind: Real*8> <rank:    2> <dimCount:    2>
20260710 032809.790 INFO             PET0           MODEL: InitializeIPDvXp08 extro {ES}:! ! --- Array::log() start -----------------------------------
20260710 032809.790 INFO             PET0           MODEL: InitializeIPDvXp08 extro {ES}:! ! 0x137b1aa0
20260710 032809.790 INFO             PET0           MODEL: InitializeIPDvXp08 extro {ES}:! ! <name: pmsl>
20260710 032809.790 INFO             PET0           MODEL: InitializeIPDvXp08 extro {ES}:! ! ! --- DistGrid::log() start --------------------------------
20260710 032809.790 INFO             PET0           MODEL: InitializeIPDvXp08 extro {ES}:! ! ! 0x137ae800
20260710 032809.790 INFO             PET0           MODEL: InitializeIPDvXp08 extro {ES}:! ! ! DistGrid object is valid!<name: DG-Grid004-sloc:0>
20260710 032809.790 INFO             PET0           MODEL: InitializeIPDvXp08 extro {ES}:! ! ! --- DistGrid::log() end ----------------------------------
20260710 032809.790 INFO             PET0           MODEL: InitializeIPDvXp08 extro {ES}:! ! --- Array::log() end -------------------------------------
20260710 032809.790 INFO             PET0           MODEL: InitializeIPDvXp08 extro {ES}:!--- FieldLog() end -------------------
20260710 032809.790 INFO             PET0           MODEL: InitializeIPDvXp08 extro {ES}:+-<item: 0002> <itemType: Field> <itemName: rsns>
20260710 032809.790 INFO             PET0           MODEL: InitializeIPDvXp08 extro {ES}:!--- FieldLog() start -----------------
20260710 032809.790 INFO             PET0           MODEL: InitializeIPDvXp08 extro {ES}:! <name: rsns> <fieldStatus: ESMF_FIELDSTATUS_COMPLETE>
20260710 032809.790 INFO             PET0           MODEL: InitializeIPDvXp08 extro {ES}:! 0x7fffa2a90370 => 0x1506f2ea6e80 => 0x137b3520
20260710 032809.790 INFO             PET0           MODEL: InitializeIPDvXp08 extro {ES}:! <typekind: Real*8> <rank:    2> <dimCount:    2>
20260710 032809.790 INFO             PET0           MODEL: InitializeIPDvXp08 extro {ES}:! ! --- Array::log() start -----------------------------------
20260710 032809.790 INFO             PET0           MODEL: InitializeIPDvXp08 extro {ES}:! ! 0x137b3d40
20260710 032809.790 INFO             PET0           MODEL: InitializeIPDvXp08 extro {ES}:! ! <name: rsns>
20260710 032809.790 INFO             PET0           MODEL: InitializeIPDvXp08 extro {ES}:! ! ! --- DistGrid::log() start --------------------------------
20260710 032809.790 INFO             PET0           MODEL: InitializeIPDvXp08 extro {ES}:! ! ! 0x137ae800
20260710 032809.790 INFO             PET0           MODEL: InitializeIPDvXp08 extro {ES}:! ! ! DistGrid object is valid!<name: DG-Grid004-sloc:0>
20260710 032809.790 INFO             PET0           MODEL: InitializeIPDvXp08 extro {ES}:! ! ! --- DistGrid::log() end ----------------------------------
20260710 032809.790 INFO             PET0           MODEL: InitializeIPDvXp08 extro {ES}:! ! --- Array::log() end -------------------------------------
20260710 032809.790 INFO             PET0           MODEL: InitializeIPDvXp08 extro {ES}:!--- FieldLog() end -------------------
20260710 032809.790 INFO             PET0           MODEL: InitializeIPDvXp08 extro {ES}:--- StateLog() end -------------------
20260710 032809.790 INFO             PET0         MODEL: InitializeIPDvXp08 extro.
20260710 032809.790 INFO             PET0         driver: component    1=MODEL, someProgress (local): true
20260710 032809.790 INFO             PET0         driver: component    1=MODEL, someProgress (global):  T
20260710 032809.790 INFO             PET0         driver: someProgress= T, allComplete= F, present(dataDepAllComplete)= T
20260710 032809.791 INFO             PET0         driver: component    0=driver, dataComplete (local): true
20260710 032809.791 INFO             PET0         driver: component    0=driver, dataComplete (global):  T
20260710 032809.791 INFO             PET0         driver: component    1=MODEL, dataComplete (local): true
20260710 032809.791 INFO             PET0         driver: component    1=MODEL, dataComplete (global):  T
20260710 032809.791 INFO             PET0         driver: someProgress= F, allComplete= T, present(dataDepAllComplete)= T
20260710 032809.791 INFO             PET0         driver: finished resolving initialize data dependencies on this level.
20260710 032809.791 INFO             PET0         <<<driver: leaving Initialize (phase=<none>) with current time:    0  1  1  0  0  0   0
20260710 032809.791 INFO             PET0         driver: loopDataDependentInitialize extro {IS}:--- StateLog() start -----------------
20260710 032809.791 INFO             PET0         driver: loopDataDependentInitialize extro {IS}:State object is invalid! Not created or deleted!
20260710 032809.791 INFO             PET0         driver: loopDataDependentInitialize extro {IS}:--- StateLog() end -------------------
20260710 032809.791 INFO             PET0         driver: loopDataDependentInitialize extro {ES}:--- StateLog() start -----------------
20260710 032809.791 INFO             PET0         driver: loopDataDependentInitialize extro {ES}:State object is invalid! Not created or deleted!
20260710 032809.791 INFO             PET0         driver: loopDataDependentInitialize extro {ES}:--- StateLog() end -------------------
20260710 032809.791 INFO             PET0       driver: loopDataDependentInitialize extro.
20260710 032809.791 INFO             PET0       driver: loopDataDependentInitialize() returned with dataDepAllComplete:  T
20260710 032809.791 INFO             PET0       <<<driver: leaving Initialize (phase=<none>) with current time:    0  1  1  0  0  0   0
20260710 032809.791 INFO             PET0       driver: InitializeIPDv02p5Data extro {IS}:--- StateLog() start -----------------
20260710 032809.791 INFO             PET0       driver: InitializeIPDv02p5Data extro {IS}:State object is invalid! Not created or deleted!
20260710 032809.791 INFO             PET0       driver: InitializeIPDv02p5Data extro {IS}:--- StateLog() end -------------------
20260710 032809.791 INFO             PET0       driver: InitializeIPDv02p5Data extro {ES}:--- StateLog() start -----------------
20260710 032809.791 INFO             PET0       driver: InitializeIPDv02p5Data extro {ES}:State object is invalid! Not created or deleted!
20260710 032809.791 INFO             PET0       driver: InitializeIPDv02p5Data extro {ES}:--- StateLog() end -------------------
20260710 032809.791 INFO             PET0     driver: InitializeIPDv02p5Data extro.
20260710 032809.791 INFO             PET0     <<<driver: leaving Initialize (phase=<none>) with current time:    0  1  1  0  0  0   0
20260710 032809.791 INFO             PET0     driver: InitializeIPDv02p5 extro {IS}:--- StateLog() start -----------------
20260710 032809.791 INFO             PET0     driver: InitializeIPDv02p5 extro {IS}:State object is invalid! Not created or deleted!
20260710 032809.791 INFO             PET0     driver: InitializeIPDv02p5 extro {IS}:--- StateLog() end -------------------
20260710 032809.791 INFO             PET0     driver: InitializeIPDv02p5 extro {ES}:--- StateLog() start -----------------
20260710 032809.791 INFO             PET0     driver: InitializeIPDv02p5 extro {ES}:State object is invalid! Not created or deleted!
20260710 032809.791 INFO             PET0     driver: InitializeIPDv02p5 extro {ES}:--- StateLog() end -------------------
20260710 032809.791 INFO             PET0   driver: InitializeIPDv02p5 extro.
20260710 032809.791 INFO             PET0   <<<driver: leaving Initialize (phase=<none>) with current time:    0  1  1  0  0  0   0
20260710 032809.791 INFO             PET0   driver: InitializeGeneric extro {IS}:--- StateLog() start -----------------
20260710 032809.791 INFO             PET0   driver: InitializeGeneric extro {IS}:State object is invalid! Not created or deleted!
20260710 032809.791 INFO             PET0   driver: InitializeGeneric extro {IS}:--- StateLog() end -------------------
20260710 032809.791 INFO             PET0   driver: InitializeGeneric extro {ES}:--- StateLog() start -----------------
20260710 032809.791 INFO             PET0   driver: InitializeGeneric extro {ES}:State object is invalid! Not created or deleted!
20260710 032809.791 INFO             PET0   driver: InitializeGeneric extro {ES}:--- StateLog() end -------------------
20260710 032809.791 INFO             PET0 driver: InitializeGeneric extro.
20260710 032809.791 INFO             PET0 driver: Run intro.
20260710 032809.791 INFO             PET0   driver: Run intro {IS}:--- StateLog() start -----------------
20260710 032809.791 INFO             PET0   driver: Run intro {IS}:State object is invalid! Not created or deleted!
20260710 032809.791 INFO             PET0   driver: Run intro {IS}:--- StateLog() end -------------------
20260710 032809.791 INFO             PET0   driver: Run intro {ES}:--- StateLog() start -----------------
20260710 032809.791 INFO             PET0   driver: Run intro {ES}:State object is invalid! Not created or deleted!
20260710 032809.791 INFO             PET0   driver: Run intro {ES}:--- StateLog() end -------------------
20260710 032809.791 INFO             PET0   >>>driver: entered Run (phase=RunPhase1) with current time:    0  1  1  0  0  0   0
20260710 032809.791 INFO             PET0   driver: after lable_SetRunClock, current time:    0  1  1  0  0  0   0
20260710 032809.791 INFO             PET0   driver: begin -------> RunSequence.
20260710 032809.791 INFO             PET0     driver: RunSequence event loopLevel=   1  levelMember=   1  loopIteration=   1, current time:    0  1  1  0  0  0   0
20260710 032809.792 INFO             PET0     MODEL: Run intro.
20260710 032809.792 INFO             PET0       MODEL: Run intro {IS}:--- StateLog() start -----------------
20260710 032809.792 INFO             PET0       MODEL: Run intro {IS}:<name: MODEL-ImportState> <intent: ESMF_STATEINTENT_IMPORT> <itemCount:    0>
20260710 032809.792 INFO             PET0       MODEL: Run intro {IS}:--- StateLog() end -------------------
20260710 032809.792 INFO             PET0       MODEL: Run intro {ES}:--- StateLog() start -----------------
20260710 032809.792 INFO             PET0       MODEL: Run intro {ES}:<name: MODEL-ExportState> <intent: ESMF_STATEINTENT_EXPORT> <itemCount:    2>
20260710 032809.792 INFO             PET0       MODEL: Run intro {ES}:+-<item: 0001> <itemType: Field> <itemName: pmsl>
20260710 032809.792 INFO             PET0       MODEL: Run intro {ES}:!--- FieldLog() start -----------------
20260710 032809.792 INFO             PET0       MODEL: Run intro {ES}:! <name: pmsl> <fieldStatus: ESMF_FIELDSTATUS_COMPLETE>
20260710 032809.792 INFO             PET0       MODEL: Run intro {ES}:! 0x7fffa2a96730 => 0x1506f2ea7100 => 0x137b11a0
20260710 032809.792 INFO             PET0       MODEL: Run intro {ES}:! <typekind: Real*8> <rank:    2> <dimCount:    2>
20260710 032809.792 INFO             PET0       MODEL: Run intro {ES}:! ! --- Array::log() start -----------------------------------
20260710 032809.792 INFO             PET0       MODEL: Run intro {ES}:! ! 0x137b1aa0
20260710 032809.792 INFO             PET0       MODEL: Run intro {ES}:! ! <name: pmsl>
20260710 032809.792 INFO             PET0       MODEL: Run intro {ES}:! ! ! --- DistGrid::log() start --------------------------------
20260710 032809.792 INFO             PET0       MODEL: Run intro {ES}:! ! ! 0x137ae800
20260710 032809.792 INFO             PET0       MODEL: Run intro {ES}:! ! ! DistGrid object is valid!<name: DG-Grid004-sloc:0>
20260710 032809.792 INFO             PET0       MODEL: Run intro {ES}:! ! ! --- DistGrid::log() end ----------------------------------
20260710 032809.792 INFO             PET0       MODEL: Run intro {ES}:! ! --- Array::log() end -------------------------------------
20260710 032809.792 INFO             PET0       MODEL: Run intro {ES}:!--- FieldLog() end -------------------
20260710 032809.792 INFO             PET0       MODEL: Run intro {ES}:+-<item: 0002> <itemType: Field> <itemName: rsns>
20260710 032809.792 INFO             PET0       MODEL: Run intro {ES}:!--- FieldLog() start -----------------
20260710 032809.792 INFO             PET0       MODEL: Run intro {ES}:! <name: rsns> <fieldStatus: ESMF_FIELDSTATUS_COMPLETE>
20260710 032809.792 INFO             PET0       MODEL: Run intro {ES}:! 0x7fffa2a96730 => 0x1506f2ea6e80 => 0x137b3520
20260710 032809.792 INFO             PET0       MODEL: Run intro {ES}:! <typekind: Real*8> <rank:    2> <dimCount:    2>
20260710 032809.792 INFO             PET0       MODEL: Run intro {ES}:! ! --- Array::log() start -----------------------------------
20260710 032809.792 INFO             PET0       MODEL: Run intro {ES}:! ! 0x137b3d40
20260710 032809.792 INFO             PET0       MODEL: Run intro {ES}:! ! <name: rsns>
20260710 032809.792 INFO             PET0       MODEL: Run intro {ES}:! ! ! --- DistGrid::log() start --------------------------------
20260710 032809.792 INFO             PET0       MODEL: Run intro {ES}:! ! ! 0x137ae800
20260710 032809.792 INFO             PET0       MODEL: Run intro {ES}:! ! ! DistGrid object is valid!<name: DG-Grid004-sloc:0>
20260710 032809.792 INFO             PET0       MODEL: Run intro {ES}:! ! ! --- DistGrid::log() end ----------------------------------
20260710 032809.792 INFO             PET0       MODEL: Run intro {ES}:! ! --- Array::log() end -------------------------------------
20260710 032809.792 INFO             PET0       MODEL: Run intro {ES}:!--- FieldLog() end -------------------
20260710 032809.792 INFO             PET0       MODEL: Run intro {ES}:--- StateLog() end -------------------
20260710 032809.792 INFO             PET0       >>>MODEL: entered Run (phase=RunPhase1) with current time:    0  1  1  0  0  0   0
20260710 032809.792 INFO             PET0       MODEL: time step-loop starting, current time:    0  1  1  0  0  0   0
20260710 032809.792 INFO             PET0       thread_num=   1   currentSsiPe=   1   num_threads=   2   max_threads=   2   num_procs=   2
20260710 032809.792 INFO             PET0       thread_num=   0   currentSsiPe=   0   num_threads=   2   max_threads=   2   num_procs=   2
20260710 032809.792 INFO             PET0       ---->Advancing Model from:    0  1  1  0  0  0   0
20260710 032809.792 INFO             PET0       ---------------------> to:    0  1  1  0  0 30   0
20260710 032809.792 INFO             PET0       MODEL: time step-loop ending,   current time:    0  1  1  0  0 30   0
20260710 032809.792 INFO             PET0       <<<MODEL: leaving Run (phase=RunPhase1) with current time:    0  1  1  0  0 30   0
20260710 032809.792 INFO             PET0       MODEL: Run extro {IS}:--- StateLog() start -----------------
20260710 032809.792 INFO             PET0       MODEL: Run extro {IS}:<name: MODEL-ImportState> <intent: ESMF_STATEINTENT_IMPORT> <itemCount:    0>
20260710 032809.792 INFO             PET0       MODEL: Run extro {IS}:--- StateLog() end -------------------
20260710 032809.792 INFO             PET0       MODEL: Run extro {ES}:--- StateLog() start -----------------
20260710 032809.792 INFO             PET0       MODEL: Run extro {ES}:<name: MODEL-ExportState> <intent: ESMF_STATEINTENT_EXPORT> <itemCount:    2>
20260710 032809.792 INFO             PET0       MODEL: Run extro {ES}:+-<item: 0001> <itemType: Field> <itemName: pmsl>
20260710 032809.792 INFO             PET0       MODEL: Run extro {ES}:!--- FieldLog() start -----------------
20260710 032809.792 INFO             PET0       MODEL: Run extro {ES}:! <name: pmsl> <fieldStatus: ESMF_FIELDSTATUS_COMPLETE>
20260710 032809.792 INFO             PET0       MODEL: Run extro {ES}:! 0x7fffa2a96be0 => 0x1506f2ea7100 => 0x137b11a0
20260710 032809.792 INFO             PET0       MODEL: Run extro {ES}:! <typekind: Real*8> <rank:    2> <dimCount:    2>
20260710 032809.792 INFO             PET0       MODEL: Run extro {ES}:! ! --- Array::log() start -----------------------------------
20260710 032809.792 INFO             PET0       MODEL: Run extro {ES}:! ! 0x137b1aa0
20260710 032809.792 INFO             PET0       MODEL: Run extro {ES}:! ! <name: pmsl>
20260710 032809.792 INFO             PET0       MODEL: Run extro {ES}:! ! ! --- DistGrid::log() start --------------------------------
20260710 032809.792 INFO             PET0       MODEL: Run extro {ES}:! ! ! 0x137ae800
20260710 032809.792 INFO             PET0       MODEL: Run extro {ES}:! ! ! DistGrid object is valid!<name: DG-Grid004-sloc:0>
20260710 032809.792 INFO             PET0       MODEL: Run extro {ES}:! ! ! --- DistGrid::log() end ----------------------------------
20260710 032809.792 INFO             PET0       MODEL: Run extro {ES}:! ! --- Array::log() end -------------------------------------
20260710 032809.792 INFO             PET0       MODEL: Run extro {ES}:!--- FieldLog() end -------------------
20260710 032809.792 INFO             PET0       MODEL: Run extro {ES}:+-<item: 0002> <itemType: Field> <itemName: rsns>
20260710 032809.792 INFO             PET0       MODEL: Run extro {ES}:!--- FieldLog() start -----------------
20260710 032809.792 INFO             PET0       MODEL: Run extro {ES}:! <name: rsns> <fieldStatus: ESMF_FIELDSTATUS_COMPLETE>
20260710 032809.792 INFO             PET0       MODEL: Run extro {ES}:! 0x7fffa2a96be0 => 0x1506f2ea6e80 => 0x137b3520
20260710 032809.792 INFO             PET0       MODEL: Run extro {ES}:! <typekind: Real*8> <rank:    2> <dimCount:    2>
20260710 032809.792 INFO             PET0       MODEL: Run extro {ES}:! ! --- Array::log() start -----------------------------------
20260710 032809.792 INFO             PET0       MODEL: Run extro {ES}:! ! 0x137b3d40
20260710 032809.792 INFO             PET0       MODEL: Run extro {ES}:! ! <name: rsns>
20260710 032809.793 INFO             PET0       MODEL: Run extro {ES}:! ! ! --- DistGrid::log() start --------------------------------
20260710 032809.793 INFO             PET0       MODEL: Run extro {ES}:! ! ! 0x137ae800
20260710 032809.793 INFO             PET0       MODEL: Run extro {ES}:! ! ! DistGrid object is valid!<name: DG-Grid004-sloc:0>
20260710 032809.793 INFO             PET0       MODEL: Run extro {ES}:! ! ! --- DistGrid::log() end ----------------------------------
20260710 032809.793 INFO             PET0       MODEL: Run extro {ES}:! ! --- Array::log() end -------------------------------------
20260710 032809.793 INFO             PET0       MODEL: Run extro {ES}:!--- FieldLog() end -------------------
20260710 032809.793 INFO             PET0       MODEL: Run extro {ES}:--- StateLog() end -------------------
20260710 032809.793 INFO             PET0     MODEL: Run extro.
20260710 032809.793 INFO             PET0     driver: RunSequence event loopLevel=   1  levelMember=   1  loopIteration=   2, current time:    0  1  1  0  0 30   0
20260710 032809.793 INFO             PET0     MODEL: Run intro.
20260710 032809.793 INFO             PET0       MODEL: Run intro {IS}:--- StateLog() start -----------------
20260710 032809.793 INFO             PET0       MODEL: Run intro {IS}:<name: MODEL-ImportState> <intent: ESMF_STATEINTENT_IMPORT> <itemCount:    0>
20260710 032809.793 INFO             PET0       MODEL: Run intro {IS}:--- StateLog() end -------------------
20260710 032809.793 INFO             PET0       MODEL: Run intro {ES}:--- StateLog() start -----------------
20260710 032809.793 INFO             PET0       MODEL: Run intro {ES}:<name: MODEL-ExportState> <intent: ESMF_STATEINTENT_EXPORT> <itemCount:    2>
20260710 032809.793 INFO             PET0       MODEL: Run intro {ES}:+-<item: 0001> <itemType: Field> <itemName: pmsl>
20260710 032809.793 INFO             PET0       MODEL: Run intro {ES}:!--- FieldLog() start -----------------
20260710 032809.793 INFO             PET0       MODEL: Run intro {ES}:! <name: pmsl> <fieldStatus: ESMF_FIELDSTATUS_COMPLETE>
20260710 032809.793 INFO             PET0       MODEL: Run intro {ES}:! 0x7fffa2a96730 => 0x1506f2ea7100 => 0x137b11a0
20260710 032809.793 INFO             PET0       MODEL: Run intro {ES}:! <typekind: Real*8> <rank:    2> <dimCount:    2>
20260710 032809.793 INFO             PET0       MODEL: Run intro {ES}:! ! --- Array::log() start -----------------------------------
20260710 032809.793 INFO             PET0       MODEL: Run intro {ES}:! ! 0x137b1aa0
20260710 032809.793 INFO             PET0       MODEL: Run intro {ES}:! ! <name: pmsl>
20260710 032809.793 INFO             PET0       MODEL: Run intro {ES}:! ! ! --- DistGrid::log() start --------------------------------
20260710 032809.793 INFO             PET0       MODEL: Run intro {ES}:! ! ! 0x137ae800
20260710 032809.793 INFO             PET0       MODEL: Run intro {ES}:! ! ! DistGrid object is valid!<name: DG-Grid004-sloc:0>
20260710 032809.793 INFO             PET0       MODEL: Run intro {ES}:! ! ! --- DistGrid::log() end ----------------------------------
20260710 032809.793 INFO             PET0       MODEL: Run intro {ES}:! ! --- Array::log() end -------------------------------------
20260710 032809.793 INFO             PET0       MODEL: Run intro {ES}:!--- FieldLog() end -------------------
20260710 032809.793 INFO             PET0       MODEL: Run intro {ES}:+-<item: 0002> <itemType: Field> <itemName: rsns>
20260710 032809.793 INFO             PET0       MODEL: Run intro {ES}:!--- FieldLog() start -----------------
20260710 032809.793 INFO             PET0       MODEL: Run intro {ES}:! <name: rsns> <fieldStatus: ESMF_FIELDSTATUS_COMPLETE>
20260710 032809.793 INFO             PET0       MODEL: Run intro {ES}:! 0x7fffa2a96730 => 0x1506f2ea6e80 => 0x137b3520
20260710 032809.793 INFO             PET0       MODEL: Run intro {ES}:! <typekind: Real*8> <rank:    2> <dimCount:    2>
20260710 032809.793 INFO             PET0       MODEL: Run intro {ES}:! ! --- Array::log() start -----------------------------------
20260710 032809.793 INFO             PET0       MODEL: Run intro {ES}:! ! 0x137b3d40
20260710 032809.793 INFO             PET0       MODEL: Run intro {ES}:! ! <name: rsns>
20260710 032809.793 INFO             PET0       MODEL: Run intro {ES}:! ! ! --- DistGrid::log() start --------------------------------
20260710 032809.793 INFO             PET0       MODEL: Run intro {ES}:! ! ! 0x137ae800
20260710 032809.793 INFO             PET0       MODEL: Run intro {ES}:! ! ! DistGrid object is valid!<name: DG-Grid004-sloc:0>
20260710 032809.793 INFO             PET0       MODEL: Run intro {ES}:! ! ! --- DistGrid::log() end ----------------------------------
20260710 032809.793 INFO             PET0       MODEL: Run intro {ES}:! ! --- Array::log() end -------------------------------------
20260710 032809.793 INFO             PET0       MODEL: Run intro {ES}:!--- FieldLog() end -------------------
20260710 032809.793 INFO             PET0       MODEL: Run intro {ES}:--- StateLog() end -------------------
20260710 032809.793 INFO             PET0       >>>MODEL: entered Run (phase=RunPhase1) with current time:    0  1  1  0  0 30   0
20260710 032809.793 INFO             PET0       MODEL: time step-loop starting, current time:    0  1  1  0  0 30   0
20260710 032809.793 INFO             PET0       thread_num=   1   currentSsiPe=   1   num_threads=   2   max_threads=   2   num_procs=   2
20260710 032809.793 INFO             PET0       thread_num=   0   currentSsiPe=   0   num_threads=   2   max_threads=   2   num_procs=   2
20260710 032809.793 INFO             PET0       ---->Advancing Model from:    0  1  1  0  0 30   0
20260710 032809.793 INFO             PET0       ---------------------> to:    0  1  1  0  1  0   0
20260710 032809.793 INFO             PET0       MODEL: time step-loop ending,   current time:    0  1  1  0  1  0   0
20260710 032809.793 INFO             PET0       <<<MODEL: leaving Run (phase=RunPhase1) with current time:    0  1  1  0  1  0   0
20260710 032809.793 INFO             PET0       MODEL: Run extro {IS}:--- StateLog() start -----------------
20260710 032809.793 INFO             PET0       MODEL: Run extro {IS}:<name: MODEL-ImportState> <intent: ESMF_STATEINTENT_IMPORT> <itemCount:    0>
20260710 032809.793 INFO             PET0       MODEL: Run extro {IS}:--- StateLog() end -------------------
20260710 032809.793 INFO             PET0       MODEL: Run extro {ES}:--- StateLog() start -----------------
20260710 032809.793 INFO             PET0       MODEL: Run extro {ES}:<name: MODEL-ExportState> <intent: ESMF_STATEINTENT_EXPORT> <itemCount:    2>
20260710 032809.793 INFO             PET0       MODEL: Run extro {ES}:+-<item: 0001> <itemType: Field> <itemName: pmsl>
20260710 032809.793 INFO             PET0       MODEL: Run extro {ES}:!--- FieldLog() start -----------------
20260710 032809.793 INFO             PET0       MODEL: Run extro {ES}:! <name: pmsl> <fieldStatus: ESMF_FIELDSTATUS_COMPLETE>
20260710 032809.793 INFO             PET0       MODEL: Run extro {ES}:! 0x7fffa2a96be0 => 0x1506f2ea7100 => 0x137b11a0
20260710 032809.793 INFO             PET0       MODEL: Run extro {ES}:! <typekind: Real*8> <rank:    2> <dimCount:    2>
20260710 032809.793 INFO             PET0       MODEL: Run extro {ES}:! ! --- Array::log() start -----------------------------------
20260710 032809.793 INFO             PET0       MODEL: Run extro {ES}:! ! 0x137b1aa0
20260710 032809.793 INFO             PET0       MODEL: Run extro {ES}:! ! <name: pmsl>
20260710 032809.793 INFO             PET0       MODEL: Run extro {ES}:! ! ! --- DistGrid::log() start --------------------------------
20260710 032809.793 INFO             PET0       MODEL: Run extro {ES}:! ! ! 0x137ae800
20260710 032809.793 INFO             PET0       MODEL: Run extro {ES}:! ! ! DistGrid object is valid!<name: DG-Grid004-sloc:0>
20260710 032809.793 INFO             PET0       MODEL: Run extro {ES}:! ! ! --- DistGrid::log() end ----------------------------------
20260710 032809.793 INFO             PET0       MODEL: Run extro {ES}:! ! --- Array::log() end -------------------------------------
20260710 032809.793 INFO             PET0       MODEL: Run extro {ES}:!--- FieldLog() end -------------------
20260710 032809.793 INFO             PET0       MODEL: Run extro {ES}:+-<item: 0002> <itemType: Field> <itemName: rsns>
20260710 032809.793 INFO             PET0       MODEL: Run extro {ES}:!--- FieldLog() start -----------------
20260710 032809.793 INFO             PET0       MODEL: Run extro {ES}:! <name: rsns> <fieldStatus: ESMF_FIELDSTATUS_COMPLETE>
20260710 032809.793 INFO             PET0       MODEL: Run extro {ES}:! 0x7fffa2a96be0 => 0x1506f2ea6e80 => 0x137b3520
20260710 032809.794 INFO             PET0       MODEL: Run extro {ES}:! <typekind: Real*8> <rank:    2> <dimCount:    2>
20260710 032809.794 INFO             PET0       MODEL: Run extro {ES}:! ! --- Array::log() start -----------------------------------
20260710 032809.794 INFO             PET0       MODEL: Run extro {ES}:! ! 0x137b3d40
20260710 032809.794 INFO             PET0       MODEL: Run extro {ES}:! ! <name: rsns>
20260710 032809.794 INFO             PET0       MODEL: Run extro {ES}:! ! ! --- DistGrid::log() start --------------------------------
20260710 032809.794 INFO             PET0       MODEL: Run extro {ES}:! ! ! 0x137ae800
20260710 032809.794 INFO             PET0       MODEL: Run extro {ES}:! ! ! DistGrid object is valid!<name: DG-Grid004-sloc:0>
20260710 032809.794 INFO             PET0       MODEL: Run extro {ES}:! ! ! --- DistGrid::log() end ----------------------------------
20260710 032809.794 INFO             PET0       MODEL: Run extro {ES}:! ! --- Array::log() end -------------------------------------
20260710 032809.794 INFO             PET0       MODEL: Run extro {ES}:!--- FieldLog() end -------------------
20260710 032809.794 INFO             PET0       MODEL: Run extro {ES}:--- StateLog() end -------------------
20260710 032809.794 INFO             PET0     MODEL: Run extro.
20260710 032809.794 INFO             PET0     driver: RunSequence event loopLevel=   1  levelMember=   1  loopIteration=   3, current time:    0  1  1  0  1  0   0
20260710 032809.794 INFO             PET0     MODEL: Run intro.
20260710 032809.794 INFO             PET0       MODEL: Run intro {IS}:--- StateLog() start -----------------
20260710 032809.794 INFO             PET0       MODEL: Run intro {IS}:<name: MODEL-ImportState> <intent: ESMF_STATEINTENT_IMPORT> <itemCount:    0>
20260710 032809.794 INFO             PET0       MODEL: Run intro {IS}:--- StateLog() end -------------------
20260710 032809.794 INFO             PET0       MODEL: Run intro {ES}:--- StateLog() start -----------------
20260710 032809.794 INFO             PET0       MODEL: Run intro {ES}:<name: MODEL-ExportState> <intent: ESMF_STATEINTENT_EXPORT> <itemCount:    2>
20260710 032809.794 INFO             PET0       MODEL: Run intro {ES}:+-<item: 0001> <itemType: Field> <itemName: pmsl>
20260710 032809.794 INFO             PET0       MODEL: Run intro {ES}:!--- FieldLog() start -----------------
20260710 032809.794 INFO             PET0       MODEL: Run intro {ES}:! <name: pmsl> <fieldStatus: ESMF_FIELDSTATUS_COMPLETE>
20260710 032809.794 INFO             PET0       MODEL: Run intro {ES}:! 0x7fffa2a96730 => 0x1506f2ea7100 => 0x137b11a0
20260710 032809.794 INFO             PET0       MODEL: Run intro {ES}:! <typekind: Real*8> <rank:    2> <dimCount:    2>
20260710 032809.794 INFO             PET0       MODEL: Run intro {ES}:! ! --- Array::log() start -----------------------------------
20260710 032809.794 INFO             PET0       MODEL: Run intro {ES}:! ! 0x137b1aa0
20260710 032809.794 INFO             PET0       MODEL: Run intro {ES}:! ! <name: pmsl>
20260710 032809.794 INFO             PET0       MODEL: Run intro {ES}:! ! ! --- DistGrid::log() start --------------------------------
20260710 032809.794 INFO             PET0       MODEL: Run intro {ES}:! ! ! 0x137ae800
20260710 032809.794 INFO             PET0       MODEL: Run intro {ES}:! ! ! DistGrid object is valid!<name: DG-Grid004-sloc:0>
20260710 032809.794 INFO             PET0       MODEL: Run intro {ES}:! ! ! --- DistGrid::log() end ----------------------------------
20260710 032809.794 INFO             PET0       MODEL: Run intro {ES}:! ! --- Array::log() end -------------------------------------
20260710 032809.794 INFO             PET0       MODEL: Run intro {ES}:!--- FieldLog() end -------------------
20260710 032809.794 INFO             PET0       MODEL: Run intro {ES}:+-<item: 0002> <itemType: Field> <itemName: rsns>
20260710 032809.794 INFO             PET0       MODEL: Run intro {ES}:!--- FieldLog() start -----------------
20260710 032809.794 INFO             PET0       MODEL: Run intro {ES}:! <name: rsns> <fieldStatus: ESMF_FIELDSTATUS_COMPLETE>
20260710 032809.794 INFO             PET0       MODEL: Run intro {ES}:! 0x7fffa2a96730 => 0x1506f2ea6e80 => 0x137b3520
20260710 032809.794 INFO             PET0       MODEL: Run intro {ES}:! <typekind: Real*8> <rank:    2> <dimCount:    2>
20260710 032809.794 INFO             PET0       MODEL: Run intro {ES}:! ! --- Array::log() start -----------------------------------
20260710 032809.794 INFO             PET0       MODEL: Run intro {ES}:! ! 0x137b3d40
20260710 032809.794 INFO             PET0       MODEL: Run intro {ES}:! ! <name: rsns>
20260710 032809.794 INFO             PET0       MODEL: Run intro {ES}:! ! ! --- DistGrid::log() start --------------------------------
20260710 032809.794 INFO             PET0       MODEL: Run intro {ES}:! ! ! 0x137ae800
20260710 032809.794 INFO             PET0       MODEL: Run intro {ES}:! ! ! DistGrid object is valid!<name: DG-Grid004-sloc:0>
20260710 032809.794 INFO             PET0       MODEL: Run intro {ES}:! ! ! --- DistGrid::log() end ----------------------------------
20260710 032809.794 INFO             PET0       MODEL: Run intro {ES}:! ! --- Array::log() end -------------------------------------
20260710 032809.794 INFO             PET0       MODEL: Run intro {ES}:!--- FieldLog() end -------------------
20260710 032809.794 INFO             PET0       MODEL: Run intro {ES}:--- StateLog() end -------------------
20260710 032809.794 INFO             PET0       >>>MODEL: entered Run (phase=RunPhase1) with current time:    0  1  1  0  1  0   0
20260710 032809.794 INFO             PET0       MODEL: time step-loop starting, current time:    0  1  1  0  1  0   0
20260710 032809.794 INFO             PET0       thread_num=   1   currentSsiPe=   1   num_threads=   2   max_threads=   2   num_procs=   2
20260710 032809.794 INFO             PET0       thread_num=   0   currentSsiPe=   0   num_threads=   2   max_threads=   2   num_procs=   2
20260710 032809.794 INFO             PET0       ---->Advancing Model from:    0  1  1  0  1  0   0
20260710 032809.794 INFO             PET0       ---------------------> to:    0  1  1  0  1 30   0
20260710 032809.794 INFO             PET0       MODEL: time step-loop ending,   current time:    0  1  1  0  1 30   0
20260710 032809.794 INFO             PET0       <<<MODEL: leaving Run (phase=RunPhase1) with current time:    0  1  1  0  1 30   0
20260710 032809.794 INFO             PET0       MODEL: Run extro {IS}:--- StateLog() start -----------------
20260710 032809.794 INFO             PET0       MODEL: Run extro {IS}:<name: MODEL-ImportState> <intent: ESMF_STATEINTENT_IMPORT> <itemCount:    0>
20260710 032809.794 INFO             PET0       MODEL: Run extro {IS}:--- StateLog() end -------------------
20260710 032809.794 INFO             PET0       MODEL: Run extro {ES}:--- StateLog() start -----------------
20260710 032809.794 INFO             PET0       MODEL: Run extro {ES}:<name: MODEL-ExportState> <intent: ESMF_STATEINTENT_EXPORT> <itemCount:    2>
20260710 032809.794 INFO             PET0       MODEL: Run extro {ES}:+-<item: 0001> <itemType: Field> <itemName: pmsl>
20260710 032809.794 INFO             PET0       MODEL: Run extro {ES}:!--- FieldLog() start -----------------
20260710 032809.794 INFO             PET0       MODEL: Run extro {ES}:! <name: pmsl> <fieldStatus: ESMF_FIELDSTATUS_COMPLETE>
20260710 032809.794 INFO             PET0       MODEL: Run extro {ES}:! 0x7fffa2a96be0 => 0x1506f2ea7100 => 0x137b11a0
20260710 032809.794 INFO             PET0       MODEL: Run extro {ES}:! <typekind: Real*8> <rank:    2> <dimCount:    2>
20260710 032809.794 INFO             PET0       MODEL: Run extro {ES}:! ! --- Array::log() start -----------------------------------
20260710 032809.794 INFO             PET0       MODEL: Run extro {ES}:! ! 0x137b1aa0
20260710 032809.794 INFO             PET0       MODEL: Run extro {ES}:! ! <name: pmsl>
20260710 032809.794 INFO             PET0       MODEL: Run extro {ES}:! ! ! --- DistGrid::log() start --------------------------------
20260710 032809.794 INFO             PET0       MODEL: Run extro {ES}:! ! ! 0x137ae800
20260710 032809.794 INFO             PET0       MODEL: Run extro {ES}:! ! ! DistGrid object is valid!<name: DG-Grid004-sloc:0>
20260710 032809.794 INFO             PET0       MODEL: Run extro {ES}:! ! ! --- DistGrid::log() end ----------------------------------
20260710 032809.794 INFO             PET0       MODEL: Run extro {ES}:! ! --- Array::log() end -------------------------------------
20260710 032809.794 INFO             PET0       MODEL: Run extro {ES}:!--- FieldLog() end -------------------
20260710 032809.794 INFO             PET0       MODEL: Run extro {ES}:+-<item: 0002> <itemType: Field> <itemName: rsns>
20260710 032809.794 INFO             PET0       MODEL: Run extro {ES}:!--- FieldLog() start -----------------
20260710 032809.795 INFO             PET0       MODEL: Run extro {ES}:! <name: rsns> <fieldStatus: ESMF_FIELDSTATUS_COMPLETE>
20260710 032809.795 INFO             PET0       MODEL: Run extro {ES}:! 0x7fffa2a96be0 => 0x1506f2ea6e80 => 0x137b3520
20260710 032809.795 INFO             PET0       MODEL: Run extro {ES}:! <typekind: Real*8> <rank:    2> <dimCount:    2>
20260710 032809.795 INFO             PET0       MODEL: Run extro {ES}:! ! --- Array::log() start -----------------------------------
20260710 032809.795 INFO             PET0       MODEL: Run extro {ES}:! ! 0x137b3d40
20260710 032809.795 INFO             PET0       MODEL: Run extro {ES}:! ! <name: rsns>
20260710 032809.795 INFO             PET0       MODEL: Run extro {ES}:! ! ! --- DistGrid::log() start --------------------------------
20260710 032809.795 INFO             PET0       MODEL: Run extro {ES}:! ! ! 0x137ae800
20260710 032809.795 INFO             PET0       MODEL: Run extro {ES}:! ! ! DistGrid object is valid!<name: DG-Grid004-sloc:0>
20260710 032809.795 INFO             PET0       MODEL: Run extro {ES}:! ! ! --- DistGrid::log() end ----------------------------------
20260710 032809.795 INFO             PET0       MODEL: Run extro {ES}:! ! --- Array::log() end -------------------------------------
20260710 032809.795 INFO             PET0       MODEL: Run extro {ES}:!--- FieldLog() end -------------------
20260710 032809.795 INFO             PET0       MODEL: Run extro {ES}:--- StateLog() end -------------------
20260710 032809.795 INFO             PET0     MODEL: Run extro.
20260710 032809.795 INFO             PET0     driver: RunSequence event loopLevel=   1  levelMember=   1  loopIteration=   4, current time:    0  1  1  0  1 30   0
20260710 032809.795 INFO             PET0     MODEL: Run intro.
20260710 032809.795 INFO             PET0       MODEL: Run intro {IS}:--- StateLog() start -----------------
20260710 032809.795 INFO             PET0       MODEL: Run intro {IS}:<name: MODEL-ImportState> <intent: ESMF_STATEINTENT_IMPORT> <itemCount:    0>
20260710 032809.795 INFO             PET0       MODEL: Run intro {IS}:--- StateLog() end -------------------
20260710 032809.795 INFO             PET0       MODEL: Run intro {ES}:--- StateLog() start -----------------
20260710 032809.795 INFO             PET0       MODEL: Run intro {ES}:<name: MODEL-ExportState> <intent: ESMF_STATEINTENT_EXPORT> <itemCount:    2>
20260710 032809.795 INFO             PET0       MODEL: Run intro {ES}:+-<item: 0001> <itemType: Field> <itemName: pmsl>
20260710 032809.795 INFO             PET0       MODEL: Run intro {ES}:!--- FieldLog() start -----------------
20260710 032809.795 INFO             PET0       MODEL: Run intro {ES}:! <name: pmsl> <fieldStatus: ESMF_FIELDSTATUS_COMPLETE>
20260710 032809.795 INFO             PET0       MODEL: Run intro {ES}:! 0x7fffa2a96730 => 0x1506f2ea7100 => 0x137b11a0
20260710 032809.795 INFO             PET0       MODEL: Run intro {ES}:! <typekind: Real*8> <rank:    2> <dimCount:    2>
20260710 032809.795 INFO             PET0       MODEL: Run intro {ES}:! ! --- Array::log() start -----------------------------------
20260710 032809.795 INFO             PET0       MODEL: Run intro {ES}:! ! 0x137b1aa0
20260710 032809.795 INFO             PET0       MODEL: Run intro {ES}:! ! <name: pmsl>
20260710 032809.795 INFO             PET0       MODEL: Run intro {ES}:! ! ! --- DistGrid::log() start --------------------------------
20260710 032809.795 INFO             PET0       MODEL: Run intro {ES}:! ! ! 0x137ae800
20260710 032809.795 INFO             PET0       MODEL: Run intro {ES}:! ! ! DistGrid object is valid!<name: DG-Grid004-sloc:0>
20260710 032809.795 INFO             PET0       MODEL: Run intro {ES}:! ! ! --- DistGrid::log() end ----------------------------------
20260710 032809.795 INFO             PET0       MODEL: Run intro {ES}:! ! --- Array::log() end -------------------------------------
20260710 032809.795 INFO             PET0       MODEL: Run intro {ES}:!--- FieldLog() end -------------------
20260710 032809.795 INFO             PET0       MODEL: Run intro {ES}:+-<item: 0002> <itemType: Field> <itemName: rsns>
20260710 032809.795 INFO             PET0       MODEL: Run intro {ES}:!--- FieldLog() start -----------------
20260710 032809.795 INFO             PET0       MODEL: Run intro {ES}:! <name: rsns> <fieldStatus: ESMF_FIELDSTATUS_COMPLETE>
20260710 032809.795 INFO             PET0       MODEL: Run intro {ES}:! 0x7fffa2a96730 => 0x1506f2ea6e80 => 0x137b3520
20260710 032809.795 INFO             PET0       MODEL: Run intro {ES}:! <typekind: Real*8> <rank:    2> <dimCount:    2>
20260710 032809.795 INFO             PET0       MODEL: Run intro {ES}:! ! --- Array::log() start -----------------------------------
20260710 032809.795 INFO             PET0       MODEL: Run intro {ES}:! ! 0x137b3d40
20260710 032809.795 INFO             PET0       MODEL: Run intro {ES}:! ! <name: rsns>
20260710 032809.795 INFO             PET0       MODEL: Run intro {ES}:! ! ! --- DistGrid::log() start --------------------------------
20260710 032809.795 INFO             PET0       MODEL: Run intro {ES}:! ! ! 0x137ae800
20260710 032809.795 INFO             PET0       MODEL: Run intro {ES}:! ! ! DistGrid object is valid!<name: DG-Grid004-sloc:0>
20260710 032809.795 INFO             PET0       MODEL: Run intro {ES}:! ! ! --- DistGrid::log() end ----------------------------------
20260710 032809.795 INFO             PET0       MODEL: Run intro {ES}:! ! --- Array::log() end -------------------------------------
20260710 032809.795 INFO             PET0       MODEL: Run intro {ES}:!--- FieldLog() end -------------------
20260710 032809.795 INFO             PET0       MODEL: Run intro {ES}:--- StateLog() end -------------------
20260710 032809.795 INFO             PET0       >>>MODEL: entered Run (phase=RunPhase1) with current time:    0  1  1  0  1 30   0
20260710 032809.795 INFO             PET0       MODEL: time step-loop starting, current time:    0  1  1  0  1 30   0
20260710 032809.795 INFO             PET0       thread_num=   1   currentSsiPe=   1   num_threads=   2   max_threads=   2   num_procs=   2
20260710 032809.795 INFO             PET0       thread_num=   0   currentSsiPe=   0   num_threads=   2   max_threads=   2   num_procs=   2
20260710 032809.795 INFO             PET0       ---->Advancing Model from:    0  1  1  0  1 30   0
20260710 032809.795 INFO             PET0       ---------------------> to:    0  1  1  0  2  0   0
20260710 032809.795 INFO             PET0       MODEL: time step-loop ending,   current time:    0  1  1  0  2  0   0
20260710 032809.795 INFO             PET0       <<<MODEL: leaving Run (phase=RunPhase1) with current time:    0  1  1  0  2  0   0
20260710 032809.795 INFO             PET0       MODEL: Run extro {IS}:--- StateLog() start -----------------
20260710 032809.795 INFO             PET0       MODEL: Run extro {IS}:<name: MODEL-ImportState> <intent: ESMF_STATEINTENT_IMPORT> <itemCount:    0>
20260710 032809.795 INFO             PET0       MODEL: Run extro {IS}:--- StateLog() end -------------------
20260710 032809.795 INFO             PET0       MODEL: Run extro {ES}:--- StateLog() start -----------------
20260710 032809.795 INFO             PET0       MODEL: Run extro {ES}:<name: MODEL-ExportState> <intent: ESMF_STATEINTENT_EXPORT> <itemCount:    2>
20260710 032809.795 INFO             PET0       MODEL: Run extro {ES}:+-<item: 0001> <itemType: Field> <itemName: pmsl>
20260710 032809.795 INFO             PET0       MODEL: Run extro {ES}:!--- FieldLog() start -----------------
20260710 032809.795 INFO             PET0       MODEL: Run extro {ES}:! <name: pmsl> <fieldStatus: ESMF_FIELDSTATUS_COMPLETE>
20260710 032809.795 INFO             PET0       MODEL: Run extro {ES}:! 0x7fffa2a96be0 => 0x1506f2ea7100 => 0x137b11a0
20260710 032809.795 INFO             PET0       MODEL: Run extro {ES}:! <typekind: Real*8> <rank:    2> <dimCount:    2>
20260710 032809.795 INFO             PET0       MODEL: Run extro {ES}:! ! --- Array::log() start -----------------------------------
20260710 032809.795 INFO             PET0       MODEL: Run extro {ES}:! ! 0x137b1aa0
20260710 032809.795 INFO             PET0       MODEL: Run extro {ES}:! ! <name: pmsl>
20260710 032809.795 INFO             PET0       MODEL: Run extro {ES}:! ! ! --- DistGrid::log() start --------------------------------
20260710 032809.795 INFO             PET0       MODEL: Run extro {ES}:! ! ! 0x137ae800
20260710 032809.795 INFO             PET0       MODEL: Run extro {ES}:! ! ! DistGrid object is valid!<name: DG-Grid004-sloc:0>
20260710 032809.795 INFO             PET0       MODEL: Run extro {ES}:! ! ! --- DistGrid::log() end ----------------------------------
20260710 032809.796 INFO             PET0       MODEL: Run extro {ES}:! ! --- Array::log() end -------------------------------------
20260710 032809.796 INFO             PET0       MODEL: Run extro {ES}:!--- FieldLog() end -------------------
20260710 032809.796 INFO             PET0       MODEL: Run extro {ES}:+-<item: 0002> <itemType: Field> <itemName: rsns>
20260710 032809.796 INFO             PET0       MODEL: Run extro {ES}:!--- FieldLog() start -----------------
20260710 032809.796 INFO             PET0       MODEL: Run extro {ES}:! <name: rsns> <fieldStatus: ESMF_FIELDSTATUS_COMPLETE>
20260710 032809.796 INFO             PET0       MODEL: Run extro {ES}:! 0x7fffa2a96be0 => 0x1506f2ea6e80 => 0x137b3520
20260710 032809.796 INFO             PET0       MODEL: Run extro {ES}:! <typekind: Real*8> <rank:    2> <dimCount:    2>
20260710 032809.796 INFO             PET0       MODEL: Run extro {ES}:! ! --- Array::log() start -----------------------------------
20260710 032809.796 INFO             PET0       MODEL: Run extro {ES}:! ! 0x137b3d40
20260710 032809.796 INFO             PET0       MODEL: Run extro {ES}:! ! <name: rsns>
20260710 032809.796 INFO             PET0       MODEL: Run extro {ES}:! ! ! --- DistGrid::log() start --------------------------------
20260710 032809.796 INFO             PET0       MODEL: Run extro {ES}:! ! ! 0x137ae800
20260710 032809.796 INFO             PET0       MODEL: Run extro {ES}:! ! ! DistGrid object is valid!<name: DG-Grid004-sloc:0>
20260710 032809.796 INFO             PET0       MODEL: Run extro {ES}:! ! ! --- DistGrid::log() end ----------------------------------
20260710 032809.796 INFO             PET0       MODEL: Run extro {ES}:! ! --- Array::log() end -------------------------------------
20260710 032809.796 INFO             PET0       MODEL: Run extro {ES}:!--- FieldLog() end -------------------
20260710 032809.796 INFO             PET0       MODEL: Run extro {ES}:--- StateLog() end -------------------
20260710 032809.796 INFO             PET0     MODEL: Run extro.
20260710 032809.796 INFO             PET0     driver: RunSequence event loopLevel=   1  levelMember=   1  loopIteration=   5, current time:    0  1  1  0  2  0   0
20260710 032809.796 INFO             PET0     MODEL: Run intro.
20260710 032809.796 INFO             PET0       MODEL: Run intro {IS}:--- StateLog() start -----------------
20260710 032809.796 INFO             PET0       MODEL: Run intro {IS}:<name: MODEL-ImportState> <intent: ESMF_STATEINTENT_IMPORT> <itemCount:    0>
20260710 032809.796 INFO             PET0       MODEL: Run intro {IS}:--- StateLog() end -------------------
20260710 032809.796 INFO             PET0       MODEL: Run intro {ES}:--- StateLog() start -----------------
20260710 032809.796 INFO             PET0       MODEL: Run intro {ES}:<name: MODEL-ExportState> <intent: ESMF_STATEINTENT_EXPORT> <itemCount:    2>
20260710 032809.796 INFO             PET0       MODEL: Run intro {ES}:+-<item: 0001> <itemType: Field> <itemName: pmsl>
20260710 032809.796 INFO             PET0       MODEL: Run intro {ES}:!--- FieldLog() start -----------------
20260710 032809.796 INFO             PET0       MODEL: Run intro {ES}:! <name: pmsl> <fieldStatus: ESMF_FIELDSTATUS_COMPLETE>
20260710 032809.796 INFO             PET0       MODEL: Run intro {ES}:! 0x7fffa2a96730 => 0x1506f2ea7100 => 0x137b11a0
20260710 032809.796 INFO             PET0       MODEL: Run intro {ES}:! <typekind: Real*8> <rank:    2> <dimCount:    2>
20260710 032809.796 INFO             PET0       MODEL: Run intro {ES}:! ! --- Array::log() start -----------------------------------
20260710 032809.796 INFO             PET0       MODEL: Run intro {ES}:! ! 0x137b1aa0
20260710 032809.796 INFO             PET0       MODEL: Run intro {ES}:! ! <name: pmsl>
20260710 032809.796 INFO             PET0       MODEL: Run intro {ES}:! ! ! --- DistGrid::log() start --------------------------------
20260710 032809.796 INFO             PET0       MODEL: Run intro {ES}:! ! ! 0x137ae800
20260710 032809.796 INFO             PET0       MODEL: Run intro {ES}:! ! ! DistGrid object is valid!<name: DG-Grid004-sloc:0>
20260710 032809.796 INFO             PET0       MODEL: Run intro {ES}:! ! ! --- DistGrid::log() end ----------------------------------
20260710 032809.796 INFO             PET0       MODEL: Run intro {ES}:! ! --- Array::log() end -------------------------------------
20260710 032809.796 INFO             PET0       MODEL: Run intro {ES}:!--- FieldLog() end -------------------
20260710 032809.796 INFO             PET0       MODEL: Run intro {ES}:+-<item: 0002> <itemType: Field> <itemName: rsns>
20260710 032809.796 INFO             PET0       MODEL: Run intro {ES}:!--- FieldLog() start -----------------
20260710 032809.796 INFO             PET0       MODEL: Run intro {ES}:! <name: rsns> <fieldStatus: ESMF_FIELDSTATUS_COMPLETE>
20260710 032809.796 INFO             PET0       MODEL: Run intro {ES}:! 0x7fffa2a96730 => 0x1506f2ea6e80 => 0x137b3520
20260710 032809.796 INFO             PET0       MODEL: Run intro {ES}:! <typekind: Real*8> <rank:    2> <dimCount:    2>
20260710 032809.796 INFO             PET0       MODEL: Run intro {ES}:! ! --- Array::log() start -----------------------------------
20260710 032809.796 INFO             PET0       MODEL: Run intro {ES}:! ! 0x137b3d40
20260710 032809.796 INFO             PET0       MODEL: Run intro {ES}:! ! <name: rsns>
20260710 032809.796 INFO             PET0       MODEL: Run intro {ES}:! ! ! --- DistGrid::log() start --------------------------------
20260710 032809.796 INFO             PET0       MODEL: Run intro {ES}:! ! ! 0x137ae800
20260710 032809.796 INFO             PET0       MODEL: Run intro {ES}:! ! ! DistGrid object is valid!<name: DG-Grid004-sloc:0>
20260710 032809.796 INFO             PET0       MODEL: Run intro {ES}:! ! ! --- DistGrid::log() end ----------------------------------
20260710 032809.796 INFO             PET0       MODEL: Run intro {ES}:! ! --- Array::log() end -------------------------------------
20260710 032809.796 INFO             PET0       MODEL: Run intro {ES}:!--- FieldLog() end -------------------
20260710 032809.796 INFO             PET0       MODEL: Run intro {ES}:--- StateLog() end -------------------
20260710 032809.796 INFO             PET0       >>>MODEL: entered Run (phase=RunPhase1) with current time:    0  1  1  0  2  0   0
20260710 032809.796 INFO             PET0       MODEL: time step-loop starting, current time:    0  1  1  0  2  0   0
20260710 032809.796 INFO             PET0       thread_num=   0   currentSsiPe=   0   num_threads=   2   max_threads=   2   num_procs=   2
20260710 032809.796 INFO             PET0       thread_num=   1   currentSsiPe=   1   num_threads=   2   max_threads=   2   num_procs=   2
20260710 032809.796 INFO             PET0       ---->Advancing Model from:    0  1  1  0  2  0   0
20260710 032809.796 INFO             PET0       ---------------------> to:    0  1  1  0  2 30   0
20260710 032809.796 INFO             PET0       MODEL: time step-loop ending,   current time:    0  1  1  0  2 30   0
20260710 032809.796 INFO             PET0       <<<MODEL: leaving Run (phase=RunPhase1) with current time:    0  1  1  0  2 30   0
20260710 032809.796 INFO             PET0       MODEL: Run extro {IS}:--- StateLog() start -----------------
20260710 032809.796 INFO             PET0       MODEL: Run extro {IS}:<name: MODEL-ImportState> <intent: ESMF_STATEINTENT_IMPORT> <itemCount:    0>
20260710 032809.796 INFO             PET0       MODEL: Run extro {IS}:--- StateLog() end -------------------
20260710 032809.796 INFO             PET0       MODEL: Run extro {ES}:--- StateLog() start -----------------
20260710 032809.796 INFO             PET0       MODEL: Run extro {ES}:<name: MODEL-ExportState> <intent: ESMF_STATEINTENT_EXPORT> <itemCount:    2>
20260710 032809.796 INFO             PET0       MODEL: Run extro {ES}:+-<item: 0001> <itemType: Field> <itemName: pmsl>
20260710 032809.796 INFO             PET0       MODEL: Run extro {ES}:!--- FieldLog() start -----------------
20260710 032809.796 INFO             PET0       MODEL: Run extro {ES}:! <name: pmsl> <fieldStatus: ESMF_FIELDSTATUS_COMPLETE>
20260710 032809.796 INFO             PET0       MODEL: Run extro {ES}:! 0x7fffa2a96be0 => 0x1506f2ea7100 => 0x137b11a0
20260710 032809.797 INFO             PET0       MODEL: Run extro {ES}:! <typekind: Real*8> <rank:    2> <dimCount:    2>
20260710 032809.797 INFO             PET0       MODEL: Run extro {ES}:! ! --- Array::log() start -----------------------------------
20260710 032809.797 INFO             PET0       MODEL: Run extro {ES}:! ! 0x137b1aa0
20260710 032809.797 INFO             PET0       MODEL: Run extro {ES}:! ! <name: pmsl>
20260710 032809.797 INFO             PET0       MODEL: Run extro {ES}:! ! ! --- DistGrid::log() start --------------------------------
20260710 032809.797 INFO             PET0       MODEL: Run extro {ES}:! ! ! 0x137ae800
20260710 032809.797 INFO             PET0       MODEL: Run extro {ES}:! ! ! DistGrid object is valid!<name: DG-Grid004-sloc:0>
20260710 032809.797 INFO             PET0       MODEL: Run extro {ES}:! ! ! --- DistGrid::log() end ----------------------------------
20260710 032809.797 INFO             PET0       MODEL: Run extro {ES}:! ! --- Array::log() end -------------------------------------
20260710 032809.797 INFO             PET0       MODEL: Run extro {ES}:!--- FieldLog() end -------------------
20260710 032809.797 INFO             PET0       MODEL: Run extro {ES}:+-<item: 0002> <itemType: Field> <itemName: rsns>
20260710 032809.797 INFO             PET0       MODEL: Run extro {ES}:!--- FieldLog() start -----------------
20260710 032809.797 INFO             PET0       MODEL: Run extro {ES}:! <name: rsns> <fieldStatus: ESMF_FIELDSTATUS_COMPLETE>
20260710 032809.797 INFO             PET0       MODEL: Run extro {ES}:! 0x7fffa2a96be0 => 0x1506f2ea6e80 => 0x137b3520
20260710 032809.797 INFO             PET0       MODEL: Run extro {ES}:! <typekind: Real*8> <rank:    2> <dimCount:    2>
20260710 032809.797 INFO             PET0       MODEL: Run extro {ES}:! ! --- Array::log() start -----------------------------------
20260710 032809.797 INFO             PET0       MODEL: Run extro {ES}:! ! 0x137b3d40
20260710 032809.797 INFO             PET0       MODEL: Run extro {ES}:! ! <name: rsns>
20260710 032809.797 INFO             PET0       MODEL: Run extro {ES}:! ! ! --- DistGrid::log() start --------------------------------
20260710 032809.797 INFO             PET0       MODEL: Run extro {ES}:! ! ! 0x137ae800
20260710 032809.797 INFO             PET0       MODEL: Run extro {ES}:! ! ! DistGrid object is valid!<name: DG-Grid004-sloc:0>
20260710 032809.797 INFO             PET0       MODEL: Run extro {ES}:! ! ! --- DistGrid::log() end ----------------------------------
20260710 032809.797 INFO             PET0       MODEL: Run extro {ES}:! ! --- Array::log() end -------------------------------------
20260710 032809.797 INFO             PET0       MODEL: Run extro {ES}:!--- FieldLog() end -------------------
20260710 032809.797 INFO             PET0       MODEL: Run extro {ES}:--- StateLog() end -------------------
20260710 032809.797 INFO             PET0     MODEL: Run extro.
20260710 032809.797 INFO             PET0   driver: end <--------- RunSequence
20260710 032809.797 INFO             PET0   <<<driver: leaving Run (phase=RunPhase1) with current time:    0  1  1  0  2 30   0
20260710 032809.797 INFO             PET0   driver: Run extro {IS}:--- StateLog() start -----------------
20260710 032809.797 INFO             PET0   driver: Run extro {IS}:State object is invalid! Not created or deleted!
20260710 032809.797 INFO             PET0   driver: Run extro {IS}:--- StateLog() end -------------------
20260710 032809.797 INFO             PET0   driver: Run extro {ES}:--- StateLog() start -----------------
20260710 032809.797 INFO             PET0   driver: Run extro {ES}:State object is invalid! Not created or deleted!
20260710 032809.797 INFO             PET0   driver: Run extro {ES}:--- StateLog() end -------------------
20260710 032809.797 INFO             PET0 driver: Run extro.
20260710 032809.797 INFO             PET0 driver: Finalize intro.
20260710 032809.797 INFO             PET0   driver: Finalize intro {IS}:--- StateLog() start -----------------
20260710 032809.797 INFO             PET0   driver: Finalize intro {IS}:State object is invalid! Not created or deleted!
20260710 032809.797 INFO             PET0   driver: Finalize intro {IS}:--- StateLog() end -------------------
20260710 032809.797 INFO             PET0   driver: Finalize intro {ES}:--- StateLog() start -----------------
20260710 032809.797 INFO             PET0   driver: Finalize intro {ES}:State object is invalid! Not created or deleted!
20260710 032809.797 INFO             PET0   driver: Finalize intro {ES}:--- StateLog() end -------------------
20260710 032809.797 INFO             PET0   >>>driver: entered Finalize (phase=FinalizePhase1) with current time:    0  1  1  0  2 30   0
20260710 032809.797 INFO             PET0   Calling Finalize phase 1 for modelComp: MODEL
20260710 032809.797 INFO             PET0   MODEL: Finalize intro.
20260710 032809.797 INFO             PET0     MODEL: Finalize intro {IS}:--- StateLog() start -----------------
20260710 032809.797 INFO             PET0     MODEL: Finalize intro {IS}:<name: MODEL-ImportState> <intent: ESMF_STATEINTENT_IMPORT> <itemCount:    0>
20260710 032809.797 INFO             PET0     MODEL: Finalize intro {IS}:--- StateLog() end -------------------
20260710 032809.797 INFO             PET0     MODEL: Finalize intro {ES}:--- StateLog() start -----------------
20260710 032809.797 INFO             PET0     MODEL: Finalize intro {ES}:<name: MODEL-ExportState> <intent: ESMF_STATEINTENT_EXPORT> <itemCount:    2>
20260710 032809.797 INFO             PET0     MODEL: Finalize intro {ES}:+-<item: 0001> <itemType: Field> <itemName: pmsl>
20260710 032809.797 INFO             PET0     MODEL: Finalize intro {ES}:!--- FieldLog() start -----------------
20260710 032809.797 INFO             PET0     MODEL: Finalize intro {ES}:! <name: pmsl> <fieldStatus: ESMF_FIELDSTATUS_COMPLETE>
20260710 032809.797 INFO             PET0     MODEL: Finalize intro {ES}:! 0x7fffa2a986a0 => 0x1506f2ea7100 => 0x137b11a0
20260710 032809.797 INFO             PET0     MODEL: Finalize intro {ES}:! <typekind: Real*8> <rank:    2> <dimCount:    2>
20260710 032809.797 INFO             PET0     MODEL: Finalize intro {ES}:! ! --- Array::log() start -----------------------------------
20260710 032809.797 INFO             PET0     MODEL: Finalize intro {ES}:! ! 0x137b1aa0
20260710 032809.797 INFO             PET0     MODEL: Finalize intro {ES}:! ! <name: pmsl>
20260710 032809.797 INFO             PET0     MODEL: Finalize intro {ES}:! ! ! --- DistGrid::log() start --------------------------------
20260710 032809.797 INFO             PET0     MODEL: Finalize intro {ES}:! ! ! 0x137ae800
20260710 032809.797 INFO             PET0     MODEL: Finalize intro {ES}:! ! ! DistGrid object is valid!<name: DG-Grid004-sloc:0>
20260710 032809.797 INFO             PET0     MODEL: Finalize intro {ES}:! ! ! --- DistGrid::log() end ----------------------------------
20260710 032809.797 INFO             PET0     MODEL: Finalize intro {ES}:! ! --- Array::log() end -------------------------------------
20260710 032809.797 INFO             PET0     MODEL: Finalize intro {ES}:!--- FieldLog() end -------------------
20260710 032809.797 INFO             PET0     MODEL: Finalize intro {ES}:+-<item: 0002> <itemType: Field> <itemName: rsns>
20260710 032809.797 INFO             PET0     MODEL: Finalize intro {ES}:!--- FieldLog() start -----------------
20260710 032809.797 INFO             PET0     MODEL: Finalize intro {ES}:! <name: rsns> <fieldStatus: ESMF_FIELDSTATUS_COMPLETE>
20260710 032809.797 INFO             PET0     MODEL: Finalize intro {ES}:! 0x7fffa2a986a0 => 0x1506f2ea6e80 => 0x137b3520
20260710 032809.797 INFO             PET0     MODEL: Finalize intro {ES}:! <typekind: Real*8> <rank:    2> <dimCount:    2>
20260710 032809.797 INFO             PET0     MODEL: Finalize intro {ES}:! ! --- Array::log() start -----------------------------------
20260710 032809.797 INFO             PET0     MODEL: Finalize intro {ES}:! ! 0x137b3d40
20260710 032809.797 INFO             PET0     MODEL: Finalize intro {ES}:! ! <name: rsns>
20260710 032809.797 INFO             PET0     MODEL: Finalize intro {ES}:! ! ! --- DistGrid::log() start --------------------------------
20260710 032809.797 INFO             PET0     MODEL: Finalize intro {ES}:! ! ! 0x137ae800
20260710 032809.797 INFO             PET0     MODEL: Finalize intro {ES}:! ! ! DistGrid object is valid!<name: DG-Grid004-sloc:0>
20260710 032809.797 INFO             PET0     MODEL: Finalize intro {ES}:! ! ! --- DistGrid::log() end ----------------------------------
20260710 032809.797 INFO             PET0     MODEL: Finalize intro {ES}:! ! --- Array::log() end -------------------------------------
20260710 032809.797 INFO             PET0     MODEL: Finalize intro {ES}:!--- FieldLog() end -------------------
20260710 032809.797 INFO             PET0     MODEL: Finalize intro {ES}:--- StateLog() end -------------------
20260710 032809.798 INFO             PET0     >>>MODEL: entered Finalize (phase=FinalizePhase1) with current time:    0  1  1  0  2 30   0
20260710 032809.798 INFO             PET0     <<<MODEL: leaving Finalize (phase=FinalizePhase1) with current time:    0  1  1  0  2 30   0
20260710 032809.798 INFO             PET0   MODEL: Finalize extro.
20260710 032809.798 INFO             PET0   Delete modelComp: MODEL
20260710 032809.798 INFO             PET0   Delete Import-/Export State for modelComp: MODEL
20260710 032809.798 INFO             PET0   <<<driver: leaving Finalize (phase=FinalizePhase1) with current time:    0  1  1  0  2 30   0
20260710 032809.798 INFO             PET0 driver: Finalize extro.
20260710 032809.798 INFO             PET0 mainApp FINISHED
20260710 032809.798 INFO             PET0  Finalizing ESMF
20260710 032809.763 INFO             PET1 !!!!!!!!!!!!!!!!!!!!!!!!!!!!!!!!!!!!!!!!!!!!!!!!!!!!!!
20260710 032809.763 INFO             PET1 !!! THE ESMF_LOG IS SET TO OUTPUT ALL LOG MESSAGES !!!
20260710 032809.763 INFO             PET1 !!!     THIS MAY CAUSE SLOWDOWN IN PERFORMANCE     !!!
20260710 032809.763 INFO             PET1 !!! FOR PRODUCTION RUNS, USE:                      !!!
20260710 032809.763 INFO             PET1 !!!                   ESMF_LOGKIND_Multi_On_Error  !!!
20260710 032809.763 INFO             PET1 !!!!!!!!!!!!!!!!!!!!!!!!!!!!!!!!!!!!!!!!!!!!!!!!!!!!!!
20260710 032809.763 INFO             PET1 Running with ESMF Version   : feature/refresh-bmauer-c_dynmask_interface+ge07d076824
20260710 032809.763 INFO             PET1 ESMF library build date/time: "Jul 10 2026" "01:54:58"
20260710 032809.763 INFO             PET1 ESMF library build location : /glade/derecho/scratch/sacks/esmf-testing/intel_2024.2.1-oneAPI_mpi_g_feature_refresh-bmauer-c_dynmask_interface/esmf
20260710 032809.763 INFO             PET1 ESMF_COMM                   : mpi
20260710 032809.764 INFO             PET1 ESMF_MOAB                   : enabled
20260710 032809.764 INFO             PET1 ESMF_LAPACK                 : enabled
20260710 032809.764 INFO             PET1 ESMF_NETCDF                 : enabled
20260710 032809.764 INFO             PET1 ESMF_PNETCDF                : disabled
20260710 032809.764 INFO             PET1 ESMF_PIO                    : enabled
20260710 032809.764 INFO             PET1 ESMF_YAMLCPP                : enabled
20260710 032809.764 INFO             PET1 mainApp STARTING
20260710 032809.768 INFO             PET1 driver: InitializeGeneric intro.
20260710 032809.768 INFO             PET1   driver: InitializeGeneric intro {IS}:--- StateLog() start -----------------
20260710 032809.768 INFO             PET1   driver: InitializeGeneric intro {IS}:State object is invalid! Not created or deleted!
20260710 032809.768 INFO             PET1   driver: InitializeGeneric intro {IS}:--- StateLog() end -------------------
20260710 032809.768 INFO             PET1   driver: InitializeGeneric intro {ES}:--- StateLog() start -----------------
20260710 032809.768 INFO             PET1   driver: InitializeGeneric intro {ES}:State object is invalid! Not created or deleted!
20260710 032809.768 INFO             PET1   driver: InitializeGeneric intro {ES}:--- StateLog() end -------------------
20260710 032809.768 INFO             PET1   >>>driver: entered Initialize (phase=<none>) without valid internal Clock.
20260710 032809.768 INFO             PET1   driver: InitializeP0 intro.
20260710 032809.768 INFO             PET1     driver: InitializeP0 intro {IS}:--- StateLog() start -----------------
20260710 032809.768 INFO             PET1     driver: InitializeP0 intro {IS}:State object is invalid! Not created or deleted!
20260710 032809.768 INFO             PET1     driver: InitializeP0 intro {IS}:--- StateLog() end -------------------
20260710 032809.768 INFO             PET1     driver: InitializeP0 intro {ES}:--- StateLog() start -----------------
20260710 032809.768 INFO             PET1     driver: InitializeP0 intro {ES}:State object is invalid! Not created or deleted!
20260710 032809.768 INFO             PET1     driver: InitializeP0 intro {ES}:--- StateLog() end -------------------
20260710 032809.768 INFO             PET1     >>>driver: entered Initialize (phase=<none>) without valid internal Clock.
20260710 032809.768 INFO             PET1     <<<driver: leaving Initialize (phase=<none>) without valid internal Clock.
20260710 032809.768 INFO             PET1     driver: InitializeP0 extro {IS}:--- StateLog() start -----------------
20260710 032809.768 INFO             PET1     driver: InitializeP0 extro {IS}:State object is invalid! Not created or deleted!
20260710 032809.768 INFO             PET1     driver: InitializeP0 extro {IS}:--- StateLog() end -------------------
20260710 032809.768 INFO             PET1     driver: InitializeP0 extro {ES}:--- StateLog() start -----------------
20260710 032809.768 INFO             PET1     driver: InitializeP0 extro {ES}:State object is invalid! Not created or deleted!
20260710 032809.768 INFO             PET1     driver: InitializeP0 extro {ES}:--- StateLog() end -------------------
20260710 032809.768 INFO             PET1   driver: InitializeP0 extro.
20260710 032809.768 INFO             PET1   driver: InitializeIPDv02p1 intro.
20260710 032809.768 INFO             PET1     driver: InitializeIPDv02p1 intro {IS}:--- StateLog() start -----------------
20260710 032809.768 INFO             PET1     driver: InitializeIPDv02p1 intro {IS}:State object is invalid! Not created or deleted!
20260710 032809.768 INFO             PET1     driver: InitializeIPDv02p1 intro {IS}:--- StateLog() end -------------------
20260710 032809.768 INFO             PET1     driver: InitializeIPDv02p1 intro {ES}:--- StateLog() start -----------------
20260710 032809.769 INFO             PET1     driver: InitializeIPDv02p1 intro {ES}:State object is invalid! Not created or deleted!
20260710 032809.769 INFO             PET1     driver: InitializeIPDv02p1 intro {ES}:--- StateLog() end -------------------
20260710 032809.769 INFO             PET1     >>>driver: entered Initialize (phase=<none>) without valid internal Clock.
20260710 032809.769 INFO             PET1     driver - Creating model component MODEL without petList.
20260710 032809.769 DEBUG            PET1     Generic SetVM() is executing for: MODEL
20260710 032809.769 DEBUG            PET1     Generic SetVM() is calling ESMF_GridCompSetVMMaxPEs() for: MODEL with:
20260710 032809.769 DEBUG            PET1      -             MaxCount =          2
20260710 032809.769 DEBUG            PET1      -       OpenMpHandling =
20260710 032809.769 DEBUG            PET1      -     OpenMpNumThreads =         -1
20260710 032809.769 DEBUG            PET1      -   ForceChildPthreads =          F
20260710 032809.769 DEBUG            PET1      -  PthreadMinStackSize =         -1
20260710 032809.769 DEBUG            PET1     vmkt_create()#229 Pthread: service=1 (0: actual PET, 1: service thread) - PTHREAD_STACK_MIN: 16384 bytes stack_size: 4194304 bytes
20260710 032809.769 DEBUG            PET1     vmkt_create()#229 Pthread: service=1 (0: actual PET, 1: service thread) - PTHREAD_STACK_MIN: 16384 bytes stack_size: 4194304 bytes
20260710 032809.772 INFO             PET1      GridCompIsPetLocal:  T
20260710 032809.772 INFO             PET1      VmIsCreated:  T
20260710 032809.772 INFO             PET1      MPI_COMM_NULL
20260710 032809.772 INFO             PET1     driver - Creating state: modelComp 1 Import State
20260710 032809.772 INFO             PET1     driver - Creating state: modelComp 1 Export State
20260710 032809.775 INFO             PET1     driver: IInitAdvertise intro.
20260710 032809.775 INFO             PET1       driver: IInitAdvertise intro {IS}:--- StateLog() start -----------------
20260710 032809.775 INFO             PET1       driver: IInitAdvertise intro {IS}:State object is invalid! Not created or deleted!
20260710 032809.775 INFO             PET1       driver: IInitAdvertise intro {IS}:--- StateLog() end -------------------
20260710 032809.775 INFO             PET1       driver: IInitAdvertise intro {ES}:--- StateLog() start -----------------
20260710 032809.775 INFO             PET1       driver: IInitAdvertise intro {ES}:State object is invalid! Not created or deleted!
20260710 032809.775 INFO             PET1       driver: IInitAdvertise intro {ES}:--- StateLog() end -------------------
20260710 032809.775 INFO             PET1       >>>driver: entered Initialize (phase=<none>) with current time:    0  1  1  0  0  0   0
20260710 032809.775 INFO             PET1       <<<driver: leaving Initialize (phase=<none>) with current time:    0  1  1  0  0  0   0
20260710 032809.775 INFO             PET1       driver: IInitAdvertise extro {IS}:--- StateLog() start -----------------
20260710 032809.775 INFO             PET1       driver: IInitAdvertise extro {IS}:State object is invalid! Not created or deleted!
20260710 032809.775 INFO             PET1       driver: IInitAdvertise extro {IS}:--- StateLog() end -------------------
20260710 032809.776 INFO             PET1       driver: IInitAdvertise extro {ES}:--- StateLog() start -----------------
20260710 032809.776 INFO             PET1       driver: IInitAdvertise extro {ES}:State object is invalid! Not created or deleted!
20260710 032809.776 INFO             PET1       driver: IInitAdvertise extro {ES}:--- StateLog() end -------------------
20260710 032809.776 INFO             PET1     driver: IInitAdvertise extro.
20260710 032809.778 INFO             PET1     driver: IInitAdvertiseFinish intro.
20260710 032809.778 INFO             PET1       driver: IInitAdvertiseFinish intro {IS}:--- StateLog() start -----------------
20260710 032809.778 INFO             PET1       driver: IInitAdvertiseFinish intro {IS}:State object is invalid! Not created or deleted!
20260710 032809.778 INFO             PET1       driver: IInitAdvertiseFinish intro {IS}:--- StateLog() end -------------------
20260710 032809.778 INFO             PET1       driver: IInitAdvertiseFinish intro {ES}:--- StateLog() start -----------------
20260710 032809.778 INFO             PET1       driver: IInitAdvertiseFinish intro {ES}:State object is invalid! Not created or deleted!
20260710 032809.778 INFO             PET1       driver: IInitAdvertiseFinish intro {ES}:--- StateLog() end -------------------
20260710 032809.778 INFO             PET1       >>>driver: entered Initialize (phase=<none>) with current time:    0  1  1  0  0  0   0
20260710 032809.778 INFO             PET1       <<<driver: leaving Initialize (phase=<none>) with current time:    0  1  1  0  0  0   0
20260710 032809.778 INFO             PET1       driver: IInitAdvertiseFinish extro {IS}:--- StateLog() start -----------------
20260710 032809.778 INFO             PET1       driver: IInitAdvertiseFinish extro {IS}:State object is invalid! Not created or deleted!
20260710 032809.778 INFO             PET1       driver: IInitAdvertiseFinish extro {IS}:--- StateLog() end -------------------
20260710 032809.778 INFO             PET1       driver: IInitAdvertiseFinish extro {ES}:--- StateLog() start -----------------
20260710 032809.778 INFO             PET1       driver: IInitAdvertiseFinish extro {ES}:State object is invalid! Not created or deleted!
20260710 032809.778 INFO             PET1       driver: IInitAdvertiseFinish extro {ES}:--- StateLog() end -------------------
20260710 032809.778 INFO             PET1     driver: IInitAdvertiseFinish extro.
20260710 032809.778 INFO             PET1     driver: IInitModifyCplLists intro.
20260710 032809.778 INFO             PET1       driver: IInitModifyCplLists intro {IS}:--- StateLog() start -----------------
20260710 032809.778 INFO             PET1       driver: IInitModifyCplLists intro {IS}:State object is invalid! Not created or deleted!
20260710 032809.778 INFO             PET1       driver: IInitModifyCplLists intro {IS}:--- StateLog() end -------------------
20260710 032809.778 INFO             PET1       driver: IInitModifyCplLists intro {ES}:--- StateLog() start -----------------
20260710 032809.778 INFO             PET1       driver: IInitModifyCplLists intro {ES}:State object is invalid! Not created or deleted!
20260710 032809.778 INFO             PET1       driver: IInitModifyCplLists intro {ES}:--- StateLog() end -------------------
20260710 032809.778 INFO             PET1       >>>driver: entered Initialize (phase=<none>) with current time:    0  1  1  0  0  0   0
20260710 032809.779 INFO             PET1       <<<driver: leaving Initialize (phase=<none>) with current time:    0  1  1  0  0  0   0
20260710 032809.779 INFO             PET1       driver: IInitModifyCplLists extro {IS}:--- StateLog() start -----------------
20260710 032809.779 INFO             PET1       driver: IInitModifyCplLists extro {IS}:State object is invalid! Not created or deleted!
20260710 032809.779 INFO             PET1       driver: IInitModifyCplLists extro {IS}:--- StateLog() end -------------------
20260710 032809.779 INFO             PET1       driver: IInitModifyCplLists extro {ES}:--- StateLog() start -----------------
20260710 032809.779 INFO             PET1       driver: IInitModifyCplLists extro {ES}:State object is invalid! Not created or deleted!
20260710 032809.779 INFO             PET1       driver: IInitModifyCplLists extro {ES}:--- StateLog() end -------------------
20260710 032809.779 INFO             PET1     driver: IInitModifyCplLists extro.
20260710 032809.779 INFO             PET1     <<<driver: leaving Initialize (phase=<none>) with current time:    0  1  1  0  0  0   0
20260710 032809.779 INFO             PET1     driver: InitializeIPDv02p1 extro {IS}:--- StateLog() start -----------------
20260710 032809.779 INFO             PET1     driver: InitializeIPDv02p1 extro {IS}:State object is invalid! Not created or deleted!
20260710 032809.779 INFO             PET1     driver: InitializeIPDv02p1 extro {IS}:--- StateLog() end -------------------
20260710 032809.779 INFO             PET1     driver: InitializeIPDv02p1 extro {ES}:--- StateLog() start -----------------
20260710 032809.779 INFO             PET1     driver: InitializeIPDv02p1 extro {ES}:State object is invalid! Not created or deleted!
20260710 032809.779 INFO             PET1     driver: InitializeIPDv02p1 extro {ES}:--- StateLog() end -------------------
20260710 032809.779 INFO             PET1   driver: InitializeIPDv02p1 extro.
20260710 032809.779 INFO             PET1   driver: InitializeIPDv02p3 intro.
20260710 032809.779 INFO             PET1     driver: InitializeIPDv02p3 intro {IS}:--- StateLog() start -----------------
20260710 032809.779 INFO             PET1     driver: InitializeIPDv02p3 intro {IS}:State object is invalid! Not created or deleted!
20260710 032809.779 INFO             PET1     driver: InitializeIPDv02p3 intro {IS}:--- StateLog() end -------------------
20260710 032809.779 INFO             PET1     driver: InitializeIPDv02p3 intro {ES}:--- StateLog() start -----------------
20260710 032809.779 INFO             PET1     driver: InitializeIPDv02p3 intro {ES}:State object is invalid! Not created or deleted!
20260710 032809.779 INFO             PET1     driver: InitializeIPDv02p3 intro {ES}:--- StateLog() end -------------------
20260710 032809.779 INFO             PET1     >>>driver: entered Initialize (phase=<none>) with current time:    0  1  1  0  0  0   0
20260710 032809.779 INFO             PET1     driver: IInitCheck intro.
20260710 032809.779 INFO             PET1       driver: IInitCheck intro {IS}:--- StateLog() start -----------------
20260710 032809.779 INFO             PET1       driver: IInitCheck intro {IS}:State object is invalid! Not created or deleted!
20260710 032809.779 INFO             PET1       driver: IInitCheck intro {IS}:--- StateLog() end -------------------
20260710 032809.779 INFO             PET1       driver: IInitCheck intro {ES}:--- StateLog() start -----------------
20260710 032809.779 INFO             PET1       driver: IInitCheck intro {ES}:State object is invalid! Not created or deleted!
20260710 032809.779 INFO             PET1       driver: IInitCheck intro {ES}:--- StateLog() end -------------------
20260710 032809.779 INFO             PET1       >>>driver: entered Initialize (phase=<none>) with current time:    0  1  1  0  0  0   0
20260710 032809.779 INFO             PET1       <<<driver: leaving Initialize (phase=<none>) with current time:    0  1  1  0  0  0   0
20260710 032809.779 INFO             PET1       driver: IInitCheck extro {IS}:--- StateLog() start -----------------
20260710 032809.779 INFO             PET1       driver: IInitCheck extro {IS}:State object is invalid! Not created or deleted!
20260710 032809.779 INFO             PET1       driver: IInitCheck extro {IS}:--- StateLog() end -------------------
20260710 032809.779 INFO             PET1       driver: IInitCheck extro {ES}:--- StateLog() start -----------------
20260710 032809.779 INFO             PET1       driver: IInitCheck extro {ES}:State object is invalid! Not created or deleted!
20260710 032809.779 INFO             PET1       driver: IInitCheck extro {ES}:--- StateLog() end -------------------
20260710 032809.779 INFO             PET1     driver: IInitCheck extro.
20260710 032809.784 INFO             PET1     driver: IInitRealize intro.
20260710 032809.784 INFO             PET1       driver: IInitRealize intro {IS}:--- StateLog() start -----------------
20260710 032809.784 INFO             PET1       driver: IInitRealize intro {IS}:State object is invalid! Not created or deleted!
20260710 032809.784 INFO             PET1       driver: IInitRealize intro {IS}:--- StateLog() end -------------------
20260710 032809.784 INFO             PET1       driver: IInitRealize intro {ES}:--- StateLog() start -----------------
20260710 032809.784 INFO             PET1       driver: IInitRealize intro {ES}:State object is invalid! Not created or deleted!
20260710 032809.784 INFO             PET1       driver: IInitRealize intro {ES}:--- StateLog() end -------------------
20260710 032809.784 INFO             PET1       >>>driver: entered Initialize (phase=<none>) with current time:    0  1  1  0  0  0   0
20260710 032809.784 INFO             PET1       <<<driver: leaving Initialize (phase=<none>) with current time:    0  1  1  0  0  0   0
20260710 032809.784 INFO             PET1       driver: IInitRealize extro {IS}:--- StateLog() start -----------------
20260710 032809.784 INFO             PET1       driver: IInitRealize extro {IS}:State object is invalid! Not created or deleted!
20260710 032809.784 INFO             PET1       driver: IInitRealize extro {IS}:--- StateLog() end -------------------
20260710 032809.784 INFO             PET1       driver: IInitRealize extro {ES}:--- StateLog() start -----------------
20260710 032809.784 INFO             PET1       driver: IInitRealize extro {ES}:State object is invalid! Not created or deleted!
20260710 032809.784 INFO             PET1       driver: IInitRealize extro {ES}:--- StateLog() end -------------------
20260710 032809.784 INFO             PET1     driver: IInitRealize extro.
20260710 032809.786 INFO             PET1     <<<driver: leaving Initialize (phase=<none>) with current time:    0  1  1  0  0  0   0
20260710 032809.786 INFO             PET1     driver: InitializeIPDv02p3 extro {IS}:--- StateLog() start -----------------
20260710 032809.786 INFO             PET1     driver: InitializeIPDv02p3 extro {IS}:State object is invalid! Not created or deleted!
20260710 032809.786 INFO             PET1     driver: InitializeIPDv02p3 extro {IS}:--- StateLog() end -------------------
20260710 032809.786 INFO             PET1     driver: InitializeIPDv02p3 extro {ES}:--- StateLog() start -----------------
20260710 032809.786 INFO             PET1     driver: InitializeIPDv02p3 extro {ES}:State object is invalid! Not created or deleted!
20260710 032809.786 INFO             PET1     driver: InitializeIPDv02p3 extro {ES}:--- StateLog() end -------------------
20260710 032809.786 INFO             PET1   driver: InitializeIPDv02p3 extro.
20260710 032809.786 INFO             PET1   driver: InitializeIPDv02p5 intro.
20260710 032809.786 INFO             PET1     driver: InitializeIPDv02p5 intro {IS}:--- StateLog() start -----------------
20260710 032809.786 INFO             PET1     driver: InitializeIPDv02p5 intro {IS}:State object is invalid! Not created or deleted!
20260710 032809.786 INFO             PET1     driver: InitializeIPDv02p5 intro {IS}:--- StateLog() end -------------------
20260710 032809.786 INFO             PET1     driver: InitializeIPDv02p5 intro {ES}:--- StateLog() start -----------------
20260710 032809.786 INFO             PET1     driver: InitializeIPDv02p5 intro {ES}:State object is invalid! Not created or deleted!
20260710 032809.786 INFO             PET1     driver: InitializeIPDv02p5 intro {ES}:--- StateLog() end -------------------
20260710 032809.786 INFO             PET1     >>>driver: entered Initialize (phase=<none>) with current time:    0  1  1  0  0  0   0
20260710 032809.786 INFO             PET1     driver: this is a top level driver, no 'Updated' and 'InitializeDataComplete' info on this level.
20260710 032809.786 INFO             PET1     driver: InitializeIPDv02p5Data intro.
20260710 032809.786 INFO             PET1       driver: InitializeIPDv02p5Data intro {IS}:--- StateLog() start -----------------
20260710 032809.786 INFO             PET1       driver: InitializeIPDv02p5Data intro {IS}:State object is invalid! Not created or deleted!
20260710 032809.786 INFO             PET1       driver: InitializeIPDv02p5Data intro {IS}:--- StateLog() end -------------------
20260710 032809.786 INFO             PET1       driver: InitializeIPDv02p5Data intro {ES}:--- StateLog() start -----------------
20260710 032809.786 INFO             PET1       driver: InitializeIPDv02p5Data intro {ES}:State object is invalid! Not created or deleted!
20260710 032809.786 INFO             PET1       driver: InitializeIPDv02p5Data intro {ES}:--- StateLog() end -------------------
20260710 032809.786 INFO             PET1       >>>driver: entered Initialize (phase=<none>) with current time:    0  1  1  0  0  0   0
20260710 032809.786 INFO             PET1       driver: InternalInitializeComplete intro.
20260710 032809.786 INFO             PET1         driver: InternalInitializeComplete intro {IS}:--- StateLog() start -----------------
20260710 032809.786 INFO             PET1         driver: InternalInitializeComplete intro {IS}:State object is invalid! Not created or deleted!
20260710 032809.786 INFO             PET1         driver: InternalInitializeComplete intro {IS}:--- StateLog() end -------------------
20260710 032809.786 INFO             PET1         driver: InternalInitializeComplete intro {ES}:--- StateLog() start -----------------
20260710 032809.786 INFO             PET1         driver: InternalInitializeComplete intro {ES}:State object is invalid! Not created or deleted!
20260710 032809.786 INFO             PET1         driver: InternalInitializeComplete intro {ES}:--- StateLog() end -------------------
20260710 032809.786 INFO             PET1         >>>driver: entered Initialize (phase=<none>) with current time:    0  1  1  0  0  0   0
20260710 032809.786 INFO             PET1         driver: InitializeDataComplete='true'
20260710 032809.786 INFO             PET1         <<<driver: leaving Initialize (phase=<none>) with current time:    0  1  1  0  0  0   0
20260710 032809.786 INFO             PET1         driver: InternalInitializeComplete extro {IS}:--- StateLog() start -----------------
20260710 032809.786 INFO             PET1         driver: InternalInitializeComplete extro {IS}:State object is invalid! Not created or deleted!
20260710 032809.786 INFO             PET1         driver: InternalInitializeComplete extro {IS}:--- StateLog() end -------------------
20260710 032809.786 INFO             PET1         driver: InternalInitializeComplete extro {ES}:--- StateLog() start -----------------
20260710 032809.786 INFO             PET1         driver: InternalInitializeComplete extro {ES}:State object is invalid! Not created or deleted!
20260710 032809.786 INFO             PET1         driver: InternalInitializeComplete extro {ES}:--- StateLog() end -------------------
20260710 032809.786 INFO             PET1       driver: InternalInitializeComplete extro.
20260710 032809.788 INFO             PET1       driver: components present that trigger loopDataDependentInitialize().
20260710 032809.788 INFO             PET1       driver: loopDataDependentInitialize intro.
20260710 032809.788 INFO             PET1         driver: loopDataDependentInitialize intro {IS}:--- StateLog() start -----------------
20260710 032809.788 INFO             PET1         driver: loopDataDependentInitialize intro {IS}:State object is invalid! Not created or deleted!
20260710 032809.788 INFO             PET1         driver: loopDataDependentInitialize intro {IS}:--- StateLog() end -------------------
20260710 032809.788 INFO             PET1         driver: loopDataDependentInitialize intro {ES}:--- StateLog() start -----------------
20260710 032809.788 INFO             PET1         driver: loopDataDependentInitialize intro {ES}:State object is invalid! Not created or deleted!
20260710 032809.788 INFO             PET1         driver: loopDataDependentInitialize intro {ES}:--- StateLog() end -------------------
20260710 032809.788 INFO             PET1         >>>driver: entered Initialize (phase=<none>) with current time:    0  1  1  0  0  0   0
20260710 032809.788 INFO             PET1         driver: component    0=driver, dataComplete (local): true
20260710 032809.789 INFO             PET1         driver: component    0=driver, dataComplete (global):  T
20260710 032809.789 INFO             PET1         driver: component    1=MODEL, dataComplete (local): false
20260710 032809.789 INFO             PET1         driver: component    1=MODEL, dataComplete (global):  F
20260710 032809.790 INFO             PET1         driver: component    1=MODEL, someProgress (local): true
20260710 032809.790 INFO             PET1         driver: component    1=MODEL, someProgress (global):  T
20260710 032809.790 INFO             PET1         driver: someProgress= T, allComplete= F, present(dataDepAllComplete)= T
20260710 032809.791 INFO             PET1         driver: component    0=driver, dataComplete (local): true
20260710 032809.791 INFO             PET1         driver: component    0=driver, dataComplete (global):  T
20260710 032809.791 INFO             PET1         driver: component    1=MODEL, dataComplete (local): true
20260710 032809.791 INFO             PET1         driver: component    1=MODEL, dataComplete (global):  T
20260710 032809.791 INFO             PET1         driver: someProgress= F, allComplete= T, present(dataDepAllComplete)= T
20260710 032809.791 INFO             PET1         driver: finished resolving initialize data dependencies on this level.
20260710 032809.791 INFO             PET1         <<<driver: leaving Initialize (phase=<none>) with current time:    0  1  1  0  0  0   0
20260710 032809.791 INFO             PET1         driver: loopDataDependentInitialize extro {IS}:--- StateLog() start -----------------
20260710 032809.791 INFO             PET1         driver: loopDataDependentInitialize extro {IS}:State object is invalid! Not created or deleted!
20260710 032809.791 INFO             PET1         driver: loopDataDependentInitialize extro {IS}:--- StateLog() end -------------------
20260710 032809.791 INFO             PET1         driver: loopDataDependentInitialize extro {ES}:--- StateLog() start -----------------
20260710 032809.791 INFO             PET1         driver: loopDataDependentInitialize extro {ES}:State object is invalid! Not created or deleted!
20260710 032809.791 INFO             PET1         driver: loopDataDependentInitialize extro {ES}:--- StateLog() end -------------------
20260710 032809.791 INFO             PET1       driver: loopDataDependentInitialize extro.
20260710 032809.791 INFO             PET1       driver: loopDataDependentInitialize() returned with dataDepAllComplete:  T
20260710 032809.791 INFO             PET1       <<<driver: leaving Initialize (phase=<none>) with current time:    0  1  1  0  0  0   0
20260710 032809.791 INFO             PET1       driver: InitializeIPDv02p5Data extro {IS}:--- StateLog() start -----------------
20260710 032809.791 INFO             PET1       driver: InitializeIPDv02p5Data extro {IS}:State object is invalid! Not created or deleted!
20260710 032809.791 INFO             PET1       driver: InitializeIPDv02p5Data extro {IS}:--- StateLog() end -------------------
20260710 032809.791 INFO             PET1       driver: InitializeIPDv02p5Data extro {ES}:--- StateLog() start -----------------
20260710 032809.791 INFO             PET1       driver: InitializeIPDv02p5Data extro {ES}:State object is invalid! Not created or deleted!
20260710 032809.791 INFO             PET1       driver: InitializeIPDv02p5Data extro {ES}:--- StateLog() end -------------------
20260710 032809.791 INFO             PET1     driver: InitializeIPDv02p5Data extro.
20260710 032809.791 INFO             PET1     <<<driver: leaving Initialize (phase=<none>) with current time:    0  1  1  0  0  0   0
20260710 032809.791 INFO             PET1     driver: InitializeIPDv02p5 extro {IS}:--- StateLog() start -----------------
20260710 032809.791 INFO             PET1     driver: InitializeIPDv02p5 extro {IS}:State object is invalid! Not created or deleted!
20260710 032809.791 INFO             PET1     driver: InitializeIPDv02p5 extro {IS}:--- StateLog() end -------------------
20260710 032809.791 INFO             PET1     driver: InitializeIPDv02p5 extro {ES}:--- StateLog() start -----------------
20260710 032809.791 INFO             PET1     driver: InitializeIPDv02p5 extro {ES}:State object is invalid! Not created or deleted!
20260710 032809.791 INFO             PET1     driver: InitializeIPDv02p5 extro {ES}:--- StateLog() end -------------------
20260710 032809.791 INFO             PET1   driver: InitializeIPDv02p5 extro.
20260710 032809.791 INFO             PET1   <<<driver: leaving Initialize (phase=<none>) with current time:    0  1  1  0  0  0   0
20260710 032809.791 INFO             PET1   driver: InitializeGeneric extro {IS}:--- StateLog() start -----------------
20260710 032809.791 INFO             PET1   driver: InitializeGeneric extro {IS}:State object is invalid! Not created or deleted!
20260710 032809.791 INFO             PET1   driver: InitializeGeneric extro {IS}:--- StateLog() end -------------------
20260710 032809.791 INFO             PET1   driver: InitializeGeneric extro {ES}:--- StateLog() start -----------------
20260710 032809.791 INFO             PET1   driver: InitializeGeneric extro {ES}:State object is invalid! Not created or deleted!
20260710 032809.791 INFO             PET1   driver: InitializeGeneric extro {ES}:--- StateLog() end -------------------
20260710 032809.791 INFO             PET1 driver: InitializeGeneric extro.
20260710 032809.791 INFO             PET1 driver: Run intro.
20260710 032809.791 INFO             PET1   driver: Run intro {IS}:--- StateLog() start -----------------
20260710 032809.791 INFO             PET1   driver: Run intro {IS}:State object is invalid! Not created or deleted!
20260710 032809.791 INFO             PET1   driver: Run intro {IS}:--- StateLog() end -------------------
20260710 032809.791 INFO             PET1   driver: Run intro {ES}:--- StateLog() start -----------------
20260710 032809.791 INFO             PET1   driver: Run intro {ES}:State object is invalid! Not created or deleted!
20260710 032809.791 INFO             PET1   driver: Run intro {ES}:--- StateLog() end -------------------
20260710 032809.791 INFO             PET1   >>>driver: entered Run (phase=RunPhase1) with current time:    0  1  1  0  0  0   0
20260710 032809.791 INFO             PET1   driver: after lable_SetRunClock, current time:    0  1  1  0  0  0   0
20260710 032809.791 INFO             PET1   driver: begin -------> RunSequence.
20260710 032809.791 INFO             PET1     driver: RunSequence event loopLevel=   1  levelMember=   1  loopIteration=   1, current time:    0  1  1  0  0  0   0
20260710 032809.793 INFO             PET1     driver: RunSequence event loopLevel=   1  levelMember=   1  loopIteration=   2, current time:    0  1  1  0  0 30   0
20260710 032809.794 INFO             PET1     driver: RunSequence event loopLevel=   1  levelMember=   1  loopIteration=   3, current time:    0  1  1  0  1  0   0
20260710 032809.795 INFO             PET1     driver: RunSequence event loopLevel=   1  levelMember=   1  loopIteration=   4, current time:    0  1  1  0  1 30   0
20260710 032809.796 INFO             PET1     driver: RunSequence event loopLevel=   1  levelMember=   1  loopIteration=   5, current time:    0  1  1  0  2  0   0
20260710 032809.797 INFO             PET1   driver: end <--------- RunSequence
20260710 032809.797 INFO             PET1   <<<driver: leaving Run (phase=RunPhase1) with current time:    0  1  1  0  2 30   0
20260710 032809.797 INFO             PET1   driver: Run extro {IS}:--- StateLog() start -----------------
20260710 032809.797 INFO             PET1   driver: Run extro {IS}:State object is invalid! Not created or deleted!
20260710 032809.797 INFO             PET1   driver: Run extro {IS}:--- StateLog() end -------------------
20260710 032809.797 INFO             PET1   driver: Run extro {ES}:--- StateLog() start -----------------
20260710 032809.797 INFO             PET1   driver: Run extro {ES}:State object is invalid! Not created or deleted!
20260710 032809.797 INFO             PET1   driver: Run extro {ES}:--- StateLog() end -------------------
20260710 032809.797 INFO             PET1 driver: Run extro.
20260710 032809.797 INFO             PET1 driver: Finalize intro.
20260710 032809.797 INFO             PET1   driver: Finalize intro {IS}:--- StateLog() start -----------------
20260710 032809.797 INFO             PET1   driver: Finalize intro {IS}:State object is invalid! Not created or deleted!
20260710 032809.797 INFO             PET1   driver: Finalize intro {IS}:--- StateLog() end -------------------
20260710 032809.797 INFO             PET1   driver: Finalize intro {ES}:--- StateLog() start -----------------
20260710 032809.797 INFO             PET1   driver: Finalize intro {ES}:State object is invalid! Not created or deleted!
20260710 032809.797 INFO             PET1   driver: Finalize intro {ES}:--- StateLog() end -------------------
20260710 032809.797 INFO             PET1   >>>driver: entered Finalize (phase=FinalizePhase1) with current time:    0  1  1  0  2 30   0
20260710 032809.797 INFO             PET1   Calling Finalize phase 1 for modelComp: MODEL
20260710 032809.798 INFO             PET1   Delete modelComp: MODEL
20260710 032809.798 INFO             PET1   Delete Import-/Export State for modelComp: MODEL
20260710 032809.798 INFO             PET1   <<<driver: leaving Finalize (phase=FinalizePhase1) with current time:    0  1  1  0  2 30   0
20260710 032809.798 INFO             PET1 driver: Finalize extro.
20260710 032809.798 INFO             PET1 mainApp FINISHED
20260710 032809.798 INFO             PET1  Finalizing ESMF
20260710 032809.763 INFO             PET2 !!!!!!!!!!!!!!!!!!!!!!!!!!!!!!!!!!!!!!!!!!!!!!!!!!!!!!
20260710 032809.763 INFO             PET2 !!! THE ESMF_LOG IS SET TO OUTPUT ALL LOG MESSAGES !!!
20260710 032809.763 INFO             PET2 !!!     THIS MAY CAUSE SLOWDOWN IN PERFORMANCE     !!!
20260710 032809.763 INFO             PET2 !!! FOR PRODUCTION RUNS, USE:                      !!!
20260710 032809.763 INFO             PET2 !!!                   ESMF_LOGKIND_Multi_On_Error  !!!
20260710 032809.763 INFO             PET2 !!!!!!!!!!!!!!!!!!!!!!!!!!!!!!!!!!!!!!!!!!!!!!!!!!!!!!
20260710 032809.763 INFO             PET2 Running with ESMF Version   : feature/refresh-bmauer-c_dynmask_interface+ge07d076824
20260710 032809.763 INFO             PET2 ESMF library build date/time: "Jul 10 2026" "01:54:58"
20260710 032809.763 INFO             PET2 ESMF library build location : /glade/derecho/scratch/sacks/esmf-testing/intel_2024.2.1-oneAPI_mpi_g_feature_refresh-bmauer-c_dynmask_interface/esmf
20260710 032809.763 INFO             PET2 ESMF_COMM                   : mpi
20260710 032809.763 INFO             PET2 ESMF_MOAB                   : enabled
20260710 032809.763 INFO             PET2 ESMF_LAPACK                 : enabled
20260710 032809.763 INFO             PET2 ESMF_NETCDF                 : enabled
20260710 032809.763 INFO             PET2 ESMF_PNETCDF                : disabled
20260710 032809.763 INFO             PET2 ESMF_PIO                    : enabled
20260710 032809.763 INFO             PET2 ESMF_YAMLCPP                : enabled
20260710 032809.764 INFO             PET2 mainApp STARTING
20260710 032809.768 INFO             PET2 driver: InitializeGeneric intro.
20260710 032809.768 INFO             PET2   driver: InitializeGeneric intro {IS}:--- StateLog() start -----------------
20260710 032809.768 INFO             PET2   driver: InitializeGeneric intro {IS}:State object is invalid! Not created or deleted!
20260710 032809.768 INFO             PET2   driver: InitializeGeneric intro {IS}:--- StateLog() end -------------------
20260710 032809.768 INFO             PET2   driver: InitializeGeneric intro {ES}:--- StateLog() start -----------------
20260710 032809.768 INFO             PET2   driver: InitializeGeneric intro {ES}:State object is invalid! Not created or deleted!
20260710 032809.768 INFO             PET2   driver: InitializeGeneric intro {ES}:--- StateLog() end -------------------
20260710 032809.768 INFO             PET2   >>>driver: entered Initialize (phase=<none>) without valid internal Clock.
20260710 032809.768 INFO             PET2   driver: InitializeP0 intro.
20260710 032809.768 INFO             PET2     driver: InitializeP0 intro {IS}:--- StateLog() start -----------------
20260710 032809.768 INFO             PET2     driver: InitializeP0 intro {IS}:State object is invalid! Not created or deleted!
20260710 032809.768 INFO             PET2     driver: InitializeP0 intro {IS}:--- StateLog() end -------------------
20260710 032809.768 INFO             PET2     driver: InitializeP0 intro {ES}:--- StateLog() start -----------------
20260710 032809.768 INFO             PET2     driver: InitializeP0 intro {ES}:State object is invalid! Not created or deleted!
20260710 032809.768 INFO             PET2     driver: InitializeP0 intro {ES}:--- StateLog() end -------------------
20260710 032809.768 INFO             PET2     >>>driver: entered Initialize (phase=<none>) without valid internal Clock.
20260710 032809.768 INFO             PET2     <<<driver: leaving Initialize (phase=<none>) without valid internal Clock.
20260710 032809.768 INFO             PET2     driver: InitializeP0 extro {IS}:--- StateLog() start -----------------
20260710 032809.768 INFO             PET2     driver: InitializeP0 extro {IS}:State object is invalid! Not created or deleted!
20260710 032809.768 INFO             PET2     driver: InitializeP0 extro {IS}:--- StateLog() end -------------------
20260710 032809.768 INFO             PET2     driver: InitializeP0 extro {ES}:--- StateLog() start -----------------
20260710 032809.768 INFO             PET2     driver: InitializeP0 extro {ES}:State object is invalid! Not created or deleted!
20260710 032809.768 INFO             PET2     driver: InitializeP0 extro {ES}:--- StateLog() end -------------------
20260710 032809.768 INFO             PET2   driver: InitializeP0 extro.
20260710 032809.768 INFO             PET2   driver: InitializeIPDv02p1 intro.
20260710 032809.768 INFO             PET2     driver: InitializeIPDv02p1 intro {IS}:--- StateLog() start -----------------
20260710 032809.768 INFO             PET2     driver: InitializeIPDv02p1 intro {IS}:State object is invalid! Not created or deleted!
20260710 032809.768 INFO             PET2     driver: InitializeIPDv02p1 intro {IS}:--- StateLog() end -------------------
20260710 032809.768 INFO             PET2     driver: InitializeIPDv02p1 intro {ES}:--- StateLog() start -----------------
20260710 032809.769 INFO             PET2     driver: InitializeIPDv02p1 intro {ES}:State object is invalid! Not created or deleted!
20260710 032809.769 INFO             PET2     driver: InitializeIPDv02p1 intro {ES}:--- StateLog() end -------------------
20260710 032809.769 INFO             PET2     >>>driver: entered Initialize (phase=<none>) without valid internal Clock.
20260710 032809.769 INFO             PET2     driver - Creating model component MODEL without petList.
20260710 032809.769 DEBUG            PET2     Generic SetVM() is executing for: MODEL
20260710 032809.769 DEBUG            PET2     Generic SetVM() is calling ESMF_GridCompSetVMMaxPEs() for: MODEL with:
20260710 032809.769 DEBUG            PET2      -             MaxCount =          2
20260710 032809.769 DEBUG            PET2      -       OpenMpHandling =
20260710 032809.769 DEBUG            PET2      -     OpenMpNumThreads =         -1
20260710 032809.769 DEBUG            PET2      -   ForceChildPthreads =          F
20260710 032809.769 DEBUG            PET2      -  PthreadMinStackSize =         -1
20260710 032809.772 INFO             PET2      GridCompIsPetLocal:  T
20260710 032809.772 INFO             PET2      VmIsCreated:  T
20260710 032809.772 INFO             PET2      valid MPI_COMM with size=           2
20260710 032809.772 INFO             PET2     driver - Creating state: modelComp 1 Import State
20260710 032809.772 INFO             PET2     driver - Creating state: modelComp 1 Export State
20260710 032809.773 INFO             PET2     MODEL: InitializeP0 intro.
20260710 032809.773 INFO             PET2       MODEL: InitializeP0 intro {IS}:--- StateLog() start -----------------
20260710 032809.773 INFO             PET2       MODEL: InitializeP0 intro {IS}:<name: MODEL-ImportState> <intent: ESMF_STATEINTENT_IMPORT> <itemCount:    0>
20260710 032809.773 INFO             PET2       MODEL: InitializeP0 intro {IS}:--- StateLog() end -------------------
20260710 032809.773 INFO             PET2       MODEL: InitializeP0 intro {ES}:--- StateLog() start -----------------
20260710 032809.773 INFO             PET2       MODEL: InitializeP0 intro {ES}:<name: MODEL-ExportState> <intent: ESMF_STATEINTENT_EXPORT> <itemCount:    0>
20260710 032809.773 INFO             PET2       MODEL: InitializeP0 intro {ES}:--- StateLog() end -------------------
20260710 032809.773 INFO             PET2       >>>MODEL: entered Initialize (phase=<none>) without valid internal Clock.
20260710 032809.774 INFO             PET2       <<<MODEL: leaving Initialize (phase=<none>) without valid internal Clock.
20260710 032809.774 INFO             PET2       MODEL: InitializeP0 extro {IS}:--- StateLog() start -----------------
20260710 032809.774 INFO             PET2       MODEL: InitializeP0 extro {IS}:<name: MODEL-ImportState> <intent: ESMF_STATEINTENT_IMPORT> <itemCount:    0>
20260710 032809.774 INFO             PET2       MODEL: InitializeP0 extro {IS}:--- StateLog() end -------------------
20260710 032809.774 INFO             PET2       MODEL: InitializeP0 extro {ES}:--- StateLog() start -----------------
20260710 032809.774 INFO             PET2       MODEL: InitializeP0 extro {ES}:<name: MODEL-ExportState> <intent: ESMF_STATEINTENT_EXPORT> <itemCount:    0>
20260710 032809.774 INFO             PET2       MODEL: InitializeP0 extro {ES}:--- StateLog() end -------------------
20260710 032809.774 INFO             PET2     MODEL: InitializeP0 extro.
20260710 032809.775 INFO             PET2     driver: IInitAdvertise intro.
20260710 032809.775 INFO             PET2       driver: IInitAdvertise intro {IS}:--- StateLog() start -----------------
20260710 032809.775 INFO             PET2       driver: IInitAdvertise intro {IS}:State object is invalid! Not created or deleted!
20260710 032809.775 INFO             PET2       driver: IInitAdvertise intro {IS}:--- StateLog() end -------------------
20260710 032809.775 INFO             PET2       driver: IInitAdvertise intro {ES}:--- StateLog() start -----------------
20260710 032809.775 INFO             PET2       driver: IInitAdvertise intro {ES}:State object is invalid! Not created or deleted!
20260710 032809.775 INFO             PET2       driver: IInitAdvertise intro {ES}:--- StateLog() end -------------------
20260710 032809.775 INFO             PET2       >>>driver: entered Initialize (phase=<none>) with current time:    0  1  1  0  0  0   0
20260710 032809.775 INFO             PET2       <<<driver: leaving Initialize (phase=<none>) with current time:    0  1  1  0  0  0   0
20260710 032809.776 INFO             PET2       driver: IInitAdvertise extro {IS}:--- StateLog() start -----------------
20260710 032809.776 INFO             PET2       driver: IInitAdvertise extro {IS}:State object is invalid! Not created or deleted!
20260710 032809.776 INFO             PET2       driver: IInitAdvertise extro {IS}:--- StateLog() end -------------------
20260710 032809.776 INFO             PET2       driver: IInitAdvertise extro {ES}:--- StateLog() start -----------------
20260710 032809.776 INFO             PET2       driver: IInitAdvertise extro {ES}:State object is invalid! Not created or deleted!
20260710 032809.776 INFO             PET2       driver: IInitAdvertise extro {ES}:--- StateLog() end -------------------
20260710 032809.776 INFO             PET2     driver: IInitAdvertise extro.
20260710 032809.776 INFO             PET2     MODEL: InitializeIPDvXp01 intro.
20260710 032809.776 INFO             PET2       MODEL: InitializeIPDvXp01 intro {IS}:--- StateLog() start -----------------
20260710 032809.776 INFO             PET2       MODEL: InitializeIPDvXp01 intro {IS}:<name: MODEL-ImportState> <intent: ESMF_STATEINTENT_IMPORT> <itemCount:    0>
20260710 032809.776 INFO             PET2       MODEL: InitializeIPDvXp01 intro {IS}:--- StateLog() end -------------------
20260710 032809.776 INFO             PET2       MODEL: InitializeIPDvXp01 intro {ES}:--- StateLog() start -----------------
20260710 032809.776 INFO             PET2       MODEL: InitializeIPDvXp01 intro {ES}:<name: MODEL-ExportState> <intent: ESMF_STATEINTENT_EXPORT> <itemCount:    0>
20260710 032809.776 INFO             PET2       MODEL: InitializeIPDvXp01 intro {ES}:--- StateLog() end -------------------
20260710 032809.776 INFO             PET2       >>>MODEL: entered Initialize (phase=IPDvXp01) without valid internal Clock.
20260710 032809.777 INFO             PET2       <<<MODEL: leaving Initialize (phase=IPDvXp01) without valid internal Clock.
20260710 032809.777 INFO             PET2       MODEL: InitializeIPDvXp01 extro {IS}:--- StateLog() start -----------------
20260710 032809.777 INFO             PET2       MODEL: InitializeIPDvXp01 extro {IS}:<name: MODEL-ImportState> <intent: ESMF_STATEINTENT_IMPORT> <itemCount:    0>
20260710 032809.777 INFO             PET2       MODEL: InitializeIPDvXp01 extro {IS}:--- StateLog() end -------------------
20260710 032809.777 INFO             PET2       MODEL: InitializeIPDvXp01 extro {ES}:--- StateLog() start -----------------
20260710 032809.777 INFO             PET2       MODEL: InitializeIPDvXp01 extro {ES}:<name: MODEL-ExportState> <intent: ESMF_STATEINTENT_EXPORT> <itemCount:    2>
20260710 032809.777 INFO             PET2       MODEL: InitializeIPDvXp01 extro {ES}:+-<item: 0001> <itemType: Field> <itemName: pmsl>
20260710 032809.777 INFO             PET2       MODEL: InitializeIPDvXp01 extro {ES}:!--- FieldLog() start -----------------
20260710 032809.777 INFO             PET2       MODEL: InitializeIPDvXp01 extro {ES}:! <name: pmsl> <fieldStatus: ESMF_FIELDSTATUS_EMPTY>
20260710 032809.777 INFO             PET2       MODEL: InitializeIPDvXp01 extro {ES}:! 0x7ffc0e95a2a0 => 0x14f230ea7600 => 0x2bc87d50
20260710 032809.777 INFO             PET2       MODEL: InitializeIPDvXp01 extro {ES}:!--- FieldLog() end -------------------
20260710 032809.777 INFO             PET2       MODEL: InitializeIPDvXp01 extro {ES}:+-<item: 0002> <itemType: Field> <itemName: rsns>
20260710 032809.777 INFO             PET2       MODEL: InitializeIPDvXp01 extro {ES}:!--- FieldLog() start -----------------
20260710 032809.777 INFO             PET2       MODEL: InitializeIPDvXp01 extro {ES}:! <name: rsns> <fieldStatus: ESMF_FIELDSTATUS_EMPTY>
20260710 032809.777 INFO             PET2       MODEL: InitializeIPDvXp01 extro {ES}:! 0x7ffc0e95a2a0 => 0x14f230ea7380 => 0x2bc89ec0
20260710 032809.777 INFO             PET2       MODEL: InitializeIPDvXp01 extro {ES}:!--- FieldLog() end -------------------
20260710 032809.777 INFO             PET2       MODEL: InitializeIPDvXp01 extro {ES}:--- StateLog() end -------------------
20260710 032809.777 INFO             PET2     MODEL: InitializeIPDvXp01 extro.
20260710 032809.778 INFO             PET2     driver: IInitAdvertiseFinish intro.
20260710 032809.778 INFO             PET2       driver: IInitAdvertiseFinish intro {IS}:--- StateLog() start -----------------
20260710 032809.778 INFO             PET2       driver: IInitAdvertiseFinish intro {IS}:State object is invalid! Not created or deleted!
20260710 032809.778 INFO             PET2       driver: IInitAdvertiseFinish intro {IS}:--- StateLog() end -------------------
20260710 032809.778 INFO             PET2       driver: IInitAdvertiseFinish intro {ES}:--- StateLog() start -----------------
20260710 032809.778 INFO             PET2       driver: IInitAdvertiseFinish intro {ES}:State object is invalid! Not created or deleted!
20260710 032809.778 INFO             PET2       driver: IInitAdvertiseFinish intro {ES}:--- StateLog() end -------------------
20260710 032809.778 INFO             PET2       >>>driver: entered Initialize (phase=<none>) with current time:    0  1  1  0  0  0   0
20260710 032809.778 INFO             PET2       <<<driver: leaving Initialize (phase=<none>) with current time:    0  1  1  0  0  0   0
20260710 032809.778 INFO             PET2       driver: IInitAdvertiseFinish extro {IS}:--- StateLog() start -----------------
20260710 032809.778 INFO             PET2       driver: IInitAdvertiseFinish extro {IS}:State object is invalid! Not created or deleted!
20260710 032809.778 INFO             PET2       driver: IInitAdvertiseFinish extro {IS}:--- StateLog() end -------------------
20260710 032809.778 INFO             PET2       driver: IInitAdvertiseFinish extro {ES}:--- StateLog() start -----------------
20260710 032809.778 INFO             PET2       driver: IInitAdvertiseFinish extro {ES}:State object is invalid! Not created or deleted!
20260710 032809.778 INFO             PET2       driver: IInitAdvertiseFinish extro {ES}:--- StateLog() end -------------------
20260710 032809.778 INFO             PET2     driver: IInitAdvertiseFinish extro.
20260710 032809.778 INFO             PET2     driver: IInitModifyCplLists intro.
20260710 032809.778 INFO             PET2       driver: IInitModifyCplLists intro {IS}:--- StateLog() start -----------------
20260710 032809.778 INFO             PET2       driver: IInitModifyCplLists intro {IS}:State object is invalid! Not created or deleted!
20260710 032809.778 INFO             PET2       driver: IInitModifyCplLists intro {IS}:--- StateLog() end -------------------
20260710 032809.778 INFO             PET2       driver: IInitModifyCplLists intro {ES}:--- StateLog() start -----------------
20260710 032809.778 INFO             PET2       driver: IInitModifyCplLists intro {ES}:State object is invalid! Not created or deleted!
20260710 032809.778 INFO             PET2       driver: IInitModifyCplLists intro {ES}:--- StateLog() end -------------------
20260710 032809.778 INFO             PET2       >>>driver: entered Initialize (phase=<none>) with current time:    0  1  1  0  0  0   0
20260710 032809.779 INFO             PET2       <<<driver: leaving Initialize (phase=<none>) with current time:    0  1  1  0  0  0   0
20260710 032809.779 INFO             PET2       driver: IInitModifyCplLists extro {IS}:--- StateLog() start -----------------
20260710 032809.779 INFO             PET2       driver: IInitModifyCplLists extro {IS}:State object is invalid! Not created or deleted!
20260710 032809.779 INFO             PET2       driver: IInitModifyCplLists extro {IS}:--- StateLog() end -------------------
20260710 032809.779 INFO             PET2       driver: IInitModifyCplLists extro {ES}:--- StateLog() start -----------------
20260710 032809.779 INFO             PET2       driver: IInitModifyCplLists extro {ES}:State object is invalid! Not created or deleted!
20260710 032809.779 INFO             PET2       driver: IInitModifyCplLists extro {ES}:--- StateLog() end -------------------
20260710 032809.779 INFO             PET2     driver: IInitModifyCplLists extro.
20260710 032809.779 INFO             PET2     <<<driver: leaving Initialize (phase=<none>) with current time:    0  1  1  0  0  0   0
20260710 032809.779 INFO             PET2     driver: InitializeIPDv02p1 extro {IS}:--- StateLog() start -----------------
20260710 032809.779 INFO             PET2     driver: InitializeIPDv02p1 extro {IS}:State object is invalid! Not created or deleted!
20260710 032809.779 INFO             PET2     driver: InitializeIPDv02p1 extro {IS}:--- StateLog() end -------------------
20260710 032809.779 INFO             PET2     driver: InitializeIPDv02p1 extro {ES}:--- StateLog() start -----------------
20260710 032809.779 INFO             PET2     driver: InitializeIPDv02p1 extro {ES}:State object is invalid! Not created or deleted!
20260710 032809.779 INFO             PET2     driver: InitializeIPDv02p1 extro {ES}:--- StateLog() end -------------------
20260710 032809.779 INFO             PET2   driver: InitializeIPDv02p1 extro.
20260710 032809.779 INFO             PET2   driver: InitializeIPDv02p3 intro.
20260710 032809.779 INFO             PET2     driver: InitializeIPDv02p3 intro {IS}:--- StateLog() start -----------------
20260710 032809.779 INFO             PET2     driver: InitializeIPDv02p3 intro {IS}:State object is invalid! Not created or deleted!
20260710 032809.779 INFO             PET2     driver: InitializeIPDv02p3 intro {IS}:--- StateLog() end -------------------
20260710 032809.779 INFO             PET2     driver: InitializeIPDv02p3 intro {ES}:--- StateLog() start -----------------
20260710 032809.779 INFO             PET2     driver: InitializeIPDv02p3 intro {ES}:State object is invalid! Not created or deleted!
20260710 032809.779 INFO             PET2     driver: InitializeIPDv02p3 intro {ES}:--- StateLog() end -------------------
20260710 032809.779 INFO             PET2     >>>driver: entered Initialize (phase=<none>) with current time:    0  1  1  0  0  0   0
20260710 032809.779 INFO             PET2     driver: IInitCheck intro.
20260710 032809.779 INFO             PET2       driver: IInitCheck intro {IS}:--- StateLog() start -----------------
20260710 032809.779 INFO             PET2       driver: IInitCheck intro {IS}:State object is invalid! Not created or deleted!
20260710 032809.779 INFO             PET2       driver: IInitCheck intro {IS}:--- StateLog() end -------------------
20260710 032809.779 INFO             PET2       driver: IInitCheck intro {ES}:--- StateLog() start -----------------
20260710 032809.779 INFO             PET2       driver: IInitCheck intro {ES}:State object is invalid! Not created or deleted!
20260710 032809.779 INFO             PET2       driver: IInitCheck intro {ES}:--- StateLog() end -------------------
20260710 032809.779 INFO             PET2       >>>driver: entered Initialize (phase=<none>) with current time:    0  1  1  0  0  0   0
20260710 032809.779 INFO             PET2       <<<driver: leaving Initialize (phase=<none>) with current time:    0  1  1  0  0  0   0
20260710 032809.779 INFO             PET2       driver: IInitCheck extro {IS}:--- StateLog() start -----------------
20260710 032809.779 INFO             PET2       driver: IInitCheck extro {IS}:State object is invalid! Not created or deleted!
20260710 032809.779 INFO             PET2       driver: IInitCheck extro {IS}:--- StateLog() end -------------------
20260710 032809.779 INFO             PET2       driver: IInitCheck extro {ES}:--- StateLog() start -----------------
20260710 032809.779 INFO             PET2       driver: IInitCheck extro {ES}:State object is invalid! Not created or deleted!
20260710 032809.779 INFO             PET2       driver: IInitCheck extro {ES}:--- StateLog() end -------------------
20260710 032809.779 INFO             PET2     driver: IInitCheck extro.
20260710 032809.779 INFO             PET2     MODEL: InitializeIPDvXp04 intro.
20260710 032809.779 INFO             PET2       MODEL: InitializeIPDvXp04 intro {IS}:--- StateLog() start -----------------
20260710 032809.780 INFO             PET2       MODEL: InitializeIPDvXp04 intro {IS}:<name: MODEL-ImportState> <intent: ESMF_STATEINTENT_IMPORT> <itemCount:    0>
20260710 032809.780 INFO             PET2       MODEL: InitializeIPDvXp04 intro {IS}:--- StateLog() end -------------------
20260710 032809.780 INFO             PET2       MODEL: InitializeIPDvXp04 intro {ES}:--- StateLog() start -----------------
20260710 032809.780 INFO             PET2       MODEL: InitializeIPDvXp04 intro {ES}:<name: MODEL-ExportState> <intent: ESMF_STATEINTENT_EXPORT> <itemCount:    2>
20260710 032809.780 INFO             PET2       MODEL: InitializeIPDvXp04 intro {ES}:+-<item: 0001> <itemType: Field> <itemName: pmsl>
20260710 032809.780 INFO             PET2       MODEL: InitializeIPDvXp04 intro {ES}:!--- FieldLog() start -----------------
20260710 032809.780 INFO             PET2       MODEL: InitializeIPDvXp04 intro {ES}:! <name: pmsl> <fieldStatus: ESMF_FIELDSTATUS_EMPTY>
20260710 032809.780 INFO             PET2       MODEL: InitializeIPDvXp04 intro {ES}:! 0x7ffc0e962e40 => 0x14f230ea7600 => 0x2bc87d50
20260710 032809.780 INFO             PET2       MODEL: InitializeIPDvXp04 intro {ES}:!--- FieldLog() end -------------------
20260710 032809.780 INFO             PET2       MODEL: InitializeIPDvXp04 intro {ES}:+-<item: 0002> <itemType: Field> <itemName: rsns>
20260710 032809.780 INFO             PET2       MODEL: InitializeIPDvXp04 intro {ES}:!--- FieldLog() start -----------------
20260710 032809.780 INFO             PET2       MODEL: InitializeIPDvXp04 intro {ES}:! <name: rsns> <fieldStatus: ESMF_FIELDSTATUS_EMPTY>
20260710 032809.780 INFO             PET2       MODEL: InitializeIPDvXp04 intro {ES}:! 0x7ffc0e962e40 => 0x14f230ea7380 => 0x2bc89ec0
20260710 032809.780 INFO             PET2       MODEL: InitializeIPDvXp04 intro {ES}:!--- FieldLog() end -------------------
20260710 032809.780 INFO             PET2       MODEL: InitializeIPDvXp04 intro {ES}:--- StateLog() end -------------------
20260710 032809.780 INFO             PET2       >>>MODEL: entered Initialize (phase=IPDvXp04) without valid internal Clock.
20260710 032809.783 INFO             PET2       After Realize: - MemInfo: [/proc/meminfo - SSI]	MemTotal:       263294404 kB
20260710 032809.783 INFO             PET2       After Realize: - MemInfo: [/proc/meminfo - SSI]	MemFree:        237776712 kB
20260710 032809.783 INFO             PET2       After Realize: - MemInfo: [/proc/meminfo - SSI]	MemAvailable:   239772840 kB
20260710 032809.783 INFO             PET2       After Realize: - MemInfo: [/proc/meminfo - SSI]	Committed_AS:   16266568 kB
20260710 032809.783 INFO             PET2       After Realize: - MemInfo: [/proc/meminfo - SSI]	CommittedPercent: 6.17809 %
20260710 032809.783 INFO             PET2       After Realize: - MemInfo: [/proc/self/status]	VmPeak:	  460280 kB
20260710 032809.783 INFO             PET2       After Realize: - MemInfo: [/proc/self/status]	VmSize:	  394788 kB
20260710 032809.783 INFO             PET2       After Realize: - MemInfo: [/proc/self/status]	VmLck:	       0 kB
20260710 032809.783 INFO             PET2       After Realize: - MemInfo: [/proc/self/status]	VmPin:	       0 kB
20260710 032809.783 INFO             PET2       After Realize: - MemInfo: [/proc/self/status]	VmHWM:	   55296 kB
20260710 032809.783 INFO             PET2       After Realize: - MemInfo: [/proc/self/status]	VmRSS:	   55296 kB
20260710 032809.783 INFO             PET2       After Realize: - MemInfo: [/proc/self/status]	VmData:	   99092 kB
20260710 032809.783 INFO             PET2       After Realize: - MemInfo: [/proc/self/status]	VmStk:	     196 kB
20260710 032809.783 INFO             PET2       After Realize: - MemInfo: [/proc/self/status]	VmExe:	    1108 kB
20260710 032809.783 INFO             PET2       After Realize: - MemInfo: [/proc/self/status]	VmLib:	  141208 kB
20260710 032809.783 INFO             PET2       After Realize: - MemInfo: [/proc/self/status]	VmPTE:	     540 kB
20260710 032809.783 INFO             PET2       After Realize: - MemInfo: [/proc/self/status]	VmSwap:	       0 kB
20260710 032809.783 INFO             PET2       After Realize: - MemInfo: [/proc/self/status]	VmRSSPercent: 0.0210016 %
20260710 032809.783 INFO             PET2       After Realize: - MemInfo: [malloc] Non-mmapped space allocated:                  872448 Byte
20260710 032809.783 INFO             PET2       After Realize: - MemInfo: [malloc] Space allocated in mmapped regions:          3878912 Byte
20260710 032809.783 INFO             PET2       After Realize: - MemInfo: [malloc] Maximum total allocated space:                     0 Byte
20260710 032809.783 INFO             PET2       After Realize: - MemInfo: [malloc] Space in freed fastbin blocks:                   160 Byte
20260710 032809.783 INFO             PET2       After Realize: - MemInfo: [malloc] Total allocated space:                        706016 Byte
20260710 032809.783 INFO             PET2       After Realize: - MemInfo: [malloc] Total free space:                             166432 Byte
20260710 032809.783 INFO             PET2       After Realize: - MemInfo: [malloc] Top-most, releasable space:                    34272 Byte
20260710 032809.783 INFO             PET2       After Realize: - MemInfo: [malloc] Total space in use, mmap + non-mmap:         4584928 Byte
20260710 032809.783 INFO             PET2       After Realize: - MemInfo: [malloc] Total space held (mmap + non-mmap):          4751360 Byte
20260710 032809.783 INFO             PET2       After Realize: - MemInfo: [malloc] Total space used (mmap + non-mmap):          4593136 Byte
20260710 032809.783 INFO             PET2       After Realize: - MemInfo: Wall-clock time since execution start:              0.0258211 seconds
20260710 032809.783 INFO             PET2       <<<MODEL: leaving Initialize (phase=IPDvXp04) without valid internal Clock.
20260710 032809.783 INFO             PET2       MODEL: InitializeIPDvXp04 extro {IS}:--- StateLog() start -----------------
20260710 032809.783 INFO             PET2       MODEL: InitializeIPDvXp04 extro {IS}:<name: MODEL-ImportState> <intent: ESMF_STATEINTENT_IMPORT> <itemCount:    0>
20260710 032809.783 INFO             PET2       MODEL: InitializeIPDvXp04 extro {IS}:--- StateLog() end -------------------
20260710 032809.783 INFO             PET2       MODEL: InitializeIPDvXp04 extro {ES}:--- StateLog() start -----------------
20260710 032809.783 INFO             PET2       MODEL: InitializeIPDvXp04 extro {ES}:<name: MODEL-ExportState> <intent: ESMF_STATEINTENT_EXPORT> <itemCount:    2>
20260710 032809.783 INFO             PET2       MODEL: InitializeIPDvXp04 extro {ES}:+-<item: 0001> <itemType: Field> <itemName: pmsl>
20260710 032809.783 INFO             PET2       MODEL: InitializeIPDvXp04 extro {ES}:!--- FieldLog() start -----------------
20260710 032809.783 INFO             PET2       MODEL: InitializeIPDvXp04 extro {ES}:! <name: pmsl> <fieldStatus: ESMF_FIELDSTATUS_COMPLETE>
20260710 032809.783 INFO             PET2       MODEL: InitializeIPDvXp04 extro {ES}:! 0x7ffc0e9632f0 => 0x14f230ea7100 => 0x2bc903c0
20260710 032809.783 INFO             PET2       MODEL: InitializeIPDvXp04 extro {ES}:! <typekind: Real*8> <rank:    2> <dimCount:    2>
20260710 032809.783 INFO             PET2       MODEL: InitializeIPDvXp04 extro {ES}:! ! --- Array::log() start -----------------------------------
20260710 032809.783 INFO             PET2       MODEL: InitializeIPDvXp04 extro {ES}:! ! 0x2bc90cc0
20260710 032809.783 INFO             PET2       MODEL: InitializeIPDvXp04 extro {ES}:! ! <name: pmsl>
20260710 032809.783 INFO             PET2       MODEL: InitializeIPDvXp04 extro {ES}:! ! ! --- DistGrid::log() start --------------------------------
20260710 032809.783 INFO             PET2       MODEL: InitializeIPDvXp04 extro {ES}:! ! ! 0x2bc8b0d0
20260710 032809.783 INFO             PET2       MODEL: InitializeIPDvXp04 extro {ES}:! ! ! DistGrid object is valid!<name: DG-Grid004-sloc:0>
20260710 032809.783 INFO             PET2       MODEL: InitializeIPDvXp04 extro {ES}:! ! ! --- DistGrid::log() end ----------------------------------
20260710 032809.783 INFO             PET2       MODEL: InitializeIPDvXp04 extro {ES}:! ! --- Array::log() end -------------------------------------
20260710 032809.783 INFO             PET2       MODEL: InitializeIPDvXp04 extro {ES}:!--- FieldLog() end -------------------
20260710 032809.783 INFO             PET2       MODEL: InitializeIPDvXp04 extro {ES}:+-<item: 0002> <itemType: Field> <itemName: rsns>
20260710 032809.783 INFO             PET2       MODEL: InitializeIPDvXp04 extro {ES}:!--- FieldLog() start -----------------
20260710 032809.783 INFO             PET2       MODEL: InitializeIPDvXp04 extro {ES}:! <name: rsns> <fieldStatus: ESMF_FIELDSTATUS_COMPLETE>
20260710 032809.783 INFO             PET2       MODEL: InitializeIPDvXp04 extro {ES}:! 0x7ffc0e9632f0 => 0x14f230ea6e80 => 0x2bc92720
20260710 032809.783 INFO             PET2       MODEL: InitializeIPDvXp04 extro {ES}:! <typekind: Real*8> <rank:    2> <dimCount:    2>
20260710 032809.783 INFO             PET2       MODEL: InitializeIPDvXp04 extro {ES}:! ! --- Array::log() start -----------------------------------
20260710 032809.783 INFO             PET2       MODEL: InitializeIPDvXp04 extro {ES}:! ! 0x2bc92f40
20260710 032809.783 INFO             PET2       MODEL: InitializeIPDvXp04 extro {ES}:! ! <name: rsns>
20260710 032809.783 INFO             PET2       MODEL: InitializeIPDvXp04 extro {ES}:! ! ! --- DistGrid::log() start --------------------------------
20260710 032809.783 INFO             PET2       MODEL: InitializeIPDvXp04 extro {ES}:! ! ! 0x2bc8b0d0
20260710 032809.783 INFO             PET2       MODEL: InitializeIPDvXp04 extro {ES}:! ! ! DistGrid object is valid!<name: DG-Grid004-sloc:0>
20260710 032809.783 INFO             PET2       MODEL: InitializeIPDvXp04 extro {ES}:! ! ! --- DistGrid::log() end ----------------------------------
20260710 032809.783 INFO             PET2       MODEL: InitializeIPDvXp04 extro {ES}:! ! --- Array::log() end -------------------------------------
20260710 032809.783 INFO             PET2       MODEL: InitializeIPDvXp04 extro {ES}:!--- FieldLog() end -------------------
20260710 032809.783 INFO             PET2       MODEL: InitializeIPDvXp04 extro {ES}:--- StateLog() end -------------------
20260710 032809.783 INFO             PET2     MODEL: InitializeIPDvXp04 extro.
20260710 032809.784 INFO             PET2     driver: IInitRealize intro.
20260710 032809.784 INFO             PET2       driver: IInitRealize intro {IS}:--- StateLog() start -----------------
20260710 032809.784 INFO             PET2       driver: IInitRealize intro {IS}:State object is invalid! Not created or deleted!
20260710 032809.784 INFO             PET2       driver: IInitRealize intro {IS}:--- StateLog() end -------------------
20260710 032809.784 INFO             PET2       driver: IInitRealize intro {ES}:--- StateLog() start -----------------
20260710 032809.784 INFO             PET2       driver: IInitRealize intro {ES}:State object is invalid! Not created or deleted!
20260710 032809.784 INFO             PET2       driver: IInitRealize intro {ES}:--- StateLog() end -------------------
20260710 032809.784 INFO             PET2       >>>driver: entered Initialize (phase=<none>) with current time:    0  1  1  0  0  0   0
20260710 032809.784 INFO             PET2       <<<driver: leaving Initialize (phase=<none>) with current time:    0  1  1  0  0  0   0
20260710 032809.784 INFO             PET2       driver: IInitRealize extro {IS}:--- StateLog() start -----------------
20260710 032809.784 INFO             PET2       driver: IInitRealize extro {IS}:State object is invalid! Not created or deleted!
20260710 032809.784 INFO             PET2       driver: IInitRealize extro {IS}:--- StateLog() end -------------------
20260710 032809.784 INFO             PET2       driver: IInitRealize extro {ES}:--- StateLog() start -----------------
20260710 032809.784 INFO             PET2       driver: IInitRealize extro {ES}:State object is invalid! Not created or deleted!
20260710 032809.784 INFO             PET2       driver: IInitRealize extro {ES}:--- StateLog() end -------------------
20260710 032809.784 INFO             PET2     driver: IInitRealize extro.
20260710 032809.785 INFO             PET2     MODEL: InitializeIPDvXp07 intro.
20260710 032809.785 INFO             PET2       MODEL: InitializeIPDvXp07 intro {IS}:--- StateLog() start -----------------
20260710 032809.785 INFO             PET2       MODEL: InitializeIPDvXp07 intro {IS}:<name: MODEL-ImportState> <intent: ESMF_STATEINTENT_IMPORT> <itemCount:    0>
20260710 032809.785 INFO             PET2       MODEL: InitializeIPDvXp07 intro {IS}:--- StateLog() end -------------------
20260710 032809.785 INFO             PET2       MODEL: InitializeIPDvXp07 intro {ES}:--- StateLog() start -----------------
20260710 032809.785 INFO             PET2       MODEL: InitializeIPDvXp07 intro {ES}:<name: MODEL-ExportState> <intent: ESMF_STATEINTENT_EXPORT> <itemCount:    2>
20260710 032809.785 INFO             PET2       MODEL: InitializeIPDvXp07 intro {ES}:+-<item: 0001> <itemType: Field> <itemName: pmsl>
20260710 032809.785 INFO             PET2       MODEL: InitializeIPDvXp07 intro {ES}:!--- FieldLog() start -----------------
20260710 032809.785 INFO             PET2       MODEL: InitializeIPDvXp07 intro {ES}:! <name: pmsl> <fieldStatus: ESMF_FIELDSTATUS_COMPLETE>
20260710 032809.785 INFO             PET2       MODEL: InitializeIPDvXp07 intro {ES}:! 0x7ffc0e962270 => 0x14f230ea7100 => 0x2bc903c0
20260710 032809.785 INFO             PET2       MODEL: InitializeIPDvXp07 intro {ES}:! <typekind: Real*8> <rank:    2> <dimCount:    2>
20260710 032809.785 INFO             PET2       MODEL: InitializeIPDvXp07 intro {ES}:! ! --- Array::log() start -----------------------------------
20260710 032809.785 INFO             PET2       MODEL: InitializeIPDvXp07 intro {ES}:! ! 0x2bc90cc0
20260710 032809.785 INFO             PET2       MODEL: InitializeIPDvXp07 intro {ES}:! ! <name: pmsl>
20260710 032809.785 INFO             PET2       MODEL: InitializeIPDvXp07 intro {ES}:! ! ! --- DistGrid::log() start --------------------------------
20260710 032809.785 INFO             PET2       MODEL: InitializeIPDvXp07 intro {ES}:! ! ! 0x2bc8b0d0
20260710 032809.785 INFO             PET2       MODEL: InitializeIPDvXp07 intro {ES}:! ! ! DistGrid object is valid!<name: DG-Grid004-sloc:0>
20260710 032809.785 INFO             PET2       MODEL: InitializeIPDvXp07 intro {ES}:! ! ! --- DistGrid::log() end ----------------------------------
20260710 032809.785 INFO             PET2       MODEL: InitializeIPDvXp07 intro {ES}:! ! --- Array::log() end -------------------------------------
20260710 032809.785 INFO             PET2       MODEL: InitializeIPDvXp07 intro {ES}:!--- FieldLog() end -------------------
20260710 032809.785 INFO             PET2       MODEL: InitializeIPDvXp07 intro {ES}:+-<item: 0002> <itemType: Field> <itemName: rsns>
20260710 032809.785 INFO             PET2       MODEL: InitializeIPDvXp07 intro {ES}:!--- FieldLog() start -----------------
20260710 032809.785 INFO             PET2       MODEL: InitializeIPDvXp07 intro {ES}:! <name: rsns> <fieldStatus: ESMF_FIELDSTATUS_COMPLETE>
20260710 032809.785 INFO             PET2       MODEL: InitializeIPDvXp07 intro {ES}:! 0x7ffc0e962270 => 0x14f230ea6e80 => 0x2bc92720
20260710 032809.785 INFO             PET2       MODEL: InitializeIPDvXp07 intro {ES}:! <typekind: Real*8> <rank:    2> <dimCount:    2>
20260710 032809.785 INFO             PET2       MODEL: InitializeIPDvXp07 intro {ES}:! ! --- Array::log() start -----------------------------------
20260710 032809.785 INFO             PET2       MODEL: InitializeIPDvXp07 intro {ES}:! ! 0x2bc92f40
20260710 032809.785 INFO             PET2       MODEL: InitializeIPDvXp07 intro {ES}:! ! <name: rsns>
20260710 032809.785 INFO             PET2       MODEL: InitializeIPDvXp07 intro {ES}:! ! ! --- DistGrid::log() start --------------------------------
20260710 032809.785 INFO             PET2       MODEL: InitializeIPDvXp07 intro {ES}:! ! ! 0x2bc8b0d0
20260710 032809.785 INFO             PET2       MODEL: InitializeIPDvXp07 intro {ES}:! ! ! DistGrid object is valid!<name: DG-Grid004-sloc:0>
20260710 032809.785 INFO             PET2       MODEL: InitializeIPDvXp07 intro {ES}:! ! ! --- DistGrid::log() end ----------------------------------
20260710 032809.785 INFO             PET2       MODEL: InitializeIPDvXp07 intro {ES}:! ! --- Array::log() end -------------------------------------
20260710 032809.785 INFO             PET2       MODEL: InitializeIPDvXp07 intro {ES}:!--- FieldLog() end -------------------
20260710 032809.785 INFO             PET2       MODEL: InitializeIPDvXp07 intro {ES}:--- StateLog() end -------------------
20260710 032809.785 INFO             PET2       >>>MODEL: entered Initialize (phase=IPDvXp07) without valid internal Clock.
20260710 032809.785 INFO             PET2       <<<MODEL: leaving Initialize (phase=IPDvXp07) with current time:    0  1  1  0  0  0   0
20260710 032809.785 INFO             PET2       MODEL: InitializeIPDvXp07 extro {IS}:--- StateLog() start -----------------
20260710 032809.785 INFO             PET2       MODEL: InitializeIPDvXp07 extro {IS}:<name: MODEL-ImportState> <intent: ESMF_STATEINTENT_IMPORT> <itemCount:    0>
20260710 032809.785 INFO             PET2       MODEL: InitializeIPDvXp07 extro {IS}:--- StateLog() end -------------------
20260710 032809.785 INFO             PET2       MODEL: InitializeIPDvXp07 extro {ES}:--- StateLog() start -----------------
20260710 032809.785 INFO             PET2       MODEL: InitializeIPDvXp07 extro {ES}:<name: MODEL-ExportState> <intent: ESMF_STATEINTENT_EXPORT> <itemCount:    2>
20260710 032809.785 INFO             PET2       MODEL: InitializeIPDvXp07 extro {ES}:+-<item: 0001> <itemType: Field> <itemName: pmsl>
20260710 032809.785 INFO             PET2       MODEL: InitializeIPDvXp07 extro {ES}:!--- FieldLog() start -----------------
20260710 032809.785 INFO             PET2       MODEL: InitializeIPDvXp07 extro {ES}:! <name: pmsl> <fieldStatus: ESMF_FIELDSTATUS_COMPLETE>
20260710 032809.785 INFO             PET2       MODEL: InitializeIPDvXp07 extro {ES}:! 0x7ffc0e962720 => 0x14f230ea7100 => 0x2bc903c0
20260710 032809.785 INFO             PET2       MODEL: InitializeIPDvXp07 extro {ES}:! <typekind: Real*8> <rank:    2> <dimCount:    2>
20260710 032809.785 INFO             PET2       MODEL: InitializeIPDvXp07 extro {ES}:! ! --- Array::log() start -----------------------------------
20260710 032809.785 INFO             PET2       MODEL: InitializeIPDvXp07 extro {ES}:! ! 0x2bc90cc0
20260710 032809.785 INFO             PET2       MODEL: InitializeIPDvXp07 extro {ES}:! ! <name: pmsl>
20260710 032809.785 INFO             PET2       MODEL: InitializeIPDvXp07 extro {ES}:! ! ! --- DistGrid::log() start --------------------------------
20260710 032809.785 INFO             PET2       MODEL: InitializeIPDvXp07 extro {ES}:! ! ! 0x2bc8b0d0
20260710 032809.785 INFO             PET2       MODEL: InitializeIPDvXp07 extro {ES}:! ! ! DistGrid object is valid!<name: DG-Grid004-sloc:0>
20260710 032809.785 INFO             PET2       MODEL: InitializeIPDvXp07 extro {ES}:! ! ! --- DistGrid::log() end ----------------------------------
20260710 032809.785 INFO             PET2       MODEL: InitializeIPDvXp07 extro {ES}:! ! --- Array::log() end -------------------------------------
20260710 032809.785 INFO             PET2       MODEL: InitializeIPDvXp07 extro {ES}:!--- FieldLog() end -------------------
20260710 032809.785 INFO             PET2       MODEL: InitializeIPDvXp07 extro {ES}:+-<item: 0002> <itemType: Field> <itemName: rsns>
20260710 032809.785 INFO             PET2       MODEL: InitializeIPDvXp07 extro {ES}:!--- FieldLog() start -----------------
20260710 032809.785 INFO             PET2       MODEL: InitializeIPDvXp07 extro {ES}:! <name: rsns> <fieldStatus: ESMF_FIELDSTATUS_COMPLETE>
20260710 032809.785 INFO             PET2       MODEL: InitializeIPDvXp07 extro {ES}:! 0x7ffc0e962720 => 0x14f230ea6e80 => 0x2bc92720
20260710 032809.785 INFO             PET2       MODEL: InitializeIPDvXp07 extro {ES}:! <typekind: Real*8> <rank:    2> <dimCount:    2>
20260710 032809.785 INFO             PET2       MODEL: InitializeIPDvXp07 extro {ES}:! ! --- Array::log() start -----------------------------------
20260710 032809.785 INFO             PET2       MODEL: InitializeIPDvXp07 extro {ES}:! ! 0x2bc92f40
20260710 032809.786 INFO             PET2       MODEL: InitializeIPDvXp07 extro {ES}:! ! <name: rsns>
20260710 032809.786 INFO             PET2       MODEL: InitializeIPDvXp07 extro {ES}:! ! ! --- DistGrid::log() start --------------------------------
20260710 032809.786 INFO             PET2       MODEL: InitializeIPDvXp07 extro {ES}:! ! ! 0x2bc8b0d0
20260710 032809.786 INFO             PET2       MODEL: InitializeIPDvXp07 extro {ES}:! ! ! DistGrid object is valid!<name: DG-Grid004-sloc:0>
20260710 032809.786 INFO             PET2       MODEL: InitializeIPDvXp07 extro {ES}:! ! ! --- DistGrid::log() end ----------------------------------
20260710 032809.786 INFO             PET2       MODEL: InitializeIPDvXp07 extro {ES}:! ! --- Array::log() end -------------------------------------
20260710 032809.786 INFO             PET2       MODEL: InitializeIPDvXp07 extro {ES}:!--- FieldLog() end -------------------
20260710 032809.786 INFO             PET2       MODEL: InitializeIPDvXp07 extro {ES}:--- StateLog() end -------------------
20260710 032809.786 INFO             PET2     MODEL: InitializeIPDvXp07 extro.
20260710 032809.786 INFO             PET2     <<<driver: leaving Initialize (phase=<none>) with current time:    0  1  1  0  0  0   0
20260710 032809.786 INFO             PET2     driver: InitializeIPDv02p3 extro {IS}:--- StateLog() start -----------------
20260710 032809.786 INFO             PET2     driver: InitializeIPDv02p3 extro {IS}:State object is invalid! Not created or deleted!
20260710 032809.786 INFO             PET2     driver: InitializeIPDv02p3 extro {IS}:--- StateLog() end -------------------
20260710 032809.786 INFO             PET2     driver: InitializeIPDv02p3 extro {ES}:--- StateLog() start -----------------
20260710 032809.786 INFO             PET2     driver: InitializeIPDv02p3 extro {ES}:State object is invalid! Not created or deleted!
20260710 032809.786 INFO             PET2     driver: InitializeIPDv02p3 extro {ES}:--- StateLog() end -------------------
20260710 032809.786 INFO             PET2   driver: InitializeIPDv02p3 extro.
20260710 032809.786 INFO             PET2   driver: InitializeIPDv02p5 intro.
20260710 032809.786 INFO             PET2     driver: InitializeIPDv02p5 intro {IS}:--- StateLog() start -----------------
20260710 032809.786 INFO             PET2     driver: InitializeIPDv02p5 intro {IS}:State object is invalid! Not created or deleted!
20260710 032809.786 INFO             PET2     driver: InitializeIPDv02p5 intro {IS}:--- StateLog() end -------------------
20260710 032809.786 INFO             PET2     driver: InitializeIPDv02p5 intro {ES}:--- StateLog() start -----------------
20260710 032809.786 INFO             PET2     driver: InitializeIPDv02p5 intro {ES}:State object is invalid! Not created or deleted!
20260710 032809.786 INFO             PET2     driver: InitializeIPDv02p5 intro {ES}:--- StateLog() end -------------------
20260710 032809.786 INFO             PET2     >>>driver: entered Initialize (phase=<none>) with current time:    0  1  1  0  0  0   0
20260710 032809.786 INFO             PET2     driver: this is a top level driver, no 'Updated' and 'InitializeDataComplete' info on this level.
20260710 032809.786 INFO             PET2     driver: InitializeIPDv02p5Data intro.
20260710 032809.786 INFO             PET2       driver: InitializeIPDv02p5Data intro {IS}:--- StateLog() start -----------------
20260710 032809.786 INFO             PET2       driver: InitializeIPDv02p5Data intro {IS}:State object is invalid! Not created or deleted!
20260710 032809.786 INFO             PET2       driver: InitializeIPDv02p5Data intro {IS}:--- StateLog() end -------------------
20260710 032809.786 INFO             PET2       driver: InitializeIPDv02p5Data intro {ES}:--- StateLog() start -----------------
20260710 032809.786 INFO             PET2       driver: InitializeIPDv02p5Data intro {ES}:State object is invalid! Not created or deleted!
20260710 032809.786 INFO             PET2       driver: InitializeIPDv02p5Data intro {ES}:--- StateLog() end -------------------
20260710 032809.786 INFO             PET2       >>>driver: entered Initialize (phase=<none>) with current time:    0  1  1  0  0  0   0
20260710 032809.786 INFO             PET2       driver: InternalInitializeComplete intro.
20260710 032809.786 INFO             PET2         driver: InternalInitializeComplete intro {IS}:--- StateLog() start -----------------
20260710 032809.786 INFO             PET2         driver: InternalInitializeComplete intro {IS}:State object is invalid! Not created or deleted!
20260710 032809.786 INFO             PET2         driver: InternalInitializeComplete intro {IS}:--- StateLog() end -------------------
20260710 032809.786 INFO             PET2         driver: InternalInitializeComplete intro {ES}:--- StateLog() start -----------------
20260710 032809.786 INFO             PET2         driver: InternalInitializeComplete intro {ES}:State object is invalid! Not created or deleted!
20260710 032809.786 INFO             PET2         driver: InternalInitializeComplete intro {ES}:--- StateLog() end -------------------
20260710 032809.786 INFO             PET2         >>>driver: entered Initialize (phase=<none>) with current time:    0  1  1  0  0  0   0
20260710 032809.786 INFO             PET2         driver: InitializeDataComplete='true'
20260710 032809.786 INFO             PET2         <<<driver: leaving Initialize (phase=<none>) with current time:    0  1  1  0  0  0   0
20260710 032809.786 INFO             PET2         driver: InternalInitializeComplete extro {IS}:--- StateLog() start -----------------
20260710 032809.786 INFO             PET2         driver: InternalInitializeComplete extro {IS}:State object is invalid! Not created or deleted!
20260710 032809.786 INFO             PET2         driver: InternalInitializeComplete extro {IS}:--- StateLog() end -------------------
20260710 032809.786 INFO             PET2         driver: InternalInitializeComplete extro {ES}:--- StateLog() start -----------------
20260710 032809.786 INFO             PET2         driver: InternalInitializeComplete extro {ES}:State object is invalid! Not created or deleted!
20260710 032809.786 INFO             PET2         driver: InternalInitializeComplete extro {ES}:--- StateLog() end -------------------
20260710 032809.786 INFO             PET2       driver: InternalInitializeComplete extro.
20260710 032809.787 INFO             PET2       MODEL: InitializeIPDvXp08 intro.
20260710 032809.787 INFO             PET2         MODEL: InitializeIPDvXp08 intro {IS}:--- StateLog() start -----------------
20260710 032809.787 INFO             PET2         MODEL: InitializeIPDvXp08 intro {IS}:<name: MODEL-ImportState> <intent: ESMF_STATEINTENT_IMPORT> <itemCount:    0>
20260710 032809.787 INFO             PET2         MODEL: InitializeIPDvXp08 intro {IS}:--- StateLog() end -------------------
20260710 032809.787 INFO             PET2         MODEL: InitializeIPDvXp08 intro {ES}:--- StateLog() start -----------------
20260710 032809.787 INFO             PET2         MODEL: InitializeIPDvXp08 intro {ES}:<name: MODEL-ExportState> <intent: ESMF_STATEINTENT_EXPORT> <itemCount:    2>
20260710 032809.787 INFO             PET2         MODEL: InitializeIPDvXp08 intro {ES}:+-<item: 0001> <itemType: Field> <itemName: pmsl>
20260710 032809.787 INFO             PET2         MODEL: InitializeIPDvXp08 intro {ES}:!--- FieldLog() start -----------------
20260710 032809.787 INFO             PET2         MODEL: InitializeIPDvXp08 intro {ES}:! <name: pmsl> <fieldStatus: ESMF_FIELDSTATUS_COMPLETE>
20260710 032809.787 INFO             PET2         MODEL: InitializeIPDvXp08 intro {ES}:! 0x7ffc0e9606c0 => 0x14f230ea7100 => 0x2bc903c0
20260710 032809.787 INFO             PET2         MODEL: InitializeIPDvXp08 intro {ES}:! <typekind: Real*8> <rank:    2> <dimCount:    2>
20260710 032809.787 INFO             PET2         MODEL: InitializeIPDvXp08 intro {ES}:! ! --- Array::log() start -----------------------------------
20260710 032809.787 INFO             PET2         MODEL: InitializeIPDvXp08 intro {ES}:! ! 0x2bc90cc0
20260710 032809.787 INFO             PET2         MODEL: InitializeIPDvXp08 intro {ES}:! ! <name: pmsl>
20260710 032809.787 INFO             PET2         MODEL: InitializeIPDvXp08 intro {ES}:! ! ! --- DistGrid::log() start --------------------------------
20260710 032809.787 INFO             PET2         MODEL: InitializeIPDvXp08 intro {ES}:! ! ! 0x2bc8b0d0
20260710 032809.787 INFO             PET2         MODEL: InitializeIPDvXp08 intro {ES}:! ! ! DistGrid object is valid!<name: DG-Grid004-sloc:0>
20260710 032809.787 INFO             PET2         MODEL: InitializeIPDvXp08 intro {ES}:! ! ! --- DistGrid::log() end ----------------------------------
20260710 032809.787 INFO             PET2         MODEL: InitializeIPDvXp08 intro {ES}:! ! --- Array::log() end -------------------------------------
20260710 032809.787 INFO             PET2         MODEL: InitializeIPDvXp08 intro {ES}:!--- FieldLog() end -------------------
20260710 032809.787 INFO             PET2         MODEL: InitializeIPDvXp08 intro {ES}:+-<item: 0002> <itemType: Field> <itemName: rsns>
20260710 032809.787 INFO             PET2         MODEL: InitializeIPDvXp08 intro {ES}:!--- FieldLog() start -----------------
20260710 032809.787 INFO             PET2         MODEL: InitializeIPDvXp08 intro {ES}:! <name: rsns> <fieldStatus: ESMF_FIELDSTATUS_COMPLETE>
20260710 032809.787 INFO             PET2         MODEL: InitializeIPDvXp08 intro {ES}:! 0x7ffc0e9606c0 => 0x14f230ea6e80 => 0x2bc92720
20260710 032809.787 INFO             PET2         MODEL: InitializeIPDvXp08 intro {ES}:! <typekind: Real*8> <rank:    2> <dimCount:    2>
20260710 032809.787 INFO             PET2         MODEL: InitializeIPDvXp08 intro {ES}:! ! --- Array::log() start -----------------------------------
20260710 032809.787 INFO             PET2         MODEL: InitializeIPDvXp08 intro {ES}:! ! 0x2bc92f40
20260710 032809.787 INFO             PET2         MODEL: InitializeIPDvXp08 intro {ES}:! ! <name: rsns>
20260710 032809.787 INFO             PET2         MODEL: InitializeIPDvXp08 intro {ES}:! ! ! --- DistGrid::log() start --------------------------------
20260710 032809.787 INFO             PET2         MODEL: InitializeIPDvXp08 intro {ES}:! ! ! 0x2bc8b0d0
20260710 032809.787 INFO             PET2         MODEL: InitializeIPDvXp08 intro {ES}:! ! ! DistGrid object is valid!<name: DG-Grid004-sloc:0>
20260710 032809.787 INFO             PET2         MODEL: InitializeIPDvXp08 intro {ES}:! ! ! --- DistGrid::log() end ----------------------------------
20260710 032809.787 INFO             PET2         MODEL: InitializeIPDvXp08 intro {ES}:! ! --- Array::log() end -------------------------------------
20260710 032809.787 INFO             PET2         MODEL: InitializeIPDvXp08 intro {ES}:!--- FieldLog() end -------------------
20260710 032809.787 INFO             PET2         MODEL: InitializeIPDvXp08 intro {ES}:--- StateLog() end -------------------
20260710 032809.787 INFO             PET2         >>>MODEL: entered Initialize (phase=IPDv05p8) with current time:    0  1  1  0  0  0   0
20260710 032809.787 INFO             PET2         MODEL: InitializeDataProgress='false', InitializeDataComplete='false'
20260710 032809.787 INFO             PET2         <<<MODEL: leaving Initialize (phase=IPDv05p8) with current time:    0  1  1  0  0  0   0
20260710 032809.787 INFO             PET2         MODEL: InitializeIPDvXp08 extro {IS}:--- StateLog() start -----------------
20260710 032809.787 INFO             PET2         MODEL: InitializeIPDvXp08 extro {IS}:<name: MODEL-ImportState> <intent: ESMF_STATEINTENT_IMPORT> <itemCount:    0>
20260710 032809.787 INFO             PET2         MODEL: InitializeIPDvXp08 extro {IS}:--- StateLog() end -------------------
20260710 032809.787 INFO             PET2         MODEL: InitializeIPDvXp08 extro {ES}:--- StateLog() start -----------------
20260710 032809.787 INFO             PET2         MODEL: InitializeIPDvXp08 extro {ES}:<name: MODEL-ExportState> <intent: ESMF_STATEINTENT_EXPORT> <itemCount:    2>
20260710 032809.787 INFO             PET2         MODEL: InitializeIPDvXp08 extro {ES}:+-<item: 0001> <itemType: Field> <itemName: pmsl>
20260710 032809.787 INFO             PET2         MODEL: InitializeIPDvXp08 extro {ES}:!--- FieldLog() start -----------------
20260710 032809.787 INFO             PET2         MODEL: InitializeIPDvXp08 extro {ES}:! <name: pmsl> <fieldStatus: ESMF_FIELDSTATUS_COMPLETE>
20260710 032809.787 INFO             PET2         MODEL: InitializeIPDvXp08 extro {ES}:! 0x7ffc0e960b70 => 0x14f230ea7100 => 0x2bc903c0
20260710 032809.787 INFO             PET2         MODEL: InitializeIPDvXp08 extro {ES}:! <typekind: Real*8> <rank:    2> <dimCount:    2>
20260710 032809.787 INFO             PET2         MODEL: InitializeIPDvXp08 extro {ES}:! ! --- Array::log() start -----------------------------------
20260710 032809.787 INFO             PET2         MODEL: InitializeIPDvXp08 extro {ES}:! ! 0x2bc90cc0
20260710 032809.787 INFO             PET2         MODEL: InitializeIPDvXp08 extro {ES}:! ! <name: pmsl>
20260710 032809.787 INFO             PET2         MODEL: InitializeIPDvXp08 extro {ES}:! ! ! --- DistGrid::log() start --------------------------------
20260710 032809.787 INFO             PET2         MODEL: InitializeIPDvXp08 extro {ES}:! ! ! 0x2bc8b0d0
20260710 032809.787 INFO             PET2         MODEL: InitializeIPDvXp08 extro {ES}:! ! ! DistGrid object is valid!<name: DG-Grid004-sloc:0>
20260710 032809.787 INFO             PET2         MODEL: InitializeIPDvXp08 extro {ES}:! ! ! --- DistGrid::log() end ----------------------------------
20260710 032809.787 INFO             PET2         MODEL: InitializeIPDvXp08 extro {ES}:! ! --- Array::log() end -------------------------------------
20260710 032809.787 INFO             PET2         MODEL: InitializeIPDvXp08 extro {ES}:!--- FieldLog() end -------------------
20260710 032809.787 INFO             PET2         MODEL: InitializeIPDvXp08 extro {ES}:+-<item: 0002> <itemType: Field> <itemName: rsns>
20260710 032809.787 INFO             PET2         MODEL: InitializeIPDvXp08 extro {ES}:!--- FieldLog() start -----------------
20260710 032809.787 INFO             PET2         MODEL: InitializeIPDvXp08 extro {ES}:! <name: rsns> <fieldStatus: ESMF_FIELDSTATUS_COMPLETE>
20260710 032809.787 INFO             PET2         MODEL: InitializeIPDvXp08 extro {ES}:! 0x7ffc0e960b70 => 0x14f230ea6e80 => 0x2bc92720
20260710 032809.788 INFO             PET2         MODEL: InitializeIPDvXp08 extro {ES}:! <typekind: Real*8> <rank:    2> <dimCount:    2>
20260710 032809.788 INFO             PET2         MODEL: InitializeIPDvXp08 extro {ES}:! ! --- Array::log() start -----------------------------------
20260710 032809.788 INFO             PET2         MODEL: InitializeIPDvXp08 extro {ES}:! ! 0x2bc92f40
20260710 032809.788 INFO             PET2         MODEL: InitializeIPDvXp08 extro {ES}:! ! <name: rsns>
20260710 032809.788 INFO             PET2         MODEL: InitializeIPDvXp08 extro {ES}:! ! ! --- DistGrid::log() start --------------------------------
20260710 032809.788 INFO             PET2         MODEL: InitializeIPDvXp08 extro {ES}:! ! ! 0x2bc8b0d0
20260710 032809.788 INFO             PET2         MODEL: InitializeIPDvXp08 extro {ES}:! ! ! DistGrid object is valid!<name: DG-Grid004-sloc:0>
20260710 032809.788 INFO             PET2         MODEL: InitializeIPDvXp08 extro {ES}:! ! ! --- DistGrid::log() end ----------------------------------
20260710 032809.788 INFO             PET2         MODEL: InitializeIPDvXp08 extro {ES}:! ! --- Array::log() end -------------------------------------
20260710 032809.788 INFO             PET2         MODEL: InitializeIPDvXp08 extro {ES}:!--- FieldLog() end -------------------
20260710 032809.788 INFO             PET2         MODEL: InitializeIPDvXp08 extro {ES}:--- StateLog() end -------------------
20260710 032809.788 INFO             PET2       MODEL: InitializeIPDvXp08 extro.
20260710 032809.788 INFO             PET2       driver: components present that trigger loopDataDependentInitialize().
20260710 032809.788 INFO             PET2       driver: loopDataDependentInitialize intro.
20260710 032809.788 INFO             PET2         driver: loopDataDependentInitialize intro {IS}:--- StateLog() start -----------------
20260710 032809.788 INFO             PET2         driver: loopDataDependentInitialize intro {IS}:State object is invalid! Not created or deleted!
20260710 032809.788 INFO             PET2         driver: loopDataDependentInitialize intro {IS}:--- StateLog() end -------------------
20260710 032809.788 INFO             PET2         driver: loopDataDependentInitialize intro {ES}:--- StateLog() start -----------------
20260710 032809.788 INFO             PET2         driver: loopDataDependentInitialize intro {ES}:State object is invalid! Not created or deleted!
20260710 032809.788 INFO             PET2         driver: loopDataDependentInitialize intro {ES}:--- StateLog() end -------------------
20260710 032809.788 INFO             PET2         >>>driver: entered Initialize (phase=<none>) with current time:    0  1  1  0  0  0   0
20260710 032809.788 INFO             PET2         driver: component    0=driver, dataComplete (local): true
20260710 032809.789 INFO             PET2         driver: component    0=driver, dataComplete (global):  T
20260710 032809.789 INFO             PET2         driver: component    1=MODEL, dataComplete (local): false
20260710 032809.789 INFO             PET2         driver: component    1=MODEL, dataComplete (global):  F
20260710 032809.789 INFO             PET2         MODEL: InitializeIPDvXp08 intro.
20260710 032809.789 INFO             PET2           MODEL: InitializeIPDvXp08 intro {IS}:--- StateLog() start -----------------
20260710 032809.789 INFO             PET2           MODEL: InitializeIPDvXp08 intro {IS}:<name: MODEL-ImportState> <intent: ESMF_STATEINTENT_IMPORT> <itemCount:    0>
20260710 032809.789 INFO             PET2           MODEL: InitializeIPDvXp08 intro {IS}:--- StateLog() end -------------------
20260710 032809.789 INFO             PET2           MODEL: InitializeIPDvXp08 intro {ES}:--- StateLog() start -----------------
20260710 032809.789 INFO             PET2           MODEL: InitializeIPDvXp08 intro {ES}:<name: MODEL-ExportState> <intent: ESMF_STATEINTENT_EXPORT> <itemCount:    2>
20260710 032809.789 INFO             PET2           MODEL: InitializeIPDvXp08 intro {ES}:+-<item: 0001> <itemType: Field> <itemName: pmsl>
20260710 032809.789 INFO             PET2           MODEL: InitializeIPDvXp08 intro {ES}:!--- FieldLog() start -----------------
20260710 032809.789 INFO             PET2           MODEL: InitializeIPDvXp08 intro {ES}:! <name: pmsl> <fieldStatus: ESMF_FIELDSTATUS_COMPLETE>
20260710 032809.789 INFO             PET2           MODEL: InitializeIPDvXp08 intro {ES}:! 0x7ffc0e95aca0 => 0x14f230ea7100 => 0x2bc903c0
20260710 032809.789 INFO             PET2           MODEL: InitializeIPDvXp08 intro {ES}:! <typekind: Real*8> <rank:    2> <dimCount:    2>
20260710 032809.789 INFO             PET2           MODEL: InitializeIPDvXp08 intro {ES}:! ! --- Array::log() start -----------------------------------
20260710 032809.789 INFO             PET2           MODEL: InitializeIPDvXp08 intro {ES}:! ! 0x2bc90cc0
20260710 032809.789 INFO             PET2           MODEL: InitializeIPDvXp08 intro {ES}:! ! <name: pmsl>
20260710 032809.789 INFO             PET2           MODEL: InitializeIPDvXp08 intro {ES}:! ! ! --- DistGrid::log() start --------------------------------
20260710 032809.789 INFO             PET2           MODEL: InitializeIPDvXp08 intro {ES}:! ! ! 0x2bc8b0d0
20260710 032809.789 INFO             PET2           MODEL: InitializeIPDvXp08 intro {ES}:! ! ! DistGrid object is valid!<name: DG-Grid004-sloc:0>
20260710 032809.789 INFO             PET2           MODEL: InitializeIPDvXp08 intro {ES}:! ! ! --- DistGrid::log() end ----------------------------------
20260710 032809.789 INFO             PET2           MODEL: InitializeIPDvXp08 intro {ES}:! ! --- Array::log() end -------------------------------------
20260710 032809.789 INFO             PET2           MODEL: InitializeIPDvXp08 intro {ES}:!--- FieldLog() end -------------------
20260710 032809.789 INFO             PET2           MODEL: InitializeIPDvXp08 intro {ES}:+-<item: 0002> <itemType: Field> <itemName: rsns>
20260710 032809.789 INFO             PET2           MODEL: InitializeIPDvXp08 intro {ES}:!--- FieldLog() start -----------------
20260710 032809.789 INFO             PET2           MODEL: InitializeIPDvXp08 intro {ES}:! <name: rsns> <fieldStatus: ESMF_FIELDSTATUS_COMPLETE>
20260710 032809.789 INFO             PET2           MODEL: InitializeIPDvXp08 intro {ES}:! 0x7ffc0e95aca0 => 0x14f230ea6e80 => 0x2bc92720
20260710 032809.789 INFO             PET2           MODEL: InitializeIPDvXp08 intro {ES}:! <typekind: Real*8> <rank:    2> <dimCount:    2>
20260710 032809.789 INFO             PET2           MODEL: InitializeIPDvXp08 intro {ES}:! ! --- Array::log() start -----------------------------------
20260710 032809.789 INFO             PET2           MODEL: InitializeIPDvXp08 intro {ES}:! ! 0x2bc92f40
20260710 032809.789 INFO             PET2           MODEL: InitializeIPDvXp08 intro {ES}:! ! <name: rsns>
20260710 032809.789 INFO             PET2           MODEL: InitializeIPDvXp08 intro {ES}:! ! ! --- DistGrid::log() start --------------------------------
20260710 032809.789 INFO             PET2           MODEL: InitializeIPDvXp08 intro {ES}:! ! ! 0x2bc8b0d0
20260710 032809.789 INFO             PET2           MODEL: InitializeIPDvXp08 intro {ES}:! ! ! DistGrid object is valid!<name: DG-Grid004-sloc:0>
20260710 032809.789 INFO             PET2           MODEL: InitializeIPDvXp08 intro {ES}:! ! ! --- DistGrid::log() end ----------------------------------
20260710 032809.789 INFO             PET2           MODEL: InitializeIPDvXp08 intro {ES}:! ! --- Array::log() end -------------------------------------
20260710 032809.789 INFO             PET2           MODEL: InitializeIPDvXp08 intro {ES}:!--- FieldLog() end -------------------
20260710 032809.789 INFO             PET2           MODEL: InitializeIPDvXp08 intro {ES}:--- StateLog() end -------------------
20260710 032809.789 INFO             PET2           >>>MODEL: entered Initialize (phase=IPDv05p8) with current time:    0  1  1  0  0  0   0
20260710 032809.789 INFO             PET2           MODEL: InitializeDataProgress='true', InitializeDataComplete='true'
20260710 032809.789 INFO             PET2           <<<MODEL: leaving Initialize (phase=IPDv05p8) with current time:    0  1  1  0  0  0   0
20260710 032809.789 INFO             PET2           MODEL: InitializeIPDvXp08 extro {IS}:--- StateLog() start -----------------
20260710 032809.789 INFO             PET2           MODEL: InitializeIPDvXp08 extro {IS}:<name: MODEL-ImportState> <intent: ESMF_STATEINTENT_IMPORT> <itemCount:    0>
20260710 032809.789 INFO             PET2           MODEL: InitializeIPDvXp08 extro {IS}:--- StateLog() end -------------------
20260710 032809.789 INFO             PET2           MODEL: InitializeIPDvXp08 extro {ES}:--- StateLog() start -----------------
20260710 032809.789 INFO             PET2           MODEL: InitializeIPDvXp08 extro {ES}:<name: MODEL-ExportState> <intent: ESMF_STATEINTENT_EXPORT> <itemCount:    2>
20260710 032809.790 INFO             PET2           MODEL: InitializeIPDvXp08 extro {ES}:+-<item: 0001> <itemType: Field> <itemName: pmsl>
20260710 032809.790 INFO             PET2           MODEL: InitializeIPDvXp08 extro {ES}:!--- FieldLog() start -----------------
20260710 032809.790 INFO             PET2           MODEL: InitializeIPDvXp08 extro {ES}:! <name: pmsl> <fieldStatus: ESMF_FIELDSTATUS_COMPLETE>
20260710 032809.790 INFO             PET2           MODEL: InitializeIPDvXp08 extro {ES}:! 0x7ffc0e95b150 => 0x14f230ea7100 => 0x2bc903c0
20260710 032809.790 INFO             PET2           MODEL: InitializeIPDvXp08 extro {ES}:! <typekind: Real*8> <rank:    2> <dimCount:    2>
20260710 032809.790 INFO             PET2           MODEL: InitializeIPDvXp08 extro {ES}:! ! --- Array::log() start -----------------------------------
20260710 032809.790 INFO             PET2           MODEL: InitializeIPDvXp08 extro {ES}:! ! 0x2bc90cc0
20260710 032809.790 INFO             PET2           MODEL: InitializeIPDvXp08 extro {ES}:! ! <name: pmsl>
20260710 032809.790 INFO             PET2           MODEL: InitializeIPDvXp08 extro {ES}:! ! ! --- DistGrid::log() start --------------------------------
20260710 032809.790 INFO             PET2           MODEL: InitializeIPDvXp08 extro {ES}:! ! ! 0x2bc8b0d0
20260710 032809.790 INFO             PET2           MODEL: InitializeIPDvXp08 extro {ES}:! ! ! DistGrid object is valid!<name: DG-Grid004-sloc:0>
20260710 032809.790 INFO             PET2           MODEL: InitializeIPDvXp08 extro {ES}:! ! ! --- DistGrid::log() end ----------------------------------
20260710 032809.790 INFO             PET2           MODEL: InitializeIPDvXp08 extro {ES}:! ! --- Array::log() end -------------------------------------
20260710 032809.790 INFO             PET2           MODEL: InitializeIPDvXp08 extro {ES}:!--- FieldLog() end -------------------
20260710 032809.790 INFO             PET2           MODEL: InitializeIPDvXp08 extro {ES}:+-<item: 0002> <itemType: Field> <itemName: rsns>
20260710 032809.790 INFO             PET2           MODEL: InitializeIPDvXp08 extro {ES}:!--- FieldLog() start -----------------
20260710 032809.790 INFO             PET2           MODEL: InitializeIPDvXp08 extro {ES}:! <name: rsns> <fieldStatus: ESMF_FIELDSTATUS_COMPLETE>
20260710 032809.790 INFO             PET2           MODEL: InitializeIPDvXp08 extro {ES}:! 0x7ffc0e95b150 => 0x14f230ea6e80 => 0x2bc92720
20260710 032809.790 INFO             PET2           MODEL: InitializeIPDvXp08 extro {ES}:! <typekind: Real*8> <rank:    2> <dimCount:    2>
20260710 032809.790 INFO             PET2           MODEL: InitializeIPDvXp08 extro {ES}:! ! --- Array::log() start -----------------------------------
20260710 032809.790 INFO             PET2           MODEL: InitializeIPDvXp08 extro {ES}:! ! 0x2bc92f40
20260710 032809.790 INFO             PET2           MODEL: InitializeIPDvXp08 extro {ES}:! ! <name: rsns>
20260710 032809.790 INFO             PET2           MODEL: InitializeIPDvXp08 extro {ES}:! ! ! --- DistGrid::log() start --------------------------------
20260710 032809.790 INFO             PET2           MODEL: InitializeIPDvXp08 extro {ES}:! ! ! 0x2bc8b0d0
20260710 032809.790 INFO             PET2           MODEL: InitializeIPDvXp08 extro {ES}:! ! ! DistGrid object is valid!<name: DG-Grid004-sloc:0>
20260710 032809.790 INFO             PET2           MODEL: InitializeIPDvXp08 extro {ES}:! ! ! --- DistGrid::log() end ----------------------------------
20260710 032809.790 INFO             PET2           MODEL: InitializeIPDvXp08 extro {ES}:! ! --- Array::log() end -------------------------------------
20260710 032809.790 INFO             PET2           MODEL: InitializeIPDvXp08 extro {ES}:!--- FieldLog() end -------------------
20260710 032809.790 INFO             PET2           MODEL: InitializeIPDvXp08 extro {ES}:--- StateLog() end -------------------
20260710 032809.790 INFO             PET2         MODEL: InitializeIPDvXp08 extro.
20260710 032809.790 INFO             PET2         driver: component    1=MODEL, someProgress (local): true
20260710 032809.790 INFO             PET2         driver: component    1=MODEL, someProgress (global):  T
20260710 032809.791 INFO             PET2         driver: someProgress= T, allComplete= F, present(dataDepAllComplete)= T
20260710 032809.791 INFO             PET2         driver: component    0=driver, dataComplete (local): true
20260710 032809.791 INFO             PET2         driver: component    0=driver, dataComplete (global):  T
20260710 032809.791 INFO             PET2         driver: component    1=MODEL, dataComplete (local): true
20260710 032809.791 INFO             PET2         driver: component    1=MODEL, dataComplete (global):  T
20260710 032809.791 INFO             PET2         driver: someProgress= F, allComplete= T, present(dataDepAllComplete)= T
20260710 032809.791 INFO             PET2         driver: finished resolving initialize data dependencies on this level.
20260710 032809.791 INFO             PET2         <<<driver: leaving Initialize (phase=<none>) with current time:    0  1  1  0  0  0   0
20260710 032809.791 INFO             PET2         driver: loopDataDependentInitialize extro {IS}:--- StateLog() start -----------------
20260710 032809.791 INFO             PET2         driver: loopDataDependentInitialize extro {IS}:State object is invalid! Not created or deleted!
20260710 032809.791 INFO             PET2         driver: loopDataDependentInitialize extro {IS}:--- StateLog() end -------------------
20260710 032809.791 INFO             PET2         driver: loopDataDependentInitialize extro {ES}:--- StateLog() start -----------------
20260710 032809.791 INFO             PET2         driver: loopDataDependentInitialize extro {ES}:State object is invalid! Not created or deleted!
20260710 032809.791 INFO             PET2         driver: loopDataDependentInitialize extro {ES}:--- StateLog() end -------------------
20260710 032809.791 INFO             PET2       driver: loopDataDependentInitialize extro.
20260710 032809.791 INFO             PET2       driver: loopDataDependentInitialize() returned with dataDepAllComplete:  T
20260710 032809.791 INFO             PET2       <<<driver: leaving Initialize (phase=<none>) with current time:    0  1  1  0  0  0   0
20260710 032809.791 INFO             PET2       driver: InitializeIPDv02p5Data extro {IS}:--- StateLog() start -----------------
20260710 032809.791 INFO             PET2       driver: InitializeIPDv02p5Data extro {IS}:State object is invalid! Not created or deleted!
20260710 032809.791 INFO             PET2       driver: InitializeIPDv02p5Data extro {IS}:--- StateLog() end -------------------
20260710 032809.791 INFO             PET2       driver: InitializeIPDv02p5Data extro {ES}:--- StateLog() start -----------------
20260710 032809.791 INFO             PET2       driver: InitializeIPDv02p5Data extro {ES}:State object is invalid! Not created or deleted!
20260710 032809.791 INFO             PET2       driver: InitializeIPDv02p5Data extro {ES}:--- StateLog() end -------------------
20260710 032809.791 INFO             PET2     driver: InitializeIPDv02p5Data extro.
20260710 032809.791 INFO             PET2     <<<driver: leaving Initialize (phase=<none>) with current time:    0  1  1  0  0  0   0
20260710 032809.791 INFO             PET2     driver: InitializeIPDv02p5 extro {IS}:--- StateLog() start -----------------
20260710 032809.791 INFO             PET2     driver: InitializeIPDv02p5 extro {IS}:State object is invalid! Not created or deleted!
20260710 032809.791 INFO             PET2     driver: InitializeIPDv02p5 extro {IS}:--- StateLog() end -------------------
20260710 032809.791 INFO             PET2     driver: InitializeIPDv02p5 extro {ES}:--- StateLog() start -----------------
20260710 032809.791 INFO             PET2     driver: InitializeIPDv02p5 extro {ES}:State object is invalid! Not created or deleted!
20260710 032809.791 INFO             PET2     driver: InitializeIPDv02p5 extro {ES}:--- StateLog() end -------------------
20260710 032809.791 INFO             PET2   driver: InitializeIPDv02p5 extro.
20260710 032809.791 INFO             PET2   <<<driver: leaving Initialize (phase=<none>) with current time:    0  1  1  0  0  0   0
20260710 032809.791 INFO             PET2   driver: InitializeGeneric extro {IS}:--- StateLog() start -----------------
20260710 032809.791 INFO             PET2   driver: InitializeGeneric extro {IS}:State object is invalid! Not created or deleted!
20260710 032809.791 INFO             PET2   driver: InitializeGeneric extro {IS}:--- StateLog() end -------------------
20260710 032809.791 INFO             PET2   driver: InitializeGeneric extro {ES}:--- StateLog() start -----------------
20260710 032809.791 INFO             PET2   driver: InitializeGeneric extro {ES}:State object is invalid! Not created or deleted!
20260710 032809.791 INFO             PET2   driver: InitializeGeneric extro {ES}:--- StateLog() end -------------------
20260710 032809.791 INFO             PET2 driver: InitializeGeneric extro.
20260710 032809.791 INFO             PET2 driver: Run intro.
20260710 032809.791 INFO             PET2   driver: Run intro {IS}:--- StateLog() start -----------------
20260710 032809.791 INFO             PET2   driver: Run intro {IS}:State object is invalid! Not created or deleted!
20260710 032809.791 INFO             PET2   driver: Run intro {IS}:--- StateLog() end -------------------
20260710 032809.791 INFO             PET2   driver: Run intro {ES}:--- StateLog() start -----------------
20260710 032809.791 INFO             PET2   driver: Run intro {ES}:State object is invalid! Not created or deleted!
20260710 032809.791 INFO             PET2   driver: Run intro {ES}:--- StateLog() end -------------------
20260710 032809.791 INFO             PET2   >>>driver: entered Run (phase=RunPhase1) with current time:    0  1  1  0  0  0   0
20260710 032809.791 INFO             PET2   driver: after lable_SetRunClock, current time:    0  1  1  0  0  0   0
20260710 032809.791 INFO             PET2   driver: begin -------> RunSequence.
20260710 032809.791 INFO             PET2     driver: RunSequence event loopLevel=   1  levelMember=   1  loopIteration=   1, current time:    0  1  1  0  0  0   0
20260710 032809.792 INFO             PET2     MODEL: Run intro.
20260710 032809.792 INFO             PET2       MODEL: Run intro {IS}:--- StateLog() start -----------------
20260710 032809.792 INFO             PET2       MODEL: Run intro {IS}:<name: MODEL-ImportState> <intent: ESMF_STATEINTENT_IMPORT> <itemCount:    0>
20260710 032809.792 INFO             PET2       MODEL: Run intro {IS}:--- StateLog() end -------------------
20260710 032809.792 INFO             PET2       MODEL: Run intro {ES}:--- StateLog() start -----------------
20260710 032809.792 INFO             PET2       MODEL: Run intro {ES}:<name: MODEL-ExportState> <intent: ESMF_STATEINTENT_EXPORT> <itemCount:    2>
20260710 032809.792 INFO             PET2       MODEL: Run intro {ES}:+-<item: 0001> <itemType: Field> <itemName: pmsl>
20260710 032809.792 INFO             PET2       MODEL: Run intro {ES}:!--- FieldLog() start -----------------
20260710 032809.792 INFO             PET2       MODEL: Run intro {ES}:! <name: pmsl> <fieldStatus: ESMF_FIELDSTATUS_COMPLETE>
20260710 032809.792 INFO             PET2       MODEL: Run intro {ES}:! 0x7ffc0e961510 => 0x14f230ea7100 => 0x2bc903c0
20260710 032809.792 INFO             PET2       MODEL: Run intro {ES}:! <typekind: Real*8> <rank:    2> <dimCount:    2>
20260710 032809.792 INFO             PET2       MODEL: Run intro {ES}:! ! --- Array::log() start -----------------------------------
20260710 032809.792 INFO             PET2       MODEL: Run intro {ES}:! ! 0x2bc90cc0
20260710 032809.792 INFO             PET2       MODEL: Run intro {ES}:! ! <name: pmsl>
20260710 032809.792 INFO             PET2       MODEL: Run intro {ES}:! ! ! --- DistGrid::log() start --------------------------------
20260710 032809.792 INFO             PET2       MODEL: Run intro {ES}:! ! ! 0x2bc8b0d0
20260710 032809.792 INFO             PET2       MODEL: Run intro {ES}:! ! ! DistGrid object is valid!<name: DG-Grid004-sloc:0>
20260710 032809.792 INFO             PET2       MODEL: Run intro {ES}:! ! ! --- DistGrid::log() end ----------------------------------
20260710 032809.792 INFO             PET2       MODEL: Run intro {ES}:! ! --- Array::log() end -------------------------------------
20260710 032809.792 INFO             PET2       MODEL: Run intro {ES}:!--- FieldLog() end -------------------
20260710 032809.792 INFO             PET2       MODEL: Run intro {ES}:+-<item: 0002> <itemType: Field> <itemName: rsns>
20260710 032809.792 INFO             PET2       MODEL: Run intro {ES}:!--- FieldLog() start -----------------
20260710 032809.792 INFO             PET2       MODEL: Run intro {ES}:! <name: rsns> <fieldStatus: ESMF_FIELDSTATUS_COMPLETE>
20260710 032809.792 INFO             PET2       MODEL: Run intro {ES}:! 0x7ffc0e961510 => 0x14f230ea6e80 => 0x2bc92720
20260710 032809.792 INFO             PET2       MODEL: Run intro {ES}:! <typekind: Real*8> <rank:    2> <dimCount:    2>
20260710 032809.792 INFO             PET2       MODEL: Run intro {ES}:! ! --- Array::log() start -----------------------------------
20260710 032809.792 INFO             PET2       MODEL: Run intro {ES}:! ! 0x2bc92f40
20260710 032809.792 INFO             PET2       MODEL: Run intro {ES}:! ! <name: rsns>
20260710 032809.792 INFO             PET2       MODEL: Run intro {ES}:! ! ! --- DistGrid::log() start --------------------------------
20260710 032809.792 INFO             PET2       MODEL: Run intro {ES}:! ! ! 0x2bc8b0d0
20260710 032809.792 INFO             PET2       MODEL: Run intro {ES}:! ! ! DistGrid object is valid!<name: DG-Grid004-sloc:0>
20260710 032809.792 INFO             PET2       MODEL: Run intro {ES}:! ! ! --- DistGrid::log() end ----------------------------------
20260710 032809.792 INFO             PET2       MODEL: Run intro {ES}:! ! --- Array::log() end -------------------------------------
20260710 032809.792 INFO             PET2       MODEL: Run intro {ES}:!--- FieldLog() end -------------------
20260710 032809.792 INFO             PET2       MODEL: Run intro {ES}:--- StateLog() end -------------------
20260710 032809.792 INFO             PET2       >>>MODEL: entered Run (phase=RunPhase1) with current time:    0  1  1  0  0  0   0
20260710 032809.792 INFO             PET2       MODEL: time step-loop starting, current time:    0  1  1  0  0  0   0
20260710 032809.792 INFO             PET2       thread_num=   0   currentSsiPe=   2   num_threads=   2   max_threads=   2   num_procs=   2
20260710 032809.792 INFO             PET2       thread_num=   1   currentSsiPe=   3   num_threads=   2   max_threads=   2   num_procs=   2
20260710 032809.792 INFO             PET2       ---->Advancing Model from:    0  1  1  0  0  0   0
20260710 032809.792 INFO             PET2       ---------------------> to:    0  1  1  0  0 30   0
20260710 032809.792 INFO             PET2       MODEL: time step-loop ending,   current time:    0  1  1  0  0 30   0
20260710 032809.792 INFO             PET2       <<<MODEL: leaving Run (phase=RunPhase1) with current time:    0  1  1  0  0 30   0
20260710 032809.792 INFO             PET2       MODEL: Run extro {IS}:--- StateLog() start -----------------
20260710 032809.792 INFO             PET2       MODEL: Run extro {IS}:<name: MODEL-ImportState> <intent: ESMF_STATEINTENT_IMPORT> <itemCount:    0>
20260710 032809.792 INFO             PET2       MODEL: Run extro {IS}:--- StateLog() end -------------------
20260710 032809.792 INFO             PET2       MODEL: Run extro {ES}:--- StateLog() start -----------------
20260710 032809.792 INFO             PET2       MODEL: Run extro {ES}:<name: MODEL-ExportState> <intent: ESMF_STATEINTENT_EXPORT> <itemCount:    2>
20260710 032809.792 INFO             PET2       MODEL: Run extro {ES}:+-<item: 0001> <itemType: Field> <itemName: pmsl>
20260710 032809.792 INFO             PET2       MODEL: Run extro {ES}:!--- FieldLog() start -----------------
20260710 032809.792 INFO             PET2       MODEL: Run extro {ES}:! <name: pmsl> <fieldStatus: ESMF_FIELDSTATUS_COMPLETE>
20260710 032809.792 INFO             PET2       MODEL: Run extro {ES}:! 0x7ffc0e9619c0 => 0x14f230ea7100 => 0x2bc903c0
20260710 032809.792 INFO             PET2       MODEL: Run extro {ES}:! <typekind: Real*8> <rank:    2> <dimCount:    2>
20260710 032809.792 INFO             PET2       MODEL: Run extro {ES}:! ! --- Array::log() start -----------------------------------
20260710 032809.792 INFO             PET2       MODEL: Run extro {ES}:! ! 0x2bc90cc0
20260710 032809.792 INFO             PET2       MODEL: Run extro {ES}:! ! <name: pmsl>
20260710 032809.792 INFO             PET2       MODEL: Run extro {ES}:! ! ! --- DistGrid::log() start --------------------------------
20260710 032809.792 INFO             PET2       MODEL: Run extro {ES}:! ! ! 0x2bc8b0d0
20260710 032809.792 INFO             PET2       MODEL: Run extro {ES}:! ! ! DistGrid object is valid!<name: DG-Grid004-sloc:0>
20260710 032809.792 INFO             PET2       MODEL: Run extro {ES}:! ! ! --- DistGrid::log() end ----------------------------------
20260710 032809.792 INFO             PET2       MODEL: Run extro {ES}:! ! --- Array::log() end -------------------------------------
20260710 032809.792 INFO             PET2       MODEL: Run extro {ES}:!--- FieldLog() end -------------------
20260710 032809.792 INFO             PET2       MODEL: Run extro {ES}:+-<item: 0002> <itemType: Field> <itemName: rsns>
20260710 032809.792 INFO             PET2       MODEL: Run extro {ES}:!--- FieldLog() start -----------------
20260710 032809.792 INFO             PET2       MODEL: Run extro {ES}:! <name: rsns> <fieldStatus: ESMF_FIELDSTATUS_COMPLETE>
20260710 032809.792 INFO             PET2       MODEL: Run extro {ES}:! 0x7ffc0e9619c0 => 0x14f230ea6e80 => 0x2bc92720
20260710 032809.792 INFO             PET2       MODEL: Run extro {ES}:! <typekind: Real*8> <rank:    2> <dimCount:    2>
20260710 032809.793 INFO             PET2       MODEL: Run extro {ES}:! ! --- Array::log() start -----------------------------------
20260710 032809.793 INFO             PET2       MODEL: Run extro {ES}:! ! 0x2bc92f40
20260710 032809.793 INFO             PET2       MODEL: Run extro {ES}:! ! <name: rsns>
20260710 032809.793 INFO             PET2       MODEL: Run extro {ES}:! ! ! --- DistGrid::log() start --------------------------------
20260710 032809.793 INFO             PET2       MODEL: Run extro {ES}:! ! ! 0x2bc8b0d0
20260710 032809.793 INFO             PET2       MODEL: Run extro {ES}:! ! ! DistGrid object is valid!<name: DG-Grid004-sloc:0>
20260710 032809.793 INFO             PET2       MODEL: Run extro {ES}:! ! ! --- DistGrid::log() end ----------------------------------
20260710 032809.793 INFO             PET2       MODEL: Run extro {ES}:! ! --- Array::log() end -------------------------------------
20260710 032809.793 INFO             PET2       MODEL: Run extro {ES}:!--- FieldLog() end -------------------
20260710 032809.793 INFO             PET2       MODEL: Run extro {ES}:--- StateLog() end -------------------
20260710 032809.793 INFO             PET2     MODEL: Run extro.
20260710 032809.793 INFO             PET2     driver: RunSequence event loopLevel=   1  levelMember=   1  loopIteration=   2, current time:    0  1  1  0  0 30   0
20260710 032809.793 INFO             PET2     MODEL: Run intro.
20260710 032809.793 INFO             PET2       MODEL: Run intro {IS}:--- StateLog() start -----------------
20260710 032809.793 INFO             PET2       MODEL: Run intro {IS}:<name: MODEL-ImportState> <intent: ESMF_STATEINTENT_IMPORT> <itemCount:    0>
20260710 032809.793 INFO             PET2       MODEL: Run intro {IS}:--- StateLog() end -------------------
20260710 032809.793 INFO             PET2       MODEL: Run intro {ES}:--- StateLog() start -----------------
20260710 032809.793 INFO             PET2       MODEL: Run intro {ES}:<name: MODEL-ExportState> <intent: ESMF_STATEINTENT_EXPORT> <itemCount:    2>
20260710 032809.793 INFO             PET2       MODEL: Run intro {ES}:+-<item: 0001> <itemType: Field> <itemName: pmsl>
20260710 032809.793 INFO             PET2       MODEL: Run intro {ES}:!--- FieldLog() start -----------------
20260710 032809.793 INFO             PET2       MODEL: Run intro {ES}:! <name: pmsl> <fieldStatus: ESMF_FIELDSTATUS_COMPLETE>
20260710 032809.793 INFO             PET2       MODEL: Run intro {ES}:! 0x7ffc0e961510 => 0x14f230ea7100 => 0x2bc903c0
20260710 032809.793 INFO             PET2       MODEL: Run intro {ES}:! <typekind: Real*8> <rank:    2> <dimCount:    2>
20260710 032809.793 INFO             PET2       MODEL: Run intro {ES}:! ! --- Array::log() start -----------------------------------
20260710 032809.793 INFO             PET2       MODEL: Run intro {ES}:! ! 0x2bc90cc0
20260710 032809.793 INFO             PET2       MODEL: Run intro {ES}:! ! <name: pmsl>
20260710 032809.793 INFO             PET2       MODEL: Run intro {ES}:! ! ! --- DistGrid::log() start --------------------------------
20260710 032809.793 INFO             PET2       MODEL: Run intro {ES}:! ! ! 0x2bc8b0d0
20260710 032809.793 INFO             PET2       MODEL: Run intro {ES}:! ! ! DistGrid object is valid!<name: DG-Grid004-sloc:0>
20260710 032809.793 INFO             PET2       MODEL: Run intro {ES}:! ! ! --- DistGrid::log() end ----------------------------------
20260710 032809.793 INFO             PET2       MODEL: Run intro {ES}:! ! --- Array::log() end -------------------------------------
20260710 032809.793 INFO             PET2       MODEL: Run intro {ES}:!--- FieldLog() end -------------------
20260710 032809.793 INFO             PET2       MODEL: Run intro {ES}:+-<item: 0002> <itemType: Field> <itemName: rsns>
20260710 032809.793 INFO             PET2       MODEL: Run intro {ES}:!--- FieldLog() start -----------------
20260710 032809.793 INFO             PET2       MODEL: Run intro {ES}:! <name: rsns> <fieldStatus: ESMF_FIELDSTATUS_COMPLETE>
20260710 032809.793 INFO             PET2       MODEL: Run intro {ES}:! 0x7ffc0e961510 => 0x14f230ea6e80 => 0x2bc92720
20260710 032809.793 INFO             PET2       MODEL: Run intro {ES}:! <typekind: Real*8> <rank:    2> <dimCount:    2>
20260710 032809.793 INFO             PET2       MODEL: Run intro {ES}:! ! --- Array::log() start -----------------------------------
20260710 032809.793 INFO             PET2       MODEL: Run intro {ES}:! ! 0x2bc92f40
20260710 032809.793 INFO             PET2       MODEL: Run intro {ES}:! ! <name: rsns>
20260710 032809.793 INFO             PET2       MODEL: Run intro {ES}:! ! ! --- DistGrid::log() start --------------------------------
20260710 032809.793 INFO             PET2       MODEL: Run intro {ES}:! ! ! 0x2bc8b0d0
20260710 032809.793 INFO             PET2       MODEL: Run intro {ES}:! ! ! DistGrid object is valid!<name: DG-Grid004-sloc:0>
20260710 032809.793 INFO             PET2       MODEL: Run intro {ES}:! ! ! --- DistGrid::log() end ----------------------------------
20260710 032809.793 INFO             PET2       MODEL: Run intro {ES}:! ! --- Array::log() end -------------------------------------
20260710 032809.793 INFO             PET2       MODEL: Run intro {ES}:!--- FieldLog() end -------------------
20260710 032809.793 INFO             PET2       MODEL: Run intro {ES}:--- StateLog() end -------------------
20260710 032809.793 INFO             PET2       >>>MODEL: entered Run (phase=RunPhase1) with current time:    0  1  1  0  0 30   0
20260710 032809.793 INFO             PET2       MODEL: time step-loop starting, current time:    0  1  1  0  0 30   0
20260710 032809.793 INFO             PET2       thread_num=   0   currentSsiPe=   2   num_threads=   2   max_threads=   2   num_procs=   2
20260710 032809.793 INFO             PET2       thread_num=   1   currentSsiPe=   3   num_threads=   2   max_threads=   2   num_procs=   2
20260710 032809.793 INFO             PET2       ---->Advancing Model from:    0  1  1  0  0 30   0
20260710 032809.793 INFO             PET2       ---------------------> to:    0  1  1  0  1  0   0
20260710 032809.793 INFO             PET2       MODEL: time step-loop ending,   current time:    0  1  1  0  1  0   0
20260710 032809.793 INFO             PET2       <<<MODEL: leaving Run (phase=RunPhase1) with current time:    0  1  1  0  1  0   0
20260710 032809.793 INFO             PET2       MODEL: Run extro {IS}:--- StateLog() start -----------------
20260710 032809.793 INFO             PET2       MODEL: Run extro {IS}:<name: MODEL-ImportState> <intent: ESMF_STATEINTENT_IMPORT> <itemCount:    0>
20260710 032809.793 INFO             PET2       MODEL: Run extro {IS}:--- StateLog() end -------------------
20260710 032809.793 INFO             PET2       MODEL: Run extro {ES}:--- StateLog() start -----------------
20260710 032809.793 INFO             PET2       MODEL: Run extro {ES}:<name: MODEL-ExportState> <intent: ESMF_STATEINTENT_EXPORT> <itemCount:    2>
20260710 032809.793 INFO             PET2       MODEL: Run extro {ES}:+-<item: 0001> <itemType: Field> <itemName: pmsl>
20260710 032809.793 INFO             PET2       MODEL: Run extro {ES}:!--- FieldLog() start -----------------
20260710 032809.793 INFO             PET2       MODEL: Run extro {ES}:! <name: pmsl> <fieldStatus: ESMF_FIELDSTATUS_COMPLETE>
20260710 032809.793 INFO             PET2       MODEL: Run extro {ES}:! 0x7ffc0e9619c0 => 0x14f230ea7100 => 0x2bc903c0
20260710 032809.793 INFO             PET2       MODEL: Run extro {ES}:! <typekind: Real*8> <rank:    2> <dimCount:    2>
20260710 032809.793 INFO             PET2       MODEL: Run extro {ES}:! ! --- Array::log() start -----------------------------------
20260710 032809.793 INFO             PET2       MODEL: Run extro {ES}:! ! 0x2bc90cc0
20260710 032809.793 INFO             PET2       MODEL: Run extro {ES}:! ! <name: pmsl>
20260710 032809.793 INFO             PET2       MODEL: Run extro {ES}:! ! ! --- DistGrid::log() start --------------------------------
20260710 032809.793 INFO             PET2       MODEL: Run extro {ES}:! ! ! 0x2bc8b0d0
20260710 032809.793 INFO             PET2       MODEL: Run extro {ES}:! ! ! DistGrid object is valid!<name: DG-Grid004-sloc:0>
20260710 032809.793 INFO             PET2       MODEL: Run extro {ES}:! ! ! --- DistGrid::log() end ----------------------------------
20260710 032809.793 INFO             PET2       MODEL: Run extro {ES}:! ! --- Array::log() end -------------------------------------
20260710 032809.793 INFO             PET2       MODEL: Run extro {ES}:!--- FieldLog() end -------------------
20260710 032809.793 INFO             PET2       MODEL: Run extro {ES}:+-<item: 0002> <itemType: Field> <itemName: rsns>
20260710 032809.793 INFO             PET2       MODEL: Run extro {ES}:!--- FieldLog() start -----------------
20260710 032809.793 INFO             PET2       MODEL: Run extro {ES}:! <name: rsns> <fieldStatus: ESMF_FIELDSTATUS_COMPLETE>
20260710 032809.794 INFO             PET2       MODEL: Run extro {ES}:! 0x7ffc0e9619c0 => 0x14f230ea6e80 => 0x2bc92720
20260710 032809.794 INFO             PET2       MODEL: Run extro {ES}:! <typekind: Real*8> <rank:    2> <dimCount:    2>
20260710 032809.794 INFO             PET2       MODEL: Run extro {ES}:! ! --- Array::log() start -----------------------------------
20260710 032809.794 INFO             PET2       MODEL: Run extro {ES}:! ! 0x2bc92f40
20260710 032809.794 INFO             PET2       MODEL: Run extro {ES}:! ! <name: rsns>
20260710 032809.794 INFO             PET2       MODEL: Run extro {ES}:! ! ! --- DistGrid::log() start --------------------------------
20260710 032809.794 INFO             PET2       MODEL: Run extro {ES}:! ! ! 0x2bc8b0d0
20260710 032809.794 INFO             PET2       MODEL: Run extro {ES}:! ! ! DistGrid object is valid!<name: DG-Grid004-sloc:0>
20260710 032809.794 INFO             PET2       MODEL: Run extro {ES}:! ! ! --- DistGrid::log() end ----------------------------------
20260710 032809.794 INFO             PET2       MODEL: Run extro {ES}:! ! --- Array::log() end -------------------------------------
20260710 032809.794 INFO             PET2       MODEL: Run extro {ES}:!--- FieldLog() end -------------------
20260710 032809.794 INFO             PET2       MODEL: Run extro {ES}:--- StateLog() end -------------------
20260710 032809.794 INFO             PET2     MODEL: Run extro.
20260710 032809.794 INFO             PET2     driver: RunSequence event loopLevel=   1  levelMember=   1  loopIteration=   3, current time:    0  1  1  0  1  0   0
20260710 032809.794 INFO             PET2     MODEL: Run intro.
20260710 032809.794 INFO             PET2       MODEL: Run intro {IS}:--- StateLog() start -----------------
20260710 032809.794 INFO             PET2       MODEL: Run intro {IS}:<name: MODEL-ImportState> <intent: ESMF_STATEINTENT_IMPORT> <itemCount:    0>
20260710 032809.794 INFO             PET2       MODEL: Run intro {IS}:--- StateLog() end -------------------
20260710 032809.794 INFO             PET2       MODEL: Run intro {ES}:--- StateLog() start -----------------
20260710 032809.794 INFO             PET2       MODEL: Run intro {ES}:<name: MODEL-ExportState> <intent: ESMF_STATEINTENT_EXPORT> <itemCount:    2>
20260710 032809.794 INFO             PET2       MODEL: Run intro {ES}:+-<item: 0001> <itemType: Field> <itemName: pmsl>
20260710 032809.794 INFO             PET2       MODEL: Run intro {ES}:!--- FieldLog() start -----------------
20260710 032809.794 INFO             PET2       MODEL: Run intro {ES}:! <name: pmsl> <fieldStatus: ESMF_FIELDSTATUS_COMPLETE>
20260710 032809.794 INFO             PET2       MODEL: Run intro {ES}:! 0x7ffc0e961510 => 0x14f230ea7100 => 0x2bc903c0
20260710 032809.794 INFO             PET2       MODEL: Run intro {ES}:! <typekind: Real*8> <rank:    2> <dimCount:    2>
20260710 032809.794 INFO             PET2       MODEL: Run intro {ES}:! ! --- Array::log() start -----------------------------------
20260710 032809.794 INFO             PET2       MODEL: Run intro {ES}:! ! 0x2bc90cc0
20260710 032809.794 INFO             PET2       MODEL: Run intro {ES}:! ! <name: pmsl>
20260710 032809.794 INFO             PET2       MODEL: Run intro {ES}:! ! ! --- DistGrid::log() start --------------------------------
20260710 032809.794 INFO             PET2       MODEL: Run intro {ES}:! ! ! 0x2bc8b0d0
20260710 032809.794 INFO             PET2       MODEL: Run intro {ES}:! ! ! DistGrid object is valid!<name: DG-Grid004-sloc:0>
20260710 032809.794 INFO             PET2       MODEL: Run intro {ES}:! ! ! --- DistGrid::log() end ----------------------------------
20260710 032809.794 INFO             PET2       MODEL: Run intro {ES}:! ! --- Array::log() end -------------------------------------
20260710 032809.794 INFO             PET2       MODEL: Run intro {ES}:!--- FieldLog() end -------------------
20260710 032809.794 INFO             PET2       MODEL: Run intro {ES}:+-<item: 0002> <itemType: Field> <itemName: rsns>
20260710 032809.794 INFO             PET2       MODEL: Run intro {ES}:!--- FieldLog() start -----------------
20260710 032809.794 INFO             PET2       MODEL: Run intro {ES}:! <name: rsns> <fieldStatus: ESMF_FIELDSTATUS_COMPLETE>
20260710 032809.794 INFO             PET2       MODEL: Run intro {ES}:! 0x7ffc0e961510 => 0x14f230ea6e80 => 0x2bc92720
20260710 032809.794 INFO             PET2       MODEL: Run intro {ES}:! <typekind: Real*8> <rank:    2> <dimCount:    2>
20260710 032809.794 INFO             PET2       MODEL: Run intro {ES}:! ! --- Array::log() start -----------------------------------
20260710 032809.794 INFO             PET2       MODEL: Run intro {ES}:! ! 0x2bc92f40
20260710 032809.794 INFO             PET2       MODEL: Run intro {ES}:! ! <name: rsns>
20260710 032809.794 INFO             PET2       MODEL: Run intro {ES}:! ! ! --- DistGrid::log() start --------------------------------
20260710 032809.794 INFO             PET2       MODEL: Run intro {ES}:! ! ! 0x2bc8b0d0
20260710 032809.794 INFO             PET2       MODEL: Run intro {ES}:! ! ! DistGrid object is valid!<name: DG-Grid004-sloc:0>
20260710 032809.794 INFO             PET2       MODEL: Run intro {ES}:! ! ! --- DistGrid::log() end ----------------------------------
20260710 032809.794 INFO             PET2       MODEL: Run intro {ES}:! ! --- Array::log() end -------------------------------------
20260710 032809.794 INFO             PET2       MODEL: Run intro {ES}:!--- FieldLog() end -------------------
20260710 032809.794 INFO             PET2       MODEL: Run intro {ES}:--- StateLog() end -------------------
20260710 032809.794 INFO             PET2       >>>MODEL: entered Run (phase=RunPhase1) with current time:    0  1  1  0  1  0   0
20260710 032809.794 INFO             PET2       MODEL: time step-loop starting, current time:    0  1  1  0  1  0   0
20260710 032809.794 INFO             PET2       thread_num=   0   currentSsiPe=   2   num_threads=   2   max_threads=   2   num_procs=   2
20260710 032809.794 INFO             PET2       thread_num=   1   currentSsiPe=   3   num_threads=   2   max_threads=   2   num_procs=   2
20260710 032809.794 INFO             PET2       ---->Advancing Model from:    0  1  1  0  1  0   0
20260710 032809.794 INFO             PET2       ---------------------> to:    0  1  1  0  1 30   0
20260710 032809.794 INFO             PET2       MODEL: time step-loop ending,   current time:    0  1  1  0  1 30   0
20260710 032809.794 INFO             PET2       <<<MODEL: leaving Run (phase=RunPhase1) with current time:    0  1  1  0  1 30   0
20260710 032809.794 INFO             PET2       MODEL: Run extro {IS}:--- StateLog() start -----------------
20260710 032809.794 INFO             PET2       MODEL: Run extro {IS}:<name: MODEL-ImportState> <intent: ESMF_STATEINTENT_IMPORT> <itemCount:    0>
20260710 032809.794 INFO             PET2       MODEL: Run extro {IS}:--- StateLog() end -------------------
20260710 032809.794 INFO             PET2       MODEL: Run extro {ES}:--- StateLog() start -----------------
20260710 032809.794 INFO             PET2       MODEL: Run extro {ES}:<name: MODEL-ExportState> <intent: ESMF_STATEINTENT_EXPORT> <itemCount:    2>
20260710 032809.794 INFO             PET2       MODEL: Run extro {ES}:+-<item: 0001> <itemType: Field> <itemName: pmsl>
20260710 032809.794 INFO             PET2       MODEL: Run extro {ES}:!--- FieldLog() start -----------------
20260710 032809.794 INFO             PET2       MODEL: Run extro {ES}:! <name: pmsl> <fieldStatus: ESMF_FIELDSTATUS_COMPLETE>
20260710 032809.794 INFO             PET2       MODEL: Run extro {ES}:! 0x7ffc0e9619c0 => 0x14f230ea7100 => 0x2bc903c0
20260710 032809.794 INFO             PET2       MODEL: Run extro {ES}:! <typekind: Real*8> <rank:    2> <dimCount:    2>
20260710 032809.794 INFO             PET2       MODEL: Run extro {ES}:! ! --- Array::log() start -----------------------------------
20260710 032809.794 INFO             PET2       MODEL: Run extro {ES}:! ! 0x2bc90cc0
20260710 032809.794 INFO             PET2       MODEL: Run extro {ES}:! ! <name: pmsl>
20260710 032809.794 INFO             PET2       MODEL: Run extro {ES}:! ! ! --- DistGrid::log() start --------------------------------
20260710 032809.794 INFO             PET2       MODEL: Run extro {ES}:! ! ! 0x2bc8b0d0
20260710 032809.794 INFO             PET2       MODEL: Run extro {ES}:! ! ! DistGrid object is valid!<name: DG-Grid004-sloc:0>
20260710 032809.795 INFO             PET2       MODEL: Run extro {ES}:! ! ! --- DistGrid::log() end ----------------------------------
20260710 032809.795 INFO             PET2       MODEL: Run extro {ES}:! ! --- Array::log() end -------------------------------------
20260710 032809.795 INFO             PET2       MODEL: Run extro {ES}:!--- FieldLog() end -------------------
20260710 032809.795 INFO             PET2       MODEL: Run extro {ES}:+-<item: 0002> <itemType: Field> <itemName: rsns>
20260710 032809.795 INFO             PET2       MODEL: Run extro {ES}:!--- FieldLog() start -----------------
20260710 032809.795 INFO             PET2       MODEL: Run extro {ES}:! <name: rsns> <fieldStatus: ESMF_FIELDSTATUS_COMPLETE>
20260710 032809.795 INFO             PET2       MODEL: Run extro {ES}:! 0x7ffc0e9619c0 => 0x14f230ea6e80 => 0x2bc92720
20260710 032809.795 INFO             PET2       MODEL: Run extro {ES}:! <typekind: Real*8> <rank:    2> <dimCount:    2>
20260710 032809.795 INFO             PET2       MODEL: Run extro {ES}:! ! --- Array::log() start -----------------------------------
20260710 032809.795 INFO             PET2       MODEL: Run extro {ES}:! ! 0x2bc92f40
20260710 032809.795 INFO             PET2       MODEL: Run extro {ES}:! ! <name: rsns>
20260710 032809.795 INFO             PET2       MODEL: Run extro {ES}:! ! ! --- DistGrid::log() start --------------------------------
20260710 032809.795 INFO             PET2       MODEL: Run extro {ES}:! ! ! 0x2bc8b0d0
20260710 032809.795 INFO             PET2       MODEL: Run extro {ES}:! ! ! DistGrid object is valid!<name: DG-Grid004-sloc:0>
20260710 032809.795 INFO             PET2       MODEL: Run extro {ES}:! ! ! --- DistGrid::log() end ----------------------------------
20260710 032809.795 INFO             PET2       MODEL: Run extro {ES}:! ! --- Array::log() end -------------------------------------
20260710 032809.795 INFO             PET2       MODEL: Run extro {ES}:!--- FieldLog() end -------------------
20260710 032809.795 INFO             PET2       MODEL: Run extro {ES}:--- StateLog() end -------------------
20260710 032809.795 INFO             PET2     MODEL: Run extro.
20260710 032809.795 INFO             PET2     driver: RunSequence event loopLevel=   1  levelMember=   1  loopIteration=   4, current time:    0  1  1  0  1 30   0
20260710 032809.795 INFO             PET2     MODEL: Run intro.
20260710 032809.795 INFO             PET2       MODEL: Run intro {IS}:--- StateLog() start -----------------
20260710 032809.795 INFO             PET2       MODEL: Run intro {IS}:<name: MODEL-ImportState> <intent: ESMF_STATEINTENT_IMPORT> <itemCount:    0>
20260710 032809.795 INFO             PET2       MODEL: Run intro {IS}:--- StateLog() end -------------------
20260710 032809.795 INFO             PET2       MODEL: Run intro {ES}:--- StateLog() start -----------------
20260710 032809.795 INFO             PET2       MODEL: Run intro {ES}:<name: MODEL-ExportState> <intent: ESMF_STATEINTENT_EXPORT> <itemCount:    2>
20260710 032809.795 INFO             PET2       MODEL: Run intro {ES}:+-<item: 0001> <itemType: Field> <itemName: pmsl>
20260710 032809.795 INFO             PET2       MODEL: Run intro {ES}:!--- FieldLog() start -----------------
20260710 032809.795 INFO             PET2       MODEL: Run intro {ES}:! <name: pmsl> <fieldStatus: ESMF_FIELDSTATUS_COMPLETE>
20260710 032809.795 INFO             PET2       MODEL: Run intro {ES}:! 0x7ffc0e961510 => 0x14f230ea7100 => 0x2bc903c0
20260710 032809.795 INFO             PET2       MODEL: Run intro {ES}:! <typekind: Real*8> <rank:    2> <dimCount:    2>
20260710 032809.795 INFO             PET2       MODEL: Run intro {ES}:! ! --- Array::log() start -----------------------------------
20260710 032809.795 INFO             PET2       MODEL: Run intro {ES}:! ! 0x2bc90cc0
20260710 032809.795 INFO             PET2       MODEL: Run intro {ES}:! ! <name: pmsl>
20260710 032809.795 INFO             PET2       MODEL: Run intro {ES}:! ! ! --- DistGrid::log() start --------------------------------
20260710 032809.795 INFO             PET2       MODEL: Run intro {ES}:! ! ! 0x2bc8b0d0
20260710 032809.795 INFO             PET2       MODEL: Run intro {ES}:! ! ! DistGrid object is valid!<name: DG-Grid004-sloc:0>
20260710 032809.795 INFO             PET2       MODEL: Run intro {ES}:! ! ! --- DistGrid::log() end ----------------------------------
20260710 032809.795 INFO             PET2       MODEL: Run intro {ES}:! ! --- Array::log() end -------------------------------------
20260710 032809.795 INFO             PET2       MODEL: Run intro {ES}:!--- FieldLog() end -------------------
20260710 032809.795 INFO             PET2       MODEL: Run intro {ES}:+-<item: 0002> <itemType: Field> <itemName: rsns>
20260710 032809.795 INFO             PET2       MODEL: Run intro {ES}:!--- FieldLog() start -----------------
20260710 032809.795 INFO             PET2       MODEL: Run intro {ES}:! <name: rsns> <fieldStatus: ESMF_FIELDSTATUS_COMPLETE>
20260710 032809.795 INFO             PET2       MODEL: Run intro {ES}:! 0x7ffc0e961510 => 0x14f230ea6e80 => 0x2bc92720
20260710 032809.795 INFO             PET2       MODEL: Run intro {ES}:! <typekind: Real*8> <rank:    2> <dimCount:    2>
20260710 032809.795 INFO             PET2       MODEL: Run intro {ES}:! ! --- Array::log() start -----------------------------------
20260710 032809.795 INFO             PET2       MODEL: Run intro {ES}:! ! 0x2bc92f40
20260710 032809.795 INFO             PET2       MODEL: Run intro {ES}:! ! <name: rsns>
20260710 032809.795 INFO             PET2       MODEL: Run intro {ES}:! ! ! --- DistGrid::log() start --------------------------------
20260710 032809.795 INFO             PET2       MODEL: Run intro {ES}:! ! ! 0x2bc8b0d0
20260710 032809.795 INFO             PET2       MODEL: Run intro {ES}:! ! ! DistGrid object is valid!<name: DG-Grid004-sloc:0>
20260710 032809.795 INFO             PET2       MODEL: Run intro {ES}:! ! ! --- DistGrid::log() end ----------------------------------
20260710 032809.795 INFO             PET2       MODEL: Run intro {ES}:! ! --- Array::log() end -------------------------------------
20260710 032809.795 INFO             PET2       MODEL: Run intro {ES}:!--- FieldLog() end -------------------
20260710 032809.795 INFO             PET2       MODEL: Run intro {ES}:--- StateLog() end -------------------
20260710 032809.795 INFO             PET2       >>>MODEL: entered Run (phase=RunPhase1) with current time:    0  1  1  0  1 30   0
20260710 032809.795 INFO             PET2       MODEL: time step-loop starting, current time:    0  1  1  0  1 30   0
20260710 032809.795 INFO             PET2       thread_num=   1   currentSsiPe=   3   num_threads=   2   max_threads=   2   num_procs=   2
20260710 032809.795 INFO             PET2       thread_num=   0   currentSsiPe=   2   num_threads=   2   max_threads=   2   num_procs=   2
20260710 032809.795 INFO             PET2       ---->Advancing Model from:    0  1  1  0  1 30   0
20260710 032809.795 INFO             PET2       ---------------------> to:    0  1  1  0  2  0   0
20260710 032809.795 INFO             PET2       MODEL: time step-loop ending,   current time:    0  1  1  0  2  0   0
20260710 032809.795 INFO             PET2       <<<MODEL: leaving Run (phase=RunPhase1) with current time:    0  1  1  0  2  0   0
20260710 032809.795 INFO             PET2       MODEL: Run extro {IS}:--- StateLog() start -----------------
20260710 032809.795 INFO             PET2       MODEL: Run extro {IS}:<name: MODEL-ImportState> <intent: ESMF_STATEINTENT_IMPORT> <itemCount:    0>
20260710 032809.795 INFO             PET2       MODEL: Run extro {IS}:--- StateLog() end -------------------
20260710 032809.795 INFO             PET2       MODEL: Run extro {ES}:--- StateLog() start -----------------
20260710 032809.795 INFO             PET2       MODEL: Run extro {ES}:<name: MODEL-ExportState> <intent: ESMF_STATEINTENT_EXPORT> <itemCount:    2>
20260710 032809.795 INFO             PET2       MODEL: Run extro {ES}:+-<item: 0001> <itemType: Field> <itemName: pmsl>
20260710 032809.795 INFO             PET2       MODEL: Run extro {ES}:!--- FieldLog() start -----------------
20260710 032809.795 INFO             PET2       MODEL: Run extro {ES}:! <name: pmsl> <fieldStatus: ESMF_FIELDSTATUS_COMPLETE>
20260710 032809.795 INFO             PET2       MODEL: Run extro {ES}:! 0x7ffc0e9619c0 => 0x14f230ea7100 => 0x2bc903c0
20260710 032809.796 INFO             PET2       MODEL: Run extro {ES}:! <typekind: Real*8> <rank:    2> <dimCount:    2>
20260710 032809.796 INFO             PET2       MODEL: Run extro {ES}:! ! --- Array::log() start -----------------------------------
20260710 032809.796 INFO             PET2       MODEL: Run extro {ES}:! ! 0x2bc90cc0
20260710 032809.796 INFO             PET2       MODEL: Run extro {ES}:! ! <name: pmsl>
20260710 032809.796 INFO             PET2       MODEL: Run extro {ES}:! ! ! --- DistGrid::log() start --------------------------------
20260710 032809.796 INFO             PET2       MODEL: Run extro {ES}:! ! ! 0x2bc8b0d0
20260710 032809.796 INFO             PET2       MODEL: Run extro {ES}:! ! ! DistGrid object is valid!<name: DG-Grid004-sloc:0>
20260710 032809.796 INFO             PET2       MODEL: Run extro {ES}:! ! ! --- DistGrid::log() end ----------------------------------
20260710 032809.796 INFO             PET2       MODEL: Run extro {ES}:! ! --- Array::log() end -------------------------------------
20260710 032809.796 INFO             PET2       MODEL: Run extro {ES}:!--- FieldLog() end -------------------
20260710 032809.796 INFO             PET2       MODEL: Run extro {ES}:+-<item: 0002> <itemType: Field> <itemName: rsns>
20260710 032809.796 INFO             PET2       MODEL: Run extro {ES}:!--- FieldLog() start -----------------
20260710 032809.796 INFO             PET2       MODEL: Run extro {ES}:! <name: rsns> <fieldStatus: ESMF_FIELDSTATUS_COMPLETE>
20260710 032809.796 INFO             PET2       MODEL: Run extro {ES}:! 0x7ffc0e9619c0 => 0x14f230ea6e80 => 0x2bc92720
20260710 032809.796 INFO             PET2       MODEL: Run extro {ES}:! <typekind: Real*8> <rank:    2> <dimCount:    2>
20260710 032809.796 INFO             PET2       MODEL: Run extro {ES}:! ! --- Array::log() start -----------------------------------
20260710 032809.796 INFO             PET2       MODEL: Run extro {ES}:! ! 0x2bc92f40
20260710 032809.796 INFO             PET2       MODEL: Run extro {ES}:! ! <name: rsns>
20260710 032809.796 INFO             PET2       MODEL: Run extro {ES}:! ! ! --- DistGrid::log() start --------------------------------
20260710 032809.796 INFO             PET2       MODEL: Run extro {ES}:! ! ! 0x2bc8b0d0
20260710 032809.796 INFO             PET2       MODEL: Run extro {ES}:! ! ! DistGrid object is valid!<name: DG-Grid004-sloc:0>
20260710 032809.796 INFO             PET2       MODEL: Run extro {ES}:! ! ! --- DistGrid::log() end ----------------------------------
20260710 032809.796 INFO             PET2       MODEL: Run extro {ES}:! ! --- Array::log() end -------------------------------------
20260710 032809.796 INFO             PET2       MODEL: Run extro {ES}:!--- FieldLog() end -------------------
20260710 032809.796 INFO             PET2       MODEL: Run extro {ES}:--- StateLog() end -------------------
20260710 032809.796 INFO             PET2     MODEL: Run extro.
20260710 032809.796 INFO             PET2     driver: RunSequence event loopLevel=   1  levelMember=   1  loopIteration=   5, current time:    0  1  1  0  2  0   0
20260710 032809.796 INFO             PET2     MODEL: Run intro.
20260710 032809.796 INFO             PET2       MODEL: Run intro {IS}:--- StateLog() start -----------------
20260710 032809.796 INFO             PET2       MODEL: Run intro {IS}:<name: MODEL-ImportState> <intent: ESMF_STATEINTENT_IMPORT> <itemCount:    0>
20260710 032809.796 INFO             PET2       MODEL: Run intro {IS}:--- StateLog() end -------------------
20260710 032809.796 INFO             PET2       MODEL: Run intro {ES}:--- StateLog() start -----------------
20260710 032809.796 INFO             PET2       MODEL: Run intro {ES}:<name: MODEL-ExportState> <intent: ESMF_STATEINTENT_EXPORT> <itemCount:    2>
20260710 032809.796 INFO             PET2       MODEL: Run intro {ES}:+-<item: 0001> <itemType: Field> <itemName: pmsl>
20260710 032809.796 INFO             PET2       MODEL: Run intro {ES}:!--- FieldLog() start -----------------
20260710 032809.796 INFO             PET2       MODEL: Run intro {ES}:! <name: pmsl> <fieldStatus: ESMF_FIELDSTATUS_COMPLETE>
20260710 032809.796 INFO             PET2       MODEL: Run intro {ES}:! 0x7ffc0e961510 => 0x14f230ea7100 => 0x2bc903c0
20260710 032809.796 INFO             PET2       MODEL: Run intro {ES}:! <typekind: Real*8> <rank:    2> <dimCount:    2>
20260710 032809.796 INFO             PET2       MODEL: Run intro {ES}:! ! --- Array::log() start -----------------------------------
20260710 032809.796 INFO             PET2       MODEL: Run intro {ES}:! ! 0x2bc90cc0
20260710 032809.796 INFO             PET2       MODEL: Run intro {ES}:! ! <name: pmsl>
20260710 032809.796 INFO             PET2       MODEL: Run intro {ES}:! ! ! --- DistGrid::log() start --------------------------------
20260710 032809.796 INFO             PET2       MODEL: Run intro {ES}:! ! ! 0x2bc8b0d0
20260710 032809.796 INFO             PET2       MODEL: Run intro {ES}:! ! ! DistGrid object is valid!<name: DG-Grid004-sloc:0>
20260710 032809.796 INFO             PET2       MODEL: Run intro {ES}:! ! ! --- DistGrid::log() end ----------------------------------
20260710 032809.796 INFO             PET2       MODEL: Run intro {ES}:! ! --- Array::log() end -------------------------------------
20260710 032809.796 INFO             PET2       MODEL: Run intro {ES}:!--- FieldLog() end -------------------
20260710 032809.796 INFO             PET2       MODEL: Run intro {ES}:+-<item: 0002> <itemType: Field> <itemName: rsns>
20260710 032809.796 INFO             PET2       MODEL: Run intro {ES}:!--- FieldLog() start -----------------
20260710 032809.796 INFO             PET2       MODEL: Run intro {ES}:! <name: rsns> <fieldStatus: ESMF_FIELDSTATUS_COMPLETE>
20260710 032809.796 INFO             PET2       MODEL: Run intro {ES}:! 0x7ffc0e961510 => 0x14f230ea6e80 => 0x2bc92720
20260710 032809.796 INFO             PET2       MODEL: Run intro {ES}:! <typekind: Real*8> <rank:    2> <dimCount:    2>
20260710 032809.796 INFO             PET2       MODEL: Run intro {ES}:! ! --- Array::log() start -----------------------------------
20260710 032809.796 INFO             PET2       MODEL: Run intro {ES}:! ! 0x2bc92f40
20260710 032809.796 INFO             PET2       MODEL: Run intro {ES}:! ! <name: rsns>
20260710 032809.796 INFO             PET2       MODEL: Run intro {ES}:! ! ! --- DistGrid::log() start --------------------------------
20260710 032809.796 INFO             PET2       MODEL: Run intro {ES}:! ! ! 0x2bc8b0d0
20260710 032809.796 INFO             PET2       MODEL: Run intro {ES}:! ! ! DistGrid object is valid!<name: DG-Grid004-sloc:0>
20260710 032809.796 INFO             PET2       MODEL: Run intro {ES}:! ! ! --- DistGrid::log() end ----------------------------------
20260710 032809.796 INFO             PET2       MODEL: Run intro {ES}:! ! --- Array::log() end -------------------------------------
20260710 032809.796 INFO             PET2       MODEL: Run intro {ES}:!--- FieldLog() end -------------------
20260710 032809.796 INFO             PET2       MODEL: Run intro {ES}:--- StateLog() end -------------------
20260710 032809.796 INFO             PET2       >>>MODEL: entered Run (phase=RunPhase1) with current time:    0  1  1  0  2  0   0
20260710 032809.796 INFO             PET2       MODEL: time step-loop starting, current time:    0  1  1  0  2  0   0
20260710 032809.796 INFO             PET2       thread_num=   1   currentSsiPe=   3   num_threads=   2   max_threads=   2   num_procs=   2
20260710 032809.796 INFO             PET2       thread_num=   0   currentSsiPe=   2   num_threads=   2   max_threads=   2   num_procs=   2
20260710 032809.796 INFO             PET2       ---->Advancing Model from:    0  1  1  0  2  0   0
20260710 032809.796 INFO             PET2       ---------------------> to:    0  1  1  0  2 30   0
20260710 032809.796 INFO             PET2       MODEL: time step-loop ending,   current time:    0  1  1  0  2 30   0
20260710 032809.796 INFO             PET2       <<<MODEL: leaving Run (phase=RunPhase1) with current time:    0  1  1  0  2 30   0
20260710 032809.796 INFO             PET2       MODEL: Run extro {IS}:--- StateLog() start -----------------
20260710 032809.796 INFO             PET2       MODEL: Run extro {IS}:<name: MODEL-ImportState> <intent: ESMF_STATEINTENT_IMPORT> <itemCount:    0>
20260710 032809.796 INFO             PET2       MODEL: Run extro {IS}:--- StateLog() end -------------------
20260710 032809.796 INFO             PET2       MODEL: Run extro {ES}:--- StateLog() start -----------------
20260710 032809.796 INFO             PET2       MODEL: Run extro {ES}:<name: MODEL-ExportState> <intent: ESMF_STATEINTENT_EXPORT> <itemCount:    2>
20260710 032809.796 INFO             PET2       MODEL: Run extro {ES}:+-<item: 0001> <itemType: Field> <itemName: pmsl>
20260710 032809.796 INFO             PET2       MODEL: Run extro {ES}:!--- FieldLog() start -----------------
20260710 032809.796 INFO             PET2       MODEL: Run extro {ES}:! <name: pmsl> <fieldStatus: ESMF_FIELDSTATUS_COMPLETE>
20260710 032809.797 INFO             PET2       MODEL: Run extro {ES}:! 0x7ffc0e9619c0 => 0x14f230ea7100 => 0x2bc903c0
20260710 032809.797 INFO             PET2       MODEL: Run extro {ES}:! <typekind: Real*8> <rank:    2> <dimCount:    2>
20260710 032809.797 INFO             PET2       MODEL: Run extro {ES}:! ! --- Array::log() start -----------------------------------
20260710 032809.797 INFO             PET2       MODEL: Run extro {ES}:! ! 0x2bc90cc0
20260710 032809.797 INFO             PET2       MODEL: Run extro {ES}:! ! <name: pmsl>
20260710 032809.797 INFO             PET2       MODEL: Run extro {ES}:! ! ! --- DistGrid::log() start --------------------------------
20260710 032809.797 INFO             PET2       MODEL: Run extro {ES}:! ! ! 0x2bc8b0d0
20260710 032809.797 INFO             PET2       MODEL: Run extro {ES}:! ! ! DistGrid object is valid!<name: DG-Grid004-sloc:0>
20260710 032809.797 INFO             PET2       MODEL: Run extro {ES}:! ! ! --- DistGrid::log() end ----------------------------------
20260710 032809.797 INFO             PET2       MODEL: Run extro {ES}:! ! --- Array::log() end -------------------------------------
20260710 032809.797 INFO             PET2       MODEL: Run extro {ES}:!--- FieldLog() end -------------------
20260710 032809.797 INFO             PET2       MODEL: Run extro {ES}:+-<item: 0002> <itemType: Field> <itemName: rsns>
20260710 032809.797 INFO             PET2       MODEL: Run extro {ES}:!--- FieldLog() start -----------------
20260710 032809.797 INFO             PET2       MODEL: Run extro {ES}:! <name: rsns> <fieldStatus: ESMF_FIELDSTATUS_COMPLETE>
20260710 032809.797 INFO             PET2       MODEL: Run extro {ES}:! 0x7ffc0e9619c0 => 0x14f230ea6e80 => 0x2bc92720
20260710 032809.797 INFO             PET2       MODEL: Run extro {ES}:! <typekind: Real*8> <rank:    2> <dimCount:    2>
20260710 032809.797 INFO             PET2       MODEL: Run extro {ES}:! ! --- Array::log() start -----------------------------------
20260710 032809.797 INFO             PET2       MODEL: Run extro {ES}:! ! 0x2bc92f40
20260710 032809.797 INFO             PET2       MODEL: Run extro {ES}:! ! <name: rsns>
20260710 032809.797 INFO             PET2       MODEL: Run extro {ES}:! ! ! --- DistGrid::log() start --------------------------------
20260710 032809.797 INFO             PET2       MODEL: Run extro {ES}:! ! ! 0x2bc8b0d0
20260710 032809.797 INFO             PET2       MODEL: Run extro {ES}:! ! ! DistGrid object is valid!<name: DG-Grid004-sloc:0>
20260710 032809.797 INFO             PET2       MODEL: Run extro {ES}:! ! ! --- DistGrid::log() end ----------------------------------
20260710 032809.797 INFO             PET2       MODEL: Run extro {ES}:! ! --- Array::log() end -------------------------------------
20260710 032809.797 INFO             PET2       MODEL: Run extro {ES}:!--- FieldLog() end -------------------
20260710 032809.797 INFO             PET2       MODEL: Run extro {ES}:--- StateLog() end -------------------
20260710 032809.797 INFO             PET2     MODEL: Run extro.
20260710 032809.797 INFO             PET2   driver: end <--------- RunSequence
20260710 032809.797 INFO             PET2   <<<driver: leaving Run (phase=RunPhase1) with current time:    0  1  1  0  2 30   0
20260710 032809.797 INFO             PET2   driver: Run extro {IS}:--- StateLog() start -----------------
20260710 032809.797 INFO             PET2   driver: Run extro {IS}:State object is invalid! Not created or deleted!
20260710 032809.797 INFO             PET2   driver: Run extro {IS}:--- StateLog() end -------------------
20260710 032809.797 INFO             PET2   driver: Run extro {ES}:--- StateLog() start -----------------
20260710 032809.797 INFO             PET2   driver: Run extro {ES}:State object is invalid! Not created or deleted!
20260710 032809.797 INFO             PET2   driver: Run extro {ES}:--- StateLog() end -------------------
20260710 032809.797 INFO             PET2 driver: Run extro.
20260710 032809.797 INFO             PET2 driver: Finalize intro.
20260710 032809.797 INFO             PET2   driver: Finalize intro {IS}:--- StateLog() start -----------------
20260710 032809.797 INFO             PET2   driver: Finalize intro {IS}:State object is invalid! Not created or deleted!
20260710 032809.797 INFO             PET2   driver: Finalize intro {IS}:--- StateLog() end -------------------
20260710 032809.797 INFO             PET2   driver: Finalize intro {ES}:--- StateLog() start -----------------
20260710 032809.797 INFO             PET2   driver: Finalize intro {ES}:State object is invalid! Not created or deleted!
20260710 032809.797 INFO             PET2   driver: Finalize intro {ES}:--- StateLog() end -------------------
20260710 032809.797 INFO             PET2   >>>driver: entered Finalize (phase=FinalizePhase1) with current time:    0  1  1  0  2 30   0
20260710 032809.797 INFO             PET2   Calling Finalize phase 1 for modelComp: MODEL
20260710 032809.797 INFO             PET2   MODEL: Finalize intro.
20260710 032809.797 INFO             PET2     MODEL: Finalize intro {IS}:--- StateLog() start -----------------
20260710 032809.797 INFO             PET2     MODEL: Finalize intro {IS}:<name: MODEL-ImportState> <intent: ESMF_STATEINTENT_IMPORT> <itemCount:    0>
20260710 032809.797 INFO             PET2     MODEL: Finalize intro {IS}:--- StateLog() end -------------------
20260710 032809.797 INFO             PET2     MODEL: Finalize intro {ES}:--- StateLog() start -----------------
20260710 032809.797 INFO             PET2     MODEL: Finalize intro {ES}:<name: MODEL-ExportState> <intent: ESMF_STATEINTENT_EXPORT> <itemCount:    2>
20260710 032809.797 INFO             PET2     MODEL: Finalize intro {ES}:+-<item: 0001> <itemType: Field> <itemName: pmsl>
20260710 032809.797 INFO             PET2     MODEL: Finalize intro {ES}:!--- FieldLog() start -----------------
20260710 032809.797 INFO             PET2     MODEL: Finalize intro {ES}:! <name: pmsl> <fieldStatus: ESMF_FIELDSTATUS_COMPLETE>
20260710 032809.797 INFO             PET2     MODEL: Finalize intro {ES}:! 0x7ffc0e963480 => 0x14f230ea7100 => 0x2bc903c0
20260710 032809.797 INFO             PET2     MODEL: Finalize intro {ES}:! <typekind: Real*8> <rank:    2> <dimCount:    2>
20260710 032809.797 INFO             PET2     MODEL: Finalize intro {ES}:! ! --- Array::log() start -----------------------------------
20260710 032809.797 INFO             PET2     MODEL: Finalize intro {ES}:! ! 0x2bc90cc0
20260710 032809.797 INFO             PET2     MODEL: Finalize intro {ES}:! ! <name: pmsl>
20260710 032809.797 INFO             PET2     MODEL: Finalize intro {ES}:! ! ! --- DistGrid::log() start --------------------------------
20260710 032809.797 INFO             PET2     MODEL: Finalize intro {ES}:! ! ! 0x2bc8b0d0
20260710 032809.797 INFO             PET2     MODEL: Finalize intro {ES}:! ! ! DistGrid object is valid!<name: DG-Grid004-sloc:0>
20260710 032809.797 INFO             PET2     MODEL: Finalize intro {ES}:! ! ! --- DistGrid::log() end ----------------------------------
20260710 032809.797 INFO             PET2     MODEL: Finalize intro {ES}:! ! --- Array::log() end -------------------------------------
20260710 032809.797 INFO             PET2     MODEL: Finalize intro {ES}:!--- FieldLog() end -------------------
20260710 032809.797 INFO             PET2     MODEL: Finalize intro {ES}:+-<item: 0002> <itemType: Field> <itemName: rsns>
20260710 032809.797 INFO             PET2     MODEL: Finalize intro {ES}:!--- FieldLog() start -----------------
20260710 032809.797 INFO             PET2     MODEL: Finalize intro {ES}:! <name: rsns> <fieldStatus: ESMF_FIELDSTATUS_COMPLETE>
20260710 032809.797 INFO             PET2     MODEL: Finalize intro {ES}:! 0x7ffc0e963480 => 0x14f230ea6e80 => 0x2bc92720
20260710 032809.797 INFO             PET2     MODEL: Finalize intro {ES}:! <typekind: Real*8> <rank:    2> <dimCount:    2>
20260710 032809.798 INFO             PET2     MODEL: Finalize intro {ES}:! ! --- Array::log() start -----------------------------------
20260710 032809.798 INFO             PET2     MODEL: Finalize intro {ES}:! ! 0x2bc92f40
20260710 032809.798 INFO             PET2     MODEL: Finalize intro {ES}:! ! <name: rsns>
20260710 032809.798 INFO             PET2     MODEL: Finalize intro {ES}:! ! ! --- DistGrid::log() start --------------------------------
20260710 032809.798 INFO             PET2     MODEL: Finalize intro {ES}:! ! ! 0x2bc8b0d0
20260710 032809.798 INFO             PET2     MODEL: Finalize intro {ES}:! ! ! DistGrid object is valid!<name: DG-Grid004-sloc:0>
20260710 032809.798 INFO             PET2     MODEL: Finalize intro {ES}:! ! ! --- DistGrid::log() end ----------------------------------
20260710 032809.798 INFO             PET2     MODEL: Finalize intro {ES}:! ! --- Array::log() end -------------------------------------
20260710 032809.798 INFO             PET2     MODEL: Finalize intro {ES}:!--- FieldLog() end -------------------
20260710 032809.798 INFO             PET2     MODEL: Finalize intro {ES}:--- StateLog() end -------------------
20260710 032809.798 INFO             PET2     >>>MODEL: entered Finalize (phase=FinalizePhase1) with current time:    0  1  1  0  2 30   0
20260710 032809.798 INFO             PET2     <<<MODEL: leaving Finalize (phase=FinalizePhase1) with current time:    0  1  1  0  2 30   0
20260710 032809.798 INFO             PET2   MODEL: Finalize extro.
20260710 032809.798 INFO             PET2   Delete modelComp: MODEL
20260710 032809.798 INFO             PET2   Delete Import-/Export State for modelComp: MODEL
20260710 032809.798 INFO             PET2   <<<driver: leaving Finalize (phase=FinalizePhase1) with current time:    0  1  1  0  2 30   0
20260710 032809.798 INFO             PET2 driver: Finalize extro.
20260710 032809.798 INFO             PET2 mainApp FINISHED
20260710 032809.798 INFO             PET2  Finalizing ESMF
20260710 032809.763 INFO             PET3 !!!!!!!!!!!!!!!!!!!!!!!!!!!!!!!!!!!!!!!!!!!!!!!!!!!!!!
20260710 032809.763 INFO             PET3 !!! THE ESMF_LOG IS SET TO OUTPUT ALL LOG MESSAGES !!!
20260710 032809.763 INFO             PET3 !!!     THIS MAY CAUSE SLOWDOWN IN PERFORMANCE     !!!
20260710 032809.763 INFO             PET3 !!! FOR PRODUCTION RUNS, USE:                      !!!
20260710 032809.763 INFO             PET3 !!!                   ESMF_LOGKIND_Multi_On_Error  !!!
20260710 032809.763 INFO             PET3 !!!!!!!!!!!!!!!!!!!!!!!!!!!!!!!!!!!!!!!!!!!!!!!!!!!!!!
20260710 032809.763 INFO             PET3 Running with ESMF Version   : feature/refresh-bmauer-c_dynmask_interface+ge07d076824
20260710 032809.763 INFO             PET3 ESMF library build date/time: "Jul 10 2026" "01:54:58"
20260710 032809.763 INFO             PET3 ESMF library build location : /glade/derecho/scratch/sacks/esmf-testing/intel_2024.2.1-oneAPI_mpi_g_feature_refresh-bmauer-c_dynmask_interface/esmf
20260710 032809.763 INFO             PET3 ESMF_COMM                   : mpi
20260710 032809.763 INFO             PET3 ESMF_MOAB                   : enabled
20260710 032809.763 INFO             PET3 ESMF_LAPACK                 : enabled
20260710 032809.763 INFO             PET3 ESMF_NETCDF                 : enabled
20260710 032809.763 INFO             PET3 ESMF_PNETCDF                : disabled
20260710 032809.763 INFO             PET3 ESMF_PIO                    : enabled
20260710 032809.763 INFO             PET3 ESMF_YAMLCPP                : enabled
20260710 032809.764 INFO             PET3 mainApp STARTING
20260710 032809.768 INFO             PET3 driver: InitializeGeneric intro.
20260710 032809.768 INFO             PET3   driver: InitializeGeneric intro {IS}:--- StateLog() start -----------------
20260710 032809.768 INFO             PET3   driver: InitializeGeneric intro {IS}:State object is invalid! Not created or deleted!
20260710 032809.768 INFO             PET3   driver: InitializeGeneric intro {IS}:--- StateLog() end -------------------
20260710 032809.768 INFO             PET3   driver: InitializeGeneric intro {ES}:--- StateLog() start -----------------
20260710 032809.768 INFO             PET3   driver: InitializeGeneric intro {ES}:State object is invalid! Not created or deleted!
20260710 032809.768 INFO             PET3   driver: InitializeGeneric intro {ES}:--- StateLog() end -------------------
20260710 032809.768 INFO             PET3   >>>driver: entered Initialize (phase=<none>) without valid internal Clock.
20260710 032809.768 INFO             PET3   driver: InitializeP0 intro.
20260710 032809.768 INFO             PET3     driver: InitializeP0 intro {IS}:--- StateLog() start -----------------
20260710 032809.768 INFO             PET3     driver: InitializeP0 intro {IS}:State object is invalid! Not created or deleted!
20260710 032809.768 INFO             PET3     driver: InitializeP0 intro {IS}:--- StateLog() end -------------------
20260710 032809.768 INFO             PET3     driver: InitializeP0 intro {ES}:--- StateLog() start -----------------
20260710 032809.768 INFO             PET3     driver: InitializeP0 intro {ES}:State object is invalid! Not created or deleted!
20260710 032809.768 INFO             PET3     driver: InitializeP0 intro {ES}:--- StateLog() end -------------------
20260710 032809.768 INFO             PET3     >>>driver: entered Initialize (phase=<none>) without valid internal Clock.
20260710 032809.768 INFO             PET3     <<<driver: leaving Initialize (phase=<none>) without valid internal Clock.
20260710 032809.768 INFO             PET3     driver: InitializeP0 extro {IS}:--- StateLog() start -----------------
20260710 032809.768 INFO             PET3     driver: InitializeP0 extro {IS}:State object is invalid! Not created or deleted!
20260710 032809.768 INFO             PET3     driver: InitializeP0 extro {IS}:--- StateLog() end -------------------
20260710 032809.768 INFO             PET3     driver: InitializeP0 extro {ES}:--- StateLog() start -----------------
20260710 032809.768 INFO             PET3     driver: InitializeP0 extro {ES}:State object is invalid! Not created or deleted!
20260710 032809.768 INFO             PET3     driver: InitializeP0 extro {ES}:--- StateLog() end -------------------
20260710 032809.768 INFO             PET3   driver: InitializeP0 extro.
20260710 032809.768 INFO             PET3   driver: InitializeIPDv02p1 intro.
20260710 032809.768 INFO             PET3     driver: InitializeIPDv02p1 intro {IS}:--- StateLog() start -----------------
20260710 032809.768 INFO             PET3     driver: InitializeIPDv02p1 intro {IS}:State object is invalid! Not created or deleted!
20260710 032809.768 INFO             PET3     driver: InitializeIPDv02p1 intro {IS}:--- StateLog() end -------------------
20260710 032809.768 INFO             PET3     driver: InitializeIPDv02p1 intro {ES}:--- StateLog() start -----------------
20260710 032809.769 INFO             PET3     driver: InitializeIPDv02p1 intro {ES}:State object is invalid! Not created or deleted!
20260710 032809.769 INFO             PET3     driver: InitializeIPDv02p1 intro {ES}:--- StateLog() end -------------------
20260710 032809.769 INFO             PET3     >>>driver: entered Initialize (phase=<none>) without valid internal Clock.
20260710 032809.769 INFO             PET3     driver - Creating model component MODEL without petList.
20260710 032809.769 DEBUG            PET3     Generic SetVM() is executing for: MODEL
20260710 032809.769 DEBUG            PET3     Generic SetVM() is calling ESMF_GridCompSetVMMaxPEs() for: MODEL with:
20260710 032809.769 DEBUG            PET3      -             MaxCount =          2
20260710 032809.769 DEBUG            PET3      -       OpenMpHandling =
20260710 032809.769 DEBUG            PET3      -     OpenMpNumThreads =         -1
20260710 032809.769 DEBUG            PET3      -   ForceChildPthreads =          F
20260710 032809.769 DEBUG            PET3      -  PthreadMinStackSize =         -1
20260710 032809.769 DEBUG            PET3     vmkt_create()#229 Pthread: service=1 (0: actual PET, 1: service thread) - PTHREAD_STACK_MIN: 16384 bytes stack_size: 4194304 bytes
20260710 032809.769 DEBUG            PET3     vmkt_create()#229 Pthread: service=1 (0: actual PET, 1: service thread) - PTHREAD_STACK_MIN: 16384 bytes stack_size: 4194304 bytes
20260710 032809.772 INFO             PET3      GridCompIsPetLocal:  T
20260710 032809.772 INFO             PET3      VmIsCreated:  T
20260710 032809.772 INFO             PET3      MPI_COMM_NULL
20260710 032809.772 INFO             PET3     driver - Creating state: modelComp 1 Import State
20260710 032809.772 INFO             PET3     driver - Creating state: modelComp 1 Export State
20260710 032809.775 INFO             PET3     driver: IInitAdvertise intro.
20260710 032809.775 INFO             PET3       driver: IInitAdvertise intro {IS}:--- StateLog() start -----------------
20260710 032809.775 INFO             PET3       driver: IInitAdvertise intro {IS}:State object is invalid! Not created or deleted!
20260710 032809.775 INFO             PET3       driver: IInitAdvertise intro {IS}:--- StateLog() end -------------------
20260710 032809.775 INFO             PET3       driver: IInitAdvertise intro {ES}:--- StateLog() start -----------------
20260710 032809.775 INFO             PET3       driver: IInitAdvertise intro {ES}:State object is invalid! Not created or deleted!
20260710 032809.775 INFO             PET3       driver: IInitAdvertise intro {ES}:--- StateLog() end -------------------
20260710 032809.775 INFO             PET3       >>>driver: entered Initialize (phase=<none>) with current time:    0  1  1  0  0  0   0
20260710 032809.776 INFO             PET3       <<<driver: leaving Initialize (phase=<none>) with current time:    0  1  1  0  0  0   0
20260710 032809.776 INFO             PET3       driver: IInitAdvertise extro {IS}:--- StateLog() start -----------------
20260710 032809.776 INFO             PET3       driver: IInitAdvertise extro {IS}:State object is invalid! Not created or deleted!
20260710 032809.776 INFO             PET3       driver: IInitAdvertise extro {IS}:--- StateLog() end -------------------
20260710 032809.776 INFO             PET3       driver: IInitAdvertise extro {ES}:--- StateLog() start -----------------
20260710 032809.776 INFO             PET3       driver: IInitAdvertise extro {ES}:State object is invalid! Not created or deleted!
20260710 032809.776 INFO             PET3       driver: IInitAdvertise extro {ES}:--- StateLog() end -------------------
20260710 032809.776 INFO             PET3     driver: IInitAdvertise extro.
20260710 032809.778 INFO             PET3     driver: IInitAdvertiseFinish intro.
20260710 032809.778 INFO             PET3       driver: IInitAdvertiseFinish intro {IS}:--- StateLog() start -----------------
20260710 032809.778 INFO             PET3       driver: IInitAdvertiseFinish intro {IS}:State object is invalid! Not created or deleted!
20260710 032809.778 INFO             PET3       driver: IInitAdvertiseFinish intro {IS}:--- StateLog() end -------------------
20260710 032809.778 INFO             PET3       driver: IInitAdvertiseFinish intro {ES}:--- StateLog() start -----------------
20260710 032809.778 INFO             PET3       driver: IInitAdvertiseFinish intro {ES}:State object is invalid! Not created or deleted!
20260710 032809.778 INFO             PET3       driver: IInitAdvertiseFinish intro {ES}:--- StateLog() end -------------------
20260710 032809.778 INFO             PET3       >>>driver: entered Initialize (phase=<none>) with current time:    0  1  1  0  0  0   0
20260710 032809.778 INFO             PET3       <<<driver: leaving Initialize (phase=<none>) with current time:    0  1  1  0  0  0   0
20260710 032809.778 INFO             PET3       driver: IInitAdvertiseFinish extro {IS}:--- StateLog() start -----------------
20260710 032809.778 INFO             PET3       driver: IInitAdvertiseFinish extro {IS}:State object is invalid! Not created or deleted!
20260710 032809.778 INFO             PET3       driver: IInitAdvertiseFinish extro {IS}:--- StateLog() end -------------------
20260710 032809.778 INFO             PET3       driver: IInitAdvertiseFinish extro {ES}:--- StateLog() start -----------------
20260710 032809.778 INFO             PET3       driver: IInitAdvertiseFinish extro {ES}:State object is invalid! Not created or deleted!
20260710 032809.778 INFO             PET3       driver: IInitAdvertiseFinish extro {ES}:--- StateLog() end -------------------
20260710 032809.778 INFO             PET3     driver: IInitAdvertiseFinish extro.
20260710 032809.778 INFO             PET3     driver: IInitModifyCplLists intro.
20260710 032809.778 INFO             PET3       driver: IInitModifyCplLists intro {IS}:--- StateLog() start -----------------
20260710 032809.778 INFO             PET3       driver: IInitModifyCplLists intro {IS}:State object is invalid! Not created or deleted!
20260710 032809.778 INFO             PET3       driver: IInitModifyCplLists intro {IS}:--- StateLog() end -------------------
20260710 032809.778 INFO             PET3       driver: IInitModifyCplLists intro {ES}:--- StateLog() start -----------------
20260710 032809.778 INFO             PET3       driver: IInitModifyCplLists intro {ES}:State object is invalid! Not created or deleted!
20260710 032809.778 INFO             PET3       driver: IInitModifyCplLists intro {ES}:--- StateLog() end -------------------
20260710 032809.778 INFO             PET3       >>>driver: entered Initialize (phase=<none>) with current time:    0  1  1  0  0  0   0
20260710 032809.779 INFO             PET3       <<<driver: leaving Initialize (phase=<none>) with current time:    0  1  1  0  0  0   0
20260710 032809.779 INFO             PET3       driver: IInitModifyCplLists extro {IS}:--- StateLog() start -----------------
20260710 032809.779 INFO             PET3       driver: IInitModifyCplLists extro {IS}:State object is invalid! Not created or deleted!
20260710 032809.779 INFO             PET3       driver: IInitModifyCplLists extro {IS}:--- StateLog() end -------------------
20260710 032809.779 INFO             PET3       driver: IInitModifyCplLists extro {ES}:--- StateLog() start -----------------
20260710 032809.779 INFO             PET3       driver: IInitModifyCplLists extro {ES}:State object is invalid! Not created or deleted!
20260710 032809.779 INFO             PET3       driver: IInitModifyCplLists extro {ES}:--- StateLog() end -------------------
20260710 032809.779 INFO             PET3     driver: IInitModifyCplLists extro.
20260710 032809.779 INFO             PET3     <<<driver: leaving Initialize (phase=<none>) with current time:    0  1  1  0  0  0   0
20260710 032809.779 INFO             PET3     driver: InitializeIPDv02p1 extro {IS}:--- StateLog() start -----------------
20260710 032809.779 INFO             PET3     driver: InitializeIPDv02p1 extro {IS}:State object is invalid! Not created or deleted!
20260710 032809.779 INFO             PET3     driver: InitializeIPDv02p1 extro {IS}:--- StateLog() end -------------------
20260710 032809.779 INFO             PET3     driver: InitializeIPDv02p1 extro {ES}:--- StateLog() start -----------------
20260710 032809.779 INFO             PET3     driver: InitializeIPDv02p1 extro {ES}:State object is invalid! Not created or deleted!
20260710 032809.779 INFO             PET3     driver: InitializeIPDv02p1 extro {ES}:--- StateLog() end -------------------
20260710 032809.779 INFO             PET3   driver: InitializeIPDv02p1 extro.
20260710 032809.779 INFO             PET3   driver: InitializeIPDv02p3 intro.
20260710 032809.779 INFO             PET3     driver: InitializeIPDv02p3 intro {IS}:--- StateLog() start -----------------
20260710 032809.779 INFO             PET3     driver: InitializeIPDv02p3 intro {IS}:State object is invalid! Not created or deleted!
20260710 032809.779 INFO             PET3     driver: InitializeIPDv02p3 intro {IS}:--- StateLog() end -------------------
20260710 032809.779 INFO             PET3     driver: InitializeIPDv02p3 intro {ES}:--- StateLog() start -----------------
20260710 032809.779 INFO             PET3     driver: InitializeIPDv02p3 intro {ES}:State object is invalid! Not created or deleted!
20260710 032809.779 INFO             PET3     driver: InitializeIPDv02p3 intro {ES}:--- StateLog() end -------------------
20260710 032809.779 INFO             PET3     >>>driver: entered Initialize (phase=<none>) with current time:    0  1  1  0  0  0   0
20260710 032809.779 INFO             PET3     driver: IInitCheck intro.
20260710 032809.779 INFO             PET3       driver: IInitCheck intro {IS}:--- StateLog() start -----------------
20260710 032809.779 INFO             PET3       driver: IInitCheck intro {IS}:State object is invalid! Not created or deleted!
20260710 032809.779 INFO             PET3       driver: IInitCheck intro {IS}:--- StateLog() end -------------------
20260710 032809.779 INFO             PET3       driver: IInitCheck intro {ES}:--- StateLog() start -----------------
20260710 032809.779 INFO             PET3       driver: IInitCheck intro {ES}:State object is invalid! Not created or deleted!
20260710 032809.779 INFO             PET3       driver: IInitCheck intro {ES}:--- StateLog() end -------------------
20260710 032809.779 INFO             PET3       >>>driver: entered Initialize (phase=<none>) with current time:    0  1  1  0  0  0   0
20260710 032809.779 INFO             PET3       <<<driver: leaving Initialize (phase=<none>) with current time:    0  1  1  0  0  0   0
20260710 032809.779 INFO             PET3       driver: IInitCheck extro {IS}:--- StateLog() start -----------------
20260710 032809.779 INFO             PET3       driver: IInitCheck extro {IS}:State object is invalid! Not created or deleted!
20260710 032809.779 INFO             PET3       driver: IInitCheck extro {IS}:--- StateLog() end -------------------
20260710 032809.779 INFO             PET3       driver: IInitCheck extro {ES}:--- StateLog() start -----------------
20260710 032809.779 INFO             PET3       driver: IInitCheck extro {ES}:State object is invalid! Not created or deleted!
20260710 032809.779 INFO             PET3       driver: IInitCheck extro {ES}:--- StateLog() end -------------------
20260710 032809.779 INFO             PET3     driver: IInitCheck extro.
20260710 032809.784 INFO             PET3     driver: IInitRealize intro.
20260710 032809.784 INFO             PET3       driver: IInitRealize intro {IS}:--- StateLog() start -----------------
20260710 032809.784 INFO             PET3       driver: IInitRealize intro {IS}:State object is invalid! Not created or deleted!
20260710 032809.784 INFO             PET3       driver: IInitRealize intro {IS}:--- StateLog() end -------------------
20260710 032809.784 INFO             PET3       driver: IInitRealize intro {ES}:--- StateLog() start -----------------
20260710 032809.784 INFO             PET3       driver: IInitRealize intro {ES}:State object is invalid! Not created or deleted!
20260710 032809.784 INFO             PET3       driver: IInitRealize intro {ES}:--- StateLog() end -------------------
20260710 032809.784 INFO             PET3       >>>driver: entered Initialize (phase=<none>) with current time:    0  1  1  0  0  0   0
20260710 032809.784 INFO             PET3       <<<driver: leaving Initialize (phase=<none>) with current time:    0  1  1  0  0  0   0
20260710 032809.784 INFO             PET3       driver: IInitRealize extro {IS}:--- StateLog() start -----------------
20260710 032809.784 INFO             PET3       driver: IInitRealize extro {IS}:State object is invalid! Not created or deleted!
20260710 032809.784 INFO             PET3       driver: IInitRealize extro {IS}:--- StateLog() end -------------------
20260710 032809.784 INFO             PET3       driver: IInitRealize extro {ES}:--- StateLog() start -----------------
20260710 032809.784 INFO             PET3       driver: IInitRealize extro {ES}:State object is invalid! Not created or deleted!
20260710 032809.784 INFO             PET3       driver: IInitRealize extro {ES}:--- StateLog() end -------------------
20260710 032809.784 INFO             PET3     driver: IInitRealize extro.
20260710 032809.786 INFO             PET3     <<<driver: leaving Initialize (phase=<none>) with current time:    0  1  1  0  0  0   0
20260710 032809.786 INFO             PET3     driver: InitializeIPDv02p3 extro {IS}:--- StateLog() start -----------------
20260710 032809.786 INFO             PET3     driver: InitializeIPDv02p3 extro {IS}:State object is invalid! Not created or deleted!
20260710 032809.786 INFO             PET3     driver: InitializeIPDv02p3 extro {IS}:--- StateLog() end -------------------
20260710 032809.786 INFO             PET3     driver: InitializeIPDv02p3 extro {ES}:--- StateLog() start -----------------
20260710 032809.786 INFO             PET3     driver: InitializeIPDv02p3 extro {ES}:State object is invalid! Not created or deleted!
20260710 032809.786 INFO             PET3     driver: InitializeIPDv02p3 extro {ES}:--- StateLog() end -------------------
20260710 032809.786 INFO             PET3   driver: InitializeIPDv02p3 extro.
20260710 032809.786 INFO             PET3   driver: InitializeIPDv02p5 intro.
20260710 032809.786 INFO             PET3     driver: InitializeIPDv02p5 intro {IS}:--- StateLog() start -----------------
20260710 032809.786 INFO             PET3     driver: InitializeIPDv02p5 intro {IS}:State object is invalid! Not created or deleted!
20260710 032809.786 INFO             PET3     driver: InitializeIPDv02p5 intro {IS}:--- StateLog() end -------------------
20260710 032809.786 INFO             PET3     driver: InitializeIPDv02p5 intro {ES}:--- StateLog() start -----------------
20260710 032809.786 INFO             PET3     driver: InitializeIPDv02p5 intro {ES}:State object is invalid! Not created or deleted!
20260710 032809.786 INFO             PET3     driver: InitializeIPDv02p5 intro {ES}:--- StateLog() end -------------------
20260710 032809.786 INFO             PET3     >>>driver: entered Initialize (phase=<none>) with current time:    0  1  1  0  0  0   0
20260710 032809.786 INFO             PET3     driver: this is a top level driver, no 'Updated' and 'InitializeDataComplete' info on this level.
20260710 032809.786 INFO             PET3     driver: InitializeIPDv02p5Data intro.
20260710 032809.786 INFO             PET3       driver: InitializeIPDv02p5Data intro {IS}:--- StateLog() start -----------------
20260710 032809.786 INFO             PET3       driver: InitializeIPDv02p5Data intro {IS}:State object is invalid! Not created or deleted!
20260710 032809.786 INFO             PET3       driver: InitializeIPDv02p5Data intro {IS}:--- StateLog() end -------------------
20260710 032809.786 INFO             PET3       driver: InitializeIPDv02p5Data intro {ES}:--- StateLog() start -----------------
20260710 032809.786 INFO             PET3       driver: InitializeIPDv02p5Data intro {ES}:State object is invalid! Not created or deleted!
20260710 032809.786 INFO             PET3       driver: InitializeIPDv02p5Data intro {ES}:--- StateLog() end -------------------
20260710 032809.786 INFO             PET3       >>>driver: entered Initialize (phase=<none>) with current time:    0  1  1  0  0  0   0
20260710 032809.786 INFO             PET3       driver: InternalInitializeComplete intro.
20260710 032809.786 INFO             PET3         driver: InternalInitializeComplete intro {IS}:--- StateLog() start -----------------
20260710 032809.786 INFO             PET3         driver: InternalInitializeComplete intro {IS}:State object is invalid! Not created or deleted!
20260710 032809.786 INFO             PET3         driver: InternalInitializeComplete intro {IS}:--- StateLog() end -------------------
20260710 032809.786 INFO             PET3         driver: InternalInitializeComplete intro {ES}:--- StateLog() start -----------------
20260710 032809.786 INFO             PET3         driver: InternalInitializeComplete intro {ES}:State object is invalid! Not created or deleted!
20260710 032809.786 INFO             PET3         driver: InternalInitializeComplete intro {ES}:--- StateLog() end -------------------
20260710 032809.786 INFO             PET3         >>>driver: entered Initialize (phase=<none>) with current time:    0  1  1  0  0  0   0
20260710 032809.786 INFO             PET3         driver: InitializeDataComplete='true'
20260710 032809.786 INFO             PET3         <<<driver: leaving Initialize (phase=<none>) with current time:    0  1  1  0  0  0   0
20260710 032809.786 INFO             PET3         driver: InternalInitializeComplete extro {IS}:--- StateLog() start -----------------
20260710 032809.786 INFO             PET3         driver: InternalInitializeComplete extro {IS}:State object is invalid! Not created or deleted!
20260710 032809.786 INFO             PET3         driver: InternalInitializeComplete extro {IS}:--- StateLog() end -------------------
20260710 032809.786 INFO             PET3         driver: InternalInitializeComplete extro {ES}:--- StateLog() start -----------------
20260710 032809.786 INFO             PET3         driver: InternalInitializeComplete extro {ES}:State object is invalid! Not created or deleted!
20260710 032809.786 INFO             PET3         driver: InternalInitializeComplete extro {ES}:--- StateLog() end -------------------
20260710 032809.786 INFO             PET3       driver: InternalInitializeComplete extro.
20260710 032809.788 INFO             PET3       driver: components present that trigger loopDataDependentInitialize().
20260710 032809.788 INFO             PET3       driver: loopDataDependentInitialize intro.
20260710 032809.788 INFO             PET3         driver: loopDataDependentInitialize intro {IS}:--- StateLog() start -----------------
20260710 032809.788 INFO             PET3         driver: loopDataDependentInitialize intro {IS}:State object is invalid! Not created or deleted!
20260710 032809.788 INFO             PET3         driver: loopDataDependentInitialize intro {IS}:--- StateLog() end -------------------
20260710 032809.788 INFO             PET3         driver: loopDataDependentInitialize intro {ES}:--- StateLog() start -----------------
20260710 032809.788 INFO             PET3         driver: loopDataDependentInitialize intro {ES}:State object is invalid! Not created or deleted!
20260710 032809.788 INFO             PET3         driver: loopDataDependentInitialize intro {ES}:--- StateLog() end -------------------
20260710 032809.788 INFO             PET3         >>>driver: entered Initialize (phase=<none>) with current time:    0  1  1  0  0  0   0
20260710 032809.788 INFO             PET3         driver: component    0=driver, dataComplete (local): true
20260710 032809.789 INFO             PET3         driver: component    0=driver, dataComplete (global):  T
20260710 032809.789 INFO             PET3         driver: component    1=MODEL, dataComplete (local): false
20260710 032809.789 INFO             PET3         driver: component    1=MODEL, dataComplete (global):  F
20260710 032809.790 INFO             PET3         driver: component    1=MODEL, someProgress (local): true
20260710 032809.790 INFO             PET3         driver: component    1=MODEL, someProgress (global):  T
20260710 032809.790 INFO             PET3         driver: someProgress= T, allComplete= F, present(dataDepAllComplete)= T
20260710 032809.791 INFO             PET3         driver: component    0=driver, dataComplete (local): true
20260710 032809.791 INFO             PET3         driver: component    0=driver, dataComplete (global):  T
20260710 032809.791 INFO             PET3         driver: component    1=MODEL, dataComplete (local): true
20260710 032809.791 INFO             PET3         driver: component    1=MODEL, dataComplete (global):  T
20260710 032809.791 INFO             PET3         driver: someProgress= F, allComplete= T, present(dataDepAllComplete)= T
20260710 032809.791 INFO             PET3         driver: finished resolving initialize data dependencies on this level.
20260710 032809.791 INFO             PET3         <<<driver: leaving Initialize (phase=<none>) with current time:    0  1  1  0  0  0   0
20260710 032809.791 INFO             PET3         driver: loopDataDependentInitialize extro {IS}:--- StateLog() start -----------------
20260710 032809.791 INFO             PET3         driver: loopDataDependentInitialize extro {IS}:State object is invalid! Not created or deleted!
20260710 032809.791 INFO             PET3         driver: loopDataDependentInitialize extro {IS}:--- StateLog() end -------------------
20260710 032809.791 INFO             PET3         driver: loopDataDependentInitialize extro {ES}:--- StateLog() start -----------------
20260710 032809.791 INFO             PET3         driver: loopDataDependentInitialize extro {ES}:State object is invalid! Not created or deleted!
20260710 032809.791 INFO             PET3         driver: loopDataDependentInitialize extro {ES}:--- StateLog() end -------------------
20260710 032809.791 INFO             PET3       driver: loopDataDependentInitialize extro.
20260710 032809.791 INFO             PET3       driver: loopDataDependentInitialize() returned with dataDepAllComplete:  T
20260710 032809.791 INFO             PET3       <<<driver: leaving Initialize (phase=<none>) with current time:    0  1  1  0  0  0   0
20260710 032809.791 INFO             PET3       driver: InitializeIPDv02p5Data extro {IS}:--- StateLog() start -----------------
20260710 032809.791 INFO             PET3       driver: InitializeIPDv02p5Data extro {IS}:State object is invalid! Not created or deleted!
20260710 032809.791 INFO             PET3       driver: InitializeIPDv02p5Data extro {IS}:--- StateLog() end -------------------
20260710 032809.791 INFO             PET3       driver: InitializeIPDv02p5Data extro {ES}:--- StateLog() start -----------------
20260710 032809.791 INFO             PET3       driver: InitializeIPDv02p5Data extro {ES}:State object is invalid! Not created or deleted!
20260710 032809.791 INFO             PET3       driver: InitializeIPDv02p5Data extro {ES}:--- StateLog() end -------------------
20260710 032809.791 INFO             PET3     driver: InitializeIPDv02p5Data extro.
20260710 032809.791 INFO             PET3     <<<driver: leaving Initialize (phase=<none>) with current time:    0  1  1  0  0  0   0
20260710 032809.791 INFO             PET3     driver: InitializeIPDv02p5 extro {IS}:--- StateLog() start -----------------
20260710 032809.791 INFO             PET3     driver: InitializeIPDv02p5 extro {IS}:State object is invalid! Not created or deleted!
20260710 032809.791 INFO             PET3     driver: InitializeIPDv02p5 extro {IS}:--- StateLog() end -------------------
20260710 032809.791 INFO             PET3     driver: InitializeIPDv02p5 extro {ES}:--- StateLog() start -----------------
20260710 032809.791 INFO             PET3     driver: InitializeIPDv02p5 extro {ES}:State object is invalid! Not created or deleted!
20260710 032809.791 INFO             PET3     driver: InitializeIPDv02p5 extro {ES}:--- StateLog() end -------------------
20260710 032809.791 INFO             PET3   driver: InitializeIPDv02p5 extro.
20260710 032809.791 INFO             PET3   <<<driver: leaving Initialize (phase=<none>) with current time:    0  1  1  0  0  0   0
20260710 032809.791 INFO             PET3   driver: InitializeGeneric extro {IS}:--- StateLog() start -----------------
20260710 032809.791 INFO             PET3   driver: InitializeGeneric extro {IS}:State object is invalid! Not created or deleted!
20260710 032809.791 INFO             PET3   driver: InitializeGeneric extro {IS}:--- StateLog() end -------------------
20260710 032809.791 INFO             PET3   driver: InitializeGeneric extro {ES}:--- StateLog() start -----------------
20260710 032809.791 INFO             PET3   driver: InitializeGeneric extro {ES}:State object is invalid! Not created or deleted!
20260710 032809.791 INFO             PET3   driver: InitializeGeneric extro {ES}:--- StateLog() end -------------------
20260710 032809.791 INFO             PET3 driver: InitializeGeneric extro.
20260710 032809.791 INFO             PET3 driver: Run intro.
20260710 032809.791 INFO             PET3   driver: Run intro {IS}:--- StateLog() start -----------------
20260710 032809.791 INFO             PET3   driver: Run intro {IS}:State object is invalid! Not created or deleted!
20260710 032809.791 INFO             PET3   driver: Run intro {IS}:--- StateLog() end -------------------
20260710 032809.791 INFO             PET3   driver: Run intro {ES}:--- StateLog() start -----------------
20260710 032809.791 INFO             PET3   driver: Run intro {ES}:State object is invalid! Not created or deleted!
20260710 032809.791 INFO             PET3   driver: Run intro {ES}:--- StateLog() end -------------------
20260710 032809.791 INFO             PET3   >>>driver: entered Run (phase=RunPhase1) with current time:    0  1  1  0  0  0   0
20260710 032809.791 INFO             PET3   driver: after lable_SetRunClock, current time:    0  1  1  0  0  0   0
20260710 032809.791 INFO             PET3   driver: begin -------> RunSequence.
20260710 032809.791 INFO             PET3     driver: RunSequence event loopLevel=   1  levelMember=   1  loopIteration=   1, current time:    0  1  1  0  0  0   0
20260710 032809.793 INFO             PET3     driver: RunSequence event loopLevel=   1  levelMember=   1  loopIteration=   2, current time:    0  1  1  0  0 30   0
20260710 032809.794 INFO             PET3     driver: RunSequence event loopLevel=   1  levelMember=   1  loopIteration=   3, current time:    0  1  1  0  1  0   0
20260710 032809.795 INFO             PET3     driver: RunSequence event loopLevel=   1  levelMember=   1  loopIteration=   4, current time:    0  1  1  0  1 30   0
20260710 032809.796 INFO             PET3     driver: RunSequence event loopLevel=   1  levelMember=   1  loopIteration=   5, current time:    0  1  1  0  2  0   0
20260710 032809.797 INFO             PET3   driver: end <--------- RunSequence
20260710 032809.797 INFO             PET3   <<<driver: leaving Run (phase=RunPhase1) with current time:    0  1  1  0  2 30   0
20260710 032809.797 INFO             PET3   driver: Run extro {IS}:--- StateLog() start -----------------
20260710 032809.797 INFO             PET3   driver: Run extro {IS}:State object is invalid! Not created or deleted!
20260710 032809.797 INFO             PET3   driver: Run extro {IS}:--- StateLog() end -------------------
20260710 032809.797 INFO             PET3   driver: Run extro {ES}:--- StateLog() start -----------------
20260710 032809.797 INFO             PET3   driver: Run extro {ES}:State object is invalid! Not created or deleted!
20260710 032809.797 INFO             PET3   driver: Run extro {ES}:--- StateLog() end -------------------
20260710 032809.797 INFO             PET3 driver: Run extro.
20260710 032809.797 INFO             PET3 driver: Finalize intro.
20260710 032809.797 INFO             PET3   driver: Finalize intro {IS}:--- StateLog() start -----------------
20260710 032809.797 INFO             PET3   driver: Finalize intro {IS}:State object is invalid! Not created or deleted!
20260710 032809.797 INFO             PET3   driver: Finalize intro {IS}:--- StateLog() end -------------------
20260710 032809.797 INFO             PET3   driver: Finalize intro {ES}:--- StateLog() start -----------------
20260710 032809.797 INFO             PET3   driver: Finalize intro {ES}:State object is invalid! Not created or deleted!
20260710 032809.797 INFO             PET3   driver: Finalize intro {ES}:--- StateLog() end -------------------
20260710 032809.797 INFO             PET3   >>>driver: entered Finalize (phase=FinalizePhase1) with current time:    0  1  1  0  2 30   0
20260710 032809.797 INFO             PET3   Calling Finalize phase 1 for modelComp: MODEL
20260710 032809.798 INFO             PET3   Delete modelComp: MODEL
20260710 032809.798 INFO             PET3   Delete Import-/Export State for modelComp: MODEL
20260710 032809.798 INFO             PET3   <<<driver: leaving Finalize (phase=FinalizePhase1) with current time:    0  1  1  0  2 30   0
20260710 032809.798 INFO             PET3 driver: Finalize extro.
20260710 032809.798 INFO             PET3 mainApp FINISHED
20260710 032809.798 INFO             PET3  Finalizing ESMF
