2026-07-31 07:27:34
20260731 082136.446 INFO             PET0 !!!!!!!!!!!!!!!!!!!!!!!!!!!!!!!!!!!!!!!!!!!!!!!!!!!!!!
20260731 082136.446 INFO             PET0 !!! THE ESMF_LOG IS SET TO OUTPUT ALL LOG MESSAGES !!!
20260731 082136.446 INFO             PET0 !!!     THIS MAY CAUSE SLOWDOWN IN PERFORMANCE     !!!
20260731 082136.446 INFO             PET0 !!! FOR PRODUCTION RUNS, USE:                      !!!
20260731 082136.446 INFO             PET0 !!!                   ESMF_LOGKIND_Multi_On_Error  !!!
20260731 082136.446 INFO             PET0 !!!!!!!!!!!!!!!!!!!!!!!!!!!!!!!!!!!!!!!!!!!!!!!!!!!!!!
20260731 082136.446 INFO             PET0 Running with ESMF Version   : develop+g02ff1b231d
20260731 082136.446 INFO             PET0 ESMF library build date/time: "Jul 31 2026" "07:24:41"
20260731 082136.446 INFO             PET0 ESMF library build location : /scratch3/NCEPDEV/stmp/Gerhard.Theurich/ESMF-Nightly-Testing-Hera/gfortran_13.2.0_openmpi_g_develop/esmf
20260731 082136.446 INFO             PET0 ESMF_COMM                   : openmpi
20260731 082136.446 INFO             PET0 ESMF_MOAB                   : enabled
20260731 082136.446 INFO             PET0 ESMF_LAPACK                 : enabled
20260731 082136.446 INFO             PET0 ESMF_NETCDF                 : disabled
20260731 082136.446 INFO             PET0 ESMF_PNETCDF                : disabled
20260731 082136.446 INFO             PET0 ESMF_PIO                    : disabled
20260731 082136.446 INFO             PET0 ESMF_YAMLCPP                : enabled
20260731 082136.447 INFO             PET0 esmApp STARTING
20260731 082136.594 INFO             PET0 Reading Attributes for Connector: MED-TO-OCN
20260731 082136.594 INFO             PET0 Reading Attributes for Connector: MED-TO-ATM
20260731 082136.598 INFO             PET0 Reading Attributes for Connector: OCN-TO-MED
20260731 082136.599 INFO             PET0 Reading Attributes for Connector: ATM-TO-MED
20260731 082136.602 INFO             PET0 esm: IInitAdvertise intro.
20260731 082136.602 INFO             PET0 esm: IInitAdvertise extro.
20260731 082136.632 INFO             PET0 MED-TO-ATM: InitializeIPDv05p1 intro.
20260731 082136.632 INFO             PET0 MED-TO-ATM: InitializeIPDv05p1 extro.
20260731 082136.633 INFO             PET0 esm: IInitAdvertiseFinish intro.
20260731 082136.633 INFO             PET0 esm: IInitAdvertiseFinish extro.
20260731 082136.636 INFO             PET0 MED-TO-ATM: InitializeIPDv05p2a intro.
20260731 082136.636 INFO             PET0   MED-TO-ATM:      importStandardNameList(i=  1): sea_surface_temperature
20260731 082136.636 INFO             PET0   MED-TO-ATM:         importNamespaceList(i=  1): MED:ATM
20260731 082136.636 INFO             PET0   MED-TO-ATM:            importCplSetList(i=  1): __UNSPECIFIED__
20260731 082136.636 INFO             PET0   MED-TO-ATM:      exportStandardNameList(j=  1): sea_surface_temperature
20260731 082136.636 INFO             PET0   MED-TO-ATM:         exportNamespaceList(j=  1): ATM
20260731 082136.636 INFO             PET0   MED-TO-ATM:            exportCplSetList(j=  1): __UNSPECIFIED__
20260731 082136.636 INFO             PET0   MED-TO-ATM: bondLevel= 2
20260731 082136.636 INFO             PET0   MED-TO-ATM: ProducerConnection (bondLevelMax):         2
20260731 082136.636 INFO             PET0 MED-TO-ATM: InitializeIPDv05p2a extro.
20260731 082136.640 INFO             PET0 MED-TO-ATM: InitializeIPDv05p2b intro.
20260731 082136.640 INFO             PET0   MED-TO-ATM:      importStandardNameList(i=  1): sea_surface_temperature
20260731 082136.640 INFO             PET0   MED-TO-ATM:         importNamespaceList(i=  1): MED:ATM
20260731 082136.640 INFO             PET0   MED-TO-ATM:            importCplSetList(i=  1): __UNSPECIFIED__
20260731 082136.641 INFO             PET0   MED-TO-ATM:      exportStandardNameList(j=  1): sea_surface_temperature
20260731 082136.641 INFO             PET0   MED-TO-ATM:         exportNamespaceList(j=  1): ATM
20260731 082136.641 INFO             PET0   MED-TO-ATM:            exportCplSetList(j=  1): __UNSPECIFIED__
20260731 082136.641 INFO             PET0   MED-TO-ATM: bondLevel= 2
20260731 082136.641 INFO             PET0 MED-TO-ATM: InitializeIPDv05p2b extro.
20260731 082136.642 INFO             PET0 esm: IInitModifyCplLists intro.
20260731 082136.644 INFO             PET0 esm: IInitModifyCplLists extro.
20260731 082136.648 INFO             PET0 MED-TO-ATM: InitializeIPDv05p3 intro.
20260731 082136.649 INFO             PET0   MED-TO-ATM: handle cplList(1): sea_surface_temperature, cplSetList(1): __UNSPECIFIED__
20260731 082136.649 INFO             PET0   MED-TO-ATM: - connected.
20260731 082136.650 INFO             PET0 MED-TO-ATM: InitializeIPDv05p3 extro.
20260731 082136.652 INFO             PET0 esm: InitializeIPDv02p3 intro.
20260731 082136.652 INFO             PET0   esm: IInitCheck intro.
20260731 082136.652 INFO             PET0   esm: IInitCheck extro.
20260731 082136.696 INFO             PET0   MED-TO-ATM: InitializeIPDv05p4 intro.
20260731 082136.697 INFO             PET0     MED-TO-ATM: handle cplList(1): sea_surface_temperature, cplSetList(1): __UNSPECIFIED__
20260731 082136.697 INFO             PET0     MED-TO-ATM: - nothing shared or transferred
20260731 082136.697 INFO             PET0   MED-TO-ATM: InitializeIPDv05p4 extro.
20260731 082136.702 INFO             PET0   MED-TO-ATM: InitializeIPDv05p5 intro.
20260731 082136.703 INFO             PET0     MED-TO-ATM: handle cplList(1): sea_surface_temperature, cplSetList(1): __UNSPECIFIED__
20260731 082136.703 INFO             PET0     MED-TO-ATM: - nothing shared or transferred, or may already be handled
20260731 082136.703 INFO             PET0   MED-TO-ATM: InitializeIPDv05p5 extro.
20260731 082136.705 INFO             PET0   esm: IInitRealize intro.
20260731 082136.705 INFO             PET0   esm: IInitRealize extro.
20260731 082136.707 INFO             PET0   MED-TO-ATM: InitializeIPDv05p6a intro.
20260731 082136.707 INFO             PET0   MED-TO-ATM: InitializeIPDv05p6a extro.
20260731 082137.616 INFO             PET0   MED-TO-ATM: InitializeIPDv05p6b intro.
20260731 082137.617 INFO             PET0     MED-TO-ATM: handle cplList(1): sea_surface_temperature, cplSetList(1): __UNSPECIFIED__
20260731 082137.617 INFO             PET0     MED-TO-ATM: - no Field sharing between import and export side: remap.
20260731 082137.618 DEBUG            PET0     ESMF_FieldBundleRegridStorePair(): srcField: sst dimCount= 2 rank= 2
20260731 082137.618 DEBUG            PET0     ESMF_FieldBundleRegridStorePair(): dstField: sst dimCount= 2 rank= 2
20260731 082137.618 DEBUG            PET0     ESMF_FieldBundleRegridStorePair(): Inside 'rhReuse' branch!
20260731 082137.618 DEBUG            PET0     ESMF_FieldBundleRegridStorePair(): srcGeomtype==ESMF_GEOMTYPE_GRID dimCount= 2
20260731 082137.618 DEBUG            PET0     ESMF_FieldBundleRegridStorePair(): dstGeomtype==ESMF_GEOMTYPE_GRID dimCount= 2
20260731 082137.618 DEBUG            PET0     ESMF_FieldBundleRegridStorePair(): no rhListMatch -> pre-compute new remapping!
20260731 082137.618 DEBUG            PET0     ESMF_FieldBundleRegridStorePair(): must precompute full regridding!
20260731 082137.696 INFO             PET0     MED-TO-ATM: called default label_ComputeRouteHandle
20260731 082137.696 INFO             PET0      DetermineSrcDstOverlap: sst, srcLocalPet=           0
20260731 082137.696 INFO             PET0      DetermineSrcDstOverlap: sst, dstLocalPet=           0
20260731 082137.696 INFO             PET0      DetermineSrcDstOverlap: srcDstOverlap= T
20260731 082137.696 INFO             PET0      BuildUpdatePackets: sst, srcLocalPet=           0
20260731 082137.696 INFO             PET0      BuildUpdatePackets: sst, dstLocalPet=           0
20260731 082137.696 INFO             PET0      creating new UpdatePacket for srcPetCount=           4  dstPetCount=           4
20260731 082137.696 INFO             PET0      upE%sendToPets list of size 1 :
20260731 082137.696 INFO             PET0           0
20260731 082137.696 INFO             PET0      upE%recvFromPet=           0
20260731 082137.696 INFO             PET0      after field add, now upE%fieldCount=           1
20260731 082137.696 INFO             PET0      BuildUpdatePackets: final UpdatePacket count=           1
20260731 082137.696 INFO             PET0   MED-TO-ATM: InitializeIPDv05p6b extro.
20260731 082139.142 INFO             PET0 esm: InitializeIPDv02p3 extro.
20260731 082139.142 INFO             PET0 esm: InitializeIPDv02p5 intro.
20260731 082139.143 INFO             PET0   esm: InitializeIPDv02p5Data intro.
20260731 082139.143 INFO             PET0     esm: InternalInitializeComplete intro.
20260731 082139.143 INFO             PET0     esm: InternalInitializeComplete extro.
20260731 082139.151 INFO             PET0     esm: loopDataDependentInitialize intro.
20260731 082139.151 INFO             PET0     esm: loopDataDependentInitialize extro.
20260731 082139.151 INFO             PET0   esm: InitializeIPDv02p5Data extro.
20260731 082139.151 INFO             PET0 esm: InitializeIPDv02p5 extro.
20260731 082139.152 INFO             PET0 esm: Run intro.
20260731 082139.152 INFO             PET0   >>>esm: entered Run (phase=RunPhase1) with current time: 2010  6  1  0  0  0   0
20260731 082139.152 INFO             PET0   esm: after lable_SetRunClock, current time: 2010  6  1  0  0  0   0
20260731 082139.152 INFO             PET0   esm: begin -------> RunSequence.
20260731 082139.152 INFO             PET0     esm: RunSequence event loopLevel=   2  levelMember=   1  loopIteration=   1, current time: 2010  6  1  0  0  0   0
20260731 082139.152 INFO             PET0     ------>Advancing MED from: 2010  6  1  0  0  0   0
20260731 082139.153 INFO             PET0     ---------------------> to: 2010  6  1  0  1 40   0
20260731 082139.154 INFO             PET0     MED-TO-ATM: Run intro.
20260731 082139.155 INFO             PET0     MED-TO-ATM: Run extro.
20260731 082139.155 INFO             PET0     ------>Advancing ATM from: 2010  6  1  0  0  0   0
20260731 082139.155 INFO             PET0     ---------------------> to: 2010  6  1  0  1 40   0
20260731 082139.156 INFO             PET0     ------>Advancing OCN from: 2010  6  1  0  0  0   0
20260731 082139.156 INFO             PET0     ---------------------> to: 2010  6  1  0  1 40   0
20260731 082139.157 INFO             PET0     esm: RunSequence event loopLevel=   2  levelMember=   1  loopIteration=   2, current time: 2010  6  1  0  1 40   0
20260731 082139.158 INFO             PET0     ------>Advancing MED from: 2010  6  1  0  1 40   0
20260731 082139.158 INFO             PET0     ---------------------> to: 2010  6  1  0  3 20   0
20260731 082139.159 INFO             PET0     MED-TO-ATM: Run intro.
20260731 082139.159 INFO             PET0     MED-TO-ATM: Run extro.
20260731 082139.160 INFO             PET0     ------>Advancing ATM from: 2010  6  1  0  1 40   0
20260731 082139.160 INFO             PET0     ---------------------> to: 2010  6  1  0  3 20   0
20260731 082139.160 INFO             PET0     ------>Advancing OCN from: 2010  6  1  0  1 40   0
20260731 082139.160 INFO             PET0     ---------------------> to: 2010  6  1  0  3 20   0
20260731 082139.162 INFO             PET0     esm: RunSequence event loopLevel=   1  levelMember=   1  loopIteration=   1, current time: 2010  6  1  0  0  0   0
20260731 082139.162 INFO             PET0     MED-TO-ATM: Run intro.
20260731 082139.162 INFO             PET0     MED-TO-ATM: Run extro.
20260731 082139.163 INFO             PET0     esm: RunSequence event loopLevel=   2  levelMember=   2  loopIteration=   1, current time: 2010  6  1  0  3 20   0
20260731 082139.163 INFO             PET0     ------>Advancing MED from: 2010  6  1  0  3 20   0
20260731 082139.163 INFO             PET0     ---------------------> to: 2010  6  1  0  5  0   0
20260731 082139.163 INFO             PET0     MED-TO-ATM: Run intro.
20260731 082139.164 INFO             PET0     MED-TO-ATM: Run extro.
20260731 082139.165 INFO             PET0     ------>Advancing ATM from: 2010  6  1  0  3 20   0
20260731 082139.165 INFO             PET0     ---------------------> to: 2010  6  1  0  5  0   0
20260731 082139.166 INFO             PET0     ------>Advancing OCN from: 2010  6  1  0  3 20   0
20260731 082139.166 INFO             PET0     ---------------------> to: 2010  6  1  0  5  0   0
20260731 082139.167 INFO             PET0     esm: RunSequence event loopLevel=   2  levelMember=   2  loopIteration=   2, current time: 2010  6  1  0  5  0   0
20260731 082139.168 INFO             PET0     ------>Advancing MED from: 2010  6  1  0  5  0   0
20260731 082139.168 INFO             PET0     ---------------------> to: 2010  6  1  0  6 40   0
20260731 082139.168 INFO             PET0     MED-TO-ATM: Run intro.
20260731 082139.169 INFO             PET0     MED-TO-ATM: Run extro.
20260731 082139.170 INFO             PET0     ------>Advancing ATM from: 2010  6  1  0  5  0   0
20260731 082139.170 INFO             PET0     ---------------------> to: 2010  6  1  0  6 40   0
20260731 082139.170 INFO             PET0     ------>Advancing OCN from: 2010  6  1  0  5  0   0
20260731 082139.171 INFO             PET0     ---------------------> to: 2010  6  1  0  6 40   0
20260731 082139.172 INFO             PET0     esm: RunSequence event loopLevel=   2  levelMember=   2  loopIteration=   3, current time: 2010  6  1  0  6 40   0
20260731 082139.172 INFO             PET0     ------>Advancing MED from: 2010  6  1  0  6 40   0
20260731 082139.172 INFO             PET0     ---------------------> to: 2010  6  1  0  8 20   0
20260731 082139.173 INFO             PET0     MED-TO-ATM: Run intro.
20260731 082139.173 INFO             PET0     MED-TO-ATM: Run extro.
20260731 082139.175 INFO             PET0     ------>Advancing ATM from: 2010  6  1  0  6 40   0
20260731 082139.175 INFO             PET0     ---------------------> to: 2010  6  1  0  8 20   0
20260731 082139.175 INFO             PET0     ------>Advancing OCN from: 2010  6  1  0  6 40   0
20260731 082139.175 INFO             PET0     ---------------------> to: 2010  6  1  0  8 20   0
20260731 082139.177 INFO             PET0     esm: RunSequence event loopLevel=   2  levelMember=   2  loopIteration=   4, current time: 2010  6  1  0  8 20   0
20260731 082139.177 INFO             PET0     ------>Advancing MED from: 2010  6  1  0  8 20   0
20260731 082139.177 INFO             PET0     ---------------------> to: 2010  6  1  0 10  0   0
20260731 082139.177 INFO             PET0     MED-TO-ATM: Run intro.
20260731 082139.178 INFO             PET0     MED-TO-ATM: Run extro.
20260731 082139.179 INFO             PET0     ------>Advancing ATM from: 2010  6  1  0  8 20   0
20260731 082139.179 INFO             PET0     ---------------------> to: 2010  6  1  0 10  0   0
20260731 082139.180 INFO             PET0     ------>Advancing OCN from: 2010  6  1  0  8 20   0
20260731 082139.180 INFO             PET0     ---------------------> to: 2010  6  1  0 10  0   0
20260731 082139.181 INFO             PET0     esm: RunSequence event loopLevel=   2  levelMember=   2  loopIteration=   5, current time: 2010  6  1  0 10  0   0
20260731 082139.182 INFO             PET0     ------>Advancing MED from: 2010  6  1  0 10  0   0
20260731 082139.182 INFO             PET0     ---------------------> to: 2010  6  1  0 11 40   0
20260731 082139.182 INFO             PET0     MED-TO-ATM: Run intro.
20260731 082139.182 INFO             PET0     MED-TO-ATM: Run extro.
20260731 082139.184 INFO             PET0     ------>Advancing ATM from: 2010  6  1  0 10  0   0
20260731 082139.184 INFO             PET0     ---------------------> to: 2010  6  1  0 11 40   0
20260731 082139.184 INFO             PET0     ------>Advancing OCN from: 2010  6  1  0 10  0   0
20260731 082139.184 INFO             PET0     ---------------------> to: 2010  6  1  0 11 40   0
20260731 082139.186 INFO             PET0     esm: RunSequence event loopLevel=   2  levelMember=   2  loopIteration=   6, current time: 2010  6  1  0 11 40   0
20260731 082139.186 INFO             PET0     ------>Advancing MED from: 2010  6  1  0 11 40   0
20260731 082139.186 INFO             PET0     ---------------------> to: 2010  6  1  0 13 20   0
20260731 082139.187 INFO             PET0     MED-TO-ATM: Run intro.
20260731 082139.187 INFO             PET0     MED-TO-ATM: Run extro.
20260731 082139.188 INFO             PET0     ------>Advancing ATM from: 2010  6  1  0 11 40   0
20260731 082139.188 INFO             PET0     ---------------------> to: 2010  6  1  0 13 20   0
20260731 082139.189 INFO             PET0     ------>Advancing OCN from: 2010  6  1  0 11 40   0
20260731 082139.189 INFO             PET0     ---------------------> to: 2010  6  1  0 13 20   0
20260731 082139.191 INFO             PET0     esm: RunSequence event loopLevel=   2  levelMember=   2  loopIteration=   7, current time: 2010  6  1  0 13 20   0
20260731 082139.191 INFO             PET0     ------>Advancing MED from: 2010  6  1  0 13 20   0
20260731 082139.191 INFO             PET0     ---------------------> to: 2010  6  1  0 15  0   0
20260731 082139.191 INFO             PET0     MED-TO-ATM: Run intro.
20260731 082139.192 INFO             PET0     MED-TO-ATM: Run extro.
20260731 082139.193 INFO             PET0     ------>Advancing ATM from: 2010  6  1  0 13 20   0
20260731 082139.193 INFO             PET0     ---------------------> to: 2010  6  1  0 15  0   0
20260731 082139.194 INFO             PET0     ------>Advancing OCN from: 2010  6  1  0 13 20   0
20260731 082139.194 INFO             PET0     ---------------------> to: 2010  6  1  0 15  0   0
20260731 082139.195 INFO             PET0     esm: RunSequence event loopLevel=   1  levelMember=   1  loopIteration=   1, current time: 2010  6  1  0  0  0   0
20260731 082139.196 INFO             PET0     esm: RunSequence event loopLevel=   1  levelMember=   1  loopIteration=   2, current time: 2010  6  1  0 15  0   0
20260731 082139.196 INFO             PET0     esm: RunSequence event loopLevel=   2  levelMember=   1  loopIteration=   1, current time: 2010  6  1  0 15  0   0
20260731 082139.197 INFO             PET0     ------>Advancing MED from: 2010  6  1  0 15  0   0
20260731 082139.197 INFO             PET0     ---------------------> to: 2010  6  1  0 16 40   0
20260731 082139.198 INFO             PET0     MED-TO-ATM: Run intro.
20260731 082139.198 INFO             PET0     MED-TO-ATM: Run extro.
20260731 082139.199 INFO             PET0     ------>Advancing ATM from: 2010  6  1  0 15  0   0
20260731 082139.199 INFO             PET0     ---------------------> to: 2010  6  1  0 16 40   0
20260731 082139.199 INFO             PET0     ------>Advancing OCN from: 2010  6  1  0 15  0   0
20260731 082139.199 INFO             PET0     ---------------------> to: 2010  6  1  0 16 40   0
20260731 082139.201 INFO             PET0     esm: RunSequence event loopLevel=   2  levelMember=   1  loopIteration=   2, current time: 2010  6  1  0 16 40   0
20260731 082139.201 INFO             PET0     ------>Advancing MED from: 2010  6  1  0 16 40   0
20260731 082139.201 INFO             PET0     ---------------------> to: 2010  6  1  0 18 20   0
20260731 082139.203 INFO             PET0     MED-TO-ATM: Run intro.
20260731 082139.203 INFO             PET0     MED-TO-ATM: Run extro.
20260731 082139.203 INFO             PET0     ------>Advancing ATM from: 2010  6  1  0 16 40   0
20260731 082139.203 INFO             PET0     ---------------------> to: 2010  6  1  0 18 20   0
20260731 082139.204 INFO             PET0     ------>Advancing OCN from: 2010  6  1  0 16 40   0
20260731 082139.204 INFO             PET0     ---------------------> to: 2010  6  1  0 18 20   0
20260731 082139.205 INFO             PET0     esm: RunSequence event loopLevel=   2  levelMember=   1  loopIteration=   3, current time: 2010  6  1  0 18 20   0
20260731 082139.206 INFO             PET0     ------>Advancing MED from: 2010  6  1  0 18 20   0
20260731 082139.206 INFO             PET0     ---------------------> to: 2010  6  1  0 20  0   0
20260731 082139.207 INFO             PET0     MED-TO-ATM: Run intro.
20260731 082139.207 INFO             PET0     MED-TO-ATM: Run extro.
20260731 082139.208 INFO             PET0     ------>Advancing ATM from: 2010  6  1  0 18 20   0
20260731 082139.208 INFO             PET0     ---------------------> to: 2010  6  1  0 20  0   0
20260731 082139.209 INFO             PET0     ------>Advancing OCN from: 2010  6  1  0 18 20   0
20260731 082139.209 INFO             PET0     ---------------------> to: 2010  6  1  0 20  0   0
20260731 082139.210 INFO             PET0     esm: RunSequence event loopLevel=   2  levelMember=   1  loopIteration=   4, current time: 2010  6  1  0 20  0   0
20260731 082139.211 INFO             PET0     ------>Advancing MED from: 2010  6  1  0 20  0   0
20260731 082139.211 INFO             PET0     ---------------------> to: 2010  6  1  0 21 40   0
20260731 082139.212 INFO             PET0     MED-TO-ATM: Run intro.
20260731 082139.212 INFO             PET0     MED-TO-ATM: Run extro.
20260731 082139.213 INFO             PET0     ------>Advancing ATM from: 2010  6  1  0 20  0   0
20260731 082139.213 INFO             PET0     ---------------------> to: 2010  6  1  0 21 40   0
20260731 082139.213 INFO             PET0     ------>Advancing OCN from: 2010  6  1  0 20  0   0
20260731 082139.213 INFO             PET0     ---------------------> to: 2010  6  1  0 21 40   0
20260731 082139.215 INFO             PET0     esm: RunSequence event loopLevel=   2  levelMember=   1  loopIteration=   5, current time: 2010  6  1  0 21 40   0
20260731 082139.215 INFO             PET0     ------>Advancing MED from: 2010  6  1  0 21 40   0
20260731 082139.215 INFO             PET0     ---------------------> to: 2010  6  1  0 23 20   0
20260731 082139.217 INFO             PET0     MED-TO-ATM: Run intro.
20260731 082139.217 INFO             PET0     MED-TO-ATM: Run extro.
20260731 082139.217 INFO             PET0     ------>Advancing ATM from: 2010  6  1  0 21 40   0
20260731 082139.217 INFO             PET0     ---------------------> to: 2010  6  1  0 23 20   0
20260731 082139.218 INFO             PET0     ------>Advancing OCN from: 2010  6  1  0 21 40   0
20260731 082139.218 INFO             PET0     ---------------------> to: 2010  6  1  0 23 20   0
20260731 082139.219 INFO             PET0     esm: RunSequence event loopLevel=   2  levelMember=   1  loopIteration=   6, current time: 2010  6  1  0 23 20   0
20260731 082139.220 INFO             PET0     ------>Advancing MED from: 2010  6  1  0 23 20   0
20260731 082139.220 INFO             PET0     ---------------------> to: 2010  6  1  0 25  0   0
20260731 082139.221 INFO             PET0     MED-TO-ATM: Run intro.
20260731 082139.221 INFO             PET0     MED-TO-ATM: Run extro.
20260731 082139.222 INFO             PET0     ------>Advancing ATM from: 2010  6  1  0 23 20   0
20260731 082139.222 INFO             PET0     ---------------------> to: 2010  6  1  0 25  0   0
20260731 082139.223 INFO             PET0     ------>Advancing OCN from: 2010  6  1  0 23 20   0
20260731 082139.223 INFO             PET0     ---------------------> to: 2010  6  1  0 25  0   0
20260731 082139.224 INFO             PET0     esm: RunSequence event loopLevel=   2  levelMember=   1  loopIteration=   7, current time: 2010  6  1  0 25  0   0
20260731 082139.224 INFO             PET0     ------>Advancing MED from: 2010  6  1  0 25  0   0
20260731 082139.224 INFO             PET0     ---------------------> to: 2010  6  1  0 26 40   0
20260731 082139.226 INFO             PET0     MED-TO-ATM: Run intro.
20260731 082139.226 INFO             PET0     MED-TO-ATM: Run extro.
20260731 082139.227 INFO             PET0     ------>Advancing ATM from: 2010  6  1  0 25  0   0
20260731 082139.227 INFO             PET0     ---------------------> to: 2010  6  1  0 26 40   0
20260731 082139.227 INFO             PET0     ------>Advancing OCN from: 2010  6  1  0 25  0   0
20260731 082139.227 INFO             PET0     ---------------------> to: 2010  6  1  0 26 40   0
20260731 082139.229 INFO             PET0     esm: RunSequence event loopLevel=   2  levelMember=   1  loopIteration=   8, current time: 2010  6  1  0 26 40   0
20260731 082139.229 INFO             PET0     ------>Advancing MED from: 2010  6  1  0 26 40   0
20260731 082139.229 INFO             PET0     ---------------------> to: 2010  6  1  0 28 20   0
20260731 082139.230 INFO             PET0     MED-TO-ATM: Run intro.
20260731 082139.231 INFO             PET0     MED-TO-ATM: Run extro.
20260731 082139.231 INFO             PET0     ------>Advancing ATM from: 2010  6  1  0 26 40   0
20260731 082139.231 INFO             PET0     ---------------------> to: 2010  6  1  0 28 20   0
20260731 082139.232 INFO             PET0     ------>Advancing OCN from: 2010  6  1  0 26 40   0
20260731 082139.232 INFO             PET0     ---------------------> to: 2010  6  1  0 28 20   0
20260731 082139.233 INFO             PET0     esm: RunSequence event loopLevel=   2  levelMember=   1  loopIteration=   9, current time: 2010  6  1  0 28 20   0
20260731 082139.234 INFO             PET0     ------>Advancing MED from: 2010  6  1  0 28 20   0
20260731 082139.234 INFO             PET0     ---------------------> to: 2010  6  1  0 30  0   0
20260731 082139.235 INFO             PET0     MED-TO-ATM: Run intro.
20260731 082139.235 INFO             PET0     MED-TO-ATM: Run extro.
20260731 082139.236 INFO             PET0     ------>Advancing ATM from: 2010  6  1  0 28 20   0
20260731 082139.236 INFO             PET0     ---------------------> to: 2010  6  1  0 30  0   0
20260731 082139.236 INFO             PET0     ------>Advancing OCN from: 2010  6  1  0 28 20   0
20260731 082139.236 INFO             PET0     ---------------------> to: 2010  6  1  0 30  0   0
20260731 082139.238 INFO             PET0     esm: RunSequence event loopLevel=   1  levelMember=   1  loopIteration=   2, current time: 2010  6  1  0 15  0   0
20260731 082139.238 INFO             PET0     MED-TO-ATM: Run intro.
20260731 082139.239 INFO             PET0     MED-TO-ATM: Run extro.
20260731 082139.239 INFO             PET0     esm: RunSequence event loopLevel=   2  levelMember=   2  loopIteration=   1, current time: 2010  6  1  0 30  0   0
20260731 082139.239 INFO             PET0     ------>Advancing MED from: 2010  6  1  0 30  0   0
20260731 082139.239 INFO             PET0     ---------------------> to: 2010  6  1  0 31 40   0
20260731 082139.240 INFO             PET0     MED-TO-ATM: Run intro.
20260731 082139.240 INFO             PET0     MED-TO-ATM: Run extro.
20260731 082139.241 INFO             PET0     ------>Advancing ATM from: 2010  6  1  0 30  0   0
20260731 082139.241 INFO             PET0     ---------------------> to: 2010  6  1  0 31 40   0
20260731 082139.242 INFO             PET0     OCN: detected import field at invalidTime
20260731 082139.242 INFO             PET0     OCN: detected import field at invalidTime
20260731 082139.242 INFO             PET0     ------>Advancing OCN from: 2010  6  1  0 30  0   0
20260731 082139.242 INFO             PET0     ---------------------> to: 2010  6  1  0 31 40   0
20260731 082139.243 INFO             PET0     esm: RunSequence event loopLevel=   2  levelMember=   2  loopIteration=   2, current time: 2010  6  1  0 31 40   0
20260731 082139.244 INFO             PET0     ------>Advancing MED from: 2010  6  1  0 31 40   0
20260731 082139.244 INFO             PET0     ---------------------> to: 2010  6  1  0 33 20   0
20260731 082139.244 INFO             PET0     MED-TO-ATM: Run intro.
20260731 082139.245 INFO             PET0     MED-TO-ATM: Run extro.
20260731 082139.246 INFO             PET0     ------>Advancing ATM from: 2010  6  1  0 31 40   0
20260731 082139.246 INFO             PET0     ---------------------> to: 2010  6  1  0 33 20   0
20260731 082139.247 INFO             PET0     ------>Advancing OCN from: 2010  6  1  0 31 40   0
20260731 082139.247 INFO             PET0     ---------------------> to: 2010  6  1  0 33 20   0
20260731 082139.248 INFO             PET0     esm: RunSequence event loopLevel=   2  levelMember=   2  loopIteration=   3, current time: 2010  6  1  0 33 20   0
20260731 082139.248 INFO             PET0     ------>Advancing MED from: 2010  6  1  0 33 20   0
20260731 082139.248 INFO             PET0     ---------------------> to: 2010  6  1  0 35  0   0
20260731 082139.249 INFO             PET0     MED-TO-ATM: Run intro.
20260731 082139.249 INFO             PET0     MED-TO-ATM: Run extro.
20260731 082139.251 INFO             PET0     ------>Advancing ATM from: 2010  6  1  0 33 20   0
20260731 082139.251 INFO             PET0     ---------------------> to: 2010  6  1  0 35  0   0
20260731 082139.251 INFO             PET0     ------>Advancing OCN from: 2010  6  1  0 33 20   0
20260731 082139.251 INFO             PET0     ---------------------> to: 2010  6  1  0 35  0   0
20260731 082139.253 INFO             PET0     esm: RunSequence event loopLevel=   2  levelMember=   2  loopIteration=   4, current time: 2010  6  1  0 35  0   0
20260731 082139.253 INFO             PET0     ------>Advancing MED from: 2010  6  1  0 35  0   0
20260731 082139.253 INFO             PET0     ---------------------> to: 2010  6  1  0 36 40   0
20260731 082139.253 INFO             PET0     MED-TO-ATM: Run intro.
20260731 082139.254 INFO             PET0     MED-TO-ATM: Run extro.
20260731 082139.255 INFO             PET0     ------>Advancing ATM from: 2010  6  1  0 35  0   0
20260731 082139.255 INFO             PET0     ---------------------> to: 2010  6  1  0 36 40   0
20260731 082139.256 INFO             PET0     ------>Advancing OCN from: 2010  6  1  0 35  0   0
20260731 082139.256 INFO             PET0     ---------------------> to: 2010  6  1  0 36 40   0
20260731 082139.257 INFO             PET0     esm: RunSequence event loopLevel=   2  levelMember=   2  loopIteration=   5, current time: 2010  6  1  0 36 40   0
20260731 082139.258 INFO             PET0     ------>Advancing MED from: 2010  6  1  0 36 40   0
20260731 082139.258 INFO             PET0     ---------------------> to: 2010  6  1  0 38 20   0
20260731 082139.258 INFO             PET0     MED-TO-ATM: Run intro.
20260731 082139.258 INFO             PET0     MED-TO-ATM: Run extro.
20260731 082139.260 INFO             PET0     ------>Advancing ATM from: 2010  6  1  0 36 40   0
20260731 082139.260 INFO             PET0     ---------------------> to: 2010  6  1  0 38 20   0
20260731 082139.260 INFO             PET0     ------>Advancing OCN from: 2010  6  1  0 36 40   0
20260731 082139.260 INFO             PET0     ---------------------> to: 2010  6  1  0 38 20   0
20260731 082139.262 INFO             PET0     esm: RunSequence event loopLevel=   2  levelMember=   2  loopIteration=   6, current time: 2010  6  1  0 38 20   0
20260731 082139.262 INFO             PET0     ------>Advancing MED from: 2010  6  1  0 38 20   0
20260731 082139.262 INFO             PET0     ---------------------> to: 2010  6  1  0 40  0   0
20260731 082139.263 INFO             PET0     MED-TO-ATM: Run intro.
20260731 082139.263 INFO             PET0     MED-TO-ATM: Run extro.
20260731 082139.265 INFO             PET0     ------>Advancing ATM from: 2010  6  1  0 38 20   0
20260731 082139.265 INFO             PET0     ---------------------> to: 2010  6  1  0 40  0   0
20260731 082139.265 INFO             PET0     ------>Advancing OCN from: 2010  6  1  0 38 20   0
20260731 082139.265 INFO             PET0     ---------------------> to: 2010  6  1  0 40  0   0
20260731 082139.267 INFO             PET0     esm: RunSequence event loopLevel=   2  levelMember=   2  loopIteration=   7, current time: 2010  6  1  0 40  0   0
20260731 082139.267 INFO             PET0     ------>Advancing MED from: 2010  6  1  0 40  0   0
20260731 082139.267 INFO             PET0     ---------------------> to: 2010  6  1  0 41 40   0
20260731 082139.267 INFO             PET0     MED-TO-ATM: Run intro.
20260731 082139.268 INFO             PET0     MED-TO-ATM: Run extro.
20260731 082139.269 INFO             PET0     ------>Advancing ATM from: 2010  6  1  0 40  0   0
20260731 082139.269 INFO             PET0     ---------------------> to: 2010  6  1  0 41 40   0
20260731 082139.270 INFO             PET0     ------>Advancing OCN from: 2010  6  1  0 40  0   0
20260731 082139.270 INFO             PET0     ---------------------> to: 2010  6  1  0 41 40   0
20260731 082139.271 INFO             PET0     esm: RunSequence event loopLevel=   2  levelMember=   2  loopIteration=   8, current time: 2010  6  1  0 41 40   0
20260731 082139.272 INFO             PET0     ------>Advancing MED from: 2010  6  1  0 41 40   0
20260731 082139.272 INFO             PET0     ---------------------> to: 2010  6  1  0 43 20   0
20260731 082139.272 INFO             PET0     MED-TO-ATM: Run intro.
20260731 082139.272 INFO             PET0     MED-TO-ATM: Run extro.
20260731 082139.274 INFO             PET0     ------>Advancing ATM from: 2010  6  1  0 41 40   0
20260731 082139.274 INFO             PET0     ---------------------> to: 2010  6  1  0 43 20   0
20260731 082139.274 INFO             PET0     ------>Advancing OCN from: 2010  6  1  0 41 40   0
20260731 082139.274 INFO             PET0     ---------------------> to: 2010  6  1  0 43 20   0
20260731 082139.276 INFO             PET0     esm: RunSequence event loopLevel=   2  levelMember=   2  loopIteration=   9, current time: 2010  6  1  0 43 20   0
20260731 082139.276 INFO             PET0     ------>Advancing MED from: 2010  6  1  0 43 20   0
20260731 082139.276 INFO             PET0     ---------------------> to: 2010  6  1  0 45  0   0
20260731 082139.277 INFO             PET0     MED-TO-ATM: Run intro.
20260731 082139.277 INFO             PET0     MED-TO-ATM: Run extro.
20260731 082139.279 INFO             PET0     ------>Advancing ATM from: 2010  6  1  0 43 20   0
20260731 082139.279 INFO             PET0     ---------------------> to: 2010  6  1  0 45  0   0
20260731 082139.279 INFO             PET0     ------>Advancing OCN from: 2010  6  1  0 43 20   0
20260731 082139.279 INFO             PET0     ---------------------> to: 2010  6  1  0 45  0   0
20260731 082139.281 INFO             PET0     esm: RunSequence event loopLevel=   1  levelMember=   1  loopIteration=   2, current time: 2010  6  1  0 15  0   0
20260731 082139.281 INFO             PET0   esm: end <--------- RunSequence
20260731 082139.281 INFO             PET0   <<<esm: leaving Run (phase=RunPhase1) with current time: 2010  6  1  0 30  0   0
20260731 082139.281 INFO             PET0 esm: Run extro.
20260731 082139.282 INFO             PET0 esm: Finalize intro.
20260731 082139.283 INFO             PET0   MED-TO-ATM: Finalize intro.
20260731 082139.283 INFO             PET0   MED-TO-ATM: Finalize extro.
20260731 082139.285 INFO             PET0 esm: Finalize extro.
20260731 082139.285 INFO             PET0 esmApp FINISHED
20260731 082139.285 INFO             PET0  Finalizing ESMF
20260731 082136.447 INFO             PET1 !!!!!!!!!!!!!!!!!!!!!!!!!!!!!!!!!!!!!!!!!!!!!!!!!!!!!!
20260731 082136.447 INFO             PET1 !!! THE ESMF_LOG IS SET TO OUTPUT ALL LOG MESSAGES !!!
20260731 082136.447 INFO             PET1 !!!     THIS MAY CAUSE SLOWDOWN IN PERFORMANCE     !!!
20260731 082136.447 INFO             PET1 !!! FOR PRODUCTION RUNS, USE:                      !!!
20260731 082136.447 INFO             PET1 !!!                   ESMF_LOGKIND_Multi_On_Error  !!!
20260731 082136.447 INFO             PET1 !!!!!!!!!!!!!!!!!!!!!!!!!!!!!!!!!!!!!!!!!!!!!!!!!!!!!!
20260731 082136.447 INFO             PET1 Running with ESMF Version   : develop+g02ff1b231d
20260731 082136.447 INFO             PET1 ESMF library build date/time: "Jul 31 2026" "07:24:41"
20260731 082136.447 INFO             PET1 ESMF library build location : /scratch3/NCEPDEV/stmp/Gerhard.Theurich/ESMF-Nightly-Testing-Hera/gfortran_13.2.0_openmpi_g_develop/esmf
20260731 082136.447 INFO             PET1 ESMF_COMM                   : openmpi
20260731 082136.447 INFO             PET1 ESMF_MOAB                   : enabled
20260731 082136.447 INFO             PET1 ESMF_LAPACK                 : enabled
20260731 082136.447 INFO             PET1 ESMF_NETCDF                 : disabled
20260731 082136.447 INFO             PET1 ESMF_PNETCDF                : disabled
20260731 082136.447 INFO             PET1 ESMF_PIO                    : disabled
20260731 082136.447 INFO             PET1 ESMF_YAMLCPP                : enabled
20260731 082136.447 INFO             PET1 esmApp STARTING
20260731 082136.594 INFO             PET1 Reading Attributes for Connector: MED-TO-OCN
20260731 082136.594 INFO             PET1 Reading Attributes for Connector: MED-TO-ATM
20260731 082136.598 INFO             PET1 Reading Attributes for Connector: OCN-TO-MED
20260731 082136.598 INFO             PET1 Reading Attributes for Connector: ATM-TO-MED
20260731 082136.602 INFO             PET1 esm: IInitAdvertise intro.
20260731 082136.602 INFO             PET1 esm: IInitAdvertise extro.
20260731 082136.632 INFO             PET1 MED-TO-ATM: InitializeIPDv05p1 intro.
20260731 082136.632 INFO             PET1 MED-TO-ATM: InitializeIPDv05p1 extro.
20260731 082136.633 INFO             PET1 esm: IInitAdvertiseFinish intro.
20260731 082136.633 INFO             PET1 esm: IInitAdvertiseFinish extro.
20260731 082136.636 INFO             PET1 MED-TO-ATM: InitializeIPDv05p2a intro.
20260731 082136.636 INFO             PET1   MED-TO-ATM:      importStandardNameList(i=  1): sea_surface_temperature
20260731 082136.636 INFO             PET1   MED-TO-ATM:         importNamespaceList(i=  1): MED:ATM
20260731 082136.636 INFO             PET1   MED-TO-ATM:            importCplSetList(i=  1): __UNSPECIFIED__
20260731 082136.636 INFO             PET1   MED-TO-ATM:      exportStandardNameList(j=  1): sea_surface_temperature
20260731 082136.636 INFO             PET1   MED-TO-ATM:         exportNamespaceList(j=  1): ATM
20260731 082136.636 INFO             PET1   MED-TO-ATM:            exportCplSetList(j=  1): __UNSPECIFIED__
20260731 082136.636 INFO             PET1   MED-TO-ATM: bondLevel= 2
20260731 082136.636 INFO             PET1   MED-TO-ATM: ProducerConnection (bondLevelMax):         2
20260731 082136.636 INFO             PET1 MED-TO-ATM: InitializeIPDv05p2a extro.
20260731 082136.640 INFO             PET1 MED-TO-ATM: InitializeIPDv05p2b intro.
20260731 082136.640 INFO             PET1   MED-TO-ATM:      importStandardNameList(i=  1): sea_surface_temperature
20260731 082136.641 INFO             PET1   MED-TO-ATM:         importNamespaceList(i=  1): MED:ATM
20260731 082136.641 INFO             PET1   MED-TO-ATM:            importCplSetList(i=  1): __UNSPECIFIED__
20260731 082136.641 INFO             PET1   MED-TO-ATM:      exportStandardNameList(j=  1): sea_surface_temperature
20260731 082136.641 INFO             PET1   MED-TO-ATM:         exportNamespaceList(j=  1): ATM
20260731 082136.641 INFO             PET1   MED-TO-ATM:            exportCplSetList(j=  1): __UNSPECIFIED__
20260731 082136.641 INFO             PET1   MED-TO-ATM: bondLevel= 2
20260731 082136.641 INFO             PET1 MED-TO-ATM: InitializeIPDv05p2b extro.
20260731 082136.643 INFO             PET1 esm: IInitModifyCplLists intro.
20260731 082136.644 INFO             PET1 esm: IInitModifyCplLists extro.
20260731 082136.649 INFO             PET1 MED-TO-ATM: InitializeIPDv05p3 intro.
20260731 082136.649 INFO             PET1   MED-TO-ATM: handle cplList(1): sea_surface_temperature, cplSetList(1): __UNSPECIFIED__
20260731 082136.649 INFO             PET1   MED-TO-ATM: - connected.
20260731 082136.650 INFO             PET1 MED-TO-ATM: InitializeIPDv05p3 extro.
20260731 082136.652 INFO             PET1 esm: InitializeIPDv02p3 intro.
20260731 082136.652 INFO             PET1   esm: IInitCheck intro.
20260731 082136.653 INFO             PET1   esm: IInitCheck extro.
20260731 082136.696 INFO             PET1   MED-TO-ATM: InitializeIPDv05p4 intro.
20260731 082136.697 INFO             PET1     MED-TO-ATM: handle cplList(1): sea_surface_temperature, cplSetList(1): __UNSPECIFIED__
20260731 082136.697 INFO             PET1     MED-TO-ATM: - nothing shared or transferred
20260731 082136.697 INFO             PET1   MED-TO-ATM: InitializeIPDv05p4 extro.
20260731 082136.702 INFO             PET1   MED-TO-ATM: InitializeIPDv05p5 intro.
20260731 082136.703 INFO             PET1     MED-TO-ATM: handle cplList(1): sea_surface_temperature, cplSetList(1): __UNSPECIFIED__
20260731 082136.703 INFO             PET1     MED-TO-ATM: - nothing shared or transferred, or may already be handled
20260731 082136.703 INFO             PET1   MED-TO-ATM: InitializeIPDv05p5 extro.
20260731 082136.705 INFO             PET1   esm: IInitRealize intro.
20260731 082136.705 INFO             PET1   esm: IInitRealize extro.
20260731 082136.707 INFO             PET1   MED-TO-ATM: InitializeIPDv05p6a intro.
20260731 082136.707 INFO             PET1   MED-TO-ATM: InitializeIPDv05p6a extro.
20260731 082137.616 INFO             PET1   MED-TO-ATM: InitializeIPDv05p6b intro.
20260731 082137.617 INFO             PET1     MED-TO-ATM: handle cplList(1): sea_surface_temperature, cplSetList(1): __UNSPECIFIED__
20260731 082137.617 INFO             PET1     MED-TO-ATM: - no Field sharing between import and export side: remap.
20260731 082137.618 DEBUG            PET1     ESMF_FieldBundleRegridStorePair(): srcField: sst dimCount= 2 rank= 2
20260731 082137.618 DEBUG            PET1     ESMF_FieldBundleRegridStorePair(): dstField: sst dimCount= 2 rank= 2
20260731 082137.618 DEBUG            PET1     ESMF_FieldBundleRegridStorePair(): Inside 'rhReuse' branch!
20260731 082137.618 DEBUG            PET1     ESMF_FieldBundleRegridStorePair(): srcGeomtype==ESMF_GEOMTYPE_GRID dimCount= 2
20260731 082137.618 DEBUG            PET1     ESMF_FieldBundleRegridStorePair(): dstGeomtype==ESMF_GEOMTYPE_GRID dimCount= 2
20260731 082137.618 DEBUG            PET1     ESMF_FieldBundleRegridStorePair(): no rhListMatch -> pre-compute new remapping!
20260731 082137.618 DEBUG            PET1     ESMF_FieldBundleRegridStorePair(): must precompute full regridding!
20260731 082137.696 INFO             PET1     MED-TO-ATM: called default label_ComputeRouteHandle
20260731 082137.696 INFO             PET1      DetermineSrcDstOverlap: sst, srcLocalPet=           1
20260731 082137.696 INFO             PET1      DetermineSrcDstOverlap: sst, dstLocalPet=           1
20260731 082137.696 INFO             PET1      DetermineSrcDstOverlap: srcDstOverlap= T
20260731 082137.696 INFO             PET1      BuildUpdatePackets: sst, srcLocalPet=           1
20260731 082137.696 INFO             PET1      BuildUpdatePackets: sst, dstLocalPet=           1
20260731 082137.696 INFO             PET1      creating new UpdatePacket for srcPetCount=           4  dstPetCount=           4
20260731 082137.696 INFO             PET1      upE%sendToPets list of size 1 :
20260731 082137.696 INFO             PET1           1
20260731 082137.696 INFO             PET1      upE%recvFromPet=           1
20260731 082137.696 INFO             PET1      after field add, now upE%fieldCount=           1
20260731 082137.696 INFO             PET1      BuildUpdatePackets: final UpdatePacket count=           1
20260731 082137.696 INFO             PET1   MED-TO-ATM: InitializeIPDv05p6b extro.
20260731 082139.142 INFO             PET1 esm: InitializeIPDv02p3 extro.
20260731 082139.143 INFO             PET1 esm: InitializeIPDv02p5 intro.
20260731 082139.143 INFO             PET1   esm: InitializeIPDv02p5Data intro.
20260731 082139.143 INFO             PET1     esm: InternalInitializeComplete intro.
20260731 082139.143 INFO             PET1     esm: InternalInitializeComplete extro.
20260731 082139.151 INFO             PET1     esm: loopDataDependentInitialize intro.
20260731 082139.151 INFO             PET1     esm: loopDataDependentInitialize extro.
20260731 082139.151 INFO             PET1   esm: InitializeIPDv02p5Data extro.
20260731 082139.151 INFO             PET1 esm: InitializeIPDv02p5 extro.
20260731 082139.152 INFO             PET1 esm: Run intro.
20260731 082139.152 INFO             PET1   >>>esm: entered Run (phase=RunPhase1) with current time: 2010  6  1  0  0  0   0
20260731 082139.152 INFO             PET1   esm: after lable_SetRunClock, current time: 2010  6  1  0  0  0   0
20260731 082139.152 INFO             PET1   esm: begin -------> RunSequence.
20260731 082139.152 INFO             PET1     esm: RunSequence event loopLevel=   2  levelMember=   1  loopIteration=   1, current time: 2010  6  1  0  0  0   0
20260731 082139.153 INFO             PET1     ------>Advancing MED from: 2010  6  1  0  0  0   0
20260731 082139.153 INFO             PET1     ---------------------> to: 2010  6  1  0  1 40   0
20260731 082139.154 INFO             PET1     MED-TO-ATM: Run intro.
20260731 082139.155 INFO             PET1     MED-TO-ATM: Run extro.
20260731 082139.155 INFO             PET1     ------>Advancing ATM from: 2010  6  1  0  0  0   0
20260731 082139.155 INFO             PET1     ---------------------> to: 2010  6  1  0  1 40   0
20260731 082139.156 INFO             PET1     ------>Advancing OCN from: 2010  6  1  0  0  0   0
20260731 082139.156 INFO             PET1     ---------------------> to: 2010  6  1  0  1 40   0
20260731 082139.157 INFO             PET1     esm: RunSequence event loopLevel=   2  levelMember=   1  loopIteration=   2, current time: 2010  6  1  0  1 40   0
20260731 082139.158 INFO             PET1     ------>Advancing MED from: 2010  6  1  0  1 40   0
20260731 082139.158 INFO             PET1     ---------------------> to: 2010  6  1  0  3 20   0
20260731 082139.159 INFO             PET1     MED-TO-ATM: Run intro.
20260731 082139.159 INFO             PET1     MED-TO-ATM: Run extro.
20260731 082139.160 INFO             PET1     ------>Advancing ATM from: 2010  6  1  0  1 40   0
20260731 082139.160 INFO             PET1     ---------------------> to: 2010  6  1  0  3 20   0
20260731 082139.160 INFO             PET1     ------>Advancing OCN from: 2010  6  1  0  1 40   0
20260731 082139.161 INFO             PET1     ---------------------> to: 2010  6  1  0  3 20   0
20260731 082139.162 INFO             PET1     esm: RunSequence event loopLevel=   1  levelMember=   1  loopIteration=   1, current time: 2010  6  1  0  0  0   0
20260731 082139.162 INFO             PET1     MED-TO-ATM: Run intro.
20260731 082139.163 INFO             PET1     MED-TO-ATM: Run extro.
20260731 082139.163 INFO             PET1     esm: RunSequence event loopLevel=   2  levelMember=   2  loopIteration=   1, current time: 2010  6  1  0  3 20   0
20260731 082139.163 INFO             PET1     ------>Advancing MED from: 2010  6  1  0  3 20   0
20260731 082139.163 INFO             PET1     ---------------------> to: 2010  6  1  0  5  0   0
20260731 082139.164 INFO             PET1     MED-TO-ATM: Run intro.
20260731 082139.164 INFO             PET1     MED-TO-ATM: Run extro.
20260731 082139.165 INFO             PET1     ------>Advancing ATM from: 2010  6  1  0  3 20   0
20260731 082139.165 INFO             PET1     ---------------------> to: 2010  6  1  0  5  0   0
20260731 082139.166 INFO             PET1     ------>Advancing OCN from: 2010  6  1  0  3 20   0
20260731 082139.166 INFO             PET1     ---------------------> to: 2010  6  1  0  5  0   0
20260731 082139.167 INFO             PET1     esm: RunSequence event loopLevel=   2  levelMember=   2  loopIteration=   2, current time: 2010  6  1  0  5  0   0
20260731 082139.168 INFO             PET1     ------>Advancing MED from: 2010  6  1  0  5  0   0
20260731 082139.168 INFO             PET1     ---------------------> to: 2010  6  1  0  6 40   0
20260731 082139.168 INFO             PET1     MED-TO-ATM: Run intro.
20260731 082139.169 INFO             PET1     MED-TO-ATM: Run extro.
20260731 082139.170 INFO             PET1     ------>Advancing ATM from: 2010  6  1  0  5  0   0
20260731 082139.170 INFO             PET1     ---------------------> to: 2010  6  1  0  6 40   0
20260731 082139.171 INFO             PET1     ------>Advancing OCN from: 2010  6  1  0  5  0   0
20260731 082139.171 INFO             PET1     ---------------------> to: 2010  6  1  0  6 40   0
20260731 082139.172 INFO             PET1     esm: RunSequence event loopLevel=   2  levelMember=   2  loopIteration=   3, current time: 2010  6  1  0  6 40   0
20260731 082139.172 INFO             PET1     ------>Advancing MED from: 2010  6  1  0  6 40   0
20260731 082139.172 INFO             PET1     ---------------------> to: 2010  6  1  0  8 20   0
20260731 082139.173 INFO             PET1     MED-TO-ATM: Run intro.
20260731 082139.173 INFO             PET1     MED-TO-ATM: Run extro.
20260731 082139.175 INFO             PET1     ------>Advancing ATM from: 2010  6  1  0  6 40   0
20260731 082139.175 INFO             PET1     ---------------------> to: 2010  6  1  0  8 20   0
20260731 082139.175 INFO             PET1     ------>Advancing OCN from: 2010  6  1  0  6 40   0
20260731 082139.175 INFO             PET1     ---------------------> to: 2010  6  1  0  8 20   0
20260731 082139.177 INFO             PET1     esm: RunSequence event loopLevel=   2  levelMember=   2  loopIteration=   4, current time: 2010  6  1  0  8 20   0
20260731 082139.177 INFO             PET1     ------>Advancing MED from: 2010  6  1  0  8 20   0
20260731 082139.177 INFO             PET1     ---------------------> to: 2010  6  1  0 10  0   0
20260731 082139.178 INFO             PET1     MED-TO-ATM: Run intro.
20260731 082139.178 INFO             PET1     MED-TO-ATM: Run extro.
20260731 082139.179 INFO             PET1     ------>Advancing ATM from: 2010  6  1  0  8 20   0
20260731 082139.179 INFO             PET1     ---------------------> to: 2010  6  1  0 10  0   0
20260731 082139.180 INFO             PET1     ------>Advancing OCN from: 2010  6  1  0  8 20   0
20260731 082139.180 INFO             PET1     ---------------------> to: 2010  6  1  0 10  0   0
20260731 082139.181 INFO             PET1     esm: RunSequence event loopLevel=   2  levelMember=   2  loopIteration=   5, current time: 2010  6  1  0 10  0   0
20260731 082139.182 INFO             PET1     ------>Advancing MED from: 2010  6  1  0 10  0   0
20260731 082139.182 INFO             PET1     ---------------------> to: 2010  6  1  0 11 40   0
20260731 082139.182 INFO             PET1     MED-TO-ATM: Run intro.
20260731 082139.182 INFO             PET1     MED-TO-ATM: Run extro.
20260731 082139.184 INFO             PET1     ------>Advancing ATM from: 2010  6  1  0 10  0   0
20260731 082139.184 INFO             PET1     ---------------------> to: 2010  6  1  0 11 40   0
20260731 082139.185 INFO             PET1     ------>Advancing OCN from: 2010  6  1  0 10  0   0
20260731 082139.185 INFO             PET1     ---------------------> to: 2010  6  1  0 11 40   0
20260731 082139.186 INFO             PET1     esm: RunSequence event loopLevel=   2  levelMember=   2  loopIteration=   6, current time: 2010  6  1  0 11 40   0
20260731 082139.186 INFO             PET1     ------>Advancing MED from: 2010  6  1  0 11 40   0
20260731 082139.186 INFO             PET1     ---------------------> to: 2010  6  1  0 13 20   0
20260731 082139.187 INFO             PET1     MED-TO-ATM: Run intro.
20260731 082139.187 INFO             PET1     MED-TO-ATM: Run extro.
20260731 082139.189 INFO             PET1     ------>Advancing ATM from: 2010  6  1  0 11 40   0
20260731 082139.189 INFO             PET1     ---------------------> to: 2010  6  1  0 13 20   0
20260731 082139.189 INFO             PET1     ------>Advancing OCN from: 2010  6  1  0 11 40   0
20260731 082139.189 INFO             PET1     ---------------------> to: 2010  6  1  0 13 20   0
20260731 082139.191 INFO             PET1     esm: RunSequence event loopLevel=   2  levelMember=   2  loopIteration=   7, current time: 2010  6  1  0 13 20   0
20260731 082139.191 INFO             PET1     ------>Advancing MED from: 2010  6  1  0 13 20   0
20260731 082139.191 INFO             PET1     ---------------------> to: 2010  6  1  0 15  0   0
20260731 082139.191 INFO             PET1     MED-TO-ATM: Run intro.
20260731 082139.192 INFO             PET1     MED-TO-ATM: Run extro.
20260731 082139.193 INFO             PET1     ------>Advancing ATM from: 2010  6  1  0 13 20   0
20260731 082139.193 INFO             PET1     ---------------------> to: 2010  6  1  0 15  0   0
20260731 082139.194 INFO             PET1     ------>Advancing OCN from: 2010  6  1  0 13 20   0
20260731 082139.194 INFO             PET1     ---------------------> to: 2010  6  1  0 15  0   0
20260731 082139.195 INFO             PET1     esm: RunSequence event loopLevel=   1  levelMember=   1  loopIteration=   1, current time: 2010  6  1  0  0  0   0
20260731 082139.196 INFO             PET1     esm: RunSequence event loopLevel=   1  levelMember=   1  loopIteration=   2, current time: 2010  6  1  0 15  0   0
20260731 082139.196 INFO             PET1     esm: RunSequence event loopLevel=   2  levelMember=   1  loopIteration=   1, current time: 2010  6  1  0 15  0   0
20260731 082139.197 INFO             PET1     ------>Advancing MED from: 2010  6  1  0 15  0   0
20260731 082139.197 INFO             PET1     ---------------------> to: 2010  6  1  0 16 40   0
20260731 082139.198 INFO             PET1     MED-TO-ATM: Run intro.
20260731 082139.198 INFO             PET1     MED-TO-ATM: Run extro.
20260731 082139.199 INFO             PET1     ------>Advancing ATM from: 2010  6  1  0 15  0   0
20260731 082139.199 INFO             PET1     ---------------------> to: 2010  6  1  0 16 40   0
20260731 082139.199 INFO             PET1     ------>Advancing OCN from: 2010  6  1  0 15  0   0
20260731 082139.199 INFO             PET1     ---------------------> to: 2010  6  1  0 16 40   0
20260731 082139.201 INFO             PET1     esm: RunSequence event loopLevel=   2  levelMember=   1  loopIteration=   2, current time: 2010  6  1  0 16 40   0
20260731 082139.201 INFO             PET1     ------>Advancing MED from: 2010  6  1  0 16 40   0
20260731 082139.201 INFO             PET1     ---------------------> to: 2010  6  1  0 18 20   0
20260731 082139.203 INFO             PET1     MED-TO-ATM: Run intro.
20260731 082139.203 INFO             PET1     MED-TO-ATM: Run extro.
20260731 082139.203 INFO             PET1     ------>Advancing ATM from: 2010  6  1  0 16 40   0
20260731 082139.203 INFO             PET1     ---------------------> to: 2010  6  1  0 18 20   0
20260731 082139.204 INFO             PET1     ------>Advancing OCN from: 2010  6  1  0 16 40   0
20260731 082139.204 INFO             PET1     ---------------------> to: 2010  6  1  0 18 20   0
20260731 082139.205 INFO             PET1     esm: RunSequence event loopLevel=   2  levelMember=   1  loopIteration=   3, current time: 2010  6  1  0 18 20   0
20260731 082139.206 INFO             PET1     ------>Advancing MED from: 2010  6  1  0 18 20   0
20260731 082139.206 INFO             PET1     ---------------------> to: 2010  6  1  0 20  0   0
20260731 082139.207 INFO             PET1     MED-TO-ATM: Run intro.
20260731 082139.208 INFO             PET1     MED-TO-ATM: Run extro.
20260731 082139.208 INFO             PET1     ------>Advancing ATM from: 2010  6  1  0 18 20   0
20260731 082139.208 INFO             PET1     ---------------------> to: 2010  6  1  0 20  0   0
20260731 082139.209 INFO             PET1     ------>Advancing OCN from: 2010  6  1  0 18 20   0
20260731 082139.209 INFO             PET1     ---------------------> to: 2010  6  1  0 20  0   0
20260731 082139.210 INFO             PET1     esm: RunSequence event loopLevel=   2  levelMember=   1  loopIteration=   4, current time: 2010  6  1  0 20  0   0
20260731 082139.211 INFO             PET1     ------>Advancing MED from: 2010  6  1  0 20  0   0
20260731 082139.211 INFO             PET1     ---------------------> to: 2010  6  1  0 21 40   0
20260731 082139.212 INFO             PET1     MED-TO-ATM: Run intro.
20260731 082139.212 INFO             PET1     MED-TO-ATM: Run extro.
20260731 082139.213 INFO             PET1     ------>Advancing ATM from: 2010  6  1  0 20  0   0
20260731 082139.213 INFO             PET1     ---------------------> to: 2010  6  1  0 21 40   0
20260731 082139.213 INFO             PET1     ------>Advancing OCN from: 2010  6  1  0 20  0   0
20260731 082139.213 INFO             PET1     ---------------------> to: 2010  6  1  0 21 40   0
20260731 082139.215 INFO             PET1     esm: RunSequence event loopLevel=   2  levelMember=   1  loopIteration=   5, current time: 2010  6  1  0 21 40   0
20260731 082139.215 INFO             PET1     ------>Advancing MED from: 2010  6  1  0 21 40   0
20260731 082139.215 INFO             PET1     ---------------------> to: 2010  6  1  0 23 20   0
20260731 082139.217 INFO             PET1     MED-TO-ATM: Run intro.
20260731 082139.217 INFO             PET1     MED-TO-ATM: Run extro.
20260731 082139.217 INFO             PET1     ------>Advancing ATM from: 2010  6  1  0 21 40   0
20260731 082139.217 INFO             PET1     ---------------------> to: 2010  6  1  0 23 20   0
20260731 082139.218 INFO             PET1     ------>Advancing OCN from: 2010  6  1  0 21 40   0
20260731 082139.218 INFO             PET1     ---------------------> to: 2010  6  1  0 23 20   0
20260731 082139.219 INFO             PET1     esm: RunSequence event loopLevel=   2  levelMember=   1  loopIteration=   6, current time: 2010  6  1  0 23 20   0
20260731 082139.220 INFO             PET1     ------>Advancing MED from: 2010  6  1  0 23 20   0
20260731 082139.220 INFO             PET1     ---------------------> to: 2010  6  1  0 25  0   0
20260731 082139.221 INFO             PET1     MED-TO-ATM: Run intro.
20260731 082139.222 INFO             PET1     MED-TO-ATM: Run extro.
20260731 082139.222 INFO             PET1     ------>Advancing ATM from: 2010  6  1  0 23 20   0
20260731 082139.222 INFO             PET1     ---------------------> to: 2010  6  1  0 25  0   0
20260731 082139.223 INFO             PET1     ------>Advancing OCN from: 2010  6  1  0 23 20   0
20260731 082139.223 INFO             PET1     ---------------------> to: 2010  6  1  0 25  0   0
20260731 082139.224 INFO             PET1     esm: RunSequence event loopLevel=   2  levelMember=   1  loopIteration=   7, current time: 2010  6  1  0 25  0   0
20260731 082139.225 INFO             PET1     ------>Advancing MED from: 2010  6  1  0 25  0   0
20260731 082139.225 INFO             PET1     ---------------------> to: 2010  6  1  0 26 40   0
20260731 082139.226 INFO             PET1     MED-TO-ATM: Run intro.
20260731 082139.226 INFO             PET1     MED-TO-ATM: Run extro.
20260731 082139.227 INFO             PET1     ------>Advancing ATM from: 2010  6  1  0 25  0   0
20260731 082139.227 INFO             PET1     ---------------------> to: 2010  6  1  0 26 40   0
20260731 082139.227 INFO             PET1     ------>Advancing OCN from: 2010  6  1  0 25  0   0
20260731 082139.227 INFO             PET1     ---------------------> to: 2010  6  1  0 26 40   0
20260731 082139.229 INFO             PET1     esm: RunSequence event loopLevel=   2  levelMember=   1  loopIteration=   8, current time: 2010  6  1  0 26 40   0
20260731 082139.229 INFO             PET1     ------>Advancing MED from: 2010  6  1  0 26 40   0
20260731 082139.229 INFO             PET1     ---------------------> to: 2010  6  1  0 28 20   0
20260731 082139.230 INFO             PET1     MED-TO-ATM: Run intro.
20260731 082139.231 INFO             PET1     MED-TO-ATM: Run extro.
20260731 082139.231 INFO             PET1     ------>Advancing ATM from: 2010  6  1  0 26 40   0
20260731 082139.231 INFO             PET1     ---------------------> to: 2010  6  1  0 28 20   0
20260731 082139.232 INFO             PET1     ------>Advancing OCN from: 2010  6  1  0 26 40   0
20260731 082139.232 INFO             PET1     ---------------------> to: 2010  6  1  0 28 20   0
20260731 082139.233 INFO             PET1     esm: RunSequence event loopLevel=   2  levelMember=   1  loopIteration=   9, current time: 2010  6  1  0 28 20   0
20260731 082139.234 INFO             PET1     ------>Advancing MED from: 2010  6  1  0 28 20   0
20260731 082139.234 INFO             PET1     ---------------------> to: 2010  6  1  0 30  0   0
20260731 082139.235 INFO             PET1     MED-TO-ATM: Run intro.
20260731 082139.235 INFO             PET1     MED-TO-ATM: Run extro.
20260731 082139.236 INFO             PET1     ------>Advancing ATM from: 2010  6  1  0 28 20   0
20260731 082139.236 INFO             PET1     ---------------------> to: 2010  6  1  0 30  0   0
20260731 082139.237 INFO             PET1     ------>Advancing OCN from: 2010  6  1  0 28 20   0
20260731 082139.237 INFO             PET1     ---------------------> to: 2010  6  1  0 30  0   0
20260731 082139.238 INFO             PET1     esm: RunSequence event loopLevel=   1  levelMember=   1  loopIteration=   2, current time: 2010  6  1  0 15  0   0
20260731 082139.238 INFO             PET1     MED-TO-ATM: Run intro.
20260731 082139.239 INFO             PET1     MED-TO-ATM: Run extro.
20260731 082139.239 INFO             PET1     esm: RunSequence event loopLevel=   2  levelMember=   2  loopIteration=   1, current time: 2010  6  1  0 30  0   0
20260731 082139.239 INFO             PET1     ------>Advancing MED from: 2010  6  1  0 30  0   0
20260731 082139.239 INFO             PET1     ---------------------> to: 2010  6  1  0 31 40   0
20260731 082139.240 INFO             PET1     MED-TO-ATM: Run intro.
20260731 082139.240 INFO             PET1     MED-TO-ATM: Run extro.
20260731 082139.241 INFO             PET1     ------>Advancing ATM from: 2010  6  1  0 30  0   0
20260731 082139.241 INFO             PET1     ---------------------> to: 2010  6  1  0 31 40   0
20260731 082139.242 INFO             PET1     OCN: detected import field at invalidTime
20260731 082139.242 INFO             PET1     OCN: detected import field at invalidTime
20260731 082139.242 INFO             PET1     ------>Advancing OCN from: 2010  6  1  0 30  0   0
20260731 082139.242 INFO             PET1     ---------------------> to: 2010  6  1  0 31 40   0
20260731 082139.243 INFO             PET1     esm: RunSequence event loopLevel=   2  levelMember=   2  loopIteration=   2, current time: 2010  6  1  0 31 40   0
20260731 082139.244 INFO             PET1     ------>Advancing MED from: 2010  6  1  0 31 40   0
20260731 082139.244 INFO             PET1     ---------------------> to: 2010  6  1  0 33 20   0
20260731 082139.244 INFO             PET1     MED-TO-ATM: Run intro.
20260731 082139.245 INFO             PET1     MED-TO-ATM: Run extro.
20260731 082139.246 INFO             PET1     ------>Advancing ATM from: 2010  6  1  0 31 40   0
20260731 082139.246 INFO             PET1     ---------------------> to: 2010  6  1  0 33 20   0
20260731 082139.247 INFO             PET1     ------>Advancing OCN from: 2010  6  1  0 31 40   0
20260731 082139.247 INFO             PET1     ---------------------> to: 2010  6  1  0 33 20   0
20260731 082139.248 INFO             PET1     esm: RunSequence event loopLevel=   2  levelMember=   2  loopIteration=   3, current time: 2010  6  1  0 33 20   0
20260731 082139.249 INFO             PET1     ------>Advancing MED from: 2010  6  1  0 33 20   0
20260731 082139.249 INFO             PET1     ---------------------> to: 2010  6  1  0 35  0   0
20260731 082139.249 INFO             PET1     MED-TO-ATM: Run intro.
20260731 082139.249 INFO             PET1     MED-TO-ATM: Run extro.
20260731 082139.251 INFO             PET1     ------>Advancing ATM from: 2010  6  1  0 33 20   0
20260731 082139.251 INFO             PET1     ---------------------> to: 2010  6  1  0 35  0   0
20260731 082139.251 INFO             PET1     ------>Advancing OCN from: 2010  6  1  0 33 20   0
20260731 082139.251 INFO             PET1     ---------------------> to: 2010  6  1  0 35  0   0
20260731 082139.253 INFO             PET1     esm: RunSequence event loopLevel=   2  levelMember=   2  loopIteration=   4, current time: 2010  6  1  0 35  0   0
20260731 082139.253 INFO             PET1     ------>Advancing MED from: 2010  6  1  0 35  0   0
20260731 082139.253 INFO             PET1     ---------------------> to: 2010  6  1  0 36 40   0
20260731 082139.254 INFO             PET1     MED-TO-ATM: Run intro.
20260731 082139.254 INFO             PET1     MED-TO-ATM: Run extro.
20260731 082139.255 INFO             PET1     ------>Advancing ATM from: 2010  6  1  0 35  0   0
20260731 082139.255 INFO             PET1     ---------------------> to: 2010  6  1  0 36 40   0
20260731 082139.256 INFO             PET1     ------>Advancing OCN from: 2010  6  1  0 35  0   0
20260731 082139.256 INFO             PET1     ---------------------> to: 2010  6  1  0 36 40   0
20260731 082139.257 INFO             PET1     esm: RunSequence event loopLevel=   2  levelMember=   2  loopIteration=   5, current time: 2010  6  1  0 36 40   0
20260731 082139.258 INFO             PET1     ------>Advancing MED from: 2010  6  1  0 36 40   0
20260731 082139.258 INFO             PET1     ---------------------> to: 2010  6  1  0 38 20   0
20260731 082139.258 INFO             PET1     MED-TO-ATM: Run intro.
20260731 082139.259 INFO             PET1     MED-TO-ATM: Run extro.
20260731 082139.260 INFO             PET1     ------>Advancing ATM from: 2010  6  1  0 36 40   0
20260731 082139.260 INFO             PET1     ---------------------> to: 2010  6  1  0 38 20   0
20260731 082139.261 INFO             PET1     ------>Advancing OCN from: 2010  6  1  0 36 40   0
20260731 082139.261 INFO             PET1     ---------------------> to: 2010  6  1  0 38 20   0
20260731 082139.262 INFO             PET1     esm: RunSequence event loopLevel=   2  levelMember=   2  loopIteration=   6, current time: 2010  6  1  0 38 20   0
20260731 082139.262 INFO             PET1     ------>Advancing MED from: 2010  6  1  0 38 20   0
20260731 082139.262 INFO             PET1     ---------------------> to: 2010  6  1  0 40  0   0
20260731 082139.263 INFO             PET1     MED-TO-ATM: Run intro.
20260731 082139.263 INFO             PET1     MED-TO-ATM: Run extro.
20260731 082139.265 INFO             PET1     ------>Advancing ATM from: 2010  6  1  0 38 20   0
20260731 082139.265 INFO             PET1     ---------------------> to: 2010  6  1  0 40  0   0
20260731 082139.265 INFO             PET1     ------>Advancing OCN from: 2010  6  1  0 38 20   0
20260731 082139.265 INFO             PET1     ---------------------> to: 2010  6  1  0 40  0   0
20260731 082139.267 INFO             PET1     esm: RunSequence event loopLevel=   2  levelMember=   2  loopIteration=   7, current time: 2010  6  1  0 40  0   0
20260731 082139.267 INFO             PET1     ------>Advancing MED from: 2010  6  1  0 40  0   0
20260731 082139.267 INFO             PET1     ---------------------> to: 2010  6  1  0 41 40   0
20260731 082139.267 INFO             PET1     MED-TO-ATM: Run intro.
20260731 082139.268 INFO             PET1     MED-TO-ATM: Run extro.
20260731 082139.269 INFO             PET1     ------>Advancing ATM from: 2010  6  1  0 40  0   0
20260731 082139.269 INFO             PET1     ---------------------> to: 2010  6  1  0 41 40   0
20260731 082139.270 INFO             PET1     ------>Advancing OCN from: 2010  6  1  0 40  0   0
20260731 082139.270 INFO             PET1     ---------------------> to: 2010  6  1  0 41 40   0
20260731 082139.271 INFO             PET1     esm: RunSequence event loopLevel=   2  levelMember=   2  loopIteration=   8, current time: 2010  6  1  0 41 40   0
20260731 082139.272 INFO             PET1     ------>Advancing MED from: 2010  6  1  0 41 40   0
20260731 082139.272 INFO             PET1     ---------------------> to: 2010  6  1  0 43 20   0
20260731 082139.272 INFO             PET1     MED-TO-ATM: Run intro.
20260731 082139.272 INFO             PET1     MED-TO-ATM: Run extro.
20260731 082139.274 INFO             PET1     ------>Advancing ATM from: 2010  6  1  0 41 40   0
20260731 082139.274 INFO             PET1     ---------------------> to: 2010  6  1  0 43 20   0
20260731 082139.274 INFO             PET1     ------>Advancing OCN from: 2010  6  1  0 41 40   0
20260731 082139.275 INFO             PET1     ---------------------> to: 2010  6  1  0 43 20   0
20260731 082139.276 INFO             PET1     esm: RunSequence event loopLevel=   2  levelMember=   2  loopIteration=   9, current time: 2010  6  1  0 43 20   0
20260731 082139.276 INFO             PET1     ------>Advancing MED from: 2010  6  1  0 43 20   0
20260731 082139.276 INFO             PET1     ---------------------> to: 2010  6  1  0 45  0   0
20260731 082139.277 INFO             PET1     MED-TO-ATM: Run intro.
20260731 082139.277 INFO             PET1     MED-TO-ATM: Run extro.
20260731 082139.279 INFO             PET1     ------>Advancing ATM from: 2010  6  1  0 43 20   0
20260731 082139.279 INFO             PET1     ---------------------> to: 2010  6  1  0 45  0   0
20260731 082139.279 INFO             PET1     ------>Advancing OCN from: 2010  6  1  0 43 20   0
20260731 082139.279 INFO             PET1     ---------------------> to: 2010  6  1  0 45  0   0
20260731 082139.281 INFO             PET1     esm: RunSequence event loopLevel=   1  levelMember=   1  loopIteration=   2, current time: 2010  6  1  0 15  0   0
20260731 082139.281 INFO             PET1   esm: end <--------- RunSequence
20260731 082139.281 INFO             PET1   <<<esm: leaving Run (phase=RunPhase1) with current time: 2010  6  1  0 30  0   0
20260731 082139.281 INFO             PET1 esm: Run extro.
20260731 082139.282 INFO             PET1 esm: Finalize intro.
20260731 082139.283 INFO             PET1   MED-TO-ATM: Finalize intro.
20260731 082139.283 INFO             PET1   MED-TO-ATM: Finalize extro.
20260731 082139.285 INFO             PET1 esm: Finalize extro.
20260731 082139.285 INFO             PET1 esmApp FINISHED
20260731 082139.285 INFO             PET1  Finalizing ESMF
20260731 082136.446 INFO             PET2 !!!!!!!!!!!!!!!!!!!!!!!!!!!!!!!!!!!!!!!!!!!!!!!!!!!!!!
20260731 082136.446 INFO             PET2 !!! THE ESMF_LOG IS SET TO OUTPUT ALL LOG MESSAGES !!!
20260731 082136.446 INFO             PET2 !!!     THIS MAY CAUSE SLOWDOWN IN PERFORMANCE     !!!
20260731 082136.446 INFO             PET2 !!! FOR PRODUCTION RUNS, USE:                      !!!
20260731 082136.446 INFO             PET2 !!!                   ESMF_LOGKIND_Multi_On_Error  !!!
20260731 082136.446 INFO             PET2 !!!!!!!!!!!!!!!!!!!!!!!!!!!!!!!!!!!!!!!!!!!!!!!!!!!!!!
20260731 082136.446 INFO             PET2 Running with ESMF Version   : develop+g02ff1b231d
20260731 082136.446 INFO             PET2 ESMF library build date/time: "Jul 31 2026" "07:24:41"
20260731 082136.446 INFO             PET2 ESMF library build location : /scratch3/NCEPDEV/stmp/Gerhard.Theurich/ESMF-Nightly-Testing-Hera/gfortran_13.2.0_openmpi_g_develop/esmf
20260731 082136.446 INFO             PET2 ESMF_COMM                   : openmpi
20260731 082136.447 INFO             PET2 ESMF_MOAB                   : enabled
20260731 082136.447 INFO             PET2 ESMF_LAPACK                 : enabled
20260731 082136.447 INFO             PET2 ESMF_NETCDF                 : disabled
20260731 082136.447 INFO             PET2 ESMF_PNETCDF                : disabled
20260731 082136.447 INFO             PET2 ESMF_PIO                    : disabled
20260731 082136.447 INFO             PET2 ESMF_YAMLCPP                : enabled
20260731 082136.447 INFO             PET2 esmApp STARTING
20260731 082136.594 INFO             PET2 Reading Attributes for Connector: MED-TO-OCN
20260731 082136.594 INFO             PET2 Reading Attributes for Connector: MED-TO-ATM
20260731 082136.598 INFO             PET2 Reading Attributes for Connector: OCN-TO-MED
20260731 082136.598 INFO             PET2 Reading Attributes for Connector: ATM-TO-MED
20260731 082136.601 INFO             PET2 esm: IInitAdvertise intro.
20260731 082136.601 INFO             PET2 esm: IInitAdvertise extro.
20260731 082136.632 INFO             PET2 MED-TO-ATM: InitializeIPDv05p1 intro.
20260731 082136.632 INFO             PET2 MED-TO-ATM: InitializeIPDv05p1 extro.
20260731 082136.633 INFO             PET2 esm: IInitAdvertiseFinish intro.
20260731 082136.633 INFO             PET2 esm: IInitAdvertiseFinish extro.
20260731 082136.636 INFO             PET2 MED-TO-ATM: InitializeIPDv05p2a intro.
20260731 082136.636 INFO             PET2   MED-TO-ATM:      importStandardNameList(i=  1): sea_surface_temperature
20260731 082136.636 INFO             PET2   MED-TO-ATM:         importNamespaceList(i=  1): MED:ATM
20260731 082136.636 INFO             PET2   MED-TO-ATM:            importCplSetList(i=  1): __UNSPECIFIED__
20260731 082136.636 INFO             PET2   MED-TO-ATM:      exportStandardNameList(j=  1): sea_surface_temperature
20260731 082136.636 INFO             PET2   MED-TO-ATM:         exportNamespaceList(j=  1): ATM
20260731 082136.636 INFO             PET2   MED-TO-ATM:            exportCplSetList(j=  1): __UNSPECIFIED__
20260731 082136.636 INFO             PET2   MED-TO-ATM: bondLevel= 2
20260731 082136.636 INFO             PET2   MED-TO-ATM: ProducerConnection (bondLevelMax):         2
20260731 082136.636 INFO             PET2 MED-TO-ATM: InitializeIPDv05p2a extro.
20260731 082136.640 INFO             PET2 MED-TO-ATM: InitializeIPDv05p2b intro.
20260731 082136.640 INFO             PET2   MED-TO-ATM:      importStandardNameList(i=  1): sea_surface_temperature
20260731 082136.640 INFO             PET2   MED-TO-ATM:         importNamespaceList(i=  1): MED:ATM
20260731 082136.640 INFO             PET2   MED-TO-ATM:            importCplSetList(i=  1): __UNSPECIFIED__
20260731 082136.640 INFO             PET2   MED-TO-ATM:      exportStandardNameList(j=  1): sea_surface_temperature
20260731 082136.641 INFO             PET2   MED-TO-ATM:         exportNamespaceList(j=  1): ATM
20260731 082136.641 INFO             PET2   MED-TO-ATM:            exportCplSetList(j=  1): __UNSPECIFIED__
20260731 082136.641 INFO             PET2   MED-TO-ATM: bondLevel= 2
20260731 082136.641 INFO             PET2 MED-TO-ATM: InitializeIPDv05p2b extro.
20260731 082136.643 INFO             PET2 esm: IInitModifyCplLists intro.
20260731 082136.644 INFO             PET2 esm: IInitModifyCplLists extro.
20260731 082136.648 INFO             PET2 MED-TO-ATM: InitializeIPDv05p3 intro.
20260731 082136.649 INFO             PET2   MED-TO-ATM: handle cplList(1): sea_surface_temperature, cplSetList(1): __UNSPECIFIED__
20260731 082136.649 INFO             PET2   MED-TO-ATM: - connected.
20260731 082136.650 INFO             PET2 MED-TO-ATM: InitializeIPDv05p3 extro.
20260731 082136.652 INFO             PET2 esm: InitializeIPDv02p3 intro.
20260731 082136.652 INFO             PET2   esm: IInitCheck intro.
20260731 082136.652 INFO             PET2   esm: IInitCheck extro.
20260731 082136.696 INFO             PET2   MED-TO-ATM: InitializeIPDv05p4 intro.
20260731 082136.697 INFO             PET2     MED-TO-ATM: handle cplList(1): sea_surface_temperature, cplSetList(1): __UNSPECIFIED__
20260731 082136.697 INFO             PET2     MED-TO-ATM: - nothing shared or transferred
20260731 082136.697 INFO             PET2   MED-TO-ATM: InitializeIPDv05p4 extro.
20260731 082136.702 INFO             PET2   MED-TO-ATM: InitializeIPDv05p5 intro.
20260731 082136.703 INFO             PET2     MED-TO-ATM: handle cplList(1): sea_surface_temperature, cplSetList(1): __UNSPECIFIED__
20260731 082136.703 INFO             PET2     MED-TO-ATM: - nothing shared or transferred, or may already be handled
20260731 082136.703 INFO             PET2   MED-TO-ATM: InitializeIPDv05p5 extro.
20260731 082136.705 INFO             PET2   esm: IInitRealize intro.
20260731 082136.705 INFO             PET2   esm: IInitRealize extro.
20260731 082136.707 INFO             PET2   MED-TO-ATM: InitializeIPDv05p6a intro.
20260731 082136.707 INFO             PET2   MED-TO-ATM: InitializeIPDv05p6a extro.
20260731 082137.616 INFO             PET2   MED-TO-ATM: InitializeIPDv05p6b intro.
20260731 082137.617 INFO             PET2     MED-TO-ATM: handle cplList(1): sea_surface_temperature, cplSetList(1): __UNSPECIFIED__
20260731 082137.617 INFO             PET2     MED-TO-ATM: - no Field sharing between import and export side: remap.
20260731 082137.618 DEBUG            PET2     ESMF_FieldBundleRegridStorePair(): srcField: sst dimCount= 2 rank= 2
20260731 082137.618 DEBUG            PET2     ESMF_FieldBundleRegridStorePair(): dstField: sst dimCount= 2 rank= 2
20260731 082137.618 DEBUG            PET2     ESMF_FieldBundleRegridStorePair(): Inside 'rhReuse' branch!
20260731 082137.618 DEBUG            PET2     ESMF_FieldBundleRegridStorePair(): srcGeomtype==ESMF_GEOMTYPE_GRID dimCount= 2
20260731 082137.618 DEBUG            PET2     ESMF_FieldBundleRegridStorePair(): dstGeomtype==ESMF_GEOMTYPE_GRID dimCount= 2
20260731 082137.618 DEBUG            PET2     ESMF_FieldBundleRegridStorePair(): no rhListMatch -> pre-compute new remapping!
20260731 082137.618 DEBUG            PET2     ESMF_FieldBundleRegridStorePair(): must precompute full regridding!
20260731 082137.696 INFO             PET2     MED-TO-ATM: called default label_ComputeRouteHandle
20260731 082137.696 INFO             PET2      DetermineSrcDstOverlap: sst, srcLocalPet=           2
20260731 082137.696 INFO             PET2      DetermineSrcDstOverlap: sst, dstLocalPet=           2
20260731 082137.696 INFO             PET2      DetermineSrcDstOverlap: srcDstOverlap= T
20260731 082137.696 INFO             PET2      BuildUpdatePackets: sst, srcLocalPet=           2
20260731 082137.696 INFO             PET2      BuildUpdatePackets: sst, dstLocalPet=           2
20260731 082137.696 INFO             PET2      creating new UpdatePacket for srcPetCount=           4  dstPetCount=           4
20260731 082137.696 INFO             PET2      upE%sendToPets list of size 1 :
20260731 082137.696 INFO             PET2           2
20260731 082137.696 INFO             PET2      upE%recvFromPet=           2
20260731 082137.696 INFO             PET2      after field add, now upE%fieldCount=           1
20260731 082137.696 INFO             PET2      BuildUpdatePackets: final UpdatePacket count=           1
20260731 082137.696 INFO             PET2   MED-TO-ATM: InitializeIPDv05p6b extro.
20260731 082139.142 INFO             PET2 esm: InitializeIPDv02p3 extro.
20260731 082139.142 INFO             PET2 esm: InitializeIPDv02p5 intro.
20260731 082139.143 INFO             PET2   esm: InitializeIPDv02p5Data intro.
20260731 082139.143 INFO             PET2     esm: InternalInitializeComplete intro.
20260731 082139.143 INFO             PET2     esm: InternalInitializeComplete extro.
20260731 082139.151 INFO             PET2     esm: loopDataDependentInitialize intro.
20260731 082139.151 INFO             PET2     esm: loopDataDependentInitialize extro.
20260731 082139.151 INFO             PET2   esm: InitializeIPDv02p5Data extro.
20260731 082139.151 INFO             PET2 esm: InitializeIPDv02p5 extro.
20260731 082139.152 INFO             PET2 esm: Run intro.
20260731 082139.152 INFO             PET2   >>>esm: entered Run (phase=RunPhase1) with current time: 2010  6  1  0  0  0   0
20260731 082139.152 INFO             PET2   esm: after lable_SetRunClock, current time: 2010  6  1  0  0  0   0
20260731 082139.152 INFO             PET2   esm: begin -------> RunSequence.
20260731 082139.152 INFO             PET2     esm: RunSequence event loopLevel=   2  levelMember=   1  loopIteration=   1, current time: 2010  6  1  0  0  0   0
20260731 082139.152 INFO             PET2     ------>Advancing MED from: 2010  6  1  0  0  0   0
20260731 082139.152 INFO             PET2     ---------------------> to: 2010  6  1  0  1 40   0
20260731 082139.154 INFO             PET2     MED-TO-ATM: Run intro.
20260731 082139.155 INFO             PET2     MED-TO-ATM: Run extro.
20260731 082139.155 INFO             PET2     ------>Advancing ATM from: 2010  6  1  0  0  0   0
20260731 082139.155 INFO             PET2     ---------------------> to: 2010  6  1  0  1 40   0
20260731 082139.156 INFO             PET2     ------>Advancing OCN from: 2010  6  1  0  0  0   0
20260731 082139.156 INFO             PET2     ---------------------> to: 2010  6  1  0  1 40   0
20260731 082139.157 INFO             PET2     esm: RunSequence event loopLevel=   2  levelMember=   1  loopIteration=   2, current time: 2010  6  1  0  1 40   0
20260731 082139.158 INFO             PET2     ------>Advancing MED from: 2010  6  1  0  1 40   0
20260731 082139.158 INFO             PET2     ---------------------> to: 2010  6  1  0  3 20   0
20260731 082139.159 INFO             PET2     MED-TO-ATM: Run intro.
20260731 082139.159 INFO             PET2     MED-TO-ATM: Run extro.
20260731 082139.160 INFO             PET2     ------>Advancing ATM from: 2010  6  1  0  1 40   0
20260731 082139.160 INFO             PET2     ---------------------> to: 2010  6  1  0  3 20   0
20260731 082139.160 INFO             PET2     ------>Advancing OCN from: 2010  6  1  0  1 40   0
20260731 082139.160 INFO             PET2     ---------------------> to: 2010  6  1  0  3 20   0
20260731 082139.162 INFO             PET2     esm: RunSequence event loopLevel=   1  levelMember=   1  loopIteration=   1, current time: 2010  6  1  0  0  0   0
20260731 082139.162 INFO             PET2     MED-TO-ATM: Run intro.
20260731 082139.163 INFO             PET2     MED-TO-ATM: Run extro.
20260731 082139.163 INFO             PET2     esm: RunSequence event loopLevel=   2  levelMember=   2  loopIteration=   1, current time: 2010  6  1  0  3 20   0
20260731 082139.163 INFO             PET2     ------>Advancing MED from: 2010  6  1  0  3 20   0
20260731 082139.163 INFO             PET2     ---------------------> to: 2010  6  1  0  5  0   0
20260731 082139.163 INFO             PET2     MED-TO-ATM: Run intro.
20260731 082139.164 INFO             PET2     MED-TO-ATM: Run extro.
20260731 082139.165 INFO             PET2     ------>Advancing ATM from: 2010  6  1  0  3 20   0
20260731 082139.165 INFO             PET2     ---------------------> to: 2010  6  1  0  5  0   0
20260731 082139.166 INFO             PET2     ------>Advancing OCN from: 2010  6  1  0  3 20   0
20260731 082139.166 INFO             PET2     ---------------------> to: 2010  6  1  0  5  0   0
20260731 082139.167 INFO             PET2     esm: RunSequence event loopLevel=   2  levelMember=   2  loopIteration=   2, current time: 2010  6  1  0  5  0   0
20260731 082139.168 INFO             PET2     ------>Advancing MED from: 2010  6  1  0  5  0   0
20260731 082139.168 INFO             PET2     ---------------------> to: 2010  6  1  0  6 40   0
20260731 082139.168 INFO             PET2     MED-TO-ATM: Run intro.
20260731 082139.168 INFO             PET2     MED-TO-ATM: Run extro.
20260731 082139.170 INFO             PET2     ------>Advancing ATM from: 2010  6  1  0  5  0   0
20260731 082139.170 INFO             PET2     ---------------------> to: 2010  6  1  0  6 40   0
20260731 082139.171 INFO             PET2     ------>Advancing OCN from: 2010  6  1  0  5  0   0
20260731 082139.171 INFO             PET2     ---------------------> to: 2010  6  1  0  6 40   0
20260731 082139.172 INFO             PET2     esm: RunSequence event loopLevel=   2  levelMember=   2  loopIteration=   3, current time: 2010  6  1  0  6 40   0
20260731 082139.172 INFO             PET2     ------>Advancing MED from: 2010  6  1  0  6 40   0
20260731 082139.172 INFO             PET2     ---------------------> to: 2010  6  1  0  8 20   0
20260731 082139.173 INFO             PET2     MED-TO-ATM: Run intro.
20260731 082139.173 INFO             PET2     MED-TO-ATM: Run extro.
20260731 082139.175 INFO             PET2     ------>Advancing ATM from: 2010  6  1  0  6 40   0
20260731 082139.175 INFO             PET2     ---------------------> to: 2010  6  1  0  8 20   0
20260731 082139.175 INFO             PET2     ------>Advancing OCN from: 2010  6  1  0  6 40   0
20260731 082139.175 INFO             PET2     ---------------------> to: 2010  6  1  0  8 20   0
20260731 082139.177 INFO             PET2     esm: RunSequence event loopLevel=   2  levelMember=   2  loopIteration=   4, current time: 2010  6  1  0  8 20   0
20260731 082139.177 INFO             PET2     ------>Advancing MED from: 2010  6  1  0  8 20   0
20260731 082139.177 INFO             PET2     ---------------------> to: 2010  6  1  0 10  0   0
20260731 082139.177 INFO             PET2     MED-TO-ATM: Run intro.
20260731 082139.178 INFO             PET2     MED-TO-ATM: Run extro.
20260731 082139.179 INFO             PET2     ------>Advancing ATM from: 2010  6  1  0  8 20   0
20260731 082139.179 INFO             PET2     ---------------------> to: 2010  6  1  0 10  0   0
20260731 082139.180 INFO             PET2     ------>Advancing OCN from: 2010  6  1  0  8 20   0
20260731 082139.180 INFO             PET2     ---------------------> to: 2010  6  1  0 10  0   0
20260731 082139.181 INFO             PET2     esm: RunSequence event loopLevel=   2  levelMember=   2  loopIteration=   5, current time: 2010  6  1  0 10  0   0
20260731 082139.182 INFO             PET2     ------>Advancing MED from: 2010  6  1  0 10  0   0
20260731 082139.182 INFO             PET2     ---------------------> to: 2010  6  1  0 11 40   0
20260731 082139.182 INFO             PET2     MED-TO-ATM: Run intro.
20260731 082139.182 INFO             PET2     MED-TO-ATM: Run extro.
20260731 082139.184 INFO             PET2     ------>Advancing ATM from: 2010  6  1  0 10  0   0
20260731 082139.184 INFO             PET2     ---------------------> to: 2010  6  1  0 11 40   0
20260731 082139.184 INFO             PET2     ------>Advancing OCN from: 2010  6  1  0 10  0   0
20260731 082139.184 INFO             PET2     ---------------------> to: 2010  6  1  0 11 40   0
20260731 082139.186 INFO             PET2     esm: RunSequence event loopLevel=   2  levelMember=   2  loopIteration=   6, current time: 2010  6  1  0 11 40   0
20260731 082139.186 INFO             PET2     ------>Advancing MED from: 2010  6  1  0 11 40   0
20260731 082139.186 INFO             PET2     ---------------------> to: 2010  6  1  0 13 20   0
20260731 082139.187 INFO             PET2     MED-TO-ATM: Run intro.
20260731 082139.187 INFO             PET2     MED-TO-ATM: Run extro.
20260731 082139.188 INFO             PET2     ------>Advancing ATM from: 2010  6  1  0 11 40   0
20260731 082139.189 INFO             PET2     ---------------------> to: 2010  6  1  0 13 20   0
20260731 082139.189 INFO             PET2     ------>Advancing OCN from: 2010  6  1  0 11 40   0
20260731 082139.189 INFO             PET2     ---------------------> to: 2010  6  1  0 13 20   0
20260731 082139.191 INFO             PET2     esm: RunSequence event loopLevel=   2  levelMember=   2  loopIteration=   7, current time: 2010  6  1  0 13 20   0
20260731 082139.191 INFO             PET2     ------>Advancing MED from: 2010  6  1  0 13 20   0
20260731 082139.191 INFO             PET2     ---------------------> to: 2010  6  1  0 15  0   0
20260731 082139.191 INFO             PET2     MED-TO-ATM: Run intro.
20260731 082139.192 INFO             PET2     MED-TO-ATM: Run extro.
20260731 082139.193 INFO             PET2     ------>Advancing ATM from: 2010  6  1  0 13 20   0
20260731 082139.193 INFO             PET2     ---------------------> to: 2010  6  1  0 15  0   0
20260731 082139.194 INFO             PET2     ------>Advancing OCN from: 2010  6  1  0 13 20   0
20260731 082139.194 INFO             PET2     ---------------------> to: 2010  6  1  0 15  0   0
20260731 082139.195 INFO             PET2     esm: RunSequence event loopLevel=   1  levelMember=   1  loopIteration=   1, current time: 2010  6  1  0  0  0   0
20260731 082139.196 INFO             PET2     esm: RunSequence event loopLevel=   1  levelMember=   1  loopIteration=   2, current time: 2010  6  1  0 15  0   0
20260731 082139.196 INFO             PET2     esm: RunSequence event loopLevel=   2  levelMember=   1  loopIteration=   1, current time: 2010  6  1  0 15  0   0
20260731 082139.197 INFO             PET2     ------>Advancing MED from: 2010  6  1  0 15  0   0
20260731 082139.197 INFO             PET2     ---------------------> to: 2010  6  1  0 16 40   0
20260731 082139.198 INFO             PET2     MED-TO-ATM: Run intro.
20260731 082139.198 INFO             PET2     MED-TO-ATM: Run extro.
20260731 082139.199 INFO             PET2     ------>Advancing ATM from: 2010  6  1  0 15  0   0
20260731 082139.199 INFO             PET2     ---------------------> to: 2010  6  1  0 16 40   0
20260731 082139.199 INFO             PET2     ------>Advancing OCN from: 2010  6  1  0 15  0   0
20260731 082139.199 INFO             PET2     ---------------------> to: 2010  6  1  0 16 40   0
20260731 082139.201 INFO             PET2     esm: RunSequence event loopLevel=   2  levelMember=   1  loopIteration=   2, current time: 2010  6  1  0 16 40   0
20260731 082139.201 INFO             PET2     ------>Advancing MED from: 2010  6  1  0 16 40   0
20260731 082139.201 INFO             PET2     ---------------------> to: 2010  6  1  0 18 20   0
20260731 082139.203 INFO             PET2     MED-TO-ATM: Run intro.
20260731 082139.203 INFO             PET2     MED-TO-ATM: Run extro.
20260731 082139.203 INFO             PET2     ------>Advancing ATM from: 2010  6  1  0 16 40   0
20260731 082139.203 INFO             PET2     ---------------------> to: 2010  6  1  0 18 20   0
20260731 082139.204 INFO             PET2     ------>Advancing OCN from: 2010  6  1  0 16 40   0
20260731 082139.204 INFO             PET2     ---------------------> to: 2010  6  1  0 18 20   0
20260731 082139.205 INFO             PET2     esm: RunSequence event loopLevel=   2  levelMember=   1  loopIteration=   3, current time: 2010  6  1  0 18 20   0
20260731 082139.206 INFO             PET2     ------>Advancing MED from: 2010  6  1  0 18 20   0
20260731 082139.206 INFO             PET2     ---------------------> to: 2010  6  1  0 20  0   0
20260731 082139.207 INFO             PET2     MED-TO-ATM: Run intro.
20260731 082139.208 INFO             PET2     MED-TO-ATM: Run extro.
20260731 082139.208 INFO             PET2     ------>Advancing ATM from: 2010  6  1  0 18 20   0
20260731 082139.208 INFO             PET2     ---------------------> to: 2010  6  1  0 20  0   0
20260731 082139.209 INFO             PET2     ------>Advancing OCN from: 2010  6  1  0 18 20   0
20260731 082139.209 INFO             PET2     ---------------------> to: 2010  6  1  0 20  0   0
20260731 082139.210 INFO             PET2     esm: RunSequence event loopLevel=   2  levelMember=   1  loopIteration=   4, current time: 2010  6  1  0 20  0   0
20260731 082139.211 INFO             PET2     ------>Advancing MED from: 2010  6  1  0 20  0   0
20260731 082139.211 INFO             PET2     ---------------------> to: 2010  6  1  0 21 40   0
20260731 082139.212 INFO             PET2     MED-TO-ATM: Run intro.
20260731 082139.212 INFO             PET2     MED-TO-ATM: Run extro.
20260731 082139.213 INFO             PET2     ------>Advancing ATM from: 2010  6  1  0 20  0   0
20260731 082139.213 INFO             PET2     ---------------------> to: 2010  6  1  0 21 40   0
20260731 082139.213 INFO             PET2     ------>Advancing OCN from: 2010  6  1  0 20  0   0
20260731 082139.213 INFO             PET2     ---------------------> to: 2010  6  1  0 21 40   0
20260731 082139.215 INFO             PET2     esm: RunSequence event loopLevel=   2  levelMember=   1  loopIteration=   5, current time: 2010  6  1  0 21 40   0
20260731 082139.215 INFO             PET2     ------>Advancing MED from: 2010  6  1  0 21 40   0
20260731 082139.215 INFO             PET2     ---------------------> to: 2010  6  1  0 23 20   0
20260731 082139.217 INFO             PET2     MED-TO-ATM: Run intro.
20260731 082139.217 INFO             PET2     MED-TO-ATM: Run extro.
20260731 082139.217 INFO             PET2     ------>Advancing ATM from: 2010  6  1  0 21 40   0
20260731 082139.217 INFO             PET2     ---------------------> to: 2010  6  1  0 23 20   0
20260731 082139.218 INFO             PET2     ------>Advancing OCN from: 2010  6  1  0 21 40   0
20260731 082139.218 INFO             PET2     ---------------------> to: 2010  6  1  0 23 20   0
20260731 082139.219 INFO             PET2     esm: RunSequence event loopLevel=   2  levelMember=   1  loopIteration=   6, current time: 2010  6  1  0 23 20   0
20260731 082139.220 INFO             PET2     ------>Advancing MED from: 2010  6  1  0 23 20   0
20260731 082139.220 INFO             PET2     ---------------------> to: 2010  6  1  0 25  0   0
20260731 082139.221 INFO             PET2     MED-TO-ATM: Run intro.
20260731 082139.221 INFO             PET2     MED-TO-ATM: Run extro.
20260731 082139.222 INFO             PET2     ------>Advancing ATM from: 2010  6  1  0 23 20   0
20260731 082139.222 INFO             PET2     ---------------------> to: 2010  6  1  0 25  0   0
20260731 082139.222 INFO             PET2     ------>Advancing OCN from: 2010  6  1  0 23 20   0
20260731 082139.223 INFO             PET2     ---------------------> to: 2010  6  1  0 25  0   0
20260731 082139.224 INFO             PET2     esm: RunSequence event loopLevel=   2  levelMember=   1  loopIteration=   7, current time: 2010  6  1  0 25  0   0
20260731 082139.224 INFO             PET2     ------>Advancing MED from: 2010  6  1  0 25  0   0
20260731 082139.224 INFO             PET2     ---------------------> to: 2010  6  1  0 26 40   0
20260731 082139.226 INFO             PET2     MED-TO-ATM: Run intro.
20260731 082139.226 INFO             PET2     MED-TO-ATM: Run extro.
20260731 082139.227 INFO             PET2     ------>Advancing ATM from: 2010  6  1  0 25  0   0
20260731 082139.227 INFO             PET2     ---------------------> to: 2010  6  1  0 26 40   0
20260731 082139.227 INFO             PET2     ------>Advancing OCN from: 2010  6  1  0 25  0   0
20260731 082139.227 INFO             PET2     ---------------------> to: 2010  6  1  0 26 40   0
20260731 082139.229 INFO             PET2     esm: RunSequence event loopLevel=   2  levelMember=   1  loopIteration=   8, current time: 2010  6  1  0 26 40   0
20260731 082139.229 INFO             PET2     ------>Advancing MED from: 2010  6  1  0 26 40   0
20260731 082139.229 INFO             PET2     ---------------------> to: 2010  6  1  0 28 20   0
20260731 082139.230 INFO             PET2     MED-TO-ATM: Run intro.
20260731 082139.231 INFO             PET2     MED-TO-ATM: Run extro.
20260731 082139.231 INFO             PET2     ------>Advancing ATM from: 2010  6  1  0 26 40   0
20260731 082139.231 INFO             PET2     ---------------------> to: 2010  6  1  0 28 20   0
20260731 082139.232 INFO             PET2     ------>Advancing OCN from: 2010  6  1  0 26 40   0
20260731 082139.232 INFO             PET2     ---------------------> to: 2010  6  1  0 28 20   0
20260731 082139.233 INFO             PET2     esm: RunSequence event loopLevel=   2  levelMember=   1  loopIteration=   9, current time: 2010  6  1  0 28 20   0
20260731 082139.234 INFO             PET2     ------>Advancing MED from: 2010  6  1  0 28 20   0
20260731 082139.234 INFO             PET2     ---------------------> to: 2010  6  1  0 30  0   0
20260731 082139.235 INFO             PET2     MED-TO-ATM: Run intro.
20260731 082139.235 INFO             PET2     MED-TO-ATM: Run extro.
20260731 082139.236 INFO             PET2     ------>Advancing ATM from: 2010  6  1  0 28 20   0
20260731 082139.236 INFO             PET2     ---------------------> to: 2010  6  1  0 30  0   0
20260731 082139.236 INFO             PET2     ------>Advancing OCN from: 2010  6  1  0 28 20   0
20260731 082139.236 INFO             PET2     ---------------------> to: 2010  6  1  0 30  0   0
20260731 082139.238 INFO             PET2     esm: RunSequence event loopLevel=   1  levelMember=   1  loopIteration=   2, current time: 2010  6  1  0 15  0   0
20260731 082139.238 INFO             PET2     MED-TO-ATM: Run intro.
20260731 082139.239 INFO             PET2     MED-TO-ATM: Run extro.
20260731 082139.239 INFO             PET2     esm: RunSequence event loopLevel=   2  levelMember=   2  loopIteration=   1, current time: 2010  6  1  0 30  0   0
20260731 082139.239 INFO             PET2     ------>Advancing MED from: 2010  6  1  0 30  0   0
20260731 082139.239 INFO             PET2     ---------------------> to: 2010  6  1  0 31 40   0
20260731 082139.240 INFO             PET2     MED-TO-ATM: Run intro.
20260731 082139.240 INFO             PET2     MED-TO-ATM: Run extro.
20260731 082139.241 INFO             PET2     ------>Advancing ATM from: 2010  6  1  0 30  0   0
20260731 082139.241 INFO             PET2     ---------------------> to: 2010  6  1  0 31 40   0
20260731 082139.242 INFO             PET2     OCN: detected import field at invalidTime
20260731 082139.242 INFO             PET2     OCN: detected import field at invalidTime
20260731 082139.242 INFO             PET2     ------>Advancing OCN from: 2010  6  1  0 30  0   0
20260731 082139.242 INFO             PET2     ---------------------> to: 2010  6  1  0 31 40   0
20260731 082139.243 INFO             PET2     esm: RunSequence event loopLevel=   2  levelMember=   2  loopIteration=   2, current time: 2010  6  1  0 31 40   0
20260731 082139.244 INFO             PET2     ------>Advancing MED from: 2010  6  1  0 31 40   0
20260731 082139.244 INFO             PET2     ---------------------> to: 2010  6  1  0 33 20   0
20260731 082139.244 INFO             PET2     MED-TO-ATM: Run intro.
20260731 082139.245 INFO             PET2     MED-TO-ATM: Run extro.
20260731 082139.246 INFO             PET2     ------>Advancing ATM from: 2010  6  1  0 31 40   0
20260731 082139.246 INFO             PET2     ---------------------> to: 2010  6  1  0 33 20   0
20260731 082139.247 INFO             PET2     ------>Advancing OCN from: 2010  6  1  0 31 40   0
20260731 082139.247 INFO             PET2     ---------------------> to: 2010  6  1  0 33 20   0
20260731 082139.248 INFO             PET2     esm: RunSequence event loopLevel=   2  levelMember=   2  loopIteration=   3, current time: 2010  6  1  0 33 20   0
20260731 082139.248 INFO             PET2     ------>Advancing MED from: 2010  6  1  0 33 20   0
20260731 082139.248 INFO             PET2     ---------------------> to: 2010  6  1  0 35  0   0
20260731 082139.249 INFO             PET2     MED-TO-ATM: Run intro.
20260731 082139.249 INFO             PET2     MED-TO-ATM: Run extro.
20260731 082139.251 INFO             PET2     ------>Advancing ATM from: 2010  6  1  0 33 20   0
20260731 082139.251 INFO             PET2     ---------------------> to: 2010  6  1  0 35  0   0
20260731 082139.251 INFO             PET2     ------>Advancing OCN from: 2010  6  1  0 33 20   0
20260731 082139.251 INFO             PET2     ---------------------> to: 2010  6  1  0 35  0   0
20260731 082139.253 INFO             PET2     esm: RunSequence event loopLevel=   2  levelMember=   2  loopIteration=   4, current time: 2010  6  1  0 35  0   0
20260731 082139.253 INFO             PET2     ------>Advancing MED from: 2010  6  1  0 35  0   0
20260731 082139.253 INFO             PET2     ---------------------> to: 2010  6  1  0 36 40   0
20260731 082139.253 INFO             PET2     MED-TO-ATM: Run intro.
20260731 082139.254 INFO             PET2     MED-TO-ATM: Run extro.
20260731 082139.255 INFO             PET2     ------>Advancing ATM from: 2010  6  1  0 35  0   0
20260731 082139.255 INFO             PET2     ---------------------> to: 2010  6  1  0 36 40   0
20260731 082139.256 INFO             PET2     ------>Advancing OCN from: 2010  6  1  0 35  0   0
20260731 082139.256 INFO             PET2     ---------------------> to: 2010  6  1  0 36 40   0
20260731 082139.257 INFO             PET2     esm: RunSequence event loopLevel=   2  levelMember=   2  loopIteration=   5, current time: 2010  6  1  0 36 40   0
20260731 082139.258 INFO             PET2     ------>Advancing MED from: 2010  6  1  0 36 40   0
20260731 082139.258 INFO             PET2     ---------------------> to: 2010  6  1  0 38 20   0
20260731 082139.258 INFO             PET2     MED-TO-ATM: Run intro.
20260731 082139.258 INFO             PET2     MED-TO-ATM: Run extro.
20260731 082139.260 INFO             PET2     ------>Advancing ATM from: 2010  6  1  0 36 40   0
20260731 082139.260 INFO             PET2     ---------------------> to: 2010  6  1  0 38 20   0
20260731 082139.260 INFO             PET2     ------>Advancing OCN from: 2010  6  1  0 36 40   0
20260731 082139.260 INFO             PET2     ---------------------> to: 2010  6  1  0 38 20   0
20260731 082139.262 INFO             PET2     esm: RunSequence event loopLevel=   2  levelMember=   2  loopIteration=   6, current time: 2010  6  1  0 38 20   0
20260731 082139.262 INFO             PET2     ------>Advancing MED from: 2010  6  1  0 38 20   0
20260731 082139.262 INFO             PET2     ---------------------> to: 2010  6  1  0 40  0   0
20260731 082139.263 INFO             PET2     MED-TO-ATM: Run intro.
20260731 082139.263 INFO             PET2     MED-TO-ATM: Run extro.
20260731 082139.265 INFO             PET2     ------>Advancing ATM from: 2010  6  1  0 38 20   0
20260731 082139.265 INFO             PET2     ---------------------> to: 2010  6  1  0 40  0   0
20260731 082139.265 INFO             PET2     ------>Advancing OCN from: 2010  6  1  0 38 20   0
20260731 082139.265 INFO             PET2     ---------------------> to: 2010  6  1  0 40  0   0
20260731 082139.267 INFO             PET2     esm: RunSequence event loopLevel=   2  levelMember=   2  loopIteration=   7, current time: 2010  6  1  0 40  0   0
20260731 082139.267 INFO             PET2     ------>Advancing MED from: 2010  6  1  0 40  0   0
20260731 082139.267 INFO             PET2     ---------------------> to: 2010  6  1  0 41 40   0
20260731 082139.267 INFO             PET2     MED-TO-ATM: Run intro.
20260731 082139.268 INFO             PET2     MED-TO-ATM: Run extro.
20260731 082139.269 INFO             PET2     ------>Advancing ATM from: 2010  6  1  0 40  0   0
20260731 082139.269 INFO             PET2     ---------------------> to: 2010  6  1  0 41 40   0
20260731 082139.270 INFO             PET2     ------>Advancing OCN from: 2010  6  1  0 40  0   0
20260731 082139.270 INFO             PET2     ---------------------> to: 2010  6  1  0 41 40   0
20260731 082139.271 INFO             PET2     esm: RunSequence event loopLevel=   2  levelMember=   2  loopIteration=   8, current time: 2010  6  1  0 41 40   0
20260731 082139.272 INFO             PET2     ------>Advancing MED from: 2010  6  1  0 41 40   0
20260731 082139.272 INFO             PET2     ---------------------> to: 2010  6  1  0 43 20   0
20260731 082139.272 INFO             PET2     MED-TO-ATM: Run intro.
20260731 082139.272 INFO             PET2     MED-TO-ATM: Run extro.
20260731 082139.274 INFO             PET2     ------>Advancing ATM from: 2010  6  1  0 41 40   0
20260731 082139.274 INFO             PET2     ---------------------> to: 2010  6  1  0 43 20   0
20260731 082139.274 INFO             PET2     ------>Advancing OCN from: 2010  6  1  0 41 40   0
20260731 082139.274 INFO             PET2     ---------------------> to: 2010  6  1  0 43 20   0
20260731 082139.276 INFO             PET2     esm: RunSequence event loopLevel=   2  levelMember=   2  loopIteration=   9, current time: 2010  6  1  0 43 20   0
20260731 082139.276 INFO             PET2     ------>Advancing MED from: 2010  6  1  0 43 20   0
20260731 082139.276 INFO             PET2     ---------------------> to: 2010  6  1  0 45  0   0
20260731 082139.277 INFO             PET2     MED-TO-ATM: Run intro.
20260731 082139.277 INFO             PET2     MED-TO-ATM: Run extro.
20260731 082139.279 INFO             PET2     ------>Advancing ATM from: 2010  6  1  0 43 20   0
20260731 082139.279 INFO             PET2     ---------------------> to: 2010  6  1  0 45  0   0
20260731 082139.279 INFO             PET2     ------>Advancing OCN from: 2010  6  1  0 43 20   0
20260731 082139.279 INFO             PET2     ---------------------> to: 2010  6  1  0 45  0   0
20260731 082139.281 INFO             PET2     esm: RunSequence event loopLevel=   1  levelMember=   1  loopIteration=   2, current time: 2010  6  1  0 15  0   0
20260731 082139.281 INFO             PET2   esm: end <--------- RunSequence
20260731 082139.281 INFO             PET2   <<<esm: leaving Run (phase=RunPhase1) with current time: 2010  6  1  0 30  0   0
20260731 082139.281 INFO             PET2 esm: Run extro.
20260731 082139.282 INFO             PET2 esm: Finalize intro.
20260731 082139.283 INFO             PET2   MED-TO-ATM: Finalize intro.
20260731 082139.283 INFO             PET2   MED-TO-ATM: Finalize extro.
20260731 082139.285 INFO             PET2 esm: Finalize extro.
20260731 082139.285 INFO             PET2 esmApp FINISHED
20260731 082139.285 INFO             PET2  Finalizing ESMF
20260731 082136.446 INFO             PET3 !!!!!!!!!!!!!!!!!!!!!!!!!!!!!!!!!!!!!!!!!!!!!!!!!!!!!!
20260731 082136.447 INFO             PET3 !!! THE ESMF_LOG IS SET TO OUTPUT ALL LOG MESSAGES !!!
20260731 082136.447 INFO             PET3 !!!     THIS MAY CAUSE SLOWDOWN IN PERFORMANCE     !!!
20260731 082136.447 INFO             PET3 !!! FOR PRODUCTION RUNS, USE:                      !!!
20260731 082136.447 INFO             PET3 !!!                   ESMF_LOGKIND_Multi_On_Error  !!!
20260731 082136.447 INFO             PET3 !!!!!!!!!!!!!!!!!!!!!!!!!!!!!!!!!!!!!!!!!!!!!!!!!!!!!!
20260731 082136.447 INFO             PET3 Running with ESMF Version   : develop+g02ff1b231d
20260731 082136.447 INFO             PET3 ESMF library build date/time: "Jul 31 2026" "07:24:41"
20260731 082136.447 INFO             PET3 ESMF library build location : /scratch3/NCEPDEV/stmp/Gerhard.Theurich/ESMF-Nightly-Testing-Hera/gfortran_13.2.0_openmpi_g_develop/esmf
20260731 082136.447 INFO             PET3 ESMF_COMM                   : openmpi
20260731 082136.447 INFO             PET3 ESMF_MOAB                   : enabled
20260731 082136.447 INFO             PET3 ESMF_LAPACK                 : enabled
20260731 082136.447 INFO             PET3 ESMF_NETCDF                 : disabled
20260731 082136.447 INFO             PET3 ESMF_PNETCDF                : disabled
20260731 082136.447 INFO             PET3 ESMF_PIO                    : disabled
20260731 082136.447 INFO             PET3 ESMF_YAMLCPP                : enabled
20260731 082136.447 INFO             PET3 esmApp STARTING
20260731 082136.594 INFO             PET3 Reading Attributes for Connector: MED-TO-OCN
20260731 082136.594 INFO             PET3 Reading Attributes for Connector: MED-TO-ATM
20260731 082136.598 INFO             PET3 Reading Attributes for Connector: OCN-TO-MED
20260731 082136.598 INFO             PET3 Reading Attributes for Connector: ATM-TO-MED
20260731 082136.601 INFO             PET3 esm: IInitAdvertise intro.
20260731 082136.601 INFO             PET3 esm: IInitAdvertise extro.
20260731 082136.632 INFO             PET3 MED-TO-ATM: InitializeIPDv05p1 intro.
20260731 082136.632 INFO             PET3 MED-TO-ATM: InitializeIPDv05p1 extro.
20260731 082136.633 INFO             PET3 esm: IInitAdvertiseFinish intro.
20260731 082136.633 INFO             PET3 esm: IInitAdvertiseFinish extro.
20260731 082136.636 INFO             PET3 MED-TO-ATM: InitializeIPDv05p2a intro.
20260731 082136.636 INFO             PET3   MED-TO-ATM:      importStandardNameList(i=  1): sea_surface_temperature
20260731 082136.636 INFO             PET3   MED-TO-ATM:         importNamespaceList(i=  1): MED:ATM
20260731 082136.636 INFO             PET3   MED-TO-ATM:            importCplSetList(i=  1): __UNSPECIFIED__
20260731 082136.636 INFO             PET3   MED-TO-ATM:      exportStandardNameList(j=  1): sea_surface_temperature
20260731 082136.636 INFO             PET3   MED-TO-ATM:         exportNamespaceList(j=  1): ATM
20260731 082136.636 INFO             PET3   MED-TO-ATM:            exportCplSetList(j=  1): __UNSPECIFIED__
20260731 082136.636 INFO             PET3   MED-TO-ATM: bondLevel= 2
20260731 082136.636 INFO             PET3   MED-TO-ATM: ProducerConnection (bondLevelMax):         2
20260731 082136.636 INFO             PET3 MED-TO-ATM: InitializeIPDv05p2a extro.
20260731 082136.640 INFO             PET3 MED-TO-ATM: InitializeIPDv05p2b intro.
20260731 082136.640 INFO             PET3   MED-TO-ATM:      importStandardNameList(i=  1): sea_surface_temperature
20260731 082136.640 INFO             PET3   MED-TO-ATM:         importNamespaceList(i=  1): MED:ATM
20260731 082136.640 INFO             PET3   MED-TO-ATM:            importCplSetList(i=  1): __UNSPECIFIED__
20260731 082136.640 INFO             PET3   MED-TO-ATM:      exportStandardNameList(j=  1): sea_surface_temperature
20260731 082136.641 INFO             PET3   MED-TO-ATM:         exportNamespaceList(j=  1): ATM
20260731 082136.641 INFO             PET3   MED-TO-ATM:            exportCplSetList(j=  1): __UNSPECIFIED__
20260731 082136.641 INFO             PET3   MED-TO-ATM: bondLevel= 2
20260731 082136.641 INFO             PET3 MED-TO-ATM: InitializeIPDv05p2b extro.
20260731 082136.642 INFO             PET3 esm: IInitModifyCplLists intro.
20260731 082136.644 INFO             PET3 esm: IInitModifyCplLists extro.
20260731 082136.648 INFO             PET3 MED-TO-ATM: InitializeIPDv05p3 intro.
20260731 082136.649 INFO             PET3   MED-TO-ATM: handle cplList(1): sea_surface_temperature, cplSetList(1): __UNSPECIFIED__
20260731 082136.649 INFO             PET3   MED-TO-ATM: - connected.
20260731 082136.650 INFO             PET3 MED-TO-ATM: InitializeIPDv05p3 extro.
20260731 082136.652 INFO             PET3 esm: InitializeIPDv02p3 intro.
20260731 082136.652 INFO             PET3   esm: IInitCheck intro.
20260731 082136.652 INFO             PET3   esm: IInitCheck extro.
20260731 082136.696 INFO             PET3   MED-TO-ATM: InitializeIPDv05p4 intro.
20260731 082136.697 INFO             PET3     MED-TO-ATM: handle cplList(1): sea_surface_temperature, cplSetList(1): __UNSPECIFIED__
20260731 082136.697 INFO             PET3     MED-TO-ATM: - nothing shared or transferred
20260731 082136.697 INFO             PET3   MED-TO-ATM: InitializeIPDv05p4 extro.
20260731 082136.702 INFO             PET3   MED-TO-ATM: InitializeIPDv05p5 intro.
20260731 082136.703 INFO             PET3     MED-TO-ATM: handle cplList(1): sea_surface_temperature, cplSetList(1): __UNSPECIFIED__
20260731 082136.703 INFO             PET3     MED-TO-ATM: - nothing shared or transferred, or may already be handled
20260731 082136.703 INFO             PET3   MED-TO-ATM: InitializeIPDv05p5 extro.
20260731 082136.705 INFO             PET3   esm: IInitRealize intro.
20260731 082136.705 INFO             PET3   esm: IInitRealize extro.
20260731 082136.707 INFO             PET3   MED-TO-ATM: InitializeIPDv05p6a intro.
20260731 082136.707 INFO             PET3   MED-TO-ATM: InitializeIPDv05p6a extro.
20260731 082137.616 INFO             PET3   MED-TO-ATM: InitializeIPDv05p6b intro.
20260731 082137.617 INFO             PET3     MED-TO-ATM: handle cplList(1): sea_surface_temperature, cplSetList(1): __UNSPECIFIED__
20260731 082137.617 INFO             PET3     MED-TO-ATM: - no Field sharing between import and export side: remap.
20260731 082137.618 DEBUG            PET3     ESMF_FieldBundleRegridStorePair(): srcField: sst dimCount= 2 rank= 2
20260731 082137.618 DEBUG            PET3     ESMF_FieldBundleRegridStorePair(): dstField: sst dimCount= 2 rank= 2
20260731 082137.618 DEBUG            PET3     ESMF_FieldBundleRegridStorePair(): Inside 'rhReuse' branch!
20260731 082137.618 DEBUG            PET3     ESMF_FieldBundleRegridStorePair(): srcGeomtype==ESMF_GEOMTYPE_GRID dimCount= 2
20260731 082137.618 DEBUG            PET3     ESMF_FieldBundleRegridStorePair(): dstGeomtype==ESMF_GEOMTYPE_GRID dimCount= 2
20260731 082137.618 DEBUG            PET3     ESMF_FieldBundleRegridStorePair(): no rhListMatch -> pre-compute new remapping!
20260731 082137.618 DEBUG            PET3     ESMF_FieldBundleRegridStorePair(): must precompute full regridding!
20260731 082137.696 INFO             PET3     MED-TO-ATM: called default label_ComputeRouteHandle
20260731 082137.696 INFO             PET3      DetermineSrcDstOverlap: sst, srcLocalPet=           3
20260731 082137.696 INFO             PET3      DetermineSrcDstOverlap: sst, dstLocalPet=           3
20260731 082137.696 INFO             PET3      DetermineSrcDstOverlap: srcDstOverlap= T
20260731 082137.696 INFO             PET3      BuildUpdatePackets: sst, srcLocalPet=           3
20260731 082137.696 INFO             PET3      BuildUpdatePackets: sst, dstLocalPet=           3
20260731 082137.696 INFO             PET3      creating new UpdatePacket for srcPetCount=           4  dstPetCount=           4
20260731 082137.696 INFO             PET3      upE%sendToPets list of size 1 :
20260731 082137.696 INFO             PET3           3
20260731 082137.696 INFO             PET3      upE%recvFromPet=           3
20260731 082137.696 INFO             PET3      after field add, now upE%fieldCount=           1
20260731 082137.696 INFO             PET3      BuildUpdatePackets: final UpdatePacket count=           1
20260731 082137.696 INFO             PET3   MED-TO-ATM: InitializeIPDv05p6b extro.
20260731 082139.142 INFO             PET3 esm: InitializeIPDv02p3 extro.
20260731 082139.142 INFO             PET3 esm: InitializeIPDv02p5 intro.
20260731 082139.142 INFO             PET3   esm: InitializeIPDv02p5Data intro.
20260731 082139.143 INFO             PET3     esm: InternalInitializeComplete intro.
20260731 082139.143 INFO             PET3     esm: InternalInitializeComplete extro.
20260731 082139.151 INFO             PET3     esm: loopDataDependentInitialize intro.
20260731 082139.151 INFO             PET3     esm: loopDataDependentInitialize extro.
20260731 082139.151 INFO             PET3   esm: InitializeIPDv02p5Data extro.
20260731 082139.151 INFO             PET3 esm: InitializeIPDv02p5 extro.
20260731 082139.152 INFO             PET3 esm: Run intro.
20260731 082139.152 INFO             PET3   >>>esm: entered Run (phase=RunPhase1) with current time: 2010  6  1  0  0  0   0
20260731 082139.152 INFO             PET3   esm: after lable_SetRunClock, current time: 2010  6  1  0  0  0   0
20260731 082139.152 INFO             PET3   esm: begin -------> RunSequence.
20260731 082139.152 INFO             PET3     esm: RunSequence event loopLevel=   2  levelMember=   1  loopIteration=   1, current time: 2010  6  1  0  0  0   0
20260731 082139.152 INFO             PET3     ------>Advancing MED from: 2010  6  1  0  0  0   0
20260731 082139.153 INFO             PET3     ---------------------> to: 2010  6  1  0  1 40   0
20260731 082139.154 INFO             PET3     MED-TO-ATM: Run intro.
20260731 082139.155 INFO             PET3     MED-TO-ATM: Run extro.
20260731 082139.155 INFO             PET3     ------>Advancing ATM from: 2010  6  1  0  0  0   0
20260731 082139.155 INFO             PET3     ---------------------> to: 2010  6  1  0  1 40   0
20260731 082139.156 INFO             PET3     ------>Advancing OCN from: 2010  6  1  0  0  0   0
20260731 082139.156 INFO             PET3     ---------------------> to: 2010  6  1  0  1 40   0
20260731 082139.157 INFO             PET3     esm: RunSequence event loopLevel=   2  levelMember=   1  loopIteration=   2, current time: 2010  6  1  0  1 40   0
20260731 082139.158 INFO             PET3     ------>Advancing MED from: 2010  6  1  0  1 40   0
20260731 082139.158 INFO             PET3     ---------------------> to: 2010  6  1  0  3 20   0
20260731 082139.159 INFO             PET3     MED-TO-ATM: Run intro.
20260731 082139.159 INFO             PET3     MED-TO-ATM: Run extro.
20260731 082139.160 INFO             PET3     ------>Advancing ATM from: 2010  6  1  0  1 40   0
20260731 082139.160 INFO             PET3     ---------------------> to: 2010  6  1  0  3 20   0
20260731 082139.160 INFO             PET3     ------>Advancing OCN from: 2010  6  1  0  1 40   0
20260731 082139.160 INFO             PET3     ---------------------> to: 2010  6  1  0  3 20   0
20260731 082139.162 INFO             PET3     esm: RunSequence event loopLevel=   1  levelMember=   1  loopIteration=   1, current time: 2010  6  1  0  0  0   0
20260731 082139.162 INFO             PET3     MED-TO-ATM: Run intro.
20260731 082139.162 INFO             PET3     MED-TO-ATM: Run extro.
20260731 082139.163 INFO             PET3     esm: RunSequence event loopLevel=   2  levelMember=   2  loopIteration=   1, current time: 2010  6  1  0  3 20   0
20260731 082139.163 INFO             PET3     ------>Advancing MED from: 2010  6  1  0  3 20   0
20260731 082139.163 INFO             PET3     ---------------------> to: 2010  6  1  0  5  0   0
20260731 082139.163 INFO             PET3     MED-TO-ATM: Run intro.
20260731 082139.164 INFO             PET3     MED-TO-ATM: Run extro.
20260731 082139.165 INFO             PET3     ------>Advancing ATM from: 2010  6  1  0  3 20   0
20260731 082139.165 INFO             PET3     ---------------------> to: 2010  6  1  0  5  0   0
20260731 082139.166 INFO             PET3     ------>Advancing OCN from: 2010  6  1  0  3 20   0
20260731 082139.166 INFO             PET3     ---------------------> to: 2010  6  1  0  5  0   0
20260731 082139.167 INFO             PET3     esm: RunSequence event loopLevel=   2  levelMember=   2  loopIteration=   2, current time: 2010  6  1  0  5  0   0
20260731 082139.168 INFO             PET3     ------>Advancing MED from: 2010  6  1  0  5  0   0
20260731 082139.168 INFO             PET3     ---------------------> to: 2010  6  1  0  6 40   0
20260731 082139.168 INFO             PET3     MED-TO-ATM: Run intro.
20260731 082139.168 INFO             PET3     MED-TO-ATM: Run extro.
20260731 082139.170 INFO             PET3     ------>Advancing ATM from: 2010  6  1  0  5  0   0
20260731 082139.170 INFO             PET3     ---------------------> to: 2010  6  1  0  6 40   0
20260731 082139.170 INFO             PET3     ------>Advancing OCN from: 2010  6  1  0  5  0   0
20260731 082139.171 INFO             PET3     ---------------------> to: 2010  6  1  0  6 40   0
20260731 082139.172 INFO             PET3     esm: RunSequence event loopLevel=   2  levelMember=   2  loopIteration=   3, current time: 2010  6  1  0  6 40   0
20260731 082139.172 INFO             PET3     ------>Advancing MED from: 2010  6  1  0  6 40   0
20260731 082139.172 INFO             PET3     ---------------------> to: 2010  6  1  0  8 20   0
20260731 082139.173 INFO             PET3     MED-TO-ATM: Run intro.
20260731 082139.173 INFO             PET3     MED-TO-ATM: Run extro.
20260731 082139.175 INFO             PET3     ------>Advancing ATM from: 2010  6  1  0  6 40   0
20260731 082139.175 INFO             PET3     ---------------------> to: 2010  6  1  0  8 20   0
20260731 082139.175 INFO             PET3     ------>Advancing OCN from: 2010  6  1  0  6 40   0
20260731 082139.175 INFO             PET3     ---------------------> to: 2010  6  1  0  8 20   0
20260731 082139.177 INFO             PET3     esm: RunSequence event loopLevel=   2  levelMember=   2  loopIteration=   4, current time: 2010  6  1  0  8 20   0
20260731 082139.177 INFO             PET3     ------>Advancing MED from: 2010  6  1  0  8 20   0
20260731 082139.177 INFO             PET3     ---------------------> to: 2010  6  1  0 10  0   0
20260731 082139.177 INFO             PET3     MED-TO-ATM: Run intro.
20260731 082139.178 INFO             PET3     MED-TO-ATM: Run extro.
20260731 082139.179 INFO             PET3     ------>Advancing ATM from: 2010  6  1  0  8 20   0
20260731 082139.179 INFO             PET3     ---------------------> to: 2010  6  1  0 10  0   0
20260731 082139.180 INFO             PET3     ------>Advancing OCN from: 2010  6  1  0  8 20   0
20260731 082139.180 INFO             PET3     ---------------------> to: 2010  6  1  0 10  0   0
20260731 082139.181 INFO             PET3     esm: RunSequence event loopLevel=   2  levelMember=   2  loopIteration=   5, current time: 2010  6  1  0 10  0   0
20260731 082139.182 INFO             PET3     ------>Advancing MED from: 2010  6  1  0 10  0   0
20260731 082139.182 INFO             PET3     ---------------------> to: 2010  6  1  0 11 40   0
20260731 082139.182 INFO             PET3     MED-TO-ATM: Run intro.
20260731 082139.182 INFO             PET3     MED-TO-ATM: Run extro.
20260731 082139.184 INFO             PET3     ------>Advancing ATM from: 2010  6  1  0 10  0   0
20260731 082139.184 INFO             PET3     ---------------------> to: 2010  6  1  0 11 40   0
20260731 082139.184 INFO             PET3     ------>Advancing OCN from: 2010  6  1  0 10  0   0
20260731 082139.184 INFO             PET3     ---------------------> to: 2010  6  1  0 11 40   0
20260731 082139.186 INFO             PET3     esm: RunSequence event loopLevel=   2  levelMember=   2  loopIteration=   6, current time: 2010  6  1  0 11 40   0
20260731 082139.186 INFO             PET3     ------>Advancing MED from: 2010  6  1  0 11 40   0
20260731 082139.186 INFO             PET3     ---------------------> to: 2010  6  1  0 13 20   0
20260731 082139.187 INFO             PET3     MED-TO-ATM: Run intro.
20260731 082139.187 INFO             PET3     MED-TO-ATM: Run extro.
20260731 082139.188 INFO             PET3     ------>Advancing ATM from: 2010  6  1  0 11 40   0
20260731 082139.188 INFO             PET3     ---------------------> to: 2010  6  1  0 13 20   0
20260731 082139.189 INFO             PET3     ------>Advancing OCN from: 2010  6  1  0 11 40   0
20260731 082139.189 INFO             PET3     ---------------------> to: 2010  6  1  0 13 20   0
20260731 082139.191 INFO             PET3     esm: RunSequence event loopLevel=   2  levelMember=   2  loopIteration=   7, current time: 2010  6  1  0 13 20   0
20260731 082139.191 INFO             PET3     ------>Advancing MED from: 2010  6  1  0 13 20   0
20260731 082139.191 INFO             PET3     ---------------------> to: 2010  6  1  0 15  0   0
20260731 082139.191 INFO             PET3     MED-TO-ATM: Run intro.
20260731 082139.192 INFO             PET3     MED-TO-ATM: Run extro.
20260731 082139.193 INFO             PET3     ------>Advancing ATM from: 2010  6  1  0 13 20   0
20260731 082139.193 INFO             PET3     ---------------------> to: 2010  6  1  0 15  0   0
20260731 082139.194 INFO             PET3     ------>Advancing OCN from: 2010  6  1  0 13 20   0
20260731 082139.194 INFO             PET3     ---------------------> to: 2010  6  1  0 15  0   0
20260731 082139.195 INFO             PET3     esm: RunSequence event loopLevel=   1  levelMember=   1  loopIteration=   1, current time: 2010  6  1  0  0  0   0
20260731 082139.196 INFO             PET3     esm: RunSequence event loopLevel=   1  levelMember=   1  loopIteration=   2, current time: 2010  6  1  0 15  0   0
20260731 082139.196 INFO             PET3     esm: RunSequence event loopLevel=   2  levelMember=   1  loopIteration=   1, current time: 2010  6  1  0 15  0   0
20260731 082139.197 INFO             PET3     ------>Advancing MED from: 2010  6  1  0 15  0   0
20260731 082139.197 INFO             PET3     ---------------------> to: 2010  6  1  0 16 40   0
20260731 082139.198 INFO             PET3     MED-TO-ATM: Run intro.
20260731 082139.198 INFO             PET3     MED-TO-ATM: Run extro.
20260731 082139.199 INFO             PET3     ------>Advancing ATM from: 2010  6  1  0 15  0   0
20260731 082139.199 INFO             PET3     ---------------------> to: 2010  6  1  0 16 40   0
20260731 082139.199 INFO             PET3     ------>Advancing OCN from: 2010  6  1  0 15  0   0
20260731 082139.199 INFO             PET3     ---------------------> to: 2010  6  1  0 16 40   0
20260731 082139.201 INFO             PET3     esm: RunSequence event loopLevel=   2  levelMember=   1  loopIteration=   2, current time: 2010  6  1  0 16 40   0
20260731 082139.201 INFO             PET3     ------>Advancing MED from: 2010  6  1  0 16 40   0
20260731 082139.201 INFO             PET3     ---------------------> to: 2010  6  1  0 18 20   0
20260731 082139.203 INFO             PET3     MED-TO-ATM: Run intro.
20260731 082139.203 INFO             PET3     MED-TO-ATM: Run extro.
20260731 082139.203 INFO             PET3     ------>Advancing ATM from: 2010  6  1  0 16 40   0
20260731 082139.203 INFO             PET3     ---------------------> to: 2010  6  1  0 18 20   0
20260731 082139.204 INFO             PET3     ------>Advancing OCN from: 2010  6  1  0 16 40   0
20260731 082139.204 INFO             PET3     ---------------------> to: 2010  6  1  0 18 20   0
20260731 082139.205 INFO             PET3     esm: RunSequence event loopLevel=   2  levelMember=   1  loopIteration=   3, current time: 2010  6  1  0 18 20   0
20260731 082139.206 INFO             PET3     ------>Advancing MED from: 2010  6  1  0 18 20   0
20260731 082139.206 INFO             PET3     ---------------------> to: 2010  6  1  0 20  0   0
20260731 082139.207 INFO             PET3     MED-TO-ATM: Run intro.
20260731 082139.207 INFO             PET3     MED-TO-ATM: Run extro.
20260731 082139.208 INFO             PET3     ------>Advancing ATM from: 2010  6  1  0 18 20   0
20260731 082139.208 INFO             PET3     ---------------------> to: 2010  6  1  0 20  0   0
20260731 082139.209 INFO             PET3     ------>Advancing OCN from: 2010  6  1  0 18 20   0
20260731 082139.209 INFO             PET3     ---------------------> to: 2010  6  1  0 20  0   0
20260731 082139.210 INFO             PET3     esm: RunSequence event loopLevel=   2  levelMember=   1  loopIteration=   4, current time: 2010  6  1  0 20  0   0
20260731 082139.211 INFO             PET3     ------>Advancing MED from: 2010  6  1  0 20  0   0
20260731 082139.211 INFO             PET3     ---------------------> to: 2010  6  1  0 21 40   0
20260731 082139.212 INFO             PET3     MED-TO-ATM: Run intro.
20260731 082139.212 INFO             PET3     MED-TO-ATM: Run extro.
20260731 082139.213 INFO             PET3     ------>Advancing ATM from: 2010  6  1  0 20  0   0
20260731 082139.213 INFO             PET3     ---------------------> to: 2010  6  1  0 21 40   0
20260731 082139.213 INFO             PET3     ------>Advancing OCN from: 2010  6  1  0 20  0   0
20260731 082139.213 INFO             PET3     ---------------------> to: 2010  6  1  0 21 40   0
20260731 082139.215 INFO             PET3     esm: RunSequence event loopLevel=   2  levelMember=   1  loopIteration=   5, current time: 2010  6  1  0 21 40   0
20260731 082139.215 INFO             PET3     ------>Advancing MED from: 2010  6  1  0 21 40   0
20260731 082139.215 INFO             PET3     ---------------------> to: 2010  6  1  0 23 20   0
20260731 082139.217 INFO             PET3     MED-TO-ATM: Run intro.
20260731 082139.217 INFO             PET3     MED-TO-ATM: Run extro.
20260731 082139.217 INFO             PET3     ------>Advancing ATM from: 2010  6  1  0 21 40   0
20260731 082139.217 INFO             PET3     ---------------------> to: 2010  6  1  0 23 20   0
20260731 082139.218 INFO             PET3     ------>Advancing OCN from: 2010  6  1  0 21 40   0
20260731 082139.218 INFO             PET3     ---------------------> to: 2010  6  1  0 23 20   0
20260731 082139.219 INFO             PET3     esm: RunSequence event loopLevel=   2  levelMember=   1  loopIteration=   6, current time: 2010  6  1  0 23 20   0
20260731 082139.220 INFO             PET3     ------>Advancing MED from: 2010  6  1  0 23 20   0
20260731 082139.220 INFO             PET3     ---------------------> to: 2010  6  1  0 25  0   0
20260731 082139.221 INFO             PET3     MED-TO-ATM: Run intro.
20260731 082139.221 INFO             PET3     MED-TO-ATM: Run extro.
20260731 082139.222 INFO             PET3     ------>Advancing ATM from: 2010  6  1  0 23 20   0
20260731 082139.222 INFO             PET3     ---------------------> to: 2010  6  1  0 25  0   0
20260731 082139.222 INFO             PET3     ------>Advancing OCN from: 2010  6  1  0 23 20   0
20260731 082139.222 INFO             PET3     ---------------------> to: 2010  6  1  0 25  0   0
20260731 082139.224 INFO             PET3     esm: RunSequence event loopLevel=   2  levelMember=   1  loopIteration=   7, current time: 2010  6  1  0 25  0   0
20260731 082139.224 INFO             PET3     ------>Advancing MED from: 2010  6  1  0 25  0   0
20260731 082139.224 INFO             PET3     ---------------------> to: 2010  6  1  0 26 40   0
20260731 082139.226 INFO             PET3     MED-TO-ATM: Run intro.
20260731 082139.226 INFO             PET3     MED-TO-ATM: Run extro.
20260731 082139.227 INFO             PET3     ------>Advancing ATM from: 2010  6  1  0 25  0   0
20260731 082139.227 INFO             PET3     ---------------------> to: 2010  6  1  0 26 40   0
20260731 082139.227 INFO             PET3     ------>Advancing OCN from: 2010  6  1  0 25  0   0
20260731 082139.227 INFO             PET3     ---------------------> to: 2010  6  1  0 26 40   0
20260731 082139.229 INFO             PET3     esm: RunSequence event loopLevel=   2  levelMember=   1  loopIteration=   8, current time: 2010  6  1  0 26 40   0
20260731 082139.229 INFO             PET3     ------>Advancing MED from: 2010  6  1  0 26 40   0
20260731 082139.229 INFO             PET3     ---------------------> to: 2010  6  1  0 28 20   0
20260731 082139.230 INFO             PET3     MED-TO-ATM: Run intro.
20260731 082139.231 INFO             PET3     MED-TO-ATM: Run extro.
20260731 082139.231 INFO             PET3     ------>Advancing ATM from: 2010  6  1  0 26 40   0
20260731 082139.231 INFO             PET3     ---------------------> to: 2010  6  1  0 28 20   0
20260731 082139.232 INFO             PET3     ------>Advancing OCN from: 2010  6  1  0 26 40   0
20260731 082139.232 INFO             PET3     ---------------------> to: 2010  6  1  0 28 20   0
20260731 082139.233 INFO             PET3     esm: RunSequence event loopLevel=   2  levelMember=   1  loopIteration=   9, current time: 2010  6  1  0 28 20   0
20260731 082139.234 INFO             PET3     ------>Advancing MED from: 2010  6  1  0 28 20   0
20260731 082139.234 INFO             PET3     ---------------------> to: 2010  6  1  0 30  0   0
20260731 082139.235 INFO             PET3     MED-TO-ATM: Run intro.
20260731 082139.235 INFO             PET3     MED-TO-ATM: Run extro.
20260731 082139.236 INFO             PET3     ------>Advancing ATM from: 2010  6  1  0 28 20   0
20260731 082139.236 INFO             PET3     ---------------------> to: 2010  6  1  0 30  0   0
20260731 082139.236 INFO             PET3     ------>Advancing OCN from: 2010  6  1  0 28 20   0
20260731 082139.236 INFO             PET3     ---------------------> to: 2010  6  1  0 30  0   0
20260731 082139.238 INFO             PET3     esm: RunSequence event loopLevel=   1  levelMember=   1  loopIteration=   2, current time: 2010  6  1  0 15  0   0
20260731 082139.238 INFO             PET3     MED-TO-ATM: Run intro.
20260731 082139.239 INFO             PET3     MED-TO-ATM: Run extro.
20260731 082139.239 INFO             PET3     esm: RunSequence event loopLevel=   2  levelMember=   2  loopIteration=   1, current time: 2010  6  1  0 30  0   0
20260731 082139.239 INFO             PET3     ------>Advancing MED from: 2010  6  1  0 30  0   0
20260731 082139.239 INFO             PET3     ---------------------> to: 2010  6  1  0 31 40   0
20260731 082139.240 INFO             PET3     MED-TO-ATM: Run intro.
20260731 082139.240 INFO             PET3     MED-TO-ATM: Run extro.
20260731 082139.241 INFO             PET3     ------>Advancing ATM from: 2010  6  1  0 30  0   0
20260731 082139.241 INFO             PET3     ---------------------> to: 2010  6  1  0 31 40   0
20260731 082139.242 INFO             PET3     OCN: detected import field at invalidTime
20260731 082139.242 INFO             PET3     OCN: detected import field at invalidTime
20260731 082139.242 INFO             PET3     ------>Advancing OCN from: 2010  6  1  0 30  0   0
20260731 082139.242 INFO             PET3     ---------------------> to: 2010  6  1  0 31 40   0
20260731 082139.243 INFO             PET3     esm: RunSequence event loopLevel=   2  levelMember=   2  loopIteration=   2, current time: 2010  6  1  0 31 40   0
20260731 082139.244 INFO             PET3     ------>Advancing MED from: 2010  6  1  0 31 40   0
20260731 082139.244 INFO             PET3     ---------------------> to: 2010  6  1  0 33 20   0
20260731 082139.244 INFO             PET3     MED-TO-ATM: Run intro.
20260731 082139.244 INFO             PET3     MED-TO-ATM: Run extro.
20260731 082139.246 INFO             PET3     ------>Advancing ATM from: 2010  6  1  0 31 40   0
20260731 082139.246 INFO             PET3     ---------------------> to: 2010  6  1  0 33 20   0
20260731 082139.247 INFO             PET3     ------>Advancing OCN from: 2010  6  1  0 31 40   0
20260731 082139.247 INFO             PET3     ---------------------> to: 2010  6  1  0 33 20   0
20260731 082139.248 INFO             PET3     esm: RunSequence event loopLevel=   2  levelMember=   2  loopIteration=   3, current time: 2010  6  1  0 33 20   0
20260731 082139.248 INFO             PET3     ------>Advancing MED from: 2010  6  1  0 33 20   0
20260731 082139.248 INFO             PET3     ---------------------> to: 2010  6  1  0 35  0   0
20260731 082139.249 INFO             PET3     MED-TO-ATM: Run intro.
20260731 082139.249 INFO             PET3     MED-TO-ATM: Run extro.
20260731 082139.251 INFO             PET3     ------>Advancing ATM from: 2010  6  1  0 33 20   0
20260731 082139.251 INFO             PET3     ---------------------> to: 2010  6  1  0 35  0   0
20260731 082139.251 INFO             PET3     ------>Advancing OCN from: 2010  6  1  0 33 20   0
20260731 082139.251 INFO             PET3     ---------------------> to: 2010  6  1  0 35  0   0
20260731 082139.253 INFO             PET3     esm: RunSequence event loopLevel=   2  levelMember=   2  loopIteration=   4, current time: 2010  6  1  0 35  0   0
20260731 082139.253 INFO             PET3     ------>Advancing MED from: 2010  6  1  0 35  0   0
20260731 082139.253 INFO             PET3     ---------------------> to: 2010  6  1  0 36 40   0
20260731 082139.253 INFO             PET3     MED-TO-ATM: Run intro.
20260731 082139.254 INFO             PET3     MED-TO-ATM: Run extro.
20260731 082139.255 INFO             PET3     ------>Advancing ATM from: 2010  6  1  0 35  0   0
20260731 082139.255 INFO             PET3     ---------------------> to: 2010  6  1  0 36 40   0
20260731 082139.256 INFO             PET3     ------>Advancing OCN from: 2010  6  1  0 35  0   0
20260731 082139.256 INFO             PET3     ---------------------> to: 2010  6  1  0 36 40   0
20260731 082139.257 INFO             PET3     esm: RunSequence event loopLevel=   2  levelMember=   2  loopIteration=   5, current time: 2010  6  1  0 36 40   0
20260731 082139.258 INFO             PET3     ------>Advancing MED from: 2010  6  1  0 36 40   0
20260731 082139.258 INFO             PET3     ---------------------> to: 2010  6  1  0 38 20   0
20260731 082139.258 INFO             PET3     MED-TO-ATM: Run intro.
20260731 082139.258 INFO             PET3     MED-TO-ATM: Run extro.
20260731 082139.260 INFO             PET3     ------>Advancing ATM from: 2010  6  1  0 36 40   0
20260731 082139.260 INFO             PET3     ---------------------> to: 2010  6  1  0 38 20   0
20260731 082139.260 INFO             PET3     ------>Advancing OCN from: 2010  6  1  0 36 40   0
20260731 082139.260 INFO             PET3     ---------------------> to: 2010  6  1  0 38 20   0
20260731 082139.262 INFO             PET3     esm: RunSequence event loopLevel=   2  levelMember=   2  loopIteration=   6, current time: 2010  6  1  0 38 20   0
20260731 082139.262 INFO             PET3     ------>Advancing MED from: 2010  6  1  0 38 20   0
20260731 082139.262 INFO             PET3     ---------------------> to: 2010  6  1  0 40  0   0
20260731 082139.263 INFO             PET3     MED-TO-ATM: Run intro.
20260731 082139.263 INFO             PET3     MED-TO-ATM: Run extro.
20260731 082139.265 INFO             PET3     ------>Advancing ATM from: 2010  6  1  0 38 20   0
20260731 082139.265 INFO             PET3     ---------------------> to: 2010  6  1  0 40  0   0
20260731 082139.265 INFO             PET3     ------>Advancing OCN from: 2010  6  1  0 38 20   0
20260731 082139.265 INFO             PET3     ---------------------> to: 2010  6  1  0 40  0   0
20260731 082139.267 INFO             PET3     esm: RunSequence event loopLevel=   2  levelMember=   2  loopIteration=   7, current time: 2010  6  1  0 40  0   0
20260731 082139.267 INFO             PET3     ------>Advancing MED from: 2010  6  1  0 40  0   0
20260731 082139.267 INFO             PET3     ---------------------> to: 2010  6  1  0 41 40   0
20260731 082139.267 INFO             PET3     MED-TO-ATM: Run intro.
20260731 082139.268 INFO             PET3     MED-TO-ATM: Run extro.
20260731 082139.269 INFO             PET3     ------>Advancing ATM from: 2010  6  1  0 40  0   0
20260731 082139.269 INFO             PET3     ---------------------> to: 2010  6  1  0 41 40   0
20260731 082139.270 INFO             PET3     ------>Advancing OCN from: 2010  6  1  0 40  0   0
20260731 082139.270 INFO             PET3     ---------------------> to: 2010  6  1  0 41 40   0
20260731 082139.271 INFO             PET3     esm: RunSequence event loopLevel=   2  levelMember=   2  loopIteration=   8, current time: 2010  6  1  0 41 40   0
20260731 082139.272 INFO             PET3     ------>Advancing MED from: 2010  6  1  0 41 40   0
20260731 082139.272 INFO             PET3     ---------------------> to: 2010  6  1  0 43 20   0
20260731 082139.272 INFO             PET3     MED-TO-ATM: Run intro.
20260731 082139.272 INFO             PET3     MED-TO-ATM: Run extro.
20260731 082139.274 INFO             PET3     ------>Advancing ATM from: 2010  6  1  0 41 40   0
20260731 082139.274 INFO             PET3     ---------------------> to: 2010  6  1  0 43 20   0
20260731 082139.274 INFO             PET3     ------>Advancing OCN from: 2010  6  1  0 41 40   0
20260731 082139.274 INFO             PET3     ---------------------> to: 2010  6  1  0 43 20   0
20260731 082139.276 INFO             PET3     esm: RunSequence event loopLevel=   2  levelMember=   2  loopIteration=   9, current time: 2010  6  1  0 43 20   0
20260731 082139.276 INFO             PET3     ------>Advancing MED from: 2010  6  1  0 43 20   0
20260731 082139.276 INFO             PET3     ---------------------> to: 2010  6  1  0 45  0   0
20260731 082139.277 INFO             PET3     MED-TO-ATM: Run intro.
20260731 082139.277 INFO             PET3     MED-TO-ATM: Run extro.
20260731 082139.278 INFO             PET3     ------>Advancing ATM from: 2010  6  1  0 43 20   0
20260731 082139.279 INFO             PET3     ---------------------> to: 2010  6  1  0 45  0   0
20260731 082139.279 INFO             PET3     ------>Advancing OCN from: 2010  6  1  0 43 20   0
20260731 082139.279 INFO             PET3     ---------------------> to: 2010  6  1  0 45  0   0
20260731 082139.281 INFO             PET3     esm: RunSequence event loopLevel=   1  levelMember=   1  loopIteration=   2, current time: 2010  6  1  0 15  0   0
20260731 082139.281 INFO             PET3   esm: end <--------- RunSequence
20260731 082139.281 INFO             PET3   <<<esm: leaving Run (phase=RunPhase1) with current time: 2010  6  1  0 30  0   0
20260731 082139.281 INFO             PET3 esm: Run extro.
20260731 082139.282 INFO             PET3 esm: Finalize intro.
20260731 082139.283 INFO             PET3   MED-TO-ATM: Finalize intro.
20260731 082139.283 INFO             PET3   MED-TO-ATM: Finalize extro.
20260731 082139.285 INFO             PET3 esm: Finalize extro.
20260731 082139.285 INFO             PET3 esmApp FINISHED
20260731 082139.285 INFO             PET3  Finalizing ESMF
